timestamp,region,node,node_type,interface_id,if_role,rx_bytes_rate,tx_bytes_rate,rx_packets_rate,tx_packets_rate,rx_drop_rate,tx_drop_rate,rx_error_rate,tx_error_rate,carrier_changes
2026-07-28 15:11:00,ccf-aiops-西安,br-1,br,ens10,NULL,0,0,0,0,0,0,0,0,0
2026-07-28 15:11:00,ccf-aiops-西安,br-1,br,ens11,NULL,0,0,0,0,0,0,0,0,0
2026-07-28 15:11:00,ccf-aiops-西安,br-1,br,ens12,NULL,0,0,0,0,0,0,0,0,0
2026-07-28 15:11:00,ccf-aiops-西安,br-1,br,ens3,NULL,366.75555555555553,136.93333333333334,3.711111111111111,1.3555555555555554,0,0,0,0,0
2026-07-28 15:11:00,ccf-aiops-西安,br-1,br,ens4,backbone,835.5777777777778,317.6444444444444,7.466666666666667,2.933333333333333,0,0,0,0,0
2026-07-28 15:11:00,ccf-aiops-西安,br-1,br,ens5,backbone,456.97777777777776,2628.4444444444443,4.088888888888889,4.5777777777777775,0,0,0,0,0
2026-07-28 15:11:00,ccf-aiops-西安,br-1,br,ens6,NULL,0,0,0,0,0,0,0,0,0
2026-07-28 15:11:00,ccf-aiops-西安,br-1,br,ens7,NULL,0,0,0,0,0,0,0,0,0
2026-07-28 15:11:00,ccf-aiops-西安,br-1,br,ens8,NULL,0,0,0,0,0,0,0,0,0
2026-07-28 15:11:00,ccf-aiops-西安,br-1,br,ens9,NULL,0,0,0,0,0,0,0,0,0
2026-07-28 15:11:00,ccf-aiops-西安,br-2,br,ens10,NULL,0,0,0,0,0,0,0,0,0
2026-07-28 15:11:00,ccf-aiops-西安,br-2,br,ens11,NULL,0,0,0,0,0,0,0,0,0
2026-07-28 15:11:00,ccf-aiops-西安,br-2,br,ens12,NULL,0,0,0,0,0,0,0,0,0
2026-07-28 15:11:00,ccf-aiops-西安,br-2,br,ens3,NULL,136.4,0,1.0666666666666667,0,0.04444444444444444,0,0,0,0
2026-07-28 15:11:00,ccf-aiops-西安,br-2,br,ens4,backbone,643.7333333333333,225.86666666666667,6.288888888888889,2.1333333333333333,0,0,0,0,0
2026-07-28 15:11:00,ccf-aiops-西安,br-2,br,ens5,backbone,370.51111111111106,2854.4666666666667,3.3333333333333335,3.3333333333333335,0,0,0,0,0
2026-07-28 15:11:00,ccf-aiops-西安,br-2,br,ens6,NULL,0,0,0,0,0,0,0,0,0
2026-07-28 15:11:00,ccf-aiops-西安,br-2,br,ens7,NULL,0,0,0,0,0,0,0,0,0
2026-07-28 15:11:00,ccf-aiops-西安,br-2,br,ens8,NULL,0,0,0,0,0,0,0,0,0
2026-07-28 15:11:00,ccf-aiops-西安,br-2,br,ens9,NULL,0,0,0,0,0,0,0,0,0
2026-07-28 15:11:00,ccf-aiops-西安,cr-1,cr,ens10,NULL,0,0,0,0,0,0,0,0,0
2026-07-28 15:11:00,ccf-aiops-西安,cr-1,cr,ens11,NULL,0,0,0,0,0,0,0,0,0
2026-07-28 15:11:00,ccf-aiops-西安,cr-1,cr,ens12,NULL,0,0,0,0,0,0,0,0,0
2026-07-28 15:11:00,ccf-aiops-西安,cr-1,cr,ens3,NULL,115.02222222222221,0,0.9555555555555555,0,0,0,0,0,0
2026-07-28 15:11:00,ccf-aiops-西安,cr-1,cr,ens4,backbone,2050.866666666667,136.04444444444442,3.622222222222222,1.2,0,0,0,0,0
2026-07-28 15:11:00,ccf-aiops-西安,cr-1,cr,ens5,backbone,466.26666666666665,4353.2444444444445,4.088888888888889,6.355555555555555,0,0,0,0,0
2026-07-28 15:11:00,ccf-aiops-西安,cr-1,cr,ens6,NULL,0,0,0,0,0,0,0,0,0
2026-07-28 15:11:00,ccf-aiops-西安,cr-1,cr,ens7,NULL,0,0,0,0,0,0,0,0,0
2026-07-28 15:11:00,ccf-aiops-西安,cr-1,cr,ens8,NULL,0,0,0,0,0,0,0,0,0
2026-07-28 15:11:00,ccf-aiops-西安,cr-1,cr,ens9,NULL,0,0,0,0,0,0,0,0,0
2026-07-28 15:11:00,ccf-aiops-西安,cr-2,cr,ens10,NULL,0,0,0,0,0,0,0,0,0
2026-07-28 15:11:00,ccf-aiops-西安,cr-2,cr,ens11,NULL,0,0,0,0,0,0,0,0,0
2026-07-28 15:11:00,ccf-aiops-西安,cr-2,cr,ens12,NULL,0,0,0,0,0,0,0,0,0
2026-07-28 15:11:00,ccf-aiops-西安,cr-2,cr,ens3,NULL,123.37777777777777,0,0.9777777777777777,0,0,0,0,0,0
2026-07-28 15:11:00,ccf-aiops-西安,cr-2,cr,ens4,backbone,3547.8888888888887,617.5333333333333,4.422222222222222,5.555555555555556,0,0,0,0,0
2026-07-28 15:11:00,ccf-aiops-西安,cr-2,cr,ens5,backbone,740.2,6367.555555555556,6.6,5.9333333333333345,0,0,0,0,0
2026-07-28 15:11:00,ccf-aiops-西安,cr-2,cr,ens6,NULL,0,0,0,0,0,0,0,0,0
2026-07-28 15:11:00,ccf-aiops-西安,cr-2,cr,ens7,NULL,0,0,0,0,0,0,0,0,0
2026-07-28 15:11:00,ccf-aiops-西安,cr-2,cr,ens8,NULL,0,0,0,0,0,0,0,0,0
2026-07-28 15:11:00,ccf-aiops-西安,cr-2,cr,ens9,NULL,0,0,0,0,0,0,0,0,0
2026-07-28 15:11:00,ccf-aiops-西安,fw,firewall,ens3,NULL,318.31417965189945,182.5416231355725,2.2450930268744305,1.155889479182875,0,0,0,0,0
2026-07-28 15:11:00,ccf-aiops-西安,fw,firewall,ens4,backbone,9818.925467357238,1086.7806255140374,11.469980216506992,9.558316847089161,0,0,0,0,0
2026-07-28 15:11:00,ccf-aiops-西安,fw,firewall,ens5,business,1150.6879765265521,10963.100451241471,10.114032942850157,11.55889479182875,0,0,0,0,0
2026-07-28 15:11:00,ccf-aiops-西安,fw,firewall,ens6,NULL,0,0,0,0,0,0,0,0,0
2026-07-28 15:11:00,ccf-aiops-西安,monitor-vm,collector,ens3,NULL,260.35555555555555,68.93333333333334,2.533333333333333,0.6888888888888888,0,0,0,0,0
2026-07-28 15:11:00,ccf-aiops-西安,monitor-vm,collector,ens4,mgmt,29490.44444444444,1015.0888888888888,11.933333333333334,8.91111111111111,0,0,0,0,0
2026-07-28 15:11:00,ccf-aiops-西安,monitor-vm,collector,ens5,NULL,0,0,0,0,0,0,0,0,0
2026-07-28 15:11:00,ccf-aiops-西安,monitor-vm,collector,ens6,NULL,0,0,0,0,0,0,0,0,0
2026-07-28 15:11:00,ccf-aiops-西安,probe-vm,probe,ens3,NULL,129.0222222222222,0,1.0666666666666667,0,0,0,0,0,0
2026-07-28 15:11:00,ccf-aiops-西安,probe-vm,probe,ens4,business,61.64444444444444,1162.9333333333334,0.4666666666666667,0.26666666666666666,0,0,0,0,0
2026-07-28 15:11:00,ccf-aiops-西安,probe-vm,probe,ens5,NULL,0,0,0,0,0,0,0,0,0
2026-07-28 15:11:00,ccf-aiops-西安,probe-vm,probe,ens6,NULL,0,0,0,0,0,0,0,0,0
2026-07-28 15:11:00,ccf-aiops-西安,service-vm-1,service,ens3,NULL,442.8,170.93333333333334,4.51111111111111,1.6888888888888889,0,0,0,0,0
2026-07-28 15:11:00,ccf-aiops-西安,service-vm-1,service,ens4,service,108.88888888888889,1187.8444444444442,0.8888888888888888,0.4,0,0,0,0,0
2026-07-28 15:11:00,ccf-aiops-西安,service-vm-1,service,ens5,NULL,0,0,0,0,0,0,0,0,0
2026-07-28 15:11:00,ccf-aiops-西安,service-vm-1,service,ens6,NULL,0,0,0,0,0,0,0,0,0
2026-07-28 15:11:00,ccf-aiops-西安,service-vm-2,service,ens3,NULL,140.93333333333334,62.35555555555555,0.6666666666666666,0.31111111111111106,0,0,0,0,0
2026-07-28 15:11:00,ccf-aiops-西安,service-vm-2,service,ens4,service,60.35555555555555,1176.0444444444443,0.5111111111111111,0.3555555555555555,0,0,0,0,0
2026-07-28 15:11:00,ccf-aiops-西安,service-vm-2,service,ens5,NULL,0,0,0,0,0,0,0,0,0
2026-07-28 15:11:00,ccf-aiops-西安,service-vm-2,service,ens6,NULL,0,0,0,0,0,0,0,0,0
2026-07-28 15:11:00,ccf-aiops-西安,service-vm-3,service,ens3,NULL,122.3111111111111,61.822222222222216,0.5777777777777777,0.31111111111111106,0,0,0,0,0
2026-07-28 15:11:00,ccf-aiops-西安,service-vm-3,service,ens4,service,80.75555555555555,1174.9555555555555,0.6888888888888888,0.3777777777777777,0,0,0,0,0
2026-07-28 15:11:00,ccf-aiops-西安,service-vm-3,service,ens5,NULL,0,0,0,0,0,0,0,0,0
2026-07-28 15:11:00,ccf-aiops-西安,service-vm-3,service,ens6,NULL,0,0,0,0,0,0,0,0,0
2026-07-28 15:11:00,ccf-aiops-西安,traffic-vm,traffic,ens3,NULL,296.17777777777775,130.35555555555555,2.6444444444444444,0.9777777777777777,0,0,0,0,0
2026-07-28 15:11:00,ccf-aiops-西安,traffic-vm,traffic,ens4,business,707.5555555555554,14319.333333333334,5.4,5.422222222222222,0,0,0,0,0
2026-07-28 15:11:00,ccf-aiops-西安,traffic-vm,traffic,ens5,NULL,0,0,0,0,0,0,0,0,0
2026-07-28 15:11:00,ccf-aiops-西安,traffic-vm,traffic,ens6,NULL,0,0,0,0,0,0,0,0,0
2026-07-28 15:12:00,ccf-aiops-西安,br-1,br,ens10,NULL,0,0,0,0,0,0,0,0,0
2026-07-28 15:12:00,ccf-aiops-西安,br-1,br,ens11,NULL,0,0,0,0,0,0,0,0,0
2026-07-28 15:12:00,ccf-aiops-西安,br-1,br,ens12,NULL,0,0,0,0,0,0,0,0,0
2026-07-28 15:12:00,ccf-aiops-西安,br-1,br,ens3,NULL,447.6,250.2222222222222,4.222222222222222,1.8888888888888888,0,0,0,0,0
2026-07-28 15:12:00,ccf-aiops-西安,br-1,br,ens4,backbone,867,776874.2444444444,7.9111111111111105,524.5555555555555,0,0,0,0,0
2026-07-28 15:12:00,ccf-aiops-西安,br-1,br,ens5,backbone,777005.1777777778,2671.244444444444,525.6666666666666,4.888888888888888,0,0,0,0,0
2026-07-28 15:12:00,ccf-aiops-西安,br-1,br,ens6,NULL,0,0,0,0,0,0,0,0,0
2026-07-28 15:12:00,ccf-aiops-西安,br-1,br,ens7,NULL,0,0,0,0,0,0,0,0,0
2026-07-28 15:12:00,ccf-aiops-西安,br-1,br,ens8,NULL,0,0,0,0,0,0,0,0,0
2026-07-28 15:12:00,ccf-aiops-西安,br-1,br,ens9,NULL,0,0,0,0,0,0,0,0,0
2026-07-28 15:12:00,ccf-aiops-西安,br-2,br,ens10,NULL,0,0,0,0,0,0,0,0,0
2026-07-28 15:12:00,ccf-aiops-西安,br-2,br,ens11,NULL,0,0,0,0,0,0,0,0,0
2026-07-28 15:12:00,ccf-aiops-西安,br-2,br,ens12,NULL,0,0,0,0,0,0,0,0,0
2026-07-28 15:12:00,ccf-aiops-西安,br-2,br,ens3,NULL,215.64444444444445,114.22222222222221,1.4666666666666666,0.5555555555555555,0.04444444444444444,0,0,0,0
2026-07-28 15:12:00,ccf-aiops-西安,br-2,br,ens4,backbone,684.911111111111,3578245.066666667,6.51111111111111,2404.511111111111,0,0,0,0,0
2026-07-28 15:12:00,ccf-aiops-西安,br-2,br,ens5,backbone,3578370.2444444443,2454.511111111111,2405.4888888888886,3.6888888888888887,0,0,0,0,0
2026-07-28 15:12:00,ccf-aiops-西安,br-2,br,ens6,NULL,0,0,0,0,0,0,0,0,0
2026-07-28 15:12:00,ccf-aiops-西安,br-2,br,ens7,NULL,0,0,0,0,0,0,0,0,0
2026-07-28 15:12:00,ccf-aiops-西安,br-2,br,ens8,NULL,0,0,0,0,0,0,0,0,0
2026-07-28 15:12:00,ccf-aiops-西安,br-2,br,ens9,NULL,0,0,0,0,0,0,0,0,0
2026-07-28 15:12:00,ccf-aiops-西安,cr-1,cr,ens10,NULL,0,0,0,0,0,0,0,0,0
2026-07-28 15:12:00,ccf-aiops-西安,cr-1,cr,ens11,NULL,0,0,0,0,0,0,0,0,0
2026-07-28 15:12:00,ccf-aiops-西安,cr-1,cr,ens12,NULL,0,0,0,0,0,0,0,0,0
2026-07-28 15:12:00,ccf-aiops-西安,cr-1,cr,ens3,NULL,100.3111111111111,0,0.9111111111111111,0,0,0,0,0,0
2026-07-28 15:12:00,ccf-aiops-西安,cr-1,cr,ens4,backbone,1624.9333333333334,162.33333333333334,4.5777777777777775,1.4444444444444442,0,0,0,0,0
2026-07-28 15:12:00,ccf-aiops-西安,cr-1,cr,ens5,backbone,4652481.288888888,4655693.222222222,3127.0666666666666,3129.866666666667,0,0,0,0,0
2026-07-28 15:12:00,ccf-aiops-西安,cr-1,cr,ens6,NULL,0,0,0,0,0,0,0,0,0
2026-07-28 15:12:00,ccf-aiops-西安,cr-1,cr,ens7,NULL,0,0,0,0,0,0,0,0,0
2026-07-28 15:12:00,ccf-aiops-西安,cr-1,cr,ens8,NULL,0,0,0,0,0,0,0,0,0
2026-07-28 15:12:00,ccf-aiops-西安,cr-1,cr,ens9,NULL,0,0,0,0,0,0,0,0,0
2026-07-28 15:12:00,ccf-aiops-西安,cr-2,cr,ens10,NULL,0,0,0,0,0,0,0,0,0
2026-07-28 15:12:00,ccf-aiops-西安,cr-2,cr,ens11,NULL,0,0,0,0,0,0,0,0,0
2026-07-28 15:12:00,ccf-aiops-西安,cr-2,cr,ens12,NULL,0,0,0,0,0,0,0,0,0
2026-07-28 15:12:00,ccf-aiops-西安,cr-2,cr,ens3,NULL,105.55555555555556,0,0.8888888888888888,0,0,0,0,0,0
2026-07-28 15:12:00,ccf-aiops-西安,cr-2,cr,ens4,backbone,3566.244444444444,4521106.133333334,4.622222222222222,3040.5777777777776,0,0,0,0,0
2026-07-28 15:12:00,ccf-aiops-西安,cr-2,cr,ens5,backbone,4521366.977777777,5985.4222222222215,3041.777777777778,5.888888888888888,0,0,0,0,0
2026-07-28 15:12:00,ccf-aiops-西安,cr-2,cr,ens6,NULL,0,0,0,0,0,0,0,0,0
2026-07-28 15:12:00,ccf-aiops-西安,cr-2,cr,ens7,NULL,0,0,0,0,0,0,0,0,0
2026-07-28 15:12:00,ccf-aiops-西安,cr-2,cr,ens8,NULL,0,0,0,0,0,0,0,0,0
2026-07-28 15:12:00,ccf-aiops-西安,cr-2,cr,ens9,NULL,0,0,0,0,0,0,0,0,0
2026-07-28 15:12:00,ccf-aiops-西安,fw,firewall,ens3,NULL,190.84444444444443,68.93333333333334,1.6888888888888889,0.6888888888888888,0,0,0,0,0
2026-07-28 15:12:00,ccf-aiops-西安,fw,firewall,ens4,backbone,9495.444444444443,4003261.9777777777,11.977777777777778,2696.266666666667,0,0,0,0,0
2026-07-28 15:12:00,ccf-aiops-西安,fw,firewall,ens5,business,4003327.7777777775,10648,2696.8444444444444,12.177777777777777,0,0,0,0,0
2026-07-28 15:12:00,ccf-aiops-西安,fw,firewall,ens6,NULL,0,0,0,0,0,0,0,0,0
2026-07-28 15:12:00,ccf-aiops-西安,monitor-vm,collector,ens3,NULL,218.4,68.93333333333334,2.355555555555555,0.6888888888888888,0,0,0,0,0
2026-07-28 15:12:00,ccf-aiops-西安,monitor-vm,collector,ens4,mgmt,28692.555555555555,995.9777777777778,11.088888888888887,8.688888888888888,0,0,0,0,0
2026-07-28 15:12:00,ccf-aiops-西安,monitor-vm,collector,ens5,NULL,0,0,0,0,0,0,0,0,0
2026-07-28 15:12:00,ccf-aiops-西安,monitor-vm,collector,ens6,NULL,0,0,0,0,0,0,0,0,0
2026-07-28 15:12:00,ccf-aiops-西安,probe-vm,probe,ens3,NULL,97.9111111111111,0,0.9555555555555555,0,0,0,0,0,0
2026-07-28 15:12:00,ccf-aiops-西安,probe-vm,probe,ens4,business,81.37777777777777,1171.6,0.6888888888888888,0.3555555555555555,0,0,0,0,0
2026-07-28 15:12:00,ccf-aiops-西安,probe-vm,probe,ens5,NULL,0,0,0,0,0,0,0,0,0
2026-07-28 15:12:00,ccf-aiops-西安,probe-vm,probe,ens6,NULL,0,0,0,0,0,0,0,0,0
2026-07-28 15:12:00,ccf-aiops-西安,service-vm-1,service,ens3,NULL,463.37777777777774,232.35555555555553,4.644444444444444,1.9777777777777776,0,0,0,0,0
2026-07-28 15:12:00,ccf-aiops-西安,service-vm-1,service,ens4,service,105.42222222222222,1187.1333333333334,0.8444444444444444,0.3777777777777777,0,0,0,0,0
2026-07-28 15:12:00,ccf-aiops-西安,service-vm-1,service,ens5,NULL,0,0,0,0,0,0,0,0,0
2026-07-28 15:12:00,ccf-aiops-西安,service-vm-1,service,ens6,NULL,0,0,0,0,0,0,0,0,0
2026-07-28 15:12:00,ccf-aiops-西安,service-vm-2,service,ens3,NULL,112.08888888888889,60.888888888888886,0.5777777777777777,0.28888888888888886,0,0,0,0,0
2026-07-28 15:12:00,ccf-aiops-西安,service-vm-2,service,ens4,service,64.17777777777778,1178.5555555555554,0.5555555555555555,0.3777777777777777,0,0,0,0,0
2026-07-28 15:12:00,ccf-aiops-西安,service-vm-2,service,ens5,NULL,0,0,0,0,0,0,0,0,0
2026-07-28 15:12:00,ccf-aiops-西安,service-vm-2,service,ens6,NULL,0,0,0,0,0,0,0,0,0
2026-07-28 15:12:00,ccf-aiops-西安,service-vm-3,service,ens3,NULL,54.48888888888889,0,0.26666666666666666,0,0,0,0,0,0
2026-07-28 15:12:00,ccf-aiops-西安,service-vm-3,service,ens4,service,58.44444444444444,1166.1333333333334,0.4222222222222222,0.26666666666666666,0,0,0,0,0
2026-07-28 15:12:00,ccf-aiops-西安,service-vm-3,service,ens5,NULL,0,0,0,0,0,0,0,0,0
2026-07-28 15:12:00,ccf-aiops-西安,service-vm-3,service,ens6,NULL,0,0,0,0,0,0,0,0,0
2026-07-28 15:12:00,ccf-aiops-西安,traffic-vm,traffic,ens3,NULL,228.3111111111111,68.93333333333334,2.3333333333333335,0.6888888888888888,0,0,0,0,0
2026-07-28 15:12:00,ccf-aiops-西安,traffic-vm,traffic,ens4,business,909.6222222222221,4926765.755555555,6.9111111111111105,3303.9555555555553,0,0,0,0,0
2026-07-28 15:12:00,ccf-aiops-西安,traffic-vm,traffic,ens5,NULL,0,0,0,0,0,0,0,0,0
2026-07-28 15:12:00,ccf-aiops-西安,traffic-vm,traffic,ens6,NULL,0,0,0,0,0,0,0,0,0
2026-07-28 15:13:00,ccf-aiops-西安,br-1,br,ens10,NULL,0,0,0,0,0,0,0,0,0
2026-07-28 15:13:00,ccf-aiops-西安,br-1,br,ens11,NULL,0,0,0,0,0,0,0,0,0
2026-07-28 15:13:00,ccf-aiops-西安,br-1,br,ens12,NULL,0,0,0,0,0,0,0,0,0
2026-07-28 15:13:00,ccf-aiops-西安,br-1,br,ens3,NULL,365.8666666666667,136.93333333333334,3.6,1.3555555555555554,0,0,0,0,0
2026-07-28 15:13:00,ccf-aiops-西安,br-1,br,ens4,backbone,694.311111111111,590317.3111111111,6.533333333333333,398,0,0,0,0,0
2026-07-28 15:13:00,ccf-aiops-西安,br-1,br,ens5,backbone,590442.3333333334,2277.422222222222,399.0444444444444,3.2444444444444445,0,0,0,0,0
2026-07-28 15:13:00,ccf-aiops-西安,br-1,br,ens6,NULL,0,0,0,0,0,0,0,0,0
2026-07-28 15:13:00,ccf-aiops-西安,br-1,br,ens7,NULL,0,0,0,0,0,0,0,0,0
2026-07-28 15:13:00,ccf-aiops-西安,br-1,br,ens8,NULL,0,0,0,0,0,0,0,0,0
2026-07-28 15:13:00,ccf-aiops-西安,br-1,br,ens9,NULL,0,0,0,0,0,0,0,0,0
2026-07-28 15:13:00,ccf-aiops-西安,br-2,br,ens10,NULL,0,0,0,0,0,0,0,0,0
2026-07-28 15:13:00,ccf-aiops-西安,br-2,br,ens11,NULL,0,0,0,0,0,0,0,0,0
2026-07-28 15:13:00,ccf-aiops-西安,br-2,br,ens12,NULL,0,0,0,0,0,0,0,0,0
2026-07-28 15:13:00,ccf-aiops-西安,br-2,br,ens3,NULL,119.42222222222222,0,0.9777777777777777,0,0.04444444444444444,0,0,0,0
2026-07-28 15:13:00,ccf-aiops-西安,br-2,br,ens4,backbone,50792.022222222215,1570904.8444444442,40.577777777777776,1057.1555555555556,0,0,0,0,0
2026-07-28 15:13:00,ccf-aiops-西安,br-2,br,ens5,backbone,1571035.2222222222,2321.866666666667,1058.2,3.6666666666666665,0,0,0,0,0
2026-07-28 15:13:00,ccf-aiops-西安,br-2,br,ens6,NULL,0,0,0,0,0,0,0,0,0
2026-07-28 15:13:00,ccf-aiops-西安,br-2,br,ens7,NULL,0,0,0,0,0,0,0,0,0
2026-07-28 15:13:00,ccf-aiops-西安,br-2,br,ens8,NULL,0,0,0,0,0,0,0,0,0
2026-07-28 15:13:00,ccf-aiops-西安,br-2,br,ens9,NULL,0,0,0,0,0,0,0,0,0
2026-07-28 15:13:00,ccf-aiops-西安,cr-1,cr,ens10,NULL,0,0,0,0,0,0,0,0,0
2026-07-28 15:13:00,ccf-aiops-西安,cr-1,cr,ens11,NULL,0,0,0,0,0,0,0,0,0
2026-07-28 15:13:00,ccf-aiops-西安,cr-1,cr,ens12,NULL,0,0,0,0,0,0,0,0,0
2026-07-28 15:13:00,ccf-aiops-西安,cr-1,cr,ens3,NULL,204.2222222222222,114.22222222222221,1.4,0.5555555555555555,0,0,0,0,0
2026-07-28 15:13:00,ccf-aiops-西安,cr-1,cr,ens4,backbone,1118.8666666666666,139.5111111111111,3.311111111111111,1.2444444444444442,0,0,0,0,0
2026-07-28 15:13:00,ccf-aiops-西安,cr-1,cr,ens5,backbone,1508572.311111111,1511195.6666666667,1016.6666666666666,1018.3555555555555,0,0,0,0,0
2026-07-28 15:13:00,ccf-aiops-西安,cr-1,cr,ens6,NULL,0,0,0,0,0,0,0,0,0
2026-07-28 15:13:00,ccf-aiops-西安,cr-1,cr,ens7,NULL,0,0,0,0,0,0,0,0,0
2026-07-28 15:13:00,ccf-aiops-西安,cr-1,cr,ens8,NULL,0,0,0,0,0,0,0,0,0
2026-07-28 15:13:00,ccf-aiops-西安,cr-1,cr,ens9,NULL,0,0,0,0,0,0,0,0,0
2026-07-28 15:13:00,ccf-aiops-西安,cr-2,cr,ens10,NULL,0,0,0,0,0,0,0,0,0
2026-07-28 15:13:00,ccf-aiops-西安,cr-2,cr,ens11,NULL,0,0,0,0,0,0,0,0,0
2026-07-28 15:13:00,ccf-aiops-西安,cr-2,cr,ens12,NULL,0,0,0,0,0,0,0,0,0
2026-07-28 15:13:00,ccf-aiops-西安,cr-2,cr,ens3,NULL,116.35555555555555,0,0.9555555555555555,0,0,0,0,0,0
2026-07-28 15:13:00,ccf-aiops-西安,cr-2,cr,ens4,backbone,3581.777777777778,2000556.3777777776,4.555555555555555,1347.888888888889,0,0,0,0,0
2026-07-28 15:13:00,ccf-aiops-西安,cr-2,cr,ens5,backbone,2000674.8666666667,5705.222222222222,1348.888888888889,5.555555555555555,0,0,0,0,0
2026-07-28 15:13:00,ccf-aiops-西安,cr-2,cr,ens6,NULL,0,0,0,0,0,0,0,0,0
2026-07-28 15:13:00,ccf-aiops-西安,cr-2,cr,ens7,NULL,0,0,0,0,0,0,0,0,0
2026-07-28 15:13:00,ccf-aiops-西安,cr-2,cr,ens8,NULL,0,0,0,0,0,0,0,0,0
2026-07-28 15:13:00,ccf-aiops-西安,cr-2,cr,ens9,NULL,0,0,0,0,0,0,0,0,0
2026-07-28 15:13:00,ccf-aiops-西安,fw,firewall,ens3,NULL,262.08888888888885,130.35555555555555,1.9777777777777776,0.9777777777777777,0,0,0,0,0
2026-07-28 15:13:00,ccf-aiops-西安,fw,firewall,ens4,backbone,8493.6,2519935.822222222,9.844444444444443,1699.0222222222221,0,0,0,0,0
2026-07-28 15:13:00,ccf-aiops-西安,fw,firewall,ens5,business,2520003.622222222,9640.22222222222,1699.5555555555554,9.977777777777778,0,0,0,0,0
2026-07-28 15:13:00,ccf-aiops-西安,fw,firewall,ens6,NULL,0,0,0,0,0,0,0,0,0
2026-07-28 15:13:00,ccf-aiops-西安,monitor-vm,collector,ens3,NULL,299.0222222222222,130.35555555555555,2.5777777777777775,0.9777777777777777,0,0,0,0,0
2026-07-28 15:13:00,ccf-aiops-西安,monitor-vm,collector,ens4,mgmt,27799.155555555553,974.6888888888888,10.755555555555555,8.444444444444445,0,0,0,0,0
2026-07-28 15:13:00,ccf-aiops-西安,monitor-vm,collector,ens5,NULL,0,0,0,0,0,0,0,0,0
2026-07-28 15:13:00,ccf-aiops-西安,monitor-vm,collector,ens6,NULL,0,0,0,0,0,0,0,0,0
2026-07-28 15:13:00,ccf-aiops-西安,probe-vm,probe,ens3,NULL,114.26666666666667,0,0.9333333333333333,0,0,0,0,0,0
2026-07-28 15:13:00,ccf-aiops-西安,probe-vm,probe,ens4,business,75.64444444444443,1169.0666666666666,0.6222222222222221,0.3333333333333333,0,0,0,0,0
2026-07-28 15:13:00,ccf-aiops-西安,probe-vm,probe,ens5,NULL,0,0,0,0,0,0,0,0,0
2026-07-28 15:13:00,ccf-aiops-西安,probe-vm,probe,ens6,NULL,0,0,0,0,0,0,0,0,0
2026-07-28 15:13:00,ccf-aiops-西安,service-vm-1,service,ens3,NULL,429.8666666666667,170.93333333333334,4.311111111111111,1.6888888888888889,0,0,0,0,0
2026-07-28 15:13:00,ccf-aiops-西安,service-vm-1,service,ens4,service,107.33333333333333,1188.4,0.8666666666666667,0.4,0,0,0,0,0
2026-07-28 15:13:00,ccf-aiops-西安,service-vm-1,service,ens5,NULL,0,0,0,0,0,0,0,0,0
2026-07-28 15:13:00,ccf-aiops-西安,service-vm-1,service,ens6,NULL,0,0,0,0,0,0,0,0,0
2026-07-28 15:13:00,ccf-aiops-西安,service-vm-2,service,ens3,NULL,131.82222222222222,62.35555555555555,0.6222222222222221,0.31111111111111106,0,0,0,0,0
2026-07-28 15:13:00,ccf-aiops-西安,service-vm-2,service,ens4,service,58.17777777777778,1168.6666666666667,0.4222222222222222,0.26666666666666666,0,0,0,0,0
2026-07-28 15:13:00,ccf-aiops-西安,service-vm-2,service,ens5,NULL,0,0,0,0,0,0,0,0,0
2026-07-28 15:13:00,ccf-aiops-西安,service-vm-2,service,ens6,NULL,0,0,0,0,0,0,0,0,0
2026-07-28 15:13:00,ccf-aiops-西安,service-vm-3,service,ens3,NULL,157.86666666666667,119.37777777777777,0.8444444444444444,0.5333333333333333,0,0,0,0,0
2026-07-28 15:13:00,ccf-aiops-西安,service-vm-3,service,ens4,service,58.17777777777778,1166.3333333333333,0.4222222222222222,0.26666666666666666,0,0,0,0,0
2026-07-28 15:13:00,ccf-aiops-西安,service-vm-3,service,ens5,NULL,0,0,0,0,0,0,0,0,0
2026-07-28 15:13:00,ccf-aiops-西安,service-vm-3,service,ens6,NULL,0,0,0,0,0,0,0,0,0
2026-07-28 15:13:00,ccf-aiops-西安,traffic-vm,traffic,ens3,NULL,277.2444444444444,128.08888888888887,2.533333333333333,0.9555555555555555,0,0,0,0,0
2026-07-28 15:13:00,ccf-aiops-西安,traffic-vm,traffic,ens4,business,876.911111111111,1623505.3777777776,6.333333333333333,1086.2666666666667,0,0,0,0,0
2026-07-28 15:13:00,ccf-aiops-西安,traffic-vm,traffic,ens5,NULL,0,0,0,0,0,0,0,0,0
2026-07-28 15:13:00,ccf-aiops-西安,traffic-vm,traffic,ens6,NULL,0,0,0,0,0,0,0,0,0
2026-07-28 15:14:00,ccf-aiops-西安,br-1,br,ens10,NULL,0,0,0,0,0,0,0,0,0
2026-07-28 15:14:00,ccf-aiops-西安,br-1,br,ens11,NULL,0,0,0,0,0,0,0,0,0
2026-07-28 15:14:00,ccf-aiops-西安,br-1,br,ens12,NULL,0,0,0,0,0,0,0,0,0
2026-07-28 15:14:00,ccf-aiops-西安,br-1,br,ens3,NULL,308.75555555555553,136.93333333333334,3.466666666666667,1.3555555555555554,0,0,0,0,0
2026-07-28 15:14:00,ccf-aiops-西安,br-1,br,ens4,backbone,798.9777777777778,311.8,7.6,2.844444444444444,0,0,0,0,0
2026-07-28 15:14:00,ccf-aiops-西安,br-1,br,ens5,backbone,441,2272.7111111111108,3.933333333333333,3.5555555555555554,0,0,0,0,0
2026-07-28 15:14:00,ccf-aiops-西安,br-1,br,ens6,NULL,0,0,0,0,0,0,0,0,0
2026-07-28 15:14:00,ccf-aiops-西安,br-1,br,ens7,NULL,0,0,0,0,0,0,0,0,0
2026-07-28 15:14:00,ccf-aiops-西安,br-1,br,ens8,NULL,0,0,0,0,0,0,0,0,0
2026-07-28 15:14:00,ccf-aiops-西安,br-1,br,ens9,NULL,0,0,0,0,0,0,0,0,0
2026-07-28 15:14:00,ccf-aiops-西安,br-2,br,ens10,NULL,0,0,0,0,0,0,0,0,0
2026-07-28 15:14:00,ccf-aiops-西安,br-2,br,ens11,NULL,0,0,0,0,0,0,0,0,0
2026-07-28 15:14:00,ccf-aiops-西安,br-2,br,ens12,NULL,0,0,0,0,0,0,0,0,0
2026-07-28 15:14:00,ccf-aiops-西安,br-2,br,ens3,NULL,73.42222222222222,0,0.8444444444444444,0,0.04444444444444444,0,0,0,0
2026-07-28 15:14:00,ccf-aiops-西安,br-2,br,ens4,backbone,1026.1555555555556,450.4222222222222,9.088888888888887,4,0,0,0,0,0
2026-07-28 15:14:00,ccf-aiops-西安,br-2,br,ens5,backbone,579.7777777777777,2615.4666666666667,5.022222222222222,5.044444444444443,0,0,0,0,0
2026-07-28 15:14:00,ccf-aiops-西安,br-2,br,ens6,NULL,0,0,0,0,0,0,0,0,0
2026-07-28 15:14:00,ccf-aiops-西安,br-2,br,ens7,NULL,0,0,0,0,0,0,0,0,0
2026-07-28 15:14:00,ccf-aiops-西安,br-2,br,ens8,NULL,0,0,0,0,0,0,0,0,0
2026-07-28 15:14:00,ccf-aiops-西安,br-2,br,ens9,NULL,0,0,0,0,0,0,0,0,0
2026-07-28 15:14:00,ccf-aiops-西安,cr-1,cr,ens10,NULL,0,0,0,0,0,0,0,0,0
2026-07-28 15:14:00,ccf-aiops-西安,cr-1,cr,ens11,NULL,0,0,0,0,0,0,0,0,0
2026-07-28 15:14:00,ccf-aiops-西安,cr-1,cr,ens12,NULL,0,0,0,0,0,0,0,0,0
2026-07-28 15:14:00,ccf-aiops-西安,cr-1,cr,ens3,NULL,164.44444444444443,114.22222222222221,1.2666666666666666,0.5555555555555555,0,0,0,0,0
2026-07-28 15:14:00,ccf-aiops-西安,cr-1,cr,ens4,backbone,1514.2444444444443,147.5111111111111,5.377777777777777,1.3333333333333333,0,0,0,0,0
2026-07-28 15:14:00,ccf-aiops-西安,cr-1,cr,ens5,backbone,797.8666666666667,3795.9333333333334,6.977777777777777,10.644444444444444,0,0,0,0,0
2026-07-28 15:14:00,ccf-aiops-西安,cr-1,cr,ens6,NULL,0,0,0,0,0,0,0,0,0
2026-07-28 15:14:00,ccf-aiops-西安,cr-1,cr,ens7,NULL,0,0,0,0,0,0,0,0,0
2026-07-28 15:14:00,ccf-aiops-西安,cr-1,cr,ens8,NULL,0,0,0,0,0,0,0,0,0
2026-07-28 15:14:00,ccf-aiops-西安,cr-1,cr,ens9,NULL,0,0,0,0,0,0,0,0,0
2026-07-28 15:14:00,ccf-aiops-西安,cr-2,cr,ens10,NULL,0,0,0,0,0,0,0,0,0
2026-07-28 15:14:00,ccf-aiops-西安,cr-2,cr,ens11,NULL,0,0,0,0,0,0,0,0,0
2026-07-28 15:14:00,ccf-aiops-西安,cr-2,cr,ens12,NULL,0,0,0,0,0,0,0,0,0
2026-07-28 15:14:00,ccf-aiops-西安,cr-2,cr,ens3,NULL,62.75555555555555,0,0.8,0,0,0,0,0,0
2026-07-28 15:14:00,ccf-aiops-西安,cr-2,cr,ens4,backbone,3661.9777777777776,939.4666666666667,5.2,8.244444444444444,0,0,0,0,0
2026-07-28 15:14:00,ccf-aiops-西安,cr-2,cr,ens5,backbone,1065.7777777777778,5871,9.333333333333334,6.377777777777777,0,0,0,0,0
2026-07-28 15:14:00,ccf-aiops-西安,cr-2,cr,ens6,NULL,0,0,0,0,0,0,0,0,0
2026-07-28 15:14:00,ccf-aiops-西安,cr-2,cr,ens7,NULL,0,0,0,0,0,0,0,0,0
2026-07-28 15:14:00,ccf-aiops-西安,cr-2,cr,ens8,NULL,0,0,0,0,0,0,0,0,0
2026-07-28 15:14:00,ccf-aiops-西安,cr-2,cr,ens9,NULL,0,0,0,0,0,0,0,0,0
2026-07-28 15:14:00,ccf-aiops-西安,fw,firewall,ens3,NULL,152.88888888888886,68.93333333333334,1.6,0.6888888888888888,0,0,0,0,0
2026-07-28 15:14:00,ccf-aiops-西安,fw,firewall,ens4,backbone,8711.977777777776,1132.6,11.333333333333334,9.888888888888888,0,0,0,0,0
2026-07-28 15:14:00,ccf-aiops-西安,fw,firewall,ens5,business,1207.7777777777776,9851.066666666668,10.444444444444445,11.377777777777776,0,0,0,0,0
2026-07-28 15:14:00,ccf-aiops-西安,fw,firewall,ens6,NULL,0,0,0,0,0,0,0,0,0
2026-07-28 15:14:00,ccf-aiops-西安,monitor-vm,collector,ens3,NULL,237.9111111111111,130.35555555555555,2.3777777777777778,0.9777777777777777,0,0,0,0,0
2026-07-28 15:14:00,ccf-aiops-西安,monitor-vm,collector,ens4,mgmt,27804.933333333334,991.6222222222221,10.488888888888887,8.644444444444444,0,0,0,0,0
2026-07-28 15:14:00,ccf-aiops-西安,monitor-vm,collector,ens5,NULL,0,0,0,0,0,0,0,0,0
2026-07-28 15:14:00,ccf-aiops-西安,monitor-vm,collector,ens6,NULL,0,0,0,0,0,0,0,0,0
2026-07-28 15:14:00,ccf-aiops-西安,probe-vm,probe,ens3,NULL,111.06666666666666,62.888888888888886,1,0.31111111111111106,0,0,0,0,0
2026-07-28 15:14:00,ccf-aiops-西安,probe-vm,probe,ens4,business,69.64444444444443,1176.8,0.5555555555555555,0.4,0,0,0,0,0
2026-07-28 15:14:00,ccf-aiops-西安,probe-vm,probe,ens5,NULL,0,0,0,0,0,0,0,0,0
2026-07-28 15:14:00,ccf-aiops-西安,probe-vm,probe,ens6,NULL,0,0,0,0,0,0,0,0,0
2026-07-28 15:14:00,ccf-aiops-西安,service-vm-1,service,ens3,NULL,417.9555555555555,230.08888888888887,4.355555555555555,1.9555555555555555,0,0,0,0,0
2026-07-28 15:14:00,ccf-aiops-西安,service-vm-1,service,ens4,service,76.75555555555555,1177.2,0.5111111111111111,0.26666666666666666,0,0,0,0,0
2026-07-28 15:14:00,ccf-aiops-西安,service-vm-1,service,ens5,NULL,0,0,0,0,0,0,0,0,0
2026-07-28 15:14:00,ccf-aiops-西安,service-vm-1,service,ens6,NULL,0,0,0,0,0,0,0,0,0
2026-07-28 15:14:00,ccf-aiops-西安,service-vm-2,service,ens3,NULL,28.88888888888889,0,0.24444444444444444,0,0,0,0,0,0
2026-07-28 15:14:00,ccf-aiops-西安,service-vm-2,service,ens4,service,75.1111111111111,1176.8444444444442,0.5555555555555555,0.3555555555555555,0,0,0,0,0
2026-07-28 15:14:00,ccf-aiops-西安,service-vm-2,service,ens5,NULL,0,0,0,0,0,0,0,0,0
2026-07-28 15:14:00,ccf-aiops-西安,service-vm-2,service,ens6,NULL,0,0,0,0,0,0,0,0,0
2026-07-28 15:14:00,ccf-aiops-西安,service-vm-3,service,ens3,NULL,30.666666666666668,0,0.26666666666666666,0,0,0,0,0,0
2026-07-28 15:14:00,ccf-aiops-西安,service-vm-3,service,ens4,service,69.64444444444443,1179.9555555555555,0.5555555555555555,0.4222222222222222,0,0,0,0,0
2026-07-28 15:14:00,ccf-aiops-西安,service-vm-3,service,ens5,NULL,0,0,0,0,0,0,0,0,0
2026-07-28 15:14:00,ccf-aiops-西安,service-vm-3,service,ens6,NULL,0,0,0,0,0,0,0,0,0
2026-07-28 15:14:00,ccf-aiops-西安,traffic-vm,traffic,ens3,NULL,189.4222222222222,68.93333333333334,2.2000000000000006,0.6888888888888888,0,0,0,0,0
2026-07-28 15:14:00,ccf-aiops-西安,traffic-vm,traffic,ens4,business,1335.9555555555555,14841.755555555554,9.600000000000001,9.955555555555554,0,0,0,0,0
2026-07-28 15:14:00,ccf-aiops-西安,traffic-vm,traffic,ens5,NULL,0,0,0,0,0,0,0,0,0
2026-07-28 15:14:00,ccf-aiops-西安,traffic-vm,traffic,ens6,NULL,0,0,0,0,0,0,0,0,0
2026-07-28 15:15:00,ccf-aiops-西安,br-1,br,ens10,NULL,0,0,0,0,0,0,0,0,0
2026-07-28 15:15:00,ccf-aiops-西安,br-1,br,ens11,NULL,0,0,0,0,0,0,0,0,0
2026-07-28 15:15:00,ccf-aiops-西安,br-1,br,ens12,NULL,0,0,0,0,0,0,0,0,0
2026-07-28 15:15:00,ccf-aiops-西安,br-1,br,ens3,NULL,402.6,250.2222222222222,3.9777777777777774,1.8888888888888888,0,0,0,0,0
2026-07-28 15:15:00,ccf-aiops-西安,br-1,br,ens4,backbone,1907.6,1034.2444444444443,15.2,9.155555555555555,0,0,0,0,0
2026-07-28 15:15:00,ccf-aiops-西安,br-1,br,ens5,backbone,1186.4444444444443,3383.777777777778,10.42222222222222,10.933333333333334,0,0,0,0,0
2026-07-28 15:15:00,ccf-aiops-西安,br-1,br,ens6,NULL,0,0,0,0,0,0,0,0,0
2026-07-28 15:15:00,ccf-aiops-西安,br-1,br,ens7,NULL,0,0,0,0,0,0,0,0,0
2026-07-28 15:15:00,ccf-aiops-西安,br-1,br,ens8,NULL,0,0,0,0,0,0,0,0,0
2026-07-28 15:15:00,ccf-aiops-西安,br-1,br,ens9,NULL,0,0,0,0,0,0,0,0,0
2026-07-28 15:15:00,ccf-aiops-西安,br-2,br,ens10,NULL,0,0,0,0,0,0,0,0,0
2026-07-28 15:15:00,ccf-aiops-西安,br-2,br,ens11,NULL,0,0,0,0,0,0,0,0,0
2026-07-28 15:15:00,ccf-aiops-西安,br-2,br,ens12,NULL,0,0,0,0,0,0,0,0,0
2026-07-28 15:15:00,ccf-aiops-西安,br-2,br,ens3,NULL,159,114.22222222222221,1.222222222222222,0.5555555555555555,0.04444444444444444,0,0,0,0
2026-07-28 15:15:00,ccf-aiops-西安,br-2,br,ens4,backbone,1761.6,1066.6666666666667,13.355555555555554,9.466666666666667,0,0,0,0,0
2026-07-28 15:15:00,ccf-aiops-西安,br-2,br,ens5,backbone,1226.3333333333333,3461.6666666666665,10.777777777777777,10.066666666666666,0,0,0,0,0
2026-07-28 15:15:00,ccf-aiops-西安,br-2,br,ens6,NULL,0,0,0,0,0,0,0,0,0
2026-07-28 15:15:00,ccf-aiops-西安,br-2,br,ens7,NULL,0,0,0,0,0,0,0,0,0
2026-07-28 15:15:00,ccf-aiops-西安,br-2,br,ens8,NULL,0,0,0,0,0,0,0,0,0
2026-07-28 15:15:00,ccf-aiops-西安,br-2,br,ens9,NULL,0,0,0,0,0,0,0,0,0
2026-07-28 15:15:00,ccf-aiops-西安,cr-1,cr,ens10,NULL,0,0,0,0,0,0,0,0,0
2026-07-28 15:15:00,ccf-aiops-西安,cr-1,cr,ens11,NULL,0,0,0,0,0,0,0,0,0
2026-07-28 15:15:00,ccf-aiops-西安,cr-1,cr,ens12,NULL,0,0,0,0,0,0,0,0,0
2026-07-28 15:15:00,ccf-aiops-西安,cr-1,cr,ens3,NULL,42.86666666666667,0,0.6444444444444444,0,0,0,0,0,0
2026-07-28 15:15:00,ccf-aiops-西安,cr-1,cr,ens4,backbone,2033.311111111111,150.8,7.888888888888888,1.3777777777777775,0,0,0,0,0
2026-07-28 15:15:00,ccf-aiops-西安,cr-1,cr,ens5,backbone,1179.2222222222222,4811.288888888888,10.288888888888888,16.444444444444443,0,0,0,0,0
2026-07-28 15:15:00,ccf-aiops-西安,cr-1,cr,ens6,NULL,0,0,0,0,0,0,0,0,0
2026-07-28 15:15:00,ccf-aiops-西安,cr-1,cr,ens7,NULL,0,0,0,0,0,0,0,0,0
2026-07-28 15:15:00,ccf-aiops-西安,cr-1,cr,ens8,NULL,0,0,0,0,0,0,0,0,0
2026-07-28 15:15:00,ccf-aiops-西安,cr-1,cr,ens9,NULL,0,0,0,0,0,0,0,0,0
2026-07-28 15:15:00,ccf-aiops-西安,cr-2,cr,ens10,NULL,0,0,0,0,0,0,0,0,0
2026-07-28 15:15:00,ccf-aiops-西安,cr-2,cr,ens11,NULL,0,0,0,0,0,0,0,0,0
2026-07-28 15:15:00,ccf-aiops-西安,cr-2,cr,ens12,NULL,0,0,0,0,0,0,0,0,0
2026-07-28 15:15:00,ccf-aiops-西安,cr-2,cr,ens3,NULL,149.66666666666666,114.22222222222221,1.2,0.5555555555555555,0,0,0,0,0
2026-07-28 15:15:00,ccf-aiops-西安,cr-2,cr,ens4,backbone,4700.977777777777,2101.6,11.91111111111111,18.466666666666665,0,0,0,0,0
2026-07-28 15:15:00,ccf-aiops-西安,cr-2,cr,ens5,backbone,2224.0888888888885,6947.333333333333,19.51111111111111,12.977777777777778,0,0,0,0,0
2026-07-28 15:15:00,ccf-aiops-西安,cr-2,cr,ens6,NULL,0,0,0,0,0,0,0,0,0
2026-07-28 15:15:00,ccf-aiops-西安,cr-2,cr,ens7,NULL,0,0,0,0,0,0,0,0,0
2026-07-28 15:15:00,ccf-aiops-西安,cr-2,cr,ens8,NULL,0,0,0,0,0,0,0,0,0
2026-07-28 15:15:00,ccf-aiops-西安,cr-2,cr,ens9,NULL,0,0,0,0,0,0,0,0,0
2026-07-28 15:15:00,ccf-aiops-西安,fw,firewall,ens3,NULL,195.48888888888888,130.35555555555555,1.8666666666666667,0.9777777777777777,0,0,0,0,0
2026-07-28 15:15:00,ccf-aiops-西安,fw,firewall,ens4,backbone,10720.266666666666,2659.555555555555,24.155555555555555,23.22222222222222,0,0,0,0,0
2026-07-28 15:15:00,ccf-aiops-西安,fw,firewall,ens5,business,2764.6888888888884,11855.533333333333,24.066666666666666,24.177777777777774,0,0,0,0,0
2026-07-28 15:15:00,ccf-aiops-西安,fw,firewall,ens6,NULL,0,0,0,0,0,0,0,0,0
2026-07-28 15:15:00,ccf-aiops-西安,monitor-vm,collector,ens3,NULL,174.95555555555555,68.93333333333334,2.1333333333333333,0.6888888888888888,0,0,0,0,0
2026-07-28 15:15:00,ccf-aiops-西安,monitor-vm,collector,ens4,mgmt,27931.04444444444,985.311111111111,10.733333333333333,8.555555555555554,0,0,0,0,0
2026-07-28 15:15:00,ccf-aiops-西安,monitor-vm,collector,ens5,NULL,0,0,0,0,0,0,0,0,0
2026-07-28 15:15:00,ccf-aiops-西安,monitor-vm,collector,ens6,NULL,0,0,0,0,0,0,0,0,0
2026-07-28 15:15:00,ccf-aiops-西安,probe-vm,probe,ens3,NULL,47.977777777777774,0,0.7333333333333333,0,0,0,0,0,0
2026-07-28 15:15:00,ccf-aiops-西安,probe-vm,probe,ens4,business,77.55555555555556,1165.0888888888887,0.5777777777777777,0.28888888888888886,0,0,0,0,0
2026-07-28 15:15:00,ccf-aiops-西安,probe-vm,probe,ens5,NULL,0,0,0,0,0,0,0,0,0
2026-07-28 15:15:00,ccf-aiops-西安,probe-vm,probe,ens6,NULL,0,0,0,0,0,0,0,0,0
2026-07-28 15:15:00,ccf-aiops-西安,service-vm-1,service,ens3,NULL,411.8,232.35555555555553,4.4,1.9777777777777776,0,0,0,0,0
2026-07-28 15:15:00,ccf-aiops-西安,service-vm-1,service,ens4,service,99.6,1187.8666666666666,0.8444444444444444,0.4,0,0,0,0,0
2026-07-28 15:15:00,ccf-aiops-西安,service-vm-1,service,ens5,NULL,0,0,0,0,0,0,0,0,0
2026-07-28 15:15:00,ccf-aiops-西安,service-vm-1,service,ens6,NULL,0,0,0,0,0,0,0,0,0
2026-07-28 15:15:00,ccf-aiops-西安,service-vm-2,service,ens3,NULL,19.666666666666668,0.9333333333333333,0.26666666666666666,0.02222222222222222,0,0,0,0,0
2026-07-28 15:15:00,ccf-aiops-西安,service-vm-2,service,ens4,service,101.24444444444444,1178.6888888888889,0.8,0.3777777777777777,0,0,0,0,0
2026-07-28 15:15:00,ccf-aiops-西安,service-vm-2,service,ens5,NULL,0,0,0,0,0,0,0,0,0
2026-07-28 15:15:00,ccf-aiops-西安,service-vm-2,service,ens6,NULL,0,0,0,0,0,0,0,0,0
2026-07-28 15:15:00,ccf-aiops-西安,service-vm-3,service,ens3,NULL,76.9111111111111,62.35555555555555,0.5777777777777777,0.31111111111111106,0,0,0,0,0
2026-07-28 15:15:00,ccf-aiops-西安,service-vm-3,service,ens4,service,62.44444444444444,1165.9777777777776,0.4666666666666667,0.26666666666666666,0,0,0,0,0
2026-07-28 15:15:00,ccf-aiops-西安,service-vm-3,service,ens5,NULL,0,0,0,0,0,0,0,0,0
2026-07-28 15:15:00,ccf-aiops-西安,service-vm-3,service,ens6,NULL,0,0,0,0,0,0,0,0,0
2026-07-28 15:15:00,ccf-aiops-西安,traffic-vm,traffic,ens3,NULL,226.77777777777777,131.91111111111113,2.3777777777777778,1,0,0,0,0,0
2026-07-28 15:15:00,ccf-aiops-西安,traffic-vm,traffic,ens4,business,2540.3777777777777,15694.755555555557,17.22222222222222,17.4,0,0,0,0,0
2026-07-28 15:15:00,ccf-aiops-西安,traffic-vm,traffic,ens5,NULL,0,0,0,0,0,0,0,0,0
2026-07-28 15:15:00,ccf-aiops-西安,traffic-vm,traffic,ens6,NULL,0,0,0,0,0,0,0,0,0
2026-07-28 15:16:00,ccf-aiops-西安,br-1,br,ens10,NULL,0,0,0,0,0,0,0,0,0
2026-07-28 15:16:00,ccf-aiops-西安,br-1,br,ens11,NULL,0,0,0,0,0,0,0,0,0
2026-07-28 15:16:00,ccf-aiops-西安,br-1,br,ens12,NULL,0,0,0,0,0,0,0,0,0
2026-07-28 15:16:00,ccf-aiops-西安,br-1,br,ens3,NULL,292.75555555555553,136.93333333333334,3.222222222222222,1.3555555555555554,0,0,0,0,0
2026-07-28 15:16:00,ccf-aiops-西安,br-1,br,ens4,backbone,1283.6666666666667,783.311111111111,10.577777777777778,6.955555555555555,0,0,0,0,0
2026-07-28 15:16:00,ccf-aiops-西安,br-1,br,ens5,backbone,938.4222222222221,3403.5333333333333,8.266666666666667,7.377777777777777,0,0,0,0,0
2026-07-28 15:16:00,ccf-aiops-西安,br-1,br,ens6,NULL,0,0,0,0,0,0,0,0,0
2026-07-28 15:16:00,ccf-aiops-西安,br-1,br,ens7,NULL,0,0,0,0,0,0,0,0,0
2026-07-28 15:16:00,ccf-aiops-西安,br-1,br,ens8,NULL,0,0,0,0,0,0,0,0,0
2026-07-28 15:16:00,ccf-aiops-西安,br-1,br,ens9,NULL,0,0,0,0,0,0,0,0,0
2026-07-28 15:16:00,ccf-aiops-西安,br-2,br,ens10,NULL,0,0,0,0,0,0,0,0,0
2026-07-28 15:16:00,ccf-aiops-西安,br-2,br,ens11,NULL,0,0,0,0,0,0,0,0,0
2026-07-28 15:16:00,ccf-aiops-西安,br-2,br,ens12,NULL,0,0,0,0,0,0,0,0,0
2026-07-28 15:16:00,ccf-aiops-西安,br-2,br,ens3,NULL,60.75555555555555,0,0.6444444444444444,0,0.04444444444444444,0,0,0,0
2026-07-28 15:16:00,ccf-aiops-西安,br-2,br,ens4,backbone,1710.5555555555554,871.0222222222221,13.2,7.7555555555555555,0,0,0,0,0
2026-07-28 15:16:00,ccf-aiops-西安,br-2,br,ens5,backbone,1026.7333333333333,4105.844444444444,8.977777777777778,9.955555555555554,0,0,0,0,0
2026-07-28 15:16:00,ccf-aiops-西安,br-2,br,ens6,NULL,0,0,0,0,0,0,0,0,0
2026-07-28 15:16:00,ccf-aiops-西安,br-2,br,ens7,NULL,0,0,0,0,0,0,0,0,0
2026-07-28 15:16:00,ccf-aiops-西安,br-2,br,ens8,NULL,0,0,0,0,0,0,0,0,0
2026-07-28 15:16:00,ccf-aiops-西安,br-2,br,ens9,NULL,0,0,0,0,0,0,0,0,0
2026-07-28 15:16:00,ccf-aiops-西安,cr-1,cr,ens10,NULL,0,0,0,0,0,0,0,0,0
2026-07-28 15:16:00,ccf-aiops-西安,cr-1,cr,ens11,NULL,0,0,0,0,0,0,0,0,0
2026-07-28 15:16:00,ccf-aiops-西安,cr-1,cr,ens12,NULL,0,0,0,0,0,0,0,0,0
2026-07-28 15:16:00,ccf-aiops-西安,cr-1,cr,ens3,NULL,47.733333333333334,0,0.5555555555555555,0,0,0,0,0,0
2026-07-28 15:16:00,ccf-aiops-西安,cr-1,cr,ens4,backbone,3638.3555555555554,126.24444444444444,9.333333333333334,1.1555555555555554,0,0,0,0,0
2026-07-28 15:16:00,ccf-aiops-西安,cr-1,cr,ens5,backbone,1149.311111111111,6846.711111111111,9.977777777777778,18.155555555555555,0,0,0,0,0
2026-07-28 15:16:00,ccf-aiops-西安,cr-1,cr,ens6,NULL,0,0,0,0,0,0,0,0,0
2026-07-28 15:16:00,ccf-aiops-西安,cr-1,cr,ens7,NULL,0,0,0,0,0,0,0,0,0
2026-07-28 15:16:00,ccf-aiops-西安,cr-1,cr,ens8,NULL,0,0,0,0,0,0,0,0,0
2026-07-28 15:16:00,ccf-aiops-西安,cr-1,cr,ens9,NULL,0,0,0,0,0,0,0,0,0
2026-07-28 15:16:00,ccf-aiops-西安,cr-2,cr,ens10,NULL,0,0,0,0,0,0,0,0,0
2026-07-28 15:16:00,ccf-aiops-西安,cr-2,cr,ens11,NULL,0,0,0,0,0,0,0,0,0
2026-07-28 15:16:00,ccf-aiops-西安,cr-2,cr,ens12,NULL,0,0,0,0,0,0,0,0,0
2026-07-28 15:16:00,ccf-aiops-西安,cr-2,cr,ens3,NULL,47.733333333333334,0,0.5555555555555555,0,0,0,0,0,0
2026-07-28 15:16:00,ccf-aiops-西安,cr-2,cr,ens4,backbone,4396.555555555556,1876.622222222222,9.933333333333334,16.422222222222224,0,0,0,0,0
2026-07-28 15:16:00,ccf-aiops-西安,cr-2,cr,ens5,backbone,2011.5555555555554,7640.333333333333,17.6,11.822222222222223,0,0,0,0,0
2026-07-28 15:16:00,ccf-aiops-西安,cr-2,cr,ens6,NULL,0,0,0,0,0,0,0,0,0
2026-07-28 15:16:00,ccf-aiops-西安,cr-2,cr,ens7,NULL,0,0,0,0,0,0,0,0,0
2026-07-28 15:16:00,ccf-aiops-西安,cr-2,cr,ens8,NULL,0,0,0,0,0,0,0,0,0
2026-07-28 15:16:00,ccf-aiops-西安,cr-2,cr,ens9,NULL,0,0,0,0,0,0,0,0,0
2026-07-28 15:16:00,ccf-aiops-西安,fw,firewall,ens3,NULL,194.53333333333333,126.62222222222222,1.711111111111111,0.9333333333333333,0,0,0,0,0
2026-07-28 15:16:00,ccf-aiops-西安,fw,firewall,ens4,backbone,12360.111111111111,2129.244444444444,20.71111111111111,18.577777777777776,0,0,0,0,0
2026-07-28 15:16:00,ccf-aiops-西安,fw,firewall,ens5,business,2233.266666666667,13508.688888888888,19.4,20.88888888888889,0,0,0,0,0
2026-07-28 15:16:00,ccf-aiops-西安,fw,firewall,ens6,NULL,0,0,0,0,0,0,0,0,0
2026-07-28 15:16:00,ccf-aiops-西安,monitor-vm,collector,ens3,NULL,221.6,130.35555555555555,2.1333333333333333,0.9777777777777777,0,0,0,0,0
2026-07-28 15:16:00,ccf-aiops-西安,monitor-vm,collector,ens4,mgmt,30394.377777777776,1007.7111111111111,12.333333333333334,8.822222222222221,0,0,0,0,0
2026-07-28 15:16:00,ccf-aiops-西安,monitor-vm,collector,ens5,NULL,0,0,0,0,0,0,0,0,0
2026-07-28 15:16:00,ccf-aiops-西安,monitor-vm,collector,ens6,NULL,0,0,0,0,0,0,0,0,0
2026-07-28 15:16:00,ccf-aiops-西安,probe-vm,probe,ens3,NULL,100.57777777777777,62.35555555555555,0.8222222222222222,0.31111111111111106,0,0,0,0,0
2026-07-28 15:16:00,ccf-aiops-西安,probe-vm,probe,ens4,business,92.84444444444443,1163.7777777777776,0.6222222222222221,0.26666666666666666,0,0,0,0,0
2026-07-28 15:16:00,ccf-aiops-西安,probe-vm,probe,ens5,NULL,0,0,0,0,0,0,0,0,0
2026-07-28 15:16:00,ccf-aiops-西安,probe-vm,probe,ens6,NULL,0,0,0,0,0,0,0,0,0
2026-07-28 15:16:00,ccf-aiops-西安,service-vm-1,service,ens3,NULL,408.5777777777777,232.35555555555553,4.177777777777778,1.9777777777777776,0,0,0,0,0
2026-07-28 15:16:00,ccf-aiops-西安,service-vm-1,service,ens4,service,73.2,1182.0666666666666,0.5333333333333333,0.3333333333333333,0,0,0,0,0
2026-07-28 15:16:00,ccf-aiops-西安,service-vm-1,service,ens5,NULL,0,0,0,0,0,0,0,0,0
2026-07-28 15:16:00,ccf-aiops-西安,service-vm-1,service,ens6,NULL,0,0,0,0,0,0,0,0,0
2026-07-28 15:16:00,ccf-aiops-西安,service-vm-2,service,ens3,NULL,73.15555555555555,59.95555555555555,0.3777777777777777,0.26666666666666666,0,0,0,0,0
2026-07-28 15:16:00,ccf-aiops-西安,service-vm-2,service,ens4,service,94.48888888888888,1178,0.711111111111111,0.3777777777777777,0,0,0,0,0
2026-07-28 15:16:00,ccf-aiops-西安,service-vm-2,service,ens5,NULL,0,0,0,0,0,0,0,0,0
2026-07-28 15:16:00,ccf-aiops-西安,service-vm-2,service,ens6,NULL,0,0,0,0,0,0,0,0,0
2026-07-28 15:16:00,ccf-aiops-西安,service-vm-3,service,ens3,NULL,15.2,0,0.13333333333333333,0,0,0,0,0,0
2026-07-28 15:16:00,ccf-aiops-西安,service-vm-3,service,ens4,service,94.48888888888888,1178.7333333333333,0.711111111111111,0.4,0,0,0,0,0
2026-07-28 15:16:00,ccf-aiops-西安,service-vm-3,service,ens5,NULL,0,0,0,0,0,0,0,0,0
2026-07-28 15:16:00,ccf-aiops-西安,service-vm-3,service,ens6,NULL,0,0,0,0,0,0,0,0,0
2026-07-28 15:16:00,ccf-aiops-西安,traffic-vm,traffic,ens3,NULL,175.73333333333332,68.93333333333334,1.9777777777777776,0.6888888888888888,0,0,0,0,0
2026-07-28 15:16:00,ccf-aiops-西安,traffic-vm,traffic,ens4,business,2555.022222222222,15749.22222222222,17.155555555555555,17.866666666666667,0,0,0,0,0
2026-07-28 15:16:00,ccf-aiops-西安,traffic-vm,traffic,ens5,NULL,0,0,0,0,0,0,0,0,0
2026-07-28 15:16:00,ccf-aiops-西安,traffic-vm,traffic,ens6,NULL,0,0,0,0,0,0,0,0,0
2026-07-28 15:17:00,ccf-aiops-西安,br-1,br,ens10,NULL,0,0,0,0,0,0,0,0,0
2026-07-28 15:17:00,ccf-aiops-西安,br-1,br,ens11,NULL,0,0,0,0,0,0,0,0,0
2026-07-28 15:17:00,ccf-aiops-西安,br-1,br,ens12,NULL,0,0,0,0,0,0,0,0,0
2026-07-28 15:17:00,ccf-aiops-西安,br-1,br,ens3,NULL,406.4888888888889,250.2222222222222,3.9555555555555553,1.8888888888888888,0,0,0,0,0
2026-07-28 15:17:00,ccf-aiops-西安,br-1,br,ens4,backbone,954.7555555555555,362.88888888888886,8.644444444444444,3.2888888888888888,0,0,0,0,0
2026-07-28 15:17:00,ccf-aiops-西安,br-1,br,ens5,backbone,500.4,2771.6888888888884,4.488888888888889,4.977777777777777,0,0,0,0,0
2026-07-28 15:17:00,ccf-aiops-西安,br-1,br,ens6,NULL,0,0,0,0,0,0,0,0,0
2026-07-28 15:17:00,ccf-aiops-西安,br-1,br,ens7,NULL,0,0,0,0,0,0,0,0,0
2026-07-28 15:17:00,ccf-aiops-西安,br-1,br,ens8,NULL,0,0,0,0,0,0,0,0,0
2026-07-28 15:17:00,ccf-aiops-西安,br-1,br,ens9,NULL,0,0,0,0,0,0,0,0,0
2026-07-28 15:17:00,ccf-aiops-西安,br-2,br,ens10,NULL,0,0,0,0,0,0,0,0,0
2026-07-28 15:17:00,ccf-aiops-西安,br-2,br,ens11,NULL,0,0,0,0,0,0,0,0,0
2026-07-28 15:17:00,ccf-aiops-西安,br-2,br,ens12,NULL,0,0,0,0,0,0,0,0,0
2026-07-28 15:17:00,ccf-aiops-西安,br-2,br,ens3,NULL,164,114.22222222222221,1.222222222222222,0.5555555555555555,0.04444444444444444,0,0,0,0
2026-07-28 15:17:00,ccf-aiops-西安,br-2,br,ens4,backbone,684.5111111111111,241.84444444444443,6.622222222222222,2.2444444444444445,0,0,0,0,0
2026-07-28 15:17:00,ccf-aiops-西安,br-2,br,ens5,backbone,384.22222222222223,2830.7111111111108,3.422222222222222,3.6666666666666665,0,0,0,0,0
2026-07-28 15:17:00,ccf-aiops-西安,br-2,br,ens6,NULL,0,0,0,0,0,0,0,0,0
2026-07-28 15:17:00,ccf-aiops-西安,br-2,br,ens7,NULL,0,0,0,0,0,0,0,0,0
2026-07-28 15:17:00,ccf-aiops-西安,br-2,br,ens8,NULL,0,0,0,0,0,0,0,0,0
2026-07-28 15:17:00,ccf-aiops-西安,br-2,br,ens9,NULL,0,0,0,0,0,0,0,0,0
2026-07-28 15:17:00,ccf-aiops-西安,cr-1,cr,ens10,NULL,0,0,0,0,0,0,0,0,0
2026-07-28 15:17:00,ccf-aiops-西安,cr-1,cr,ens11,NULL,0,0,0,0,0,0,0,0,0
2026-07-28 15:17:00,ccf-aiops-西安,cr-1,cr,ens12,NULL,0,0,0,0,0,0,0,0,0
2026-07-28 15:17:00,ccf-aiops-西安,cr-1,cr,ens3,NULL,151.46666666666667,114.22222222222221,1.1555555555555554,0.5555555555555555,0,0,0,0,0
2026-07-28 15:17:00,ccf-aiops-西安,cr-1,cr,ens4,backbone,2144.222222222222,139.33333333333334,3.8,1.2444444444444442,0,0,0,0,0
2026-07-28 15:17:00,ccf-aiops-西安,cr-1,cr,ens5,backbone,397.73333333333335,4379.31111111111,3.511111111111111,5.888888888888888,0,0,0,0,0
2026-07-28 15:17:00,ccf-aiops-西安,cr-1,cr,ens6,NULL,0,0,0,0,0,0,0,0,0
2026-07-28 15:17:00,ccf-aiops-西安,cr-1,cr,ens7,NULL,0,0,0,0,0,0,0,0,0
2026-07-28 15:17:00,ccf-aiops-西安,cr-1,cr,ens8,NULL,0,0,0,0,0,0,0,0,0
2026-07-28 15:17:00,ccf-aiops-西安,cr-1,cr,ens9,NULL,0,0,0,0,0,0,0,0,0
2026-07-28 15:17:00,ccf-aiops-西安,cr-2,cr,ens10,NULL,0,0,0,0,0,0,0,0,0
2026-07-28 15:17:00,ccf-aiops-西安,cr-2,cr,ens11,NULL,0,0,0,0,0,0,0,0,0
2026-07-28 15:17:00,ccf-aiops-西安,cr-2,cr,ens12,NULL,0,0,0,0,0,0,0,0,0
2026-07-28 15:17:00,ccf-aiops-西安,cr-2,cr,ens3,NULL,150.66666666666666,114.22222222222221,1.1333333333333333,0.5555555555555555,0,0,0,0,0
2026-07-28 15:17:00,ccf-aiops-西安,cr-2,cr,ens4,backbone,3509.266666666667,619.9333333333333,4.088888888888889,5.488888888888889,0,0,0,0,0
2026-07-28 15:17:00,ccf-aiops-西安,cr-2,cr,ens5,backbone,746.6,6255.244444444444,6.5777777777777775,5.51111111111111,0,0,0,0,0
2026-07-28 15:17:00,ccf-aiops-西安,cr-2,cr,ens6,NULL,0,0,0,0,0,0,0,0,0
2026-07-28 15:17:00,ccf-aiops-西安,cr-2,cr,ens7,NULL,0,0,0,0,0,0,0,0,0
2026-07-28 15:17:00,ccf-aiops-西安,cr-2,cr,ens8,NULL,0,0,0,0,0,0,0,0,0
2026-07-28 15:17:00,ccf-aiops-西安,cr-2,cr,ens9,NULL,0,0,0,0,0,0,0,0,0
2026-07-28 15:17:00,ccf-aiops-西安,fw,firewall,ens3,NULL,199.15555555555554,130.35555555555555,1.8444444444444443,0.9777777777777777,0,0,0,0,0
2026-07-28 15:17:00,ccf-aiops-西安,fw,firewall,ens4,backbone,9982.977777777776,1101.4888888888888,11.71111111111111,9.644444444444444,0,0,0,0,0
2026-07-28 15:17:00,ccf-aiops-西安,fw,firewall,ens5,business,1187.8666666666666,11127.133333333333,10.266666666666667,11.822222222222221,0,0,0,0,0
2026-07-28 15:17:00,ccf-aiops-西安,fw,firewall,ens6,NULL,0,0,0,0,0,0,0,0,0
2026-07-28 15:17:00,ccf-aiops-西安,monitor-vm,collector,ens3,NULL,228,128.88888888888889,2.311111111111111,0.9555555555555555,0,0,0,0,0
2026-07-28 15:17:00,ccf-aiops-西安,monitor-vm,collector,ens4,mgmt,29116.8,1020.2888888888888,11.355555555555554,8.977777777777778,0,0,0,0,0
2026-07-28 15:17:00,ccf-aiops-西安,monitor-vm,collector,ens5,NULL,0,0,0,0,0,0,0,0,0
2026-07-28 15:17:00,ccf-aiops-西安,monitor-vm,collector,ens6,NULL,0,0,0,0,0,0,0,0,0
2026-07-28 15:17:00,ccf-aiops-西安,probe-vm,probe,ens3,NULL,97.82222222222222,61.42222222222222,0.8666666666666667,0.28888888888888886,0,0,0,0,0
2026-07-28 15:17:00,ccf-aiops-西安,probe-vm,probe,ens4,business,89.86666666666666,1175.6666666666667,0.6,0.4,0,0,0,0,0
2026-07-28 15:17:00,ccf-aiops-西安,probe-vm,probe,ens5,NULL,0,0,0,0,0,0,0,0,0
2026-07-28 15:17:00,ccf-aiops-西安,probe-vm,probe,ens6,NULL,0,0,0,0,0,0,0,0,0
2026-07-28 15:17:00,ccf-aiops-西安,service-vm-1,service,ens3,NULL,410.1333333333333,229.95555555555555,4.288888888888889,1.9333333333333333,0,0,0,0,0
2026-07-28 15:17:00,ccf-aiops-西安,service-vm-1,service,ens4,service,86.3111111111111,1189.4666666666667,0.6222222222222221,0.4222222222222222,0,0,0,0,0
2026-07-28 15:17:00,ccf-aiops-西安,service-vm-1,service,ens5,NULL,0,0,0,0,0,0,0,0,0
2026-07-28 15:17:00,ccf-aiops-西安,service-vm-1,service,ens6,NULL,0,0,0,0,0,0,0,0,0
2026-07-28 15:17:00,ccf-aiops-西安,service-vm-2,service,ens3,NULL,76.48888888888888,62.35555555555555,0.5111111111111111,0.31111111111111106,0,0,0,0,0
2026-07-28 15:17:00,ccf-aiops-西安,service-vm-2,service,ens4,service,84.4,1178.5777777777776,0.6,0.3777777777777777,0,0,0,0,0
2026-07-28 15:17:00,ccf-aiops-西安,service-vm-2,service,ens5,NULL,0,0,0,0,0,0,0,0,0
2026-07-28 15:17:00,ccf-aiops-西安,service-vm-2,service,ens6,NULL,0,0,0,0,0,0,0,0,0
2026-07-28 15:17:00,ccf-aiops-西安,service-vm-3,service,ens3,NULL,21.777777777777775,0,0.2222222222222222,0,0,0,0,0,0
2026-07-28 15:17:00,ccf-aiops-西安,service-vm-3,service,ens4,service,86.3111111111111,1177.1777777777777,0.6222222222222221,0.4,0,0,0,0,0
2026-07-28 15:17:00,ccf-aiops-西安,service-vm-3,service,ens5,NULL,0,0,0,0,0,0,0,0,0
2026-07-28 15:17:00,ccf-aiops-西安,service-vm-3,service,ens6,NULL,0,0,0,0,0,0,0,0,0
2026-07-28 15:17:00,ccf-aiops-西安,traffic-vm,traffic,ens3,NULL,172.44444444444443,68.93333333333334,2.022222222222222,0.6888888888888888,0,0,0,0,0
2026-07-28 15:17:00,ccf-aiops-西安,traffic-vm,traffic,ens4,business,662.5111111111111,14298.822222222221,5.111111111111111,5.266666666666667,0,0,0,0,0
2026-07-28 15:17:00,ccf-aiops-西安,traffic-vm,traffic,ens5,NULL,0,0,0,0,0,0,0,0,0
2026-07-28 15:17:00,ccf-aiops-西安,traffic-vm,traffic,ens6,NULL,0,0,0,0,0,0,0,0,0
2026-07-28 15:18:00,ccf-aiops-西安,br-1,br,ens10,NULL,0,0,0,0,0,0,0,0,0
2026-07-28 15:18:00,ccf-aiops-西安,br-1,br,ens11,NULL,0,0,0,0,0,0,0,0,0
2026-07-28 15:18:00,ccf-aiops-西安,br-1,br,ens12,NULL,0,0,0,0,0,0,0,0,0
2026-07-28 15:18:00,ccf-aiops-西安,br-1,br,ens3,NULL,305.71111111111105,136.93333333333334,3.5777777777777775,1.3555555555555554,0,0,0,0,0
2026-07-28 15:18:00,ccf-aiops-西安,br-1,br,ens4,backbone,1115.2444444444443,650.7111111111111,9.777777777777777,5.6,0,0,0,0,0
2026-07-28 15:18:00,ccf-aiops-西安,br-1,br,ens5,backbone,814.8222222222222,2791.2,6.977777777777777,6.71111111111111,0,0,0,0,0
2026-07-28 15:18:00,ccf-aiops-西安,br-1,br,ens6,NULL,0,0,0,0,0,0,0,0,0
2026-07-28 15:18:00,ccf-aiops-西安,br-1,br,ens7,NULL,0,0,0,0,0,0,0,0,0
2026-07-28 15:18:00,ccf-aiops-西安,br-1,br,ens8,NULL,0,0,0,0,0,0,0,0,0
2026-07-28 15:18:00,ccf-aiops-西安,br-1,br,ens9,NULL,0,0,0,0,0,0,0,0,0
2026-07-28 15:18:00,ccf-aiops-西安,br-2,br,ens10,NULL,0,0,0,0,0,0,0,0,0
2026-07-28 15:18:00,ccf-aiops-西安,br-2,br,ens11,NULL,0,0,0,0,0,0,0,0,0
2026-07-28 15:18:00,ccf-aiops-西安,br-2,br,ens12,NULL,0,0,0,0,0,0,0,0,0
2026-07-28 15:18:00,ccf-aiops-西安,br-2,br,ens3,NULL,70.88888888888889,0,0.9777777777777777,0,0.04444444444444444,0,0,0,0
2026-07-28 15:18:00,ccf-aiops-西安,br-2,br,ens4,backbone,1296.5555555555554,744.8666666666667,10.888888888888888,6.488888888888889,0,0,0,0,0
2026-07-28 15:18:00,ccf-aiops-西安,br-2,br,ens5,backbone,899.1333333333333,2876,7.688888888888888,7.266666666666667,0,0,0,0,0
2026-07-28 15:18:00,ccf-aiops-西安,br-2,br,ens6,NULL,0,0,0,0,0,0,0,0,0
2026-07-28 15:18:00,ccf-aiops-西安,br-2,br,ens7,NULL,0,0,0,0,0,0,0,0,0
2026-07-28 15:18:00,ccf-aiops-西安,br-2,br,ens8,NULL,0,0,0,0,0,0,0,0,0
2026-07-28 15:18:00,ccf-aiops-西安,br-2,br,ens9,NULL,0,0,0,0,0,0,0,0,0
2026-07-28 15:18:00,ccf-aiops-西安,cr-1,cr,ens10,NULL,0,0,0,0,0,0,0,0,0
2026-07-28 15:18:00,ccf-aiops-西安,cr-1,cr,ens11,NULL,0,0,0,0,0,0,0,0,0
2026-07-28 15:18:00,ccf-aiops-西安,cr-1,cr,ens12,NULL,0,0,0,0,0,0,0,0,0
2026-07-28 15:18:00,ccf-aiops-西安,cr-1,cr,ens3,NULL,54.888888888888886,0,0.8444444444444444,0,0,0,0,0,0
2026-07-28 15:18:00,ccf-aiops-西安,cr-1,cr,ens4,backbone,1875.0444444444443,183.24444444444444,7.5777777777777775,1.6222222222222222,0,0,0,0,0
2026-07-28 15:18:00,ccf-aiops-西安,cr-1,cr,ens5,backbone,1081.6444444444444,4524.933333333333,9.11111111111111,14.688888888888888,0,0,0,0,0
2026-07-28 15:18:00,ccf-aiops-西安,cr-1,cr,ens6,NULL,0,0,0,0,0,0,0,0,0
2026-07-28 15:18:00,ccf-aiops-西安,cr-1,cr,ens7,NULL,0,0,0,0,0,0,0,0,0
2026-07-28 15:18:00,ccf-aiops-西安,cr-1,cr,ens8,NULL,0,0,0,0,0,0,0,0,0
2026-07-28 15:18:00,ccf-aiops-西安,cr-1,cr,ens9,NULL,0,0,0,0,0,0,0,0,0
2026-07-28 15:18:00,ccf-aiops-西安,cr-2,cr,ens10,NULL,0,0,0,0,0,0,0,0,0
2026-07-28 15:18:00,ccf-aiops-西安,cr-2,cr,ens11,NULL,0,0,0,0,0,0,0,0,0
2026-07-28 15:18:00,ccf-aiops-西安,cr-2,cr,ens12,NULL,0,0,0,0,0,0,0,0,0
2026-07-28 15:18:00,ccf-aiops-西安,cr-2,cr,ens3,NULL,57.55555555555555,0,0.8888888888888888,0,0,0,0,0,0
2026-07-28 15:18:00,ccf-aiops-西安,cr-2,cr,ens4,backbone,3929.311111111111,1480.5777777777776,7.288888888888889,12.6,0,0,0,0,0
2026-07-28 15:18:00,ccf-aiops-西安,cr-2,cr,ens5,backbone,1610.4444444444443,6143.466666666666,13.733333333333333,8.4,0,0,0,0,0
2026-07-28 15:18:00,ccf-aiops-西安,cr-2,cr,ens6,NULL,0,0,0,0,0,0,0,0,0
2026-07-28 15:18:00,ccf-aiops-西安,cr-2,cr,ens7,NULL,0,0,0,0,0,0,0,0,0
2026-07-28 15:18:00,ccf-aiops-西安,cr-2,cr,ens8,NULL,0,0,0,0,0,0,0,0,0
2026-07-28 15:18:00,ccf-aiops-西安,cr-2,cr,ens9,NULL,0,0,0,0,0,0,0,0,0
2026-07-28 15:18:00,ccf-aiops-西安,fw,firewall,ens3,NULL,202.9111111111111,130.35555555555555,1.9777777777777776,0.9777777777777777,0,0,0,0,0
2026-07-28 15:18:00,ccf-aiops-西安,fw,firewall,ens4,backbone,9679.666666666666,1900.711111111111,17.244444444444444,16.155555555555555,0,0,0,0,0
2026-07-28 15:18:00,ccf-aiops-西安,fw,firewall,ens5,business,1990.5555555555554,10829.888888888887,16.82222222222222,17.42222222222222,0,0,0,0,0
2026-07-28 15:18:00,ccf-aiops-西安,fw,firewall,ens6,NULL,0,0,0,0,0,0,0,0,0
2026-07-28 15:18:00,ccf-aiops-西安,monitor-vm,collector,ens3,NULL,184.37777777777777,68,2.2666666666666666,0.6666666666666666,0,0,0,0,0
2026-07-28 15:18:00,ccf-aiops-西安,monitor-vm,collector,ens4,mgmt,28480.777777777774,1018.5555555555554,11.31111111111111,8.955555555555554,0,0,0,0,0
2026-07-28 15:18:00,ccf-aiops-西安,monitor-vm,collector,ens5,NULL,0,0,0,0,0,0,0,0,0
2026-07-28 15:18:00,ccf-aiops-西安,monitor-vm,collector,ens6,NULL,0,0,0,0,0,0,0,0,0
2026-07-28 15:18:00,ccf-aiops-西安,probe-vm,probe,ens3,NULL,55.68888888888888,0,0.8666666666666667,0,0,0,0,0,0
2026-07-28 15:18:00,ccf-aiops-西安,probe-vm,probe,ens4,business,96.57777777777777,1164.5333333333333,0.6666666666666666,0.26666666666666666,0,0,0,0,0
2026-07-28 15:18:00,ccf-aiops-西安,probe-vm,probe,ens5,NULL,0,0,0,0,0,0,0,0,0
2026-07-28 15:18:00,ccf-aiops-西安,probe-vm,probe,ens6,NULL,0,0,0,0,0,0,0,0,0
2026-07-28 15:18:00,ccf-aiops-西安,service-vm-1,service,ens3,NULL,360.55555555555554,166.4,4.2,1.6444444444444444,0,0,0,0,0
2026-07-28 15:18:00,ccf-aiops-西安,service-vm-1,service,ens4,service,109.24444444444444,1187.9333333333334,0.8888888888888888,0.4,0,0,0,0,0
2026-07-28 15:18:00,ccf-aiops-西安,service-vm-1,service,ens5,NULL,0,0,0,0,0,0,0,0,0
2026-07-28 15:18:00,ccf-aiops-西安,service-vm-1,service,ens6,NULL,0,0,0,0,0,0,0,0,0
2026-07-28 15:18:00,ccf-aiops-西安,service-vm-2,service,ens3,NULL,77.86666666666666,62.35555555555555,0.6222222222222221,0.31111111111111106,0,0,0,0,0
2026-07-28 15:18:00,ccf-aiops-西安,service-vm-2,service,ens4,service,86.13333333333334,1177.3777777777775,0.6222222222222221,0.3555555555555555,0,0,0,0,0
2026-07-28 15:18:00,ccf-aiops-西安,service-vm-2,service,ens5,NULL,0,0,0,0,0,0,0,0,0
2026-07-28 15:18:00,ccf-aiops-西安,service-vm-2,service,ens6,NULL,0,0,0,0,0,0,0,0,0
2026-07-28 15:18:00,ccf-aiops-西安,service-vm-3,service,ens3,NULL,80.84444444444443,62.35555555555555,0.6666666666666666,0.31111111111111106,0,0,0,0,0
2026-07-28 15:18:00,ccf-aiops-西安,service-vm-3,service,ens4,service,97.77777777777777,1177.9555555555555,0.7555555555555554,0.4,0,0,0,0,0
2026-07-28 15:18:00,ccf-aiops-西安,service-vm-3,service,ens5,NULL,0,0,0,0,0,0,0,0,0
2026-07-28 15:18:00,ccf-aiops-西安,service-vm-3,service,ens6,NULL,0,0,0,0,0,0,0,0,0
2026-07-28 15:18:00,ccf-aiops-西安,traffic-vm,traffic,ens3,NULL,234.7111111111111,128.88888888888889,2.511111111111111,0.9555555555555555,0,0,0,0,0
2026-07-28 15:18:00,ccf-aiops-西安,traffic-vm,traffic,ens4,business,1806.4444444444443,15329.6,13.444444444444445,13.8,0,0,0,0,0
2026-07-28 15:18:00,ccf-aiops-西安,traffic-vm,traffic,ens5,NULL,0,0,0,0,0,0,0,0,0
2026-07-28 15:18:00,ccf-aiops-西安,traffic-vm,traffic,ens6,NULL,0,0,0,0,0,0,0,0,0
2026-07-28 15:19:00,ccf-aiops-西安,br-1,br,ens10,NULL,0,0,0,0,0,0,0,0,0
2026-07-28 15:19:00,ccf-aiops-西安,br-1,br,ens11,NULL,0,0,0,0,0,0,0,0,0
2026-07-28 15:19:00,ccf-aiops-西安,br-1,br,ens12,NULL,0,0,0,0,0,0,0,0,0
2026-07-28 15:19:00,ccf-aiops-西安,br-1,br,ens3,NULL,287.8666666666667,134.66666666666666,3.355555555555555,1.3333333333333333,0,0,0,0,0
2026-07-28 15:19:00,ccf-aiops-西安,br-1,br,ens4,backbone,791.9555555555555,275.46666666666664,7.288888888888889,2.511111111111111,0,0,0,0,0
2026-07-28 15:19:00,ccf-aiops-西安,br-1,br,ens5,backbone,414.6,2478.644444444444,3.6888888888888887,4.022222222222222,0,0,0,0,0
2026-07-28 15:19:00,ccf-aiops-西安,br-1,br,ens6,NULL,0,0,0,0,0,0,0,0,0
2026-07-28 15:19:00,ccf-aiops-西安,br-1,br,ens7,NULL,0,0,0,0,0,0,0,0,0
2026-07-28 15:19:00,ccf-aiops-西安,br-1,br,ens8,NULL,0,0,0,0,0,0,0,0,0
2026-07-28 15:19:00,ccf-aiops-西安,br-1,br,ens9,NULL,0,0,0,0,0,0,0,0,0
2026-07-28 15:19:00,ccf-aiops-西安,br-2,br,ens10,NULL,0,0,0,0,0,0,0,0,0
2026-07-28 15:19:00,ccf-aiops-西安,br-2,br,ens11,NULL,0,0,0,0,0,0,0,0,0
2026-07-28 15:19:00,ccf-aiops-西安,br-2,br,ens12,NULL,0,0,0,0,0,0,0,0,0
2026-07-28 15:19:00,ccf-aiops-西安,br-2,br,ens3,NULL,169.24444444444444,114.22222222222221,1.311111111111111,0.5555555555555555,0.04444444444444444,0,0,0,0
2026-07-28 15:19:00,ccf-aiops-西安,br-2,br,ens4,backbone,717.3777777777777,337.8222222222222,6.488888888888889,3.0888888888888886,0,0,0,0,0
2026-07-28 15:19:00,ccf-aiops-西安,br-2,br,ens5,backbone,481.08888888888885,2590.244444444444,4.266666666666667,3.822222222222222,0,0,0,0,0
2026-07-28 15:19:00,ccf-aiops-西安,br-2,br,ens6,NULL,0,0,0,0,0,0,0,0,0
2026-07-28 15:19:00,ccf-aiops-西安,br-2,br,ens7,NULL,0,0,0,0,0,0,0,0,0
2026-07-28 15:19:00,ccf-aiops-西安,br-2,br,ens8,NULL,0,0,0,0,0,0,0,0,0
2026-07-28 15:19:00,ccf-aiops-西安,br-2,br,ens9,NULL,0,0,0,0,0,0,0,0,0
2026-07-28 15:19:00,ccf-aiops-西安,cr-1,cr,ens10,NULL,0,0,0,0,0,0,0,0,0
2026-07-28 15:19:00,ccf-aiops-西安,cr-1,cr,ens11,NULL,0,0,0,0,0,0,0,0,0
2026-07-28 15:19:00,ccf-aiops-西安,cr-1,cr,ens12,NULL,0,0,0,0,0,0,0,0,0
2026-07-28 15:19:00,ccf-aiops-西安,cr-1,cr,ens3,NULL,62.35555555555555,0,0.8666666666666667,0,0,0,0,0,0
2026-07-28 15:19:00,ccf-aiops-西安,cr-1,cr,ens4,backbone,1653.5555555555554,141.6,4.4,1.2666666666666666,0,0,0,0,0
2026-07-28 15:19:00,ccf-aiops-西安,cr-1,cr,ens5,backbone,565.3777777777777,3895.8,5.022222222222222,7.8,0,0,0,0,0
2026-07-28 15:19:00,ccf-aiops-西安,cr-1,cr,ens6,NULL,0,0,0,0,0,0,0,0,0
2026-07-28 15:19:00,ccf-aiops-西安,cr-1,cr,ens7,NULL,0,0,0,0,0,0,0,0,0
2026-07-28 15:19:00,ccf-aiops-西安,cr-1,cr,ens8,NULL,0,0,0,0,0,0,0,0,0
2026-07-28 15:19:00,ccf-aiops-西安,cr-1,cr,ens9,NULL,0,0,0,0,0,0,0,0,0
2026-07-28 15:19:00,ccf-aiops-西安,cr-2,cr,ens10,NULL,0,0,0,0,0,0,0,0,0
2026-07-28 15:19:00,ccf-aiops-西安,cr-2,cr,ens11,NULL,0,0,0,0,0,0,0,0,0
2026-07-28 15:19:00,ccf-aiops-西安,cr-2,cr,ens12,NULL,0,0,0,0,0,0,0,0,0
2026-07-28 15:19:00,ccf-aiops-西安,cr-2,cr,ens3,NULL,54.222222222222214,0,0.7555555555555554,0,0,0,0,0,0
2026-07-28 15:19:00,ccf-aiops-西安,cr-2,cr,ens4,backbone,3673.7111111111108,737.0444444444444,5.177777777777777,6.533333333333333,0,0,0,0,0
2026-07-28 15:19:00,ccf-aiops-西安,cr-2,cr,ens5,backbone,852.0666666666667,5960.444444444443,7.488888888888889,5.9111111111111105,0,0,0,0,0
2026-07-28 15:19:00,ccf-aiops-西安,cr-2,cr,ens6,NULL,0,0,0,0,0,0,0,0,0
2026-07-28 15:19:00,ccf-aiops-西安,cr-2,cr,ens7,NULL,0,0,0,0,0,0,0,0,0
2026-07-28 15:19:00,ccf-aiops-西安,cr-2,cr,ens8,NULL,0,0,0,0,0,0,0,0,0
2026-07-28 15:19:00,ccf-aiops-西安,cr-2,cr,ens9,NULL,0,0,0,0,0,0,0,0,0
2026-07-28 15:19:00,ccf-aiops-西安,fw,firewall,ens3,NULL,197.4222222222222,130.35555555555555,1.8222222222222222,0.9777777777777777,0,0,0,0,0
2026-07-28 15:19:00,ccf-aiops-西安,fw,firewall,ens4,backbone,9215.244444444445,1056.1555555555556,10.933333333333334,9.222222222222221,0,0,0,0,0
2026-07-28 15:19:00,ccf-aiops-西安,fw,firewall,ens5,business,1138.9777777777776,10350.177777777777,9.8,10.933333333333334,0,0,0,0,0
2026-07-28 15:19:00,ccf-aiops-西安,fw,firewall,ens6,NULL,0,0,0,0,0,0,0,0,0
2026-07-28 15:19:00,ccf-aiops-西安,monitor-vm,collector,ens3,NULL,218.35555555555553,128.08888888888887,2.2888888888888888,0.9555555555555555,0,0,0,0,0
2026-07-28 15:19:00,ccf-aiops-西安,monitor-vm,collector,ens4,mgmt,28566.28888888889,1005.2666666666667,11.02222222222222,8.8,0,0,0,0,0
2026-07-28 15:19:00,ccf-aiops-西安,monitor-vm,collector,ens5,NULL,0,0,0,0,0,0,0,0,0
2026-07-28 15:19:00,ccf-aiops-西安,monitor-vm,collector,ens6,NULL,0,0,0,0,0,0,0,0,0
2026-07-28 15:19:00,ccf-aiops-西安,probe-vm,probe,ens3,NULL,52.888888888888886,0,0.7333333333333333,0,0,0,0,0,0
2026-07-28 15:19:00,ccf-aiops-西安,probe-vm,probe,ens4,business,104.97777777777777,1171.911111111111,0.7777777777777778,0.3333333333333333,0,0,0,0,0
2026-07-28 15:19:00,ccf-aiops-西安,probe-vm,probe,ens5,NULL,0,0,0,0,0,0,0,0,0
2026-07-28 15:19:00,ccf-aiops-西安,probe-vm,probe,ens6,NULL,0,0,0,0,0,0,0,0,0
2026-07-28 15:19:00,ccf-aiops-西安,service-vm-1,service,ens3,NULL,410.97777777777776,230.08888888888887,4.333333333333333,1.9555555555555555,0,0,0,0,0
2026-07-28 15:19:00,ccf-aiops-西安,service-vm-1,service,ens4,service,109.06666666666666,1185.311111111111,0.8888888888888888,0.3777777777777777,0,0,0,0,0
2026-07-28 15:19:00,ccf-aiops-西安,service-vm-1,service,ens5,NULL,0,0,0,0,0,0,0,0,0
2026-07-28 15:19:00,ccf-aiops-西安,service-vm-1,service,ens6,NULL,0,0,0,0,0,0,0,0,0
2026-07-28 15:19:00,ccf-aiops-西安,service-vm-2,service,ens3,NULL,73.42222222222222,61.42222222222222,0.4666666666666667,0.28888888888888886,0,0,0,0,0
2026-07-28 15:19:00,ccf-aiops-西安,service-vm-2,service,ens4,service,74.66666666666667,1168.2222222222222,0.4888888888888889,0.26666666666666666,0,0,0,0,0
2026-07-28 15:19:00,ccf-aiops-西安,service-vm-2,service,ens5,NULL,0,0,0,0,0,0,0,0,0
2026-07-28 15:19:00,ccf-aiops-西安,service-vm-2,service,ens6,NULL,0,0,0,0,0,0,0,0,0
2026-07-28 15:19:00,ccf-aiops-西安,service-vm-3,service,ens3,NULL,35.37935019334193,0,0.4222409884883772,0,0,0,0,0,0
2026-07-28 15:19:00,ccf-aiops-西安,service-vm-3,service,ens4,service,99.51553402373438,1175.0300013333924,0.7778123472154318,0.3777945686474954,0,0,0,0,0
2026-07-28 15:19:00,ccf-aiops-西安,service-vm-3,service,ens5,NULL,0,0,0,0,0,0,0,0,0
2026-07-28 15:19:00,ccf-aiops-西安,service-vm-3,service,ens6,NULL,0,0,0,0,0,0,0,0,0
2026-07-28 15:19:00,ccf-aiops-西安,traffic-vm,traffic,ens3,NULL,187.6,66.66666666666667,2.2666666666666666,0.6666666666666666,0,0,0,0,0
2026-07-28 15:19:00,ccf-aiops-西安,traffic-vm,traffic,ens4,business,999.5555555555554,14535.511111111111,7.311111111111111,7.311111111111111,0,0,0,0,0
2026-07-28 15:19:00,ccf-aiops-西安,traffic-vm,traffic,ens5,NULL,0,0,0,0,0,0,0,0,0
2026-07-28 15:19:00,ccf-aiops-西安,traffic-vm,traffic,ens6,NULL,0,0,0,0,0,0,0,0,0
2026-07-28 15:20:00,ccf-aiops-西安,br-1,br,ens10,NULL,0,0,0,0,0,0,0,0,0
2026-07-28 15:20:00,ccf-aiops-西安,br-1,br,ens11,NULL,0,0,0,0,0,0,0,0,0
2026-07-28 15:20:00,ccf-aiops-西安,br-1,br,ens12,NULL,0,0,0,0,0,0,0,0,0
2026-07-28 15:20:00,ccf-aiops-西安,br-1,br,ens3,NULL,282.35555555555555,134.66666666666666,3.2666666666666666,1.3333333333333333,0,0,0,0,0
2026-07-28 15:20:00,ccf-aiops-西安,br-1,br,ens4,backbone,745.8666666666667,237.04444444444442,7.244444444444444,2.1333333333333333,0,0,0,0,0
2026-07-28 15:20:00,ccf-aiops-西安,br-1,br,ens5,backbone,372.9555555555555,2290.733333333333,3.2888888888888888,3.511111111111111,0,0,0,0,0
2026-07-28 15:20:00,ccf-aiops-西安,br-1,br,ens6,NULL,0,0,0,0,0,0,0,0,0
2026-07-28 15:20:00,ccf-aiops-西安,br-1,br,ens7,NULL,0,0,0,0,0,0,0,0,0
2026-07-28 15:20:00,ccf-aiops-西安,br-1,br,ens8,NULL,0,0,0,0,0,0,0,0,0
2026-07-28 15:20:00,ccf-aiops-西安,br-1,br,ens9,NULL,0,0,0,0,0,0,0,0,0
2026-07-28 15:20:00,ccf-aiops-西安,br-2,br,ens10,NULL,0,0,0,0,0,0,0,0,0
2026-07-28 15:20:00,ccf-aiops-西安,br-2,br,ens11,NULL,0,0,0,0,0,0,0,0,0
2026-07-28 15:20:00,ccf-aiops-西安,br-2,br,ens12,NULL,0,0,0,0,0,0,0,0,0
2026-07-28 15:20:00,ccf-aiops-西安,br-2,br,ens3,NULL,58.044444444444444,0,0.6888888888888888,0,0.04444444444444444,0,0,0,0
2026-07-28 15:20:00,ccf-aiops-西安,br-2,br,ens4,backbone,671.5777777777778,279.1333333333333,6.688888888888888,2.533333333333333,0,0,0,0,0
2026-07-28 15:20:00,ccf-aiops-西安,br-2,br,ens5,backbone,424.8444444444444,2325.7111111111108,3.7333333333333334,3.0888888888888886,0,0,0,0,0
2026-07-28 15:20:00,ccf-aiops-西安,br-2,br,ens6,NULL,0,0,0,0,0,0,0,0,0
2026-07-28 15:20:00,ccf-aiops-西安,br-2,br,ens7,NULL,0,0,0,0,0,0,0,0,0
2026-07-28 15:20:00,ccf-aiops-西安,br-2,br,ens8,NULL,0,0,0,0,0,0,0,0,0
2026-07-28 15:20:00,ccf-aiops-西安,br-2,br,ens9,NULL,0,0,0,0,0,0,0,0,0
2026-07-28 15:20:00,ccf-aiops-西安,cr-1,cr,ens10,NULL,0,0,0,0,0,0,0,0,0
2026-07-28 15:20:00,ccf-aiops-西安,cr-1,cr,ens11,NULL,0,0,0,0,0,0,0,0,0
2026-07-28 15:20:00,ccf-aiops-西安,cr-1,cr,ens12,NULL,0,0,0,0,0,0,0,0,0
2026-07-28 15:20:00,ccf-aiops-西安,cr-1,cr,ens3,NULL,156.66666666666666,114.22222222222221,1.222222222222222,0.5555555555555555,0,0,0,0,0
2026-07-28 15:20:00,ccf-aiops-西安,cr-1,cr,ens4,backbone,1330.1777777777777,163.04444444444442,3.2444444444444445,1.4444444444444442,0,0,0,0,0
2026-07-28 15:20:00,ccf-aiops-西安,cr-1,cr,ens5,backbone,504.6,3390.422222222222,4.4,5.8,0,0,0,0,0
2026-07-28 15:20:00,ccf-aiops-西安,cr-1,cr,ens6,NULL,0,0,0,0,0,0,0,0,0
2026-07-28 15:20:00,ccf-aiops-西安,cr-1,cr,ens7,NULL,0,0,0,0,0,0,0,0,0
2026-07-28 15:20:00,ccf-aiops-西安,cr-1,cr,ens8,NULL,0,0,0,0,0,0,0,0,0
2026-07-28 15:20:00,ccf-aiops-西安,cr-1,cr,ens9,NULL,0,0,0,0,0,0,0,0,0
2026-07-28 15:20:00,ccf-aiops-西安,cr-2,cr,ens10,NULL,0,0,0,0,0,0,0,0,0
2026-07-28 15:20:00,ccf-aiops-西安,cr-2,cr,ens11,NULL,0,0,0,0,0,0,0,0,0
2026-07-28 15:20:00,ccf-aiops-西安,cr-2,cr,ens12,NULL,0,0,0,0,0,0,0,0,0
2026-07-28 15:20:00,ccf-aiops-西安,cr-2,cr,ens3,NULL,44.71111111111111,0,0.6,0,0,0,0,0,0
2026-07-28 15:20:00,ccf-aiops-西安,cr-2,cr,ens4,backbone,3505.5333333333333,571.8,4.2444444444444445,5.022222222222222,0,0,0,0,0
2026-07-28 15:20:00,ccf-aiops-西安,cr-2,cr,ens5,backbone,694.2,5814.044444444444,6.066666666666666,5.4,0,0,0,0,0
2026-07-28 15:20:00,ccf-aiops-西安,cr-2,cr,ens6,NULL,0,0,0,0,0,0,0,0,0
2026-07-28 15:20:00,ccf-aiops-西安,cr-2,cr,ens7,NULL,0,0,0,0,0,0,0,0,0
2026-07-28 15:20:00,ccf-aiops-西安,cr-2,cr,ens8,NULL,0,0,0,0,0,0,0,0,0
2026-07-28 15:20:00,ccf-aiops-西安,cr-2,cr,ens9,NULL,0,0,0,0,0,0,0,0,0
2026-07-28 15:20:00,ccf-aiops-西安,fw,firewall,ens3,NULL,134.44444444444443,68.93333333333334,1.4888888888888887,0.6888888888888888,0,0,0,0,0
2026-07-28 15:20:00,ccf-aiops-西安,fw,firewall,ens4,backbone,8560.377777777778,973.7777777777777,9.755555555555555,8.422222222222222,0,0,0,0,0
2026-07-28 15:20:00,ccf-aiops-西安,fw,firewall,ens5,business,1081.1777777777777,9705.333333333334,9.222222222222221,9.888888888888888,0,0,0,0,0
2026-07-28 15:20:00,ccf-aiops-西安,fw,firewall,ens6,NULL,0,0,0,0,0,0,0,0,0
2026-07-28 15:20:00,ccf-aiops-西安,monitor-vm,collector,ens3,NULL,218.26666666666668,130.35555555555555,2.2666666666666666,0.9777777777777777,0,0,0,0,0
2026-07-28 15:20:00,ccf-aiops-西安,monitor-vm,collector,ens4,mgmt,27934.28888888889,976.6,10.644444444444444,8.466666666666667,0,0,0,0,0
2026-07-28 15:20:00,ccf-aiops-西安,monitor-vm,collector,ens5,NULL,0,0,0,0,0,0,0,0,0
2026-07-28 15:20:00,ccf-aiops-西安,monitor-vm,collector,ens6,NULL,0,0,0,0,0,0,0,0,0
2026-07-28 15:20:00,ccf-aiops-西安,probe-vm,probe,ens3,NULL,87.28888888888888,62.35555555555555,0.8,0.31111111111111106,0,0,0,0,0
2026-07-28 15:20:00,ccf-aiops-西安,probe-vm,probe,ens4,business,109.24444444444444,1170.3777777777775,0.8222222222222222,0.3333333333333333,0,0,0,0,0
2026-07-28 15:20:00,ccf-aiops-西安,probe-vm,probe,ens5,NULL,0,0,0,0,0,0,0,0,0
2026-07-28 15:20:00,ccf-aiops-西安,probe-vm,probe,ens6,NULL,0,0,0,0,0,0,0,0,0
2026-07-28 15:20:00,ccf-aiops-西安,service-vm-1,service,ens3,NULL,349.1111111111111,170.93333333333334,4,1.6888888888888889,0,0,0,0,0
2026-07-28 15:20:00,ccf-aiops-西安,service-vm-1,service,ens4,service,111.15555555555555,1176.4444444444443,0.8444444444444444,0.26666666666666666,0,0,0,0,0
2026-07-28 15:20:00,ccf-aiops-西安,service-vm-1,service,ens5,NULL,0,0,0,0,0,0,0,0,0
2026-07-28 15:20:00,ccf-aiops-西安,service-vm-1,service,ens6,NULL,0,0,0,0,0,0,0,0,0
2026-07-28 15:20:00,ccf-aiops-西安,service-vm-2,service,ens3,NULL,10.444444444444445,0,0.13333333333333333,0,0,0,0,0,0
2026-07-28 15:20:00,ccf-aiops-西安,service-vm-2,service,ens4,service,101.6,1169.0444444444443,0.7333333333333333,0.26666666666666666,0,0,0,0,0
2026-07-28 15:20:00,ccf-aiops-西安,service-vm-2,service,ens5,NULL,0,0,0,0,0,0,0,0,0
2026-07-28 15:20:00,ccf-aiops-西安,service-vm-2,service,ens6,NULL,0,0,0,0,0,0,0,0,0
2026-07-28 15:20:00,ccf-aiops-西安,service-vm-3,service,ens3,NULL,72.3111111111111,56.84444444444444,0.4444444444444444,0.24444444444444444,0,0,0,0,0
2026-07-28 15:20:00,ccf-aiops-西安,service-vm-3,service,ens4,service,124.53333333333333,1177.6666666666667,1,0.4,0,0,0,0,0
2026-07-28 15:20:00,ccf-aiops-西安,service-vm-3,service,ens5,NULL,0,0,0,0,0,0,0,0,0
2026-07-28 15:20:00,ccf-aiops-西安,service-vm-3,service,ens6,NULL,0,0,0,0,0,0,0,0,0
2026-07-28 15:20:00,ccf-aiops-西安,traffic-vm,traffic,ens3,NULL,178.97777777777776,68.93333333333334,2.111111111111111,0.6888888888888888,0,0,0,0,0
2026-07-28 15:20:00,ccf-aiops-西安,traffic-vm,traffic,ens4,business,684.7777777777777,14338.844444444443,5.4,5.466666666666667,0,0,0,0,0
2026-07-28 15:20:00,ccf-aiops-西安,traffic-vm,traffic,ens5,NULL,0,0,0,0,0,0,0,0,0
2026-07-28 15:20:00,ccf-aiops-西安,traffic-vm,traffic,ens6,NULL,0,0,0,0,0,0,0,0,0
2026-07-28 15:21:00,ccf-aiops-西安,br-1,br,ens10,NULL,0,0,0,0,0,0,0,0,0
2026-07-28 15:21:00,ccf-aiops-西安,br-1,br,ens11,NULL,0,0,0,0,0,0,0,0,0
2026-07-28 15:21:00,ccf-aiops-西安,br-1,br,ens12,NULL,0,0,0,0,0,0,0,0,0
2026-07-28 15:21:00,ccf-aiops-西安,br-1,br,ens3,NULL,286.5777777777777,136.93333333333334,3.3333333333333335,1.3555555555555554,0,0,0,0,0
2026-07-28 15:21:00,ccf-aiops-西安,br-1,br,ens4,backbone,824.7555555555555,331.8444444444444,7.222222222222222,2.933333333333333,0,0,0,0,0
2026-07-28 15:21:00,ccf-aiops-西安,br-1,br,ens5,backbone,475.6222222222222,2354.6666666666665,4.133333333333334,4.288888888888889,0,0,0,0,0
2026-07-28 15:21:00,ccf-aiops-西安,br-1,br,ens6,NULL,0,0,0,0,0,0,0,0,0
2026-07-28 15:21:00,ccf-aiops-西安,br-1,br,ens7,NULL,0,0,0,0,0,0,0,0,0
2026-07-28 15:21:00,ccf-aiops-西安,br-1,br,ens8,NULL,0,0,0,0,0,0,0,0,0
2026-07-28 15:21:00,ccf-aiops-西安,br-1,br,ens9,NULL,0,0,0,0,0,0,0,0,0
2026-07-28 15:21:00,ccf-aiops-西安,br-2,br,ens10,NULL,0,0,0,0,0,0,0,0,0
2026-07-28 15:21:00,ccf-aiops-西安,br-2,br,ens11,NULL,0,0,0,0,0,0,0,0,0
2026-07-28 15:21:00,ccf-aiops-西安,br-2,br,ens12,NULL,0,0,0,0,0,0,0,0,0
2026-07-28 15:21:00,ccf-aiops-西安,br-2,br,ens3,NULL,57.15555555555555,0,0.6888888888888888,0,0.04444444444444444,0,0,0,0
2026-07-28 15:21:00,ccf-aiops-西安,br-2,br,ens4,backbone,777.0888888888888,348.51111111111106,6.955555555555555,3.1555555555555554,0,0,0,0,0
2026-07-28 15:21:00,ccf-aiops-西安,br-2,br,ens5,backbone,483.4222222222222,2372.5777777777776,4.2444444444444445,3.7333333333333334,0,0,0,0,0
2026-07-28 15:21:00,ccf-aiops-西安,br-2,br,ens6,NULL,0,0,0,0,0,0,0,0,0
2026-07-28 15:21:00,ccf-aiops-西安,br-2,br,ens7,NULL,0,0,0,0,0,0,0,0,0
2026-07-28 15:21:00,ccf-aiops-西安,br-2,br,ens8,NULL,0,0,0,0,0,0,0,0,0
2026-07-28 15:21:00,ccf-aiops-西安,br-2,br,ens9,NULL,0,0,0,0,0,0,0,0,0
2026-07-28 15:21:00,ccf-aiops-西安,cr-1,cr,ens10,NULL,0,0,0,0,0,0,0,0,0
2026-07-28 15:21:00,ccf-aiops-西安,cr-1,cr,ens11,NULL,0,0,0,0,0,0,0,0,0
2026-07-28 15:21:00,ccf-aiops-西安,cr-1,cr,ens12,NULL,0,0,0,0,0,0,0,0,0
2026-07-28 15:21:00,ccf-aiops-西安,cr-1,cr,ens3,NULL,55.24444444444444,0,0.6888888888888888,0,0,0,0,0,0
2026-07-28 15:21:00,ccf-aiops-西安,cr-1,cr,ens4,backbone,1100.511111111111,156.77777777777777,3.2444444444444445,1.3777777777777775,0,0,0,0,0
2026-07-28 15:21:00,ccf-aiops-西安,cr-1,cr,ens5,backbone,623.3555555555555,3174.5777777777776,5.422222222222222,6.8,0,0,0,0,0
2026-07-28 15:21:00,ccf-aiops-西安,cr-1,cr,ens6,NULL,0,0,0,0,0,0,0,0,0
2026-07-28 15:21:00,ccf-aiops-西安,cr-1,cr,ens7,NULL,0,0,0,0,0,0,0,0,0
2026-07-28 15:21:00,ccf-aiops-西安,cr-1,cr,ens8,NULL,0,0,0,0,0,0,0,0,0
2026-07-28 15:21:00,ccf-aiops-西安,cr-1,cr,ens9,NULL,0,0,0,0,0,0,0,0,0
2026-07-28 15:21:00,ccf-aiops-西安,cr-2,cr,ens10,NULL,0,0,0,0,0,0,0,0,0
2026-07-28 15:21:00,ccf-aiops-西安,cr-2,cr,ens11,NULL,0,0,0,0,0,0,0,0,0
2026-07-28 15:21:00,ccf-aiops-西安,cr-2,cr,ens12,NULL,0,0,0,0,0,0,0,0,0
2026-07-28 15:21:00,ccf-aiops-西安,cr-2,cr,ens3,NULL,46.48888888888889,0,0.6444444444444444,0,0,0,0,0,0
2026-07-28 15:21:00,ccf-aiops-西安,cr-2,cr,ens4,backbone,3791.6,778.4666666666667,5.9111111111111105,6.777777777777777,0,0,0,0,0
2026-07-28 15:21:00,ccf-aiops-西安,cr-2,cr,ens5,backbone,898.7777777777777,5941.622222222222,7.8,6.888888888888888,0,0,0,0,0
2026-07-28 15:21:00,ccf-aiops-西安,cr-2,cr,ens6,NULL,0,0,0,0,0,0,0,0,0
2026-07-28 15:21:00,ccf-aiops-西安,cr-2,cr,ens7,NULL,0,0,0,0,0,0,0,0,0
2026-07-28 15:21:00,ccf-aiops-西安,cr-2,cr,ens8,NULL,0,0,0,0,0,0,0,0,0
2026-07-28 15:21:00,ccf-aiops-西安,cr-2,cr,ens9,NULL,0,0,0,0,0,0,0,0,0
2026-07-28 15:21:00,ccf-aiops-西安,fw,firewall,ens3,NULL,181.46666666666667,130.35555555555555,1.6888888888888889,0.9777777777777777,0,0,0,0,0
2026-07-28 15:21:00,ccf-aiops-西安,fw,firewall,ens4,backbone,8445.222222222223,1153.6444444444444,11.066666666666666,9.933333333333334,0,0,0,0,0
2026-07-28 15:21:00,ccf-aiops-西安,fw,firewall,ens5,business,1272.2444444444443,9582.511111111111,10.8,11.11111111111111,0,0,0,0,0
2026-07-28 15:21:00,ccf-aiops-西安,fw,firewall,ens6,NULL,0,0,0,0,0,0,0,0,0
2026-07-28 15:21:00,ccf-aiops-西安,monitor-vm,collector,ens3,NULL,215.73333333333332,128.88888888888889,2.2444444444444445,0.9555555555555555,0,0,0,0,0
2026-07-28 15:21:00,ccf-aiops-西安,monitor-vm,collector,ens4,mgmt,27587,979.7555555555555,10.355555555555554,8.488888888888889,0,0,0,0,0
2026-07-28 15:21:00,ccf-aiops-西安,monitor-vm,collector,ens5,NULL,0,0,0,0,0,0,0,0,0
2026-07-28 15:21:00,ccf-aiops-西安,monitor-vm,collector,ens6,NULL,0,0,0,0,0,0,0,0,0
2026-07-28 15:21:00,ccf-aiops-西安,probe-vm,probe,ens3,NULL,35.91111111111111,0,0.5777777777777777,0,0,0,0,0,0
2026-07-28 15:21:00,ccf-aiops-西安,probe-vm,probe,ens4,business,105.15555555555555,1170.7777777777776,0.7777777777777778,0.3333333333333333,0,0,0,0,0
2026-07-28 15:21:00,ccf-aiops-西安,probe-vm,probe,ens5,NULL,0,0,0,0,0,0,0,0,0
2026-07-28 15:21:00,ccf-aiops-西安,probe-vm,probe,ens6,NULL,0,0,0,0,0,0,0,0,0
2026-07-28 15:21:00,ccf-aiops-西安,service-vm-1,service,ens3,NULL,402.4,230.88888888888886,4.288888888888889,1.9555555555555555,0,0,0,0,0
2026-07-28 15:21:00,ccf-aiops-西安,service-vm-1,service,ens4,service,143.11111111111111,1189.2,1.1555555555555554,0.4,0,0,0,0,0
2026-07-28 15:21:00,ccf-aiops-西安,service-vm-1,service,ens5,NULL,0,0,0,0,0,0,0,0,0
2026-07-28 15:21:00,ccf-aiops-西安,service-vm-1,service,ens6,NULL,0,0,0,0,0,0,0,0,0
2026-07-28 15:21:00,ccf-aiops-西安,service-vm-2,service,ens3,NULL,58.8,62.35555555555555,0.3555555555555555,0.31111111111111106,0,0,0,0,0
2026-07-28 15:21:00,ccf-aiops-西安,service-vm-2,service,ens4,service,108.7111111111111,1167.2666666666667,0.7555555555555554,0.26666666666666666,0,0,0,0,0
2026-07-28 15:21:00,ccf-aiops-西安,service-vm-2,service,ens5,NULL,0,0,0,0,0,0,0,0,0
2026-07-28 15:21:00,ccf-aiops-西安,service-vm-2,service,ens6,NULL,0,0,0,0,0,0,0,0,0
2026-07-28 15:21:00,ccf-aiops-西安,service-vm-3,service,ens3,NULL,78.44444444444443,60.888888888888886,0.4666666666666667,0.28888888888888886,0,0,0,0,0
2026-07-28 15:21:00,ccf-aiops-西安,service-vm-3,service,ens4,service,96.84444444444443,1165.8666666666666,0.6666666666666666,0.26666666666666666,0,0,0,0,0
2026-07-28 15:21:00,ccf-aiops-西安,service-vm-3,service,ens5,NULL,0,0,0,0,0,0,0,0,0
2026-07-28 15:21:00,ccf-aiops-西安,service-vm-3,service,ens6,NULL,0,0,0,0,0,0,0,0,0
2026-07-28 15:21:00,ccf-aiops-西安,traffic-vm,traffic,ens3,NULL,235.37777777777777,130.35555555555555,2.355555555555555,0.9777777777777777,0,0,0,0,0
2026-07-28 15:21:00,ccf-aiops-西安,traffic-vm,traffic,ens4,business,1053.6888888888889,14576.822222222221,7.466666666666667,7.555555555555555,0,0,0,0,0
2026-07-28 15:21:00,ccf-aiops-西安,traffic-vm,traffic,ens5,NULL,0,0,0,0,0,0,0,0,0
2026-07-28 15:21:00,ccf-aiops-西安,traffic-vm,traffic,ens6,NULL,0,0,0,0,0,0,0,0,0
2026-07-28 15:22:00,ccf-aiops-西安,br-1,br,ens10,NULL,0,0,0,0,0,0,0,0,0
2026-07-28 15:22:00,ccf-aiops-西安,br-1,br,ens11,NULL,0,0,0,0,0,0,0,0,0
2026-07-28 15:22:00,ccf-aiops-西安,br-1,br,ens12,NULL,0,0,0,0,0,0,0,0,0
2026-07-28 15:22:00,ccf-aiops-西安,br-1,br,ens3,NULL,328.1333333333333,136.93333333333334,3.933333333333333,1.3555555555555554,0,0,0,0,0
2026-07-28 15:22:00,ccf-aiops-西安,br-1,br,ens4,backbone,611.2888888888888,309.8222222222222,5.822222222222222,2.7777777777777777,0,0,0,0,0
2026-07-28 15:22:00,ccf-aiops-西安,br-1,br,ens5,backbone,470.2888888888889,2065.111111111111,4.2,2.844444444444444,0,0,0,0,0
2026-07-28 15:22:00,ccf-aiops-西安,br-1,br,ens6,NULL,0,0,0,0,0,0,0,0,0
2026-07-28 15:22:00,ccf-aiops-西安,br-1,br,ens7,NULL,0,0,0,0,0,0,0,0,0
2026-07-28 15:22:00,ccf-aiops-西安,br-1,br,ens8,NULL,0,0,0,0,0,0,0,0,0
2026-07-28 15:22:00,ccf-aiops-西安,br-1,br,ens9,NULL,0,0,0,0,0,0,0,0,0
2026-07-28 15:22:00,ccf-aiops-西安,br-2,br,ens10,NULL,0,0,0,0,0,0,0,0,0
2026-07-28 15:22:00,ccf-aiops-西安,br-2,br,ens11,NULL,0,0,0,0,0,0,0,0,0
2026-07-28 15:22:00,ccf-aiops-西安,br-2,br,ens12,NULL,0,0,0,0,0,0,0,0,0
2026-07-28 15:22:00,ccf-aiops-西安,br-2,br,ens3,NULL,187.46666666666667,103.68888888888888,1.6444444444444444,0.4444444444444444,0.04444444444444444,0,0,0,0
2026-07-28 15:22:00,ccf-aiops-西安,br-2,br,ens4,backbone,960.311111111111,338.8444444444444,8.177777777777777,3.0888888888888886,0,0,0,0,0
2026-07-28 15:22:00,ccf-aiops-西安,br-2,br,ens5,backbone,501.97777777777776,2484.622222222222,4.444444444444444,4.5777777777777775,0,0,0,0,0
2026-07-28 15:22:00,ccf-aiops-西安,br-2,br,ens6,NULL,0,0,0,0,0,0,0,0,0
2026-07-28 15:22:00,ccf-aiops-西安,br-2,br,ens7,NULL,0,0,0,0,0,0,0,0,0
2026-07-28 15:22:00,ccf-aiops-西安,br-2,br,ens8,NULL,0,0,0,0,0,0,0,0,0
2026-07-28 15:22:00,ccf-aiops-西安,br-2,br,ens9,NULL,0,0,0,0,0,0,0,0,0
2026-07-28 15:22:00,ccf-aiops-西安,cr-1,cr,ens10,NULL,0,0,0,0,0,0,0,0,0
2026-07-28 15:22:00,ccf-aiops-西安,cr-1,cr,ens11,NULL,0,0,0,0,0,0,0,0,0
2026-07-28 15:22:00,ccf-aiops-西安,cr-1,cr,ens12,NULL,0,0,0,0,0,0,0,0,0
2026-07-28 15:22:00,ccf-aiops-西安,cr-1,cr,ens3,NULL,186.08888888888887,114.22222222222221,1.7555555555555555,0.5555555555555555,0,0,0,0,0
2026-07-28 15:22:00,ccf-aiops-西安,cr-1,cr,ens4,backbone,1328.4444444444443,188.8,4.6,1.6888888888888889,0,0,0,0,0
2026-07-28 15:22:00,ccf-aiops-西安,cr-1,cr,ens5,backbone,615.4,3355.266666666667,5.4,7.844444444444444,0,0,0,0,0
2026-07-28 15:22:00,ccf-aiops-西安,cr-1,cr,ens6,NULL,0,0,0,0,0,0,0,0,0
2026-07-28 15:22:00,ccf-aiops-西安,cr-1,cr,ens7,NULL,0,0,0,0,0,0,0,0,0
2026-07-28 15:22:00,ccf-aiops-西安,cr-1,cr,ens8,NULL,0,0,0,0,0,0,0,0,0
2026-07-28 15:22:00,ccf-aiops-西安,cr-1,cr,ens9,NULL,0,0,0,0,0,0,0,0,0
2026-07-28 15:22:00,ccf-aiops-西安,cr-2,cr,ens10,NULL,0,0,0,0,0,0,0,0,0
2026-07-28 15:22:00,ccf-aiops-西安,cr-2,cr,ens11,NULL,0,0,0,0,0,0,0,0,0
2026-07-28 15:22:00,ccf-aiops-西安,cr-2,cr,ens12,NULL,0,0,0,0,0,0,0,0,0
2026-07-28 15:22:00,ccf-aiops-西安,cr-2,cr,ens3,NULL,184,114.22222222222221,1.711111111111111,0.5555555555555555,0,0,0,0,0
2026-07-28 15:22:00,ccf-aiops-西安,cr-2,cr,ens4,backbone,3568.0666666666666,762.8,4.4,6.7555555555555555,0,0,0,0,0
2026-07-28 15:22:00,ccf-aiops-西安,cr-2,cr,ens5,backbone,883.2888888888888,5615.711111111111,7.777777777777777,5.288888888888889,0,0,0,0,0
2026-07-28 15:22:00,ccf-aiops-西安,cr-2,cr,ens6,NULL,0,0,0,0,0,0,0,0,0
2026-07-28 15:22:00,ccf-aiops-西安,cr-2,cr,ens7,NULL,0,0,0,0,0,0,0,0,0
2026-07-28 15:22:00,ccf-aiops-西安,cr-2,cr,ens8,NULL,0,0,0,0,0,0,0,0,0
2026-07-28 15:22:00,ccf-aiops-西安,cr-2,cr,ens9,NULL,0,0,0,0,0,0,0,0,0
2026-07-28 15:22:00,ccf-aiops-西安,fw,firewall,ens3,NULL,215.64444444444445,130.35555555555555,2.1555555555555554,0.9777777777777777,0,0,0,0,0
2026-07-28 15:22:00,ccf-aiops-西安,fw,firewall,ens4,backbone,7961.933333333333,1098.4444444444443,9.977777777777778,9.6,0,0,0,0,0
2026-07-28 15:22:00,ccf-aiops-西安,fw,firewall,ens5,business,1202.0222222222221,9098.844444444443,10.355555555555554,10,0,0,0,0,0
2026-07-28 15:22:00,ccf-aiops-西安,fw,firewall,ens6,NULL,0,0,0,0,0,0,0,0,0
2026-07-28 15:22:00,ccf-aiops-西安,monitor-vm,collector,ens3,NULL,258.53333333333336,130.35555555555555,2.8666666666666667,0.9777777777777777,0,0,0,0,0
2026-07-28 15:22:00,ccf-aiops-西安,monitor-vm,collector,ens4,mgmt,27257.91111111111,1012.0666666666667,10.666666666666666,8.866666666666667,0,0,0,0,0
2026-07-28 15:22:00,ccf-aiops-西安,monitor-vm,collector,ens5,NULL,0,0,0,0,0,0,0,0,0
2026-07-28 15:22:00,ccf-aiops-西安,monitor-vm,collector,ens6,NULL,0,0,0,0,0,0,0,0,0
2026-07-28 15:22:00,ccf-aiops-西安,probe-vm,probe,ens3,NULL,132.48888888888888,61.42222222222222,1.4666666666666666,0.28888888888888886,0,0,0,0,0
2026-07-28 15:22:00,ccf-aiops-西安,probe-vm,probe,ens4,business,90.13333333333334,1173.1333333333334,0.6666666666666666,0.3333333333333333,0,0,0,0,0
2026-07-28 15:22:00,ccf-aiops-西安,probe-vm,probe,ens5,NULL,0,0,0,0,0,0,0,0,0
2026-07-28 15:22:00,ccf-aiops-西安,probe-vm,probe,ens6,NULL,0,0,0,0,0,0,0,0,0
2026-07-28 15:22:00,ccf-aiops-西安,service-vm-1,service,ens3,NULL,441.2888888888889,233.28888888888886,4.844444444444444,2,0,0,0,0,0
2026-07-28 15:22:00,ccf-aiops-西安,service-vm-1,service,ens4,service,120.44444444444443,1187.7333333333333,0.9555555555555555,0.4,0,0,0,0,0
2026-07-28 15:22:00,ccf-aiops-西安,service-vm-1,service,ens5,NULL,0,0,0,0,0,0,0,0,0
2026-07-28 15:22:00,ccf-aiops-西安,service-vm-1,service,ens6,NULL,0,0,0,0,0,0,0,0,0
2026-07-28 15:22:00,ccf-aiops-西安,service-vm-2,service,ens3,NULL,96.48888888888888,61.42222222222222,0.8666666666666667,0.28888888888888886,0,0,0,0,0
2026-07-28 15:22:00,ccf-aiops-西安,service-vm-2,service,ens4,service,89.86666666666666,1167.4444444444443,0.6,0.26666666666666666,0,0,0,0,0
2026-07-28 15:22:00,ccf-aiops-西安,service-vm-2,service,ens5,NULL,0,0,0,0,0,0,0,0,0
2026-07-28 15:22:00,ccf-aiops-西安,service-vm-2,service,ens6,NULL,0,0,0,0,0,0,0,0,0
2026-07-28 15:22:00,ccf-aiops-西安,service-vm-3,service,ens3,NULL,45.42222222222222,0,0.6444444444444444,0,0,0,0,0,0
2026-07-28 15:22:00,ccf-aiops-西安,service-vm-3,service,ens4,service,102.4,1165.0888888888887,0.7333333333333333,0.26666666666666666,0,0,0,0,0
2026-07-28 15:22:00,ccf-aiops-西安,service-vm-3,service,ens5,NULL,0,0,0,0,0,0,0,0,0
2026-07-28 15:22:00,ccf-aiops-西安,service-vm-3,service,ens6,NULL,0,0,0,0,0,0,0,0,0
2026-07-28 15:22:00,ccf-aiops-西安,traffic-vm,traffic,ens3,NULL,255.9111111111111,128.08888888888887,2.844444444444444,0.9555555555555555,0,0,0,0,0
2026-07-28 15:22:00,ccf-aiops-西安,traffic-vm,traffic,ens4,business,1044.888888888889,14588.488888888887,7.333333333333333,7.733333333333333,0,0,0,0,0
2026-07-28 15:22:00,ccf-aiops-西安,traffic-vm,traffic,ens5,NULL,0,0,0,0,0,0,0,0,0
2026-07-28 15:22:00,ccf-aiops-西安,traffic-vm,traffic,ens6,NULL,0,0,0,0,0,0,0,0,0
2026-07-28 15:23:00,ccf-aiops-西安,br-1,br,ens10,NULL,0,0,0,0,0,0,0,0,0
2026-07-28 15:23:00,ccf-aiops-西安,br-1,br,ens11,NULL,0,0,0,0,0,0,0,0,0
2026-07-28 15:23:00,ccf-aiops-西安,br-1,br,ens12,NULL,0,0,0,0,0,0,0,0,0
2026-07-28 15:23:00,ccf-aiops-西安,br-1,br,ens3,NULL,403.06666666666666,251.15555555555554,4.044444444444444,1.911111111111111,0,0,0,0,0
2026-07-28 15:23:00,ccf-aiops-西安,br-1,br,ens4,backbone,831.4666666666667,364.8,7.822222222222222,3.2444444444444445,0,0,0,0,0
2026-07-28 15:23:00,ccf-aiops-西安,br-1,br,ens5,backbone,507.22222222222223,2240.266666666667,4.466666666666667,4.066666666666666,0,0,0,0,0
2026-07-28 15:23:00,ccf-aiops-西安,br-1,br,ens6,NULL,0,0,0,0,0,0,0,0,0
2026-07-28 15:23:00,ccf-aiops-西安,br-1,br,ens7,NULL,0,0,0,0,0,0,0,0,0
2026-07-28 15:23:00,ccf-aiops-西安,br-1,br,ens8,NULL,0,0,0,0,0,0,0,0,0
2026-07-28 15:23:00,ccf-aiops-西安,br-1,br,ens9,NULL,0,0,0,0,0,0,0,0,0
2026-07-28 15:23:00,ccf-aiops-西安,br-2,br,ens10,NULL,0,0,0,0,0,0,0,0,0
2026-07-28 15:23:00,ccf-aiops-西安,br-2,br,ens11,NULL,0,0,0,0,0,0,0,0,0
2026-07-28 15:23:00,ccf-aiops-西安,br-2,br,ens12,NULL,0,0,0,0,0,0,0,0,0
2026-07-28 15:23:00,ccf-aiops-西安,br-2,br,ens3,NULL,58.08888888888888,0,0.8222222222222222,0,0.04444444444444444,0,0,0,0
2026-07-28 15:23:00,ccf-aiops-西安,br-2,br,ens4,backbone,886.8222222222222,425.6666666666667,8,3.8666666666666667,0,0,0,0,0
2026-07-28 15:23:00,ccf-aiops-西安,br-2,br,ens5,backbone,556.9333333333333,2448.7111111111108,4.9111111111111105,4.777777777777777,0,0,0,0,0
2026-07-28 15:23:00,ccf-aiops-西安,br-2,br,ens6,NULL,0,0,0,0,0,0,0,0,0
2026-07-28 15:23:00,ccf-aiops-西安,br-2,br,ens7,NULL,0,0,0,0,0,0,0,0,0
2026-07-28 15:23:00,ccf-aiops-西安,br-2,br,ens8,NULL,0,0,0,0,0,0,0,0,0
2026-07-28 15:23:00,ccf-aiops-西安,br-2,br,ens9,NULL,0,0,0,0,0,0,0,0,0
2026-07-28 15:23:00,ccf-aiops-西安,cr-1,cr,ens10,NULL,0,0,0,0,0,0,0,0,0
2026-07-28 15:23:00,ccf-aiops-西安,cr-1,cr,ens11,NULL,0,0,0,0,0,0,0,0,0
2026-07-28 15:23:00,ccf-aiops-西安,cr-1,cr,ens12,NULL,0,0,0,0,0,0,0,0,0
2026-07-28 15:23:00,ccf-aiops-西安,cr-1,cr,ens3,NULL,44.75555555555555,0,0.7333333333333333,0,0,0,0,0,0
2026-07-28 15:23:00,ccf-aiops-西安,cr-1,cr,ens4,backbone,1313.9555555555555,170.15555555555554,5.4,1.5333333333333337,0,0,0,0,0
2026-07-28 15:23:00,ccf-aiops-西安,cr-1,cr,ens5,backbone,707.4222222222221,3457.111111111111,6.177777777777777,9.57777777777778,0,0,0,0,0
2026-07-28 15:23:00,ccf-aiops-西安,cr-1,cr,ens6,NULL,0,0,0,0,0,0,0,0,0
2026-07-28 15:23:00,ccf-aiops-西安,cr-1,cr,ens7,NULL,0,0,0,0,0,0,0,0,0
2026-07-28 15:23:00,ccf-aiops-西安,cr-1,cr,ens8,NULL,0,0,0,0,0,0,0,0,0
2026-07-28 15:23:00,ccf-aiops-西安,cr-1,cr,ens9,NULL,0,0,0,0,0,0,0,0,0
2026-07-28 15:23:00,ccf-aiops-西安,cr-2,cr,ens10,NULL,0,0,0,0,0,0,0,0,0
2026-07-28 15:23:00,ccf-aiops-西安,cr-2,cr,ens11,NULL,0,0,0,0,0,0,0,0,0
2026-07-28 15:23:00,ccf-aiops-西安,cr-2,cr,ens12,NULL,0,0,0,0,0,0,0,0,0
2026-07-28 15:23:00,ccf-aiops-西安,cr-2,cr,ens3,NULL,43.42222222222222,0,0.7111111111111111,0,0,0,0,0,0
2026-07-28 15:23:00,ccf-aiops-西安,cr-2,cr,ens4,backbone,3564.7111111111108,865.7777777777777,4.711111111111111,7.622222222222223,0,0,0,0,0
2026-07-28 15:23:00,ccf-aiops-西安,cr-2,cr,ens5,backbone,992.2666666666667,5584.666666666667,8.711111111111112,5.711111111111111,0,0,0,0,0
2026-07-28 15:23:00,ccf-aiops-西安,cr-2,cr,ens6,NULL,0,0,0,0,0,0,0,0,0
2026-07-28 15:23:00,ccf-aiops-西安,cr-2,cr,ens7,NULL,0,0,0,0,0,0,0,0,0
2026-07-28 15:23:00,ccf-aiops-西安,cr-2,cr,ens8,NULL,0,0,0,0,0,0,0,0,0
2026-07-28 15:23:00,ccf-aiops-西安,cr-2,cr,ens9,NULL,0,0,0,0,0,0,0,0,0
2026-07-28 15:23:00,ccf-aiops-西安,fw,firewall,ens3,NULL,134.08888888888887,69.86666666666666,1.5111111111111108,0.711111111111111,0,0,0,0,0
2026-07-28 15:23:00,ccf-aiops-西安,fw,firewall,ens4,backbone,8220.155555555555,1224.5333333333333,11.333333333333334,10.644444444444444,0,0,0,0,0
2026-07-28 15:23:00,ccf-aiops-西安,fw,firewall,ens5,business,1333.7555555555555,9363.355555555554,11.466666666666667,11.42222222222222,0,0,0,0,0
2026-07-28 15:23:00,ccf-aiops-西安,fw,firewall,ens6,NULL,0,0,0,0,0,0,0,0,0
2026-07-28 15:23:00,ccf-aiops-西安,monitor-vm,collector,ens3,NULL,164.66666666666666,66.66666666666667,2.0444444444444443,0.6666666666666666,0,0,0,0,0
2026-07-28 15:23:00,ccf-aiops-西安,monitor-vm,collector,ens4,mgmt,27294.82222222222,991.2222222222222,10.266666666666667,8.622222222222222,0,0,0,0,0
2026-07-28 15:23:00,ccf-aiops-西安,monitor-vm,collector,ens5,NULL,0,0,0,0,0,0,0,0,0
2026-07-28 15:23:00,ccf-aiops-西安,monitor-vm,collector,ens6,NULL,0,0,0,0,0,0,0,0,0
2026-07-28 15:23:00,ccf-aiops-西安,probe-vm,probe,ens3,NULL,46.08888888888888,0,0.7555555555555554,0,0,0,0,0,0
2026-07-28 15:23:00,ccf-aiops-西安,probe-vm,probe,ens4,business,84.4,1165.4444444444443,0.6,0.26666666666666666,0,0,0,0,0
2026-07-28 15:23:00,ccf-aiops-西安,probe-vm,probe,ens5,NULL,0,0,0,0,0,0,0,0,0
2026-07-28 15:23:00,ccf-aiops-西安,probe-vm,probe,ens6,NULL,0,0,0,0,0,0,0,0,0
2026-07-28 15:23:00,ccf-aiops-西安,service-vm-1,service,ens3,NULL,352.6666666666667,168.66666666666666,4.111111111111111,1.6666666666666667,0,0,0,0,0
2026-07-28 15:23:00,ccf-aiops-西安,service-vm-1,service,ens4,service,133.82222222222222,1187.6666666666667,1.111111111111111,0.4,0,0,0,0,0
2026-07-28 15:23:00,ccf-aiops-西安,service-vm-1,service,ens5,NULL,0,0,0,0,0,0,0,0,0
2026-07-28 15:23:00,ccf-aiops-西安,service-vm-1,service,ens6,NULL,0,0,0,0,0,0,0,0,0
2026-07-28 15:23:00,ccf-aiops-西安,service-vm-2,service,ens3,NULL,11.866666666666667,0,0.17777777777777776,0,0,0,0,0,0
2026-07-28 15:23:00,ccf-aiops-西安,service-vm-2,service,ens4,service,106.13333333333334,1168.4,0.7777777777777778,0.26666666666666666,0,0,0,0,0
2026-07-28 15:23:00,ccf-aiops-西安,service-vm-2,service,ens5,NULL,0,0,0,0,0,0,0,0,0
2026-07-28 15:23:00,ccf-aiops-西安,service-vm-2,service,ens6,NULL,0,0,0,0,0,0,0,0,0
2026-07-28 15:23:00,ccf-aiops-西安,service-vm-3,service,ens3,NULL,63.64444444444444,62.35555555555555,0.4444444444444444,0.31111111111111106,0,0,0,0,0
2026-07-28 15:23:00,ccf-aiops-西安,service-vm-3,service,ens4,service,107.6,1172.3777777777775,0.8,0.3333333333333333,0,0,0,0,0
2026-07-28 15:23:00,ccf-aiops-西安,service-vm-3,service,ens5,NULL,0,0,0,0,0,0,0,0,0
2026-07-28 15:23:00,ccf-aiops-西安,service-vm-3,service,ens6,NULL,0,0,0,0,0,0,0,0,0
2026-07-28 15:23:00,ccf-aiops-西安,traffic-vm,traffic,ens3,NULL,168.75555555555553,69.86666666666666,2.088888888888889,0.711111111111111,0,0,0,0,0
2026-07-28 15:23:00,ccf-aiops-西安,traffic-vm,traffic,ens4,business,1154.2888888888888,14736.044444444444,8.644444444444444,8.977777777777778,0,0,0,0,0
2026-07-28 15:23:00,ccf-aiops-西安,traffic-vm,traffic,ens5,NULL,0,0,0,0,0,0,0,0,0
2026-07-28 15:23:00,ccf-aiops-西安,traffic-vm,traffic,ens6,NULL,0,0,0,0,0,0,0,0,0
2026-07-28 15:24:00,ccf-aiops-西安,br-1,br,ens10,NULL,0,0,0,0,0,0,0,0,0
2026-07-28 15:24:00,ccf-aiops-西安,br-1,br,ens11,NULL,0,0,0,0,0,0,0,0,0
2026-07-28 15:24:00,ccf-aiops-西安,br-1,br,ens12,NULL,0,0,0,0,0,0,0,0,0
2026-07-28 15:24:00,ccf-aiops-西安,br-1,br,ens3,NULL,311.3333333333333,136.93333333333334,3.6888888888888887,1.3555555555555554,0,0,0,0,0
2026-07-28 15:24:00,ccf-aiops-西安,br-1,br,ens4,backbone,1131.0888888888887,610.6,9.177777777777777,5.5777777777777775,0,0,0,0,0
2026-07-28 15:24:00,ccf-aiops-西安,br-1,br,ens5,backbone,755.8222222222222,2831.288888888889,6.822222222222222,6.555555555555555,0,0,0,0,0
2026-07-28 15:24:00,ccf-aiops-西安,br-1,br,ens6,NULL,0,0,0,0,0,0,0,0,0
2026-07-28 15:24:00,ccf-aiops-西安,br-1,br,ens7,NULL,0,0,0,0,0,0,0,0,0
2026-07-28 15:24:00,ccf-aiops-西安,br-1,br,ens8,NULL,0,0,0,0,0,0,0,0,0
2026-07-28 15:24:00,ccf-aiops-西安,br-1,br,ens9,NULL,0,0,0,0,0,0,0,0,0
2026-07-28 15:24:00,ccf-aiops-西安,br-2,br,ens10,NULL,0,0,0,0,0,0,0,0,0
2026-07-28 15:24:00,ccf-aiops-西安,br-2,br,ens11,NULL,0,0,0,0,0,0,0,0,0
2026-07-28 15:24:00,ccf-aiops-西安,br-2,br,ens12,NULL,0,0,0,0,0,0,0,0,0
2026-07-28 15:24:00,ccf-aiops-西安,br-2,br,ens3,NULL,181.0222222222222,114.22222222222221,1.5777777777777777,0.5555555555555555,0.04444444444444444,0,0,0,0
2026-07-28 15:24:00,ccf-aiops-西安,br-2,br,ens4,backbone,1237.4222222222222,655.4888888888888,10.2,5.822222222222222,0,0,0,0,0
2026-07-28 15:24:00,ccf-aiops-西安,br-2,br,ens5,backbone,826.4,2885.5333333333333,7.155555555555555,7,0,0,0,0,0
2026-07-28 15:24:00,ccf-aiops-西安,br-2,br,ens6,NULL,0,0,0,0,0,0,0,0,0
2026-07-28 15:24:00,ccf-aiops-西安,br-2,br,ens7,NULL,0,0,0,0,0,0,0,0,0
2026-07-28 15:24:00,ccf-aiops-西安,br-2,br,ens8,NULL,0,0,0,0,0,0,0,0,0
2026-07-28 15:24:00,ccf-aiops-西安,br-2,br,ens9,NULL,0,0,0,0,0,0,0,0,0
2026-07-28 15:24:00,ccf-aiops-西安,cr-1,cr,ens10,NULL,0,0,0,0,0,0,0,0,0
2026-07-28 15:24:00,ccf-aiops-西安,cr-1,cr,ens11,NULL,0,0,0,0,0,0,0,0,0
2026-07-28 15:24:00,ccf-aiops-西安,cr-1,cr,ens12,NULL,0,0,0,0,0,0,0,0,0
2026-07-28 15:24:00,ccf-aiops-西安,cr-1,cr,ens3,NULL,67.02222222222221,0,1.0444444444444445,0,0,0,0,0,0
2026-07-28 15:24:00,ccf-aiops-西安,cr-1,cr,ens4,backbone,1932.2666666666667,142.97777777777776,7.422222222222222,1.2888888888888888,0,0,0,0,0
2026-07-28 15:24:00,ccf-aiops-西安,cr-1,cr,ens5,backbone,951.5333333333333,4563.333333333333,8.31111111111111,14.088888888888887,0,0,0,0,0
2026-07-28 15:24:00,ccf-aiops-西安,cr-1,cr,ens6,NULL,0,0,0,0,0,0,0,0,0
2026-07-28 15:24:00,ccf-aiops-西安,cr-1,cr,ens7,NULL,0,0,0,0,0,0,0,0,0
2026-07-28 15:24:00,ccf-aiops-西安,cr-1,cr,ens8,NULL,0,0,0,0,0,0,0,0,0
2026-07-28 15:24:00,ccf-aiops-西安,cr-1,cr,ens9,NULL,0,0,0,0,0,0,0,0,0
2026-07-28 15:24:00,ccf-aiops-西安,cr-2,cr,ens10,NULL,0,0,0,0,0,0,0,0,0
2026-07-28 15:24:00,ccf-aiops-西安,cr-2,cr,ens11,NULL,0,0,0,0,0,0,0,0,0
2026-07-28 15:24:00,ccf-aiops-西安,cr-2,cr,ens12,NULL,0,0,0,0,0,0,0,0,0
2026-07-28 15:24:00,ccf-aiops-西安,cr-2,cr,ens3,NULL,64.66666666666667,0,1,0,0,0,0,0,0
2026-07-28 15:24:00,ccf-aiops-西安,cr-2,cr,ens4,backbone,4023.644444444444,1419.911111111111,7.622222222222222,12.511111111111111,0,0,0,0,0
2026-07-28 15:24:00,ccf-aiops-西安,cr-2,cr,ens5,backbone,1553.6,6228.066666666667,13.688888888888888,8.8,0,0,0,0,0
2026-07-28 15:24:00,ccf-aiops-西安,cr-2,cr,ens6,NULL,0,0,0,0,0,0,0,0,0
2026-07-28 15:24:00,ccf-aiops-西安,cr-2,cr,ens7,NULL,0,0,0,0,0,0,0,0,0
2026-07-28 15:24:00,ccf-aiops-西安,cr-2,cr,ens8,NULL,0,0,0,0,0,0,0,0,0
2026-07-28 15:24:00,ccf-aiops-西安,cr-2,cr,ens9,NULL,0,0,0,0,0,0,0,0,0
2026-07-28 15:24:00,ccf-aiops-西安,fw,firewall,ens3,NULL,199.55555555555554,130.35555555555555,1.9333333333333333,0.9777777777777777,0,0,0,0,0
2026-07-28 15:24:00,ccf-aiops-西安,fw,firewall,ens4,backbone,9659.466666666667,1742.8,16.688888888888886,15.244444444444444,0,0,0,0,0
2026-07-28 15:24:00,ccf-aiops-西安,fw,firewall,ens5,business,1838.4666666666667,10789.977777777776,15.91111111111111,16.644444444444442,0,0,0,0,0
2026-07-28 15:24:00,ccf-aiops-西安,fw,firewall,ens6,NULL,0,0,0,0,0,0,0,0,0
2026-07-28 15:24:00,ccf-aiops-西安,monitor-vm,collector,ens3,NULL,191.0222222222222,69.86666666666666,2.4,0.711111111111111,0,0,0,0,0
2026-07-28 15:24:00,ccf-aiops-西安,monitor-vm,collector,ens4,mgmt,27994.2,978.7777777777777,10.666666666666666,8.488888888888889,0,0,0,0,0
2026-07-28 15:24:00,ccf-aiops-西安,monitor-vm,collector,ens5,NULL,0,0,0,0,0,0,0,0,0
2026-07-28 15:24:00,ccf-aiops-西安,monitor-vm,collector,ens6,NULL,0,0,0,0,0,0,0,0,0
2026-07-28 15:24:00,ccf-aiops-西安,probe-vm,probe,ens3,NULL,62,0.9333333333333333,0.9555555555555555,0.02222222222222222,0,0,0,0,0
2026-07-28 15:24:00,ccf-aiops-西安,probe-vm,probe,ens4,business,90.13333333333334,1172.888888888889,0.6666666666666666,0.3333333333333333,0,0,0,0,0
2026-07-28 15:24:00,ccf-aiops-西安,probe-vm,probe,ens5,NULL,0,0,0,0,0,0,0,0,0
2026-07-28 15:24:00,ccf-aiops-西安,probe-vm,probe,ens6,NULL,0,0,0,0,0,0,0,0,0
2026-07-28 15:24:00,ccf-aiops-西安,service-vm-1,service,ens3,NULL,372.6666666666667,170.93333333333334,4.355555555555555,1.6888888888888889,0,0,0,0,0
2026-07-28 15:24:00,ccf-aiops-西安,service-vm-1,service,ens4,service,124.26666666666667,1185.6888888888889,1,0.3777777777777777,0,0,0,0,0
2026-07-28 15:24:00,ccf-aiops-西安,service-vm-1,service,ens5,NULL,0,0,0,0,0,0,0,0,0
2026-07-28 15:24:00,ccf-aiops-西安,service-vm-1,service,ens6,NULL,0,0,0,0,0,0,0,0,0
2026-07-28 15:24:00,ccf-aiops-西安,service-vm-2,service,ens3,NULL,76.57777777777777,63.288888888888884,0.6,0.3333333333333333,0,0,0,0,0
2026-07-28 15:24:00,ccf-aiops-西安,service-vm-2,service,ens4,service,96.13333333333334,1173.911111111111,0.6666666666666666,0.3333333333333333,0,0,0,0,0
2026-07-28 15:24:00,ccf-aiops-西安,service-vm-2,service,ens5,NULL,0,0,0,0,0,0,0,0,0
2026-07-28 15:24:00,ccf-aiops-西安,service-vm-2,service,ens6,NULL,0,0,0,0,0,0,0,0,0
2026-07-28 15:24:00,ccf-aiops-西安,service-vm-3,service,ens3,NULL,128.83871827918762,122.30567530331987,0.8666281498600062,0.577752099906671,0,0,0,0,0
2026-07-28 15:24:00,ccf-aiops-西安,service-vm-3,service,ens4,service,95.59575129994224,1169.0591529265366,0.666637038353851,0.2888760499533355,0,0,0,0,0
2026-07-28 15:24:00,ccf-aiops-西安,service-vm-3,service,ens5,NULL,0,0,0,0,0,0,0,0,0
2026-07-28 15:24:00,ccf-aiops-西安,service-vm-3,service,ens6,NULL,0,0,0,0,0,0,0,0,0
2026-07-28 15:24:00,ccf-aiops-西安,traffic-vm,traffic,ens3,NULL,247.15555555555554,130.35555555555555,2.711111111111111,0.9777777777777777,0,0,0,0,0
2026-07-28 15:24:00,ccf-aiops-西安,traffic-vm,traffic,ens4,business,1839.7777777777776,15196.244444444445,12.8,13.11111111111111,0,0,0,0,0
2026-07-28 15:24:00,ccf-aiops-西安,traffic-vm,traffic,ens5,NULL,0,0,0,0,0,0,0,0,0
2026-07-28 15:24:00,ccf-aiops-西安,traffic-vm,traffic,ens6,NULL,0,0,0,0,0,0,0,0,0
2026-07-28 15:25:00,ccf-aiops-西安,br-1,br,ens10,NULL,0,0,0,0,0,0,0,0,0
2026-07-28 15:25:00,ccf-aiops-西安,br-1,br,ens11,NULL,0,0,0,0,0,0,0,0,0
2026-07-28 15:25:00,ccf-aiops-西安,br-1,br,ens12,NULL,0,0,0,0,0,0,0,0,0
2026-07-28 15:25:00,ccf-aiops-西安,br-1,br,ens3,NULL,412.22222222222223,247.95555555555555,4.111111111111111,1.8666666666666667,0,0,0,0,0
2026-07-28 15:25:00,ccf-aiops-西安,br-1,br,ens4,backbone,1450.0888888888887,830.0888888888888,11.266666666666667,7.244444444444444,0,0,0,0,0
2026-07-28 15:25:00,ccf-aiops-西安,br-1,br,ens5,backbone,966.7555555555555,3344.8444444444444,8.422222222222222,8.8,0,0,0,0,0
2026-07-28 15:25:00,ccf-aiops-西安,br-1,br,ens6,NULL,0,0,0,0,0,0,0,0,0
2026-07-28 15:25:00,ccf-aiops-西安,br-1,br,ens7,NULL,0,0,0,0,0,0,0,0,0
2026-07-28 15:25:00,ccf-aiops-西安,br-1,br,ens8,NULL,0,0,0,0,0,0,0,0,0
2026-07-28 15:25:00,ccf-aiops-西安,br-1,br,ens9,NULL,0,0,0,0,0,0,0,0,0
2026-07-28 15:25:00,ccf-aiops-西安,br-2,br,ens10,NULL,0,0,0,0,0,0,0,0,0
2026-07-28 15:25:00,ccf-aiops-西安,br-2,br,ens11,NULL,0,0,0,0,0,0,0,0,0
2026-07-28 15:25:00,ccf-aiops-西安,br-2,br,ens12,NULL,0,0,0,0,0,0,0,0,0
2026-07-28 15:25:00,ccf-aiops-西安,br-2,br,ens3,NULL,65.68888888888888,0,0.9333333333333333,0,0.04444444444444444,0,0,0,0
2026-07-28 15:25:00,ccf-aiops-西安,br-2,br,ens4,backbone,1321.0666666666666,833.6222222222221,10.177777777777777,7.444444444444444,0,0,0,0,0
2026-07-28 15:25:00,ccf-aiops-西安,br-2,br,ens5,backbone,976.5777777777778,3420.0444444444443,8.577777777777778,7.933333333333334,0,0,0,0,0
2026-07-28 15:25:00,ccf-aiops-西安,br-2,br,ens6,NULL,0,0,0,0,0,0,0,0,0
2026-07-28 15:25:00,ccf-aiops-西安,br-2,br,ens7,NULL,0,0,0,0,0,0,0,0,0
2026-07-28 15:25:00,ccf-aiops-西安,br-2,br,ens8,NULL,0,0,0,0,0,0,0,0,0
2026-07-28 15:25:00,ccf-aiops-西安,br-2,br,ens9,NULL,0,0,0,0,0,0,0,0,0
2026-07-28 15:25:00,ccf-aiops-西安,cr-1,cr,ens10,NULL,0,0,0,0,0,0,0,0,0
2026-07-28 15:25:00,ccf-aiops-西安,cr-1,cr,ens11,NULL,0,0,0,0,0,0,0,0,0
2026-07-28 15:25:00,ccf-aiops-西安,cr-1,cr,ens12,NULL,0,0,0,0,0,0,0,0,0
2026-07-28 15:25:00,ccf-aiops-西安,cr-1,cr,ens3,NULL,162.35555555555553,114.22222222222221,1.4444444444444442,0.5555555555555555,0,0,0,0,0
2026-07-28 15:25:00,ccf-aiops-西安,cr-1,cr,ens4,backbone,2847.3777777777777,141.24444444444444,8.822222222222221,1.2666666666666666,0,0,0,0,0
2026-07-28 15:25:00,ccf-aiops-西安,cr-1,cr,ens5,backbone,1090.4,5813.688888888889,9.488888888888887,16.88888888888889,0,0,0,0,0
2026-07-28 15:25:00,ccf-aiops-西安,cr-1,cr,ens6,NULL,0,0,0,0,0,0,0,0,0
2026-07-28 15:25:00,ccf-aiops-西安,cr-1,cr,ens7,NULL,0,0,0,0,0,0,0,0,0
2026-07-28 15:25:00,ccf-aiops-西安,cr-1,cr,ens8,NULL,0,0,0,0,0,0,0,0,0
2026-07-28 15:25:00,ccf-aiops-西安,cr-1,cr,ens9,NULL,0,0,0,0,0,0,0,0,0
2026-07-28 15:25:00,ccf-aiops-西安,cr-2,cr,ens10,NULL,0,0,0,0,0,0,0,0,0
2026-07-28 15:25:00,ccf-aiops-西安,cr-2,cr,ens11,NULL,0,0,0,0,0,0,0,0,0
2026-07-28 15:25:00,ccf-aiops-西安,cr-2,cr,ens12,NULL,0,0,0,0,0,0,0,0,0
2026-07-28 15:25:00,ccf-aiops-西安,cr-2,cr,ens3,NULL,56.35555555555555,0,0.9111111111111111,0,0,0,0,0,0
2026-07-28 15:25:00,ccf-aiops-西安,cr-2,cr,ens4,backbone,4261.733333333334,1760.6,9.044444444444444,15.42222222222222,0,0,0,0,0
2026-07-28 15:25:00,ccf-aiops-西安,cr-2,cr,ens5,backbone,1888.4666666666667,7064.688888888889,16.533333333333335,10.511111111111111,0,0,0,0,0
2026-07-28 15:25:00,ccf-aiops-西安,cr-2,cr,ens6,NULL,0,0,0,0,0,0,0,0,0
2026-07-28 15:25:00,ccf-aiops-西安,cr-2,cr,ens7,NULL,0,0,0,0,0,0,0,0,0
2026-07-28 15:25:00,ccf-aiops-西安,cr-2,cr,ens8,NULL,0,0,0,0,0,0,0,0,0
2026-07-28 15:25:00,ccf-aiops-西安,cr-2,cr,ens9,NULL,0,0,0,0,0,0,0,0,0
2026-07-28 15:25:00,ccf-aiops-西安,fw,firewall,ens3,NULL,128.97777777777776,66.66666666666667,1.4444444444444442,0.6666666666666666,0,0,0,0,0
2026-07-28 15:25:00,ccf-aiops-西安,fw,firewall,ens4,backbone,11061.266666666666,2121.0444444444443,20.177777777777774,18.51111111111111,0,0,0,0,0
2026-07-28 15:25:00,ccf-aiops-西安,fw,firewall,ens5,business,2218.9777777777776,12206.466666666667,19.2,20.288888888888888,0,0,0,0,0
2026-07-28 15:25:00,ccf-aiops-西安,fw,firewall,ens6,NULL,0,0,0,0,0,0,0,0,0
2026-07-28 15:25:00,ccf-aiops-西安,monitor-vm,collector,ens3,NULL,187.33333333333334,68.93333333333334,2.2888888888888888,0.6888888888888888,0,0,0,0,0
2026-07-28 15:25:00,ccf-aiops-西安,monitor-vm,collector,ens4,mgmt,28981.11111111111,1001.4,11.222222222222221,8.733333333333333,0,0,0,0,0
2026-07-28 15:25:00,ccf-aiops-西安,monitor-vm,collector,ens5,NULL,0,0,0,0,0,0,0,0,0
2026-07-28 15:25:00,ccf-aiops-西安,monitor-vm,collector,ens6,NULL,0,0,0,0,0,0,0,0,0
2026-07-28 15:25:00,ccf-aiops-西安,probe-vm,probe,ens3,NULL,109.2,62.35555555555555,1.1777777777777776,0.31111111111111106,0,0,0,0,0
2026-07-28 15:25:00,ccf-aiops-西安,probe-vm,probe,ens4,business,96.66666666666667,1177.2,0.7333333333333333,0.4,0,0,0,0,0
2026-07-28 15:25:00,ccf-aiops-西安,probe-vm,probe,ens5,NULL,0,0,0,0,0,0,0,0,0
2026-07-28 15:25:00,ccf-aiops-西安,probe-vm,probe,ens6,NULL,0,0,0,0,0,0,0,0,0
2026-07-28 15:25:00,ccf-aiops-西安,service-vm-1,service,ens3,NULL,362.4,170.93333333333334,4.2444444444444445,1.6888888888888889,0,0,0,0,0
2026-07-28 15:25:00,ccf-aiops-西安,service-vm-1,service,ens4,service,112.48888888888888,1180.3555555555554,0.8444444444444444,0.31111111111111106,0,0,0,0,0
2026-07-28 15:25:00,ccf-aiops-西安,service-vm-1,service,ens5,NULL,0,0,0,0,0,0,0,0,0
2026-07-28 15:25:00,ccf-aiops-西安,service-vm-1,service,ens6,NULL,0,0,0,0,0,0,0,0,0
2026-07-28 15:25:00,ccf-aiops-西安,service-vm-2,service,ens3,NULL,12.355555555555554,0,0.17777777777777776,0,0,0,0,0,0
2026-07-28 15:25:00,ccf-aiops-西安,service-vm-2,service,ens4,service,87.64444444444443,1169,0.5555555555555555,0.26666666666666666,0,0,0,0,0
2026-07-28 15:25:00,ccf-aiops-西安,service-vm-2,service,ens5,NULL,0,0,0,0,0,0,0,0,0
2026-07-28 15:25:00,ccf-aiops-西安,service-vm-2,service,ens6,NULL,0,0,0,0,0,0,0,0,0
2026-07-28 15:25:00,ccf-aiops-西安,service-vm-3,service,ens3,NULL,15.333333333333334,0,0.2222222222222222,0,0,0,0,0,0
2026-07-28 15:25:00,ccf-aiops-西安,service-vm-3,service,ens4,service,96.4,1176.888888888889,0.6666666666666666,0.3777777777777777,0,0,0,0,0
2026-07-28 15:25:00,ccf-aiops-西安,service-vm-3,service,ens5,NULL,0,0,0,0,0,0,0,0,0
2026-07-28 15:25:00,ccf-aiops-西安,service-vm-3,service,ens6,NULL,0,0,0,0,0,0,0,0,0
2026-07-28 15:25:00,ccf-aiops-西安,traffic-vm,traffic,ens3,NULL,237.8222222222222,130.35555555555555,2.6,0.9777777777777777,0,0,0,0,0
2026-07-28 15:25:00,ccf-aiops-西安,traffic-vm,traffic,ens4,business,2334.2222222222217,15515.977777777776,15.777777777777777,15.755555555555555,0,0,0,0,0
2026-07-28 15:25:00,ccf-aiops-西安,traffic-vm,traffic,ens5,NULL,0,0,0,0,0,0,0,0,0
2026-07-28 15:25:00,ccf-aiops-西安,traffic-vm,traffic,ens6,NULL,0,0,0,0,0,0,0,0,0
2026-07-28 15:26:00,ccf-aiops-西安,br-1,br,ens10,NULL,0,0,0,0,0,0,0,0,0
2026-07-28 15:26:00,ccf-aiops-西安,br-1,br,ens11,NULL,0,0,0,0,0,0,0,0,0
2026-07-28 15:26:00,ccf-aiops-西安,br-1,br,ens12,NULL,0,0,0,0,0,0,0,0,0
2026-07-28 15:26:00,ccf-aiops-西安,br-1,br,ens3,NULL,302.1555555555555,136.93333333333334,3.5555555555555554,1.3555555555555554,0,0,0,0,0
2026-07-28 15:26:00,ccf-aiops-西安,br-1,br,ens4,backbone,872.6888888888888,332.0444444444444,7.9111111111111105,3.0222222222222217,0,0,0,0,0
2026-07-28 15:26:00,ccf-aiops-西安,br-1,br,ens5,backbone,476.08888888888885,2921.4444444444443,4.2444444444444445,4.844444444444444,0,0,0,0,0
2026-07-28 15:26:00,ccf-aiops-西安,br-1,br,ens6,NULL,0,0,0,0,0,0,0,0,0
2026-07-28 15:26:00,ccf-aiops-西安,br-1,br,ens7,NULL,0,0,0,0,0,0,0,0,0
2026-07-28 15:26:00,ccf-aiops-西安,br-1,br,ens8,NULL,0,0,0,0,0,0,0,0,0
2026-07-28 15:26:00,ccf-aiops-西安,br-1,br,ens9,NULL,0,0,0,0,0,0,0,0,0
2026-07-28 15:26:00,ccf-aiops-西安,br-2,br,ens10,NULL,0,0,0,0,0,0,0,0,0
2026-07-28 15:26:00,ccf-aiops-西安,br-2,br,ens11,NULL,0,0,0,0,0,0,0,0,0
2026-07-28 15:26:00,ccf-aiops-西安,br-2,br,ens12,NULL,0,0,0,0,0,0,0,0,0
2026-07-28 15:26:00,ccf-aiops-西安,br-2,br,ens3,NULL,59.48888888888889,0,0.8,0,0.04444444444444444,0,0,0,0
2026-07-28 15:26:00,ccf-aiops-西安,br-2,br,ens4,backbone,998.3333333333334,555.9333333333333,8.866666666666667,4.977777777777777,0,0,0,0,0
2026-07-28 15:26:00,ccf-aiops-西安,br-2,br,ens5,backbone,707.6888888888888,3152.422222222222,6.177777777777777,5.644444444444444,0,0,0,0,0
2026-07-28 15:26:00,ccf-aiops-西安,br-2,br,ens6,NULL,0,0,0,0,0,0,0,0,0
2026-07-28 15:26:00,ccf-aiops-西安,br-2,br,ens7,NULL,0,0,0,0,0,0,0,0,0
2026-07-28 15:26:00,ccf-aiops-西安,br-2,br,ens8,NULL,0,0,0,0,0,0,0,0,0
2026-07-28 15:26:00,ccf-aiops-西安,br-2,br,ens9,NULL,0,0,0,0,0,0,0,0,0
2026-07-28 15:26:00,ccf-aiops-西安,cr-1,cr,ens10,NULL,0,0,0,0,0,0,0,0,0
2026-07-28 15:26:00,ccf-aiops-西安,cr-1,cr,ens11,NULL,0,0,0,0,0,0,0,0,0
2026-07-28 15:26:00,ccf-aiops-西安,cr-1,cr,ens12,NULL,0,0,0,0,0,0,0,0,0
2026-07-28 15:26:00,ccf-aiops-西安,cr-1,cr,ens3,NULL,47.48888888888889,0,0.7333333333333333,0,0,0,0,0,0
2026-07-28 15:26:00,ccf-aiops-西安,cr-1,cr,ens4,backbone,2773.5333333333333,97.68888888888888,7.244444444444444,0.8888888888888888,0,0,0,0,0
2026-07-28 15:26:00,ccf-aiops-西安,cr-1,cr,ens5,backbone,831.5777777777778,5581.666666666667,7.244444444444444,13.333333333333334,0,0,0,0,0
2026-07-28 15:26:00,ccf-aiops-西安,cr-1,cr,ens6,NULL,0,0,0,0,0,0,0,0,0
2026-07-28 15:26:00,ccf-aiops-西安,cr-1,cr,ens7,NULL,0,0,0,0,0,0,0,0,0
2026-07-28 15:26:00,ccf-aiops-西安,cr-1,cr,ens8,NULL,0,0,0,0,0,0,0,0,0
2026-07-28 15:26:00,ccf-aiops-西安,cr-1,cr,ens9,NULL,0,0,0,0,0,0,0,0,0
2026-07-28 15:26:00,ccf-aiops-西安,cr-2,cr,ens10,NULL,0,0,0,0,0,0,0,0,0
2026-07-28 15:26:00,ccf-aiops-西安,cr-2,cr,ens11,NULL,0,0,0,0,0,0,0,0,0
2026-07-28 15:26:00,ccf-aiops-西安,cr-2,cr,ens12,NULL,0,0,0,0,0,0,0,0,0
2026-07-28 15:26:00,ccf-aiops-西安,cr-2,cr,ens3,NULL,48.822222222222216,0,0.7555555555555556,0,0,0,0,0,0
2026-07-28 15:26:00,ccf-aiops-西安,cr-2,cr,ens4,backbone,3659.2222222222217,1067.3555555555554,5.222222222222223,9.333333333333334,0,0,0,0,0
2026-07-28 15:26:00,ccf-aiops-西安,cr-2,cr,ens5,backbone,1192.6,6384.977777777777,10.422222222222222,6.71111111111111,0,0,0,0,0
2026-07-28 15:26:00,ccf-aiops-西安,cr-2,cr,ens6,NULL,0,0,0,0,0,0,0,0,0
2026-07-28 15:26:00,ccf-aiops-西安,cr-2,cr,ens7,NULL,0,0,0,0,0,0,0,0,0
2026-07-28 15:26:00,ccf-aiops-西安,cr-2,cr,ens8,NULL,0,0,0,0,0,0,0,0,0
2026-07-28 15:26:00,ccf-aiops-西安,cr-2,cr,ens9,NULL,0,0,0,0,0,0,0,0,0
2026-07-28 15:26:00,ccf-aiops-西安,fw,firewall,ens3,NULL,188.33333333333334,130.35555555555555,1.7555555555555555,0.9777777777777777,0,0,0,0,0
2026-07-28 15:26:00,ccf-aiops-西安,fw,firewall,ens4,backbone,10758.8,1321.2,13.844444444444443,11.577777777777778,0,0,0,0,0
2026-07-28 15:26:00,ccf-aiops-西安,fw,firewall,ens5,business,1424.6,11900.91111111111,12.333333333333334,13.955555555555554,0,0,0,0,0
2026-07-28 15:26:00,ccf-aiops-西安,fw,firewall,ens6,NULL,0,0,0,0,0,0,0,0,0
2026-07-28 15:26:00,ccf-aiops-西安,monitor-vm,collector,ens3,NULL,231.3111111111111,128.88888888888889,2.466666666666667,0.9555555555555555,0,0,0,0,0
2026-07-28 15:26:00,ccf-aiops-西安,monitor-vm,collector,ens4,mgmt,29956.24444444444,1015.0888888888888,12.266666666666667,8.91111111111111,0,0,0,0,0
2026-07-28 15:26:00,ccf-aiops-西安,monitor-vm,collector,ens5,NULL,0,0,0,0,0,0,0,0,0
2026-07-28 15:26:00,ccf-aiops-西安,monitor-vm,collector,ens6,NULL,0,0,0,0,0,0,0,0,0
2026-07-28 15:26:00,ccf-aiops-西安,probe-vm,probe,ens3,NULL,99,61.42222222222222,0.9777777777777777,0.28888888888888886,0,0,0,0,0
2026-07-28 15:26:00,ccf-aiops-西安,probe-vm,probe,ens4,business,105.42222222222222,1173.6666666666667,0.8444444444444444,0.3555555555555555,0,0,0,0,0
2026-07-28 15:26:00,ccf-aiops-西安,probe-vm,probe,ens5,NULL,0,0,0,0,0,0,0,0,0
2026-07-28 15:26:00,ccf-aiops-西安,probe-vm,probe,ens6,NULL,0,0,0,0,0,0,0,0,0
2026-07-28 15:26:00,ccf-aiops-西安,service-vm-1,service,ens3,NULL,413.8444444444444,230.88888888888886,4.444444444444444,1.9555555555555555,0,0,0,0,0
2026-07-28 15:26:00,ccf-aiops-西安,service-vm-1,service,ens4,service,111.15555555555555,1182.822222222222,0.8444444444444444,0.3333333333333333,0,0,0,0,0
2026-07-28 15:26:00,ccf-aiops-西安,service-vm-1,service,ens5,NULL,0,0,0,0,0,0,0,0,0
2026-07-28 15:26:00,ccf-aiops-西安,service-vm-1,service,ens6,NULL,0,0,0,0,0,0,0,0,0
2026-07-28 15:26:00,ccf-aiops-西安,service-vm-2,service,ens3,NULL,65.66666666666667,62.35555555555555,0.4222222222222222,0.31111111111111106,0,0,0,0,0
2026-07-28 15:26:00,ccf-aiops-西安,service-vm-2,service,ens4,service,93.95555555555555,1174.4222222222222,0.6444444444444444,0.3333333333333333,0,0,0,0,0
2026-07-28 15:26:00,ccf-aiops-西安,service-vm-2,service,ens5,NULL,0,0,0,0,0,0,0,0,0
2026-07-28 15:26:00,ccf-aiops-西安,service-vm-2,service,ens6,NULL,0,0,0,0,0,0,0,0,0
2026-07-28 15:26:00,ccf-aiops-西安,service-vm-3,service,ens3,NULL,73.44444444444443,62.35555555555555,0.5333333333333333,0.31111111111111106,0,0,0,0,0
2026-07-28 15:26:00,ccf-aiops-西安,service-vm-3,service,ens4,service,114.7111111111111,1176.0444444444443,0.8888888888888888,0.3777777777777777,0,0,0,0,0
2026-07-28 15:26:00,ccf-aiops-西安,service-vm-3,service,ens5,NULL,0,0,0,0,0,0,0,0,0
2026-07-28 15:26:00,ccf-aiops-西安,service-vm-3,service,ens6,NULL,0,0,0,0,0,0,0,0,0
2026-07-28 15:26:00,ccf-aiops-西安,traffic-vm,traffic,ens3,NULL,225.97777777777776,130.35555555555555,2.3777777777777778,0.9777777777777777,0,0,0,0,0
2026-07-28 15:26:00,ccf-aiops-西安,traffic-vm,traffic,ens4,business,1381.1111111111109,14919.066666666668,10.266666666666667,10.511111111111111,0,0,0,0,0
2026-07-28 15:26:00,ccf-aiops-西安,traffic-vm,traffic,ens5,NULL,0,0,0,0,0,0,0,0,0
2026-07-28 15:26:00,ccf-aiops-西安,traffic-vm,traffic,ens6,NULL,0,0,0,0,0,0,0,0,0
2026-07-28 15:27:00,ccf-aiops-西安,br-1,br,ens10,NULL,0,0,0,0,0,0,0,0,0
2026-07-28 15:27:00,ccf-aiops-西安,br-1,br,ens11,NULL,0,0,0,0,0,0,0,0,0
2026-07-28 15:27:00,ccf-aiops-西安,br-1,br,ens12,NULL,0,0,0,0,0,0,0,0,0
2026-07-28 15:27:00,ccf-aiops-西安,br-1,br,ens3,NULL,307.46666666666664,134.66666666666666,3.6666666666666665,1.3333333333333333,0,0,0,0,0
2026-07-28 15:27:00,ccf-aiops-西安,br-1,br,ens4,backbone,1177.4222222222222,698.7777777777777,10.177777777777777,6.088888888888889,0,0,0,0,0
2026-07-28 15:27:00,ccf-aiops-西安,br-1,br,ens5,backbone,841.5555555555554,2839.266666666667,7.311111111111111,7.088888888888889,0,0,0,0,0
2026-07-28 15:27:00,ccf-aiops-西安,br-1,br,ens6,NULL,0,0,0,0,0,0,0,0,0
2026-07-28 15:27:00,ccf-aiops-西安,br-1,br,ens7,NULL,0,0,0,0,0,0,0,0,0
2026-07-28 15:27:00,ccf-aiops-西安,br-1,br,ens8,NULL,0,0,0,0,0,0,0,0,0
2026-07-28 15:27:00,ccf-aiops-西安,br-1,br,ens9,NULL,0,0,0,0,0,0,0,0,0
2026-07-28 15:27:00,ccf-aiops-西安,br-2,br,ens10,NULL,0,0,0,0,0,0,0,0,0
2026-07-28 15:27:00,ccf-aiops-西安,br-2,br,ens11,NULL,0,0,0,0,0,0,0,0,0
2026-07-28 15:27:00,ccf-aiops-西安,br-2,br,ens12,NULL,0,0,0,0,0,0,0,0,0
2026-07-28 15:27:00,ccf-aiops-西安,br-2,br,ens3,NULL,174.57777777777775,114.22222222222221,1.4888888888888887,0.5555555555555555,0.04444444444444444,0,0,0,0
2026-07-28 15:27:00,ccf-aiops-西安,br-2,br,ens4,backbone,847.0444444444444,424.73333333333335,7.4,3.755555555555555,0,0,0,0,0
2026-07-28 15:27:00,ccf-aiops-西安,br-2,br,ens5,backbone,569.9777777777778,2781.6888888888884,4.888888888888888,4.822222222222222,0,0,0,0,0
2026-07-28 15:27:00,ccf-aiops-西安,br-2,br,ens6,NULL,0,0,0,0,0,0,0,0,0
2026-07-28 15:27:00,ccf-aiops-西安,br-2,br,ens7,NULL,0,0,0,0,0,0,0,0,0
2026-07-28 15:27:00,ccf-aiops-西安,br-2,br,ens8,NULL,0,0,0,0,0,0,0,0,0
2026-07-28 15:27:00,ccf-aiops-西安,br-2,br,ens9,NULL,0,0,0,0,0,0,0,0,0
2026-07-28 15:27:00,ccf-aiops-西安,cr-1,cr,ens10,NULL,0,0,0,0,0,0,0,0,0
2026-07-28 15:27:00,ccf-aiops-西安,cr-1,cr,ens11,NULL,0,0,0,0,0,0,0,0,0
2026-07-28 15:27:00,ccf-aiops-西安,cr-1,cr,ens12,NULL,0,0,0,0,0,0,0,0,0
2026-07-28 15:27:00,ccf-aiops-西安,cr-1,cr,ens3,NULL,162.26666666666668,114.22222222222221,1.422222222222222,0.5555555555555555,0,0,0,0,0
2026-07-28 15:27:00,ccf-aiops-西安,cr-1,cr,ens4,backbone,1795.0666666666666,141.77777777777777,5.133333333333334,1.2666666666666666,0,0,0,0,0
2026-07-28 15:27:00,ccf-aiops-西安,cr-1,cr,ens5,backbone,707.1555555555555,4167.333333333333,6.155555555555555,9.688888888888888,0,0,0,0,0
2026-07-28 15:27:00,ccf-aiops-西安,cr-1,cr,ens6,NULL,0,0,0,0,0,0,0,0,0
2026-07-28 15:27:00,ccf-aiops-西安,cr-1,cr,ens7,NULL,0,0,0,0,0,0,0,0,0
2026-07-28 15:27:00,ccf-aiops-西安,cr-1,cr,ens8,NULL,0,0,0,0,0,0,0,0,0
2026-07-28 15:27:00,ccf-aiops-西安,cr-1,cr,ens9,NULL,0,0,0,0,0,0,0,0,0
2026-07-28 15:27:00,ccf-aiops-西安,cr-2,cr,ens10,NULL,0,0,0,0,0,0,0,0,0
2026-07-28 15:27:00,ccf-aiops-西安,cr-2,cr,ens11,NULL,0,0,0,0,0,0,0,0,0
2026-07-28 15:27:00,ccf-aiops-西安,cr-2,cr,ens12,NULL,0,0,0,0,0,0,0,0,0
2026-07-28 15:27:00,ccf-aiops-西安,cr-2,cr,ens3,NULL,58.222222222222214,0,0.9111111111111111,0,0,0,0,0,0
2026-07-28 15:27:00,ccf-aiops-西安,cr-2,cr,ens4,backbone,3823.511111111111,1085.2,6.488888888888889,9.4,0,0,0,0,0
2026-07-28 15:27:00,ccf-aiops-西安,cr-2,cr,ens5,backbone,1211.3333333333333,6293.044444444444,10.488888888888887,7.733333333333333,0,0,0,0,0
2026-07-28 15:27:00,ccf-aiops-西安,cr-2,cr,ens6,NULL,0,0,0,0,0,0,0,0,0
2026-07-28 15:27:00,ccf-aiops-西安,cr-2,cr,ens7,NULL,0,0,0,0,0,0,0,0,0
2026-07-28 15:27:00,ccf-aiops-西安,cr-2,cr,ens8,NULL,0,0,0,0,0,0,0,0,0
2026-07-28 15:27:00,ccf-aiops-西安,cr-2,cr,ens9,NULL,0,0,0,0,0,0,0,0,0
2026-07-28 15:27:00,ccf-aiops-西安,fw,firewall,ens3,NULL,194.75555555555553,130.35555555555555,1.8666666666666667,0.9777777777777777,0,0,0,0,0
2026-07-28 15:27:00,ccf-aiops-西安,fw,firewall,ens4,backbone,9776.555555555555,1609.6,15.488888888888887,13.844444444444443,0,0,0,0,0
2026-07-28 15:27:00,ccf-aiops-西安,fw,firewall,ens5,business,1752.6,10919.866666666667,15,15.577777777777778,0,0,0,0,0
2026-07-28 15:27:00,ccf-aiops-西安,fw,firewall,ens6,NULL,0,0,0,0,0,0,0,0,0
2026-07-28 15:27:00,ccf-aiops-西安,monitor-vm,collector,ens3,NULL,253.33333333333334,130.35555555555555,2.711111111111111,0.9777777777777777,0,0,0,0,0
2026-07-28 15:27:00,ccf-aiops-西安,monitor-vm,collector,ens4,mgmt,28758.44444444444,992.1555555555555,11.622222222222222,8.644444444444444,0,0,0,0,0
2026-07-28 15:27:00,ccf-aiops-西安,monitor-vm,collector,ens5,NULL,0,0,0,0,0,0,0,0,0
2026-07-28 15:27:00,ccf-aiops-西安,monitor-vm,collector,ens6,NULL,0,0,0,0,0,0,0,0,0
2026-07-28 15:27:00,ccf-aiops-西安,probe-vm,probe,ens3,NULL,113.73333333333333,62.35555555555555,1.222222222222222,0.31111111111111106,0,0,0,0,0
2026-07-28 15:27:00,ccf-aiops-西安,probe-vm,probe,ens4,business,116.62222222222222,1164.911111111111,0.9111111111111111,0.26666666666666666,0,0,0,0,0
2026-07-28 15:27:00,ccf-aiops-西安,probe-vm,probe,ens5,NULL,0,0,0,0,0,0,0,0,0
2026-07-28 15:27:00,ccf-aiops-西安,probe-vm,probe,ens6,NULL,0,0,0,0,0,0,0,0,0
2026-07-28 15:27:00,ccf-aiops-西安,service-vm-1,service,ens3,NULL,367.2888888888889,168.66666666666666,4.311111111111111,1.6666666666666667,0,0,0,0,0
2026-07-28 15:27:00,ccf-aiops-西安,service-vm-1,service,ens4,service,128.35555555555555,1175.4666666666667,0.9777777777777777,0.26666666666666666,0,0,0,0,0
2026-07-28 15:27:00,ccf-aiops-西安,service-vm-1,service,ens5,NULL,0,0,0,0,0,0,0,0,0
2026-07-28 15:27:00,ccf-aiops-西安,service-vm-1,service,ens6,NULL,0,0,0,0,0,0,0,0,0
2026-07-28 15:27:00,ccf-aiops-西安,service-vm-2,service,ens3,NULL,72.08888888888889,62.35555555555555,0.5333333333333333,0.31111111111111106,0,0,0,0,0
2026-07-28 15:27:00,ccf-aiops-西安,service-vm-2,service,ens4,service,135.46666666666667,1167.9777777777776,1.0666666666666667,0.26666666666666666,0,0,0,0,0
2026-07-28 15:27:00,ccf-aiops-西安,service-vm-2,service,ens5,NULL,0,0,0,0,0,0,0,0,0
2026-07-28 15:27:00,ccf-aiops-西安,service-vm-2,service,ens6,NULL,0,0,0,0,0,0,0,0,0
2026-07-28 15:27:00,ccf-aiops-西安,service-vm-3,service,ens3,NULL,17.6,0,0.24444444444444444,0,0,0,0,0,0
2026-07-28 15:27:00,ccf-aiops-西安,service-vm-3,service,ens4,service,144.93333333333334,1177.4888888888888,1.2444444444444442,0.4,0,0,0,0,0
2026-07-28 15:27:00,ccf-aiops-西安,service-vm-3,service,ens5,NULL,0,0,0,0,0,0,0,0,0
2026-07-28 15:27:00,ccf-aiops-西安,service-vm-3,service,ens6,NULL,0,0,0,0,0,0,0,0,0
2026-07-28 15:27:00,ccf-aiops-西安,traffic-vm,traffic,ens3,NULL,235.06666666666666,130.35555555555555,2.533333333333333,0.9777777777777777,0,0,0,0,0
2026-07-28 15:27:00,ccf-aiops-西安,traffic-vm,traffic,ens4,business,1276.888888888889,14798.22222222222,9.244444444444444,9.444444444444445,0,0,0,0,0
2026-07-28 15:27:00,ccf-aiops-西安,traffic-vm,traffic,ens5,NULL,0,0,0,0,0,0,0,0,0
2026-07-28 15:27:00,ccf-aiops-西安,traffic-vm,traffic,ens6,NULL,0,0,0,0,0,0,0,0,0
2026-07-28 15:28:00,ccf-aiops-西安,br-1,br,ens10,NULL,0,0,0,0,0,0,0,0,0
2026-07-28 15:28:00,ccf-aiops-西安,br-1,br,ens11,NULL,0,0,0,0,0,0,0,0,0
2026-07-28 15:28:00,ccf-aiops-西安,br-1,br,ens12,NULL,0,0,0,0,0,0,0,0,0
2026-07-28 15:28:00,ccf-aiops-西安,br-1,br,ens3,NULL,402.97777777777776,250.2222222222222,4,1.8888888888888888,0,0,0,0,0
2026-07-28 15:28:00,ccf-aiops-西安,br-1,br,ens4,backbone,860.6888888888888,376.08888888888885,7.666666666666667,3.466666666666667,0,0,0,0,0
2026-07-28 15:28:00,ccf-aiops-西安,br-1,br,ens5,backbone,522.1111111111111,2577.1777777777775,4.71111111111111,4.5777777777777775,0,0,0,0,0
2026-07-28 15:28:00,ccf-aiops-西安,br-1,br,ens6,NULL,0,0,0,0,0,0,0,0,0
2026-07-28 15:28:00,ccf-aiops-西安,br-1,br,ens7,NULL,0,0,0,0,0,0,0,0,0
2026-07-28 15:28:00,ccf-aiops-西安,br-1,br,ens8,NULL,0,0,0,0,0,0,0,0,0
2026-07-28 15:28:00,ccf-aiops-西安,br-1,br,ens9,NULL,0,0,0,0,0,0,0,0,0
2026-07-28 15:28:00,ccf-aiops-西安,br-2,br,ens10,NULL,0,0,0,0,0,0,0,0,0
2026-07-28 15:28:00,ccf-aiops-西安,br-2,br,ens11,NULL,0,0,0,0,0,0,0,0,0
2026-07-28 15:28:00,ccf-aiops-西安,br-2,br,ens12,NULL,0,0,0,0,0,0,0,0,0
2026-07-28 15:28:00,ccf-aiops-西安,br-2,br,ens3,NULL,54.13333333333333,0,0.7333333333333333,0,0.04444444444444444,0,0,0,0
2026-07-28 15:28:00,ccf-aiops-西安,br-2,br,ens4,backbone,1226.9333333333334,628.9555555555555,10.355555555555554,5.6,0,0,0,0,0
2026-07-28 15:28:00,ccf-aiops-西安,br-2,br,ens5,backbone,780.911111111111,2908.0888888888885,6.8,6.533333333333333,0,0,0,0,0
2026-07-28 15:28:00,ccf-aiops-西安,br-2,br,ens6,NULL,0,0,0,0,0,0,0,0,0
2026-07-28 15:28:00,ccf-aiops-西安,br-2,br,ens7,NULL,0,0,0,0,0,0,0,0,0
2026-07-28 15:28:00,ccf-aiops-西安,br-2,br,ens8,NULL,0,0,0,0,0,0,0,0,0
2026-07-28 15:28:00,ccf-aiops-西安,br-2,br,ens9,NULL,0,0,0,0,0,0,0,0,0
2026-07-28 15:28:00,ccf-aiops-西安,cr-1,cr,ens10,NULL,0,0,0,0,0,0,0,0,0
2026-07-28 15:28:00,ccf-aiops-西安,cr-1,cr,ens11,NULL,0,0,0,0,0,0,0,0,0
2026-07-28 15:28:00,ccf-aiops-西安,cr-1,cr,ens12,NULL,0,0,0,0,0,0,0,0,0
2026-07-28 15:28:00,ccf-aiops-西安,cr-1,cr,ens3,NULL,42.13333333333333,0,0.6666666666666666,0,0,0,0,0,0
2026-07-28 15:28:00,ccf-aiops-西安,cr-1,cr,ens4,backbone,1914.7555555555555,139.86666666666667,6.022222222222222,1.2444444444444442,0,0,0,0,0
2026-07-28 15:28:00,ccf-aiops-西安,cr-1,cr,ens5,backbone,874.6666666666666,4363.955555555555,7.666666666666667,12.066666666666666,0,0,0,0,0
2026-07-28 15:28:00,ccf-aiops-西安,cr-1,cr,ens6,NULL,0,0,0,0,0,0,0,0,0
2026-07-28 15:28:00,ccf-aiops-西安,cr-1,cr,ens7,NULL,0,0,0,0,0,0,0,0,0
2026-07-28 15:28:00,ccf-aiops-西安,cr-1,cr,ens8,NULL,0,0,0,0,0,0,0,0,0
2026-07-28 15:28:00,ccf-aiops-西安,cr-1,cr,ens9,NULL,0,0,0,0,0,0,0,0,0
2026-07-28 15:28:00,ccf-aiops-西安,cr-2,cr,ens10,NULL,0,0,0,0,0,0,0,0,0
2026-07-28 15:28:00,ccf-aiops-西安,cr-2,cr,ens11,NULL,0,0,0,0,0,0,0,0,0
2026-07-28 15:28:00,ccf-aiops-西安,cr-2,cr,ens12,NULL,0,0,0,0,0,0,0,0,0
2026-07-28 15:28:00,ccf-aiops-西安,cr-2,cr,ens3,NULL,151.8222222222222,114.22222222222221,1.2666666666666666,0.5555555555555555,0,0,0,0,0
2026-07-28 15:28:00,ccf-aiops-西安,cr-2,cr,ens4,backbone,3902.111111111111,1229.4444444444443,6.777777777777777,10.844444444444443,0,0,0,0,0
2026-07-28 15:28:00,ccf-aiops-西安,cr-2,cr,ens5,backbone,1356.2,6211.688888888889,11.933333333333334,7.933333333333334,0,0,0,0,0
2026-07-28 15:28:00,ccf-aiops-西安,cr-2,cr,ens6,NULL,0,0,0,0,0,0,0,0,0
2026-07-28 15:28:00,ccf-aiops-西安,cr-2,cr,ens7,NULL,0,0,0,0,0,0,0,0,0
2026-07-28 15:28:00,ccf-aiops-西安,cr-2,cr,ens8,NULL,0,0,0,0,0,0,0,0,0
2026-07-28 15:28:00,ccf-aiops-西安,cr-2,cr,ens9,NULL,0,0,0,0,0,0,0,0,0
2026-07-28 15:28:00,ccf-aiops-西安,fw,firewall,ens3,NULL,138.13333333333333,68.93333333333334,1.5555555555555556,0.6888888888888888,0,0,0,0,0
2026-07-28 15:28:00,ccf-aiops-西安,fw,firewall,ens4,backbone,9558.111111111111,1498.5333333333333,14.622222222222222,13.133333333333333,0,0,0,0,0
2026-07-28 15:28:00,ccf-aiops-西安,fw,firewall,ens5,business,1620.3333333333333,10700.822222222221,14.044444444444444,14.733333333333333,0,0,0,0,0
2026-07-28 15:28:00,ccf-aiops-西安,fw,firewall,ens6,NULL,0,0,0,0,0,0,0,0,0
2026-07-28 15:28:00,ccf-aiops-西安,monitor-vm,collector,ens3,NULL,167.24444444444444,66.66666666666667,2.0444444444444443,0.6666666666666666,0,0,0,0,0
2026-07-28 15:28:00,ccf-aiops-西安,monitor-vm,collector,ens4,mgmt,28486.333333333332,987.8,10.888888888888888,8.6,0,0,0,0,0
2026-07-28 15:28:00,ccf-aiops-西安,monitor-vm,collector,ens5,NULL,0,0,0,0,0,0,0,0,0
2026-07-28 15:28:00,ccf-aiops-西安,monitor-vm,collector,ens6,NULL,0,0,0,0,0,0,0,0,0
2026-07-28 15:28:00,ccf-aiops-西安,probe-vm,probe,ens3,NULL,98.97777777777777,62.35555555555555,1,0.31111111111111106,0,0,0,0,0
2026-07-28 15:28:00,ccf-aiops-西安,probe-vm,probe,ens4,business,80.3111111111111,1165.4666666666667,0.4888888888888889,0.26666666666666666,0,0,0,0,0
2026-07-28 15:28:00,ccf-aiops-西安,probe-vm,probe,ens5,NULL,0,0,0,0,0,0,0,0,0
2026-07-28 15:28:00,ccf-aiops-西安,probe-vm,probe,ens6,NULL,0,0,0,0,0,0,0,0,0
2026-07-28 15:28:00,ccf-aiops-西安,service-vm-1,service,ens3,NULL,399.1111111111111,226.35555555555553,4.266666666666667,1.911111111111111,0,0,0,0,0
2026-07-28 15:28:00,ccf-aiops-西安,service-vm-1,service,ens4,service,133.55555555555554,1187.9777777777776,1.0444444444444445,0.4,0,0,0,0,0
2026-07-28 15:28:00,ccf-aiops-西安,service-vm-1,service,ens5,NULL,0,0,0,0,0,0,0,0,0
2026-07-28 15:28:00,ccf-aiops-西安,service-vm-1,service,ens6,NULL,0,0,0,0,0,0,0,0,0
2026-07-28 15:28:00,ccf-aiops-西安,service-vm-2,service,ens3,NULL,14.133333333333333,0,0.2,0,0,0,0,0,0
2026-07-28 15:28:00,ccf-aiops-西安,service-vm-2,service,ens4,service,125.55555555555556,1184.0666666666666,0.9555555555555555,0.4444444444444444,0,0,0,0,0
2026-07-28 15:28:00,ccf-aiops-西安,service-vm-2,service,ens5,NULL,0,0,0,0,0,0,0,0,0
2026-07-28 15:28:00,ccf-aiops-西安,service-vm-2,service,ens6,NULL,0,0,0,0,0,0,0,0,0
2026-07-28 15:28:00,ccf-aiops-西安,service-vm-3,service,ens3,NULL,68.93333333333334,59.95555555555555,0.4888888888888889,0.26666666666666666,0,0,0,0,0
2026-07-28 15:28:00,ccf-aiops-西安,service-vm-3,service,ens4,service,103.24444444444444,1177.6,0.7555555555555554,0.4,0,0,0,0,0
2026-07-28 15:28:00,ccf-aiops-西安,service-vm-3,service,ens5,NULL,0,0,0,0,0,0,0,0,0
2026-07-28 15:28:00,ccf-aiops-西安,service-vm-3,service,ens6,NULL,0,0,0,0,0,0,0,0,0
2026-07-28 15:28:00,ccf-aiops-西安,traffic-vm,traffic,ens3,NULL,164.7111111111111,66.66666666666667,2.022222222222222,0.6666666666666666,0,0,0,0,0
2026-07-28 15:28:00,ccf-aiops-西安,traffic-vm,traffic,ens4,business,1671.4666666666667,15077.355555555554,11.666666666666666,12.044444444444444,0,0,0,0,0
2026-07-28 15:28:00,ccf-aiops-西安,traffic-vm,traffic,ens5,NULL,0,0,0,0,0,0,0,0,0
2026-07-28 15:28:00,ccf-aiops-西安,traffic-vm,traffic,ens6,NULL,0,0,0,0,0,0,0,0,0
2026-07-28 15:29:00,ccf-aiops-西安,br-1,br,ens10,NULL,0,0,0,0,0,0,0,0,0
2026-07-28 15:29:00,ccf-aiops-西安,br-1,br,ens11,NULL,0,0,0,0,0,0,0,0,0
2026-07-28 15:29:00,ccf-aiops-西安,br-1,br,ens12,NULL,0,0,0,0,0,0,0,0,0
2026-07-28 15:29:00,ccf-aiops-西安,br-1,br,ens3,NULL,293.37777777777774,134.66666666666666,3.3777777777777778,1.3333333333333333,0,0,0,0,0
2026-07-28 15:29:00,ccf-aiops-西安,br-1,br,ens4,backbone,1028.9333333333334,344.2,9.222222222222221,3.111111111111111,0,0,0,0,0
2026-07-28 15:29:00,ccf-aiops-西安,br-1,br,ens5,backbone,479.1333333333333,2639.288888888889,4.266666666666667,4.622222222222222,0,0,0,0,0
2026-07-28 15:29:00,ccf-aiops-西安,br-1,br,ens6,NULL,0,0,0,0,0,0,0,0,0
2026-07-28 15:29:00,ccf-aiops-西安,br-1,br,ens7,NULL,0,0,0,0,0,0,0,0,0
2026-07-28 15:29:00,ccf-aiops-西安,br-1,br,ens8,NULL,0,0,0,0,0,0,0,0,0
2026-07-28 15:29:00,ccf-aiops-西安,br-1,br,ens9,NULL,0,0,0,0,0,0,0,0,0
2026-07-28 15:29:00,ccf-aiops-西安,br-2,br,ens10,NULL,0,0,0,0,0,0,0,0,0
2026-07-28 15:29:00,ccf-aiops-西安,br-2,br,ens11,NULL,0,0,0,0,0,0,0,0,0
2026-07-28 15:29:00,ccf-aiops-西安,br-2,br,ens12,NULL,0,0,0,0,0,0,0,0,0
2026-07-28 15:29:00,ccf-aiops-西安,br-2,br,ens3,NULL,60.13333333333333,0,0.7555555555555554,0,0.04444444444444444,0,0,0,0
2026-07-28 15:29:00,ccf-aiops-西安,br-2,br,ens4,backbone,952.2666666666667,323.53333333333336,8.733333333333333,2.822222222222222,0,0,0,0,0
2026-07-28 15:29:00,ccf-aiops-西安,br-2,br,ens5,backbone,456.17777777777775,3035.266666666667,3.8888888888888884,4.866666666666666,0,0,0,0,0
2026-07-28 15:29:00,ccf-aiops-西安,br-2,br,ens6,NULL,0,0,0,0,0,0,0,0,0
2026-07-28 15:29:00,ccf-aiops-西安,br-2,br,ens7,NULL,0,0,0,0,0,0,0,0,0
2026-07-28 15:29:00,ccf-aiops-西安,br-2,br,ens8,NULL,0,0,0,0,0,0,0,0,0
2026-07-28 15:29:00,ccf-aiops-西安,br-2,br,ens9,NULL,0,0,0,0,0,0,0,0,0
2026-07-28 15:29:00,ccf-aiops-西安,cr-1,cr,ens10,NULL,0,0,0,0,0,0,0,0,0
2026-07-28 15:29:00,ccf-aiops-西安,cr-1,cr,ens11,NULL,0,0,0,0,0,0,0,0,0
2026-07-28 15:29:00,ccf-aiops-西安,cr-1,cr,ens12,NULL,0,0,0,0,0,0,0,0,0
2026-07-28 15:29:00,ccf-aiops-西安,cr-1,cr,ens3,NULL,46.8,0,0.6666666666666666,0,0,0,0,0,0
2026-07-28 15:29:00,ccf-aiops-西安,cr-1,cr,ens4,backbone,2353.422222222222,139.68888888888887,5.7555555555555555,1.2444444444444442,0,0,0,0,0
2026-07-28 15:29:00,ccf-aiops-西安,cr-1,cr,ens5,backbone,639.6444444444444,4813.31111111111,5.555555555555555,9.888888888888888,0,0,0,0,0
2026-07-28 15:29:00,ccf-aiops-西安,cr-1,cr,ens6,NULL,0,0,0,0,0,0,0,0,0
2026-07-28 15:29:00,ccf-aiops-西安,cr-1,cr,ens7,NULL,0,0,0,0,0,0,0,0,0
2026-07-28 15:29:00,ccf-aiops-西安,cr-1,cr,ens8,NULL,0,0,0,0,0,0,0,0,0
2026-07-28 15:29:00,ccf-aiops-西安,cr-1,cr,ens9,NULL,0,0,0,0,0,0,0,0,0
2026-07-28 15:29:00,ccf-aiops-西安,cr-2,cr,ens10,NULL,0,0,0,0,0,0,0,0,0
2026-07-28 15:29:00,ccf-aiops-西安,cr-2,cr,ens11,NULL,0,0,0,0,0,0,0,0,0
2026-07-28 15:29:00,ccf-aiops-西安,cr-2,cr,ens12,NULL,0,0,0,0,0,0,0,0,0
2026-07-28 15:29:00,ccf-aiops-西安,cr-2,cr,ens3,NULL,49.46666666666667,0,0.711111111111111,0,0,0,0,0,0
2026-07-28 15:29:00,ccf-aiops-西安,cr-2,cr,ens4,backbone,3598.555555555555,822.4888888888888,4.533333333333333,7.222222222222222,0,0,0,0,0
2026-07-28 15:29:00,ccf-aiops-西安,cr-2,cr,ens5,backbone,952.8,6415.488888888888,8.355555555555556,6.066666666666666,0,0,0,0,0
2026-07-28 15:29:00,ccf-aiops-西安,cr-2,cr,ens6,NULL,0,0,0,0,0,0,0,0,0
2026-07-28 15:29:00,ccf-aiops-西安,cr-2,cr,ens7,NULL,0,0,0,0,0,0,0,0,0
2026-07-28 15:29:00,ccf-aiops-西安,cr-2,cr,ens8,NULL,0,0,0,0,0,0,0,0,0
2026-07-28 15:29:00,ccf-aiops-西安,cr-2,cr,ens9,NULL,0,0,0,0,0,0,0,0,0
2026-07-28 15:29:00,ccf-aiops-西安,fw,firewall,ens3,NULL,189.28888888888886,130.35555555555555,1.711111111111111,0.9777777777777777,0,0,0,0,0
2026-07-28 15:29:00,ccf-aiops-西安,fw,firewall,ens4,backbone,10107.377777777778,1192.2222222222222,12.577777777777778,10.4,0,0,0,0,0
2026-07-28 15:29:00,ccf-aiops-西安,fw,firewall,ens5,business,1316.2888888888888,11245,11.333333333333334,12.6,0,0,0,0,0
2026-07-28 15:29:00,ccf-aiops-西安,fw,firewall,ens6,NULL,0,0,0,0,0,0,0,0,0
2026-07-28 15:29:00,ccf-aiops-西安,monitor-vm,collector,ens3,NULL,173.46666666666667,68.93333333333334,2.066666666666667,0.6888888888888888,0,0,0,0,0
2026-07-28 15:29:00,ccf-aiops-西安,monitor-vm,collector,ens4,mgmt,29160.933333333334,1003.6222222222221,11.6,8.777777777777777,0,0,0,0,0
2026-07-28 15:29:00,ccf-aiops-西安,monitor-vm,collector,ens5,NULL,0,0,0,0,0,0,0,0,0
2026-07-28 15:29:00,ccf-aiops-西安,monitor-vm,collector,ens6,NULL,0,0,0,0,0,0,0,0,0
2026-07-28 15:29:00,ccf-aiops-西安,probe-vm,probe,ens3,NULL,50.8,0,0.7333333333333333,0,0,0,0,0,0
2026-07-28 15:29:00,ccf-aiops-西安,probe-vm,probe,ens4,business,97.5111111111111,1170.9555555555555,0.6888888888888888,0.3333333333333333,0,0,0,0,0
2026-07-28 15:29:00,ccf-aiops-西安,probe-vm,probe,ens5,NULL,0,0,0,0,0,0,0,0,0
2026-07-28 15:29:00,ccf-aiops-西安,probe-vm,probe,ens6,NULL,0,0,0,0,0,0,0,0,0
2026-07-28 15:29:00,ccf-aiops-西安,service-vm-1,service,ens3,NULL,360.1333333333333,170.93333333333334,4.111111111111111,1.6888888888888889,0,0,0,0,0
2026-07-28 15:29:00,ccf-aiops-西安,service-vm-1,service,ens4,service,133.55555555555554,1188.2666666666667,1.0444444444444445,0.4,0,0,0,0,0
2026-07-28 15:29:00,ccf-aiops-西安,service-vm-1,service,ens5,NULL,0,0,0,0,0,0,0,0,0
2026-07-28 15:29:00,ccf-aiops-西安,service-vm-1,service,ens6,NULL,0,0,0,0,0,0,0,0,0
2026-07-28 15:29:00,ccf-aiops-西安,service-vm-2,service,ens3,NULL,12.133333333333333,0,0.08888888888888888,0,0,0,0,0,0
2026-07-28 15:29:00,ccf-aiops-西安,service-vm-2,service,ens4,service,118.8,1170.4666666666667,0.8666666666666667,0.28888888888888886,0,0,0,0,0
2026-07-28 15:29:00,ccf-aiops-西安,service-vm-2,service,ens5,NULL,0,0,0,0,0,0,0,0,0
2026-07-28 15:29:00,ccf-aiops-西安,service-vm-2,service,ens6,NULL,0,0,0,0,0,0,0,0,0
2026-07-28 15:29:00,ccf-aiops-西安,service-vm-3,service,ens3,NULL,10.577777777777778,0,0.06666666666666667,0,0,0,0,0,0
2026-07-28 15:29:00,ccf-aiops-西安,service-vm-3,service,ens4,service,114.7111111111111,1171.1333333333334,0.8888888888888888,0.31111111111111106,0,0,0,0,0
2026-07-28 15:29:00,ccf-aiops-西安,service-vm-3,service,ens5,NULL,0,0,0,0,0,0,0,0,0
2026-07-28 15:29:00,ccf-aiops-西安,service-vm-3,service,ens6,NULL,0,0,0,0,0,0,0,0,0
2026-07-28 15:29:00,ccf-aiops-西安,traffic-vm,traffic,ens3,NULL,177.46666666666667,68.93333333333334,2.1333333333333333,0.6888888888888888,0,0,0,0,0
2026-07-28 15:29:00,ccf-aiops-西安,traffic-vm,traffic,ens4,business,1163.9555555555555,14637.844444444443,8.11111111111111,8.088888888888889,0,0,0,0,0
2026-07-28 15:29:00,ccf-aiops-西安,traffic-vm,traffic,ens5,NULL,0,0,0,0,0,0,0,0,0
2026-07-28 15:29:00,ccf-aiops-西安,traffic-vm,traffic,ens6,NULL,0,0,0,0,0,0,0,0,0
