timestamp,region,node,node_type,interface_id,if_role,rx_bytes_rate,tx_bytes_rate,rx_packets_rate,tx_packets_rate,rx_drop_rate,tx_drop_rate,rx_error_rate,tx_error_rate,carrier_changes
2026-07-28 12:35:00,ccf-aiops-西安,br-1,br,ens10,NULL,0,0,0,0,0,0,0,0,0
2026-07-28 12:35:00,ccf-aiops-西安,br-1,br,ens11,NULL,0,0,0,0,0,0,0,0,0
2026-07-28 12:35:00,ccf-aiops-西安,br-1,br,ens12,NULL,0,0,0,0,0,0,0,0,0
2026-07-28 12:35:00,ccf-aiops-西安,br-1,br,ens3,NULL,255.5111111111111,102.93333333333334,3,1.0222222222222221,0,0,0,0,0
2026-07-28 12:35:00,ccf-aiops-西安,br-1,br,ens4,backbone,991.5333333333333,673.5555555555554,7.022222222222222,6.088888888888889,0,0,0,0,0
2026-07-28 12:35:00,ccf-aiops-西安,br-1,br,ens5,backbone,860.3333333333334,3055.866666666667,7.644444444444444,7.688888888888888,0,0,0,0,0
2026-07-28 12:35:00,ccf-aiops-西安,br-1,br,ens6,NULL,0,0,0,0,0,0,0,0,0
2026-07-28 12:35:00,ccf-aiops-西安,br-1,br,ens7,NULL,0,0,0,0,0,0,0,0,0
2026-07-28 12:35:00,ccf-aiops-西安,br-1,br,ens8,NULL,0,0,0,0,0,0,0,0,0
2026-07-28 12:35:00,ccf-aiops-西安,br-1,br,ens9,NULL,0,0,0,0,0,0,0,0,0
2026-07-28 12:35:00,ccf-aiops-西安,br-2,br,ens10,NULL,0,0,0,0,0,0,0,0,0
2026-07-28 12:35:00,ccf-aiops-西安,br-2,br,ens11,NULL,0,0,0,0,0,0,0,0,0
2026-07-28 12:35:00,ccf-aiops-西安,br-2,br,ens12,NULL,0,0,0,0,0,0,0,0,0
2026-07-28 12:35:00,ccf-aiops-西安,br-2,br,ens3,NULL,185.8222222222222,115.68888888888888,1.5333333333333334,0.5777777777777777,0.04444444444444444,0,0,0,0
2026-07-28 12:35:00,ccf-aiops-西安,br-2,br,ens4,backbone,972.5777777777778,700.4888888888888,6.933333333333334,6.266666666666667,0,0,0,0,0
2026-07-28 12:35:00,ccf-aiops-西安,br-2,br,ens5,backbone,856.6666666666666,3231.644444444444,7.555555555555555,7.555555555555555,0,0,0,0,0
2026-07-28 12:35:00,ccf-aiops-西安,br-2,br,ens6,NULL,0,0,0,0,0,0,0,0,0
2026-07-28 12:35:00,ccf-aiops-西安,br-2,br,ens7,NULL,0,0,0,0,0,0,0,0,0
2026-07-28 12:35:00,ccf-aiops-西安,br-2,br,ens8,NULL,0,0,0,0,0,0,0,0,0
2026-07-28 12:35:00,ccf-aiops-西安,br-2,br,ens9,NULL,0,0,0,0,0,0,0,0,0
2026-07-28 12:35:00,ccf-aiops-西安,cr-1,cr,ens10,NULL,0,0,0,0,0,0,0,0,0
2026-07-28 12:35:00,ccf-aiops-西安,cr-1,cr,ens11,NULL,0,0,0,0,0,0,0,0,0
2026-07-28 12:35:00,ccf-aiops-西安,cr-1,cr,ens12,NULL,0,0,0,0,0,0,0,0,0
2026-07-28 12:35:00,ccf-aiops-西安,cr-1,cr,ens3,NULL,180.48888888888888,114.22222222222221,1.5777777777777777,0.5555555555555555,0,0,0,0,0
2026-07-28 12:35:00,ccf-aiops-西安,cr-1,cr,ens4,backbone,2158.7555555555555,162.33333333333334,7,1.4444444444444442,0,0,0,0,0
2026-07-28 12:35:00,ccf-aiops-西安,cr-1,cr,ens5,backbone,962.2222222222222,4765,8.4,13.533333333333333,0,0,0,0,0
2026-07-28 12:35:00,ccf-aiops-西安,cr-1,cr,ens6,NULL,0,0,0,0,0,0,0,0,0
2026-07-28 12:35:00,ccf-aiops-西安,cr-1,cr,ens7,NULL,0,0,0,0,0,0,0,0,0
2026-07-28 12:35:00,ccf-aiops-西安,cr-1,cr,ens8,NULL,0,0,0,0,0,0,0,0,0
2026-07-28 12:35:00,ccf-aiops-西安,cr-1,cr,ens9,NULL,0,0,0,0,0,0,0,0,0
2026-07-28 12:35:00,ccf-aiops-西安,cr-2,cr,ens10,NULL,0,0,0,0,0,0,0,0,0
2026-07-28 12:35:00,ccf-aiops-西安,cr-2,cr,ens11,NULL,0,0,0,0,0,0,0,0,0
2026-07-28 12:35:00,ccf-aiops-西安,cr-2,cr,ens12,NULL,0,0,0,0,0,0,0,0,0
2026-07-28 12:35:00,ccf-aiops-西安,cr-2,cr,ens3,NULL,176.48888888888888,114.22222222222221,1.5111111111111108,0.5555555555555555,0,0,0,0,0
2026-07-28 12:35:00,ccf-aiops-西安,cr-2,cr,ens4,backbone,4120.888888888889,1395.5777777777776,8.155555555555555,12.333333333333334,0,0,0,0,0
2026-07-28 12:35:00,ccf-aiops-西安,cr-2,cr,ens5,backbone,1509.622222222222,6731.7555555555555,13.288888888888888,9.4,0,0,0,0,0
2026-07-28 12:35:00,ccf-aiops-西安,cr-2,cr,ens6,NULL,0,0,0,0,0,0,0,0,0
2026-07-28 12:35:00,ccf-aiops-西安,cr-2,cr,ens7,NULL,0,0,0,0,0,0,0,0,0
2026-07-28 12:35:00,ccf-aiops-西安,cr-2,cr,ens8,NULL,0,0,0,0,0,0,0,0,0
2026-07-28 12:35:00,ccf-aiops-西安,cr-2,cr,ens9,NULL,0,0,0,0,0,0,0,0,0
2026-07-28 12:35:00,ccf-aiops-西安,fw,firewall,ens3,NULL,155.2,68.93333333333334,1.6888888888888889,0.6888888888888888,0,0,0,0,0
2026-07-28 12:35:00,ccf-aiops-西安,fw,firewall,ens4,backbone,10549.044444444444,1882.622222222222,18.244444444444444,16.466666666666665,0,0,0,0,0
2026-07-28 12:35:00,ccf-aiops-西安,fw,firewall,ens5,business,1985.5777777777776,11684.22222222222,17.22222222222222,18.244444444444444,0,0,0,0,0
2026-07-28 12:35:00,ccf-aiops-西安,fw,firewall,ens6,NULL,0,0,0,0,0,0,0,0,0
2026-07-28 12:35:00,ccf-aiops-西安,monitor-vm,collector,ens3,NULL,241.06666666666666,130.35555555555555,2.6,0.9777777777777777,0,0,0,0,0
2026-07-28 12:35:00,ccf-aiops-西安,monitor-vm,collector,ens4,mgmt,28999.6,967.311111111111,11.555555555555554,8.355555555555556,0,0,0,0,0
2026-07-28 12:35:00,ccf-aiops-西安,monitor-vm,collector,ens5,NULL,0,0,0,0,0,0,0,0,0
2026-07-28 12:35:00,ccf-aiops-西安,monitor-vm,collector,ens6,NULL,0,0,0,0,0,0,0,0,0
2026-07-28 12:35:00,ccf-aiops-西安,probe-vm,probe,ens3,NULL,123.64444444444443,61.42222222222222,1.2444444444444442,0.28888888888888886,0,0,0,0,0
2026-07-28 12:35:00,ccf-aiops-西安,probe-vm,probe,ens4,business,105.42222222222222,1178.5333333333333,0.8444444444444444,0.3777777777777777,0,0,0,0,0
2026-07-28 12:35:00,ccf-aiops-西安,probe-vm,probe,ens5,NULL,0,0,0,0,0,0,0,0,0
2026-07-28 12:35:00,ccf-aiops-西安,probe-vm,probe,ens6,NULL,0,0,0,0,0,0,0,0,0
2026-07-28 12:35:00,ccf-aiops-西安,service-vm-1,service,ens3,NULL,126.3111111111111,62.35555555555555,1.2888888888888888,0.31111111111111106,0,0,0,0,0
2026-07-28 12:35:00,ccf-aiops-西安,service-vm-1,service,ens4,service,118.8,1177.2222222222222,0.8666666666666667,0.26666666666666666,0,0,0,0,0
2026-07-28 12:35:00,ccf-aiops-西安,service-vm-1,service,ens5,NULL,0,0,0,0,0,0,0,0,0
2026-07-28 12:35:00,ccf-aiops-西安,service-vm-1,service,ens6,NULL,0,0,0,0,0,0,0,0,0
2026-07-28 12:35:00,ccf-aiops-西安,service-vm-2,service,ens3,NULL,85.68888888888888,62.35555555555555,0.6222222222222221,0.31111111111111106,0,0,0,0,0
2026-07-28 12:35:00,ccf-aiops-西安,service-vm-2,service,ens4,service,91.77777777777777,1169.0444444444443,0.6222222222222221,0.26666666666666666,0,0,0,0,0
2026-07-28 12:35:00,ccf-aiops-西安,service-vm-2,service,ens5,NULL,0,0,0,0,0,0,0,0,0
2026-07-28 12:35:00,ccf-aiops-西安,service-vm-2,service,ens6,NULL,0,0,0,0,0,0,0,0,0
2026-07-28 12:35:00,ccf-aiops-西安,service-vm-3,service,ens3,NULL,80.17777777777776,62.35555555555555,0.5555555555555555,0.31111111111111106,0,0,0,0,0
2026-07-28 12:35:00,ccf-aiops-西安,service-vm-3,service,ens4,service,84.4,1165.311111111111,0.6,0.26666666666666666,0,0,0,0,0
2026-07-28 12:35:00,ccf-aiops-西安,service-vm-3,service,ens5,NULL,0,0,0,0,0,0,0,0,0
2026-07-28 12:35:00,ccf-aiops-西安,service-vm-3,service,ens6,NULL,0,0,0,0,0,0,0,0,0
2026-07-28 12:35:00,ccf-aiops-西安,traffic-vm,traffic,ens3,NULL,200.13333333333333,68.93333333333334,2.422222222222222,0.6888888888888888,0,0,0,0,0
2026-07-28 12:35:00,ccf-aiops-西安,traffic-vm,traffic,ens4,business,1788.888888888889,15138.044444444444,12.377777777777776,12.6,0,0,0,0,0
2026-07-28 12:35:00,ccf-aiops-西安,traffic-vm,traffic,ens5,NULL,0,0,0,0,0,0,0,0,0
2026-07-28 12:35:00,ccf-aiops-西安,traffic-vm,traffic,ens6,NULL,0,0,0,0,0,0,0,0,0
2026-07-28 12:36:00,ccf-aiops-西安,br-1,br,ens10,NULL,0,0,0,0,0,0,0,0,0
2026-07-28 12:36:00,ccf-aiops-西安,br-1,br,ens11,NULL,0,0,0,0,0,0,0,0,0
2026-07-28 12:36:00,ccf-aiops-西安,br-1,br,ens12,NULL,0,0,0,0,0,0,0,0,0
2026-07-28 12:36:00,ccf-aiops-西安,br-1,br,ens3,NULL,346.22222222222223,213.95555555555555,3.444444444444444,1.5333333333333334,0,0,0,0,0
2026-07-28 12:36:00,ccf-aiops-西安,br-1,br,ens4,backbone,337.2444444444444,213.8222222222222,2.7333333333333334,2,0,0,0,0,0
2026-07-28 12:36:00,ccf-aiops-西安,br-1,br,ens5,backbone,353.7777777777777,2809.6888888888884,3.222222222222222,3.6444444444444444,0,0,0,0,0
2026-07-28 12:36:00,ccf-aiops-西安,br-1,br,ens6,NULL,0,0,0,0,0,0,0,0,0
2026-07-28 12:36:00,ccf-aiops-西安,br-1,br,ens7,NULL,0,0,0,0,0,0,0,0,0
2026-07-28 12:36:00,ccf-aiops-西安,br-1,br,ens8,NULL,0,0,0,0,0,0,0,0,0
2026-07-28 12:36:00,ccf-aiops-西安,br-1,br,ens9,NULL,0,0,0,0,0,0,0,0,0
2026-07-28 12:36:00,ccf-aiops-西安,br-2,br,ens10,NULL,0,0,0,0,0,0,0,0,0
2026-07-28 12:36:00,ccf-aiops-西安,br-2,br,ens11,NULL,0,0,0,0,0,0,0,0,0
2026-07-28 12:36:00,ccf-aiops-西安,br-2,br,ens12,NULL,0,0,0,0,0,0,0,0,0
2026-07-28 12:36:00,ccf-aiops-西安,br-2,br,ens3,NULL,72.44444444444443,0,1.0222222222222221,0,0.04444444444444444,0,0,0,0
2026-07-28 12:36:00,ccf-aiops-西安,br-2,br,ens4,backbone,277.22222222222223,204.2,2.3333333333333335,1.9555555555555555,0,0,0,0,0
2026-07-28 12:36:00,ccf-aiops-西安,br-2,br,ens5,backbone,333.55555555555554,2857.111111111111,2.9777777777777774,3.1333333333333333,0,0,0,0,0
2026-07-28 12:36:00,ccf-aiops-西安,br-2,br,ens6,NULL,0,0,0,0,0,0,0,0,0
2026-07-28 12:36:00,ccf-aiops-西安,br-2,br,ens7,NULL,0,0,0,0,0,0,0,0,0
2026-07-28 12:36:00,ccf-aiops-西安,br-2,br,ens8,NULL,0,0,0,0,0,0,0,0,0
2026-07-28 12:36:00,ccf-aiops-西安,br-2,br,ens9,NULL,0,0,0,0,0,0,0,0,0
2026-07-28 12:36:00,ccf-aiops-西安,cr-1,cr,ens10,NULL,0,0,0,0,0,0,0,0,0
2026-07-28 12:36:00,ccf-aiops-西安,cr-1,cr,ens11,NULL,0,0,0,0,0,0,0,0,0
2026-07-28 12:36:00,ccf-aiops-西安,cr-1,cr,ens12,NULL,0,0,0,0,0,0,0,0,0
2026-07-28 12:36:00,ccf-aiops-西安,cr-1,cr,ens3,NULL,69.53333333333333,0,1,0,0,0,0,0,0
2026-07-28 12:36:00,ccf-aiops-西安,cr-1,cr,ens4,backbone,2362.2222222222217,116.68888888888888,3.7777777777777777,1.0444444444444445,0,0,0,0,0
2026-07-28 12:36:00,ccf-aiops-西安,cr-1,cr,ens5,backbone,392.2,4757.288888888888,3.466666666666667,6.155555555555555,0,0,0,0,0
2026-07-28 12:36:00,ccf-aiops-西安,cr-1,cr,ens6,NULL,0,0,0,0,0,0,0,0,0
2026-07-28 12:36:00,ccf-aiops-西安,cr-1,cr,ens7,NULL,0,0,0,0,0,0,0,0,0
2026-07-28 12:36:00,ccf-aiops-西安,cr-1,cr,ens8,NULL,0,0,0,0,0,0,0,0,0
2026-07-28 12:36:00,ccf-aiops-西安,cr-1,cr,ens9,NULL,0,0,0,0,0,0,0,0,0
2026-07-28 12:36:00,ccf-aiops-西安,cr-2,cr,ens10,NULL,0,0,0,0,0,0,0,0,0
2026-07-28 12:36:00,ccf-aiops-西安,cr-2,cr,ens11,NULL,0,0,0,0,0,0,0,0,0
2026-07-28 12:36:00,ccf-aiops-西安,cr-2,cr,ens12,NULL,0,0,0,0,0,0,0,0,0
2026-07-28 12:36:00,ccf-aiops-西安,cr-2,cr,ens3,NULL,64.44444444444444,0,1.0222222222222221,0,0,0,0,0,0
2026-07-28 12:36:00,ccf-aiops-西安,cr-2,cr,ens4,backbone,3431.2222222222217,523.0888888888888,3.711111111111111,4.733333333333333,0,0,0,0,0
2026-07-28 12:36:00,ccf-aiops-西安,cr-2,cr,ens5,backbone,641.5777777777778,6434.622222222222,5.733333333333333,5.333333333333333,0,0,0,0,0
2026-07-28 12:36:00,ccf-aiops-西安,cr-2,cr,ens6,NULL,0,0,0,0,0,0,0,0,0
2026-07-28 12:36:00,ccf-aiops-西安,cr-2,cr,ens7,NULL,0,0,0,0,0,0,0,0,0
2026-07-28 12:36:00,ccf-aiops-西安,cr-2,cr,ens8,NULL,0,0,0,0,0,0,0,0,0
2026-07-28 12:36:00,ccf-aiops-西安,cr-2,cr,ens9,NULL,0,0,0,0,0,0,0,0,0
2026-07-28 12:36:00,ccf-aiops-西安,fw,firewall,ens3,NULL,145.55555555555554,68.93333333333334,1.6666666666666667,0.6888888888888888,0,0,0,0,0
2026-07-28 12:36:00,ccf-aiops-西安,fw,firewall,ens4,backbone,10733.266666666666,868.3777777777777,10.71111111111111,7.644444444444444,0,0,0,0,0
2026-07-28 12:36:00,ccf-aiops-西安,fw,firewall,ens5,business,982.7111111111111,11875.444444444443,8.466666666666667,10.8,0,0,0,0,0
2026-07-28 12:36:00,ccf-aiops-西安,fw,firewall,ens6,NULL,0,0,0,0,0,0,0,0,0
2026-07-28 12:36:00,ccf-aiops-西安,monitor-vm,collector,ens3,NULL,176,68,2.1777777777777776,0.6666666666666666,0,0,0,0,0
2026-07-28 12:36:00,ccf-aiops-西安,monitor-vm,collector,ens4,mgmt,30486.577777777777,991.6222222222221,12.533333333333333,8.644444444444444,0,0,0,0,0
2026-07-28 12:36:00,ccf-aiops-西安,monitor-vm,collector,ens5,NULL,0,0,0,0,0,0,0,0,0
2026-07-28 12:36:00,ccf-aiops-西安,monitor-vm,collector,ens6,NULL,0,0,0,0,0,0,0,0,0
2026-07-28 12:36:00,ccf-aiops-西安,probe-vm,probe,ens3,NULL,64.66666666666667,0,1.0222222222222221,0,0,0,0,0,0
2026-07-28 12:36:00,ccf-aiops-西安,probe-vm,probe,ens4,business,120.44444444444443,1177.6444444444444,0.9555555555555555,0.4,0,0,0,0,0
2026-07-28 12:36:00,ccf-aiops-西安,probe-vm,probe,ens5,NULL,0,0,0,0,0,0,0,0,0
2026-07-28 12:36:00,ccf-aiops-西安,probe-vm,probe,ens6,NULL,0,0,0,0,0,0,0,0,0
2026-07-28 12:36:00,ccf-aiops-西安,service-vm-1,service,ens3,NULL,64.22222222222221,0,1.0222222222222221,0,0,0,0,0,0
2026-07-28 12:36:00,ccf-aiops-西安,service-vm-1,service,ens4,service,127.82222222222222,1188.4,0.9777777777777777,0.4,0,0,0,0,0
2026-07-28 12:36:00,ccf-aiops-西安,service-vm-1,service,ens5,NULL,0,0,0,0,0,0,0,0,0
2026-07-28 12:36:00,ccf-aiops-西安,service-vm-1,service,ens6,NULL,0,0,0,0,0,0,0,0,0
2026-07-28 12:36:00,ccf-aiops-西安,service-vm-2,service,ens3,NULL,23.111111111111107,0,0.3333333333333333,0,0,0,0,0,0
2026-07-28 12:36:00,ccf-aiops-西安,service-vm-2,service,ens4,service,104.88888888888889,1169.3777777777775,0.711111111111111,0.28888888888888886,0,0,0,0,0
2026-07-28 12:36:00,ccf-aiops-西安,service-vm-2,service,ens5,NULL,0,0,0,0,0,0,0,0,0
2026-07-28 12:36:00,ccf-aiops-西安,service-vm-2,service,ens6,NULL,0,0,0,0,0,0,0,0,0
2026-07-28 12:36:00,ccf-aiops-西安,service-vm-3,service,ens3,NULL,91.62222222222222,59.95555555555555,0.6444444444444444,0.26666666666666666,0,0,0,0,0
2026-07-28 12:36:00,ccf-aiops-西安,service-vm-3,service,ens4,service,93.68888888888888,1165.8666666666666,0.6444444444444444,0.26666666666666666,0,0,0,0,0
2026-07-28 12:36:00,ccf-aiops-西安,service-vm-3,service,ens5,NULL,0,0,0,0,0,0,0,0,0
2026-07-28 12:36:00,ccf-aiops-西安,service-vm-3,service,ens6,NULL,0,0,0,0,0,0,0,0,0
2026-07-28 12:36:00,ccf-aiops-西安,traffic-vm,traffic,ens3,NULL,196.2,68.93333333333334,2.4,0.6888888888888888,0,0,0,0,0
2026-07-28 12:36:00,ccf-aiops-西安,traffic-vm,traffic,ens4,business,589.4666666666667,14253.02222222222,4.733333333333333,4.933333333333334,0,0,0,0,0
2026-07-28 12:36:00,ccf-aiops-西安,traffic-vm,traffic,ens5,NULL,0,0,0,0,0,0,0,0,0
2026-07-28 12:36:00,ccf-aiops-西安,traffic-vm,traffic,ens6,NULL,0,0,0,0,0,0,0,0,0
2026-07-28 12:37:00,ccf-aiops-西安,br-1,br,ens10,NULL,0,0,0,0,0,0,0,0,0
2026-07-28 12:37:00,ccf-aiops-西安,br-1,br,ens11,NULL,0,0,0,0,0,0,0,0,0
2026-07-28 12:37:00,ccf-aiops-西安,br-1,br,ens12,NULL,0,0,0,0,0,0,0,0,0
2026-07-28 12:37:00,ccf-aiops-西安,br-1,br,ens3,NULL,340.8,206.6222222222222,3.3333333333333335,1.4666666666666666,0,0,0,0,0
2026-07-28 12:37:00,ccf-aiops-西安,br-1,br,ens4,backbone,162.17777777777778,84.88888888888889,1.4,0.7777777777777778,0,0,0,0,0
2026-07-28 12:37:00,ccf-aiops-西安,br-1,br,ens5,backbone,228.84444444444443,2301.422222222222,2.0444444444444443,2.1777777777777776,0,0,0,0,0
2026-07-28 12:37:00,ccf-aiops-西安,br-1,br,ens6,NULL,0,0,0,0,0,0,0,0,0
2026-07-28 12:37:00,ccf-aiops-西安,br-1,br,ens7,NULL,0,0,0,0,0,0,0,0,0
2026-07-28 12:37:00,ccf-aiops-西安,br-1,br,ens8,NULL,0,0,0,0,0,0,0,0,0
2026-07-28 12:37:00,ccf-aiops-西安,br-1,br,ens9,NULL,0,0,0,0,0,0,0,0,0
2026-07-28 12:37:00,ccf-aiops-西安,br-2,br,ens10,NULL,0,0,0,0,0,0,0,0,0
2026-07-28 12:37:00,ccf-aiops-西安,br-2,br,ens11,NULL,0,0,0,0,0,0,0,0,0
2026-07-28 12:37:00,ccf-aiops-西安,br-2,br,ens12,NULL,0,0,0,0,0,0,0,0,0
2026-07-28 12:37:00,ccf-aiops-西安,br-2,br,ens3,NULL,69.2,9.044444444444444,0.8444444444444444,0.06666666666666667,0.04444444444444444,0,0,0,0
2026-07-28 12:37:00,ccf-aiops-西安,br-2,br,ens4,backbone,379.53333333333336,287,2.8,2.6666666666666665,0,0,0,0,0
2026-07-28 12:37:00,ccf-aiops-西安,br-2,br,ens5,backbone,432.6666666666667,2449.911111111111,3.8888888888888884,3.355555555555555,0,0,0,0,0
2026-07-28 12:37:00,ccf-aiops-西安,br-2,br,ens6,NULL,0,0,0,0,0,0,0,0,0
2026-07-28 12:37:00,ccf-aiops-西安,br-2,br,ens7,NULL,0,0,0,0,0,0,0,0,0
2026-07-28 12:37:00,ccf-aiops-西安,br-2,br,ens8,NULL,0,0,0,0,0,0,0,0,0
2026-07-28 12:37:00,ccf-aiops-西安,br-2,br,ens9,NULL,0,0,0,0,0,0,0,0,0
2026-07-28 12:37:00,ccf-aiops-西安,cr-1,cr,ens10,NULL,0,0,0,0,0,0,0,0,0
2026-07-28 12:37:00,ccf-aiops-西安,cr-1,cr,ens11,NULL,0,0,0,0,0,0,0,0,0
2026-07-28 12:37:00,ccf-aiops-西安,cr-1,cr,ens12,NULL,0,0,0,0,0,0,0,0,0
2026-07-28 12:37:00,ccf-aiops-西安,cr-1,cr,ens3,NULL,43.91111111111111,0,0.6888888888888888,0,0,0,0,0,0
2026-07-28 12:37:00,ccf-aiops-西安,cr-1,cr,ens4,backbone,1519.4,136.15555555555554,3.7777777777777777,1.2666666666666666,0,0,0,0,0
2026-07-28 12:37:00,ccf-aiops-西安,cr-1,cr,ens5,backbone,605.7333333333333,3800.9555555555553,5.333333333333333,7.555555555555555,0,0,0,0,0
2026-07-28 12:37:00,ccf-aiops-西安,cr-1,cr,ens6,NULL,0,0,0,0,0,0,0,0,0
2026-07-28 12:37:00,ccf-aiops-西安,cr-1,cr,ens7,NULL,0,0,0,0,0,0,0,0,0
2026-07-28 12:37:00,ccf-aiops-西安,cr-1,cr,ens8,NULL,0,0,0,0,0,0,0,0,0
2026-07-28 12:37:00,ccf-aiops-西安,cr-1,cr,ens9,NULL,0,0,0,0,0,0,0,0,0
2026-07-28 12:37:00,ccf-aiops-西安,cr-2,cr,ens10,NULL,0,0,0,0,0,0,0,0,0
2026-07-28 12:37:00,ccf-aiops-西安,cr-2,cr,ens11,NULL,0,0,0,0,0,0,0,0,0
2026-07-28 12:37:00,ccf-aiops-西安,cr-2,cr,ens12,NULL,0,0,0,0,0,0,0,0,0
2026-07-28 12:37:00,ccf-aiops-西安,cr-2,cr,ens3,NULL,47.02222222222222,0,0.7333333333333333,0,0,0,0,0,0
2026-07-28 12:37:00,ccf-aiops-西安,cr-2,cr,ens4,backbone,3554.622222222222,633.4,4.288888888888889,5.6,0,0,0,0,0
2026-07-28 12:37:00,ccf-aiops-西安,cr-2,cr,ens5,backbone,754.5111111111111,5952.6,6.622222222222222,5.488888888888889,0,0,0,0,0
2026-07-28 12:37:00,ccf-aiops-西安,cr-2,cr,ens6,NULL,0,0,0,0,0,0,0,0,0
2026-07-28 12:37:00,ccf-aiops-西安,cr-2,cr,ens7,NULL,0,0,0,0,0,0,0,0,0
2026-07-28 12:37:00,ccf-aiops-西安,cr-2,cr,ens8,NULL,0,0,0,0,0,0,0,0,0
2026-07-28 12:37:00,ccf-aiops-西安,cr-2,cr,ens9,NULL,0,0,0,0,0,0,0,0,0
2026-07-28 12:37:00,ccf-aiops-西安,fw,firewall,ens3,NULL,137.15555555555554,70.48888888888888,1.5333333333333334,0.711111111111111,0,0,0,0,0
2026-07-28 12:37:00,ccf-aiops-西安,fw,firewall,ens4,backbone,9174.02222222222,833.9555555555555,8.955555555555554,7.311111111111111,0,0,0,0,0
2026-07-28 12:37:00,ccf-aiops-西安,fw,firewall,ens5,business,960.0222222222221,10330.155555555555,8.266666666666667,9.2,0,0,0,0,0
2026-07-28 12:37:00,ccf-aiops-西安,fw,firewall,ens6,NULL,0,0,0,0,0,0,0,0,0
2026-07-28 12:37:00,ccf-aiops-西安,monitor-vm,collector,ens3,NULL,233.5111111111111,130.35555555555555,2.511111111111111,0.9777777777777777,0,0,0,0,0
2026-07-28 12:37:00,ccf-aiops-西安,monitor-vm,collector,ens4,mgmt,28848.222222222223,1022.4666666666667,11.355555555555554,9,0,0,0,0,0
2026-07-28 12:37:00,ccf-aiops-西安,monitor-vm,collector,ens5,NULL,0,0,0,0,0,0,0,0,0
2026-07-28 12:37:00,ccf-aiops-西安,monitor-vm,collector,ens6,NULL,0,0,0,0,0,0,0,0,0
2026-07-28 12:37:00,ccf-aiops-西安,probe-vm,probe,ens3,NULL,103.86666666666666,62.35555555555555,1.0666666666666667,0.31111111111111106,0,0,0,0,0
2026-07-28 12:37:00,ccf-aiops-西安,probe-vm,probe,ens4,business,82.22222222222221,1167.6444444444444,0.5111111111111111,0.26666666666666666,0,0,0,0,0
2026-07-28 12:37:00,ccf-aiops-西安,probe-vm,probe,ens5,NULL,0,0,0,0,0,0,0,0,0
2026-07-28 12:37:00,ccf-aiops-西安,probe-vm,probe,ens6,NULL,0,0,0,0,0,0,0,0,0
2026-07-28 12:37:00,ccf-aiops-西安,service-vm-1,service,ens3,NULL,327.22222222222223,519.7333333333333,2.466666666666667,1.5333333333333334,0,0,0,0,0
2026-07-28 12:37:00,ccf-aiops-西安,service-vm-1,service,ens4,service,122.08888888888889,1188.9333333333334,0.9111111111111111,0.4,0,0,0,0,0
2026-07-28 12:37:00,ccf-aiops-西安,service-vm-1,service,ens5,NULL,0,0,0,0,0,0,0,0,0
2026-07-28 12:37:00,ccf-aiops-西安,service-vm-1,service,ens6,NULL,0,0,0,0,0,0,0,0,0
2026-07-28 12:37:00,ccf-aiops-西安,service-vm-2,service,ens3,NULL,14.71111111111111,0,0.2,0,0,0,0,0,0
2026-07-28 12:37:00,ccf-aiops-西安,service-vm-2,service,ens4,service,131.82222222222222,1186.1111111111109,1.0222222222222221,0.4666666666666667,0,0,0,0,0
2026-07-28 12:37:00,ccf-aiops-西安,service-vm-2,service,ens5,NULL,0,0,0,0,0,0,0,0,0
2026-07-28 12:37:00,ccf-aiops-西安,service-vm-2,service,ens6,NULL,0,0,0,0,0,0,0,0,0
2026-07-28 12:37:00,ccf-aiops-西安,service-vm-3,service,ens3,NULL,8.933333333333334,0,0.1111111111111111,0,0,0,0,0,0
2026-07-28 12:37:00,ccf-aiops-西安,service-vm-3,service,ens4,service,105.15555555555555,1177.511111111111,0.7777777777777778,0.4,0,0,0,0,0
2026-07-28 12:37:00,ccf-aiops-西安,service-vm-3,service,ens5,NULL,0,0,0,0,0,0,0,0,0
2026-07-28 12:37:00,ccf-aiops-西安,service-vm-3,service,ens6,NULL,0,0,0,0,0,0,0,0,0
2026-07-28 12:37:00,ccf-aiops-西安,traffic-vm,traffic,ens3,NULL,169.24444444444444,68.93333333333334,2.066666666666667,0.6888888888888888,0,0,0,0,0
2026-07-28 12:37:00,ccf-aiops-西安,traffic-vm,traffic,ens4,business,974.9333333333333,14508.355555555554,7.022222222222222,7.044444444444443,0,0,0,0,0
2026-07-28 12:37:00,ccf-aiops-西安,traffic-vm,traffic,ens5,NULL,0,0,0,0,0,0,0,0,0
2026-07-28 12:37:00,ccf-aiops-西安,traffic-vm,traffic,ens6,NULL,0,0,0,0,0,0,0,0,0
2026-07-28 12:38:00,ccf-aiops-西安,br-1,br,ens10,NULL,0,0,0,0,0,0,0,0,0
2026-07-28 12:38:00,ccf-aiops-西安,br-1,br,ens11,NULL,0,0,0,0,0,0,0,0,0
2026-07-28 12:38:00,ccf-aiops-西安,br-1,br,ens12,NULL,0,0,0,0,0,0,0,0,0
2026-07-28 12:38:00,ccf-aiops-西安,br-1,br,ens3,NULL,251.6,102.93333333333334,3.0444444444444443,1.0222222222222221,0,0,0,0,0
2026-07-28 12:38:00,ccf-aiops-西安,br-1,br,ens4,backbone,753,636.0444444444444,5.333333333333333,5.644444444444444,0,0,0,0,0
2026-07-28 12:38:00,ccf-aiops-西安,br-1,br,ens5,backbone,782.0444444444444,2357.866666666667,6.844444444444444,5.7555555555555555,0,0,0,0,0
2026-07-28 12:38:00,ccf-aiops-西安,br-1,br,ens6,NULL,0,0,0,0,0,0,0,0,0
2026-07-28 12:38:00,ccf-aiops-西安,br-1,br,ens7,NULL,0,0,0,0,0,0,0,0,0
2026-07-28 12:38:00,ccf-aiops-西安,br-1,br,ens8,NULL,0,0,0,0,0,0,0,0,0
2026-07-28 12:38:00,ccf-aiops-西安,br-1,br,ens9,NULL,0,0,0,0,0,0,0,0,0
2026-07-28 12:38:00,ccf-aiops-西安,br-2,br,ens10,NULL,0,0,0,0,0,0,0,0,0
2026-07-28 12:38:00,ccf-aiops-西安,br-2,br,ens11,NULL,0,0,0,0,0,0,0,0,0
2026-07-28 12:38:00,ccf-aiops-西安,br-2,br,ens12,NULL,0,0,0,0,0,0,0,0,0
2026-07-28 12:38:00,ccf-aiops-西安,br-2,br,ens3,NULL,174.08888888888887,114.22222222222221,1.4666666666666666,0.5555555555555555,0.04444444444444444,0,0,0,0
2026-07-28 12:38:00,ccf-aiops-西安,br-2,br,ens4,backbone,926.7777777777777,589.6222222222221,6.488888888888889,5.333333333333333,0,0,0,0,0
2026-07-28 12:38:00,ccf-aiops-西安,br-2,br,ens5,backbone,726.9777777777778,2840.2222222222217,6.4,6.933333333333334,0,0,0,0,0
2026-07-28 12:38:00,ccf-aiops-西安,br-2,br,ens6,NULL,0,0,0,0,0,0,0,0,0
2026-07-28 12:38:00,ccf-aiops-西安,br-2,br,ens7,NULL,0,0,0,0,0,0,0,0,0
2026-07-28 12:38:00,ccf-aiops-西安,br-2,br,ens8,NULL,0,0,0,0,0,0,0,0,0
2026-07-28 12:38:00,ccf-aiops-西安,br-2,br,ens9,NULL,0,0,0,0,0,0,0,0,0
2026-07-28 12:38:00,ccf-aiops-西安,cr-1,cr,ens10,NULL,0,0,0,0,0,0,0,0,0
2026-07-28 12:38:00,ccf-aiops-西安,cr-1,cr,ens11,NULL,0,0,0,0,0,0,0,0,0
2026-07-28 12:38:00,ccf-aiops-西安,cr-1,cr,ens12,NULL,0,0,0,0,0,0,0,0,0
2026-07-28 12:38:00,ccf-aiops-西安,cr-1,cr,ens3,NULL,62.977777777777774,13.466666666666667,0.9777777777777777,0.15555555555555553,0,0,0,0,0
2026-07-28 12:38:00,ccf-aiops-西安,cr-1,cr,ens4,backbone,1394.2666666666667,127.97777777777777,5.444444444444444,1.1777777777777776,0,0,0,0,0
2026-07-28 12:38:00,ccf-aiops-西安,cr-1,cr,ens5,backbone,763.2,3648,6.733333333333333,10.622222222222222,0,0,0,0,0
2026-07-28 12:38:00,ccf-aiops-西安,cr-1,cr,ens6,NULL,0,0,0,0,0,0,0,0,0
2026-07-28 12:38:00,ccf-aiops-西安,cr-1,cr,ens7,NULL,0,0,0,0,0,0,0,0,0
2026-07-28 12:38:00,ccf-aiops-西安,cr-1,cr,ens8,NULL,0,0,0,0,0,0,0,0,0
2026-07-28 12:38:00,ccf-aiops-西安,cr-1,cr,ens9,NULL,0,0,0,0,0,0,0,0,0
2026-07-28 12:38:00,ccf-aiops-西安,cr-2,cr,ens10,NULL,0,0,0,0,0,0,0,0,0
2026-07-28 12:38:00,ccf-aiops-西安,cr-2,cr,ens11,NULL,0,0,0,0,0,0,0,0,0
2026-07-28 12:38:00,ccf-aiops-西安,cr-2,cr,ens12,NULL,0,0,0,0,0,0,0,0,0
2026-07-28 12:38:00,ccf-aiops-西安,cr-2,cr,ens3,NULL,169.5111111111111,114.22222222222221,1.5111111111111108,0.5555555555555555,0,0,0,0,0
2026-07-28 12:38:00,ccf-aiops-西安,cr-2,cr,ens4,backbone,4018.133333333333,1265.8,7.444444444444444,11.088888888888887,0,0,0,0,0
2026-07-28 12:38:00,ccf-aiops-西安,cr-2,cr,ens5,backbone,1386.2,6064.2,12.11111111111111,8.4,0,0,0,0,0
2026-07-28 12:38:00,ccf-aiops-西安,cr-2,cr,ens6,NULL,0,0,0,0,0,0,0,0,0
2026-07-28 12:38:00,ccf-aiops-西安,cr-2,cr,ens7,NULL,0,0,0,0,0,0,0,0,0
2026-07-28 12:38:00,ccf-aiops-西安,cr-2,cr,ens8,NULL,0,0,0,0,0,0,0,0,0
2026-07-28 12:38:00,ccf-aiops-西安,cr-2,cr,ens9,NULL,0,0,0,0,0,0,0,0,0
2026-07-28 12:38:00,ccf-aiops-西安,fw,firewall,ens3,NULL,149.64444444444445,68.93333333333334,1.711111111111111,0.6888888888888888,0,0,0,0,0
2026-07-28 12:38:00,ccf-aiops-西安,fw,firewall,ens4,backbone,8256.133333333333,1680.7333333333333,15.266666666666667,14.644444444444444,0,0,0,0,0
2026-07-28 12:38:00,ccf-aiops-西安,fw,firewall,ens5,business,1808.888888888889,9398.8,15.622222222222222,15.355555555555554,0,0,0,0,0
2026-07-28 12:38:00,ccf-aiops-西安,fw,firewall,ens6,NULL,0,0,0,0,0,0,0,0,0
2026-07-28 12:38:00,ccf-aiops-西安,monitor-vm,collector,ens3,NULL,187.5111111111111,66.66666666666667,2.355555555555555,0.6666666666666666,0,0,0,0,0
2026-07-28 12:38:00,ccf-aiops-西安,monitor-vm,collector,ens4,mgmt,26670.755555555555,980.9555555555555,9.955555555555554,8.511111111111111,0,0,0,0,0
2026-07-28 12:38:00,ccf-aiops-西安,monitor-vm,collector,ens5,NULL,0,0,0,0,0,0,0,0,0
2026-07-28 12:38:00,ccf-aiops-西安,monitor-vm,collector,ens6,NULL,0,0,0,0,0,0,0,0,0
2026-07-28 12:38:00,ccf-aiops-西安,probe-vm,probe,ens3,NULL,116.44444444444443,62.35555555555555,1.2444444444444442,0.31111111111111106,0,0,0,0,0
2026-07-28 12:38:00,ccf-aiops-西安,probe-vm,probe,ens4,business,87.95555555555555,1168.8,0.5777777777777777,0.26666666666666666,0,0,0,0,0
2026-07-28 12:38:00,ccf-aiops-西安,probe-vm,probe,ens5,NULL,0,0,0,0,0,0,0,0,0
2026-07-28 12:38:00,ccf-aiops-西安,probe-vm,probe,ens6,NULL,0,0,0,0,0,0,0,0,0
2026-07-28 12:38:00,ccf-aiops-西安,service-vm-1,service,ens3,NULL,1384.4,836,4.977777777777777,3.3777777777777778,0,0,0,0,0
2026-07-28 12:38:00,ccf-aiops-西安,service-vm-1,service,ens4,service,131.9111111111111,1188.5555555555554,1.0222222222222221,0.3777777777777777,0,0,0,0,0
2026-07-28 12:38:00,ccf-aiops-西安,service-vm-1,service,ens5,NULL,0,0,0,0,0,0,0,0,0
2026-07-28 12:38:00,ccf-aiops-西安,service-vm-1,service,ens6,NULL,0,0,0,0,0,0,0,0,0
2026-07-28 12:38:00,ccf-aiops-西安,service-vm-2,service,ens3,NULL,25.644444444444442,0,0.3555555555555555,0,0,0,0,0,0
2026-07-28 12:38:00,ccf-aiops-西安,service-vm-2,service,ens4,service,127.82222222222222,1180.2666666666667,0.9777777777777777,0.4,0,0,0,0,0
2026-07-28 12:38:00,ccf-aiops-西安,service-vm-2,service,ens5,NULL,0,0,0,0,0,0,0,0,0
2026-07-28 12:38:00,ccf-aiops-西安,service-vm-2,service,ens6,NULL,0,0,0,0,0,0,0,0,0
2026-07-28 12:38:00,ccf-aiops-西安,service-vm-3,service,ens3,NULL,64.35555555555555,62.35555555555555,0.4222222222222222,0.31111111111111106,0,0,0,0,0
2026-07-28 12:38:00,ccf-aiops-西安,service-vm-3,service,ens4,service,92.04444444444444,1166.0666666666666,0.6222222222222221,0.26666666666666666,0,0,0,0,0
2026-07-28 12:38:00,ccf-aiops-西安,service-vm-3,service,ens5,NULL,0,0,0,0,0,0,0,0,0
2026-07-28 12:38:00,ccf-aiops-西安,service-vm-3,service,ens6,NULL,0,0,0,0,0,0,0,0,0
2026-07-28 12:38:00,ccf-aiops-西安,traffic-vm,traffic,ens3,NULL,231.6,130.35555555555555,2.466666666666667,0.9777777777777777,0,0,0,0,0
2026-07-28 12:38:00,ccf-aiops-西安,traffic-vm,traffic,ens4,business,1414.6888888888889,14891.71111111111,10,10.377777777777776,0,0,0,0,0
2026-07-28 12:38:00,ccf-aiops-西安,traffic-vm,traffic,ens5,NULL,0,0,0,0,0,0,0,0,0
2026-07-28 12:38:00,ccf-aiops-西安,traffic-vm,traffic,ens6,NULL,0,0,0,0,0,0,0,0,0
2026-07-28 12:39:00,ccf-aiops-西安,br-1,br,ens10,NULL,0,0,0,0,0,0,0,0,0
2026-07-28 12:39:00,ccf-aiops-西安,br-1,br,ens11,NULL,0,0,0,0,0,0,0,0,0
2026-07-28 12:39:00,ccf-aiops-西安,br-1,br,ens12,NULL,0,0,0,0,0,0,0,0,0
2026-07-28 12:39:00,ccf-aiops-西安,br-1,br,ens3,NULL,236.2,102.93333333333334,2.822222222222222,1.0222222222222221,0,0,0,0,0
2026-07-28 12:39:00,ccf-aiops-西安,br-1,br,ens4,backbone,603.6666666666666,731.1333333333333,4.9111111111111105,6.333333333333333,0,0,0,0,0
2026-07-28 12:39:00,ccf-aiops-西安,br-1,br,ens5,backbone,898.0222222222221,2949.911111111111,7.6,5.7555555555555555,0,0,0,0,0
2026-07-28 12:39:00,ccf-aiops-西安,br-1,br,ens6,NULL,0,0,0,0,0,0,0,0,0
2026-07-28 12:39:00,ccf-aiops-西安,br-1,br,ens7,NULL,0,0,0,0,0,0,0,0,0
2026-07-28 12:39:00,ccf-aiops-西安,br-1,br,ens8,NULL,0,0,0,0,0,0,0,0,0
2026-07-28 12:39:00,ccf-aiops-西安,br-1,br,ens9,NULL,0,0,0,0,0,0,0,0,0
2026-07-28 12:39:00,ccf-aiops-西安,br-2,br,ens10,NULL,0,0,0,0,0,0,0,0,0
2026-07-28 12:39:00,ccf-aiops-西安,br-2,br,ens11,NULL,0,0,0,0,0,0,0,0,0
2026-07-28 12:39:00,ccf-aiops-西安,br-2,br,ens12,NULL,0,0,0,0,0,0,0,0,0
2026-07-28 12:39:00,ccf-aiops-西安,br-2,br,ens3,NULL,58.86666666666667,0,0.8,0,0.04444444444444444,0,0,0,0
2026-07-28 12:39:00,ccf-aiops-西安,br-2,br,ens4,backbone,833.8444444444444,605.2444444444444,6.822222222222222,5.177777777777777,0,0,0,0,0
2026-07-28 12:39:00,ccf-aiops-西安,br-2,br,ens5,backbone,748.7777777777777,3394.244444444444,6.288888888888889,7.866666666666666,0,0,0,0,0
2026-07-28 12:39:00,ccf-aiops-西安,br-2,br,ens6,NULL,0,0,0,0,0,0,0,0,0
2026-07-28 12:39:00,ccf-aiops-西安,br-2,br,ens7,NULL,0,0,0,0,0,0,0,0,0
2026-07-28 12:39:00,ccf-aiops-西安,br-2,br,ens8,NULL,0,0,0,0,0,0,0,0,0
2026-07-28 12:39:00,ccf-aiops-西安,br-2,br,ens9,NULL,0,0,0,0,0,0,0,0,0
2026-07-28 12:39:00,ccf-aiops-西安,cr-1,cr,ens10,NULL,0,0,0,0,0,0,0,0,0
2026-07-28 12:39:00,ccf-aiops-西安,cr-1,cr,ens11,NULL,0,0,0,0,0,0,0,0,0
2026-07-28 12:39:00,ccf-aiops-西安,cr-1,cr,ens12,NULL,0,0,0,0,0,0,0,0,0
2026-07-28 12:39:00,ccf-aiops-西安,cr-1,cr,ens3,NULL,47.17777777777778,0,0.7333333333333333,0,0,0,0,0,0
2026-07-28 12:39:00,ccf-aiops-西安,cr-1,cr,ens4,backbone,2583.4,154.68888888888887,7.644444444444444,1.3555555555555554,0,0,0,0,0
2026-07-28 12:39:00,ccf-aiops-西安,cr-1,cr,ens5,backbone,965.2444444444444,5333.066666666667,8.177777777777777,14.244444444444444,0,0,0,0,0
2026-07-28 12:39:00,ccf-aiops-西安,cr-1,cr,ens6,NULL,0,0,0,0,0,0,0,0,0
2026-07-28 12:39:00,ccf-aiops-西安,cr-1,cr,ens7,NULL,0,0,0,0,0,0,0,0,0
2026-07-28 12:39:00,ccf-aiops-西安,cr-1,cr,ens8,NULL,0,0,0,0,0,0,0,0,0
2026-07-28 12:39:00,ccf-aiops-西安,cr-1,cr,ens9,NULL,0,0,0,0,0,0,0,0,0
2026-07-28 12:39:00,ccf-aiops-西安,cr-2,cr,ens10,NULL,0,0,0,0,0,0,0,0,0
2026-07-28 12:39:00,ccf-aiops-西安,cr-2,cr,ens11,NULL,0,0,0,0,0,0,0,0,0
2026-07-28 12:39:00,ccf-aiops-西安,cr-2,cr,ens12,NULL,0,0,0,0,0,0,0,0,0
2026-07-28 12:39:00,ccf-aiops-西安,cr-2,cr,ens3,NULL,49.53333333333333,0,0.7777777777777778,0,0,0,0,0,0
2026-07-28 12:39:00,ccf-aiops-西安,cr-2,cr,ens4,backbone,3868.777777777778,1464.2,7.333333333333333,12.266666666666667,0,0,0,0,0
2026-07-28 12:39:00,ccf-aiops-西安,cr-2,cr,ens5,backbone,1583.2222222222222,6824.2,13.266666666666667,8.888888888888888,0,0,0,0,0
2026-07-28 12:39:00,ccf-aiops-西安,cr-2,cr,ens6,NULL,0,0,0,0,0,0,0,0,0
2026-07-28 12:39:00,ccf-aiops-西安,cr-2,cr,ens7,NULL,0,0,0,0,0,0,0,0,0
2026-07-28 12:39:00,ccf-aiops-西安,cr-2,cr,ens8,NULL,0,0,0,0,0,0,0,0,0
2026-07-28 12:39:00,ccf-aiops-西安,cr-2,cr,ens9,NULL,0,0,0,0,0,0,0,0,0
2026-07-28 12:39:00,ccf-aiops-西安,fw,firewall,ens3,NULL,182.28888888888886,126.62222222222222,1.6888888888888889,0.9333333333333333,0,0,0,0,0
2026-07-28 12:39:00,ccf-aiops-西安,fw,firewall,ens4,backbone,11162.62222222222,1766.4888888888888,17,14.822222222222221,0,0,0,0,0
2026-07-28 12:39:00,ccf-aiops-西安,fw,firewall,ens5,business,1911.2222222222222,12308.111111111111,16,17.111111111111107,0,0,0,0,0
2026-07-28 12:39:00,ccf-aiops-西安,fw,firewall,ens6,NULL,0,0,0,0,0,0,0,0,0
2026-07-28 12:39:00,ccf-aiops-西安,monitor-vm,collector,ens3,NULL,226.97777777777776,130.35555555555555,2.422222222222222,0.9777777777777777,0,0,0,0,0
2026-07-28 12:39:00,ccf-aiops-西安,monitor-vm,collector,ens4,mgmt,30009.088888888888,951.4888888888888,12.11111111111111,8.177777777777777,0,0,0,0,0
2026-07-28 12:39:00,ccf-aiops-西安,monitor-vm,collector,ens5,NULL,0,0,0,0,0,0,0,0,0
2026-07-28 12:39:00,ccf-aiops-西安,monitor-vm,collector,ens6,NULL,0,0,0,0,0,0,0,0,0
2026-07-28 12:39:00,ccf-aiops-西安,probe-vm,probe,ens3,NULL,102.37777777777777,62.35555555555555,1.0444444444444445,0.31111111111111106,0,0,0,0,0
2026-07-28 12:39:00,ccf-aiops-西安,probe-vm,probe,ens4,business,112.8,1167.1111111111109,0.8666666666666667,0.26666666666666666,0,0,0,0,0
2026-07-28 12:39:00,ccf-aiops-西安,probe-vm,probe,ens5,NULL,0,0,0,0,0,0,0,0,0
2026-07-28 12:39:00,ccf-aiops-西安,probe-vm,probe,ens6,NULL,0,0,0,0,0,0,0,0,0
2026-07-28 12:39:00,ccf-aiops-西安,service-vm-1,service,ens3,NULL,182.73333333333332,121.1111111111111,1.9333333333333333,0.7555555555555554,0,0,0,0,0
2026-07-28 12:39:00,ccf-aiops-西安,service-vm-1,service,ens4,service,150.57777777777775,1182.8666666666666,1.2444444444444442,0.3333333333333333,0,0,0,0,0
2026-07-28 12:39:00,ccf-aiops-西安,service-vm-1,service,ens5,NULL,0,0,0,0,0,0,0,0,0
2026-07-28 12:39:00,ccf-aiops-西安,service-vm-1,service,ens6,NULL,0,0,0,0,0,0,0,0,0
2026-07-28 12:39:00,ccf-aiops-西安,service-vm-2,service,ens3,NULL,63.71111111111111,60.888888888888886,0.4,0.28888888888888886,0,0,0,0,0
2026-07-28 12:39:00,ccf-aiops-西安,service-vm-2,service,ens4,service,135.2888888888889,1169,1.0666666666666667,0.26666666666666666,0,0,0,0,0
2026-07-28 12:39:00,ccf-aiops-西安,service-vm-2,service,ens5,NULL,0,0,0,0,0,0,0,0,0
2026-07-28 12:39:00,ccf-aiops-西安,service-vm-2,service,ens6,NULL,0,0,0,0,0,0,0,0,0
2026-07-28 12:39:00,ccf-aiops-西安,service-vm-3,service,ens3,NULL,62.68888888888888,61.42222222222222,0.3777777777777777,0.28888888888888886,0,0,0,0,0
2026-07-28 12:39:00,ccf-aiops-西安,service-vm-3,service,ens4,service,110.88888888888889,1165.4,0.8444444444444444,0.26666666666666666,0,0,0,0,0
2026-07-28 12:39:00,ccf-aiops-西安,service-vm-3,service,ens5,NULL,0,0,0,0,0,0,0,0,0
2026-07-28 12:39:00,ccf-aiops-西安,service-vm-3,service,ens6,NULL,0,0,0,0,0,0,0,0,0
2026-07-28 12:39:00,ccf-aiops-西安,traffic-vm,traffic,ens3,NULL,225.66666666666666,128.88888888888889,2.3777777777777778,0.9555555555555555,0,0,0,0,0
2026-07-28 12:39:00,ccf-aiops-西安,traffic-vm,traffic,ens4,business,1596.3555555555554,15294.066666666668,12.755555555555555,13.288888888888888,0,0,0,0,0
2026-07-28 12:39:00,ccf-aiops-西安,traffic-vm,traffic,ens5,NULL,0,0,0,0,0,0,0,0,0
2026-07-28 12:39:00,ccf-aiops-西安,traffic-vm,traffic,ens6,NULL,0,0,0,0,0,0,0,0,0
2026-07-28 12:40:00,ccf-aiops-西安,br-1,br,ens10,NULL,0,0,0,0,0,0,0,0,0
2026-07-28 12:40:00,ccf-aiops-西安,br-1,br,ens11,NULL,0,0,0,0,0,0,0,0,0
2026-07-28 12:40:00,ccf-aiops-西安,br-1,br,ens12,NULL,0,0,0,0,0,0,0,0,0
2026-07-28 12:40:00,ccf-aiops-西安,br-1,br,ens3,NULL,334.6222222222222,215.28888888888886,3.2666666666666666,1.5333333333333334,0,0,0,0,0
2026-07-28 12:40:00,ccf-aiops-西安,br-1,br,ens4,backbone,276.71111111111105,179.11111111111111,2.2,1.6666666666666667,0,0,0,0,0
2026-07-28 12:40:00,ccf-aiops-西安,br-1,br,ens5,backbone,300.8444444444444,2331.0666666666666,2.6666666666666665,2.7333333333333334,0,0,0,0,0
2026-07-28 12:40:00,ccf-aiops-西安,br-1,br,ens6,NULL,0,0,0,0,0,0,0,0,0
2026-07-28 12:40:00,ccf-aiops-西安,br-1,br,ens7,NULL,0,0,0,0,0,0,0,0,0
2026-07-28 12:40:00,ccf-aiops-西安,br-1,br,ens8,NULL,0,0,0,0,0,0,0,0,0
2026-07-28 12:40:00,ccf-aiops-西安,br-1,br,ens9,NULL,0,0,0,0,0,0,0,0,0
2026-07-28 12:40:00,ccf-aiops-西安,br-2,br,ens10,NULL,0,0,0,0,0,0,0,0,0
2026-07-28 12:40:00,ccf-aiops-西安,br-2,br,ens11,NULL,0,0,0,0,0,0,0,0,0
2026-07-28 12:40:00,ccf-aiops-西安,br-2,br,ens12,NULL,0,0,0,0,0,0,0,0,0
2026-07-28 12:40:00,ccf-aiops-西安,br-2,br,ens3,NULL,56.93333333333333,0,0.8,0,0.04444444444444444,0,0,0,0
2026-07-28 12:40:00,ccf-aiops-西安,br-2,br,ens4,backbone,224.64444444444445,108.82222222222222,1.7777777777777777,1.0666666666666667,0,0,0,0,0
2026-07-28 12:40:00,ccf-aiops-西安,br-2,br,ens5,backbone,257.3777777777778,2393.911111111111,2.2888888888888888,2.311111111111111,0,0,0,0,0
2026-07-28 12:40:00,ccf-aiops-西安,br-2,br,ens6,NULL,0,0,0,0,0,0,0,0,0
2026-07-28 12:40:00,ccf-aiops-西安,br-2,br,ens7,NULL,0,0,0,0,0,0,0,0,0
2026-07-28 12:40:00,ccf-aiops-西安,br-2,br,ens8,NULL,0,0,0,0,0,0,0,0,0
2026-07-28 12:40:00,ccf-aiops-西安,br-2,br,ens9,NULL,0,0,0,0,0,0,0,0,0
2026-07-28 12:40:00,ccf-aiops-西安,cr-1,cr,ens10,NULL,0,0,0,0,0,0,0,0,0
2026-07-28 12:40:00,ccf-aiops-西安,cr-1,cr,ens11,NULL,0,0,0,0,0,0,0,0,0
2026-07-28 12:40:00,ccf-aiops-西安,cr-1,cr,ens12,NULL,0,0,0,0,0,0,0,0,0
2026-07-28 12:40:00,ccf-aiops-西安,cr-1,cr,ens3,NULL,141.37777777777777,103.68888888888888,1.111111111111111,0.4444444444444444,0,0,0,0,0
2026-07-28 12:40:00,ccf-aiops-西安,cr-1,cr,ens4,backbone,1417.4888888888888,126.24444444444444,2.3777777777777778,1.1555555555555554,0,0,0,0,0
2026-07-28 12:40:00,ccf-aiops-西安,cr-1,cr,ens5,backbone,304.9555555555555,3474.4444444444443,2.711111111111111,3.6888888888888887,0,0,0,0,0
2026-07-28 12:40:00,ccf-aiops-西安,cr-1,cr,ens6,NULL,0,0,0,0,0,0,0,0,0
2026-07-28 12:40:00,ccf-aiops-西安,cr-1,cr,ens7,NULL,0,0,0,0,0,0,0,0,0
2026-07-28 12:40:00,ccf-aiops-西安,cr-1,cr,ens8,NULL,0,0,0,0,0,0,0,0,0
2026-07-28 12:40:00,ccf-aiops-西安,cr-1,cr,ens9,NULL,0,0,0,0,0,0,0,0,0
2026-07-28 12:40:00,ccf-aiops-西安,cr-2,cr,ens10,NULL,0,0,0,0,0,0,0,0,0
2026-07-28 12:40:00,ccf-aiops-西安,cr-2,cr,ens11,NULL,0,0,0,0,0,0,0,0,0
2026-07-28 12:40:00,ccf-aiops-西安,cr-2,cr,ens12,NULL,0,0,0,0,0,0,0,0,0
2026-07-28 12:40:00,ccf-aiops-西安,cr-2,cr,ens3,NULL,143.4222222222222,103.68888888888888,1.1555555555555554,0.4444444444444444,0,0,0,0,0
2026-07-28 12:40:00,ccf-aiops-西安,cr-2,cr,ens4,backbone,3336.0444444444443,335,2.844444444444444,2.9555555555555553,0,0,0,0,0
2026-07-28 12:40:00,ccf-aiops-西安,cr-2,cr,ens5,backbone,461.1333333333333,5777.4222222222215,4.044444444444444,4.2,0,0,0,0,0
2026-07-28 12:40:00,ccf-aiops-西安,cr-2,cr,ens6,NULL,0,0,0,0,0,0,0,0,0
2026-07-28 12:40:00,ccf-aiops-西安,cr-2,cr,ens7,NULL,0,0,0,0,0,0,0,0,0
2026-07-28 12:40:00,ccf-aiops-西安,cr-2,cr,ens8,NULL,0,0,0,0,0,0,0,0,0
2026-07-28 12:40:00,ccf-aiops-西安,cr-2,cr,ens9,NULL,0,0,0,0,0,0,0,0,0
2026-07-28 12:40:00,ccf-aiops-西安,fw,firewall,ens3,NULL,122.88888888888889,65.73333333333333,1.3555555555555554,0.6444444444444444,0,0,0,0,0
2026-07-28 12:40:00,ccf-aiops-西安,fw,firewall,ens4,backbone,8965.71111111111,767.6444444444444,8.333333333333334,6.688888888888888,0,0,0,0,0
2026-07-28 12:40:00,ccf-aiops-西安,fw,firewall,ens5,business,891.9777777777778,10110.733333333334,7.622222222222222,8.422222222222222,0,0,0,0,0
2026-07-28 12:40:00,ccf-aiops-西安,fw,firewall,ens6,NULL,0,0,0,0,0,0,0,0,0
2026-07-28 12:40:00,ccf-aiops-西安,monitor-vm,collector,ens3,NULL,169.64444444444445,68.93333333333334,2.111111111111111,0.6888888888888888,0,0,0,0,0
2026-07-28 12:40:00,ccf-aiops-西安,monitor-vm,collector,ens4,mgmt,28808.31111111111,965.0888888888888,11.42222222222222,8.31111111111111,0,0,0,0,0
2026-07-28 12:40:00,ccf-aiops-西安,monitor-vm,collector,ens5,NULL,0,0,0,0,0,0,0,0,0
2026-07-28 12:40:00,ccf-aiops-西安,monitor-vm,collector,ens6,NULL,0,0,0,0,0,0,0,0,0
2026-07-28 12:40:00,ccf-aiops-西安,probe-vm,probe,ens3,NULL,100.44444444444443,62.35555555555555,1.0444444444444445,0.31111111111111106,0,0,0,0,0
2026-07-28 12:40:00,ccf-aiops-西安,probe-vm,probe,ens4,business,120.97777777777777,1176.0444444444443,0.9555555555555555,0.3777777777777777,0,0,0,0,0
2026-07-28 12:40:00,ccf-aiops-西安,probe-vm,probe,ens5,NULL,0,0,0,0,0,0,0,0,0
2026-07-28 12:40:00,ccf-aiops-西安,probe-vm,probe,ens6,NULL,0,0,0,0,0,0,0,0,0
2026-07-28 12:40:00,ccf-aiops-西安,service-vm-1,service,ens3,NULL,184.84444444444443,141.68888888888887,1.9333333333333333,0.8222222222222222,0,0,0,0,0
2026-07-28 12:40:00,ccf-aiops-西安,service-vm-1,service,ens4,service,134.88888888888889,1179.6888888888889,1.0444444444444445,0.28888888888888886,0,0,0,0,0
2026-07-28 12:40:00,ccf-aiops-西安,service-vm-1,service,ens5,NULL,0,0,0,0,0,0,0,0,0
2026-07-28 12:40:00,ccf-aiops-西安,service-vm-1,service,ens6,NULL,0,0,0,0,0,0,0,0,0
2026-07-28 12:40:00,ccf-aiops-西安,service-vm-2,service,ens3,NULL,7.6,0,0.1111111111111111,0,0,0,0,0,0
2026-07-28 12:40:00,ccf-aiops-西安,service-vm-2,service,ens4,service,119.86666666666666,1168.3555555555554,0.8666666666666667,0.26666666666666666,0,0,0,0,0
2026-07-28 12:40:00,ccf-aiops-西安,service-vm-2,service,ens5,NULL,0,0,0,0,0,0,0,0,0
2026-07-28 12:40:00,ccf-aiops-西安,service-vm-2,service,ens6,NULL,0,0,0,0,0,0,0,0,0
2026-07-28 12:40:00,ccf-aiops-西安,service-vm-3,service,ens3,NULL,11.333333333333334,0,0.15555555555555553,0,0,0,0,0,0
2026-07-28 12:40:00,ccf-aiops-西安,service-vm-3,service,ens4,service,99.95555555555555,1166.4,0.711111111111111,0.26666666666666666,0,0,0,0,0
2026-07-28 12:40:00,ccf-aiops-西安,service-vm-3,service,ens5,NULL,0,0,0,0,0,0,0,0,0
2026-07-28 12:40:00,ccf-aiops-西安,service-vm-3,service,ens6,NULL,0,0,0,0,0,0,0,0,0
2026-07-28 12:40:00,ccf-aiops-西安,traffic-vm,traffic,ens3,NULL,168.2222222222222,68.93333333333334,2.066666666666667,0.6888888888888888,0,0,0,0,0
2026-07-28 12:40:00,ccf-aiops-西安,traffic-vm,traffic,ens4,business,348.2,14050.444444444443,2.844444444444444,3.0222222222222217,0,0,0,0,0
2026-07-28 12:40:00,ccf-aiops-西安,traffic-vm,traffic,ens5,NULL,0,0,0,0,0,0,0,0,0
2026-07-28 12:40:00,ccf-aiops-西安,traffic-vm,traffic,ens6,NULL,0,0,0,0,0,0,0,0,0
2026-07-28 12:41:00,ccf-aiops-西安,br-1,br,ens10,NULL,0,0,0,0,0,0,0,0,0
2026-07-28 12:41:00,ccf-aiops-西安,br-1,br,ens11,NULL,0,0,0,0,0,0,0,0,0
2026-07-28 12:41:00,ccf-aiops-西安,br-1,br,ens12,NULL,0,0,0,0,0,0,0,0,0
2026-07-28 12:41:00,ccf-aiops-西安,br-1,br,ens3,NULL,249.5111111111111,102.93333333333334,3.0222222222222217,1.0222222222222221,0,0,0,0,0
2026-07-28 12:41:00,ccf-aiops-西安,br-1,br,ens4,backbone,535.6444444444444,407.46666666666664,3.9777777777777774,3.6444444444444444,0,0,0,0,0
2026-07-28 12:41:00,ccf-aiops-西安,br-1,br,ens5,backbone,538.4,2333.3555555555554,4.7555555555555555,4.5777777777777775,0,0,0,0,0
2026-07-28 12:41:00,ccf-aiops-西安,br-1,br,ens6,NULL,0,0,0,0,0,0,0,0,0
2026-07-28 12:41:00,ccf-aiops-西安,br-1,br,ens7,NULL,0,0,0,0,0,0,0,0,0
2026-07-28 12:41:00,ccf-aiops-西安,br-1,br,ens8,NULL,0,0,0,0,0,0,0,0,0
2026-07-28 12:41:00,ccf-aiops-西安,br-1,br,ens9,NULL,0,0,0,0,0,0,0,0,0
2026-07-28 12:41:00,ccf-aiops-西安,br-2,br,ens10,NULL,0,0,0,0,0,0,0,0,0
2026-07-28 12:41:00,ccf-aiops-西安,br-2,br,ens11,NULL,0,0,0,0,0,0,0,0,0
2026-07-28 12:41:00,ccf-aiops-西安,br-2,br,ens12,NULL,0,0,0,0,0,0,0,0,0
2026-07-28 12:41:00,ccf-aiops-西安,br-2,br,ens3,NULL,171.2,114.22222222222221,1.422222222222222,0.5555555555555555,0.04444444444444444,0,0,0,0
2026-07-28 12:41:00,ccf-aiops-西安,br-2,br,ens4,backbone,521.9333333333333,406.6,4.022222222222222,3.6888888888888887,0,0,0,0,0
2026-07-28 12:41:00,ccf-aiops-西安,br-2,br,ens5,backbone,541.6888888888889,2314.4,4.777777777777777,4.51111111111111,0,0,0,0,0
2026-07-28 12:41:00,ccf-aiops-西安,br-2,br,ens6,NULL,0,0,0,0,0,0,0,0,0
2026-07-28 12:41:00,ccf-aiops-西安,br-2,br,ens7,NULL,0,0,0,0,0,0,0,0,0
2026-07-28 12:41:00,ccf-aiops-西安,br-2,br,ens8,NULL,0,0,0,0,0,0,0,0,0
2026-07-28 12:41:00,ccf-aiops-西安,br-2,br,ens9,NULL,0,0,0,0,0,0,0,0,0
2026-07-28 12:41:00,ccf-aiops-西安,cr-1,cr,ens10,NULL,0,0,0,0,0,0,0,0,0
2026-07-28 12:41:00,ccf-aiops-西安,cr-1,cr,ens11,NULL,0,0,0,0,0,0,0,0,0
2026-07-28 12:41:00,ccf-aiops-西安,cr-1,cr,ens12,NULL,0,0,0,0,0,0,0,0,0
2026-07-28 12:41:00,ccf-aiops-西安,cr-1,cr,ens3,NULL,56.17777777777778,0,0.8666666666666667,0,0,0,0,0,0
2026-07-28 12:41:00,ccf-aiops-西安,cr-1,cr,ens4,backbone,1081.1333333333334,148.88888888888886,4.622222222222222,1.3555555555555554,0,0,0,0,0
2026-07-28 12:41:00,ccf-aiops-西安,cr-1,cr,ens5,backbone,640.8666666666667,3131.111111111111,5.622222222222222,8.422222222222222,0,0,0,0,0
2026-07-28 12:41:00,ccf-aiops-西安,cr-1,cr,ens6,NULL,0,0,0,0,0,0,0,0,0
2026-07-28 12:41:00,ccf-aiops-西安,cr-1,cr,ens7,NULL,0,0,0,0,0,0,0,0,0
2026-07-28 12:41:00,ccf-aiops-西安,cr-1,cr,ens8,NULL,0,0,0,0,0,0,0,0,0
2026-07-28 12:41:00,ccf-aiops-西安,cr-1,cr,ens9,NULL,0,0,0,0,0,0,0,0,0
2026-07-28 12:41:00,ccf-aiops-西安,cr-2,cr,ens10,NULL,0,0,0,0,0,0,0,0,0
2026-07-28 12:41:00,ccf-aiops-西安,cr-2,cr,ens11,NULL,0,0,0,0,0,0,0,0,0
2026-07-28 12:41:00,ccf-aiops-西安,cr-2,cr,ens12,NULL,0,0,0,0,0,0,0,0,0
2026-07-28 12:41:00,ccf-aiops-西安,cr-2,cr,ens3,NULL,54.84444444444444,0,0.8444444444444444,0,0,0,0,0,0
2026-07-28 12:41:00,ccf-aiops-西安,cr-2,cr,ens4,backbone,3634.4666666666667,868.7777777777777,5.111111111111111,7.622222222222222,0,0,0,0,0
2026-07-28 12:41:00,ccf-aiops-西安,cr-2,cr,ens5,backbone,998.911111111111,5586.7555555555555,8.755555555555555,6.133333333333334,0,0,0,0,0
2026-07-28 12:41:00,ccf-aiops-西安,cr-2,cr,ens6,NULL,0,0,0,0,0,0,0,0,0
2026-07-28 12:41:00,ccf-aiops-西安,cr-2,cr,ens7,NULL,0,0,0,0,0,0,0,0,0
2026-07-28 12:41:00,ccf-aiops-西安,cr-2,cr,ens8,NULL,0,0,0,0,0,0,0,0,0
2026-07-28 12:41:00,ccf-aiops-西安,cr-2,cr,ens9,NULL,0,0,0,0,0,0,0,0,0
2026-07-28 12:41:00,ccf-aiops-西安,fw,firewall,ens3,NULL,197.0222222222222,130.35555555555555,1.8888888888888888,0.9777777777777777,0,0,0,0,0
2026-07-28 12:41:00,ccf-aiops-西安,fw,firewall,ens4,backbone,8357.022222222222,1260.7333333333333,12.044444444444444,10.977777777777778,0,0,0,0,0
2026-07-28 12:41:00,ccf-aiops-西安,fw,firewall,ens5,business,1374.8,9507.533333333333,11.8,12.222222222222221,0,0,0,0,0
2026-07-28 12:41:00,ccf-aiops-西安,fw,firewall,ens6,NULL,0,0,0,0,0,0,0,0,0
2026-07-28 12:41:00,ccf-aiops-西安,monitor-vm,collector,ens3,NULL,187.95555555555555,70.48888888888888,2.355555555555555,0.711111111111111,0,0,0,0,0
2026-07-28 12:41:00,ccf-aiops-西安,monitor-vm,collector,ens4,mgmt,27543.955555555553,996.2444444444444,10.444444444444445,8.688888888888888,0,0,0,0,0
2026-07-28 12:41:00,ccf-aiops-西安,monitor-vm,collector,ens5,NULL,0,0,0,0,0,0,0,0,0
2026-07-28 12:41:00,ccf-aiops-西安,monitor-vm,collector,ens6,NULL,0,0,0,0,0,0,0,0,0
2026-07-28 12:41:00,ccf-aiops-西安,probe-vm,probe,ens3,NULL,60.17777777777778,0,0.9333333333333333,0,0,0,0,0,0
2026-07-28 12:41:00,ccf-aiops-西安,probe-vm,probe,ens4,business,118.62222222222222,1175.7333333333333,0.9333333333333333,0.3777777777777777,0,0,0,0,0
2026-07-28 12:41:00,ccf-aiops-西安,probe-vm,probe,ens5,NULL,0,0,0,0,0,0,0,0,0
2026-07-28 12:41:00,ccf-aiops-西安,probe-vm,probe,ens6,NULL,0,0,0,0,0,0,0,0,0
2026-07-28 12:41:00,ccf-aiops-西安,service-vm-1,service,ens3,NULL,121.42222222222222,32.666666666666664,1.6222222222222222,0.3333333333333333,0,0,0,0,0
2026-07-28 12:41:00,ccf-aiops-西安,service-vm-1,service,ens4,service,135.55555555555554,1189.3777777777775,1.0666666666666667,0.4,0,0,0,0,0
2026-07-28 12:41:00,ccf-aiops-西安,service-vm-1,service,ens5,NULL,0,0,0,0,0,0,0,0,0
2026-07-28 12:41:00,ccf-aiops-西安,service-vm-1,service,ens6,NULL,0,0,0,0,0,0,0,0,0
2026-07-28 12:41:00,ccf-aiops-西安,service-vm-2,service,ens3,NULL,74.35555555555555,62.35555555555555,0.5555555555555555,0.31111111111111106,0,0,0,0,0
2026-07-28 12:41:00,ccf-aiops-西安,service-vm-2,service,ens4,service,103.06666666666666,1168.2666666666667,0.6888888888888888,0.26666666666666666,0,0,0,0,0
2026-07-28 12:41:00,ccf-aiops-西安,service-vm-2,service,ens5,NULL,0,0,0,0,0,0,0,0,0
2026-07-28 12:41:00,ccf-aiops-西安,service-vm-2,service,ens6,NULL,0,0,0,0,0,0,0,0,0
2026-07-28 12:41:00,ccf-aiops-西安,service-vm-3,service,ens3,NULL,15.333333333333334,0,0.2,0,0,0,0,0,0
2026-07-28 12:41:00,ccf-aiops-西安,service-vm-3,service,ens4,service,92.3111111111111,1170.8666666666666,0.6222222222222221,0.31111111111111106,0,0,0,0,0
2026-07-28 12:41:00,ccf-aiops-西安,service-vm-3,service,ens5,NULL,0,0,0,0,0,0,0,0,0
2026-07-28 12:41:00,ccf-aiops-西安,service-vm-3,service,ens6,NULL,0,0,0,0,0,0,0,0,0
2026-07-28 12:41:00,ccf-aiops-西安,traffic-vm,traffic,ens3,NULL,234.66666666666666,130.35555555555555,2.511111111111111,0.9777777777777777,0,0,0,0,0
2026-07-28 12:41:00,ccf-aiops-西安,traffic-vm,traffic,ens4,business,1098.9333333333334,14641.244444444445,8.288888888888888,8.244444444444444,0,0,0,0,0
2026-07-28 12:41:00,ccf-aiops-西安,traffic-vm,traffic,ens5,NULL,0,0,0,0,0,0,0,0,0
2026-07-28 12:41:00,ccf-aiops-西安,traffic-vm,traffic,ens6,NULL,0,0,0,0,0,0,0,0,0
2026-07-28 12:42:00,ccf-aiops-西安,br-1,br,ens10,NULL,0,0,0,0,0,0,0,0,0
2026-07-28 12:42:00,ccf-aiops-西安,br-1,br,ens11,NULL,0,0,0,0,0,0,0,0,0
2026-07-28 12:42:00,ccf-aiops-西安,br-1,br,ens12,NULL,0,0,0,0,0,0,0,0,0
2026-07-28 12:42:00,ccf-aiops-西安,br-1,br,ens3,NULL,232.4,98.4,2.822222222222222,0.9777777777777777,0,0,0,0,0
2026-07-28 12:42:00,ccf-aiops-西安,br-1,br,ens4,backbone,508.0444444444444,409.97777777777776,3.8888888888888884,3.6444444444444444,0,0,0,0,0
2026-07-28 12:42:00,ccf-aiops-西安,br-1,br,ens5,backbone,542.3333333333334,2614.155555555555,4.733333333333333,4.4,0,0,0,0,0
2026-07-28 12:42:00,ccf-aiops-西安,br-1,br,ens6,NULL,0,0,0,0,0,0,0,0,0
2026-07-28 12:42:00,ccf-aiops-西安,br-1,br,ens7,NULL,0,0,0,0,0,0,0,0,0
2026-07-28 12:42:00,ccf-aiops-西安,br-1,br,ens8,NULL,0,0,0,0,0,0,0,0,0
2026-07-28 12:42:00,ccf-aiops-西安,br-1,br,ens9,NULL,0,0,0,0,0,0,0,0,0
2026-07-28 12:42:00,ccf-aiops-西安,br-2,br,ens10,NULL,0,0,0,0,0,0,0,0,0
2026-07-28 12:42:00,ccf-aiops-西安,br-2,br,ens11,NULL,0,0,0,0,0,0,0,0,0
2026-07-28 12:42:00,ccf-aiops-西安,br-2,br,ens12,NULL,0,0,0,0,0,0,0,0,0
2026-07-28 12:42:00,ccf-aiops-西安,br-2,br,ens3,NULL,68.88888888888889,0,0.9777777777777777,0,0.04444444444444444,0,0,0,0
2026-07-28 12:42:00,ccf-aiops-西安,br-2,br,ens4,backbone,417.3111111111111,270.75555555555553,3.355555555555555,2.466666666666667,0,0,0,0,0
2026-07-28 12:42:00,ccf-aiops-西安,br-2,br,ens5,backbone,403.75555555555553,2459.8444444444444,3.533333333333333,3.6888888888888887,0,0,0,0,0
2026-07-28 12:42:00,ccf-aiops-西安,br-2,br,ens6,NULL,0,0,0,0,0,0,0,0,0
2026-07-28 12:42:00,ccf-aiops-西安,br-2,br,ens7,NULL,0,0,0,0,0,0,0,0,0
2026-07-28 12:42:00,ccf-aiops-西安,br-2,br,ens8,NULL,0,0,0,0,0,0,0,0,0
2026-07-28 12:42:00,ccf-aiops-西安,br-2,br,ens9,NULL,0,0,0,0,0,0,0,0,0
2026-07-28 12:42:00,ccf-aiops-西安,cr-1,cr,ens10,NULL,0,0,0,0,0,0,0,0,0
2026-07-28 12:42:00,ccf-aiops-西安,cr-1,cr,ens11,NULL,0,0,0,0,0,0,0,0,0
2026-07-28 12:42:00,ccf-aiops-西安,cr-1,cr,ens12,NULL,0,0,0,0,0,0,0,0,0
2026-07-28 12:42:00,ccf-aiops-西安,cr-1,cr,ens3,NULL,58.222222222222214,0,0.9333333333333333,0,0,0,0,0,0
2026-07-28 12:42:00,ccf-aiops-西安,cr-1,cr,ens4,backbone,1655.2222222222222,127.97777777777777,4.51111111111111,1.1777777777777776,0,0,0,0,0
2026-07-28 12:42:00,ccf-aiops-西安,cr-1,cr,ens5,backbone,539.2444444444444,3847.022222222222,4.688888888888888,7.688888888888888,0,0,0,0,0
2026-07-28 12:42:00,ccf-aiops-西安,cr-1,cr,ens6,NULL,0,0,0,0,0,0,0,0,0
2026-07-28 12:42:00,ccf-aiops-西安,cr-1,cr,ens7,NULL,0,0,0,0,0,0,0,0,0
2026-07-28 12:42:00,ccf-aiops-西安,cr-1,cr,ens8,NULL,0,0,0,0,0,0,0,0,0
2026-07-28 12:42:00,ccf-aiops-西安,cr-1,cr,ens9,NULL,0,0,0,0,0,0,0,0,0
2026-07-28 12:42:00,ccf-aiops-西安,cr-2,cr,ens10,NULL,0,0,0,0,0,0,0,0,0
2026-07-28 12:42:00,ccf-aiops-西安,cr-2,cr,ens11,NULL,0,0,0,0,0,0,0,0,0
2026-07-28 12:42:00,ccf-aiops-西安,cr-2,cr,ens12,NULL,0,0,0,0,0,0,0,0,0
2026-07-28 12:42:00,ccf-aiops-西安,cr-2,cr,ens3,NULL,56.888888888888886,0,0.9111111111111111,0,0,0,0,0,0
2026-07-28 12:42:00,ccf-aiops-西安,cr-2,cr,ens4,backbone,3497.9333333333334,727.7555555555555,4.133333333333334,6.333333333333334,0,0,0,0,0
2026-07-28 12:42:00,ccf-aiops-西安,cr-2,cr,ens5,backbone,854.2444444444444,5913.977777777777,7.422222222222222,5.4222222222222225,0,0,0,0,0
2026-07-28 12:42:00,ccf-aiops-西安,cr-2,cr,ens6,NULL,0,0,0,0,0,0,0,0,0
2026-07-28 12:42:00,ccf-aiops-西安,cr-2,cr,ens7,NULL,0,0,0,0,0,0,0,0,0
2026-07-28 12:42:00,ccf-aiops-西安,cr-2,cr,ens8,NULL,0,0,0,0,0,0,0,0,0
2026-07-28 12:42:00,ccf-aiops-西安,cr-2,cr,ens9,NULL,0,0,0,0,0,0,0,0,0
2026-07-28 12:42:00,ccf-aiops-西安,fw,firewall,ens3,NULL,187.77777777777777,130.35555555555555,1.7777777777777777,0.9777777777777777,0,0,0,0,0
2026-07-28 12:42:00,ccf-aiops-西安,fw,firewall,ens4,backbone,9452.02222222222,1151.6888888888889,11.8,9.955555555555554,0,0,0,0,0
2026-07-28 12:42:00,ccf-aiops-西安,fw,firewall,ens5,business,1262.6444444444444,10591.31111111111,10.8,11.844444444444443,0,0,0,0,0
2026-07-28 12:42:00,ccf-aiops-西安,fw,firewall,ens6,NULL,0,0,0,0,0,0,0,0,0
2026-07-28 12:42:00,ccf-aiops-西安,monitor-vm,collector,ens3,NULL,180.57777777777775,69.86666666666666,2.2666666666666666,0.711111111111111,0,0,0,0,0
2026-07-28 12:42:00,ccf-aiops-西安,monitor-vm,collector,ens4,mgmt,28614.955555555553,978.2444444444444,11.177777777777777,8.488888888888889,0,0,0,0,0
2026-07-28 12:42:00,ccf-aiops-西安,monitor-vm,collector,ens5,NULL,0,0,0,0,0,0,0,0,0
2026-07-28 12:42:00,ccf-aiops-西安,monitor-vm,collector,ens6,NULL,0,0,0,0,0,0,0,0,0
2026-07-28 12:42:00,ccf-aiops-西安,probe-vm,probe,ens3,NULL,58.222222222222214,0,0.9333333333333333,0,0,0,0,0,0
2026-07-28 12:42:00,ccf-aiops-西安,probe-vm,probe,ens4,business,82.48888888888888,1166.7777777777776,0.5777777777777777,0.26666666666666666,0,0,0,0,0
2026-07-28 12:42:00,ccf-aiops-西安,probe-vm,probe,ens5,NULL,0,0,0,0,0,0,0,0,0
2026-07-28 12:42:00,ccf-aiops-西安,probe-vm,probe,ens6,NULL,0,0,0,0,0,0,0,0,0
2026-07-28 12:42:00,ccf-aiops-西安,service-vm-1,service,ens3,NULL,122.22222222222221,34.93333333333333,1.6444444444444444,0.3555555555555555,0,0,0,0,0
2026-07-28 12:42:00,ccf-aiops-西安,service-vm-1,service,ens4,service,124.26666666666667,1189.7333333333333,1,0.4,0,0,0,0,0
2026-07-28 12:42:00,ccf-aiops-西安,service-vm-1,service,ens5,NULL,0,0,0,0,0,0,0,0,0
2026-07-28 12:42:00,ccf-aiops-西安,service-vm-1,service,ens6,NULL,0,0,0,0,0,0,0,0,0
2026-07-28 12:42:00,ccf-aiops-西安,service-vm-2,service,ens3,NULL,65.11111111111111,60.888888888888886,0.4444444444444444,0.28888888888888886,0,0,0,0,0
2026-07-28 12:42:00,ccf-aiops-西安,service-vm-2,service,ens4,service,103.24444444444444,1169.9555555555555,0.7555555555555554,0.28888888888888886,0,0,0,0,0
2026-07-28 12:42:00,ccf-aiops-西安,service-vm-2,service,ens5,NULL,0,0,0,0,0,0,0,0,0
2026-07-28 12:42:00,ccf-aiops-西安,service-vm-2,service,ens6,NULL,0,0,0,0,0,0,0,0,0
2026-07-28 12:42:00,ccf-aiops-西安,service-vm-3,service,ens3,NULL,113.95555555555555,123.77777777777777,0.6444444444444444,0.6,0,0,0,0,0
2026-07-28 12:42:00,ccf-aiops-西安,service-vm-3,service,ens4,service,107.06666666666666,1174.6,0.8,0.3555555555555555,0,0,0,0,0
2026-07-28 12:42:00,ccf-aiops-西安,service-vm-3,service,ens5,NULL,0,0,0,0,0,0,0,0,0
2026-07-28 12:42:00,ccf-aiops-西安,service-vm-3,service,ens6,NULL,0,0,0,0,0,0,0,0,0
2026-07-28 12:42:00,ccf-aiops-西安,traffic-vm,traffic,ens3,NULL,289.7777777777777,188.97777777777776,2.8666666666666667,1.2444444444444442,0,0,0,0,0
2026-07-28 12:42:00,ccf-aiops-西安,traffic-vm,traffic,ens4,business,900.4222222222221,14490.977777777776,6.644444444444444,6.7555555555555555,0,0,0,0,0
2026-07-28 12:42:00,ccf-aiops-西安,traffic-vm,traffic,ens5,NULL,0,0,0,0,0,0,0,0,0
2026-07-28 12:42:00,ccf-aiops-西安,traffic-vm,traffic,ens6,NULL,0,0,0,0,0,0,0,0,0
2026-07-28 12:43:00,ccf-aiops-西安,br-1,br,ens10,NULL,0,0,0,0,0,0,0,0,0
2026-07-28 12:43:00,ccf-aiops-西安,br-1,br,ens11,NULL,0,0,0,0,0,0,0,0,0
2026-07-28 12:43:00,ccf-aiops-西安,br-1,br,ens12,NULL,0,0,0,0,0,0,0,0,0
2026-07-28 12:43:00,ccf-aiops-西安,br-1,br,ens3,NULL,347.37777777777774,216.2222222222222,3.422222222222222,1.5555555555555556,0,0,0,0,0
2026-07-28 12:43:00,ccf-aiops-西安,br-1,br,ens4,backbone,672.0888888888888,459.35555555555555,4.977777777777777,4.133333333333334,0,0,0,0,0
2026-07-28 12:43:00,ccf-aiops-西安,br-1,br,ens5,backbone,614.6888888888888,2522.6888888888884,5.422222222222222,5.244444444444444,0,0,0,0,0
2026-07-28 12:43:00,ccf-aiops-西安,br-1,br,ens6,NULL,0,0,0,0,0,0,0,0,0
2026-07-28 12:43:00,ccf-aiops-西安,br-1,br,ens7,NULL,0,0,0,0,0,0,0,0,0
2026-07-28 12:43:00,ccf-aiops-西安,br-1,br,ens8,NULL,0,0,0,0,0,0,0,0,0
2026-07-28 12:43:00,ccf-aiops-西安,br-1,br,ens9,NULL,0,0,0,0,0,0,0,0,0
2026-07-28 12:43:00,ccf-aiops-西安,br-2,br,ens10,NULL,0,0,0,0,0,0,0,0,0
2026-07-28 12:43:00,ccf-aiops-西安,br-2,br,ens11,NULL,0,0,0,0,0,0,0,0,0
2026-07-28 12:43:00,ccf-aiops-西安,br-2,br,ens12,NULL,0,0,0,0,0,0,0,0,0
2026-07-28 12:43:00,ccf-aiops-西安,br-2,br,ens3,NULL,69.28888888888888,0,0.9555555555555555,0,0.04444444444444444,0,0,0,0
2026-07-28 12:43:00,ccf-aiops-西安,br-2,br,ens4,backbone,591.4222222222221,448.53333333333336,4.288888888888889,4,0,0,0,0,0
2026-07-28 12:43:00,ccf-aiops-西安,br-2,br,ens5,backbone,593.7555555555555,2474.622222222222,5.155555555555555,4.466666666666667,0,0,0,0,0
2026-07-28 12:43:00,ccf-aiops-西安,br-2,br,ens6,NULL,0,0,0,0,0,0,0,0,0
2026-07-28 12:43:00,ccf-aiops-西安,br-2,br,ens7,NULL,0,0,0,0,0,0,0,0,0
2026-07-28 12:43:00,ccf-aiops-西安,br-2,br,ens8,NULL,0,0,0,0,0,0,0,0,0
2026-07-28 12:43:00,ccf-aiops-西安,br-2,br,ens9,NULL,0,0,0,0,0,0,0,0,0
2026-07-28 12:43:00,ccf-aiops-西安,cr-1,cr,ens10,NULL,0,0,0,0,0,0,0,0,0
2026-07-28 12:43:00,ccf-aiops-西安,cr-1,cr,ens11,NULL,0,0,0,0,0,0,0,0,0
2026-07-28 12:43:00,ccf-aiops-西安,cr-1,cr,ens12,NULL,0,0,0,0,0,0,0,0,0
2026-07-28 12:43:00,ccf-aiops-西安,cr-1,cr,ens3,NULL,167.6,114.22222222222221,1.4888888888888887,0.5555555555555555,0,0,0,0,0
2026-07-28 12:43:00,ccf-aiops-西安,cr-1,cr,ens4,backbone,1396.4,184.97777777777776,5.022222222222222,1.6444444444444444,0,0,0,0,0
2026-07-28 12:43:00,ccf-aiops-西安,cr-1,cr,ens5,backbone,726.6,3611.6,6.288888888888889,9.333333333333334,0,0,0,0,0
2026-07-28 12:43:00,ccf-aiops-西安,cr-1,cr,ens6,NULL,0,0,0,0,0,0,0,0,0
2026-07-28 12:43:00,ccf-aiops-西安,cr-1,cr,ens7,NULL,0,0,0,0,0,0,0,0,0
2026-07-28 12:43:00,ccf-aiops-西安,cr-1,cr,ens8,NULL,0,0,0,0,0,0,0,0,0
2026-07-28 12:43:00,ccf-aiops-西安,cr-1,cr,ens9,NULL,0,0,0,0,0,0,0,0,0
2026-07-28 12:43:00,ccf-aiops-西安,cr-2,cr,ens10,NULL,0,0,0,0,0,0,0,0,0
2026-07-28 12:43:00,ccf-aiops-西安,cr-2,cr,ens11,NULL,0,0,0,0,0,0,0,0,0
2026-07-28 12:43:00,ccf-aiops-西安,cr-2,cr,ens12,NULL,0,0,0,0,0,0,0,0,0
2026-07-28 12:43:00,ccf-aiops-西安,cr-2,cr,ens3,NULL,161.64444444444445,114.22222222222221,1.4,0.5555555555555555,0,0,0,0,0
2026-07-28 12:43:00,ccf-aiops-西安,cr-2,cr,ens4,backbone,3791.0444444444443,975.5777777777778,5.9111111111111105,8.555555555555554,0,0,0,0,0
2026-07-28 12:43:00,ccf-aiops-西安,cr-2,cr,ens5,backbone,1103.9777777777776,5876.822222222222,9.666666666666666,6.933333333333334,0,0,0,0,0
2026-07-28 12:43:00,ccf-aiops-西安,cr-2,cr,ens6,NULL,0,0,0,0,0,0,0,0,0
2026-07-28 12:43:00,ccf-aiops-西安,cr-2,cr,ens7,NULL,0,0,0,0,0,0,0,0,0
2026-07-28 12:43:00,ccf-aiops-西安,cr-2,cr,ens8,NULL,0,0,0,0,0,0,0,0,0
2026-07-28 12:43:00,ccf-aiops-西安,cr-2,cr,ens9,NULL,0,0,0,0,0,0,0,0,0
2026-07-28 12:43:00,ccf-aiops-西安,fw,firewall,ens3,NULL,142.08888888888887,68.93333333333334,1.6,0.6888888888888888,0,0,0,0,0
2026-07-28 12:43:00,ccf-aiops-西安,fw,firewall,ens4,backbone,8957.822222222221,1403.822222222222,13.288888888888888,12.2,0,0,0,0,0
2026-07-28 12:43:00,ccf-aiops-西安,fw,firewall,ens5,business,1495.8444444444442,10090.777777777777,12.822222222222221,13.266666666666667,0,0,0,0,0
2026-07-28 12:43:00,ccf-aiops-西安,fw,firewall,ens6,NULL,0,0,0,0,0,0,0,0,0
2026-07-28 12:43:00,ccf-aiops-西安,monitor-vm,collector,ens3,NULL,227.46666666666667,128.08888888888887,2.422222222222222,0.9555555555555555,0,0,0,0,0
2026-07-28 12:43:00,ccf-aiops-西安,monitor-vm,collector,ens4,mgmt,27770.11111111111,994.6,10.377777777777776,8.666666666666666,0,0,0,0,0
2026-07-28 12:43:00,ccf-aiops-西安,monitor-vm,collector,ens5,NULL,0,0,0,0,0,0,0,0,0
2026-07-28 12:43:00,ccf-aiops-西安,monitor-vm,collector,ens6,NULL,0,0,0,0,0,0,0,0,0
2026-07-28 12:43:00,ccf-aiops-西安,probe-vm,probe,ens3,NULL,59.95555555555555,0,0.9333333333333333,0,0,0,0,0,0
2026-07-28 12:43:00,ccf-aiops-西安,probe-vm,probe,ens4,business,94.48888888888888,1175.3555555555554,0.711111111111111,0.3777777777777777,0,0,0,0,0
2026-07-28 12:43:00,ccf-aiops-西安,probe-vm,probe,ens5,NULL,0,0,0,0,0,0,0,0,0
2026-07-28 12:43:00,ccf-aiops-西安,probe-vm,probe,ens6,NULL,0,0,0,0,0,0,0,0,0
2026-07-28 12:43:00,ccf-aiops-西安,service-vm-1,service,ens3,NULL,126.4,35.86666666666667,1.6888888888888889,0.3777777777777777,0,0,0,0,0
2026-07-28 12:43:00,ccf-aiops-西安,service-vm-1,service,ens4,service,122.88888888888889,1188.711111111111,0.9777777777777777,0.4,0,0,0,0,0
2026-07-28 12:43:00,ccf-aiops-西安,service-vm-1,service,ens5,NULL,0,0,0,0,0,0,0,0,0
2026-07-28 12:43:00,ccf-aiops-西安,service-vm-1,service,ens6,NULL,0,0,0,0,0,0,0,0,0
2026-07-28 12:43:00,ccf-aiops-西安,service-vm-2,service,ens3,NULL,72.8,61.42222222222222,0.5333333333333333,0.28888888888888886,0,0,0,0,0
2026-07-28 12:43:00,ccf-aiops-西安,service-vm-2,service,ens4,service,94.75555555555555,1168.1777777777777,0.6444444444444444,0.26666666666666666,0,0,0,0,0
2026-07-28 12:43:00,ccf-aiops-西安,service-vm-2,service,ens5,NULL,0,0,0,0,0,0,0,0,0
2026-07-28 12:43:00,ccf-aiops-西安,service-vm-2,service,ens6,NULL,0,0,0,0,0,0,0,0,0
2026-07-28 12:43:00,ccf-aiops-西安,service-vm-3,service,ens3,NULL,20.355555555555554,0,0.26666666666666666,0,0,0,0,0,0
2026-07-28 12:43:00,ccf-aiops-西安,service-vm-3,service,ens4,service,109.5111111111111,1176.9555555555555,0.8222222222222222,0.4,0,0,0,0,0
2026-07-28 12:43:00,ccf-aiops-西安,service-vm-3,service,ens5,NULL,0,0,0,0,0,0,0,0,0
2026-07-28 12:43:00,ccf-aiops-西安,service-vm-3,service,ens6,NULL,0,0,0,0,0,0,0,0,0
2026-07-28 12:43:00,ccf-aiops-西安,traffic-vm,traffic,ens3,NULL,183.15555555555554,66.66666666666667,2.2888888888888888,0.6666666666666666,0,0,0,0,0
2026-07-28 12:43:00,ccf-aiops-西安,traffic-vm,traffic,ens4,business,1348.4,14802.355555555554,9.444444444444445,9.533333333333333,0,0,0,0,0
2026-07-28 12:43:00,ccf-aiops-西安,traffic-vm,traffic,ens5,NULL,0,0,0,0,0,0,0,0,0
2026-07-28 12:43:00,ccf-aiops-西安,traffic-vm,traffic,ens6,NULL,0,0,0,0,0,0,0,0,0
2026-07-28 12:44:00,ccf-aiops-西安,br-1,br,ens10,NULL,0,0,0,0,0,0,0,0,0
2026-07-28 12:44:00,ccf-aiops-西安,br-1,br,ens11,NULL,0,0,0,0,0,0,0,0,0
2026-07-28 12:44:00,ccf-aiops-西安,br-1,br,ens12,NULL,0,0,0,0,0,0,0,0,0
2026-07-28 12:44:00,ccf-aiops-西安,br-1,br,ens3,NULL,235.24444444444444,102.93333333333334,2.822222222222222,1.0222222222222221,0,0,0,0,0
2026-07-28 12:44:00,ccf-aiops-西安,br-1,br,ens4,backbone,586.1555555555555,329.71111111111105,4.51111111111111,2.933333333333333,0,0,0,0,0
2026-07-28 12:44:00,ccf-aiops-西安,br-1,br,ens5,backbone,482.93333333333334,2656.4888888888886,4.222222222222222,4.466666666666667,0,0,0,0,0
2026-07-28 12:44:00,ccf-aiops-西安,br-1,br,ens6,NULL,0,0,0,0,0,0,0,0,0
2026-07-28 12:44:00,ccf-aiops-西安,br-1,br,ens7,NULL,0,0,0,0,0,0,0,0,0
2026-07-28 12:44:00,ccf-aiops-西安,br-1,br,ens8,NULL,0,0,0,0,0,0,0,0,0
2026-07-28 12:44:00,ccf-aiops-西安,br-1,br,ens9,NULL,0,0,0,0,0,0,0,0,0
2026-07-28 12:44:00,ccf-aiops-西安,br-2,br,ens10,NULL,0,0,0,0,0,0,0,0,0
2026-07-28 12:44:00,ccf-aiops-西安,br-2,br,ens11,NULL,0,0,0,0,0,0,0,0,0
2026-07-28 12:44:00,ccf-aiops-西安,br-2,br,ens12,NULL,0,0,0,0,0,0,0,0,0
2026-07-28 12:44:00,ccf-aiops-西安,br-2,br,ens3,NULL,52.266666666666666,0,0.711111111111111,0,0.04444444444444444,0,0,0,0
2026-07-28 12:44:00,ccf-aiops-西安,br-2,br,ens4,backbone,706.3333333333334,435.68888888888887,5.022222222222222,4.022222222222222,0,0,0,0,0
2026-07-28 12:44:00,ccf-aiops-西安,br-2,br,ens5,backbone,597.3777777777777,2874.622222222222,5.288888888888889,4.955555555555555,0,0,0,0,0
2026-07-28 12:44:00,ccf-aiops-西安,br-2,br,ens6,NULL,0,0,0,0,0,0,0,0,0
2026-07-28 12:44:00,ccf-aiops-西安,br-2,br,ens7,NULL,0,0,0,0,0,0,0,0,0
2026-07-28 12:44:00,ccf-aiops-西安,br-2,br,ens8,NULL,0,0,0,0,0,0,0,0,0
2026-07-28 12:44:00,ccf-aiops-西安,br-2,br,ens9,NULL,0,0,0,0,0,0,0,0,0
2026-07-28 12:44:00,ccf-aiops-西安,cr-1,cr,ens10,NULL,0,0,0,0,0,0,0,0,0
2026-07-28 12:44:00,ccf-aiops-西安,cr-1,cr,ens11,NULL,0,0,0,0,0,0,0,0,0
2026-07-28 12:44:00,ccf-aiops-西安,cr-1,cr,ens12,NULL,0,0,0,0,0,0,0,0,0
2026-07-28 12:44:00,ccf-aiops-西安,cr-1,cr,ens3,NULL,41.37777777777777,0,0.6666666666666666,0,0,0,0,0,0
2026-07-28 12:44:00,ccf-aiops-西安,cr-1,cr,ens4,backbone,1983.5333333333333,132.04444444444442,5.444444444444444,1.1555555555555554,0,0,0,0,0
2026-07-28 12:44:00,ccf-aiops-西安,cr-1,cr,ens5,backbone,742.1111111111111,4412.4222222222215,6.488888888888889,10.444444444444445,0,0,0,0,0
2026-07-28 12:44:00,ccf-aiops-西安,cr-1,cr,ens6,NULL,0,0,0,0,0,0,0,0,0
2026-07-28 12:44:00,ccf-aiops-西安,cr-1,cr,ens7,NULL,0,0,0,0,0,0,0,0,0
2026-07-28 12:44:00,ccf-aiops-西安,cr-1,cr,ens8,NULL,0,0,0,0,0,0,0,0,0
2026-07-28 12:44:00,ccf-aiops-西安,cr-1,cr,ens9,NULL,0,0,0,0,0,0,0,0,0
2026-07-28 12:44:00,ccf-aiops-西安,cr-2,cr,ens10,NULL,0,0,0,0,0,0,0,0,0
2026-07-28 12:44:00,ccf-aiops-西安,cr-2,cr,ens11,NULL,0,0,0,0,0,0,0,0,0
2026-07-28 12:44:00,ccf-aiops-西安,cr-2,cr,ens12,NULL,0,0,0,0,0,0,0,0,0
2026-07-28 12:44:00,ccf-aiops-西安,cr-2,cr,ens3,NULL,41.6,0,0.6666666666666666,0,0,0,0,0,0
2026-07-28 12:44:00,ccf-aiops-西安,cr-2,cr,ens4,backbone,3720.266666666667,1008.6666666666666,5.488888888888889,8.888888888888888,0,0,0,0,0
2026-07-28 12:44:00,ccf-aiops-西安,cr-2,cr,ens5,backbone,1133.4222222222222,6253.244444444444,9.955555555555554,6.8,0,0,0,0,0
2026-07-28 12:44:00,ccf-aiops-西安,cr-2,cr,ens6,NULL,0,0,0,0,0,0,0,0,0
2026-07-28 12:44:00,ccf-aiops-西安,cr-2,cr,ens7,NULL,0,0,0,0,0,0,0,0,0
2026-07-28 12:44:00,ccf-aiops-西安,cr-2,cr,ens8,NULL,0,0,0,0,0,0,0,0,0
2026-07-28 12:44:00,ccf-aiops-西安,cr-2,cr,ens9,NULL,0,0,0,0,0,0,0,0,0
2026-07-28 12:44:00,ccf-aiops-西安,fw,firewall,ens3,NULL,187.77777777777777,129.82222222222222,1.7777777777777777,0.9777777777777777,0,0,0,0,0
2026-07-28 12:44:00,ccf-aiops-西安,fw,firewall,ens4,backbone,9823.755555555554,1298.1111111111109,12.511111111111111,11.31111111111111,0,0,0,0,0
2026-07-28 12:44:00,ccf-aiops-西安,fw,firewall,ens5,business,1387.6,10967.644444444444,11.91111111111111,12.6,0,0,0,0,0
2026-07-28 12:44:00,ccf-aiops-西安,fw,firewall,ens6,NULL,0,0,0,0,0,0,0,0,0
2026-07-28 12:44:00,ccf-aiops-西安,monitor-vm,collector,ens3,NULL,233.0222222222222,128.88888888888889,2.511111111111111,0.9555555555555555,0,0,0,0,0
2026-07-28 12:44:00,ccf-aiops-西安,monitor-vm,collector,ens4,mgmt,28992.955555555553,991.0444444444444,11.31111111111111,8.622222222222222,0,0,0,0,0
2026-07-28 12:44:00,ccf-aiops-西安,monitor-vm,collector,ens5,NULL,0,0,0,0,0,0,0,0,0
2026-07-28 12:44:00,ccf-aiops-西安,monitor-vm,collector,ens6,NULL,0,0,0,0,0,0,0,0,0
2026-07-28 12:44:00,ccf-aiops-西安,probe-vm,probe,ens3,NULL,154.57777777777775,123.77777777777777,1.311111111111111,0.6,0,0,0,0,0
2026-07-28 12:44:00,ccf-aiops-西安,probe-vm,probe,ens4,business,102.4,1173.6888888888889,0.8,0.3555555555555555,0,0,0,0,0
2026-07-28 12:44:00,ccf-aiops-西安,probe-vm,probe,ens5,NULL,0,0,0,0,0,0,0,0,0
2026-07-28 12:44:00,ccf-aiops-西安,probe-vm,probe,ens6,NULL,0,0,0,0,0,0,0,0,0
2026-07-28 12:44:00,ccf-aiops-西安,service-vm-1,service,ens3,NULL,221.55555555555554,156.3111111111111,2.066666666666667,0.9111111111111111,0,0,0,0,0
2026-07-28 12:44:00,ccf-aiops-西安,service-vm-1,service,ens4,service,113.6,1190.0666666666666,0.8666666666666667,0.4,0,0,0,0,0
2026-07-28 12:44:00,ccf-aiops-西安,service-vm-1,service,ens5,NULL,0,0,0,0,0,0,0,0,0
2026-07-28 12:44:00,ccf-aiops-西安,service-vm-1,service,ens6,NULL,0,0,0,0,0,0,0,0,0
2026-07-28 12:44:00,ccf-aiops-西安,service-vm-2,service,ens3,NULL,63.77777777777778,62.35555555555555,0.4222222222222222,0.31111111111111106,0,0,0,0,0
2026-07-28 12:44:00,ccf-aiops-西安,service-vm-2,service,ens4,service,83.02222222222221,1169.2222222222222,0.5111111111111111,0.26666666666666666,0,0,0,0,0
2026-07-28 12:44:00,ccf-aiops-西安,service-vm-2,service,ens5,NULL,0,0,0,0,0,0,0,0,0
2026-07-28 12:44:00,ccf-aiops-西安,service-vm-2,service,ens6,NULL,0,0,0,0,0,0,0,0,0
2026-07-28 12:44:00,ccf-aiops-西安,service-vm-3,service,ens3,NULL,59.24444444444444,62.35555555555555,0.3555555555555555,0.31111111111111106,0,0,0,0,0
2026-07-28 12:44:00,ccf-aiops-西安,service-vm-3,service,ens4,service,98.04444444444444,1171.5333333333333,0.6888888888888888,0.3333333333333333,0,0,0,0,0
2026-07-28 12:44:00,ccf-aiops-西安,service-vm-3,service,ens5,NULL,0,0,0,0,0,0,0,0,0
2026-07-28 12:44:00,ccf-aiops-西安,service-vm-3,service,ens6,NULL,0,0,0,0,0,0,0,0,0
2026-07-28 12:44:00,ccf-aiops-西安,traffic-vm,traffic,ens3,NULL,221.5111111111111,130.35555555555555,2.3333333333333335,0.9777777777777777,0,0,0,0,0
2026-07-28 12:44:00,ccf-aiops-西安,traffic-vm,traffic,ens4,business,1286.2222222222222,14798.977777777776,8.666666666666666,9.466666666666667,0,0,0,0,0
2026-07-28 12:44:00,ccf-aiops-西安,traffic-vm,traffic,ens5,NULL,0,0,0,0,0,0,0,0,0
2026-07-28 12:44:00,ccf-aiops-西安,traffic-vm,traffic,ens6,NULL,0,0,0,0,0,0,0,0,0
2026-07-28 12:45:00,ccf-aiops-西安,br-1,br,ens10,NULL,0,0,0,0,0,0,0,0,0
2026-07-28 12:45:00,ccf-aiops-西安,br-1,br,ens11,NULL,0,0,0,0,0,0,0,0,0
2026-07-28 12:45:00,ccf-aiops-西安,br-1,br,ens12,NULL,0,0,0,0,0,0,0,0,0
2026-07-28 12:45:00,ccf-aiops-西安,br-1,br,ens3,NULL,255.6,100.66666666666667,3.0222222222222217,1,0,0,0,0,0
2026-07-28 12:45:00,ccf-aiops-西安,br-1,br,ens4,backbone,789.911111111111,608.2666666666667,6.066666666666666,5.444444444444444,0,0,0,0,0
2026-07-28 12:45:00,ccf-aiops-西安,br-1,br,ens5,backbone,760.4,2608.4,6.733333333333333,6.177777777777777,0,0,0,0,0
2026-07-28 12:45:00,ccf-aiops-西安,br-1,br,ens6,NULL,0,0,0,0,0,0,0,0,0
2026-07-28 12:45:00,ccf-aiops-西安,br-1,br,ens7,NULL,0,0,0,0,0,0,0,0,0
2026-07-28 12:45:00,ccf-aiops-西安,br-1,br,ens8,NULL,0,0,0,0,0,0,0,0,0
2026-07-28 12:45:00,ccf-aiops-西安,br-1,br,ens9,NULL,0,0,0,0,0,0,0,0,0
2026-07-28 12:45:00,ccf-aiops-西安,br-2,br,ens10,NULL,0,0,0,0,0,0,0,0,0
2026-07-28 12:45:00,ccf-aiops-西安,br-2,br,ens11,NULL,0,0,0,0,0,0,0,0,0
2026-07-28 12:45:00,ccf-aiops-西安,br-2,br,ens12,NULL,0,0,0,0,0,0,0,0,0
2026-07-28 12:45:00,ccf-aiops-西安,br-2,br,ens3,NULL,189.37777777777777,114.22222222222221,1.6,0.5555555555555555,0.04444444444444444,0,0,0,0
2026-07-28 12:45:00,ccf-aiops-西安,br-2,br,ens4,backbone,994.1555555555555,666.7555555555555,7.222222222222222,5.9111111111111105,0,0,0,0,0
2026-07-28 12:45:00,ccf-aiops-西安,br-2,br,ens5,backbone,827.5555555555554,2941.8,7.2,7.422222222222222,0,0,0,0,0
2026-07-28 12:45:00,ccf-aiops-西安,br-2,br,ens6,NULL,0,0,0,0,0,0,0,0,0
2026-07-28 12:45:00,ccf-aiops-西安,br-2,br,ens7,NULL,0,0,0,0,0,0,0,0,0
2026-07-28 12:45:00,ccf-aiops-西安,br-2,br,ens8,NULL,0,0,0,0,0,0,0,0,0
2026-07-28 12:45:00,ccf-aiops-西安,br-2,br,ens9,NULL,0,0,0,0,0,0,0,0,0
2026-07-28 12:45:00,ccf-aiops-西安,cr-1,cr,ens10,NULL,0,0,0,0,0,0,0,0,0
2026-07-28 12:45:00,ccf-aiops-西安,cr-1,cr,ens11,NULL,0,0,0,0,0,0,0,0,0
2026-07-28 12:45:00,ccf-aiops-西安,cr-1,cr,ens12,NULL,0,0,0,0,0,0,0,0,0
2026-07-28 12:45:00,ccf-aiops-西安,cr-1,cr,ens3,NULL,76.13333333333334,0,1.0666666666666667,0,0,0,0,0,0
2026-07-28 12:45:00,ccf-aiops-西安,cr-1,cr,ens4,backbone,1931.9777777777776,120.6888888888889,7.977777777777777,1.0888888888888888,0,0,0,0,0
2026-07-28 12:45:00,ccf-aiops-西安,cr-1,cr,ens5,backbone,1019.5333333333333,4489.422222222222,8.91111111111111,15.222222222222221,0,0,0,0,0
2026-07-28 12:45:00,ccf-aiops-西安,cr-1,cr,ens6,NULL,0,0,0,0,0,0,0,0,0
2026-07-28 12:45:00,ccf-aiops-西安,cr-1,cr,ens7,NULL,0,0,0,0,0,0,0,0,0
2026-07-28 12:45:00,ccf-aiops-西安,cr-1,cr,ens8,NULL,0,0,0,0,0,0,0,0,0
2026-07-28 12:45:00,ccf-aiops-西安,cr-1,cr,ens9,NULL,0,0,0,0,0,0,0,0,0
2026-07-28 12:45:00,ccf-aiops-西安,cr-2,cr,ens10,NULL,0,0,0,0,0,0,0,0,0
2026-07-28 12:45:00,ccf-aiops-西安,cr-2,cr,ens11,NULL,0,0,0,0,0,0,0,0,0
2026-07-28 12:45:00,ccf-aiops-西安,cr-2,cr,ens12,NULL,0,0,0,0,0,0,0,0,0
2026-07-28 12:45:00,ccf-aiops-西安,cr-2,cr,ens3,NULL,74.35555555555557,0,1.0444444444444445,0,0,0,0,0,0
2026-07-28 12:45:00,ccf-aiops-西安,cr-2,cr,ens4,backbone,3898.2666666666673,1457.9333333333336,7.066666666666666,12.688888888888888,0,0,0,0,0
2026-07-28 12:45:00,ccf-aiops-西安,cr-2,cr,ens5,backbone,1580.4222222222224,5993.5777777777785,13.733333333333333,7.933333333333334,0,0,0,0,0
2026-07-28 12:45:00,ccf-aiops-西安,cr-2,cr,ens6,NULL,0,0,0,0,0,0,0,0,0
2026-07-28 12:45:00,ccf-aiops-西安,cr-2,cr,ens7,NULL,0,0,0,0,0,0,0,0,0
2026-07-28 12:45:00,ccf-aiops-西安,cr-2,cr,ens8,NULL,0,0,0,0,0,0,0,0,0
2026-07-28 12:45:00,ccf-aiops-西安,cr-2,cr,ens9,NULL,0,0,0,0,0,0,0,0,0
2026-07-28 12:45:00,ccf-aiops-西安,fw,firewall,ens3,NULL,214.17777777777778,130.35555555555555,2.0444444444444443,0.9777777777777777,0,0,0,0,0
2026-07-28 12:45:00,ccf-aiops-西安,fw,firewall,ens4,backbone,9257.22222222222,1720.1777777777777,15.777777777777777,14.955555555555554,0,0,0,0,0
2026-07-28 12:45:00,ccf-aiops-西安,fw,firewall,ens5,business,1827.4888888888888,10382.066666666668,15.755555555555555,15.666666666666666,0,0,0,0,0
2026-07-28 12:45:00,ccf-aiops-西安,fw,firewall,ens6,NULL,0,0,0,0,0,0,0,0,0
2026-07-28 12:45:00,ccf-aiops-西安,monitor-vm,collector,ens3,NULL,201.0222222222222,69.86666666666666,2.444444444444444,0.711111111111111,0,0,0,0,0
2026-07-28 12:45:00,ccf-aiops-西安,monitor-vm,collector,ens4,mgmt,27967.177777777775,995.9777777777778,10.555555555555554,8.688888888888888,0,0,0,0,0
2026-07-28 12:45:00,ccf-aiops-西安,monitor-vm,collector,ens5,NULL,0,0,0,0,0,0,0,0,0
2026-07-28 12:45:00,ccf-aiops-西安,monitor-vm,collector,ens6,NULL,0,0,0,0,0,0,0,0,0
2026-07-28 12:45:00,ccf-aiops-西安,probe-vm,probe,ens3,NULL,75.68888888888888,0,1.0666666666666667,0,0,0,0,0,0
2026-07-28 12:45:00,ccf-aiops-西安,probe-vm,probe,ens4,business,74.84444444444443,1166.1333333333334,0.4888888888888889,0.26666666666666666,0,0,0,0,0
2026-07-28 12:45:00,ccf-aiops-西安,probe-vm,probe,ens5,NULL,0,0,0,0,0,0,0,0,0
2026-07-28 12:45:00,ccf-aiops-西安,probe-vm,probe,ens6,NULL,0,0,0,0,0,0,0,0,0
2026-07-28 12:45:00,ccf-aiops-西安,service-vm-1,service,ens3,NULL,138.35555555555553,34.93333333333333,1.7555555555555555,0.3555555555555555,0,0,0,0,0
2026-07-28 12:45:00,ccf-aiops-西安,service-vm-1,service,ens4,service,126.7111111111111,1190.311111111111,1.0222222222222221,0.4,0,0,0,0,0
2026-07-28 12:45:00,ccf-aiops-西安,service-vm-1,service,ens5,NULL,0,0,0,0,0,0,0,0,0
2026-07-28 12:45:00,ccf-aiops-西安,service-vm-1,service,ens6,NULL,0,0,0,0,0,0,0,0,0
2026-07-28 12:45:00,ccf-aiops-西安,service-vm-2,service,ens3,NULL,37.02222222222222,0,0.4222222222222222,0,0,0,0,0,0
2026-07-28 12:45:00,ccf-aiops-西安,service-vm-2,service,ens4,service,113.06666666666666,1176.4666666666667,0.8666666666666667,0.3555555555555555,0,0,0,0,0
2026-07-28 12:45:00,ccf-aiops-西安,service-vm-2,service,ens5,NULL,0,0,0,0,0,0,0,0,0
2026-07-28 12:45:00,ccf-aiops-西安,service-vm-2,service,ens6,NULL,0,0,0,0,0,0,0,0,0
2026-07-28 12:45:00,ccf-aiops-西安,service-vm-3,service,ens3,NULL,90.44444444444443,62.35555555555555,0.711111111111111,0.31111111111111106,0,0,0,0,0
2026-07-28 12:45:00,ccf-aiops-西安,service-vm-3,service,ens4,service,107.06666666666666,1177.9777777777776,0.8,0.4,0,0,0,0,0
2026-07-28 12:45:00,ccf-aiops-西安,service-vm-3,service,ens5,NULL,0,0,0,0,0,0,0,0,0
2026-07-28 12:45:00,ccf-aiops-西安,service-vm-3,service,ens6,NULL,0,0,0,0,0,0,0,0,0
2026-07-28 12:45:00,ccf-aiops-西安,traffic-vm,traffic,ens3,NULL,205.46666666666667,69.86666666666666,2.511111111111111,0.711111111111111,0,0,0,0,0
2026-07-28 12:45:00,ccf-aiops-西安,traffic-vm,traffic,ens4,business,1826.8,15254.066666666668,12.977777777777778,13.333333333333334,0,0,0,0,0
2026-07-28 12:45:00,ccf-aiops-西安,traffic-vm,traffic,ens5,NULL,0,0,0,0,0,0,0,0,0
2026-07-28 12:45:00,ccf-aiops-西安,traffic-vm,traffic,ens6,NULL,0,0,0,0,0,0,0,0,0
2026-07-28 12:46:00,ccf-aiops-西安,br-1,br,ens10,NULL,0,0,0,0,0,0,0,0,0
2026-07-28 12:46:00,ccf-aiops-西安,br-1,br,ens11,NULL,0,0,0,0,0,0,0,0,0
2026-07-28 12:46:00,ccf-aiops-西安,br-1,br,ens12,NULL,0,0,0,0,0,0,0,0,0
2026-07-28 12:46:00,ccf-aiops-西安,br-1,br,ens3,NULL,234.4,102.93333333333334,2.8,1.0222222222222221,0,0,0,0,0
2026-07-28 12:46:00,ccf-aiops-西安,br-1,br,ens4,backbone,688,458.6444444444444,5,4.111111111111111,0,0,0,0,0
2026-07-28 12:46:00,ccf-aiops-西安,br-1,br,ens5,backbone,615.6888888888888,2711.9777777777776,5.355555555555555,5.51111111111111,0,0,0,0,0
2026-07-28 12:46:00,ccf-aiops-西安,br-1,br,ens6,NULL,0,0,0,0,0,0,0,0,0
2026-07-28 12:46:00,ccf-aiops-西安,br-1,br,ens7,NULL,0,0,0,0,0,0,0,0,0
2026-07-28 12:46:00,ccf-aiops-西安,br-1,br,ens8,NULL,0,0,0,0,0,0,0,0,0
2026-07-28 12:46:00,ccf-aiops-西安,br-1,br,ens9,NULL,0,0,0,0,0,0,0,0,0
2026-07-28 12:46:00,ccf-aiops-西安,br-2,br,ens10,NULL,0,0,0,0,0,0,0,0,0
2026-07-28 12:46:00,ccf-aiops-西安,br-2,br,ens11,NULL,0,0,0,0,0,0,0,0,0
2026-07-28 12:46:00,ccf-aiops-西安,br-2,br,ens12,NULL,0,0,0,0,0,0,0,0,0
2026-07-28 12:46:00,ccf-aiops-西安,br-2,br,ens3,NULL,59.733333333333334,0,0.8222222222222222,0,0.04444444444444444,0,0,0,0
2026-07-28 12:46:00,ccf-aiops-西安,br-2,br,ens4,backbone,670.6222222222221,498.9111111111111,4.71111111111111,4.4,0,0,0,0,0
2026-07-28 12:46:00,ccf-aiops-西安,br-2,br,ens5,backbone,635.6666666666666,2928.733333333333,5.488888888888889,5.333333333333333,0,0,0,0,0
2026-07-28 12:46:00,ccf-aiops-西安,br-2,br,ens6,NULL,0,0,0,0,0,0,0,0,0
2026-07-28 12:46:00,ccf-aiops-西安,br-2,br,ens7,NULL,0,0,0,0,0,0,0,0,0
2026-07-28 12:46:00,ccf-aiops-西安,br-2,br,ens8,NULL,0,0,0,0,0,0,0,0,0
2026-07-28 12:46:00,ccf-aiops-西安,br-2,br,ens9,NULL,0,0,0,0,0,0,0,0,0
2026-07-28 12:46:00,ccf-aiops-西安,cr-1,cr,ens10,NULL,0,0,0,0,0,0,0,0,0
2026-07-28 12:46:00,ccf-aiops-西安,cr-1,cr,ens11,NULL,0,0,0,0,0,0,0,0,0
2026-07-28 12:46:00,ccf-aiops-西安,cr-1,cr,ens12,NULL,0,0,0,0,0,0,0,0,0
2026-07-28 12:46:00,ccf-aiops-西安,cr-1,cr,ens3,NULL,156.08888888888887,114.22222222222221,1.3333333333333333,0.5555555555555555,0,0,0,0,0
2026-07-28 12:46:00,ccf-aiops-西安,cr-1,cr,ens4,backbone,2146.4888888888886,123.13333333333334,5.444444444444444,1.111111111111111,0,0,0,0,0
2026-07-28 12:46:00,ccf-aiops-西安,cr-1,cr,ens5,backbone,647.2,4564.466666666666,5.644444444444444,9.755555555555555,0,0,0,0,0
2026-07-28 12:46:00,ccf-aiops-西安,cr-1,cr,ens6,NULL,0,0,0,0,0,0,0,0,0
2026-07-28 12:46:00,ccf-aiops-西安,cr-1,cr,ens7,NULL,0,0,0,0,0,0,0,0,0
2026-07-28 12:46:00,ccf-aiops-西安,cr-1,cr,ens8,NULL,0,0,0,0,0,0,0,0,0
2026-07-28 12:46:00,ccf-aiops-西安,cr-1,cr,ens9,NULL,0,0,0,0,0,0,0,0,0
2026-07-28 12:46:00,ccf-aiops-西安,cr-2,cr,ens10,NULL,0,0,0,0,0,0,0,0,0
2026-07-28 12:46:00,ccf-aiops-西安,cr-2,cr,ens11,NULL,0,0,0,0,0,0,0,0,0
2026-07-28 12:46:00,ccf-aiops-西安,cr-2,cr,ens12,NULL,0,0,0,0,0,0,0,0,0
2026-07-28 12:46:00,ccf-aiops-西安,cr-2,cr,ens3,NULL,150.75555555555553,114.22222222222221,1.2444444444444442,0.5555555555555555,0,0,0,0,0
2026-07-28 12:46:00,ccf-aiops-西安,cr-2,cr,ens4,backbone,3806.555555555555,1034.0444444444445,6.088888888888889,8.955555555555554,0,0,0,0,0
2026-07-28 12:46:00,ccf-aiops-西安,cr-2,cr,ens5,backbone,1161.511111111111,6408.666666666667,10.044444444444444,7.4,0,0,0,0,0
2026-07-28 12:46:00,ccf-aiops-西安,cr-2,cr,ens6,NULL,0,0,0,0,0,0,0,0,0
2026-07-28 12:46:00,ccf-aiops-西安,cr-2,cr,ens7,NULL,0,0,0,0,0,0,0,0,0
2026-07-28 12:46:00,ccf-aiops-西安,cr-2,cr,ens8,NULL,0,0,0,0,0,0,0,0,0
2026-07-28 12:46:00,ccf-aiops-西安,cr-2,cr,ens9,NULL,0,0,0,0,0,0,0,0,0
2026-07-28 12:46:00,ccf-aiops-西安,fw,firewall,ens3,NULL,135.42222222222222,68.93333333333334,1.5111111111111108,0.6888888888888888,0,0,0,0,0
2026-07-28 12:46:00,ccf-aiops-西安,fw,firewall,ens4,backbone,9569.288888888888,1453.1555555555556,13.844444444444443,12.444444444444445,0,0,0,0,0
2026-07-28 12:46:00,ccf-aiops-西安,fw,firewall,ens5,business,1560.4666666666667,10700.044444444444,13.244444444444444,13.8,0,0,0,0,0
2026-07-28 12:46:00,ccf-aiops-西安,fw,firewall,ens6,NULL,0,0,0,0,0,0,0,0,0
2026-07-28 12:46:00,ccf-aiops-西安,monitor-vm,collector,ens3,NULL,226.2222222222222,130.35555555555555,2.4,0.9777777777777777,0,0,0,0,0
2026-07-28 12:46:00,ccf-aiops-西安,monitor-vm,collector,ens4,mgmt,28410.977777777774,991.8888888888888,10.91111111111111,8.644444444444444,0,0,0,0,0
2026-07-28 12:46:00,ccf-aiops-西安,monitor-vm,collector,ens5,NULL,0,0,0,0,0,0,0,0,0
2026-07-28 12:46:00,ccf-aiops-西安,monitor-vm,collector,ens6,NULL,0,0,0,0,0,0,0,0,0
2026-07-28 12:46:00,ccf-aiops-西安,probe-vm,probe,ens3,NULL,103.2513278663022,62.35971286974687,1.0667377825188347,0.31113185323466014,0,0,0,0,0
2026-07-28 12:46:00,ccf-aiops-西安,probe-vm,probe,ens4,business,86.3168655688157,1167.3444896326423,0.6222637064693203,0.26668444562970867,0,0,0,0,0
2026-07-28 12:46:00,ccf-aiops-西安,probe-vm,probe,ens5,NULL,0,0,0,0,0,0,0,0,0
2026-07-28 12:46:00,ccf-aiops-西安,probe-vm,probe,ens6,NULL,0,0,0,0,0,0,0,0,0
2026-07-28 12:46:00,ccf-aiops-西安,service-vm-1,service,ens3,NULL,166.2222222222222,96.35555555555555,1.7555555555555555,0.6444444444444444,0,0,0,0,0
2026-07-28 12:46:00,ccf-aiops-西安,service-vm-1,service,ens4,service,130,1190.8666666666666,1.0666666666666667,0.4,0,0,0,0,0
2026-07-28 12:46:00,ccf-aiops-西安,service-vm-1,service,ens5,NULL,0,0,0,0,0,0,0,0,0
2026-07-28 12:46:00,ccf-aiops-西安,service-vm-1,service,ens6,NULL,0,0,0,0,0,0,0,0,0
2026-07-28 12:46:00,ccf-aiops-西安,service-vm-2,service,ens3,NULL,65.91111111111111,62.35555555555555,0.4444444444444444,0.31111111111111106,0,0,0,0,0
2026-07-28 12:46:00,ccf-aiops-西安,service-vm-2,service,ens4,service,111.15555555555555,1170.2222222222222,0.8444444444444444,0.28888888888888886,0,0,0,0,0
2026-07-28 12:46:00,ccf-aiops-西安,service-vm-2,service,ens5,NULL,0,0,0,0,0,0,0,0,0
2026-07-28 12:46:00,ccf-aiops-西安,service-vm-2,service,ens6,NULL,0,0,0,0,0,0,0,0,0
2026-07-28 12:46:00,ccf-aiops-西安,service-vm-3,service,ens3,NULL,66.13333333333334,59.95555555555555,0.4444444444444444,0.26666666666666666,0,0,0,0,0
2026-07-28 12:46:00,ccf-aiops-西安,service-vm-3,service,ens4,service,118.53333333333333,1179.4444444444443,0.9333333333333333,0.4,0,0,0,0,0
2026-07-28 12:46:00,ccf-aiops-西安,service-vm-3,service,ens5,NULL,0,0,0,0,0,0,0,0,0
2026-07-28 12:46:00,ccf-aiops-西安,service-vm-3,service,ens6,NULL,0,0,0,0,0,0,0,0,0
2026-07-28 12:46:00,ccf-aiops-西安,traffic-vm,traffic,ens3,NULL,231.5555555555556,130.35555555555555,2.4888888888888885,0.9777777777777777,0,0,0,0,0
2026-07-28 12:46:00,ccf-aiops-西安,traffic-vm,traffic,ens4,business,1392.377777777778,14846.688888888888,9.622222222222222,9.777777777777777,0,0,0,0,0
2026-07-28 12:46:00,ccf-aiops-西安,traffic-vm,traffic,ens5,NULL,0,0,0,0,0,0,0,0,0
2026-07-28 12:46:00,ccf-aiops-西安,traffic-vm,traffic,ens6,NULL,0,0,0,0,0,0,0,0,0
2026-07-28 12:47:00,ccf-aiops-西安,br-1,br,ens10,NULL,0,0,0,0,0,0,0,0,0
2026-07-28 12:47:00,ccf-aiops-西安,br-1,br,ens11,NULL,0,0,0,0,0,0,0,0,0
2026-07-28 12:47:00,ccf-aiops-西安,br-1,br,ens12,NULL,0,0,0,0,0,0,0,0,0
2026-07-28 12:47:00,ccf-aiops-西安,br-1,br,ens3,NULL,240.44444444444443,102.93333333333334,2.7777777777777777,1.0222222222222221,0,0,0,0,0
2026-07-28 12:47:00,ccf-aiops-西安,br-1,br,ens4,backbone,443.8666666666667,325.08888888888885,3.5777777777777775,2.933333333333333,0,0,0,0,0
2026-07-28 12:47:00,ccf-aiops-西安,br-1,br,ens5,backbone,460.3111111111111,2479.155555555555,4.066666666666666,4.133333333333334,0,0,0,0,0
2026-07-28 12:47:00,ccf-aiops-西安,br-1,br,ens6,NULL,0,0,0,0,0,0,0,0,0
2026-07-28 12:47:00,ccf-aiops-西安,br-1,br,ens7,NULL,0,0,0,0,0,0,0,0,0
2026-07-28 12:47:00,ccf-aiops-西安,br-1,br,ens8,NULL,0,0,0,0,0,0,0,0,0
2026-07-28 12:47:00,ccf-aiops-西安,br-1,br,ens9,NULL,0,0,0,0,0,0,0,0,0
2026-07-28 12:47:00,ccf-aiops-西安,br-2,br,ens10,NULL,0,0,0,0,0,0,0,0,0
2026-07-28 12:47:00,ccf-aiops-西安,br-2,br,ens11,NULL,0,0,0,0,0,0,0,0,0
2026-07-28 12:47:00,ccf-aiops-西安,br-2,br,ens12,NULL,0,0,0,0,0,0,0,0,0
2026-07-28 12:47:00,ccf-aiops-西安,br-2,br,ens3,NULL,68.04444444444444,0,0.8222222222222222,0,0.04444444444444444,0,0,0,0
2026-07-28 12:47:00,ccf-aiops-西安,br-2,br,ens4,backbone,352.08888888888885,231.17777777777778,2.6,2.1333333333333333,0,0,0,0,0
2026-07-28 12:47:00,ccf-aiops-西安,br-2,br,ens5,backbone,373.9111111111111,2533.155555555555,3.311111111111111,3.222222222222222,0,0,0,0,0
2026-07-28 12:47:00,ccf-aiops-西安,br-2,br,ens6,NULL,0,0,0,0,0,0,0,0,0
2026-07-28 12:47:00,ccf-aiops-西安,br-2,br,ens7,NULL,0,0,0,0,0,0,0,0,0
2026-07-28 12:47:00,ccf-aiops-西安,br-2,br,ens8,NULL,0,0,0,0,0,0,0,0,0
2026-07-28 12:47:00,ccf-aiops-西安,br-2,br,ens9,NULL,0,0,0,0,0,0,0,0,0
2026-07-28 12:47:00,ccf-aiops-西安,cr-1,cr,ens10,NULL,0,0,0,0,0,0,0,0,0
2026-07-28 12:47:00,ccf-aiops-西安,cr-1,cr,ens11,NULL,0,0,0,0,0,0,0,0,0
2026-07-28 12:47:00,ccf-aiops-西安,cr-1,cr,ens12,NULL,0,0,0,0,0,0,0,0,0
2026-07-28 12:47:00,ccf-aiops-西安,cr-1,cr,ens3,NULL,160.4,114.22222222222221,1.2666666666666666,0.5555555555555555,0,0,0,0,0
2026-07-28 12:47:00,ccf-aiops-西安,cr-1,cr,ens4,backbone,1514.7333333333333,162.33333333333334,2.911111111111111,1.4444444444444442,0,0,0,0,0
2026-07-28 12:47:00,ccf-aiops-西安,cr-1,cr,ens5,backbone,480,3600.7111111111108,4.155555555555555,5.333333333333333,0,0,0,0,0
2026-07-28 12:47:00,ccf-aiops-西安,cr-1,cr,ens6,NULL,0,0,0,0,0,0,0,0,0
2026-07-28 12:47:00,ccf-aiops-西安,cr-1,cr,ens7,NULL,0,0,0,0,0,0,0,0,0
2026-07-28 12:47:00,ccf-aiops-西安,cr-1,cr,ens8,NULL,0,0,0,0,0,0,0,0,0
2026-07-28 12:47:00,ccf-aiops-西安,cr-1,cr,ens9,NULL,0,0,0,0,0,0,0,0,0
2026-07-28 12:47:00,ccf-aiops-西安,cr-2,cr,ens10,NULL,0,0,0,0,0,0,0,0,0
2026-07-28 12:47:00,ccf-aiops-西安,cr-2,cr,ens11,NULL,0,0,0,0,0,0,0,0,0
2026-07-28 12:47:00,ccf-aiops-西安,cr-2,cr,ens12,NULL,0,0,0,0,0,0,0,0,0
2026-07-28 12:47:00,ccf-aiops-西安,cr-2,cr,ens3,NULL,54.71111111111111,0,0.7333333333333333,0,0,0,0,0,0
2026-07-28 12:47:00,ccf-aiops-西安,cr-2,cr,ens4,backbone,3577.6666666666665,568.311111111111,4.6,5.022222222222222,0,0,0,0,0
2026-07-28 12:47:00,ccf-aiops-西安,cr-2,cr,ens5,backbone,675.8666666666667,6001,5.888888888888888,5.733333333333333,0,0,0,0,0
2026-07-28 12:47:00,ccf-aiops-西安,cr-2,cr,ens6,NULL,0,0,0,0,0,0,0,0,0
2026-07-28 12:47:00,ccf-aiops-西安,cr-2,cr,ens7,NULL,0,0,0,0,0,0,0,0,0
2026-07-28 12:47:00,ccf-aiops-西安,cr-2,cr,ens8,NULL,0,0,0,0,0,0,0,0,0
2026-07-28 12:47:00,ccf-aiops-西安,cr-2,cr,ens9,NULL,0,0,0,0,0,0,0,0,0
2026-07-28 12:47:00,ccf-aiops-西安,fw,firewall,ens3,NULL,144.75555555555553,68.93333333333334,1.5333333333333334,0.6888888888888888,0,0,0,0,0
2026-07-28 12:47:00,ccf-aiops-西安,fw,firewall,ens4,backbone,9164.71111111111,1033.3777777777777,10.755555555555555,8.933333333333334,0,0,0,0,0
2026-07-28 12:47:00,ccf-aiops-西安,fw,firewall,ens5,business,1128.6,10299.22222222222,9.533333333333333,10.755555555555555,0,0,0,0,0
2026-07-28 12:47:00,ccf-aiops-西安,fw,firewall,ens6,NULL,0,0,0,0,0,0,0,0,0
2026-07-28 12:47:00,ccf-aiops-西安,monitor-vm,collector,ens3,NULL,228.17777777777778,128.08888888888887,2.3333333333333335,0.9555555555555555,0,0,0,0,0
2026-07-28 12:47:00,ccf-aiops-西安,monitor-vm,collector,ens4,mgmt,29057.977777777774,978.2444444444444,11.288888888888888,8.488888888888889,0,0,0,0,0
2026-07-28 12:47:00,ccf-aiops-西安,monitor-vm,collector,ens5,NULL,0,0,0,0,0,0,0,0,0
2026-07-28 12:47:00,ccf-aiops-西安,monitor-vm,collector,ens6,NULL,0,0,0,0,0,0,0,0,0
2026-07-28 12:47:00,ccf-aiops-西安,probe-vm,probe,ens3,NULL,111.55555555555556,62.35555555555555,1.0666666666666667,0.31111111111111106,0,0,0,0,0
2026-07-28 12:47:00,ccf-aiops-西安,probe-vm,probe,ens4,business,105.15555555555555,1172.622222222222,0.7777777777777778,0.3333333333333333,0,0,0,0,0
2026-07-28 12:47:00,ccf-aiops-西安,probe-vm,probe,ens5,NULL,0,0,0,0,0,0,0,0,0
2026-07-28 12:47:00,ccf-aiops-西安,probe-vm,probe,ens6,NULL,0,0,0,0,0,0,0,0,0
2026-07-28 12:47:00,ccf-aiops-西安,service-vm-1,service,ens3,NULL,179.86666666666667,96.35555555555555,1.8444444444444443,0.6444444444444444,0,0,0,0,0
2026-07-28 12:47:00,ccf-aiops-西安,service-vm-1,service,ens4,service,110.62222222222222,1187.2888888888888,0.7777777777777778,0.3777777777777777,0,0,0,0,0
2026-07-28 12:47:00,ccf-aiops-西安,service-vm-1,service,ens5,NULL,0,0,0,0,0,0,0,0,0
2026-07-28 12:47:00,ccf-aiops-西安,service-vm-1,service,ens6,NULL,0,0,0,0,0,0,0,0,0
2026-07-28 12:47:00,ccf-aiops-西安,service-vm-2,service,ens3,NULL,127.06666666666666,122.84444444444443,0.711111111111111,0.5777777777777777,0,0,0,0,0
2026-07-28 12:47:00,ccf-aiops-西安,service-vm-2,service,ens4,service,89.6,1168.5777777777776,0.5333333333333333,0.26666666666666666,0,0,0,0,0
2026-07-28 12:47:00,ccf-aiops-西安,service-vm-2,service,ens5,NULL,0,0,0,0,0,0,0,0,0
2026-07-28 12:47:00,ccf-aiops-西安,service-vm-2,service,ens6,NULL,0,0,0,0,0,0,0,0,0
2026-07-28 12:47:00,ccf-aiops-西安,service-vm-3,service,ens3,NULL,22.4,0,0.2,0,0,0,0,0,0
2026-07-28 12:47:00,ccf-aiops-西安,service-vm-3,service,ens4,service,103.24444444444444,1172.8444444444442,0.7555555555555554,0.3555555555555555,0,0,0,0,0
2026-07-28 12:47:00,ccf-aiops-西安,service-vm-3,service,ens5,NULL,0,0,0,0,0,0,0,0,0
2026-07-28 12:47:00,ccf-aiops-西安,service-vm-3,service,ens6,NULL,0,0,0,0,0,0,0,0,0
2026-07-28 12:47:00,ccf-aiops-西安,traffic-vm,traffic,ens3,NULL,180.04444444444442,68.93333333333334,2.111111111111111,0.6888888888888888,0,0,0,0,0
2026-07-28 12:47:00,ccf-aiops-西安,traffic-vm,traffic,ens4,business,643.3333333333334,14310.8,5.066666666666666,5.266666666666667,0,0,0,0,0
2026-07-28 12:47:00,ccf-aiops-西安,traffic-vm,traffic,ens5,NULL,0,0,0,0,0,0,0,0,0
2026-07-28 12:47:00,ccf-aiops-西安,traffic-vm,traffic,ens6,NULL,0,0,0,0,0,0,0,0,0
2026-07-28 12:48:00,ccf-aiops-西安,br-1,br,ens10,NULL,0,0,0,0,0,0,0,0,0
2026-07-28 12:48:00,ccf-aiops-西安,br-1,br,ens11,NULL,0,0,0,0,0,0,0,0,0
2026-07-28 12:48:00,ccf-aiops-西安,br-1,br,ens12,NULL,0,0,0,0,0,0,0,0,0
2026-07-28 12:48:00,ccf-aiops-西安,br-1,br,ens3,NULL,232.84444444444443,102.93333333333334,2.7777777777777777,1.0222222222222221,0,0,0,0,0
2026-07-28 12:48:00,ccf-aiops-西安,br-1,br,ens4,backbone,205.55555555555554,118.57777777777777,1.7777777777777777,1.111111111111111,0,0,0,0,0
2026-07-28 12:48:00,ccf-aiops-西安,br-1,br,ens5,backbone,272.75555555555553,2124.0222222222224,2.466666666666667,2.422222222222222,0,0,0,0,0
2026-07-28 12:48:00,ccf-aiops-西安,br-1,br,ens6,NULL,0,0,0,0,0,0,0,0,0
2026-07-28 12:48:00,ccf-aiops-西安,br-1,br,ens7,NULL,0,0,0,0,0,0,0,0,0
2026-07-28 12:48:00,ccf-aiops-西安,br-1,br,ens8,NULL,0,0,0,0,0,0,0,0,0
2026-07-28 12:48:00,ccf-aiops-西安,br-1,br,ens9,NULL,0,0,0,0,0,0,0,0,0
2026-07-28 12:48:00,ccf-aiops-西安,br-2,br,ens10,NULL,0,0,0,0,0,0,0,0,0
2026-07-28 12:48:00,ccf-aiops-西安,br-2,br,ens11,NULL,0,0,0,0,0,0,0,0,0
2026-07-28 12:48:00,ccf-aiops-西安,br-2,br,ens12,NULL,0,0,0,0,0,0,0,0,0
2026-07-28 12:48:00,ccf-aiops-西安,br-2,br,ens3,NULL,54.888888888888886,0,0.7555555555555554,0,0.04444444444444444,0,0,0,0
2026-07-28 12:48:00,ccf-aiops-西安,br-2,br,ens4,backbone,258.84444444444443,164.88888888888886,2.022222222222222,1.5777777777777777,0,0,0,0,0
2026-07-28 12:48:00,ccf-aiops-西安,br-2,br,ens5,backbone,310.4222222222222,2241.2,2.7777777777777777,2.622222222222222,0,0,0,0,0
2026-07-28 12:48:00,ccf-aiops-西安,br-2,br,ens6,NULL,0,0,0,0,0,0,0,0,0
2026-07-28 12:48:00,ccf-aiops-西安,br-2,br,ens7,NULL,0,0,0,0,0,0,0,0,0
2026-07-28 12:48:00,ccf-aiops-西安,br-2,br,ens8,NULL,0,0,0,0,0,0,0,0,0
2026-07-28 12:48:00,ccf-aiops-西安,br-2,br,ens9,NULL,0,0,0,0,0,0,0,0,0
2026-07-28 12:48:00,ccf-aiops-西安,cr-1,cr,ens10,NULL,0,0,0,0,0,0,0,0,0
2026-07-28 12:48:00,ccf-aiops-西安,cr-1,cr,ens11,NULL,0,0,0,0,0,0,0,0,0
2026-07-28 12:48:00,ccf-aiops-西安,cr-1,cr,ens12,NULL,0,0,0,0,0,0,0,0,0
2026-07-28 12:48:00,ccf-aiops-西安,cr-1,cr,ens3,NULL,44.222222222222214,0,0.711111111111111,0,0,0,0,0,0
2026-07-28 12:48:00,ccf-aiops-西安,cr-1,cr,ens4,backbone,1111.8,166.68888888888887,2.6888888888888887,1.4888888888888887,0,0,0,0,0
2026-07-28 12:48:00,ccf-aiops-西安,cr-1,cr,ens5,backbone,429.8666666666667,3045.422222222222,3.755555555555555,4.51111111111111,0,0,0,0,0
2026-07-28 12:48:00,ccf-aiops-西安,cr-1,cr,ens6,NULL,0,0,0,0,0,0,0,0,0
2026-07-28 12:48:00,ccf-aiops-西安,cr-1,cr,ens7,NULL,0,0,0,0,0,0,0,0,0
2026-07-28 12:48:00,ccf-aiops-西安,cr-1,cr,ens8,NULL,0,0,0,0,0,0,0,0,0
2026-07-28 12:48:00,ccf-aiops-西安,cr-1,cr,ens9,NULL,0,0,0,0,0,0,0,0,0
2026-07-28 12:48:00,ccf-aiops-西安,cr-2,cr,ens10,NULL,0,0,0,0,0,0,0,0,0
2026-07-28 12:48:00,ccf-aiops-西安,cr-2,cr,ens11,NULL,0,0,0,0,0,0,0,0,0
2026-07-28 12:48:00,ccf-aiops-西安,cr-2,cr,ens12,NULL,0,0,0,0,0,0,0,0,0
2026-07-28 12:48:00,ccf-aiops-西安,cr-2,cr,ens3,NULL,42.888888888888886,0.9333333333333333,0.6888888888888888,0.02222222222222222,0,0,0,0,0
2026-07-28 12:48:00,ccf-aiops-西安,cr-2,cr,ens4,backbone,3452.244444444444,447.73333333333335,3.844444444444444,4.022222222222222,0,0,0,0,0
2026-07-28 12:48:00,ccf-aiops-西安,cr-2,cr,ens5,backbone,566.311111111111,5617.355555555555,5.022222222222222,4.844444444444444,0,0,0,0,0
2026-07-28 12:48:00,ccf-aiops-西安,cr-2,cr,ens6,NULL,0,0,0,0,0,0,0,0,0
2026-07-28 12:48:00,ccf-aiops-西安,cr-2,cr,ens7,NULL,0,0,0,0,0,0,0,0,0
2026-07-28 12:48:00,ccf-aiops-西安,cr-2,cr,ens8,NULL,0,0,0,0,0,0,0,0,0
2026-07-28 12:48:00,ccf-aiops-西安,cr-2,cr,ens9,NULL,0,0,0,0,0,0,0,0,0
2026-07-28 12:48:00,ccf-aiops-西安,fw,firewall,ens3,NULL,178,128.08888888888887,1.6444444444444444,0.9555555555555555,0,0,0,0,0
2026-07-28 12:48:00,ccf-aiops-西安,fw,firewall,ens4,backbone,8224.266666666666,788.0444444444444,8.133333333333333,6.9111111111111105,0,0,0,0,0
2026-07-28 12:48:00,ccf-aiops-西安,fw,firewall,ens5,business,896.8222222222222,9359.62222222222,7.666666666666667,8.133333333333333,0,0,0,0,0
2026-07-28 12:48:00,ccf-aiops-西安,fw,firewall,ens6,NULL,0,0,0,0,0,0,0,0,0
2026-07-28 12:48:00,ccf-aiops-西安,monitor-vm,collector,ens3,NULL,226,128.88888888888889,2.4,0.9555555555555555,0,0,0,0,0
2026-07-28 12:48:00,ccf-aiops-西安,monitor-vm,collector,ens4,mgmt,27957.755555555555,1000.0666666666667,10.577777777777778,8.733333333333333,0,0,0,0,0
2026-07-28 12:48:00,ccf-aiops-西安,monitor-vm,collector,ens5,NULL,0,0,0,0,0,0,0,0,0
2026-07-28 12:48:00,ccf-aiops-西安,monitor-vm,collector,ens6,NULL,0,0,0,0,0,0,0,0,0
2026-07-28 12:48:00,ccf-aiops-西安,probe-vm,probe,ens3,NULL,45.55555555555555,0,0.7333333333333333,0,0,0,0,0,0
2026-07-28 12:48:00,ccf-aiops-西安,probe-vm,probe,ens4,business,99.68888888888888,1171.711111111111,0.711111111111111,0.3333333333333333,0,0,0,0,0
2026-07-28 12:48:00,ccf-aiops-西安,probe-vm,probe,ens5,NULL,0,0,0,0,0,0,0,0,0
2026-07-28 12:48:00,ccf-aiops-西安,probe-vm,probe,ens6,NULL,0,0,0,0,0,0,0,0,0
2026-07-28 12:48:00,ccf-aiops-西安,service-vm-1,service,ens3,NULL,158.7111111111111,95.42222222222222,1.6444444444444444,0.6222222222222221,0,0,0,0,0
2026-07-28 12:48:00,ccf-aiops-西安,service-vm-1,service,ens4,service,136,1188.5555555555554,1.0666666666666667,0.4,0,0,0,0,0
2026-07-28 12:48:00,ccf-aiops-西安,service-vm-1,service,ens5,NULL,0,0,0,0,0,0,0,0,0
2026-07-28 12:48:00,ccf-aiops-西安,service-vm-1,service,ens6,NULL,0,0,0,0,0,0,0,0,0
2026-07-28 12:48:00,ccf-aiops-西安,service-vm-2,service,ens3,NULL,4.933333333333334,0,0.06666666666666667,0,0,0,0,0,0
2026-07-28 12:48:00,ccf-aiops-西安,service-vm-2,service,ens4,service,103.5111111111111,1169.1555555555556,0.6888888888888888,0.26666666666666666,0,0,0,0,0
2026-07-28 12:48:00,ccf-aiops-西安,service-vm-2,service,ens5,NULL,0,0,0,0,0,0,0,0,0
2026-07-28 12:48:00,ccf-aiops-西安,service-vm-2,service,ens6,NULL,0,0,0,0,0,0,0,0,0
2026-07-28 12:48:00,ccf-aiops-西安,service-vm-3,service,ens3,NULL,58.8,60.888888888888886,0.3555555555555555,0.28888888888888886,0,0,0,0,0
2026-07-28 12:48:00,ccf-aiops-西安,service-vm-3,service,ens4,service,114.7111111111111,1178.1333333333334,0.8888888888888888,0.4,0,0,0,0,0
2026-07-28 12:48:00,ccf-aiops-西安,service-vm-3,service,ens5,NULL,0,0,0,0,0,0,0,0,0
2026-07-28 12:48:00,ccf-aiops-西安,service-vm-3,service,ens6,NULL,0,0,0,0,0,0,0,0,0
2026-07-28 12:48:00,ccf-aiops-西安,traffic-vm,traffic,ens3,NULL,221.37777777777777,130.35555555555555,2.3333333333333335,0.9777777777777777,0,0,0,0,0
2026-07-28 12:48:00,ccf-aiops-西安,traffic-vm,traffic,ens4,business,616.1333333333333,14266.02222222222,4.733333333333333,4.9111111111111105,0,0,0,0,0
2026-07-28 12:48:00,ccf-aiops-西安,traffic-vm,traffic,ens5,NULL,0,0,0,0,0,0,0,0,0
2026-07-28 12:48:00,ccf-aiops-西安,traffic-vm,traffic,ens6,NULL,0,0,0,0,0,0,0,0,0
2026-07-28 12:49:00,ccf-aiops-西安,br-1,br,ens10,NULL,0,0,0,0,0,0,0,0,0
2026-07-28 12:49:00,ccf-aiops-西安,br-1,br,ens11,NULL,0,0,0,0,0,0,0,0,0
2026-07-28 12:49:00,ccf-aiops-西安,br-1,br,ens12,NULL,0,0,0,0,0,0,0,0,0
2026-07-28 12:49:00,ccf-aiops-西安,br-1,br,ens3,NULL,273.1111111111111,102.93333333333334,3.2666666666666666,1.0222222222222221,0,0,0,0,0
2026-07-28 12:49:00,ccf-aiops-西安,br-1,br,ens4,backbone,837.6888888888888,675.9555555555555,6.088888888888889,5.822222222222222,0,0,0,0,0
2026-07-28 12:49:00,ccf-aiops-西安,br-1,br,ens5,backbone,822.7111111111111,2647.8,7.044444444444443,6.466666666666667,0,0,0,0,0
2026-07-28 12:49:00,ccf-aiops-西安,br-1,br,ens6,NULL,0,0,0,0,0,0,0,0,0
2026-07-28 12:49:00,ccf-aiops-西安,br-1,br,ens7,NULL,0,0,0,0,0,0,0,0,0
2026-07-28 12:49:00,ccf-aiops-西安,br-1,br,ens8,NULL,0,0,0,0,0,0,0,0,0
2026-07-28 12:49:00,ccf-aiops-西安,br-1,br,ens9,NULL,0,0,0,0,0,0,0,0,0
2026-07-28 12:49:00,ccf-aiops-西安,br-2,br,ens10,NULL,0,0,0,0,0,0,0,0,0
2026-07-28 12:49:00,ccf-aiops-西安,br-2,br,ens11,NULL,0,0,0,0,0,0,0,0,0
2026-07-28 12:49:00,ccf-aiops-西安,br-2,br,ens12,NULL,0,0,0,0,0,0,0,0,0
2026-07-28 12:49:00,ccf-aiops-西安,br-2,br,ens3,NULL,202.8,114.22222222222221,1.8,0.5555555555555555,0.04444444444444444,0,0,0,0
2026-07-28 12:49:00,ccf-aiops-西安,br-2,br,ens4,backbone,961.9555555555555,690.311111111111,6.71111111111111,6.2,0,0,0,0,0
2026-07-28 12:49:00,ccf-aiops-西安,br-2,br,ens5,backbone,835.9333333333333,2846.9333333333334,7.377777777777777,7.311111111111111,0,0,0,0,0
2026-07-28 12:49:00,ccf-aiops-西安,br-2,br,ens6,NULL,0,0,0,0,0,0,0,0,0
2026-07-28 12:49:00,ccf-aiops-西安,br-2,br,ens7,NULL,0,0,0,0,0,0,0,0,0
2026-07-28 12:49:00,ccf-aiops-西安,br-2,br,ens8,NULL,0,0,0,0,0,0,0,0,0
2026-07-28 12:49:00,ccf-aiops-西安,br-2,br,ens9,NULL,0,0,0,0,0,0,0,0,0
2026-07-28 12:49:00,ccf-aiops-西安,cr-1,cr,ens10,NULL,0,0,0,0,0,0,0,0,0
2026-07-28 12:49:00,ccf-aiops-西安,cr-1,cr,ens11,NULL,0,0,0,0,0,0,0,0,0
2026-07-28 12:49:00,ccf-aiops-西安,cr-1,cr,ens12,NULL,0,0,0,0,0,0,0,0,0
2026-07-28 12:49:00,ccf-aiops-西安,cr-1,cr,ens3,NULL,90.35555555555555,0,1.2888888888888888,0,0,0,0,0,0
2026-07-28 12:49:00,ccf-aiops-西安,cr-1,cr,ens4,backbone,1466.1555555555556,169.8,5.977777777777777,1.5333333333333334,0,0,0,0,0
2026-07-28 12:49:00,ccf-aiops-西安,cr-1,cr,ens5,backbone,916.8222222222222,3799.866666666667,7.955555555555555,11.91111111111111,0,0,0,0,0
2026-07-28 12:49:00,ccf-aiops-西安,cr-1,cr,ens6,NULL,0,0,0,0,0,0,0,0,0
2026-07-28 12:49:00,ccf-aiops-西安,cr-1,cr,ens7,NULL,0,0,0,0,0,0,0,0,0
2026-07-28 12:49:00,ccf-aiops-西安,cr-1,cr,ens8,NULL,0,0,0,0,0,0,0,0,0
2026-07-28 12:49:00,ccf-aiops-西安,cr-1,cr,ens9,NULL,0,0,0,0,0,0,0,0,0
2026-07-28 12:49:00,ccf-aiops-西安,cr-2,cr,ens10,NULL,0,0,0,0,0,0,0,0,0
2026-07-28 12:49:00,ccf-aiops-西安,cr-2,cr,ens11,NULL,0,0,0,0,0,0,0,0,0
2026-07-28 12:49:00,ccf-aiops-西安,cr-2,cr,ens12,NULL,0,0,0,0,0,0,0,0,0
2026-07-28 12:49:00,ccf-aiops-西安,cr-2,cr,ens3,NULL,89.1111111111111,0,1.2666666666666666,0,0,0,0,0,0
2026-07-28 12:49:00,ccf-aiops-西安,cr-2,cr,ens4,backbone,4035.8,1386.7555555555555,7.9111111111111105,12.000000000000002,0,0,0,0,0
2026-07-28 12:49:00,ccf-aiops-西安,cr-2,cr,ens5,backbone,1511.1555555555556,6138.31111111111,13.066666666666666,8.97777777777778,0,0,0,0,0
2026-07-28 12:49:00,ccf-aiops-西安,cr-2,cr,ens6,NULL,0,0,0,0,0,0,0,0,0
2026-07-28 12:49:00,ccf-aiops-西安,cr-2,cr,ens7,NULL,0,0,0,0,0,0,0,0,0
2026-07-28 12:49:00,ccf-aiops-西安,cr-2,cr,ens8,NULL,0,0,0,0,0,0,0,0,0
2026-07-28 12:49:00,ccf-aiops-西安,cr-2,cr,ens9,NULL,0,0,0,0,0,0,0,0,0
2026-07-28 12:49:00,ccf-aiops-西安,fw,firewall,ens3,NULL,166.04444444444442,66.66666666666667,1.8666666666666667,0.6666666666666666,0,0,0,0,0
2026-07-28 12:49:00,ccf-aiops-西安,fw,firewall,ens4,backbone,9303.555555555555,1841.6666666666667,16.82222222222222,15.91111111111111,0,0,0,0,0
2026-07-28 12:49:00,ccf-aiops-西安,fw,firewall,ens5,business,1936.888888888889,10436.644444444444,16.51111111111111,16.8,0,0,0,0,0
2026-07-28 12:49:00,ccf-aiops-西安,fw,firewall,ens6,NULL,0,0,0,0,0,0,0,0,0
2026-07-28 12:49:00,ccf-aiops-西安,monitor-vm,collector,ens3,NULL,264.7111111111111,130.35555555555555,2.8666666666666667,0.9777777777777777,0,0,0,0,0
2026-07-28 12:49:00,ccf-aiops-西安,monitor-vm,collector,ens4,mgmt,27638.955555555553,995.9777777777778,10.355555555555554,8.688888888888888,0,0,0,0,0
2026-07-28 12:49:00,ccf-aiops-西安,monitor-vm,collector,ens5,NULL,0,0,0,0,0,0,0,0,0
2026-07-28 12:49:00,ccf-aiops-西安,monitor-vm,collector,ens6,NULL,0,0,0,0,0,0,0,0,0
2026-07-28 12:49:00,ccf-aiops-西安,probe-vm,probe,ens3,NULL,194.8,123.77777777777777,1.8,0.6,0,0,0,0,0
2026-07-28 12:49:00,ccf-aiops-西安,probe-vm,probe,ens4,business,107.33333333333333,1175.4888888888888,0.8,0.3777777777777777,0,0,0,0,0
2026-07-28 12:49:00,ccf-aiops-西安,probe-vm,probe,ens5,NULL,0,0,0,0,0,0,0,0,0
2026-07-28 12:49:00,ccf-aiops-西安,probe-vm,probe,ens6,NULL,0,0,0,0,0,0,0,0,0
2026-07-28 12:49:00,ccf-aiops-西安,service-vm-1,service,ens3,NULL,206.26666666666668,94.88888888888889,2.2444444444444445,0.6222222222222221,0,0,0,0,0
2026-07-28 12:49:00,ccf-aiops-西安,service-vm-1,service,ens4,service,122.08888888888889,1189.4888888888888,0.9111111111111111,0.4,0,0,0,0,0
2026-07-28 12:49:00,ccf-aiops-西安,service-vm-1,service,ens5,NULL,0,0,0,0,0,0,0,0,0
2026-07-28 12:49:00,ccf-aiops-西安,service-vm-1,service,ens6,NULL,0,0,0,0,0,0,0,0,0
2026-07-28 12:49:00,ccf-aiops-西安,service-vm-2,service,ens3,NULL,100.62222222222222,62.35555555555555,0.8444444444444444,0.31111111111111106,0,0,0,0,0
2026-07-28 12:49:00,ccf-aiops-西安,service-vm-2,service,ens4,service,87.68888888888888,1167.911111111111,0.5111111111111111,0.26666666666666666,0,0,0,0,0
2026-07-28 12:49:00,ccf-aiops-西安,service-vm-2,service,ens5,NULL,0,0,0,0,0,0,0,0,0
2026-07-28 12:49:00,ccf-aiops-西安,service-vm-2,service,ens6,NULL,0,0,0,0,0,0,0,0,0
2026-07-28 12:49:00,ccf-aiops-西安,service-vm-3,service,ens3,NULL,99.2,62.35555555555555,0.8222222222222222,0.31111111111111106,0,0,0,0,0
2026-07-28 12:49:00,ccf-aiops-西安,service-vm-3,service,ens4,service,105.42222222222222,1174.2,0.7777777777777778,0.3555555555555555,0,0,0,0,0
2026-07-28 12:49:00,ccf-aiops-西安,service-vm-3,service,ens5,NULL,0,0,0,0,0,0,0,0,0
2026-07-28 12:49:00,ccf-aiops-西安,service-vm-3,service,ens6,NULL,0,0,0,0,0,0,0,0,0
2026-07-28 12:49:00,ccf-aiops-西安,traffic-vm,traffic,ens3,NULL,271.73333333333335,130.35555555555555,2.9777777777777774,0.9777777777777777,0,0,0,0,0
2026-07-28 12:49:00,ccf-aiops-西安,traffic-vm,traffic,ens4,business,1662.0666666666666,15118.266666666666,11.933333333333334,12.222222222222221,0,0,0,0,0
2026-07-28 12:49:00,ccf-aiops-西安,traffic-vm,traffic,ens5,NULL,0,0,0,0,0,0,0,0,0
2026-07-28 12:49:00,ccf-aiops-西安,traffic-vm,traffic,ens6,NULL,0,0,0,0,0,0,0,0,0
2026-07-28 12:50:00,ccf-aiops-西安,br-1,br,ens10,NULL,0,0,0,0,0,0,0,0,0
2026-07-28 12:50:00,ccf-aiops-西安,br-1,br,ens11,NULL,0,0,0,0,0,0,0,0,0
2026-07-28 12:50:00,ccf-aiops-西安,br-1,br,ens12,NULL,0,0,0,0,0,0,0,0,0
2026-07-28 12:50:00,ccf-aiops-西安,br-1,br,ens3,NULL,255.8222222222222,102.93333333333334,3.0444444444444443,1.0222222222222221,0,0,0,0,0
2026-07-28 12:50:00,ccf-aiops-西安,br-1,br,ens4,backbone,321.6222222222222,231.9111111111111,2.6888888888888887,2.1777777777777776,0,0,0,0,0
2026-07-28 12:50:00,ccf-aiops-西安,br-1,br,ens5,backbone,378.5777777777777,2403.9555555555553,3.466666666666667,3.1777777777777776,0,0,0,0,0
2026-07-28 12:50:00,ccf-aiops-西安,br-1,br,ens6,NULL,0,0,0,0,0,0,0,0,0
2026-07-28 12:50:00,ccf-aiops-西安,br-1,br,ens7,NULL,0,0,0,0,0,0,0,0,0
2026-07-28 12:50:00,ccf-aiops-西安,br-1,br,ens8,NULL,0,0,0,0,0,0,0,0,0
2026-07-28 12:50:00,ccf-aiops-西安,br-1,br,ens9,NULL,0,0,0,0,0,0,0,0,0
2026-07-28 12:50:00,ccf-aiops-西安,br-2,br,ens10,NULL,0,0,0,0,0,0,0,0,0
2026-07-28 12:50:00,ccf-aiops-西安,br-2,br,ens11,NULL,0,0,0,0,0,0,0,0,0
2026-07-28 12:50:00,ccf-aiops-西安,br-2,br,ens12,NULL,0,0,0,0,0,0,0,0,0
2026-07-28 12:50:00,ccf-aiops-西安,br-2,br,ens3,NULL,79.24444444444444,0,1.0222222222222221,0,0.04444444444444444,0,0,0,0
2026-07-28 12:50:00,ccf-aiops-西安,br-2,br,ens4,backbone,336.8,207.88888888888886,2.7777777777777777,1.9777777777777776,0,0,0,0,0
2026-07-28 12:50:00,ccf-aiops-西安,br-2,br,ens5,backbone,351.3333333333333,2533.5333333333333,3.1555555555555554,3.355555555555555,0,0,0,0,0
2026-07-28 12:50:00,ccf-aiops-西安,br-2,br,ens6,NULL,0,0,0,0,0,0,0,0,0
2026-07-28 12:50:00,ccf-aiops-西安,br-2,br,ens7,NULL,0,0,0,0,0,0,0,0,0
2026-07-28 12:50:00,ccf-aiops-西安,br-2,br,ens8,NULL,0,0,0,0,0,0,0,0,0
2026-07-28 12:50:00,ccf-aiops-西安,br-2,br,ens9,NULL,0,0,0,0,0,0,0,0,0
2026-07-28 12:50:00,ccf-aiops-西安,cr-1,cr,ens10,NULL,0,0,0,0,0,0,0,0,0
2026-07-28 12:50:00,ccf-aiops-西安,cr-1,cr,ens11,NULL,0,0,0,0,0,0,0,0,0
2026-07-28 12:50:00,ccf-aiops-西安,cr-1,cr,ens12,NULL,0,0,0,0,0,0,0,0,0
2026-07-28 12:50:00,ccf-aiops-西安,cr-1,cr,ens3,NULL,174.26666666666668,114.22222222222221,1.5111111111111108,0.5555555555555555,0,0,0,0,0
2026-07-28 12:50:00,ccf-aiops-西安,cr-1,cr,ens4,backbone,1666.1777777777777,139.33333333333334,3.8,1.2444444444444442,0,0,0,0,0
2026-07-28 12:50:00,ccf-aiops-西安,cr-1,cr,ens5,backbone,466.9555555555555,3857.622222222222,4.155555555555555,6.377777777777777,0,0,0,0,0
2026-07-28 12:50:00,ccf-aiops-西安,cr-1,cr,ens6,NULL,0,0,0,0,0,0,0,0,0
2026-07-28 12:50:00,ccf-aiops-西安,cr-1,cr,ens7,NULL,0,0,0,0,0,0,0,0,0
2026-07-28 12:50:00,ccf-aiops-西安,cr-1,cr,ens8,NULL,0,0,0,0,0,0,0,0,0
2026-07-28 12:50:00,ccf-aiops-西安,cr-1,cr,ens9,NULL,0,0,0,0,0,0,0,0,0
2026-07-28 12:50:00,ccf-aiops-西安,cr-2,cr,ens10,NULL,0,0,0,0,0,0,0,0,0
2026-07-28 12:50:00,ccf-aiops-西安,cr-2,cr,ens11,NULL,0,0,0,0,0,0,0,0,0
2026-07-28 12:50:00,ccf-aiops-西安,cr-2,cr,ens12,NULL,0,0,0,0,0,0,0,0,0
2026-07-28 12:50:00,ccf-aiops-西安,cr-2,cr,ens3,NULL,171.6,114.22222222222221,1.4666666666666666,0.5555555555555555,0,0,0,0,0
2026-07-28 12:50:00,ccf-aiops-西安,cr-2,cr,ens4,backbone,3471.1777777777775,552.3555555555555,4,5.022222222222222,0,0,0,0,0
2026-07-28 12:50:00,ccf-aiops-西安,cr-2,cr,ens5,backbone,675.9555555555555,5935.044444444444,6.088888888888889,5.244444444444444,0,0,0,0,0
2026-07-28 12:50:00,ccf-aiops-西安,cr-2,cr,ens6,NULL,0,0,0,0,0,0,0,0,0
2026-07-28 12:50:00,ccf-aiops-西安,cr-2,cr,ens7,NULL,0,0,0,0,0,0,0,0,0
2026-07-28 12:50:00,ccf-aiops-西安,cr-2,cr,ens8,NULL,0,0,0,0,0,0,0,0,0
2026-07-28 12:50:00,ccf-aiops-西安,cr-2,cr,ens9,NULL,0,0,0,0,0,0,0,0,0
2026-07-28 12:50:00,ccf-aiops-西安,fw,firewall,ens3,NULL,156.13333333333333,68.93333333333334,1.7333333333333334,0.6888888888888888,0,0,0,0,0
2026-07-28 12:50:00,ccf-aiops-西安,fw,firewall,ens4,backbone,9265.577777777777,904.6444444444444,9.91111111111111,8.022222222222222,0,0,0,0,0
2026-07-28 12:50:00,ccf-aiops-西安,fw,firewall,ens5,business,998.4888888888888,10412.644444444444,8.733333333333333,10.066666666666666,0,0,0,0,0
2026-07-28 12:50:00,ccf-aiops-西安,fw,firewall,ens6,NULL,0,0,0,0,0,0,0,0,0
2026-07-28 12:50:00,ccf-aiops-西安,monitor-vm,collector,ens3,NULL,198.8,68.93333333333334,2.444444444444444,0.6888888888888888,0,0,0,0,0
2026-07-28 12:50:00,ccf-aiops-西安,monitor-vm,collector,ens4,mgmt,28897.355555555554,1018.6444444444444,11.266666666666667,8.955555555555554,0,0,0,0,0
2026-07-28 12:50:00,ccf-aiops-西安,monitor-vm,collector,ens5,NULL,0,0,0,0,0,0,0,0,0
2026-07-28 12:50:00,ccf-aiops-西安,monitor-vm,collector,ens6,NULL,0,0,0,0,0,0,0,0,0
2026-07-28 12:50:00,ccf-aiops-西安,probe-vm,probe,ens3,NULL,126.75555555555555,62.35555555555555,1.3333333333333333,0.31111111111111106,0,0,0,0,0
2026-07-28 12:50:00,ccf-aiops-西安,probe-vm,probe,ens4,business,92.04444444444444,1178.5777777777776,0.6888888888888888,0.4,0,0,0,0,0
2026-07-28 12:50:00,ccf-aiops-西安,probe-vm,probe,ens5,NULL,0,0,0,0,0,0,0,0,0
2026-07-28 12:50:00,ccf-aiops-西安,probe-vm,probe,ens6,NULL,0,0,0,0,0,0,0,0,0
2026-07-28 12:50:00,ccf-aiops-西安,service-vm-1,service,ens3,NULL,136.48888888888888,34.13333333333333,1.7777777777777777,0.3555555555555555,0,0,0,0,0
2026-07-28 12:50:00,ccf-aiops-西安,service-vm-1,service,ens4,service,112.7111111111111,1199.5555555555554,0.8,0.5111111111111111,0,0,0,0,0
2026-07-28 12:50:00,ccf-aiops-西安,service-vm-1,service,ens5,NULL,0,0,0,0,0,0,0,0,0
2026-07-28 12:50:00,ccf-aiops-西安,service-vm-1,service,ens6,NULL,0,0,0,0,0,0,0,0,0
2026-07-28 12:50:00,ccf-aiops-西安,service-vm-2,service,ens3,NULL,32.13333333333333,0,0.3777777777777777,0,0,0,0,0,0
2026-07-28 12:50:00,ccf-aiops-西安,service-vm-2,service,ens4,service,90.13333333333334,1180.1333333333334,0.6666666666666666,0.4,0,0,0,0,0
2026-07-28 12:50:00,ccf-aiops-西安,service-vm-2,service,ens5,NULL,0,0,0,0,0,0,0,0,0
2026-07-28 12:50:00,ccf-aiops-西安,service-vm-2,service,ens6,NULL,0,0,0,0,0,0,0,0,0
2026-07-28 12:50:00,ccf-aiops-西安,service-vm-3,service,ens3,NULL,30.533333333333335,0,0.3555555555555555,0,0,0,0,0,0
2026-07-28 12:50:00,ccf-aiops-西安,service-vm-3,service,ens4,service,84.66666666666667,1174.6444444444444,0.6,0.3555555555555555,0,0,0,0,0
2026-07-28 12:50:00,ccf-aiops-西安,service-vm-3,service,ens5,NULL,0,0,0,0,0,0,0,0,0
2026-07-28 12:50:00,ccf-aiops-西安,service-vm-3,service,ens6,NULL,0,0,0,0,0,0,0,0,0
2026-07-28 12:50:00,ccf-aiops-西安,traffic-vm,traffic,ens3,NULL,247.28888888888886,130.35555555555555,2.622222222222222,0.9777777777777777,0,0,0,0,0
2026-07-28 12:50:00,ccf-aiops-西安,traffic-vm,traffic,ens4,business,704.1777777777777,14331.088888888888,5.555555555555555,5.6,0,0,0,0,0
2026-07-28 12:50:00,ccf-aiops-西安,traffic-vm,traffic,ens5,NULL,0,0,0,0,0,0,0,0,0
2026-07-28 12:50:00,ccf-aiops-西安,traffic-vm,traffic,ens6,NULL,0,0,0,0,0,0,0,0,0
2026-07-28 12:51:00,ccf-aiops-西安,br-1,br,ens10,NULL,0,0,0,0,0,0,0,0,0
2026-07-28 12:51:00,ccf-aiops-西安,br-1,br,ens11,NULL,0,0,0,0,0,0,0,0,0
2026-07-28 12:51:00,ccf-aiops-西安,br-1,br,ens12,NULL,0,0,0,0,0,0,0,0,0
2026-07-28 12:51:00,ccf-aiops-西安,br-1,br,ens3,NULL,372.4222222222222,213.95555555555555,3.6444444444444444,1.5333333333333334,0,0,0,0,0
2026-07-28 12:51:00,ccf-aiops-西安,br-1,br,ens4,backbone,229.4222222222222,199.28888888888886,1.7555555555555555,1.8222222222222222,0,0,0,0,0
2026-07-28 12:51:00,ccf-aiops-西安,br-1,br,ens5,backbone,344.22222222222223,2356.5333333333333,3.0888888888888886,2.533333333333333,0,0,0,0,0
2026-07-28 12:51:00,ccf-aiops-西安,br-1,br,ens6,NULL,0,0,0,0,0,0,0,0,0
2026-07-28 12:51:00,ccf-aiops-西安,br-1,br,ens7,NULL,0,0,0,0,0,0,0,0,0
2026-07-28 12:51:00,ccf-aiops-西安,br-1,br,ens8,NULL,0,0,0,0,0,0,0,0,0
2026-07-28 12:51:00,ccf-aiops-西安,br-1,br,ens9,NULL,0,0,0,0,0,0,0,0,0
2026-07-28 12:51:00,ccf-aiops-西安,br-2,br,ens10,NULL,0,0,0,0,0,0,0,0,0
2026-07-28 12:51:00,ccf-aiops-西安,br-2,br,ens11,NULL,0,0,0,0,0,0,0,0,0
2026-07-28 12:51:00,ccf-aiops-西安,br-2,br,ens12,NULL,0,0,0,0,0,0,0,0,0
2026-07-28 12:51:00,ccf-aiops-西安,br-2,br,ens3,NULL,88.93333333333334,10.533333333333333,1.1777777777777776,0.1111111111111111,0.04444444444444444,0,0,0,0
2026-07-28 12:51:00,ccf-aiops-西安,br-2,br,ens4,backbone,340.71111111111105,174.57777777777775,2.533333333333333,1.6222222222222222,0,0,0,0,0
2026-07-28 12:51:00,ccf-aiops-西安,br-2,br,ens5,backbone,316.1111111111111,2430.422222222222,2.7777777777777777,3.1555555555555554,0,0,0,0,0
2026-07-28 12:51:00,ccf-aiops-西安,br-2,br,ens6,NULL,0,0,0,0,0,0,0,0,0
2026-07-28 12:51:00,ccf-aiops-西安,br-2,br,ens7,NULL,0,0,0,0,0,0,0,0,0
2026-07-28 12:51:00,ccf-aiops-西安,br-2,br,ens8,NULL,0,0,0,0,0,0,0,0,0
2026-07-28 12:51:00,ccf-aiops-西安,br-2,br,ens9,NULL,0,0,0,0,0,0,0,0,0
2026-07-28 12:51:00,ccf-aiops-西安,cr-1,cr,ens10,NULL,0,0,0,0,0,0,0,0,0
2026-07-28 12:51:00,ccf-aiops-西安,cr-1,cr,ens11,NULL,0,0,0,0,0,0,0,0,0
2026-07-28 12:51:00,ccf-aiops-西安,cr-1,cr,ens12,NULL,0,0,0,0,0,0,0,0,0
2026-07-28 12:51:00,ccf-aiops-西安,cr-1,cr,ens3,NULL,73.28888888888888,0,1.0666666666666667,0,0,0,0,0,0
2026-07-28 12:51:00,ccf-aiops-西安,cr-1,cr,ens4,backbone,1511.822222222222,124.15555555555555,3.111111111111111,1.1333333333333333,0,0,0,0,0
2026-07-28 12:51:00,ccf-aiops-西安,cr-1,cr,ens5,backbone,410.22222222222223,3611.822222222222,3.6,5.288888888888889,0,0,0,0,0
2026-07-28 12:51:00,ccf-aiops-西安,cr-1,cr,ens6,NULL,0,0,0,0,0,0,0,0,0
2026-07-28 12:51:00,ccf-aiops-西安,cr-1,cr,ens7,NULL,0,0,0,0,0,0,0,0,0
2026-07-28 12:51:00,ccf-aiops-西安,cr-1,cr,ens8,NULL,0,0,0,0,0,0,0,0,0
2026-07-28 12:51:00,ccf-aiops-西安,cr-1,cr,ens9,NULL,0,0,0,0,0,0,0,0,0
2026-07-28 12:51:00,ccf-aiops-西安,cr-2,cr,ens10,NULL,0,0,0,0,0,0,0,0,0
2026-07-28 12:51:00,ccf-aiops-西安,cr-2,cr,ens11,NULL,0,0,0,0,0,0,0,0,0
2026-07-28 12:51:00,ccf-aiops-西安,cr-2,cr,ens12,NULL,0,0,0,0,0,0,0,0,0
2026-07-28 12:51:00,ccf-aiops-西安,cr-2,cr,ens3,NULL,68.17777777777778,0,0.9777777777777777,0,0,0,0,0,0
2026-07-28 12:51:00,ccf-aiops-西安,cr-2,cr,ens4,backbone,3465.6888888888884,493.17777777777775,3.7777777777777777,4.355555555555556,0,0,0,0,0
2026-07-28 12:51:00,ccf-aiops-西安,cr-2,cr,ens5,backbone,626.3333333333334,5915.4,5.533333333333333,5.066666666666667,0,0,0,0,0
2026-07-28 12:51:00,ccf-aiops-西安,cr-2,cr,ens6,NULL,0,0,0,0,0,0,0,0,0
2026-07-28 12:51:00,ccf-aiops-西安,cr-2,cr,ens7,NULL,0,0,0,0,0,0,0,0,0
2026-07-28 12:51:00,ccf-aiops-西安,cr-2,cr,ens8,NULL,0,0,0,0,0,0,0,0,0
2026-07-28 12:51:00,ccf-aiops-西安,cr-2,cr,ens9,NULL,0,0,0,0,0,0,0,0,0
2026-07-28 12:51:00,ccf-aiops-西安,fw,firewall,ens3,NULL,158.6,68.93333333333334,1.6666666666666667,0.6888888888888888,0,0,0,0,0
2026-07-28 12:51:00,ccf-aiops-西安,fw,firewall,ens4,backbone,9150.288888888888,826.9333333333333,8.955555555555554,7.244444444444444,0,0,0,0,0
2026-07-28 12:51:00,ccf-aiops-西安,fw,firewall,ens5,business,909.7555555555555,10293.244444444445,7.822222222222222,9.044444444444444,0,0,0,0,0
2026-07-28 12:51:00,ccf-aiops-西安,fw,firewall,ens6,NULL,0,0,0,0,0,0,0,0,0
2026-07-28 12:51:00,ccf-aiops-西安,monitor-vm,collector,ens3,NULL,263.35555555555555,130.35555555555555,2.7777777777777777,0.9777777777777777,0,0,0,0,0
2026-07-28 12:51:00,ccf-aiops-西安,monitor-vm,collector,ens4,mgmt,28673.44444444444,1023.5333333333333,11.11111111111111,9,0,0,0,0,0
2026-07-28 12:51:00,ccf-aiops-西安,monitor-vm,collector,ens5,NULL,0,0,0,0,0,0,0,0,0
2026-07-28 12:51:00,ccf-aiops-西安,monitor-vm,collector,ens6,NULL,0,0,0,0,0,0,0,0,0
2026-07-28 12:51:00,ccf-aiops-西安,probe-vm,probe,ens3,NULL,74.28888888888888,0,0.9777777777777777,0,0,0,0,0,0
2026-07-28 12:51:00,ccf-aiops-西安,probe-vm,probe,ens4,business,115.15555555555555,1185.6666666666667,0.8888888888888888,0.4888888888888889,0,0,0,0,0
2026-07-28 12:51:00,ccf-aiops-西安,probe-vm,probe,ens5,NULL,0,0,0,0,0,0,0,0,0
2026-07-28 12:51:00,ccf-aiops-西安,probe-vm,probe,ens6,NULL,0,0,0,0,0,0,0,0,0
2026-07-28 12:51:00,ccf-aiops-西安,service-vm-1,service,ens3,NULL,144.24444444444444,35.86666666666667,1.7777777777777777,0.3777777777777777,0,0,0,0,0
2026-07-28 12:51:00,ccf-aiops-西安,service-vm-1,service,ens4,service,116.35555555555555,1188.8444444444442,0.8444444444444444,0.4,0,0,0,0,0
2026-07-28 12:51:00,ccf-aiops-西安,service-vm-1,service,ens5,NULL,0,0,0,0,0,0,0,0,0
2026-07-28 12:51:00,ccf-aiops-西安,service-vm-1,service,ens6,NULL,0,0,0,0,0,0,0,0,0
2026-07-28 12:51:00,ccf-aiops-西安,service-vm-2,service,ens3,NULL,85.8,62.35555555555555,0.5555555555555555,0.31111111111111106,0,0,0,0,0
2026-07-28 12:51:00,ccf-aiops-西安,service-vm-2,service,ens4,service,87.1111111111111,1170.3777777777775,0.6222222222222221,0.28888888888888886,0,0,0,0,0
2026-07-28 12:51:00,ccf-aiops-西安,service-vm-2,service,ens5,NULL,0,0,0,0,0,0,0,0,0
2026-07-28 12:51:00,ccf-aiops-西安,service-vm-2,service,ens6,NULL,0,0,0,0,0,0,0,0,0
2026-07-28 12:51:00,ccf-aiops-西安,service-vm-3,service,ens3,NULL,77.33333333333333,62.35555555555555,0.5111111111111111,0.31111111111111106,0,0,0,0,0
2026-07-28 12:51:00,ccf-aiops-西安,service-vm-3,service,ens4,service,101.33333333333333,1175.4444444444443,0.7333333333333333,0.3777777777777777,0,0,0,0,0
2026-07-28 12:51:00,ccf-aiops-西安,service-vm-3,service,ens5,NULL,0,0,0,0,0,0,0,0,0
2026-07-28 12:51:00,ccf-aiops-西安,service-vm-3,service,ens6,NULL,0,0,0,0,0,0,0,0,0
2026-07-28 12:51:00,ccf-aiops-西安,traffic-vm,traffic,ens3,NULL,195.86666666666667,67.6,2.422222222222222,0.6888888888888888,0,0,0,0,0
2026-07-28 12:51:00,ccf-aiops-西安,traffic-vm,traffic,ens4,business,653.4222222222221,14255.066666666668,4.844444444444444,4.777777777777777,0,0,0,0,0
2026-07-28 12:51:00,ccf-aiops-西安,traffic-vm,traffic,ens5,NULL,0,0,0,0,0,0,0,0,0
2026-07-28 12:51:00,ccf-aiops-西安,traffic-vm,traffic,ens6,NULL,0,0,0,0,0,0,0,0,0
2026-07-28 12:52:00,ccf-aiops-西安,br-1,br,ens10,NULL,0,0,0,0,0,0,0,0,0
2026-07-28 12:52:00,ccf-aiops-西安,br-1,br,ens11,NULL,0,0,0,0,0,0,0,0,0
2026-07-28 12:52:00,ccf-aiops-西安,br-1,br,ens12,NULL,0,0,0,0,0,0,0,0,0
2026-07-28 12:52:00,ccf-aiops-西安,br-1,br,ens3,NULL,236.6222222222222,103.86666666666666,2.8666666666666667,1.0444444444444445,0,0,0,0,0
2026-07-28 12:52:00,ccf-aiops-西安,br-1,br,ens4,backbone,517.6666666666666,402.37777777777774,4.111111111111111,3.6,0,0,0,0,0
2026-07-28 12:52:00,ccf-aiops-西安,br-1,br,ens5,backbone,547.4,2270.622222222222,4.822222222222222,4.555555555555555,0,0,0,0,0
2026-07-28 12:52:00,ccf-aiops-西安,br-1,br,ens6,NULL,0,0,0,0,0,0,0,0,0
2026-07-28 12:52:00,ccf-aiops-西安,br-1,br,ens7,NULL,0,0,0,0,0,0,0,0,0
2026-07-28 12:52:00,ccf-aiops-西安,br-1,br,ens8,NULL,0,0,0,0,0,0,0,0,0
2026-07-28 12:52:00,ccf-aiops-西安,br-1,br,ens9,NULL,0,0,0,0,0,0,0,0,0
2026-07-28 12:52:00,ccf-aiops-西安,br-2,br,ens10,NULL,0,0,0,0,0,0,0,0,0
2026-07-28 12:52:00,ccf-aiops-西安,br-2,br,ens11,NULL,0,0,0,0,0,0,0,0,0
2026-07-28 12:52:00,ccf-aiops-西安,br-2,br,ens12,NULL,0,0,0,0,0,0,0,0,0
2026-07-28 12:52:00,ccf-aiops-西安,br-2,br,ens3,NULL,66.88888888888889,0,0.8666666666666667,0,0.04444444444444444,0,0,0,0
2026-07-28 12:52:00,ccf-aiops-西安,br-2,br,ens4,backbone,743.0222222222221,616.5777777777778,6.044444444444443,5.4,0,0,0,0,0
2026-07-28 12:52:00,ccf-aiops-西安,br-2,br,ens5,backbone,754.0222222222221,2524.0888888888885,6.51111111111111,6.177777777777777,0,0,0,0,0
2026-07-28 12:52:00,ccf-aiops-西安,br-2,br,ens6,NULL,0,0,0,0,0,0,0,0,0
2026-07-28 12:52:00,ccf-aiops-西安,br-2,br,ens7,NULL,0,0,0,0,0,0,0,0,0
2026-07-28 12:52:00,ccf-aiops-西安,br-2,br,ens8,NULL,0,0,0,0,0,0,0,0,0
2026-07-28 12:52:00,ccf-aiops-西安,br-2,br,ens9,NULL,0,0,0,0,0,0,0,0,0
2026-07-28 12:52:00,ccf-aiops-西安,cr-1,cr,ens10,NULL,0,0,0,0,0,0,0,0,0
2026-07-28 12:52:00,ccf-aiops-西安,cr-1,cr,ens11,NULL,0,0,0,0,0,0,0,0,0
2026-07-28 12:52:00,ccf-aiops-西安,cr-1,cr,ens12,NULL,0,0,0,0,0,0,0,0,0
2026-07-28 12:52:00,ccf-aiops-西安,cr-1,cr,ens3,NULL,61.55555555555555,0,0.9111111111111111,0,0,0,0,0,0
2026-07-28 12:52:00,ccf-aiops-西安,cr-1,cr,ens4,backbone,1263.822222222222,128.33333333333334,5.977777777777777,1.1777777777777776,0,0,0,0,0
2026-07-28 12:52:00,ccf-aiops-西安,cr-1,cr,ens5,backbone,916.9333333333333,3576.0666666666666,7.9111111111111105,12.11111111111111,0,0,0,0,0
2026-07-28 12:52:00,ccf-aiops-西安,cr-1,cr,ens6,NULL,0,0,0,0,0,0,0,0,0
2026-07-28 12:52:00,ccf-aiops-西安,cr-1,cr,ens7,NULL,0,0,0,0,0,0,0,0,0
2026-07-28 12:52:00,ccf-aiops-西安,cr-1,cr,ens8,NULL,0,0,0,0,0,0,0,0,0
2026-07-28 12:52:00,ccf-aiops-西安,cr-1,cr,ens9,NULL,0,0,0,0,0,0,0,0,0
2026-07-28 12:52:00,ccf-aiops-西安,cr-2,cr,ens10,NULL,0,0,0,0,0,0,0,0,0
2026-07-28 12:52:00,ccf-aiops-西安,cr-2,cr,ens11,NULL,0,0,0,0,0,0,0,0,0
2026-07-28 12:52:00,ccf-aiops-西安,cr-2,cr,ens12,NULL,0,0,0,0,0,0,0,0,0
2026-07-28 12:52:00,ccf-aiops-西安,cr-2,cr,ens3,NULL,56.222222222222214,0,0.8222222222222222,0,0,0,0,0,0
2026-07-28 12:52:00,ccf-aiops-西安,cr-2,cr,ens4,backbone,3809.911111111111,1199.8666666666666,6.622222222222222,10.333333333333334,0,0,0,0,0
2026-07-28 12:52:00,ccf-aiops-西安,cr-2,cr,ens5,backbone,1329.5555555555554,5831.177777777777,11.466666666666667,7.6,0,0,0,0,0
2026-07-28 12:52:00,ccf-aiops-西安,cr-2,cr,ens6,NULL,0,0,0,0,0,0,0,0,0
2026-07-28 12:52:00,ccf-aiops-西安,cr-2,cr,ens7,NULL,0,0,0,0,0,0,0,0,0
2026-07-28 12:52:00,ccf-aiops-西安,cr-2,cr,ens8,NULL,0,0,0,0,0,0,0,0,0
2026-07-28 12:52:00,ccf-aiops-西安,cr-2,cr,ens9,NULL,0,0,0,0,0,0,0,0,0
2026-07-28 12:52:00,ccf-aiops-西安,fw,firewall,ens3,NULL,192.04444444444442,131.2888888888889,1.7555555555555555,1,0,0,0,0,0
2026-07-28 12:52:00,ccf-aiops-西安,fw,firewall,ens4,backbone,8310.733333333334,1449.7333333333333,13.222222222222221,12.488888888888887,0,0,0,0,0
2026-07-28 12:52:00,ccf-aiops-西安,fw,firewall,ens5,business,1519.4444444444443,9450.933333333332,13.044444444444444,13.288888888888888,0,0,0,0,0
2026-07-28 12:52:00,ccf-aiops-西安,fw,firewall,ens6,NULL,0,0,0,0,0,0,0,0,0
2026-07-28 12:52:00,ccf-aiops-西安,monitor-vm,collector,ens3,NULL,229.8222222222222,127.55555555555556,2.511111111111111,0.9555555555555555,0,0,0,0,0
2026-07-28 12:52:00,ccf-aiops-西安,monitor-vm,collector,ens4,mgmt,27337.355555555554,1027.9333333333334,10.222222222222221,9.066666666666666,0,0,0,0,0
2026-07-28 12:52:00,ccf-aiops-西安,monitor-vm,collector,ens5,NULL,0,0,0,0,0,0,0,0,0
2026-07-28 12:52:00,ccf-aiops-西安,monitor-vm,collector,ens6,NULL,0,0,0,0,0,0,0,0,0
2026-07-28 12:52:00,ccf-aiops-西安,probe-vm,probe,ens3,NULL,111.73333333333333,62.35555555555555,1.1333333333333333,0.31111111111111106,0,0,0,0,0
2026-07-28 12:52:00,ccf-aiops-西安,probe-vm,probe,ens4,business,95.6,1178.8,0.6666666666666666,0.4,0,0,0,0,0
2026-07-28 12:52:00,ccf-aiops-西安,probe-vm,probe,ens5,NULL,0,0,0,0,0,0,0,0,0
2026-07-28 12:52:00,ccf-aiops-西安,probe-vm,probe,ens6,NULL,0,0,0,0,0,0,0,0,0
2026-07-28 12:52:00,ccf-aiops-西安,service-vm-1,service,ens3,NULL,177.37777777777777,97.28888888888888,1.8666666666666667,0.6666666666666666,0,0,0,0,0
2026-07-28 12:52:00,ccf-aiops-西安,service-vm-1,service,ens4,service,106.8,1189.2888888888888,0.7333333333333333,0.4,0,0,0,0,0
2026-07-28 12:52:00,ccf-aiops-西安,service-vm-1,service,ens5,NULL,0,0,0,0,0,0,0,0,0
2026-07-28 12:52:00,ccf-aiops-西安,service-vm-1,service,ens6,NULL,0,0,0,0,0,0,0,0,0
2026-07-28 12:52:00,ccf-aiops-西安,service-vm-2,service,ens3,NULL,13.555555555555554,0,0.1111111111111111,0,0,0,0,0,0
2026-07-28 12:52:00,ccf-aiops-西安,service-vm-2,service,ens4,service,69.64444444444443,1178.3777777777775,0.5555555555555555,0.3777777777777777,0,0,0,0,0
2026-07-28 12:52:00,ccf-aiops-西安,service-vm-2,service,ens5,NULL,0,0,0,0,0,0,0,0,0
2026-07-28 12:52:00,ccf-aiops-西安,service-vm-2,service,ens6,NULL,0,0,0,0,0,0,0,0,0
2026-07-28 12:52:00,ccf-aiops-西安,service-vm-3,service,ens3,NULL,17.155555555555555,0.9333333333333333,0.15555555555555553,0.02222222222222222,0,0,0,0,0
2026-07-28 12:52:00,ccf-aiops-西安,service-vm-3,service,ens4,service,91.77777777777777,1177.9777777777776,0.6222222222222221,0.4,0,0,0,0,0
2026-07-28 12:52:00,ccf-aiops-西安,service-vm-3,service,ens5,NULL,0,0,0,0,0,0,0,0,0
2026-07-28 12:52:00,ccf-aiops-西安,service-vm-3,service,ens6,NULL,0,0,0,0,0,0,0,0,0
2026-07-28 12:52:00,ccf-aiops-西安,traffic-vm,traffic,ens3,NULL,184.13333333333333,67.6,2.2666666666666666,0.6888888888888888,0,0,0,0,0
2026-07-28 12:52:00,ccf-aiops-西安,traffic-vm,traffic,ens4,business,1489.9333333333334,15075.133333333333,11.8,11.777777777777777,0,0,0,0,0
2026-07-28 12:52:00,ccf-aiops-西安,traffic-vm,traffic,ens5,NULL,0,0,0,0,0,0,0,0,0
2026-07-28 12:52:00,ccf-aiops-西安,traffic-vm,traffic,ens6,NULL,0,0,0,0,0,0,0,0,0
2026-07-28 12:53:00,ccf-aiops-西安,br-1,br,ens10,NULL,0,0,0,0,0,0,0,0,0
2026-07-28 12:53:00,ccf-aiops-西安,br-1,br,ens11,NULL,0,0,0,0,0,0,0,0,0
2026-07-28 12:53:00,ccf-aiops-西安,br-1,br,ens12,NULL,0,0,0,0,0,0,0,0,0
2026-07-28 12:53:00,ccf-aiops-西安,br-1,br,ens3,NULL,345.6444444444444,217.15555555555554,3.422222222222222,1.5777777777777777,0,0,0,0,0
2026-07-28 12:53:00,ccf-aiops-西安,br-1,br,ens4,backbone,271.8222222222222,307.26666666666665,2.2888888888888888,2.6888888888888887,0,0,0,0,0
2026-07-28 12:53:00,ccf-aiops-西安,br-1,br,ens5,backbone,453.1333333333333,2254.9333333333334,3.9777777777777774,2.933333333333333,0,0,0,0,0
2026-07-28 12:53:00,ccf-aiops-西安,br-1,br,ens6,NULL,0,0,0,0,0,0,0,0,0
2026-07-28 12:53:00,ccf-aiops-西安,br-1,br,ens7,NULL,0,0,0,0,0,0,0,0,0
2026-07-28 12:53:00,ccf-aiops-西安,br-1,br,ens8,NULL,0,0,0,0,0,0,0,0,0
2026-07-28 12:53:00,ccf-aiops-西安,br-1,br,ens9,NULL,0,0,0,0,0,0,0,0,0
2026-07-28 12:53:00,ccf-aiops-西安,br-2,br,ens10,NULL,0,0,0,0,0,0,0,0,0
2026-07-28 12:53:00,ccf-aiops-西安,br-2,br,ens11,NULL,0,0,0,0,0,0,0,0,0
2026-07-28 12:53:00,ccf-aiops-西安,br-2,br,ens12,NULL,0,0,0,0,0,0,0,0,0
2026-07-28 12:53:00,ccf-aiops-西安,br-2,br,ens3,NULL,76.06666666666666,0,0.8888888888888888,0,0.04444444444444444,0,0,0,0
2026-07-28 12:53:00,ccf-aiops-西安,br-2,br,ens4,backbone,495.53333333333336,314.8666666666667,4,2.8888888888888884,0,0,0,0,0
2026-07-28 12:53:00,ccf-aiops-西安,br-2,br,ens5,backbone,399.73333333333335,2581.8888888888887,3.4888888888888885,4.177777777777778,0,0,0,0,0
2026-07-28 12:53:00,ccf-aiops-西安,br-2,br,ens6,NULL,0,0,0,0,0,0,0,0,0
2026-07-28 12:53:00,ccf-aiops-西安,br-2,br,ens7,NULL,0,0,0,0,0,0,0,0,0
2026-07-28 12:53:00,ccf-aiops-西安,br-2,br,ens8,NULL,0,0,0,0,0,0,0,0,0
2026-07-28 12:53:00,ccf-aiops-西安,br-2,br,ens9,NULL,0,0,0,0,0,0,0,0,0
2026-07-28 12:53:00,ccf-aiops-西安,cr-1,cr,ens10,NULL,0,0,0,0,0,0,0,0,0
2026-07-28 12:53:00,ccf-aiops-西安,cr-1,cr,ens11,NULL,0,0,0,0,0,0,0,0,0
2026-07-28 12:53:00,ccf-aiops-西安,cr-1,cr,ens12,NULL,0,0,0,0,0,0,0,0,0
2026-07-28 12:53:00,ccf-aiops-西安,cr-1,cr,ens3,NULL,72.37777777777777,0,0.9555555555555555,0,0,0,0,0,0
2026-07-28 12:53:00,ccf-aiops-西安,cr-1,cr,ens4,backbone,1800.8,171.88888888888886,4.955555555555555,1.5555555555555556,0,0,0,0,0
2026-07-28 12:53:00,ccf-aiops-西安,cr-1,cr,ens5,backbone,683.8888888888888,4081.8888888888887,5.822222222222222,8.866666666666667,0,0,0,0,0
2026-07-28 12:53:00,ccf-aiops-西安,cr-1,cr,ens6,NULL,0,0,0,0,0,0,0,0,0
2026-07-28 12:53:00,ccf-aiops-西安,cr-1,cr,ens7,NULL,0,0,0,0,0,0,0,0,0
2026-07-28 12:53:00,ccf-aiops-西安,cr-1,cr,ens8,NULL,0,0,0,0,0,0,0,0,0
2026-07-28 12:53:00,ccf-aiops-西安,cr-1,cr,ens9,NULL,0,0,0,0,0,0,0,0,0
2026-07-28 12:53:00,ccf-aiops-西安,cr-2,cr,ens10,NULL,0,0,0,0,0,0,0,0,0
2026-07-28 12:53:00,ccf-aiops-西安,cr-2,cr,ens11,NULL,0,0,0,0,0,0,0,0,0
2026-07-28 12:53:00,ccf-aiops-西安,cr-2,cr,ens12,NULL,0,0,0,0,0,0,0,0,0
2026-07-28 12:53:00,ccf-aiops-西安,cr-2,cr,ens3,NULL,65.4,0,0.8444444444444444,0,0,0,0,0,0
2026-07-28 12:53:00,ccf-aiops-西安,cr-2,cr,ens4,backbone,3488.622222222222,692.6666666666666,4.222222222222222,5.9111111111111105,0,0,0,0,0
2026-07-28 12:53:00,ccf-aiops-西安,cr-2,cr,ens5,backbone,807.5111111111111,5995.355555555555,6.866666666666666,5.488888888888889,0,0,0,0,0
2026-07-28 12:53:00,ccf-aiops-西安,cr-2,cr,ens6,NULL,0,0,0,0,0,0,0,0,0
2026-07-28 12:53:00,ccf-aiops-西安,cr-2,cr,ens7,NULL,0,0,0,0,0,0,0,0,0
2026-07-28 12:53:00,ccf-aiops-西安,cr-2,cr,ens8,NULL,0,0,0,0,0,0,0,0,0
2026-07-28 12:53:00,ccf-aiops-西安,cr-2,cr,ens9,NULL,0,0,0,0,0,0,0,0,0
2026-07-28 12:53:00,ccf-aiops-西安,fw,firewall,ens3,NULL,192.93333333333334,129.82222222222222,1.7555555555555555,0.9777777777777777,0,0,0,0,0
2026-07-28 12:53:00,ccf-aiops-西安,fw,firewall,ens4,backbone,8544.733333333334,925.6,9.333333333333334,7.844444444444444,0,0,0,0,0
2026-07-28 12:53:00,ccf-aiops-西安,fw,firewall,ens5,business,989.6666666666666,9693.02222222222,8.4,9.488888888888887,0,0,0,0,0
2026-07-28 12:53:00,ccf-aiops-西安,fw,firewall,ens6,NULL,0,0,0,0,0,0,0,0,0
2026-07-28 12:53:00,ccf-aiops-西安,monitor-vm,collector,ens3,NULL,178.13333333333333,68.93333333333334,2.222222222222222,0.6888888888888888,0,0,0,0,0
2026-07-28 12:53:00,ccf-aiops-西安,monitor-vm,collector,ens4,mgmt,28121.711111111108,1013.1777777777777,11.066666666666666,8.888888888888888,0,0,0,0,0
2026-07-28 12:53:00,ccf-aiops-西安,monitor-vm,collector,ens5,NULL,0,0,0,0,0,0,0,0,0
2026-07-28 12:53:00,ccf-aiops-西安,monitor-vm,collector,ens6,NULL,0,0,0,0,0,0,0,0,0
2026-07-28 12:53:00,ccf-aiops-西安,probe-vm,probe,ens3,NULL,64.86666666666666,0,0.8444444444444444,0,0,0,0,0,0
2026-07-28 12:53:00,ccf-aiops-西安,probe-vm,probe,ens4,business,101.6,1174.3777777777775,0.8,0.3555555555555555,0,0,0,0,0
2026-07-28 12:53:00,ccf-aiops-西安,probe-vm,probe,ens5,NULL,0,0,0,0,0,0,0,0,0
2026-07-28 12:53:00,ccf-aiops-西安,probe-vm,probe,ens6,NULL,0,0,0,0,0,0,0,0,0
2026-07-28 12:53:00,ccf-aiops-西安,service-vm-1,service,ens3,NULL,128.66666666666666,50.53333333333333,1.6444444444444444,0.4222222222222222,0,0,0,0,0
2026-07-28 12:53:00,ccf-aiops-西安,service-vm-1,service,ens4,service,105.15555555555555,1187.311111111111,0.7777777777777778,0.3777777777777777,0,0,0,0,0
2026-07-28 12:53:00,ccf-aiops-西安,service-vm-1,service,ens5,NULL,0,0,0,0,0,0,0,0,0
2026-07-28 12:53:00,ccf-aiops-西安,service-vm-1,service,ens6,NULL,0,0,0,0,0,0,0,0,0
2026-07-28 12:53:00,ccf-aiops-西安,service-vm-2,service,ens3,NULL,15.777777777777777,0.9333333333333333,0.13333333333333333,0.02222222222222222,0,0,0,0,0
2026-07-28 12:53:00,ccf-aiops-西安,service-vm-2,service,ens4,service,58.44444444444444,1173.0888888888887,0.4888888888888889,0.3333333333333333,0,0,0,0,0
2026-07-28 12:53:00,ccf-aiops-西安,service-vm-2,service,ens5,NULL,0,0,0,0,0,0,0,0,0
2026-07-28 12:53:00,ccf-aiops-西安,service-vm-2,service,ens6,NULL,0,0,0,0,0,0,0,0,0
2026-07-28 12:53:00,ccf-aiops-西安,service-vm-3,service,ens3,NULL,75.35555555555555,62.44444444444444,0.4,0.31111111111111106,0,0,0,0,0
2026-07-28 12:53:00,ccf-aiops-西安,service-vm-3,service,ens4,service,111.6,1177.9555555555555,0.8444444444444444,0.4,0,0,0,0,0
2026-07-28 12:53:00,ccf-aiops-西安,service-vm-3,service,ens5,NULL,0,0,0,0,0,0,0,0,0
2026-07-28 12:53:00,ccf-aiops-西安,service-vm-3,service,ens6,NULL,0,0,0,0,0,0,0,0,0
2026-07-28 12:53:00,ccf-aiops-西安,traffic-vm,traffic,ens3,NULL,253.84444444444443,131.2888888888889,2.6444444444444444,1,0,0,0,0,0
2026-07-28 12:53:00,ccf-aiops-西安,traffic-vm,traffic,ens4,business,916.0888888888888,14599.8,7.466666666666667,7.6,0,0,0,0,0
2026-07-28 12:53:00,ccf-aiops-西安,traffic-vm,traffic,ens5,NULL,0,0,0,0,0,0,0,0,0
2026-07-28 12:53:00,ccf-aiops-西安,traffic-vm,traffic,ens6,NULL,0,0,0,0,0,0,0,0,0
2026-07-28 12:54:00,ccf-aiops-西安,br-1,br,ens10,NULL,0,0,0,0,0,0,0,0,0
2026-07-28 12:54:00,ccf-aiops-西安,br-1,br,ens11,NULL,0,0,0,0,0,0,0,0,0
2026-07-28 12:54:00,ccf-aiops-西安,br-1,br,ens12,NULL,0,0,0,0,0,0,0,0,0
2026-07-28 12:54:00,ccf-aiops-西安,br-1,br,ens3,NULL,245.95555555555555,103.86666666666666,2.9777777777777774,1.0444444444444445,0,0,0,0,0
2026-07-28 12:54:00,ccf-aiops-西安,br-1,br,ens4,backbone,1136.2888888888888,699.1777777777777,7.933333333333334,6.244444444444444,0,0,0,0,0
2026-07-28 12:54:00,ccf-aiops-西安,br-1,br,ens5,backbone,855.1333333333333,2883.4444444444443,7.5777777777777775,8.044444444444444,0,0,0,0,0
2026-07-28 12:54:00,ccf-aiops-西安,br-1,br,ens6,NULL,0,0,0,0,0,0,0,0,0
2026-07-28 12:54:00,ccf-aiops-西安,br-1,br,ens7,NULL,0,0,0,0,0,0,0,0,0
2026-07-28 12:54:00,ccf-aiops-西安,br-1,br,ens8,NULL,0,0,0,0,0,0,0,0,0
2026-07-28 12:54:00,ccf-aiops-西安,br-1,br,ens9,NULL,0,0,0,0,0,0,0,0,0
2026-07-28 12:54:00,ccf-aiops-西安,br-2,br,ens10,NULL,0,0,0,0,0,0,0,0,0
2026-07-28 12:54:00,ccf-aiops-西安,br-2,br,ens11,NULL,0,0,0,0,0,0,0,0,0
2026-07-28 12:54:00,ccf-aiops-西安,br-2,br,ens12,NULL,0,0,0,0,0,0,0,0,0
2026-07-28 12:54:00,ccf-aiops-西安,br-2,br,ens3,NULL,61.822222222222216,0,0.8666666666666667,0,0.04444444444444444,0,0,0,0
2026-07-28 12:54:00,ccf-aiops-西安,br-2,br,ens4,backbone,1063.2888888888888,941.3333333333334,7.444444444444444,8.333333333333334,0,0,0,0,0
2026-07-28 12:54:00,ccf-aiops-西安,br-2,br,ens5,backbone,1087.3555555555554,2820.288888888889,9.488888888888887,7.466666666666667,0,0,0,0,0
2026-07-28 12:54:00,ccf-aiops-西安,br-2,br,ens6,NULL,0,0,0,0,0,0,0,0,0
2026-07-28 12:54:00,ccf-aiops-西安,br-2,br,ens7,NULL,0,0,0,0,0,0,0,0,0
2026-07-28 12:54:00,ccf-aiops-西安,br-2,br,ens8,NULL,0,0,0,0,0,0,0,0,0
2026-07-28 12:54:00,ccf-aiops-西安,br-2,br,ens9,NULL,0,0,0,0,0,0,0,0,0
2026-07-28 12:54:00,ccf-aiops-西安,cr-1,cr,ens10,NULL,0,0,0,0,0,0,0,0,0
2026-07-28 12:54:00,ccf-aiops-西安,cr-1,cr,ens11,NULL,0,0,0,0,0,0,0,0,0
2026-07-28 12:54:00,ccf-aiops-西安,cr-1,cr,ens12,NULL,0,0,0,0,0,0,0,0,0
2026-07-28 12:54:00,ccf-aiops-西安,cr-1,cr,ens3,NULL,52.93333333333333,0,0.8444444444444444,0,0,0,0,0,0
2026-07-28 12:54:00,ccf-aiops-西安,cr-1,cr,ens4,backbone,1921.0666666666666,149.4222222222222,9.222222222222221,1.3555555555555556,0,0,0,0,0
2026-07-28 12:54:00,ccf-aiops-西安,cr-1,cr,ens5,backbone,1205.4,4574.355555555555,10.6,17.86666666666667,0,0,0,0,0
2026-07-28 12:54:00,ccf-aiops-西安,cr-1,cr,ens6,NULL,0,0,0,0,0,0,0,0,0
2026-07-28 12:54:00,ccf-aiops-西安,cr-1,cr,ens7,NULL,0,0,0,0,0,0,0,0,0
2026-07-28 12:54:00,ccf-aiops-西安,cr-1,cr,ens8,NULL,0,0,0,0,0,0,0,0,0
2026-07-28 12:54:00,ccf-aiops-西安,cr-1,cr,ens9,NULL,0,0,0,0,0,0,0,0,0
2026-07-28 12:54:00,ccf-aiops-西安,cr-2,cr,ens10,NULL,0,0,0,0,0,0,0,0,0
2026-07-28 12:54:00,ccf-aiops-西安,cr-2,cr,ens11,NULL,0,0,0,0,0,0,0,0,0
2026-07-28 12:54:00,ccf-aiops-西安,cr-2,cr,ens12,NULL,0,0,0,0,0,0,0,0,0
2026-07-28 12:54:00,ccf-aiops-西安,cr-2,cr,ens3,NULL,51.288888888888884,0,0.8222222222222223,0,0,0,0,0,0
2026-07-28 12:54:00,ccf-aiops-西安,cr-2,cr,ens4,backbone,4272.044444444445,1785.9555555555555,9.133333333333335,15.622222222222225,0,0,0,0,0
2026-07-28 12:54:00,ccf-aiops-西安,cr-2,cr,ens5,backbone,1919.6444444444444,6239.933333333333,16.8,10.177777777777779,0,0,0,0,0
2026-07-28 12:54:00,ccf-aiops-西安,cr-2,cr,ens6,NULL,0,0,0,0,0,0,0,0,0
2026-07-28 12:54:00,ccf-aiops-西安,cr-2,cr,ens7,NULL,0,0,0,0,0,0,0,0,0
2026-07-28 12:54:00,ccf-aiops-西安,cr-2,cr,ens8,NULL,0,0,0,0,0,0,0,0,0
2026-07-28 12:54:00,ccf-aiops-西安,cr-2,cr,ens9,NULL,0,0,0,0,0,0,0,0,0
2026-07-28 12:54:00,ccf-aiops-西安,fw,firewall,ens3,NULL,193.9111111111111,131.2888888888889,1.8666666666666667,1,0,0,0,0,0
2026-07-28 12:54:00,ccf-aiops-西安,fw,firewall,ens4,backbone,9333.71111111111,2066.244444444444,18.688888888888886,18.04444444444444,0,0,0,0,0
2026-07-28 12:54:00,ccf-aiops-西安,fw,firewall,ens5,business,2121.3777777777777,10464.155555555555,18.488888888888887,18.644444444444442,0,0,0,0,0
2026-07-28 12:54:00,ccf-aiops-西安,fw,firewall,ens6,NULL,0,0,0,0,0,0,0,0,0
2026-07-28 12:54:00,ccf-aiops-西安,monitor-vm,collector,ens3,NULL,189.24444444444444,69.86666666666666,2.3777777777777778,0.711111111111111,0,0,0,0,0
2026-07-28 12:54:00,ccf-aiops-西安,monitor-vm,collector,ens4,mgmt,27468.933333333334,1021.8888888888888,10.466666666666667,8.977777777777778,0,0,0,0,0
2026-07-28 12:54:00,ccf-aiops-西安,monitor-vm,collector,ens5,NULL,0,0,0,0,0,0,0,0,0
2026-07-28 12:54:00,ccf-aiops-西安,monitor-vm,collector,ens6,NULL,0,0,0,0,0,0,0,0,0
2026-07-28 12:54:00,ccf-aiops-西安,probe-vm,probe,ens3,NULL,53.288888888888884,0,0.8444444444444444,0,0,0,0,0,0
2026-07-28 12:54:00,ccf-aiops-西安,probe-vm,probe,ens4,business,115.77777777777777,1177.6666666666667,0.8888888888888888,0.3777777777777777,0,0,0,0,0
2026-07-28 12:54:00,ccf-aiops-西安,probe-vm,probe,ens5,NULL,0,0,0,0,0,0,0,0,0
2026-07-28 12:54:00,ccf-aiops-西安,probe-vm,probe,ens6,NULL,0,0,0,0,0,0,0,0,0
2026-07-28 12:54:00,ccf-aiops-西安,service-vm-1,service,ens3,NULL,293.1555555555555,409.9111111111111,3,1.6,0,0,0,0,0
2026-07-28 12:54:00,ccf-aiops-西安,service-vm-1,service,ens4,service,112.8,1187.6444444444444,0.8,0.4,0,0,0,0,0
2026-07-28 12:54:00,ccf-aiops-西安,service-vm-1,service,ens5,NULL,0,0,0,0,0,0,0,0,0
2026-07-28 12:54:00,ccf-aiops-西安,service-vm-1,service,ens6,NULL,0,0,0,0,0,0,0,0,0
2026-07-28 12:54:00,ccf-aiops-西安,service-vm-2,service,ens3,NULL,69.9111111111111,62.35555555555555,0.5111111111111111,0.31111111111111106,0,0,0,0,0
2026-07-28 12:54:00,ccf-aiops-西安,service-vm-2,service,ens4,service,58.71111111111111,1173.8444444444442,0.4888888888888889,0.3333333333333333,0,0,0,0,0
2026-07-28 12:54:00,ccf-aiops-西安,service-vm-2,service,ens5,NULL,0,0,0,0,0,0,0,0,0
2026-07-28 12:54:00,ccf-aiops-西安,service-vm-2,service,ens6,NULL,0,0,0,0,0,0,0,0,0
2026-07-28 12:54:00,ccf-aiops-西安,service-vm-3,service,ens3,NULL,65.33333333333333,59.42222222222222,0.4444444444444444,0.26666666666666666,0,0,0,0,0
2026-07-28 12:54:00,ccf-aiops-西安,service-vm-3,service,ens4,service,112.48888888888888,1174.2444444444443,0.8444444444444444,0.3555555555555555,0,0,0,0,0
2026-07-28 12:54:00,ccf-aiops-西安,service-vm-3,service,ens5,NULL,0,0,0,0,0,0,0,0,0
2026-07-28 12:54:00,ccf-aiops-西安,service-vm-3,service,ens6,NULL,0,0,0,0,0,0,0,0,0
2026-07-28 12:54:00,ccf-aiops-西安,traffic-vm,traffic,ens3,NULL,232.75555555555553,131.2888888888889,2.511111111111111,1,0,0,0,0,0
2026-07-28 12:54:00,ccf-aiops-西安,traffic-vm,traffic,ens4,business,2474.511111111111,15658.066666666668,16.688888888888886,16.977777777777778,0,0,0,0,0
2026-07-28 12:54:00,ccf-aiops-西安,traffic-vm,traffic,ens5,NULL,0,0,0,0,0,0,0,0,0
2026-07-28 12:54:00,ccf-aiops-西安,traffic-vm,traffic,ens6,NULL,0,0,0,0,0,0,0,0,0
2026-07-28 12:55:00,ccf-aiops-西安,br-1,br,ens10,NULL,0,0,0,0,0,0,0,0,0
2026-07-28 12:55:00,ccf-aiops-西安,br-1,br,ens11,NULL,0,0,0,0,0,0,0,0,0
2026-07-28 12:55:00,ccf-aiops-西安,br-1,br,ens12,NULL,0,0,0,0,0,0,0,0,0
2026-07-28 12:55:00,ccf-aiops-西安,br-1,br,ens3,NULL,248.48888888888888,103.86666666666666,3,1.0444444444444445,0,0,0,0,0
2026-07-28 12:55:00,ccf-aiops-西安,br-1,br,ens4,backbone,771.5111111111111,632.5333333333333,5.51111111111111,5.666666666666667,0,0,0,0,0
2026-07-28 12:55:00,ccf-aiops-西安,br-1,br,ens5,backbone,777.0888888888888,3113.133333333333,6.9111111111111105,6.355555555555555,0,0,0,0,0
2026-07-28 12:55:00,ccf-aiops-西安,br-1,br,ens6,NULL,0,0,0,0,0,0,0,0,0
2026-07-28 12:55:00,ccf-aiops-西安,br-1,br,ens7,NULL,0,0,0,0,0,0,0,0,0
2026-07-28 12:55:00,ccf-aiops-西安,br-1,br,ens8,NULL,0,0,0,0,0,0,0,0,0
2026-07-28 12:55:00,ccf-aiops-西安,br-1,br,ens9,NULL,0,0,0,0,0,0,0,0,0
2026-07-28 12:55:00,ccf-aiops-西安,br-2,br,ens10,NULL,0,0,0,0,0,0,0,0,0
2026-07-28 12:55:00,ccf-aiops-西安,br-2,br,ens11,NULL,0,0,0,0,0,0,0,0,0
2026-07-28 12:55:00,ccf-aiops-西安,br-2,br,ens12,NULL,0,0,0,0,0,0,0,0,0
2026-07-28 12:55:00,ccf-aiops-西安,br-2,br,ens3,NULL,168.48888888888888,103.68888888888888,1.3777777777777775,0.4444444444444444,0.04444444444444444,0,0,0,0
2026-07-28 12:55:00,ccf-aiops-西安,br-2,br,ens4,backbone,739.3333333333334,441.9111111111111,5.422222222222222,4.044444444444444,0,0,0,0,0
2026-07-28 12:55:00,ccf-aiops-西安,br-2,br,ens5,backbone,581.8444444444444,3343,5.2,6.2,0,0,0,0,0
2026-07-28 12:55:00,ccf-aiops-西安,br-2,br,ens6,NULL,0,0,0,0,0,0,0,0,0
2026-07-28 12:55:00,ccf-aiops-西安,br-2,br,ens7,NULL,0,0,0,0,0,0,0,0,0
2026-07-28 12:55:00,ccf-aiops-西安,br-2,br,ens8,NULL,0,0,0,0,0,0,0,0,0
2026-07-28 12:55:00,ccf-aiops-西安,br-2,br,ens9,NULL,0,0,0,0,0,0,0,0,0
2026-07-28 12:55:00,ccf-aiops-西安,cr-1,cr,ens10,NULL,0,0,0,0,0,0,0,0,0
2026-07-28 12:55:00,ccf-aiops-西安,cr-1,cr,ens11,NULL,0,0,0,0,0,0,0,0,0
2026-07-28 12:55:00,ccf-aiops-西安,cr-1,cr,ens12,NULL,0,0,0,0,0,0,0,0,0
2026-07-28 12:55:00,ccf-aiops-西安,cr-1,cr,ens3,NULL,167.9111111111111,114.22222222222221,1.4888888888888887,0.5555555555555555,0,0,0,0,0
2026-07-28 12:55:00,ccf-aiops-西安,cr-1,cr,ens4,backbone,2778,148.7111111111111,6.288888888888889,1.3555555555555554,0,0,0,0,0
2026-07-28 12:55:00,ccf-aiops-西安,cr-1,cr,ens5,backbone,671.5777777777778,5479.688888888889,5.866666666666666,10.777777777777777,0,0,0,0,0
2026-07-28 12:55:00,ccf-aiops-西安,cr-1,cr,ens6,NULL,0,0,0,0,0,0,0,0,0
2026-07-28 12:55:00,ccf-aiops-西安,cr-1,cr,ens7,NULL,0,0,0,0,0,0,0,0,0
2026-07-28 12:55:00,ccf-aiops-西安,cr-1,cr,ens8,NULL,0,0,0,0,0,0,0,0,0
2026-07-28 12:55:00,ccf-aiops-西安,cr-1,cr,ens9,NULL,0,0,0,0,0,0,0,0,0
2026-07-28 12:55:00,ccf-aiops-西安,cr-2,cr,ens10,NULL,0,0,0,0,0,0,0,0,0
2026-07-28 12:55:00,ccf-aiops-西安,cr-2,cr,ens11,NULL,0,0,0,0,0,0,0,0,0
2026-07-28 12:55:00,ccf-aiops-西安,cr-2,cr,ens12,NULL,0,0,0,0,0,0,0,0,0
2026-07-28 12:55:00,ccf-aiops-西安,cr-2,cr,ens3,NULL,166.35555555555553,114.22222222222221,1.4666666666666666,0.5555555555555555,0,0,0,0,0
2026-07-28 12:55:00,ccf-aiops-西安,cr-2,cr,ens4,backbone,3793.6666666666665,1118.2,6.266666666666667,9.933333333333334,0,0,0,0,0
2026-07-28 12:55:00,ccf-aiops-西安,cr-2,cr,ens5,backbone,1236.511111111111,6796.533333333334,10.933333333333334,7.844444444444444,0,0,0,0,0
2026-07-28 12:55:00,ccf-aiops-西安,cr-2,cr,ens6,NULL,0,0,0,0,0,0,0,0,0
2026-07-28 12:55:00,ccf-aiops-西安,cr-2,cr,ens7,NULL,0,0,0,0,0,0,0,0,0
2026-07-28 12:55:00,ccf-aiops-西安,cr-2,cr,ens8,NULL,0,0,0,0,0,0,0,0,0
2026-07-28 12:55:00,ccf-aiops-西安,cr-2,cr,ens9,NULL,0,0,0,0,0,0,0,0,0
2026-07-28 12:55:00,ccf-aiops-西安,fw,firewall,ens3,NULL,144.97777777777776,69.86666666666666,1.6444444444444444,0.711111111111111,0,0,0,0,0
2026-07-28 12:55:00,ccf-aiops-西安,fw,firewall,ens4,backbone,11178.044444444444,1574.4666666666667,16.22222222222222,13.8,0,0,0,0,0
2026-07-28 12:55:00,ccf-aiops-西安,fw,firewall,ens5,business,1646.0888888888887,12319.977777777776,14.377777777777776,16.288888888888888,0,0,0,0,0
2026-07-28 12:55:00,ccf-aiops-西安,fw,firewall,ens6,NULL,0,0,0,0,0,0,0,0,0
2026-07-28 12:55:00,ccf-aiops-西安,monitor-vm,collector,ens3,NULL,240.26666666666668,134.08888888888887,2.6,1.0222222222222221,0,0,0,0,0
2026-07-28 12:55:00,ccf-aiops-西安,monitor-vm,collector,ens4,mgmt,30293.82222222222,972.5111111111111,12.466666666666667,8.422222222222222,0,0,0,0,0
2026-07-28 12:55:00,ccf-aiops-西安,monitor-vm,collector,ens5,NULL,0,0,0,0,0,0,0,0,0
2026-07-28 12:55:00,ccf-aiops-西安,monitor-vm,collector,ens6,NULL,0,0,0,0,0,0,0,0,0
2026-07-28 12:55:00,ccf-aiops-西安,probe-vm,probe,ens3,NULL,111.77777777777777,62.35555555555555,1.1777777777777776,0.31111111111111106,0,0,0,0,0
2026-07-28 12:55:00,ccf-aiops-西安,probe-vm,probe,ens4,business,135.73333333333332,1183.4222222222222,1.1333333333333333,0.4222222222222222,0,0,0,0,0
2026-07-28 12:55:00,ccf-aiops-西安,probe-vm,probe,ens5,NULL,0,0,0,0,0,0,0,0,0
2026-07-28 12:55:00,ccf-aiops-西安,probe-vm,probe,ens6,NULL,0,0,0,0,0,0,0,0,0
2026-07-28 12:55:00,ccf-aiops-西安,service-vm-1,service,ens3,NULL,321.3333333333333,318.26666666666665,3.0888888888888886,1.4888888888888887,0,0,0,0,0
2026-07-28 12:55:00,ccf-aiops-西安,service-vm-1,service,ens4,service,118.08888888888889,1178.2666666666667,0.8666666666666667,0.26666666666666666,0,0,0,0,0
2026-07-28 12:55:00,ccf-aiops-西安,service-vm-1,service,ens5,NULL,0,0,0,0,0,0,0,0,0
2026-07-28 12:55:00,ccf-aiops-西安,service-vm-1,service,ens6,NULL,0,0,0,0,0,0,0,0,0
2026-07-28 12:55:00,ccf-aiops-西安,service-vm-2,service,ens3,NULL,72.8,61.42222222222222,0.5333333333333333,0.28888888888888886,0,0,0,0,0
2026-07-28 12:55:00,ccf-aiops-西安,service-vm-2,service,ens4,service,69.46666666666667,1168.4666666666667,0.5555555555555555,0.26666666666666666,0,0,0,0,0
2026-07-28 12:55:00,ccf-aiops-西安,service-vm-2,service,ens5,NULL,0,0,0,0,0,0,0,0,0
2026-07-28 12:55:00,ccf-aiops-西安,service-vm-2,service,ens6,NULL,0,0,0,0,0,0,0,0,0
2026-07-28 12:55:00,ccf-aiops-西安,service-vm-3,service,ens3,NULL,22.84444444444444,0,0.31111111111111106,0,0,0,0,0,0
2026-07-28 12:55:00,ccf-aiops-西安,service-vm-3,service,ens4,service,110.7111111111111,1166.311111111111,0.8444444444444444,0.26666666666666666,0,0,0,0,0
2026-07-28 12:55:00,ccf-aiops-西安,service-vm-3,service,ens5,NULL,0,0,0,0,0,0,0,0,0
2026-07-28 12:55:00,ccf-aiops-西安,service-vm-3,service,ens6,NULL,0,0,0,0,0,0,0,0,0
2026-07-28 12:55:00,ccf-aiops-西安,traffic-vm,traffic,ens3,NULL,190.2222222222222,68.93333333333334,2.3777777777777778,0.6888888888888888,0,0,0,0,0
2026-07-28 12:55:00,ccf-aiops-西安,traffic-vm,traffic,ens4,business,1320.3555555555554,14816.533333333333,9.688888888888888,9.777777777777777,0,0,0,0,0
2026-07-28 12:55:00,ccf-aiops-西安,traffic-vm,traffic,ens5,NULL,0,0,0,0,0,0,0,0,0
2026-07-28 12:55:00,ccf-aiops-西安,traffic-vm,traffic,ens6,NULL,0,0,0,0,0,0,0,0,0
2026-07-28 12:56:00,ccf-aiops-西安,br-1,br,ens10,NULL,0,0,0,0,0,0,0,0,0
2026-07-28 12:56:00,ccf-aiops-西安,br-1,br,ens11,NULL,0,0,0,0,0,0,0,0,0
2026-07-28 12:56:00,ccf-aiops-西安,br-1,br,ens12,NULL,0,0,0,0,0,0,0,0,0
2026-07-28 12:56:00,ccf-aiops-西安,br-1,br,ens3,NULL,356.08888888888885,216.2222222222222,3.311111111111111,1.5555555555555556,0,0,0,0,0
2026-07-28 12:56:00,ccf-aiops-西安,br-1,br,ens4,backbone,208307.17777777778,169.0222222222222,141.6222222222222,1.6222222222222222,0,0,0,0,0
2026-07-28 12:56:00,ccf-aiops-西安,br-1,br,ens5,backbone,318.88888888888886,210537.3111111111,2.911111111111111,142.35555555555553,0,0,0,0,0
2026-07-28 12:56:00,ccf-aiops-西安,br-1,br,ens6,NULL,0,0,0,0,0,0,0,0,0
2026-07-28 12:56:00,ccf-aiops-西安,br-1,br,ens7,NULL,0,0,0,0,0,0,0,0,0
2026-07-28 12:56:00,ccf-aiops-西安,br-1,br,ens8,NULL,0,0,0,0,0,0,0,0,0
2026-07-28 12:56:00,ccf-aiops-西安,br-1,br,ens9,NULL,0,0,0,0,0,0,0,0,0
2026-07-28 12:56:00,ccf-aiops-西安,br-2,br,ens10,NULL,0,0,0,0,0,0,0,0,0
2026-07-28 12:56:00,ccf-aiops-西安,br-2,br,ens11,NULL,0,0,0,0,0,0,0,0,0
2026-07-28 12:56:00,ccf-aiops-西安,br-2,br,ens12,NULL,0,0,0,0,0,0,0,0,0
2026-07-28 12:56:00,ccf-aiops-西安,br-2,br,ens3,NULL,72.44444444444443,0,0.7555555555555554,0,0.04444444444444444,0,0,0,0
2026-07-28 12:56:00,ccf-aiops-西安,br-2,br,ens4,backbone,5478592.022222222,133.33333333333334,3678.9777777777776,1.311111111111111,0,0,0,0,0
2026-07-28 12:56:00,ccf-aiops-西安,br-2,br,ens5,backbone,272.06666666666666,5481033.955555555,2.4,3679.555555555555,0,0,0,0,0
2026-07-28 12:56:00,ccf-aiops-西安,br-2,br,ens6,NULL,0,0,0,0,0,0,0,0,0
2026-07-28 12:56:00,ccf-aiops-西安,br-2,br,ens7,NULL,0,0,0,0,0,0,0,0,0
2026-07-28 12:56:00,ccf-aiops-西安,br-2,br,ens8,NULL,0,0,0,0,0,0,0,0,0
2026-07-28 12:56:00,ccf-aiops-西安,br-2,br,ens9,NULL,0,0,0,0,0,0,0,0,0
2026-07-28 12:56:00,ccf-aiops-西安,cr-1,cr,ens10,NULL,0,0,0,0,0,0,0,0,0
2026-07-28 12:56:00,ccf-aiops-西安,cr-1,cr,ens11,NULL,0,0,0,0,0,0,0,0,0
2026-07-28 12:56:00,ccf-aiops-西安,cr-1,cr,ens12,NULL,0,0,0,0,0,0,0,0,0
2026-07-28 12:56:00,ccf-aiops-西安,cr-1,cr,ens3,NULL,68.44444444444443,0,0.8222222222222222,0,0,0,0,0,0
2026-07-28 12:56:00,ccf-aiops-西安,cr-1,cr,ens4,backbone,3837345.2666666666,126.24444444444444,2576.555555555555,1.1555555555555554,0,0,0,0,0
2026-07-28 12:56:00,ccf-aiops-西安,cr-1,cr,ens5,backbone,319.1333333333333,3839546.2444444443,2.822222222222222,2577.9777777777776,0,0,0,0,0
2026-07-28 12:56:00,ccf-aiops-西安,cr-1,cr,ens6,NULL,0,0,0,0,0,0,0,0,0
2026-07-28 12:56:00,ccf-aiops-西安,cr-1,cr,ens7,NULL,0,0,0,0,0,0,0,0,0
2026-07-28 12:56:00,ccf-aiops-西安,cr-1,cr,ens8,NULL,0,0,0,0,0,0,0,0,0
2026-07-28 12:56:00,ccf-aiops-西安,cr-1,cr,ens9,NULL,0,0,0,0,0,0,0,0,0
2026-07-28 12:56:00,ccf-aiops-西安,cr-2,cr,ens10,NULL,0,0,0,0,0,0,0,0,0
2026-07-28 12:56:00,ccf-aiops-西安,cr-2,cr,ens11,NULL,0,0,0,0,0,0,0,0,0
2026-07-28 12:56:00,ccf-aiops-西安,cr-2,cr,ens12,NULL,0,0,0,0,0,0,0,0,0
2026-07-28 12:56:00,ccf-aiops-西安,cr-2,cr,ens3,NULL,60.44444444444444,0,0.6888888888888888,0,0,0,0,0,0
2026-07-28 12:56:00,ccf-aiops-西安,cr-2,cr,ens4,backbone,2214419.288888889,364.06666666666666,1487.4444444444443,3.2888888888888888,0,0,0,0,0
2026-07-28 12:56:00,ccf-aiops-西安,cr-2,cr,ens5,backbone,484.8666666666667,2217290.533333333,4.333333333333333,1489,0,0,0,0,0
2026-07-28 12:56:00,ccf-aiops-西安,cr-2,cr,ens6,NULL,0,0,0,0,0,0,0,0,0
2026-07-28 12:56:00,ccf-aiops-西安,cr-2,cr,ens7,NULL,0,0,0,0,0,0,0,0,0
2026-07-28 12:56:00,ccf-aiops-西安,cr-2,cr,ens8,NULL,0,0,0,0,0,0,0,0,0
2026-07-28 12:56:00,ccf-aiops-西安,cr-2,cr,ens9,NULL,0,0,0,0,0,0,0,0,0
2026-07-28 12:56:00,ccf-aiops-西安,fw,firewall,ens3,NULL,149.77777777777777,68.93333333333334,1.4666666666666666,0.6888888888888888,0,0,0,0,0
2026-07-28 12:56:00,ccf-aiops-西安,fw,firewall,ens4,backbone,5203023.6,766.1111111111111,3494.4444444444443,6.7555555555555555,0,0,0,0,0
2026-07-28 12:56:00,ccf-aiops-西安,fw,firewall,ens5,business,871.9555555555555,5204168.866666666,7.666666666666667,3494.6,0,0,0,0,0
2026-07-28 12:56:00,ccf-aiops-西安,fw,firewall,ens6,NULL,0,0,0,0,0,0,0,0,0
2026-07-28 12:56:00,ccf-aiops-西安,monitor-vm,collector,ens3,NULL,191.11111111111111,69.86666666666666,2.1555555555555554,0.711111111111111,0,0,0,0,0
2026-07-28 12:56:00,ccf-aiops-西安,monitor-vm,collector,ens4,mgmt,29667,971.1333333333333,11.71111111111111,8.4,0,0,0,0,0
2026-07-28 12:56:00,ccf-aiops-西安,monitor-vm,collector,ens5,NULL,0,0,0,0,0,0,0,0,0
2026-07-28 12:56:00,ccf-aiops-西安,monitor-vm,collector,ens6,NULL,0,0,0,0,0,0,0,0,0
2026-07-28 12:56:00,ccf-aiops-西安,probe-vm,probe,ens3,NULL,61.77777777777778,0,0.711111111111111,0,0,0,0,0,0
2026-07-28 12:56:00,ccf-aiops-西安,probe-vm,probe,ens4,business,133.82222222222222,1177.2666666666667,1.111111111111111,0.4,0,0,0,0,0
2026-07-28 12:56:00,ccf-aiops-西安,probe-vm,probe,ens5,NULL,0,0,0,0,0,0,0,0,0
2026-07-28 12:56:00,ccf-aiops-西安,probe-vm,probe,ens6,NULL,0,0,0,0,0,0,0,0,0
2026-07-28 12:56:00,ccf-aiops-西安,service-vm-1,service,ens3,NULL,191.11111111111111,69.86666666666666,2.1555555555555554,0.711111111111111,0,0,0,0,0
2026-07-28 12:56:00,ccf-aiops-西安,service-vm-1,service,ens4,service,114.97777777777777,1185.0666666666666,0.9555555555555555,0.3555555555555555,0,0,0,0,0
2026-07-28 12:56:00,ccf-aiops-西安,service-vm-1,service,ens5,NULL,0,0,0,0,0,0,0,0,0
2026-07-28 12:56:00,ccf-aiops-西安,service-vm-1,service,ens6,NULL,0,0,0,0,0,0,0,0,0
2026-07-28 12:56:00,ccf-aiops-西安,service-vm-2,service,ens3,NULL,25.777777777777775,0,0.1111111111111111,0,0,0,0,0,0
2026-07-28 12:56:00,ccf-aiops-西安,service-vm-2,service,ens4,service,5391604.244444444,1198.8444444444442,3619.511111111111,0.6222222222222221,0,0,0,0,0
2026-07-28 12:56:00,ccf-aiops-西安,service-vm-2,service,ens5,NULL,0,0,0,0,0,0,0,0,0
2026-07-28 12:56:00,ccf-aiops-西安,service-vm-2,service,ens6,NULL,0,0,0,0,0,0,0,0,0
2026-07-28 12:56:00,ccf-aiops-西安,service-vm-3,service,ens3,NULL,78.93333333333334,60.888888888888886,0.3777777777777777,0.28888888888888886,0,0,0,0,0
2026-07-28 12:56:00,ccf-aiops-西安,service-vm-3,service,ens4,service,107.33333333333333,1166.3555555555554,0.8666666666666667,0.26666666666666666,0,0,0,0,0
2026-07-28 12:56:00,ccf-aiops-西安,service-vm-3,service,ens5,NULL,0,0,0,0,0,0,0,0,0
2026-07-28 12:56:00,ccf-aiops-西安,service-vm-3,service,ens6,NULL,0,0,0,0,0,0,0,0,0
2026-07-28 12:56:00,ccf-aiops-西安,traffic-vm,traffic,ens3,NULL,195.11111111111111,68.93333333333334,2.222222222222222,0.6888888888888888,0,0,0,0,0
2026-07-28 12:56:00,ccf-aiops-西安,traffic-vm,traffic,ens4,business,371.08888888888885,14063.333333333334,3.0222222222222217,3.1333333333333333,0,0,0,0,0
2026-07-28 12:56:00,ccf-aiops-西安,traffic-vm,traffic,ens5,NULL,0,0,0,0,0,0,0,0,0
2026-07-28 12:56:00,ccf-aiops-西安,traffic-vm,traffic,ens6,NULL,0,0,0,0,0,0,0,0,0
2026-07-28 12:57:00,ccf-aiops-西安,br-1,br,ens10,NULL,0,0,0,0,0,0,0,0,0
2026-07-28 12:57:00,ccf-aiops-西安,br-1,br,ens11,NULL,0,0,0,0,0,0,0,0,0
2026-07-28 12:57:00,ccf-aiops-西安,br-1,br,ens12,NULL,0,0,0,0,0,0,0,0,0
2026-07-28 12:57:00,ccf-aiops-西安,br-1,br,ens3,NULL,229.11111111111111,103.86666666666666,2.711111111111111,1.0444444444444445,0,0,0,0,0
2026-07-28 12:57:00,ccf-aiops-西安,br-1,br,ens4,backbone,355444.7555555555,88.44444444444443,239.66666666666666,0.8888888888888888,0,0,0,0,0
2026-07-28 12:57:00,ccf-aiops-西安,br-1,br,ens5,backbone,232.4,357248.8222222222,2.1555555555555554,240.17777777777778,0,0,0,0,0
2026-07-28 12:57:00,ccf-aiops-西安,br-1,br,ens6,NULL,0,0,0,0,0,0,0,0,0
2026-07-28 12:57:00,ccf-aiops-西安,br-1,br,ens7,NULL,0,0,0,0,0,0,0,0,0
2026-07-28 12:57:00,ccf-aiops-西安,br-1,br,ens8,NULL,0,0,0,0,0,0,0,0,0
2026-07-28 12:57:00,ccf-aiops-西安,br-1,br,ens9,NULL,0,0,0,0,0,0,0,0,0
2026-07-28 12:57:00,ccf-aiops-西安,br-2,br,ens10,NULL,0,0,0,0,0,0,0,0,0
2026-07-28 12:57:00,ccf-aiops-西安,br-2,br,ens11,NULL,0,0,0,0,0,0,0,0,0
2026-07-28 12:57:00,ccf-aiops-西安,br-2,br,ens12,NULL,0,0,0,0,0,0,0,0,0
2026-07-28 12:57:00,ccf-aiops-西安,br-2,br,ens3,NULL,72.3111111111111,0,0.8222222222222222,0,0.04444444444444444,0,0,0,0
2026-07-28 12:57:00,ccf-aiops-西安,br-2,br,ens4,backbone,6191085.177777777,104.73333333333333,4156.488888888888,1.0666666666666667,0,0,0,0,0
2026-07-28 12:57:00,ccf-aiops-西安,br-2,br,ens5,backbone,237.73333333333332,6192920.822222222,2.1333333333333333,4156.911111111111,0,0,0,0,0
2026-07-28 12:57:00,ccf-aiops-西安,br-2,br,ens6,NULL,0,0,0,0,0,0,0,0,0
2026-07-28 12:57:00,ccf-aiops-西安,br-2,br,ens7,NULL,0,0,0,0,0,0,0,0,0
2026-07-28 12:57:00,ccf-aiops-西安,br-2,br,ens8,NULL,0,0,0,0,0,0,0,0,0
2026-07-28 12:57:00,ccf-aiops-西安,br-2,br,ens9,NULL,0,0,0,0,0,0,0,0,0
2026-07-28 12:57:00,ccf-aiops-西安,cr-1,cr,ens10,NULL,0,0,0,0,0,0,0,0,0
2026-07-28 12:57:00,ccf-aiops-西安,cr-1,cr,ens11,NULL,0,0,0,0,0,0,0,0,0
2026-07-28 12:57:00,ccf-aiops-西安,cr-1,cr,ens12,NULL,0,0,0,0,0,0,0,0,0
2026-07-28 12:57:00,ccf-aiops-西安,cr-1,cr,ens3,NULL,172.26666666666668,103.68888888888888,1.3777777777777775,0.44444444444444453,0,0,0,0,0
2026-07-28 12:57:00,ccf-aiops-西安,cr-1,cr,ens4,backbone,5890028.288888888,149.06666666666666,3954.511111111111,1.3555555555555556,0,0,0,0,0
2026-07-28 12:57:00,ccf-aiops-西安,cr-1,cr,ens5,backbone,361.2888888888889,5891802,3.2,3956.0000000000005,0,0,0,0,0
2026-07-28 12:57:00,ccf-aiops-西安,cr-1,cr,ens6,NULL,0,0,0,0,0,0,0,0,0
2026-07-28 12:57:00,ccf-aiops-西安,cr-1,cr,ens7,NULL,0,0,0,0,0,0,0,0,0
2026-07-28 12:57:00,ccf-aiops-西安,cr-1,cr,ens8,NULL,0,0,0,0,0,0,0,0,0
2026-07-28 12:57:00,ccf-aiops-西安,cr-1,cr,ens9,NULL,0,0,0,0,0,0,0,0,0
2026-07-28 12:57:00,ccf-aiops-西安,cr-2,cr,ens10,NULL,0,0,0,0,0,0,0,0,0
2026-07-28 12:57:00,ccf-aiops-西安,cr-2,cr,ens11,NULL,0,0,0,0,0,0,0,0,0
2026-07-28 12:57:00,ccf-aiops-西安,cr-2,cr,ens12,NULL,0,0,0,0,0,0,0,0,0
2026-07-28 12:57:00,ccf-aiops-西安,cr-2,cr,ens3,NULL,62.977777777777774,0,0.8,0,0,0,0,0,0
2026-07-28 12:57:00,ccf-aiops-西安,cr-2,cr,ens4,backbone,631294.1111111111,297.8444444444444,424.26666666666665,2.733333333333334,0,0,0,0,0
2026-07-28 12:57:00,ccf-aiops-西安,cr-2,cr,ens5,backbone,424.3333333333333,633343.0888888888,3.822222222222222,425.3555555555556,0,0,0,0,0
2026-07-28 12:57:00,ccf-aiops-西安,cr-2,cr,ens6,NULL,0,0,0,0,0,0,0,0,0
2026-07-28 12:57:00,ccf-aiops-西安,cr-2,cr,ens7,NULL,0,0,0,0,0,0,0,0,0
2026-07-28 12:57:00,ccf-aiops-西安,cr-2,cr,ens8,NULL,0,0,0,0,0,0,0,0,0
2026-07-28 12:57:00,ccf-aiops-西安,cr-2,cr,ens9,NULL,0,0,0,0,0,0,0,0,0
2026-07-28 12:57:00,ccf-aiops-西安,fw,firewall,ens3,NULL,181.55555555555554,129.0222222222222,1.6888888888888889,0.9777777777777777,0,0,0,0,0
2026-07-28 12:57:00,ccf-aiops-西安,fw,firewall,ens4,backbone,6529273.666666667,648.4444444444445,4383.533333333334,5.71111111111111,0,0,0,0,0
2026-07-28 12:57:00,ccf-aiops-西安,fw,firewall,ens5,business,755.5777777777778,6530422.466666667,6.644444444444444,4383.688888888889,0,0,0,0,0
2026-07-28 12:57:00,ccf-aiops-西安,fw,firewall,ens6,NULL,0,0,0,0,0,0,0,0,0
2026-07-28 12:57:00,ccf-aiops-西安,monitor-vm,collector,ens3,NULL,223.6,130.35555555555555,2.355555555555555,0.9777777777777777,0,0,0,0,0
2026-07-28 12:57:00,ccf-aiops-西安,monitor-vm,collector,ens4,mgmt,27539.688888888886,1008.8222222222222,10.577777777777778,8.844444444444443,0,0,0,0,0
2026-07-28 12:57:00,ccf-aiops-西安,monitor-vm,collector,ens5,NULL,0,0,0,0,0,0,0,0,0
2026-07-28 12:57:00,ccf-aiops-西安,monitor-vm,collector,ens6,NULL,0,0,0,0,0,0,0,0,0
2026-07-28 12:57:00,ccf-aiops-西安,probe-vm,probe,ens3,NULL,100.62222222222222,62.35555555555555,1.0222222222222221,0.31111111111111106,0,0,0,0,0
2026-07-28 12:57:00,ccf-aiops-西安,probe-vm,probe,ens4,business,128.08888888888887,1178.911111111111,1.0444444444444445,0.4,0,0,0,0,0
2026-07-28 12:57:00,ccf-aiops-西安,probe-vm,probe,ens5,NULL,0,0,0,0,0,0,0,0,0
2026-07-28 12:57:00,ccf-aiops-西安,probe-vm,probe,ens6,NULL,0,0,0,0,0,0,0,0,0
2026-07-28 12:57:00,ccf-aiops-西安,service-vm-1,service,ens3,NULL,314.71111111111105,316.08888888888885,2.911111111111111,1.5555555555555556,0,0,0,0,0
2026-07-28 12:57:00,ccf-aiops-西安,service-vm-1,service,ens4,service,86.3111111111111,1176.8,0.6222222222222221,0.26666666666666666,0,0,0,0,0
2026-07-28 12:57:00,ccf-aiops-西安,service-vm-1,service,ens5,NULL,0,0,0,0,0,0,0,0,0
2026-07-28 12:57:00,ccf-aiops-西安,service-vm-1,service,ens6,NULL,0,0,0,0,0,0,0,0,0
2026-07-28 12:57:00,ccf-aiops-西安,service-vm-2,service,ens3,NULL,61.64444444444444,62.35555555555555,0.3777777777777777,0.31111111111111106,0,0,0,0,0
2026-07-28 12:57:00,ccf-aiops-西安,service-vm-2,service,ens4,service,6521995.333333333,1186.1555555555556,4377.955555555555,0.4666666666666667,0,0,0,0,0
2026-07-28 12:57:00,ccf-aiops-西安,service-vm-2,service,ens5,NULL,0,0,0,0,0,0,0,0,0
2026-07-28 12:57:00,ccf-aiops-西安,service-vm-2,service,ens6,NULL,0,0,0,0,0,0,0,0,0
2026-07-28 12:57:00,ccf-aiops-西安,service-vm-3,service,ens3,NULL,83.64444444444443,60.888888888888886,0.5111111111111111,0.28888888888888886,0,0,0,0,0
2026-07-28 12:57:00,ccf-aiops-西安,service-vm-3,service,ens4,service,101.6,1173.8,0.8,0.3555555555555555,0,0,0,0,0
2026-07-28 12:57:00,ccf-aiops-西安,service-vm-3,service,ens5,NULL,0,0,0,0,0,0,0,0,0
2026-07-28 12:57:00,ccf-aiops-西安,service-vm-3,service,ens6,NULL,0,0,0,0,0,0,0,0,0
2026-07-28 12:57:00,ccf-aiops-西安,traffic-vm,traffic,ens3,NULL,256.26666666666665,130.35555555555555,2.6666666666666665,0.9777777777777777,0,0,0,0,0
2026-07-28 12:57:00,ccf-aiops-西安,traffic-vm,traffic,ens4,business,399.2444444444444,14097.488888888887,3.3777777777777778,3.511111111111111,0,0,0,0,0
2026-07-28 12:57:00,ccf-aiops-西安,traffic-vm,traffic,ens5,NULL,0,0,0,0,0,0,0,0,0
2026-07-28 12:57:00,ccf-aiops-西安,traffic-vm,traffic,ens6,NULL,0,0,0,0,0,0,0,0,0
