timestamp,region,node,node_type,metric_name,label,value
2026-07-28 17:28:00,ccf-aiops-北大,br-1,br,bgp_command_success,"command=""bgp_summary""",1
2026-07-28 17:28:00,ccf-aiops-北大,br-1,br,bgp_peer_count,,4
2026-07-28 17:28:00,ccf-aiops-北大,br-1,br,bgp_peer_prefix_received,"peer=""fd00:100:10::11"",remote_as=""65002"",state=""Established""",4
2026-07-28 17:28:00,ccf-aiops-北大,br-1,br,bgp_peer_prefix_received,"peer=""fd00:100:10::21"",remote_as=""65003"",state=""Established""",6
2026-07-28 17:28:00,ccf-aiops-北大,br-1,br,bgp_peer_prefix_received,"peer=""fd00:100:10::41"",remote_as=""65005"",state=""Established""",6
2026-07-28 17:28:00,ccf-aiops-北大,br-1,br,bgp_peer_prefix_received,"peer=""fd00:100:10::51"",remote_as=""65006"",state=""Established""",7
2026-07-28 17:28:00,ccf-aiops-北大,br-1,br,bgp_peer_prefix_sent,"peer=""fd00:100:10::41"",remote_as=""65005"",state=""Established""",8
2026-07-28 17:28:00,ccf-aiops-北大,br-1,br,bgp_peer_prefix_sent,"peer=""fd00:100:10::51"",remote_as=""65006"",state=""Established""",8
2026-07-28 17:28:00,ccf-aiops-北大,br-1,br,bgp_peer_prefix_sent,"peer=""fd00:100:10::21"",remote_as=""65003"",state=""Established""",8
2026-07-28 17:28:00,ccf-aiops-北大,br-1,br,bgp_peer_prefix_sent,"peer=""fd00:100:10::11"",remote_as=""65002"",state=""Established""",8
2026-07-28 17:28:00,ccf-aiops-北大,br-1,br,bgp_peer_up,"peer=""fd00:100:10::51"",remote_as=""65006"",state=""Established""",1
2026-07-28 17:28:00,ccf-aiops-北大,br-1,br,bgp_peer_up,"peer=""fd00:100:10::41"",remote_as=""65005"",state=""Established""",1
2026-07-28 17:28:00,ccf-aiops-北大,br-1,br,bgp_peer_up,"peer=""fd00:100:10::21"",remote_as=""65003"",state=""Established""",1
2026-07-28 17:28:00,ccf-aiops-北大,br-1,br,bgp_peer_up,"peer=""fd00:100:10::11"",remote_as=""65002"",state=""Established""",1
2026-07-28 17:28:00,ccf-aiops-北大,br-1,br,bgp_peer_uptime_seconds,"peer=""fd00:100:10::21"",remote_as=""65003"",state=""Established""",667379
2026-07-28 17:28:00,ccf-aiops-北大,br-1,br,bgp_peer_uptime_seconds,"peer=""fd00:100:10::11"",remote_as=""65002"",state=""Established""",530781
2026-07-28 17:28:00,ccf-aiops-北大,br-1,br,bgp_peer_uptime_seconds,"peer=""fd00:100:10::41"",remote_as=""65005"",state=""Established""",2430436
2026-07-28 17:28:00,ccf-aiops-北大,br-1,br,bgp_peer_uptime_seconds,"peer=""fd00:100:10::51"",remote_as=""65006"",state=""Established""",2430348
2026-07-28 17:28:00,ccf-aiops-北大,br-1,br,ipv6_default_route_changed_total,,0
2026-07-28 17:28:00,ccf-aiops-北大,br-1,br,ipv6_default_route_info,"next_hop=""240a:a023::1"",dev=""ens4"",protocol=""unknown"",metric=""1024"",route_index=""0"",nh_index=""0""",1
2026-07-28 17:28:00,ccf-aiops-北大,br-1,br,ipv6_route_change_total,"prefix=""fd00:5:40::/64""",0
2026-07-28 17:28:00,ccf-aiops-北大,br-1,br,ipv6_route_change_total,"prefix=""fd00:6:40::/64""",0
2026-07-28 17:28:00,ccf-aiops-北大,br-1,br,ipv6_route_change_total,"prefix=""fd00:4:40::/64""",0
2026-07-28 17:28:00,ccf-aiops-北大,br-1,br,ipv6_route_change_total,"prefix=""fd00:3:40::/64""",0
2026-07-28 17:28:00,ccf-aiops-北大,br-1,br,ipv6_route_change_total,"prefix=""fd00:2:40::/64""",0
2026-07-28 17:28:00,ccf-aiops-北大,br-1,br,ipv6_route_change_total,"prefix=""fd00:7:40::/64""",6
2026-07-28 17:28:00,ccf-aiops-北大,br-1,br,ipv6_route_change_total,"prefix=""fd00:8:40::/64""",0
2026-07-28 17:28:00,ccf-aiops-北大,br-1,br,ipv6_route_change_total,"prefix=""fd00:1:40::/64""",0
2026-07-28 17:28:00,ccf-aiops-北大,br-1,br,ipv6_route_change_total,"prefix=""::/0""",0
2026-07-28 17:28:00,ccf-aiops-北大,br-1,br,ipv6_route_count,"protocol=""bgp""",7
2026-07-28 17:28:00,ccf-aiops-北大,br-1,br,ipv6_route_count,"protocol=""all""",20
2026-07-28 17:28:00,ccf-aiops-北大,br-1,br,ipv6_route_count,"protocol=""kernel""",8
2026-07-28 17:28:00,ccf-aiops-北大,br-1,br,ipv6_route_count,"protocol=""ospf""",2
2026-07-28 17:28:00,ccf-aiops-北大,br-1,br,ipv6_route_count,"protocol=""unknown""",3
2026-07-28 17:28:00,ccf-aiops-北大,br-1,br,ipv6_route_exists,"prefix=""fd00:5:40::/64""",1
2026-07-28 17:28:00,ccf-aiops-北大,br-1,br,ipv6_route_exists,"prefix=""fd00:1:40::/64""",1
2026-07-28 17:28:00,ccf-aiops-北大,br-1,br,ipv6_route_exists,"prefix=""fd00:2:40::/64""",1
2026-07-28 17:28:00,ccf-aiops-北大,br-1,br,ipv6_route_exists,"prefix=""fd00:3:40::/64""",1
2026-07-28 17:28:00,ccf-aiops-北大,br-1,br,ipv6_route_exists,"prefix=""fd00:8:40::/64""",1
2026-07-28 17:28:00,ccf-aiops-北大,br-1,br,ipv6_route_exists,"prefix=""::/0""",1
2026-07-28 17:28:00,ccf-aiops-北大,br-1,br,ipv6_route_exists,"prefix=""fd00:7:40::/64""",1
2026-07-28 17:28:00,ccf-aiops-北大,br-1,br,ipv6_route_exists,"prefix=""fd00:6:40::/64""",1
2026-07-28 17:28:00,ccf-aiops-北大,br-1,br,ipv6_route_exists,"prefix=""fd00:4:40::/64""",1
2026-07-28 17:28:00,ccf-aiops-北大,br-1,br,ipv6_route_nexthop_info,"prefix=""fd00:1:40::/64"",next_hop=""fe80::12:4"",dev=""ens5"",protocol=""ospf"",metric=""20"",route_index=""0"",nh_index=""1""",1
2026-07-28 17:28:00,ccf-aiops-北大,br-1,br,ipv6_route_nexthop_info,"prefix=""fd00:1:40::/64"",next_hop=""fe80::11:4"",dev=""ens5"",protocol=""ospf"",metric=""20"",route_index=""0"",nh_index=""0""",1
2026-07-28 17:28:00,ccf-aiops-北大,br-1,br,ipv6_route_nexthop_info,"prefix=""::/0"",next_hop=""240a:a023::1"",dev=""ens4"",protocol=""unknown"",metric=""1024"",route_index=""0"",nh_index=""0""",1
2026-07-28 17:28:00,ccf-aiops-北大,br-1,br,ipv6_route_nexthop_info,"prefix=""fd00:2:40::/64"",next_hop=""fe80::100:10:11"",dev=""ens4"",protocol=""bgp"",metric=""20"",route_index=""0"",nh_index=""0""",1
2026-07-28 17:28:00,ccf-aiops-北大,br-1,br,ipv6_route_nexthop_info,"prefix=""fd00:3:40::/64"",next_hop=""fe80::100:10:21"",dev=""ens4"",protocol=""bgp"",metric=""20"",route_index=""0"",nh_index=""0""",1
2026-07-28 17:28:00,ccf-aiops-北大,br-1,br,ipv6_route_nexthop_info,"prefix=""fd00:4:40::/64"",next_hop=""fe80::100:10:41"",dev=""ens4"",protocol=""bgp"",metric=""20"",route_index=""0"",nh_index=""0""",1
2026-07-28 17:28:00,ccf-aiops-北大,br-1,br,ipv6_route_nexthop_info,"prefix=""fd00:5:40::/64"",next_hop=""fe80::100:10:41"",dev=""ens4"",protocol=""bgp"",metric=""20"",route_index=""0"",nh_index=""0""",1
2026-07-28 17:28:00,ccf-aiops-北大,br-1,br,ipv6_route_nexthop_info,"prefix=""fd00:8:40::/64"",next_hop=""fe80::100:10:41"",dev=""ens4"",protocol=""bgp"",metric=""20"",route_index=""0"",nh_index=""0""",1
2026-07-28 17:28:00,ccf-aiops-北大,br-1,br,ipv6_route_nexthop_info,"prefix=""fd00:7:40::/64"",next_hop=""fe80::100:10:51"",dev=""ens4"",protocol=""bgp"",metric=""20"",route_index=""0"",nh_index=""0""",1
2026-07-28 17:28:00,ccf-aiops-北大,br-1,br,ipv6_route_nexthop_info,"prefix=""fd00:6:40::/64"",next_hop=""fe80::100:10:51"",dev=""ens4"",protocol=""bgp"",metric=""20"",route_index=""0"",nh_index=""0""",1
2026-07-28 17:28:00,ccf-aiops-北大,br-1,br,ospf6_interface_cost,"interface=""ens5""",1
2026-07-28 17:28:00,ccf-aiops-北大,br-1,br,ospf6_interface_enabled,"interface=""ens3""",1
2026-07-28 17:28:00,ccf-aiops-北大,br-1,br,ospf6_interface_enabled,"interface=""ens11""",1
2026-07-28 17:28:00,ccf-aiops-北大,br-1,br,ospf6_interface_enabled,"interface=""ens4""",1
2026-07-28 17:28:00,ccf-aiops-北大,br-1,br,ospf6_interface_enabled,"interface=""ens5""",1
2026-07-28 17:28:00,ccf-aiops-北大,br-1,br,ospf6_interface_enabled,"interface=""ens6""",1
2026-07-28 17:28:00,ccf-aiops-北大,br-1,br,ospf6_interface_enabled,"interface=""ens7""",1
2026-07-28 17:28:00,ccf-aiops-北大,br-1,br,ospf6_interface_enabled,"interface=""ens8""",1
2026-07-28 17:28:00,ccf-aiops-北大,br-1,br,ospf6_interface_enabled,"interface=""ens9""",1
2026-07-28 17:28:00,ccf-aiops-北大,br-1,br,ospf6_interface_enabled,"interface=""virbr0""",0
2026-07-28 17:28:00,ccf-aiops-北大,br-1,br,ospf6_interface_enabled,"interface=""lo""",1
2026-07-28 17:28:00,ccf-aiops-北大,br-1,br,ospf6_interface_enabled,"interface=""ens12""",1
2026-07-28 17:28:00,ccf-aiops-北大,br-1,br,ospf6_interface_enabled,"interface=""ens10""",1
2026-07-28 17:28:00,ccf-aiops-北大,br-1,br,ospf6_neighbor_state_code,"state=""Full"",interface=""ens5"",neighbor_id=""1.1.1.11""",6
2026-07-28 17:28:00,ccf-aiops-北大,br-1,br,ospf6_neighbor_state_code,"state=""Full"",interface=""ens5"",neighbor_id=""1.1.1.12""",6
2026-07-28 17:28:00,ccf-aiops-北大,br-1,br,ospf6_neighbor_state_code,"state=""Twoway"",interface=""ens5"",neighbor_id=""1.1.1.2""",2
2026-07-28 17:28:00,ccf-aiops-北大,br-2,br,bgp_command_success,"command=""bgp_summary""",1
2026-07-28 17:28:00,ccf-aiops-北大,br-2,br,bgp_peer_count,,4
2026-07-28 17:28:00,ccf-aiops-北大,br-2,br,bgp_peer_prefix_received,"peer=""fd00:100:10::52"",remote_as=""65006"",state=""Established""",6
2026-07-28 17:28:00,ccf-aiops-北大,br-2,br,bgp_peer_prefix_received,"peer=""fd00:100:10::42"",remote_as=""65005"",state=""Established""",6
2026-07-28 17:28:00,ccf-aiops-北大,br-2,br,bgp_peer_prefix_received,"peer=""fd00:100:10::22"",remote_as=""65003"",state=""Established""",5
2026-07-28 17:28:00,ccf-aiops-北大,br-2,br,bgp_peer_prefix_received,"peer=""fd00:100:10::12"",remote_as=""65002"",state=""Established""",4
2026-07-28 17:28:00,ccf-aiops-北大,br-2,br,bgp_peer_prefix_sent,"peer=""fd00:100:10::42"",remote_as=""65005"",state=""Established""",8
2026-07-28 17:28:00,ccf-aiops-北大,br-2,br,bgp_peer_prefix_sent,"peer=""fd00:100:10::22"",remote_as=""65003"",state=""Established""",8
2026-07-28 17:28:00,ccf-aiops-北大,br-2,br,bgp_peer_prefix_sent,"peer=""fd00:100:10::12"",remote_as=""65002"",state=""Established""",8
2026-07-28 17:28:00,ccf-aiops-北大,br-2,br,bgp_peer_prefix_sent,"peer=""fd00:100:10::52"",remote_as=""65006"",state=""Established""",8
2026-07-28 17:28:00,ccf-aiops-北大,br-2,br,bgp_peer_up,"peer=""fd00:100:10::52"",remote_as=""65006"",state=""Established""",1
2026-07-28 17:28:00,ccf-aiops-北大,br-2,br,bgp_peer_up,"peer=""fd00:100:10::42"",remote_as=""65005"",state=""Established""",1
2026-07-28 17:28:00,ccf-aiops-北大,br-2,br,bgp_peer_up,"peer=""fd00:100:10::22"",remote_as=""65003"",state=""Established""",1
2026-07-28 17:28:00,ccf-aiops-北大,br-2,br,bgp_peer_up,"peer=""fd00:100:10::12"",remote_as=""65002"",state=""Established""",1
2026-07-28 17:28:00,ccf-aiops-北大,br-2,br,bgp_peer_uptime_seconds,"peer=""fd00:100:10::12"",remote_as=""65002"",state=""Established""",530739
2026-07-28 17:28:00,ccf-aiops-北大,br-2,br,bgp_peer_uptime_seconds,"peer=""fd00:100:10::22"",remote_as=""65003"",state=""Established""",1360704
2026-07-28 17:28:00,ccf-aiops-北大,br-2,br,bgp_peer_uptime_seconds,"peer=""fd00:100:10::42"",remote_as=""65005"",state=""Established""",2430447
2026-07-28 17:28:00,ccf-aiops-北大,br-2,br,bgp_peer_uptime_seconds,"peer=""fd00:100:10::52"",remote_as=""65006"",state=""Established""",2430354
2026-07-28 17:28:00,ccf-aiops-北大,br-2,br,ipv6_default_route_changed_total,,0
2026-07-28 17:28:00,ccf-aiops-北大,br-2,br,ipv6_default_route_info,"next_hop=""240a:a023::1"",dev=""ens4"",protocol=""unknown"",metric=""1024"",route_index=""0"",nh_index=""0""",1
2026-07-28 17:28:00,ccf-aiops-北大,br-2,br,ipv6_route_change_total,"prefix=""fd00:1:40::/64""",0
2026-07-28 17:28:00,ccf-aiops-北大,br-2,br,ipv6_route_change_total,"prefix=""fd00:2:40::/64""",0
2026-07-28 17:28:00,ccf-aiops-北大,br-2,br,ipv6_route_change_total,"prefix=""fd00:3:40::/64""",0
2026-07-28 17:28:00,ccf-aiops-北大,br-2,br,ipv6_route_change_total,"prefix=""fd00:4:40::/64""",0
2026-07-28 17:28:00,ccf-aiops-北大,br-2,br,ipv6_route_change_total,"prefix=""fd00:5:40::/64""",0
2026-07-28 17:28:00,ccf-aiops-北大,br-2,br,ipv6_route_change_total,"prefix=""fd00:6:40::/64""",0
2026-07-28 17:28:00,ccf-aiops-北大,br-2,br,ipv6_route_change_total,"prefix=""fd00:7:40::/64""",4
2026-07-28 17:28:00,ccf-aiops-北大,br-2,br,ipv6_route_change_total,"prefix=""fd00:8:40::/64""",0
2026-07-28 17:28:00,ccf-aiops-北大,br-2,br,ipv6_route_change_total,"prefix=""::/0""",0
2026-07-28 17:28:00,ccf-aiops-北大,br-2,br,ipv6_route_count,"protocol=""ospf""",2
2026-07-28 17:28:00,ccf-aiops-北大,br-2,br,ipv6_route_count,"protocol=""all""",19
2026-07-28 17:28:00,ccf-aiops-北大,br-2,br,ipv6_route_count,"protocol=""bgp""",7
2026-07-28 17:28:00,ccf-aiops-北大,br-2,br,ipv6_route_count,"protocol=""unknown""",3
2026-07-28 17:28:00,ccf-aiops-北大,br-2,br,ipv6_route_count,"protocol=""kernel""",7
2026-07-28 17:28:00,ccf-aiops-北大,br-2,br,ipv6_route_exists,"prefix=""::/0""",1
2026-07-28 17:28:00,ccf-aiops-北大,br-2,br,ipv6_route_exists,"prefix=""fd00:1:40::/64""",1
2026-07-28 17:28:00,ccf-aiops-北大,br-2,br,ipv6_route_exists,"prefix=""fd00:2:40::/64""",1
2026-07-28 17:28:00,ccf-aiops-北大,br-2,br,ipv6_route_exists,"prefix=""fd00:4:40::/64""",1
2026-07-28 17:28:00,ccf-aiops-北大,br-2,br,ipv6_route_exists,"prefix=""fd00:3:40::/64""",1
2026-07-28 17:28:00,ccf-aiops-北大,br-2,br,ipv6_route_exists,"prefix=""fd00:5:40::/64""",1
2026-07-28 17:28:00,ccf-aiops-北大,br-2,br,ipv6_route_exists,"prefix=""fd00:6:40::/64""",1
2026-07-28 17:28:00,ccf-aiops-北大,br-2,br,ipv6_route_exists,"prefix=""fd00:7:40::/64""",1
2026-07-28 17:28:00,ccf-aiops-北大,br-2,br,ipv6_route_exists,"prefix=""fd00:8:40::/64""",1
2026-07-28 17:28:00,ccf-aiops-北大,br-2,br,ipv6_route_nexthop_info,"prefix=""fd00:1:40::/64"",next_hop=""fe80::12:4"",dev=""ens5"",protocol=""ospf"",metric=""20"",route_index=""0"",nh_index=""1""",1
2026-07-28 17:28:00,ccf-aiops-北大,br-2,br,ipv6_route_nexthop_info,"prefix=""fd00:4:40::/64"",next_hop=""fe80::100:10:42"",dev=""ens4"",protocol=""bgp"",metric=""20"",route_index=""0"",nh_index=""0""",1
2026-07-28 17:28:00,ccf-aiops-北大,br-2,br,ipv6_route_nexthop_info,"prefix=""fd00:1:40::/64"",next_hop=""fe80::11:4"",dev=""ens5"",protocol=""ospf"",metric=""20"",route_index=""0"",nh_index=""0""",1
2026-07-28 17:28:00,ccf-aiops-北大,br-2,br,ipv6_route_nexthop_info,"prefix=""fd00:6:40::/64"",next_hop=""fe80::100:10:52"",dev=""ens4"",protocol=""bgp"",metric=""20"",route_index=""0"",nh_index=""0""",1
2026-07-28 17:28:00,ccf-aiops-北大,br-2,br,ipv6_route_nexthop_info,"prefix=""fd00:8:40::/64"",next_hop=""fe80::100:10:42"",dev=""ens4"",protocol=""bgp"",metric=""20"",route_index=""0"",nh_index=""0""",1
2026-07-28 17:28:00,ccf-aiops-北大,br-2,br,ipv6_route_nexthop_info,"prefix=""fd00:7:40::/64"",next_hop=""fe80::100:10:42"",dev=""ens4"",protocol=""bgp"",metric=""20"",route_index=""0"",nh_index=""0""",1
2026-07-28 17:28:00,ccf-aiops-北大,br-2,br,ipv6_route_nexthop_info,"prefix=""::/0"",next_hop=""240a:a023::1"",dev=""ens4"",protocol=""unknown"",metric=""1024"",route_index=""0"",nh_index=""0""",1
2026-07-28 17:28:00,ccf-aiops-北大,br-2,br,ipv6_route_nexthop_info,"prefix=""fd00:2:40::/64"",next_hop=""fe80::100:10:12"",dev=""ens4"",protocol=""bgp"",metric=""20"",route_index=""0"",nh_index=""0""",1
2026-07-28 17:28:00,ccf-aiops-北大,br-2,br,ipv6_route_nexthop_info,"prefix=""fd00:5:40::/64"",next_hop=""fe80::100:10:42"",dev=""ens4"",protocol=""bgp"",metric=""20"",route_index=""0"",nh_index=""0""",1
2026-07-28 17:28:00,ccf-aiops-北大,br-2,br,ipv6_route_nexthop_info,"prefix=""fd00:3:40::/64"",next_hop=""fe80::100:10:22"",dev=""ens4"",protocol=""bgp"",metric=""20"",route_index=""0"",nh_index=""0""",1
2026-07-28 17:28:00,ccf-aiops-北大,br-2,br,ospf6_interface_cost,"interface=""ens5""",1
2026-07-28 17:28:00,ccf-aiops-北大,br-2,br,ospf6_interface_enabled,"interface=""lo""",1
2026-07-28 17:28:00,ccf-aiops-北大,br-2,br,ospf6_interface_enabled,"interface=""virbr0""",0
2026-07-28 17:28:00,ccf-aiops-北大,br-2,br,ospf6_interface_enabled,"interface=""ens6""",1
2026-07-28 17:28:00,ccf-aiops-北大,br-2,br,ospf6_interface_enabled,"interface=""ens9""",1
2026-07-28 17:28:00,ccf-aiops-北大,br-2,br,ospf6_interface_enabled,"interface=""ens7""",1
2026-07-28 17:28:00,ccf-aiops-北大,br-2,br,ospf6_interface_enabled,"interface=""ens8""",1
2026-07-28 17:28:00,ccf-aiops-北大,br-2,br,ospf6_interface_enabled,"interface=""ens4""",1
2026-07-28 17:28:00,ccf-aiops-北大,br-2,br,ospf6_interface_enabled,"interface=""ens5""",1
2026-07-28 17:28:00,ccf-aiops-北大,br-2,br,ospf6_interface_enabled,"interface=""ens3""",1
2026-07-28 17:28:00,ccf-aiops-北大,br-2,br,ospf6_interface_enabled,"interface=""ens12""",1
2026-07-28 17:28:00,ccf-aiops-北大,br-2,br,ospf6_interface_enabled,"interface=""ens11""",1
2026-07-28 17:28:00,ccf-aiops-北大,br-2,br,ospf6_interface_enabled,"interface=""ens10""",1
2026-07-28 17:28:00,ccf-aiops-北大,br-2,br,ospf6_neighbor_state_code,"state=""Full"",interface=""ens5"",neighbor_id=""1.1.1.12""",6
2026-07-28 17:28:00,ccf-aiops-北大,br-2,br,ospf6_neighbor_state_code,"state=""Full"",interface=""ens5"",neighbor_id=""1.1.1.11""",6
2026-07-28 17:28:00,ccf-aiops-北大,br-2,br,ospf6_neighbor_state_code,"state=""Twoway"",interface=""ens5"",neighbor_id=""1.1.1.1""",2
2026-07-28 17:28:00,ccf-aiops-北大,cr-1,cr,ipv6_default_route_changed_total,,0
2026-07-28 17:28:00,ccf-aiops-北大,cr-1,cr,ipv6_default_route_info,"next_hop=""fd00:1:20::1"",dev=""ens4"",protocol=""196"",metric=""20"",route_index=""0"",nh_index=""0""",1
2026-07-28 17:28:00,ccf-aiops-北大,cr-1,cr,ipv6_default_route_info,"next_hop=""fd00:1:20::2"",dev=""ens4"",protocol=""196"",metric=""20"",route_index=""0"",nh_index=""1""",1
2026-07-28 17:28:00,ccf-aiops-北大,cr-1,cr,ipv6_route_change_total,"prefix=""fd00:6:40::/64""",0
2026-07-28 17:28:00,ccf-aiops-北大,cr-1,cr,ipv6_route_change_total,"prefix=""fd00:7:40::/64""",0
2026-07-28 17:28:00,ccf-aiops-北大,cr-1,cr,ipv6_route_change_total,"prefix=""fd00:8:40::/64""",0
2026-07-28 17:28:00,ccf-aiops-北大,cr-1,cr,ipv6_route_change_total,"prefix=""::/0""",0
2026-07-28 17:28:00,ccf-aiops-北大,cr-1,cr,ipv6_route_change_total,"prefix=""fd00:1:40::/64""",0
2026-07-28 17:28:00,ccf-aiops-北大,cr-1,cr,ipv6_route_change_total,"prefix=""fd00:2:40::/64""",0
2026-07-28 17:28:00,ccf-aiops-北大,cr-1,cr,ipv6_route_change_total,"prefix=""fd00:3:40::/64""",0
2026-07-28 17:28:00,ccf-aiops-北大,cr-1,cr,ipv6_route_change_total,"prefix=""fd00:4:40::/64""",0
2026-07-28 17:28:00,ccf-aiops-北大,cr-1,cr,ipv6_route_change_total,"prefix=""fd00:5:40::/64""",0
2026-07-28 17:28:00,ccf-aiops-北大,cr-1,cr,ipv6_route_count,"protocol=""all""",15
2026-07-28 17:28:00,ccf-aiops-北大,cr-1,cr,ipv6_route_count,"protocol=""196""",2
2026-07-28 17:28:00,ccf-aiops-北大,cr-1,cr,ipv6_route_count,"protocol=""kernel""",6
2026-07-28 17:28:00,ccf-aiops-北大,cr-1,cr,ipv6_route_count,"protocol=""ospf""",7
2026-07-28 17:28:00,ccf-aiops-北大,cr-1,cr,ipv6_route_exists,"prefix=""fd00:8:40::/64""",1
2026-07-28 17:28:00,ccf-aiops-北大,cr-1,cr,ipv6_route_exists,"prefix=""::/0""",1
2026-07-28 17:28:00,ccf-aiops-北大,cr-1,cr,ipv6_route_exists,"prefix=""fd00:1:40::/64""",1
2026-07-28 17:28:00,ccf-aiops-北大,cr-1,cr,ipv6_route_exists,"prefix=""fd00:2:40::/64""",1
2026-07-28 17:28:00,ccf-aiops-北大,cr-1,cr,ipv6_route_exists,"prefix=""fd00:3:40::/64""",1
2026-07-28 17:28:00,ccf-aiops-北大,cr-1,cr,ipv6_route_exists,"prefix=""fd00:4:40::/64""",1
2026-07-28 17:28:00,ccf-aiops-北大,cr-1,cr,ipv6_route_exists,"prefix=""fd00:5:40::/64""",1
2026-07-28 17:28:00,ccf-aiops-北大,cr-1,cr,ipv6_route_exists,"prefix=""fd00:6:40::/64""",1
2026-07-28 17:28:00,ccf-aiops-北大,cr-1,cr,ipv6_route_exists,"prefix=""fd00:7:40::/64""",1
2026-07-28 17:28:00,ccf-aiops-北大,cr-1,cr,ipv6_route_nexthop_info,"prefix=""fd00:1:40::/64"",next_hop=""fd00:1:30::254"",dev=""ens5"",protocol=""196"",metric=""20"",route_index=""0"",nh_index=""0""",1
2026-07-28 17:28:00,ccf-aiops-北大,cr-1,cr,ipv6_route_nexthop_info,"prefix=""fd00:3:40::/64"",next_hop=""fe80::2:5"",dev=""ens4"",protocol=""ospf"",metric=""20"",route_index=""0"",nh_index=""1""",1
2026-07-28 17:28:00,ccf-aiops-北大,cr-1,cr,ipv6_route_nexthop_info,"prefix=""fd00:8:40::/64"",next_hop=""fe80::2:5"",dev=""ens4"",protocol=""ospf"",metric=""20"",route_index=""0"",nh_index=""1""",1
2026-07-28 17:28:00,ccf-aiops-北大,cr-1,cr,ipv6_route_nexthop_info,"prefix=""fd00:2:40::/64"",next_hop=""fe80::1:5"",dev=""ens4"",protocol=""ospf"",metric=""20"",route_index=""0"",nh_index=""0""",1
2026-07-28 17:28:00,ccf-aiops-北大,cr-1,cr,ipv6_route_nexthop_info,"prefix=""fd00:2:40::/64"",next_hop=""fe80::2:5"",dev=""ens4"",protocol=""ospf"",metric=""20"",route_index=""0"",nh_index=""1""",1
2026-07-28 17:28:00,ccf-aiops-北大,cr-1,cr,ipv6_route_nexthop_info,"prefix=""fd00:8:40::/64"",next_hop=""fe80::1:5"",dev=""ens4"",protocol=""ospf"",metric=""20"",route_index=""0"",nh_index=""0""",1
2026-07-28 17:28:00,ccf-aiops-北大,cr-1,cr,ipv6_route_nexthop_info,"prefix=""fd00:7:40::/64"",next_hop=""fe80::2:5"",dev=""ens4"",protocol=""ospf"",metric=""20"",route_index=""0"",nh_index=""1""",1
2026-07-28 17:28:00,ccf-aiops-北大,cr-1,cr,ipv6_route_nexthop_info,"prefix=""fd00:7:40::/64"",next_hop=""fe80::1:5"",dev=""ens4"",protocol=""ospf"",metric=""20"",route_index=""0"",nh_index=""0""",1
2026-07-28 17:28:00,ccf-aiops-北大,cr-1,cr,ipv6_route_nexthop_info,"prefix=""fd00:6:40::/64"",next_hop=""fe80::1:5"",dev=""ens4"",protocol=""ospf"",metric=""20"",route_index=""0"",nh_index=""0""",1
2026-07-28 17:28:00,ccf-aiops-北大,cr-1,cr,ipv6_route_nexthop_info,"prefix=""fd00:5:40::/64"",next_hop=""fe80::1:5"",dev=""ens4"",protocol=""ospf"",metric=""20"",route_index=""0"",nh_index=""0""",1
2026-07-28 17:28:00,ccf-aiops-北大,cr-1,cr,ipv6_route_nexthop_info,"prefix=""fd00:4:40::/64"",next_hop=""fe80::1:5"",dev=""ens4"",protocol=""ospf"",metric=""20"",route_index=""0"",nh_index=""0""",1
2026-07-28 17:28:00,ccf-aiops-北大,cr-1,cr,ipv6_route_nexthop_info,"prefix=""fd00:3:40::/64"",next_hop=""fe80::1:5"",dev=""ens4"",protocol=""ospf"",metric=""20"",route_index=""0"",nh_index=""0""",1
2026-07-28 17:28:00,ccf-aiops-北大,cr-1,cr,ipv6_route_nexthop_info,"prefix=""::/0"",next_hop=""fd00:1:20::2"",dev=""ens4"",protocol=""196"",metric=""20"",route_index=""0"",nh_index=""1""",1
2026-07-28 17:28:00,ccf-aiops-北大,cr-1,cr,ipv6_route_nexthop_info,"prefix=""::/0"",next_hop=""fd00:1:20::1"",dev=""ens4"",protocol=""196"",metric=""20"",route_index=""0"",nh_index=""0""",1
2026-07-28 17:28:00,ccf-aiops-北大,cr-1,cr,ipv6_route_nexthop_info,"prefix=""fd00:4:40::/64"",next_hop=""fe80::2:5"",dev=""ens4"",protocol=""ospf"",metric=""20"",route_index=""0"",nh_index=""1""",1
2026-07-28 17:28:00,ccf-aiops-北大,cr-1,cr,ipv6_route_nexthop_info,"prefix=""fd00:5:40::/64"",next_hop=""fe80::2:5"",dev=""ens4"",protocol=""ospf"",metric=""20"",route_index=""0"",nh_index=""1""",1
2026-07-28 17:28:00,ccf-aiops-北大,cr-1,cr,ipv6_route_nexthop_info,"prefix=""fd00:6:40::/64"",next_hop=""fe80::2:5"",dev=""ens4"",protocol=""ospf"",metric=""20"",route_index=""0"",nh_index=""1""",1
2026-07-28 17:28:00,ccf-aiops-北大,cr-1,cr,ospf6_interface_cost,"interface=""ens4""",1
2026-07-28 17:28:00,ccf-aiops-北大,cr-1,cr,ospf6_interface_cost,"interface=""ens5""",1
2026-07-28 17:28:00,ccf-aiops-北大,cr-1,cr,ospf6_interface_enabled,"interface=""ens11""",1
2026-07-28 17:28:00,ccf-aiops-北大,cr-1,cr,ospf6_interface_enabled,"interface=""ens10""",1
2026-07-28 17:28:00,ccf-aiops-北大,cr-1,cr,ospf6_interface_enabled,"interface=""ens12""",1
2026-07-28 17:28:00,ccf-aiops-北大,cr-1,cr,ospf6_interface_enabled,"interface=""ens3""",1
2026-07-28 17:28:00,ccf-aiops-北大,cr-1,cr,ospf6_interface_enabled,"interface=""ens4""",1
2026-07-28 17:28:00,ccf-aiops-北大,cr-1,cr,ospf6_interface_enabled,"interface=""ens5""",1
2026-07-28 17:28:00,ccf-aiops-北大,cr-1,cr,ospf6_interface_enabled,"interface=""ens6""",1
2026-07-28 17:28:00,ccf-aiops-北大,cr-1,cr,ospf6_interface_enabled,"interface=""ens7""",1
2026-07-28 17:28:00,ccf-aiops-北大,cr-1,cr,ospf6_interface_enabled,"interface=""ens8""",1
2026-07-28 17:28:00,ccf-aiops-北大,cr-1,cr,ospf6_interface_enabled,"interface=""ens9""",1
2026-07-28 17:28:00,ccf-aiops-北大,cr-1,cr,ospf6_interface_enabled,"interface=""lo""",1
2026-07-28 17:28:00,ccf-aiops-北大,cr-1,cr,ospf6_interface_enabled,"interface=""virbr0""",0
2026-07-28 17:28:00,ccf-aiops-北大,cr-1,cr,ospf6_neighbor_state_code,"state=""Full"",interface=""ens4"",neighbor_id=""1.1.1.2""",6
2026-07-28 17:28:00,ccf-aiops-北大,cr-1,cr,ospf6_neighbor_state_code,"state=""Full"",interface=""ens4"",neighbor_id=""1.1.1.12""",6
2026-07-28 17:28:00,ccf-aiops-北大,cr-1,cr,ospf6_neighbor_state_code,"state=""Full"",interface=""ens5"",neighbor_id=""1.1.1.12""",6
2026-07-28 17:28:00,ccf-aiops-北大,cr-1,cr,ospf6_neighbor_state_code,"state=""Full"",interface=""ens4"",neighbor_id=""1.1.1.1""",6
2026-07-28 17:28:00,ccf-aiops-北大,cr-1,cr,bgp_command_success,,
2026-07-28 17:28:00,ccf-aiops-北大,cr-1,cr,bgp_peer_up,,
2026-07-28 17:28:00,ccf-aiops-北大,cr-1,cr,bgp_peer_uptime_seconds,,
2026-07-28 17:28:00,ccf-aiops-北大,cr-1,cr,bgp_peer_prefix_received,,
2026-07-28 17:28:00,ccf-aiops-北大,cr-1,cr,bgp_peer_prefix_sent,,
2026-07-28 17:28:00,ccf-aiops-北大,cr-1,cr,bgp_peer_count,,
2026-07-28 17:28:00,ccf-aiops-北大,cr-2,cr,ipv6_default_route_changed_total,,0
2026-07-28 17:28:00,ccf-aiops-北大,cr-2,cr,ipv6_default_route_info,"next_hop=""fd00:1:20::1"",dev=""ens4"",protocol=""196"",metric=""20"",route_index=""0"",nh_index=""0""",1
2026-07-28 17:28:00,ccf-aiops-北大,cr-2,cr,ipv6_default_route_info,"next_hop=""fd00:1:20::2"",dev=""ens4"",protocol=""196"",metric=""20"",route_index=""0"",nh_index=""1""",1
2026-07-28 17:28:00,ccf-aiops-北大,cr-2,cr,ipv6_route_change_total,"prefix=""fd00:8:40::/64""",0
2026-07-28 17:28:00,ccf-aiops-北大,cr-2,cr,ipv6_route_change_total,"prefix=""fd00:7:40::/64""",0
2026-07-28 17:28:00,ccf-aiops-北大,cr-2,cr,ipv6_route_change_total,"prefix=""fd00:6:40::/64""",0
2026-07-28 17:28:00,ccf-aiops-北大,cr-2,cr,ipv6_route_change_total,"prefix=""fd00:5:40::/64""",0
2026-07-28 17:28:00,ccf-aiops-北大,cr-2,cr,ipv6_route_change_total,"prefix=""fd00:4:40::/64""",0
2026-07-28 17:28:00,ccf-aiops-北大,cr-2,cr,ipv6_route_change_total,"prefix=""fd00:3:40::/64""",0
2026-07-28 17:28:00,ccf-aiops-北大,cr-2,cr,ipv6_route_change_total,"prefix=""fd00:2:40::/64""",0
2026-07-28 17:28:00,ccf-aiops-北大,cr-2,cr,ipv6_route_change_total,"prefix=""fd00:1:40::/64""",0
2026-07-28 17:28:00,ccf-aiops-北大,cr-2,cr,ipv6_route_change_total,"prefix=""::/0""",0
2026-07-28 17:28:00,ccf-aiops-北大,cr-2,cr,ipv6_route_count,"protocol=""all""",15
2026-07-28 17:28:00,ccf-aiops-北大,cr-2,cr,ipv6_route_count,"protocol=""196""",2
2026-07-28 17:28:00,ccf-aiops-北大,cr-2,cr,ipv6_route_count,"protocol=""kernel""",6
2026-07-28 17:28:00,ccf-aiops-北大,cr-2,cr,ipv6_route_count,"protocol=""ospf""",7
2026-07-28 17:28:00,ccf-aiops-北大,cr-2,cr,ipv6_route_exists,"prefix=""fd00:3:40::/64""",1
2026-07-28 17:28:00,ccf-aiops-北大,cr-2,cr,ipv6_route_exists,"prefix=""::/0""",1
2026-07-28 17:28:00,ccf-aiops-北大,cr-2,cr,ipv6_route_exists,"prefix=""fd00:8:40::/64""",1
2026-07-28 17:28:00,ccf-aiops-北大,cr-2,cr,ipv6_route_exists,"prefix=""fd00:7:40::/64""",1
2026-07-28 17:28:00,ccf-aiops-北大,cr-2,cr,ipv6_route_exists,"prefix=""fd00:6:40::/64""",1
2026-07-28 17:28:00,ccf-aiops-北大,cr-2,cr,ipv6_route_exists,"prefix=""fd00:5:40::/64""",1
2026-07-28 17:28:00,ccf-aiops-北大,cr-2,cr,ipv6_route_exists,"prefix=""fd00:4:40::/64""",1
2026-07-28 17:28:00,ccf-aiops-北大,cr-2,cr,ipv6_route_exists,"prefix=""fd00:2:40::/64""",1
2026-07-28 17:28:00,ccf-aiops-北大,cr-2,cr,ipv6_route_exists,"prefix=""fd00:1:40::/64""",1
2026-07-28 17:28:00,ccf-aiops-北大,cr-2,cr,ipv6_route_nexthop_info,"prefix=""::/0"",next_hop=""fd00:1:20::2"",dev=""ens4"",protocol=""196"",metric=""20"",route_index=""0"",nh_index=""1""",1
2026-07-28 17:28:00,ccf-aiops-北大,cr-2,cr,ipv6_route_nexthop_info,"prefix=""::/0"",next_hop=""fd00:1:20::1"",dev=""ens4"",protocol=""196"",metric=""20"",route_index=""0"",nh_index=""0""",1
2026-07-28 17:28:00,ccf-aiops-北大,cr-2,cr,ipv6_route_nexthop_info,"prefix=""fd00:2:40::/64"",next_hop=""fe80::1:5"",dev=""ens4"",protocol=""ospf"",metric=""20"",route_index=""0"",nh_index=""0""",1
2026-07-28 17:28:00,ccf-aiops-北大,cr-2,cr,ipv6_route_nexthop_info,"prefix=""fd00:3:40::/64"",next_hop=""fe80::1:5"",dev=""ens4"",protocol=""ospf"",metric=""20"",route_index=""0"",nh_index=""0""",1
2026-07-28 17:28:00,ccf-aiops-北大,cr-2,cr,ipv6_route_nexthop_info,"prefix=""fd00:4:40::/64"",next_hop=""fe80::1:5"",dev=""ens4"",protocol=""ospf"",metric=""20"",route_index=""0"",nh_index=""0""",1
2026-07-28 17:28:00,ccf-aiops-北大,cr-2,cr,ipv6_route_nexthop_info,"prefix=""fd00:5:40::/64"",next_hop=""fe80::1:5"",dev=""ens4"",protocol=""ospf"",metric=""20"",route_index=""0"",nh_index=""0""",1
2026-07-28 17:28:00,ccf-aiops-北大,cr-2,cr,ipv6_route_nexthop_info,"prefix=""fd00:6:40::/64"",next_hop=""fe80::1:5"",dev=""ens4"",protocol=""ospf"",metric=""20"",route_index=""0"",nh_index=""0""",1
2026-07-28 17:28:00,ccf-aiops-北大,cr-2,cr,ipv6_route_nexthop_info,"prefix=""fd00:7:40::/64"",next_hop=""fe80::1:5"",dev=""ens4"",protocol=""ospf"",metric=""20"",route_index=""0"",nh_index=""0""",1
2026-07-28 17:28:00,ccf-aiops-北大,cr-2,cr,ipv6_route_nexthop_info,"prefix=""fd00:8:40::/64"",next_hop=""fe80::1:5"",dev=""ens4"",protocol=""ospf"",metric=""20"",route_index=""0"",nh_index=""0""",1
2026-07-28 17:28:00,ccf-aiops-北大,cr-2,cr,ipv6_route_nexthop_info,"prefix=""fd00:2:40::/64"",next_hop=""fe80::2:5"",dev=""ens4"",protocol=""ospf"",metric=""20"",route_index=""0"",nh_index=""1""",1
2026-07-28 17:28:00,ccf-aiops-北大,cr-2,cr,ipv6_route_nexthop_info,"prefix=""fd00:3:40::/64"",next_hop=""fe80::2:5"",dev=""ens4"",protocol=""ospf"",metric=""20"",route_index=""0"",nh_index=""1""",1
2026-07-28 17:28:00,ccf-aiops-北大,cr-2,cr,ipv6_route_nexthop_info,"prefix=""fd00:4:40::/64"",next_hop=""fe80::2:5"",dev=""ens4"",protocol=""ospf"",metric=""20"",route_index=""0"",nh_index=""1""",1
2026-07-28 17:28:00,ccf-aiops-北大,cr-2,cr,ipv6_route_nexthop_info,"prefix=""fd00:5:40::/64"",next_hop=""fe80::2:5"",dev=""ens4"",protocol=""ospf"",metric=""20"",route_index=""0"",nh_index=""1""",1
2026-07-28 17:28:00,ccf-aiops-北大,cr-2,cr,ipv6_route_nexthop_info,"prefix=""fd00:6:40::/64"",next_hop=""fe80::2:5"",dev=""ens4"",protocol=""ospf"",metric=""20"",route_index=""0"",nh_index=""1""",1
2026-07-28 17:28:00,ccf-aiops-北大,cr-2,cr,ipv6_route_nexthop_info,"prefix=""fd00:7:40::/64"",next_hop=""fe80::2:5"",dev=""ens4"",protocol=""ospf"",metric=""20"",route_index=""0"",nh_index=""1""",1
2026-07-28 17:28:00,ccf-aiops-北大,cr-2,cr,ipv6_route_nexthop_info,"prefix=""fd00:8:40::/64"",next_hop=""fe80::2:5"",dev=""ens4"",protocol=""ospf"",metric=""20"",route_index=""0"",nh_index=""1""",1
2026-07-28 17:28:00,ccf-aiops-北大,cr-2,cr,ipv6_route_nexthop_info,"prefix=""fd00:1:40::/64"",next_hop=""fd00:1:30::254"",dev=""ens5"",protocol=""196"",metric=""20"",route_index=""0"",nh_index=""0""",1
2026-07-28 17:28:00,ccf-aiops-北大,cr-2,cr,ospf6_interface_cost,"interface=""ens4""",1
2026-07-28 17:28:00,ccf-aiops-北大,cr-2,cr,ospf6_interface_cost,"interface=""ens5""",1
2026-07-28 17:28:00,ccf-aiops-北大,cr-2,cr,ospf6_interface_enabled,"interface=""ens12""",1
2026-07-28 17:28:00,ccf-aiops-北大,cr-2,cr,ospf6_interface_enabled,"interface=""ens9""",1
2026-07-28 17:28:00,ccf-aiops-北大,cr-2,cr,ospf6_interface_enabled,"interface=""ens10""",1
2026-07-28 17:28:00,ccf-aiops-北大,cr-2,cr,ospf6_interface_enabled,"interface=""ens11""",1
2026-07-28 17:28:00,ccf-aiops-北大,cr-2,cr,ospf6_interface_enabled,"interface=""ens3""",1
2026-07-28 17:28:00,ccf-aiops-北大,cr-2,cr,ospf6_interface_enabled,"interface=""ens4""",1
2026-07-28 17:28:00,ccf-aiops-北大,cr-2,cr,ospf6_interface_enabled,"interface=""ens5""",1
2026-07-28 17:28:00,ccf-aiops-北大,cr-2,cr,ospf6_interface_enabled,"interface=""ens6""",1
2026-07-28 17:28:00,ccf-aiops-北大,cr-2,cr,ospf6_interface_enabled,"interface=""ens7""",1
2026-07-28 17:28:00,ccf-aiops-北大,cr-2,cr,ospf6_interface_enabled,"interface=""ens8""",1
2026-07-28 17:28:00,ccf-aiops-北大,cr-2,cr,ospf6_interface_enabled,"interface=""virbr0""",0
2026-07-28 17:28:00,ccf-aiops-北大,cr-2,cr,ospf6_interface_enabled,"interface=""lo""",1
2026-07-28 17:28:00,ccf-aiops-北大,cr-2,cr,ospf6_neighbor_state_code,"state=""Full"",interface=""ens4"",neighbor_id=""1.1.1.1""",6
2026-07-28 17:28:00,ccf-aiops-北大,cr-2,cr,ospf6_neighbor_state_code,"state=""Full"",interface=""ens4"",neighbor_id=""1.1.1.11""",6
2026-07-28 17:28:00,ccf-aiops-北大,cr-2,cr,ospf6_neighbor_state_code,"state=""Full"",interface=""ens4"",neighbor_id=""1.1.1.2""",6
2026-07-28 17:28:00,ccf-aiops-北大,cr-2,cr,ospf6_neighbor_state_code,"state=""Full"",interface=""ens5"",neighbor_id=""1.1.1.11""",6
2026-07-28 17:28:00,ccf-aiops-北大,cr-2,cr,bgp_command_success,,
2026-07-28 17:28:00,ccf-aiops-北大,cr-2,cr,bgp_peer_up,,
2026-07-28 17:28:00,ccf-aiops-北大,cr-2,cr,bgp_peer_uptime_seconds,,
2026-07-28 17:28:00,ccf-aiops-北大,cr-2,cr,bgp_peer_prefix_received,,
2026-07-28 17:28:00,ccf-aiops-北大,cr-2,cr,bgp_peer_prefix_sent,,
2026-07-28 17:28:00,ccf-aiops-北大,cr-2,cr,bgp_peer_count,,
2026-07-28 17:29:00,ccf-aiops-北大,br-1,br,bgp_command_success,"command=""bgp_summary""",1
2026-07-28 17:29:00,ccf-aiops-北大,br-1,br,bgp_peer_count,,4
2026-07-28 17:29:00,ccf-aiops-北大,br-1,br,bgp_peer_prefix_received,"peer=""fd00:100:10::11"",remote_as=""65002"",state=""Established""",4
2026-07-28 17:29:00,ccf-aiops-北大,br-1,br,bgp_peer_prefix_received,"peer=""fd00:100:10::21"",remote_as=""65003"",state=""Established""",6
2026-07-28 17:29:00,ccf-aiops-北大,br-1,br,bgp_peer_prefix_received,"peer=""fd00:100:10::41"",remote_as=""65005"",state=""Established""",6
2026-07-28 17:29:00,ccf-aiops-北大,br-1,br,bgp_peer_prefix_received,"peer=""fd00:100:10::51"",remote_as=""65006"",state=""Established""",7
2026-07-28 17:29:00,ccf-aiops-北大,br-1,br,bgp_peer_prefix_sent,"peer=""fd00:100:10::51"",remote_as=""65006"",state=""Established""",8
2026-07-28 17:29:00,ccf-aiops-北大,br-1,br,bgp_peer_prefix_sent,"peer=""fd00:100:10::41"",remote_as=""65005"",state=""Established""",8
2026-07-28 17:29:00,ccf-aiops-北大,br-1,br,bgp_peer_prefix_sent,"peer=""fd00:100:10::21"",remote_as=""65003"",state=""Established""",8
2026-07-28 17:29:00,ccf-aiops-北大,br-1,br,bgp_peer_prefix_sent,"peer=""fd00:100:10::11"",remote_as=""65002"",state=""Established""",8
2026-07-28 17:29:00,ccf-aiops-北大,br-1,br,bgp_peer_up,"peer=""fd00:100:10::11"",remote_as=""65002"",state=""Established""",1
2026-07-28 17:29:00,ccf-aiops-北大,br-1,br,bgp_peer_up,"peer=""fd00:100:10::21"",remote_as=""65003"",state=""Established""",1
2026-07-28 17:29:00,ccf-aiops-北大,br-1,br,bgp_peer_up,"peer=""fd00:100:10::41"",remote_as=""65005"",state=""Established""",1
2026-07-28 17:29:00,ccf-aiops-北大,br-1,br,bgp_peer_up,"peer=""fd00:100:10::51"",remote_as=""65006"",state=""Established""",1
2026-07-28 17:29:00,ccf-aiops-北大,br-1,br,bgp_peer_uptime_seconds,"peer=""fd00:100:10::11"",remote_as=""65002"",state=""Established""",530842
2026-07-28 17:29:00,ccf-aiops-北大,br-1,br,bgp_peer_uptime_seconds,"peer=""fd00:100:10::21"",remote_as=""65003"",state=""Established""",667440
2026-07-28 17:29:00,ccf-aiops-北大,br-1,br,bgp_peer_uptime_seconds,"peer=""fd00:100:10::41"",remote_as=""65005"",state=""Established""",2430497
2026-07-28 17:29:00,ccf-aiops-北大,br-1,br,bgp_peer_uptime_seconds,"peer=""fd00:100:10::51"",remote_as=""65006"",state=""Established""",2430409
2026-07-28 17:29:00,ccf-aiops-北大,br-1,br,ipv6_default_route_changed_total,,0
2026-07-28 17:29:00,ccf-aiops-北大,br-1,br,ipv6_default_route_info,"next_hop=""240a:a023::1"",dev=""ens4"",protocol=""unknown"",metric=""1024"",route_index=""0"",nh_index=""0""",1
2026-07-28 17:29:00,ccf-aiops-北大,br-1,br,ipv6_route_change_total,"prefix=""fd00:8:40::/64""",0
2026-07-28 17:29:00,ccf-aiops-北大,br-1,br,ipv6_route_change_total,"prefix=""fd00:7:40::/64""",6
2026-07-28 17:29:00,ccf-aiops-北大,br-1,br,ipv6_route_change_total,"prefix=""fd00:6:40::/64""",0
2026-07-28 17:29:00,ccf-aiops-北大,br-1,br,ipv6_route_change_total,"prefix=""fd00:5:40::/64""",0
2026-07-28 17:29:00,ccf-aiops-北大,br-1,br,ipv6_route_change_total,"prefix=""fd00:4:40::/64""",0
2026-07-28 17:29:00,ccf-aiops-北大,br-1,br,ipv6_route_change_total,"prefix=""fd00:3:40::/64""",0
2026-07-28 17:29:00,ccf-aiops-北大,br-1,br,ipv6_route_change_total,"prefix=""fd00:2:40::/64""",0
2026-07-28 17:29:00,ccf-aiops-北大,br-1,br,ipv6_route_change_total,"prefix=""fd00:1:40::/64""",0
2026-07-28 17:29:00,ccf-aiops-北大,br-1,br,ipv6_route_change_total,"prefix=""::/0""",0
2026-07-28 17:29:00,ccf-aiops-北大,br-1,br,ipv6_route_count,"protocol=""all""",20
2026-07-28 17:29:00,ccf-aiops-北大,br-1,br,ipv6_route_count,"protocol=""bgp""",7
2026-07-28 17:29:00,ccf-aiops-北大,br-1,br,ipv6_route_count,"protocol=""kernel""",8
2026-07-28 17:29:00,ccf-aiops-北大,br-1,br,ipv6_route_count,"protocol=""ospf""",2
2026-07-28 17:29:00,ccf-aiops-北大,br-1,br,ipv6_route_count,"protocol=""unknown""",3
2026-07-28 17:29:00,ccf-aiops-北大,br-1,br,ipv6_route_exists,"prefix=""fd00:1:40::/64""",1
2026-07-28 17:29:00,ccf-aiops-北大,br-1,br,ipv6_route_exists,"prefix=""fd00:2:40::/64""",1
2026-07-28 17:29:00,ccf-aiops-北大,br-1,br,ipv6_route_exists,"prefix=""fd00:3:40::/64""",1
2026-07-28 17:29:00,ccf-aiops-北大,br-1,br,ipv6_route_exists,"prefix=""fd00:4:40::/64""",1
2026-07-28 17:29:00,ccf-aiops-北大,br-1,br,ipv6_route_exists,"prefix=""fd00:5:40::/64""",1
2026-07-28 17:29:00,ccf-aiops-北大,br-1,br,ipv6_route_exists,"prefix=""fd00:6:40::/64""",1
2026-07-28 17:29:00,ccf-aiops-北大,br-1,br,ipv6_route_exists,"prefix=""fd00:7:40::/64""",1
2026-07-28 17:29:00,ccf-aiops-北大,br-1,br,ipv6_route_exists,"prefix=""fd00:8:40::/64""",1
2026-07-28 17:29:00,ccf-aiops-北大,br-1,br,ipv6_route_exists,"prefix=""::/0""",1
2026-07-28 17:29:00,ccf-aiops-北大,br-1,br,ipv6_route_nexthop_info,"prefix=""fd00:2:40::/64"",next_hop=""fe80::100:10:11"",dev=""ens4"",protocol=""bgp"",metric=""20"",route_index=""0"",nh_index=""0""",1
2026-07-28 17:29:00,ccf-aiops-北大,br-1,br,ipv6_route_nexthop_info,"prefix=""fd00:5:40::/64"",next_hop=""fe80::100:10:41"",dev=""ens4"",protocol=""bgp"",metric=""20"",route_index=""0"",nh_index=""0""",1
2026-07-28 17:29:00,ccf-aiops-北大,br-1,br,ipv6_route_nexthop_info,"prefix=""fd00:4:40::/64"",next_hop=""fe80::100:10:41"",dev=""ens4"",protocol=""bgp"",metric=""20"",route_index=""0"",nh_index=""0""",1
2026-07-28 17:29:00,ccf-aiops-北大,br-1,br,ipv6_route_nexthop_info,"prefix=""fd00:3:40::/64"",next_hop=""fe80::100:10:21"",dev=""ens4"",protocol=""bgp"",metric=""20"",route_index=""0"",nh_index=""0""",1
2026-07-28 17:29:00,ccf-aiops-北大,br-1,br,ipv6_route_nexthop_info,"prefix=""fd00:7:40::/64"",next_hop=""fe80::100:10:51"",dev=""ens4"",protocol=""bgp"",metric=""20"",route_index=""0"",nh_index=""0""",1
2026-07-28 17:29:00,ccf-aiops-北大,br-1,br,ipv6_route_nexthop_info,"prefix=""fd00:6:40::/64"",next_hop=""fe80::100:10:51"",dev=""ens4"",protocol=""bgp"",metric=""20"",route_index=""0"",nh_index=""0""",1
2026-07-28 17:29:00,ccf-aiops-北大,br-1,br,ipv6_route_nexthop_info,"prefix=""fd00:8:40::/64"",next_hop=""fe80::100:10:41"",dev=""ens4"",protocol=""bgp"",metric=""20"",route_index=""0"",nh_index=""0""",1
2026-07-28 17:29:00,ccf-aiops-北大,br-1,br,ipv6_route_nexthop_info,"prefix=""fd00:1:40::/64"",next_hop=""fe80::11:4"",dev=""ens5"",protocol=""ospf"",metric=""20"",route_index=""0"",nh_index=""0""",1
2026-07-28 17:29:00,ccf-aiops-北大,br-1,br,ipv6_route_nexthop_info,"prefix=""fd00:1:40::/64"",next_hop=""fe80::12:4"",dev=""ens5"",protocol=""ospf"",metric=""20"",route_index=""0"",nh_index=""1""",1
2026-07-28 17:29:00,ccf-aiops-北大,br-1,br,ipv6_route_nexthop_info,"prefix=""::/0"",next_hop=""240a:a023::1"",dev=""ens4"",protocol=""unknown"",metric=""1024"",route_index=""0"",nh_index=""0""",1
2026-07-28 17:29:00,ccf-aiops-北大,br-1,br,ospf6_interface_cost,"interface=""ens5""",1
2026-07-28 17:29:00,ccf-aiops-北大,br-1,br,ospf6_interface_enabled,"interface=""ens6""",1
2026-07-28 17:29:00,ccf-aiops-北大,br-1,br,ospf6_interface_enabled,"interface=""ens10""",1
2026-07-28 17:29:00,ccf-aiops-北大,br-1,br,ospf6_interface_enabled,"interface=""ens7""",1
2026-07-28 17:29:00,ccf-aiops-北大,br-1,br,ospf6_interface_enabled,"interface=""lo""",1
2026-07-28 17:29:00,ccf-aiops-北大,br-1,br,ospf6_interface_enabled,"interface=""ens5""",1
2026-07-28 17:29:00,ccf-aiops-北大,br-1,br,ospf6_interface_enabled,"interface=""ens4""",1
2026-07-28 17:29:00,ccf-aiops-北大,br-1,br,ospf6_interface_enabled,"interface=""ens11""",1
2026-07-28 17:29:00,ccf-aiops-北大,br-1,br,ospf6_interface_enabled,"interface=""ens12""",1
2026-07-28 17:29:00,ccf-aiops-北大,br-1,br,ospf6_interface_enabled,"interface=""ens3""",1
2026-07-28 17:29:00,ccf-aiops-北大,br-1,br,ospf6_interface_enabled,"interface=""virbr0""",0
2026-07-28 17:29:00,ccf-aiops-北大,br-1,br,ospf6_interface_enabled,"interface=""ens8""",1
2026-07-28 17:29:00,ccf-aiops-北大,br-1,br,ospf6_interface_enabled,"interface=""ens9""",1
2026-07-28 17:29:00,ccf-aiops-北大,br-1,br,ospf6_neighbor_state_code,"state=""Full"",interface=""ens5"",neighbor_id=""1.1.1.12""",6
2026-07-28 17:29:00,ccf-aiops-北大,br-1,br,ospf6_neighbor_state_code,"state=""Full"",interface=""ens5"",neighbor_id=""1.1.1.11""",6
2026-07-28 17:29:00,ccf-aiops-北大,br-1,br,ospf6_neighbor_state_code,"state=""Twoway"",interface=""ens5"",neighbor_id=""1.1.1.2""",2
2026-07-28 17:29:00,ccf-aiops-北大,br-2,br,bgp_command_success,"command=""bgp_summary""",1
2026-07-28 17:29:00,ccf-aiops-北大,br-2,br,bgp_peer_count,,4
2026-07-28 17:29:00,ccf-aiops-北大,br-2,br,bgp_peer_prefix_received,"peer=""fd00:100:10::42"",remote_as=""65005"",state=""Established""",6
2026-07-28 17:29:00,ccf-aiops-北大,br-2,br,bgp_peer_prefix_received,"peer=""fd00:100:10::22"",remote_as=""65003"",state=""Established""",5
2026-07-28 17:29:00,ccf-aiops-北大,br-2,br,bgp_peer_prefix_received,"peer=""fd00:100:10::12"",remote_as=""65002"",state=""Established""",4
2026-07-28 17:29:00,ccf-aiops-北大,br-2,br,bgp_peer_prefix_received,"peer=""fd00:100:10::52"",remote_as=""65006"",state=""Established""",6
2026-07-28 17:29:00,ccf-aiops-北大,br-2,br,bgp_peer_prefix_sent,"peer=""fd00:100:10::42"",remote_as=""65005"",state=""Established""",8
2026-07-28 17:29:00,ccf-aiops-北大,br-2,br,bgp_peer_prefix_sent,"peer=""fd00:100:10::52"",remote_as=""65006"",state=""Established""",8
2026-07-28 17:29:00,ccf-aiops-北大,br-2,br,bgp_peer_prefix_sent,"peer=""fd00:100:10::22"",remote_as=""65003"",state=""Established""",8
2026-07-28 17:29:00,ccf-aiops-北大,br-2,br,bgp_peer_prefix_sent,"peer=""fd00:100:10::12"",remote_as=""65002"",state=""Established""",8
2026-07-28 17:29:00,ccf-aiops-北大,br-2,br,bgp_peer_up,"peer=""fd00:100:10::52"",remote_as=""65006"",state=""Established""",1
2026-07-28 17:29:00,ccf-aiops-北大,br-2,br,bgp_peer_up,"peer=""fd00:100:10::42"",remote_as=""65005"",state=""Established""",1
2026-07-28 17:29:00,ccf-aiops-北大,br-2,br,bgp_peer_up,"peer=""fd00:100:10::22"",remote_as=""65003"",state=""Established""",1
2026-07-28 17:29:00,ccf-aiops-北大,br-2,br,bgp_peer_up,"peer=""fd00:100:10::12"",remote_as=""65002"",state=""Established""",1
2026-07-28 17:29:00,ccf-aiops-北大,br-2,br,bgp_peer_uptime_seconds,"peer=""fd00:100:10::52"",remote_as=""65006"",state=""Established""",2430415
2026-07-28 17:29:00,ccf-aiops-北大,br-2,br,bgp_peer_uptime_seconds,"peer=""fd00:100:10::42"",remote_as=""65005"",state=""Established""",2430508
2026-07-28 17:29:00,ccf-aiops-北大,br-2,br,bgp_peer_uptime_seconds,"peer=""fd00:100:10::22"",remote_as=""65003"",state=""Established""",1360765
2026-07-28 17:29:00,ccf-aiops-北大,br-2,br,bgp_peer_uptime_seconds,"peer=""fd00:100:10::12"",remote_as=""65002"",state=""Established""",530800
2026-07-28 17:29:00,ccf-aiops-北大,br-2,br,ipv6_default_route_changed_total,,0
2026-07-28 17:29:00,ccf-aiops-北大,br-2,br,ipv6_default_route_info,"next_hop=""240a:a023::1"",dev=""ens4"",protocol=""unknown"",metric=""1024"",route_index=""0"",nh_index=""0""",1
2026-07-28 17:29:00,ccf-aiops-北大,br-2,br,ipv6_route_change_total,"prefix=""fd00:1:40::/64""",0
2026-07-28 17:29:00,ccf-aiops-北大,br-2,br,ipv6_route_change_total,"prefix=""fd00:5:40::/64""",0
2026-07-28 17:29:00,ccf-aiops-北大,br-2,br,ipv6_route_change_total,"prefix=""fd00:6:40::/64""",0
2026-07-28 17:29:00,ccf-aiops-北大,br-2,br,ipv6_route_change_total,"prefix=""fd00:7:40::/64""",4
2026-07-28 17:29:00,ccf-aiops-北大,br-2,br,ipv6_route_change_total,"prefix=""fd00:8:40::/64""",0
2026-07-28 17:29:00,ccf-aiops-北大,br-2,br,ipv6_route_change_total,"prefix=""fd00:4:40::/64""",0
2026-07-28 17:29:00,ccf-aiops-北大,br-2,br,ipv6_route_change_total,"prefix=""::/0""",0
2026-07-28 17:29:00,ccf-aiops-北大,br-2,br,ipv6_route_change_total,"prefix=""fd00:2:40::/64""",0
2026-07-28 17:29:00,ccf-aiops-北大,br-2,br,ipv6_route_change_total,"prefix=""fd00:3:40::/64""",0
2026-07-28 17:29:00,ccf-aiops-北大,br-2,br,ipv6_route_count,"protocol=""kernel""",7
2026-07-28 17:29:00,ccf-aiops-北大,br-2,br,ipv6_route_count,"protocol=""all""",19
2026-07-28 17:29:00,ccf-aiops-北大,br-2,br,ipv6_route_count,"protocol=""bgp""",7
2026-07-28 17:29:00,ccf-aiops-北大,br-2,br,ipv6_route_count,"protocol=""unknown""",3
2026-07-28 17:29:00,ccf-aiops-北大,br-2,br,ipv6_route_count,"protocol=""ospf""",2
2026-07-28 17:29:00,ccf-aiops-北大,br-2,br,ipv6_route_exists,"prefix=""fd00:4:40::/64""",1
2026-07-28 17:29:00,ccf-aiops-北大,br-2,br,ipv6_route_exists,"prefix=""fd00:3:40::/64""",1
2026-07-28 17:29:00,ccf-aiops-北大,br-2,br,ipv6_route_exists,"prefix=""fd00:2:40::/64""",1
2026-07-28 17:29:00,ccf-aiops-北大,br-2,br,ipv6_route_exists,"prefix=""fd00:1:40::/64""",1
2026-07-28 17:29:00,ccf-aiops-北大,br-2,br,ipv6_route_exists,"prefix=""::/0""",1
2026-07-28 17:29:00,ccf-aiops-北大,br-2,br,ipv6_route_exists,"prefix=""fd00:5:40::/64""",1
2026-07-28 17:29:00,ccf-aiops-北大,br-2,br,ipv6_route_exists,"prefix=""fd00:6:40::/64""",1
2026-07-28 17:29:00,ccf-aiops-北大,br-2,br,ipv6_route_exists,"prefix=""fd00:8:40::/64""",1
2026-07-28 17:29:00,ccf-aiops-北大,br-2,br,ipv6_route_exists,"prefix=""fd00:7:40::/64""",1
2026-07-28 17:29:00,ccf-aiops-北大,br-2,br,ipv6_route_nexthop_info,"prefix=""fd00:6:40::/64"",next_hop=""fe80::100:10:52"",dev=""ens4"",protocol=""bgp"",metric=""20"",route_index=""0"",nh_index=""0""",1
2026-07-28 17:29:00,ccf-aiops-北大,br-2,br,ipv6_route_nexthop_info,"prefix=""fd00:1:40::/64"",next_hop=""fe80::12:4"",dev=""ens5"",protocol=""ospf"",metric=""20"",route_index=""0"",nh_index=""1""",1
2026-07-28 17:29:00,ccf-aiops-北大,br-2,br,ipv6_route_nexthop_info,"prefix=""fd00:1:40::/64"",next_hop=""fe80::11:4"",dev=""ens5"",protocol=""ospf"",metric=""20"",route_index=""0"",nh_index=""0""",1
2026-07-28 17:29:00,ccf-aiops-北大,br-2,br,ipv6_route_nexthop_info,"prefix=""::/0"",next_hop=""240a:a023::1"",dev=""ens4"",protocol=""unknown"",metric=""1024"",route_index=""0"",nh_index=""0""",1
2026-07-28 17:29:00,ccf-aiops-北大,br-2,br,ipv6_route_nexthop_info,"prefix=""fd00:2:40::/64"",next_hop=""fe80::100:10:12"",dev=""ens4"",protocol=""bgp"",metric=""20"",route_index=""0"",nh_index=""0""",1
2026-07-28 17:29:00,ccf-aiops-北大,br-2,br,ipv6_route_nexthop_info,"prefix=""fd00:3:40::/64"",next_hop=""fe80::100:10:22"",dev=""ens4"",protocol=""bgp"",metric=""20"",route_index=""0"",nh_index=""0""",1
2026-07-28 17:29:00,ccf-aiops-北大,br-2,br,ipv6_route_nexthop_info,"prefix=""fd00:4:40::/64"",next_hop=""fe80::100:10:42"",dev=""ens4"",protocol=""bgp"",metric=""20"",route_index=""0"",nh_index=""0""",1
2026-07-28 17:29:00,ccf-aiops-北大,br-2,br,ipv6_route_nexthop_info,"prefix=""fd00:5:40::/64"",next_hop=""fe80::100:10:42"",dev=""ens4"",protocol=""bgp"",metric=""20"",route_index=""0"",nh_index=""0""",1
2026-07-28 17:29:00,ccf-aiops-北大,br-2,br,ipv6_route_nexthop_info,"prefix=""fd00:7:40::/64"",next_hop=""fe80::100:10:42"",dev=""ens4"",protocol=""bgp"",metric=""20"",route_index=""0"",nh_index=""0""",1
2026-07-28 17:29:00,ccf-aiops-北大,br-2,br,ipv6_route_nexthop_info,"prefix=""fd00:8:40::/64"",next_hop=""fe80::100:10:42"",dev=""ens4"",protocol=""bgp"",metric=""20"",route_index=""0"",nh_index=""0""",1
2026-07-28 17:29:00,ccf-aiops-北大,br-2,br,ospf6_interface_cost,"interface=""ens5""",1
2026-07-28 17:29:00,ccf-aiops-北大,br-2,br,ospf6_interface_enabled,"interface=""virbr0""",0
2026-07-28 17:29:00,ccf-aiops-北大,br-2,br,ospf6_interface_enabled,"interface=""ens3""",1
2026-07-28 17:29:00,ccf-aiops-北大,br-2,br,ospf6_interface_enabled,"interface=""lo""",1
2026-07-28 17:29:00,ccf-aiops-北大,br-2,br,ospf6_interface_enabled,"interface=""ens9""",1
2026-07-28 17:29:00,ccf-aiops-北大,br-2,br,ospf6_interface_enabled,"interface=""ens4""",1
2026-07-28 17:29:00,ccf-aiops-北大,br-2,br,ospf6_interface_enabled,"interface=""ens12""",1
2026-07-28 17:29:00,ccf-aiops-北大,br-2,br,ospf6_interface_enabled,"interface=""ens11""",1
2026-07-28 17:29:00,ccf-aiops-北大,br-2,br,ospf6_interface_enabled,"interface=""ens10""",1
2026-07-28 17:29:00,ccf-aiops-北大,br-2,br,ospf6_interface_enabled,"interface=""ens5""",1
2026-07-28 17:29:00,ccf-aiops-北大,br-2,br,ospf6_interface_enabled,"interface=""ens6""",1
2026-07-28 17:29:00,ccf-aiops-北大,br-2,br,ospf6_interface_enabled,"interface=""ens7""",1
2026-07-28 17:29:00,ccf-aiops-北大,br-2,br,ospf6_interface_enabled,"interface=""ens8""",1
2026-07-28 17:29:00,ccf-aiops-北大,br-2,br,ospf6_neighbor_state_code,"state=""Full"",interface=""ens5"",neighbor_id=""1.1.1.12""",6
2026-07-28 17:29:00,ccf-aiops-北大,br-2,br,ospf6_neighbor_state_code,"state=""Full"",interface=""ens5"",neighbor_id=""1.1.1.11""",6
2026-07-28 17:29:00,ccf-aiops-北大,br-2,br,ospf6_neighbor_state_code,"state=""Twoway"",interface=""ens5"",neighbor_id=""1.1.1.1""",2
2026-07-28 17:29:00,ccf-aiops-北大,cr-1,cr,ipv6_default_route_changed_total,,0
2026-07-28 17:29:00,ccf-aiops-北大,cr-1,cr,ipv6_default_route_info,"next_hop=""fd00:1:20::2"",dev=""ens4"",protocol=""196"",metric=""20"",route_index=""0"",nh_index=""1""",1
2026-07-28 17:29:00,ccf-aiops-北大,cr-1,cr,ipv6_default_route_info,"next_hop=""fd00:1:20::1"",dev=""ens4"",protocol=""196"",metric=""20"",route_index=""0"",nh_index=""0""",1
2026-07-28 17:29:00,ccf-aiops-北大,cr-1,cr,ipv6_route_change_total,"prefix=""fd00:8:40::/64""",0
2026-07-28 17:29:00,ccf-aiops-北大,cr-1,cr,ipv6_route_change_total,"prefix=""fd00:7:40::/64""",0
2026-07-28 17:29:00,ccf-aiops-北大,cr-1,cr,ipv6_route_change_total,"prefix=""fd00:6:40::/64""",0
2026-07-28 17:29:00,ccf-aiops-北大,cr-1,cr,ipv6_route_change_total,"prefix=""fd00:5:40::/64""",0
2026-07-28 17:29:00,ccf-aiops-北大,cr-1,cr,ipv6_route_change_total,"prefix=""fd00:4:40::/64""",0
2026-07-28 17:29:00,ccf-aiops-北大,cr-1,cr,ipv6_route_change_total,"prefix=""fd00:3:40::/64""",0
2026-07-28 17:29:00,ccf-aiops-北大,cr-1,cr,ipv6_route_change_total,"prefix=""fd00:2:40::/64""",0
2026-07-28 17:29:00,ccf-aiops-北大,cr-1,cr,ipv6_route_change_total,"prefix=""fd00:1:40::/64""",0
2026-07-28 17:29:00,ccf-aiops-北大,cr-1,cr,ipv6_route_change_total,"prefix=""::/0""",0
2026-07-28 17:29:00,ccf-aiops-北大,cr-1,cr,ipv6_route_count,"protocol=""all""",15
2026-07-28 17:29:00,ccf-aiops-北大,cr-1,cr,ipv6_route_count,"protocol=""196""",2
2026-07-28 17:29:00,ccf-aiops-北大,cr-1,cr,ipv6_route_count,"protocol=""kernel""",6
2026-07-28 17:29:00,ccf-aiops-北大,cr-1,cr,ipv6_route_count,"protocol=""ospf""",7
2026-07-28 17:29:00,ccf-aiops-北大,cr-1,cr,ipv6_route_exists,"prefix=""fd00:3:40::/64""",1
2026-07-28 17:29:00,ccf-aiops-北大,cr-1,cr,ipv6_route_exists,"prefix=""fd00:8:40::/64""",1
2026-07-28 17:29:00,ccf-aiops-北大,cr-1,cr,ipv6_route_exists,"prefix=""fd00:7:40::/64""",1
2026-07-28 17:29:00,ccf-aiops-北大,cr-1,cr,ipv6_route_exists,"prefix=""fd00:6:40::/64""",1
2026-07-28 17:29:00,ccf-aiops-北大,cr-1,cr,ipv6_route_exists,"prefix=""fd00:5:40::/64""",1
2026-07-28 17:29:00,ccf-aiops-北大,cr-1,cr,ipv6_route_exists,"prefix=""fd00:4:40::/64""",1
2026-07-28 17:29:00,ccf-aiops-北大,cr-1,cr,ipv6_route_exists,"prefix=""fd00:2:40::/64""",1
2026-07-28 17:29:00,ccf-aiops-北大,cr-1,cr,ipv6_route_exists,"prefix=""fd00:1:40::/64""",1
2026-07-28 17:29:00,ccf-aiops-北大,cr-1,cr,ipv6_route_exists,"prefix=""::/0""",1
2026-07-28 17:29:00,ccf-aiops-北大,cr-1,cr,ipv6_route_nexthop_info,"prefix=""fd00:2:40::/64"",next_hop=""fe80::1:5"",dev=""ens4"",protocol=""ospf"",metric=""20"",route_index=""0"",nh_index=""0""",1
2026-07-28 17:29:00,ccf-aiops-北大,cr-1,cr,ipv6_route_nexthop_info,"prefix=""fd00:1:40::/64"",next_hop=""fd00:1:30::254"",dev=""ens5"",protocol=""196"",metric=""20"",route_index=""0"",nh_index=""0""",1
2026-07-28 17:29:00,ccf-aiops-北大,cr-1,cr,ipv6_route_nexthop_info,"prefix=""::/0"",next_hop=""fd00:1:20::1"",dev=""ens4"",protocol=""196"",metric=""20"",route_index=""0"",nh_index=""0""",1
2026-07-28 17:29:00,ccf-aiops-北大,cr-1,cr,ipv6_route_nexthop_info,"prefix=""::/0"",next_hop=""fd00:1:20::2"",dev=""ens4"",protocol=""196"",metric=""20"",route_index=""0"",nh_index=""1""",1
2026-07-28 17:29:00,ccf-aiops-北大,cr-1,cr,ipv6_route_nexthop_info,"prefix=""fd00:3:40::/64"",next_hop=""fe80::1:5"",dev=""ens4"",protocol=""ospf"",metric=""20"",route_index=""0"",nh_index=""0""",1
2026-07-28 17:29:00,ccf-aiops-北大,cr-1,cr,ipv6_route_nexthop_info,"prefix=""fd00:2:40::/64"",next_hop=""fe80::2:5"",dev=""ens4"",protocol=""ospf"",metric=""20"",route_index=""0"",nh_index=""1""",1
2026-07-28 17:29:00,ccf-aiops-北大,cr-1,cr,ipv6_route_nexthop_info,"prefix=""fd00:4:40::/64"",next_hop=""fe80::1:5"",dev=""ens4"",protocol=""ospf"",metric=""20"",route_index=""0"",nh_index=""0""",1
2026-07-28 17:29:00,ccf-aiops-北大,cr-1,cr,ipv6_route_nexthop_info,"prefix=""fd00:5:40::/64"",next_hop=""fe80::1:5"",dev=""ens4"",protocol=""ospf"",metric=""20"",route_index=""0"",nh_index=""0""",1
2026-07-28 17:29:00,ccf-aiops-北大,cr-1,cr,ipv6_route_nexthop_info,"prefix=""fd00:6:40::/64"",next_hop=""fe80::1:5"",dev=""ens4"",protocol=""ospf"",metric=""20"",route_index=""0"",nh_index=""0""",1
2026-07-28 17:29:00,ccf-aiops-北大,cr-1,cr,ipv6_route_nexthop_info,"prefix=""fd00:7:40::/64"",next_hop=""fe80::1:5"",dev=""ens4"",protocol=""ospf"",metric=""20"",route_index=""0"",nh_index=""0""",1
2026-07-28 17:29:00,ccf-aiops-北大,cr-1,cr,ipv6_route_nexthop_info,"prefix=""fd00:8:40::/64"",next_hop=""fe80::1:5"",dev=""ens4"",protocol=""ospf"",metric=""20"",route_index=""0"",nh_index=""0""",1
2026-07-28 17:29:00,ccf-aiops-北大,cr-1,cr,ipv6_route_nexthop_info,"prefix=""fd00:8:40::/64"",next_hop=""fe80::2:5"",dev=""ens4"",protocol=""ospf"",metric=""20"",route_index=""0"",nh_index=""1""",1
2026-07-28 17:29:00,ccf-aiops-北大,cr-1,cr,ipv6_route_nexthop_info,"prefix=""fd00:3:40::/64"",next_hop=""fe80::2:5"",dev=""ens4"",protocol=""ospf"",metric=""20"",route_index=""0"",nh_index=""1""",1
2026-07-28 17:29:00,ccf-aiops-北大,cr-1,cr,ipv6_route_nexthop_info,"prefix=""fd00:4:40::/64"",next_hop=""fe80::2:5"",dev=""ens4"",protocol=""ospf"",metric=""20"",route_index=""0"",nh_index=""1""",1
2026-07-28 17:29:00,ccf-aiops-北大,cr-1,cr,ipv6_route_nexthop_info,"prefix=""fd00:5:40::/64"",next_hop=""fe80::2:5"",dev=""ens4"",protocol=""ospf"",metric=""20"",route_index=""0"",nh_index=""1""",1
2026-07-28 17:29:00,ccf-aiops-北大,cr-1,cr,ipv6_route_nexthop_info,"prefix=""fd00:6:40::/64"",next_hop=""fe80::2:5"",dev=""ens4"",protocol=""ospf"",metric=""20"",route_index=""0"",nh_index=""1""",1
2026-07-28 17:29:00,ccf-aiops-北大,cr-1,cr,ipv6_route_nexthop_info,"prefix=""fd00:7:40::/64"",next_hop=""fe80::2:5"",dev=""ens4"",protocol=""ospf"",metric=""20"",route_index=""0"",nh_index=""1""",1
2026-07-28 17:29:00,ccf-aiops-北大,cr-1,cr,ospf6_interface_cost,"interface=""ens5""",1
2026-07-28 17:29:00,ccf-aiops-北大,cr-1,cr,ospf6_interface_cost,"interface=""ens4""",1
2026-07-28 17:29:00,ccf-aiops-北大,cr-1,cr,ospf6_interface_enabled,"interface=""ens3""",1
2026-07-28 17:29:00,ccf-aiops-北大,cr-1,cr,ospf6_interface_enabled,"interface=""ens10""",1
2026-07-28 17:29:00,ccf-aiops-北大,cr-1,cr,ospf6_interface_enabled,"interface=""ens4""",1
2026-07-28 17:29:00,ccf-aiops-北大,cr-1,cr,ospf6_interface_enabled,"interface=""ens5""",1
2026-07-28 17:29:00,ccf-aiops-北大,cr-1,cr,ospf6_interface_enabled,"interface=""ens11""",1
2026-07-28 17:29:00,ccf-aiops-北大,cr-1,cr,ospf6_interface_enabled,"interface=""ens6""",1
2026-07-28 17:29:00,ccf-aiops-北大,cr-1,cr,ospf6_interface_enabled,"interface=""ens12""",1
2026-07-28 17:29:00,ccf-aiops-北大,cr-1,cr,ospf6_interface_enabled,"interface=""ens7""",1
2026-07-28 17:29:00,ccf-aiops-北大,cr-1,cr,ospf6_interface_enabled,"interface=""ens8""",1
2026-07-28 17:29:00,ccf-aiops-北大,cr-1,cr,ospf6_interface_enabled,"interface=""ens9""",1
2026-07-28 17:29:00,ccf-aiops-北大,cr-1,cr,ospf6_interface_enabled,"interface=""lo""",1
2026-07-28 17:29:00,ccf-aiops-北大,cr-1,cr,ospf6_interface_enabled,"interface=""virbr0""",0
2026-07-28 17:29:00,ccf-aiops-北大,cr-1,cr,ospf6_neighbor_state_code,"state=""Full"",interface=""ens5"",neighbor_id=""1.1.1.12""",6
2026-07-28 17:29:00,ccf-aiops-北大,cr-1,cr,ospf6_neighbor_state_code,"state=""Full"",interface=""ens4"",neighbor_id=""1.1.1.2""",6
2026-07-28 17:29:00,ccf-aiops-北大,cr-1,cr,ospf6_neighbor_state_code,"state=""Full"",interface=""ens4"",neighbor_id=""1.1.1.12""",6
2026-07-28 17:29:00,ccf-aiops-北大,cr-1,cr,ospf6_neighbor_state_code,"state=""Full"",interface=""ens4"",neighbor_id=""1.1.1.1""",6
2026-07-28 17:29:00,ccf-aiops-北大,cr-1,cr,bgp_command_success,,
2026-07-28 17:29:00,ccf-aiops-北大,cr-1,cr,bgp_peer_up,,
2026-07-28 17:29:00,ccf-aiops-北大,cr-1,cr,bgp_peer_uptime_seconds,,
2026-07-28 17:29:00,ccf-aiops-北大,cr-1,cr,bgp_peer_prefix_received,,
2026-07-28 17:29:00,ccf-aiops-北大,cr-1,cr,bgp_peer_prefix_sent,,
2026-07-28 17:29:00,ccf-aiops-北大,cr-1,cr,bgp_peer_count,,
2026-07-28 17:29:00,ccf-aiops-北大,cr-2,cr,ipv6_default_route_changed_total,,0
2026-07-28 17:29:00,ccf-aiops-北大,cr-2,cr,ipv6_default_route_info,"next_hop=""fd00:1:20::1"",dev=""ens4"",protocol=""196"",metric=""20"",route_index=""0"",nh_index=""0""",1
2026-07-28 17:29:00,ccf-aiops-北大,cr-2,cr,ipv6_default_route_info,"next_hop=""fd00:1:20::2"",dev=""ens4"",protocol=""196"",metric=""20"",route_index=""0"",nh_index=""1""",1
2026-07-28 17:29:00,ccf-aiops-北大,cr-2,cr,ipv6_route_change_total,"prefix=""::/0""",0
2026-07-28 17:29:00,ccf-aiops-北大,cr-2,cr,ipv6_route_change_total,"prefix=""fd00:1:40::/64""",0
2026-07-28 17:29:00,ccf-aiops-北大,cr-2,cr,ipv6_route_change_total,"prefix=""fd00:2:40::/64""",0
2026-07-28 17:29:00,ccf-aiops-北大,cr-2,cr,ipv6_route_change_total,"prefix=""fd00:3:40::/64""",0
2026-07-28 17:29:00,ccf-aiops-北大,cr-2,cr,ipv6_route_change_total,"prefix=""fd00:4:40::/64""",0
2026-07-28 17:29:00,ccf-aiops-北大,cr-2,cr,ipv6_route_change_total,"prefix=""fd00:5:40::/64""",0
2026-07-28 17:29:00,ccf-aiops-北大,cr-2,cr,ipv6_route_change_total,"prefix=""fd00:8:40::/64""",0
2026-07-28 17:29:00,ccf-aiops-北大,cr-2,cr,ipv6_route_change_total,"prefix=""fd00:7:40::/64""",0
2026-07-28 17:29:00,ccf-aiops-北大,cr-2,cr,ipv6_route_change_total,"prefix=""fd00:6:40::/64""",0
2026-07-28 17:29:00,ccf-aiops-北大,cr-2,cr,ipv6_route_count,"protocol=""all""",15
2026-07-28 17:29:00,ccf-aiops-北大,cr-2,cr,ipv6_route_count,"protocol=""196""",2
2026-07-28 17:29:00,ccf-aiops-北大,cr-2,cr,ipv6_route_count,"protocol=""kernel""",6
2026-07-28 17:29:00,ccf-aiops-北大,cr-2,cr,ipv6_route_count,"protocol=""ospf""",7
2026-07-28 17:29:00,ccf-aiops-北大,cr-2,cr,ipv6_route_exists,"prefix=""fd00:1:40::/64""",1
2026-07-28 17:29:00,ccf-aiops-北大,cr-2,cr,ipv6_route_exists,"prefix=""fd00:8:40::/64""",1
2026-07-28 17:29:00,ccf-aiops-北大,cr-2,cr,ipv6_route_exists,"prefix=""fd00:7:40::/64""",1
2026-07-28 17:29:00,ccf-aiops-北大,cr-2,cr,ipv6_route_exists,"prefix=""fd00:6:40::/64""",1
2026-07-28 17:29:00,ccf-aiops-北大,cr-2,cr,ipv6_route_exists,"prefix=""fd00:5:40::/64""",1
2026-07-28 17:29:00,ccf-aiops-北大,cr-2,cr,ipv6_route_exists,"prefix=""fd00:4:40::/64""",1
2026-07-28 17:29:00,ccf-aiops-北大,cr-2,cr,ipv6_route_exists,"prefix=""fd00:3:40::/64""",1
2026-07-28 17:29:00,ccf-aiops-北大,cr-2,cr,ipv6_route_exists,"prefix=""fd00:2:40::/64""",1
2026-07-28 17:29:00,ccf-aiops-北大,cr-2,cr,ipv6_route_exists,"prefix=""::/0""",1
2026-07-28 17:29:00,ccf-aiops-北大,cr-2,cr,ipv6_route_nexthop_info,"prefix=""fd00:8:40::/64"",next_hop=""fe80::1:5"",dev=""ens4"",protocol=""ospf"",metric=""20"",route_index=""0"",nh_index=""0""",1
2026-07-28 17:29:00,ccf-aiops-北大,cr-2,cr,ipv6_route_nexthop_info,"prefix=""::/0"",next_hop=""fd00:1:20::2"",dev=""ens4"",protocol=""196"",metric=""20"",route_index=""0"",nh_index=""1""",1
2026-07-28 17:29:00,ccf-aiops-北大,cr-2,cr,ipv6_route_nexthop_info,"prefix=""fd00:3:40::/64"",next_hop=""fe80::2:5"",dev=""ens4"",protocol=""ospf"",metric=""20"",route_index=""0"",nh_index=""1""",1
2026-07-28 17:29:00,ccf-aiops-北大,cr-2,cr,ipv6_route_nexthop_info,"prefix=""fd00:2:40::/64"",next_hop=""fe80::2:5"",dev=""ens4"",protocol=""ospf"",metric=""20"",route_index=""0"",nh_index=""1""",1
2026-07-28 17:29:00,ccf-aiops-北大,cr-2,cr,ipv6_route_nexthop_info,"prefix=""fd00:7:40::/64"",next_hop=""fe80::1:5"",dev=""ens4"",protocol=""ospf"",metric=""20"",route_index=""0"",nh_index=""0""",1
2026-07-28 17:29:00,ccf-aiops-北大,cr-2,cr,ipv6_route_nexthop_info,"prefix=""fd00:6:40::/64"",next_hop=""fe80::1:5"",dev=""ens4"",protocol=""ospf"",metric=""20"",route_index=""0"",nh_index=""0""",1
2026-07-28 17:29:00,ccf-aiops-北大,cr-2,cr,ipv6_route_nexthop_info,"prefix=""fd00:5:40::/64"",next_hop=""fe80::1:5"",dev=""ens4"",protocol=""ospf"",metric=""20"",route_index=""0"",nh_index=""0""",1
2026-07-28 17:29:00,ccf-aiops-北大,cr-2,cr,ipv6_route_nexthop_info,"prefix=""fd00:4:40::/64"",next_hop=""fe80::1:5"",dev=""ens4"",protocol=""ospf"",metric=""20"",route_index=""0"",nh_index=""0""",1
2026-07-28 17:29:00,ccf-aiops-北大,cr-2,cr,ipv6_route_nexthop_info,"prefix=""fd00:3:40::/64"",next_hop=""fe80::1:5"",dev=""ens4"",protocol=""ospf"",metric=""20"",route_index=""0"",nh_index=""0""",1
2026-07-28 17:29:00,ccf-aiops-北大,cr-2,cr,ipv6_route_nexthop_info,"prefix=""fd00:2:40::/64"",next_hop=""fe80::1:5"",dev=""ens4"",protocol=""ospf"",metric=""20"",route_index=""0"",nh_index=""0""",1
2026-07-28 17:29:00,ccf-aiops-北大,cr-2,cr,ipv6_route_nexthop_info,"prefix=""::/0"",next_hop=""fd00:1:20::1"",dev=""ens4"",protocol=""196"",metric=""20"",route_index=""0"",nh_index=""0""",1
2026-07-28 17:29:00,ccf-aiops-北大,cr-2,cr,ipv6_route_nexthop_info,"prefix=""fd00:4:40::/64"",next_hop=""fe80::2:5"",dev=""ens4"",protocol=""ospf"",metric=""20"",route_index=""0"",nh_index=""1""",1
2026-07-28 17:29:00,ccf-aiops-北大,cr-2,cr,ipv6_route_nexthop_info,"prefix=""fd00:5:40::/64"",next_hop=""fe80::2:5"",dev=""ens4"",protocol=""ospf"",metric=""20"",route_index=""0"",nh_index=""1""",1
2026-07-28 17:29:00,ccf-aiops-北大,cr-2,cr,ipv6_route_nexthop_info,"prefix=""fd00:6:40::/64"",next_hop=""fe80::2:5"",dev=""ens4"",protocol=""ospf"",metric=""20"",route_index=""0"",nh_index=""1""",1
2026-07-28 17:29:00,ccf-aiops-北大,cr-2,cr,ipv6_route_nexthop_info,"prefix=""fd00:7:40::/64"",next_hop=""fe80::2:5"",dev=""ens4"",protocol=""ospf"",metric=""20"",route_index=""0"",nh_index=""1""",1
2026-07-28 17:29:00,ccf-aiops-北大,cr-2,cr,ipv6_route_nexthop_info,"prefix=""fd00:8:40::/64"",next_hop=""fe80::2:5"",dev=""ens4"",protocol=""ospf"",metric=""20"",route_index=""0"",nh_index=""1""",1
2026-07-28 17:29:00,ccf-aiops-北大,cr-2,cr,ipv6_route_nexthop_info,"prefix=""fd00:1:40::/64"",next_hop=""fd00:1:30::254"",dev=""ens5"",protocol=""196"",metric=""20"",route_index=""0"",nh_index=""0""",1
2026-07-28 17:29:00,ccf-aiops-北大,cr-2,cr,ospf6_interface_cost,"interface=""ens4""",1
2026-07-28 17:29:00,ccf-aiops-北大,cr-2,cr,ospf6_interface_cost,"interface=""ens5""",1
2026-07-28 17:29:00,ccf-aiops-北大,cr-2,cr,ospf6_interface_enabled,"interface=""virbr0""",0
2026-07-28 17:29:00,ccf-aiops-北大,cr-2,cr,ospf6_interface_enabled,"interface=""ens9""",1
2026-07-28 17:29:00,ccf-aiops-北大,cr-2,cr,ospf6_interface_enabled,"interface=""ens8""",1
2026-07-28 17:29:00,ccf-aiops-北大,cr-2,cr,ospf6_interface_enabled,"interface=""ens7""",1
2026-07-28 17:29:00,ccf-aiops-北大,cr-2,cr,ospf6_interface_enabled,"interface=""ens6""",1
2026-07-28 17:29:00,ccf-aiops-北大,cr-2,cr,ospf6_interface_enabled,"interface=""ens5""",1
2026-07-28 17:29:00,ccf-aiops-北大,cr-2,cr,ospf6_interface_enabled,"interface=""ens4""",1
2026-07-28 17:29:00,ccf-aiops-北大,cr-2,cr,ospf6_interface_enabled,"interface=""ens3""",1
2026-07-28 17:29:00,ccf-aiops-北大,cr-2,cr,ospf6_interface_enabled,"interface=""ens12""",1
2026-07-28 17:29:00,ccf-aiops-北大,cr-2,cr,ospf6_interface_enabled,"interface=""ens11""",1
2026-07-28 17:29:00,ccf-aiops-北大,cr-2,cr,ospf6_interface_enabled,"interface=""ens10""",1
2026-07-28 17:29:00,ccf-aiops-北大,cr-2,cr,ospf6_interface_enabled,"interface=""lo""",1
2026-07-28 17:29:00,ccf-aiops-北大,cr-2,cr,ospf6_neighbor_state_code,"state=""Full"",interface=""ens5"",neighbor_id=""1.1.1.11""",6
2026-07-28 17:29:00,ccf-aiops-北大,cr-2,cr,ospf6_neighbor_state_code,"state=""Full"",interface=""ens4"",neighbor_id=""1.1.1.2""",6
2026-07-28 17:29:00,ccf-aiops-北大,cr-2,cr,ospf6_neighbor_state_code,"state=""Full"",interface=""ens4"",neighbor_id=""1.1.1.11""",6
2026-07-28 17:29:00,ccf-aiops-北大,cr-2,cr,ospf6_neighbor_state_code,"state=""Full"",interface=""ens4"",neighbor_id=""1.1.1.1""",6
2026-07-28 17:29:00,ccf-aiops-北大,cr-2,cr,bgp_command_success,,
2026-07-28 17:29:00,ccf-aiops-北大,cr-2,cr,bgp_peer_up,,
2026-07-28 17:29:00,ccf-aiops-北大,cr-2,cr,bgp_peer_uptime_seconds,,
2026-07-28 17:29:00,ccf-aiops-北大,cr-2,cr,bgp_peer_prefix_received,,
2026-07-28 17:29:00,ccf-aiops-北大,cr-2,cr,bgp_peer_prefix_sent,,
2026-07-28 17:29:00,ccf-aiops-北大,cr-2,cr,bgp_peer_count,,
2026-07-28 17:30:00,ccf-aiops-北大,br-1,br,bgp_command_success,"command=""bgp_summary""",1
2026-07-28 17:30:00,ccf-aiops-北大,br-1,br,bgp_peer_count,,4
2026-07-28 17:30:00,ccf-aiops-北大,br-1,br,bgp_peer_prefix_received,"peer=""fd00:100:10::11"",remote_as=""65002"",state=""Established""",4
2026-07-28 17:30:00,ccf-aiops-北大,br-1,br,bgp_peer_prefix_received,"peer=""fd00:100:10::21"",remote_as=""65003"",state=""Established""",6
2026-07-28 17:30:00,ccf-aiops-北大,br-1,br,bgp_peer_prefix_received,"peer=""fd00:100:10::41"",remote_as=""65005"",state=""Established""",6
2026-07-28 17:30:00,ccf-aiops-北大,br-1,br,bgp_peer_prefix_received,"peer=""fd00:100:10::51"",remote_as=""65006"",state=""Established""",7
2026-07-28 17:30:00,ccf-aiops-北大,br-1,br,bgp_peer_prefix_sent,"peer=""fd00:100:10::51"",remote_as=""65006"",state=""Established""",8
2026-07-28 17:30:00,ccf-aiops-北大,br-1,br,bgp_peer_prefix_sent,"peer=""fd00:100:10::41"",remote_as=""65005"",state=""Established""",8
2026-07-28 17:30:00,ccf-aiops-北大,br-1,br,bgp_peer_prefix_sent,"peer=""fd00:100:10::11"",remote_as=""65002"",state=""Established""",8
2026-07-28 17:30:00,ccf-aiops-北大,br-1,br,bgp_peer_prefix_sent,"peer=""fd00:100:10::21"",remote_as=""65003"",state=""Established""",8
2026-07-28 17:30:00,ccf-aiops-北大,br-1,br,bgp_peer_up,"peer=""fd00:100:10::51"",remote_as=""65006"",state=""Established""",1
2026-07-28 17:30:00,ccf-aiops-北大,br-1,br,bgp_peer_up,"peer=""fd00:100:10::41"",remote_as=""65005"",state=""Established""",1
2026-07-28 17:30:00,ccf-aiops-北大,br-1,br,bgp_peer_up,"peer=""fd00:100:10::21"",remote_as=""65003"",state=""Established""",1
2026-07-28 17:30:00,ccf-aiops-北大,br-1,br,bgp_peer_up,"peer=""fd00:100:10::11"",remote_as=""65002"",state=""Established""",1
2026-07-28 17:30:00,ccf-aiops-北大,br-1,br,bgp_peer_uptime_seconds,"peer=""fd00:100:10::51"",remote_as=""65006"",state=""Established""",2430471
2026-07-28 17:30:00,ccf-aiops-北大,br-1,br,bgp_peer_uptime_seconds,"peer=""fd00:100:10::41"",remote_as=""65005"",state=""Established""",2430559
2026-07-28 17:30:00,ccf-aiops-北大,br-1,br,bgp_peer_uptime_seconds,"peer=""fd00:100:10::21"",remote_as=""65003"",state=""Established""",667502
2026-07-28 17:30:00,ccf-aiops-北大,br-1,br,bgp_peer_uptime_seconds,"peer=""fd00:100:10::11"",remote_as=""65002"",state=""Established""",530904
2026-07-28 17:30:00,ccf-aiops-北大,br-1,br,ipv6_default_route_changed_total,,0
2026-07-28 17:30:00,ccf-aiops-北大,br-1,br,ipv6_default_route_info,"next_hop=""240a:a023::1"",dev=""ens4"",protocol=""unknown"",metric=""1024"",route_index=""0"",nh_index=""0""",1
2026-07-28 17:30:00,ccf-aiops-北大,br-1,br,ipv6_route_change_total,"prefix=""fd00:1:40::/64""",0
2026-07-28 17:30:00,ccf-aiops-北大,br-1,br,ipv6_route_change_total,"prefix=""::/0""",0
2026-07-28 17:30:00,ccf-aiops-北大,br-1,br,ipv6_route_change_total,"prefix=""fd00:2:40::/64""",0
2026-07-28 17:30:00,ccf-aiops-北大,br-1,br,ipv6_route_change_total,"prefix=""fd00:3:40::/64""",0
2026-07-28 17:30:00,ccf-aiops-北大,br-1,br,ipv6_route_change_total,"prefix=""fd00:4:40::/64""",0
2026-07-28 17:30:00,ccf-aiops-北大,br-1,br,ipv6_route_change_total,"prefix=""fd00:5:40::/64""",0
2026-07-28 17:30:00,ccf-aiops-北大,br-1,br,ipv6_route_change_total,"prefix=""fd00:6:40::/64""",0
2026-07-28 17:30:00,ccf-aiops-北大,br-1,br,ipv6_route_change_total,"prefix=""fd00:7:40::/64""",6
2026-07-28 17:30:00,ccf-aiops-北大,br-1,br,ipv6_route_change_total,"prefix=""fd00:8:40::/64""",0
2026-07-28 17:30:00,ccf-aiops-北大,br-1,br,ipv6_route_count,"protocol=""all""",20
2026-07-28 17:30:00,ccf-aiops-北大,br-1,br,ipv6_route_count,"protocol=""bgp""",7
2026-07-28 17:30:00,ccf-aiops-北大,br-1,br,ipv6_route_count,"protocol=""kernel""",8
2026-07-28 17:30:00,ccf-aiops-北大,br-1,br,ipv6_route_count,"protocol=""ospf""",2
2026-07-28 17:30:00,ccf-aiops-北大,br-1,br,ipv6_route_count,"protocol=""unknown""",3
2026-07-28 17:30:00,ccf-aiops-北大,br-1,br,ipv6_route_exists,"prefix=""fd00:2:40::/64""",1
2026-07-28 17:30:00,ccf-aiops-北大,br-1,br,ipv6_route_exists,"prefix=""fd00:3:40::/64""",1
2026-07-28 17:30:00,ccf-aiops-北大,br-1,br,ipv6_route_exists,"prefix=""fd00:4:40::/64""",1
2026-07-28 17:30:00,ccf-aiops-北大,br-1,br,ipv6_route_exists,"prefix=""fd00:5:40::/64""",1
2026-07-28 17:30:00,ccf-aiops-北大,br-1,br,ipv6_route_exists,"prefix=""fd00:6:40::/64""",1
2026-07-28 17:30:00,ccf-aiops-北大,br-1,br,ipv6_route_exists,"prefix=""fd00:7:40::/64""",1
2026-07-28 17:30:00,ccf-aiops-北大,br-1,br,ipv6_route_exists,"prefix=""fd00:8:40::/64""",1
2026-07-28 17:30:00,ccf-aiops-北大,br-1,br,ipv6_route_exists,"prefix=""fd00:1:40::/64""",1
2026-07-28 17:30:00,ccf-aiops-北大,br-1,br,ipv6_route_exists,"prefix=""::/0""",1
2026-07-28 17:30:00,ccf-aiops-北大,br-1,br,ipv6_route_nexthop_info,"prefix=""fd00:5:40::/64"",next_hop=""fe80::100:10:41"",dev=""ens4"",protocol=""bgp"",metric=""20"",route_index=""0"",nh_index=""0""",1
2026-07-28 17:30:00,ccf-aiops-北大,br-1,br,ipv6_route_nexthop_info,"prefix=""fd00:1:40::/64"",next_hop=""fe80::12:4"",dev=""ens5"",protocol=""ospf"",metric=""20"",route_index=""0"",nh_index=""1""",1
2026-07-28 17:30:00,ccf-aiops-北大,br-1,br,ipv6_route_nexthop_info,"prefix=""fd00:8:40::/64"",next_hop=""fe80::100:10:41"",dev=""ens4"",protocol=""bgp"",metric=""20"",route_index=""0"",nh_index=""0""",1
2026-07-28 17:30:00,ccf-aiops-北大,br-1,br,ipv6_route_nexthop_info,"prefix=""fd00:4:40::/64"",next_hop=""fe80::100:10:41"",dev=""ens4"",protocol=""bgp"",metric=""20"",route_index=""0"",nh_index=""0""",1
2026-07-28 17:30:00,ccf-aiops-北大,br-1,br,ipv6_route_nexthop_info,"prefix=""fd00:3:40::/64"",next_hop=""fe80::100:10:21"",dev=""ens4"",protocol=""bgp"",metric=""20"",route_index=""0"",nh_index=""0""",1
2026-07-28 17:30:00,ccf-aiops-北大,br-1,br,ipv6_route_nexthop_info,"prefix=""fd00:2:40::/64"",next_hop=""fe80::100:10:11"",dev=""ens4"",protocol=""bgp"",metric=""20"",route_index=""0"",nh_index=""0""",1
2026-07-28 17:30:00,ccf-aiops-北大,br-1,br,ipv6_route_nexthop_info,"prefix=""::/0"",next_hop=""240a:a023::1"",dev=""ens4"",protocol=""unknown"",metric=""1024"",route_index=""0"",nh_index=""0""",1
2026-07-28 17:30:00,ccf-aiops-北大,br-1,br,ipv6_route_nexthop_info,"prefix=""fd00:6:40::/64"",next_hop=""fe80::100:10:51"",dev=""ens4"",protocol=""bgp"",metric=""20"",route_index=""0"",nh_index=""0""",1
2026-07-28 17:30:00,ccf-aiops-北大,br-1,br,ipv6_route_nexthop_info,"prefix=""fd00:7:40::/64"",next_hop=""fe80::100:10:51"",dev=""ens4"",protocol=""bgp"",metric=""20"",route_index=""0"",nh_index=""0""",1
2026-07-28 17:30:00,ccf-aiops-北大,br-1,br,ipv6_route_nexthop_info,"prefix=""fd00:1:40::/64"",next_hop=""fe80::11:4"",dev=""ens5"",protocol=""ospf"",metric=""20"",route_index=""0"",nh_index=""0""",1
2026-07-28 17:30:00,ccf-aiops-北大,br-1,br,ospf6_interface_cost,"interface=""ens5""",1
2026-07-28 17:30:00,ccf-aiops-北大,br-1,br,ospf6_interface_enabled,"interface=""ens9""",1
2026-07-28 17:30:00,ccf-aiops-北大,br-1,br,ospf6_interface_enabled,"interface=""virbr0""",0
2026-07-28 17:30:00,ccf-aiops-北大,br-1,br,ospf6_interface_enabled,"interface=""lo""",1
2026-07-28 17:30:00,ccf-aiops-北大,br-1,br,ospf6_interface_enabled,"interface=""ens10""",1
2026-07-28 17:30:00,ccf-aiops-北大,br-1,br,ospf6_interface_enabled,"interface=""ens11""",1
2026-07-28 17:30:00,ccf-aiops-北大,br-1,br,ospf6_interface_enabled,"interface=""ens12""",1
2026-07-28 17:30:00,ccf-aiops-北大,br-1,br,ospf6_interface_enabled,"interface=""ens3""",1
2026-07-28 17:30:00,ccf-aiops-北大,br-1,br,ospf6_interface_enabled,"interface=""ens4""",1
2026-07-28 17:30:00,ccf-aiops-北大,br-1,br,ospf6_interface_enabled,"interface=""ens5""",1
2026-07-28 17:30:00,ccf-aiops-北大,br-1,br,ospf6_interface_enabled,"interface=""ens6""",1
2026-07-28 17:30:00,ccf-aiops-北大,br-1,br,ospf6_interface_enabled,"interface=""ens7""",1
2026-07-28 17:30:00,ccf-aiops-北大,br-1,br,ospf6_interface_enabled,"interface=""ens8""",1
2026-07-28 17:30:00,ccf-aiops-北大,br-1,br,ospf6_neighbor_state_code,"state=""Twoway"",interface=""ens5"",neighbor_id=""1.1.1.2""",2
2026-07-28 17:30:00,ccf-aiops-北大,br-1,br,ospf6_neighbor_state_code,"state=""Full"",interface=""ens5"",neighbor_id=""1.1.1.11""",6
2026-07-28 17:30:00,ccf-aiops-北大,br-1,br,ospf6_neighbor_state_code,"state=""Full"",interface=""ens5"",neighbor_id=""1.1.1.12""",6
2026-07-28 17:30:00,ccf-aiops-北大,br-2,br,bgp_command_success,"command=""bgp_summary""",1
2026-07-28 17:30:00,ccf-aiops-北大,br-2,br,bgp_peer_count,,4
2026-07-28 17:30:00,ccf-aiops-北大,br-2,br,bgp_peer_prefix_received,"peer=""fd00:100:10::42"",remote_as=""65005"",state=""Established""",6
2026-07-28 17:30:00,ccf-aiops-北大,br-2,br,bgp_peer_prefix_received,"peer=""fd00:100:10::52"",remote_as=""65006"",state=""Established""",6
2026-07-28 17:30:00,ccf-aiops-北大,br-2,br,bgp_peer_prefix_received,"peer=""fd00:100:10::22"",remote_as=""65003"",state=""Established""",5
2026-07-28 17:30:00,ccf-aiops-北大,br-2,br,bgp_peer_prefix_received,"peer=""fd00:100:10::12"",remote_as=""65002"",state=""Established""",4
2026-07-28 17:30:00,ccf-aiops-北大,br-2,br,bgp_peer_prefix_sent,"peer=""fd00:100:10::12"",remote_as=""65002"",state=""Established""",8
2026-07-28 17:30:00,ccf-aiops-北大,br-2,br,bgp_peer_prefix_sent,"peer=""fd00:100:10::22"",remote_as=""65003"",state=""Established""",8
2026-07-28 17:30:00,ccf-aiops-北大,br-2,br,bgp_peer_prefix_sent,"peer=""fd00:100:10::42"",remote_as=""65005"",state=""Established""",8
2026-07-28 17:30:00,ccf-aiops-北大,br-2,br,bgp_peer_prefix_sent,"peer=""fd00:100:10::52"",remote_as=""65006"",state=""Established""",8
2026-07-28 17:30:00,ccf-aiops-北大,br-2,br,bgp_peer_up,"peer=""fd00:100:10::42"",remote_as=""65005"",state=""Established""",1
2026-07-28 17:30:00,ccf-aiops-北大,br-2,br,bgp_peer_up,"peer=""fd00:100:10::12"",remote_as=""65002"",state=""Established""",1
2026-07-28 17:30:00,ccf-aiops-北大,br-2,br,bgp_peer_up,"peer=""fd00:100:10::22"",remote_as=""65003"",state=""Established""",1
2026-07-28 17:30:00,ccf-aiops-北大,br-2,br,bgp_peer_up,"peer=""fd00:100:10::52"",remote_as=""65006"",state=""Established""",1
2026-07-28 17:30:00,ccf-aiops-北大,br-2,br,bgp_peer_uptime_seconds,"peer=""fd00:100:10::52"",remote_as=""65006"",state=""Established""",2430476
2026-07-28 17:30:00,ccf-aiops-北大,br-2,br,bgp_peer_uptime_seconds,"peer=""fd00:100:10::42"",remote_as=""65005"",state=""Established""",2430569
2026-07-28 17:30:00,ccf-aiops-北大,br-2,br,bgp_peer_uptime_seconds,"peer=""fd00:100:10::22"",remote_as=""65003"",state=""Established""",1360826
2026-07-28 17:30:00,ccf-aiops-北大,br-2,br,bgp_peer_uptime_seconds,"peer=""fd00:100:10::12"",remote_as=""65002"",state=""Established""",530861
2026-07-28 17:30:00,ccf-aiops-北大,br-2,br,ipv6_default_route_changed_total,,0
2026-07-28 17:30:00,ccf-aiops-北大,br-2,br,ipv6_default_route_info,"next_hop=""240a:a023::1"",dev=""ens4"",protocol=""unknown"",metric=""1024"",route_index=""0"",nh_index=""0""",1
2026-07-28 17:30:00,ccf-aiops-北大,br-2,br,ipv6_route_change_total,"prefix=""fd00:5:40::/64""",0
2026-07-28 17:30:00,ccf-aiops-北大,br-2,br,ipv6_route_change_total,"prefix=""fd00:6:40::/64""",0
2026-07-28 17:30:00,ccf-aiops-北大,br-2,br,ipv6_route_change_total,"prefix=""fd00:7:40::/64""",4
2026-07-28 17:30:00,ccf-aiops-北大,br-2,br,ipv6_route_change_total,"prefix=""fd00:8:40::/64""",0
2026-07-28 17:30:00,ccf-aiops-北大,br-2,br,ipv6_route_change_total,"prefix=""::/0""",0
2026-07-28 17:30:00,ccf-aiops-北大,br-2,br,ipv6_route_change_total,"prefix=""fd00:1:40::/64""",0
2026-07-28 17:30:00,ccf-aiops-北大,br-2,br,ipv6_route_change_total,"prefix=""fd00:2:40::/64""",0
2026-07-28 17:30:00,ccf-aiops-北大,br-2,br,ipv6_route_change_total,"prefix=""fd00:3:40::/64""",0
2026-07-28 17:30:00,ccf-aiops-北大,br-2,br,ipv6_route_change_total,"prefix=""fd00:4:40::/64""",0
2026-07-28 17:30:00,ccf-aiops-北大,br-2,br,ipv6_route_count,"protocol=""unknown""",3
2026-07-28 17:30:00,ccf-aiops-北大,br-2,br,ipv6_route_count,"protocol=""ospf""",2
2026-07-28 17:30:00,ccf-aiops-北大,br-2,br,ipv6_route_count,"protocol=""kernel""",7
2026-07-28 17:30:00,ccf-aiops-北大,br-2,br,ipv6_route_count,"protocol=""bgp""",7
2026-07-28 17:30:00,ccf-aiops-北大,br-2,br,ipv6_route_count,"protocol=""all""",19
2026-07-28 17:30:00,ccf-aiops-北大,br-2,br,ipv6_route_exists,"prefix=""fd00:5:40::/64""",1
2026-07-28 17:30:00,ccf-aiops-北大,br-2,br,ipv6_route_exists,"prefix=""fd00:4:40::/64""",1
2026-07-28 17:30:00,ccf-aiops-北大,br-2,br,ipv6_route_exists,"prefix=""::/0""",1
2026-07-28 17:30:00,ccf-aiops-北大,br-2,br,ipv6_route_exists,"prefix=""fd00:1:40::/64""",1
2026-07-28 17:30:00,ccf-aiops-北大,br-2,br,ipv6_route_exists,"prefix=""fd00:2:40::/64""",1
2026-07-28 17:30:00,ccf-aiops-北大,br-2,br,ipv6_route_exists,"prefix=""fd00:3:40::/64""",1
2026-07-28 17:30:00,ccf-aiops-北大,br-2,br,ipv6_route_exists,"prefix=""fd00:8:40::/64""",1
2026-07-28 17:30:00,ccf-aiops-北大,br-2,br,ipv6_route_exists,"prefix=""fd00:7:40::/64""",1
2026-07-28 17:30:00,ccf-aiops-北大,br-2,br,ipv6_route_exists,"prefix=""fd00:6:40::/64""",1
2026-07-28 17:30:00,ccf-aiops-北大,br-2,br,ipv6_route_nexthop_info,"prefix=""fd00:6:40::/64"",next_hop=""fe80::100:10:52"",dev=""ens4"",protocol=""bgp"",metric=""20"",route_index=""0"",nh_index=""0""",1
2026-07-28 17:30:00,ccf-aiops-北大,br-2,br,ipv6_route_nexthop_info,"prefix=""fd00:8:40::/64"",next_hop=""fe80::100:10:42"",dev=""ens4"",protocol=""bgp"",metric=""20"",route_index=""0"",nh_index=""0""",1
2026-07-28 17:30:00,ccf-aiops-北大,br-2,br,ipv6_route_nexthop_info,"prefix=""fd00:7:40::/64"",next_hop=""fe80::100:10:42"",dev=""ens4"",protocol=""bgp"",metric=""20"",route_index=""0"",nh_index=""0""",1
2026-07-28 17:30:00,ccf-aiops-北大,br-2,br,ipv6_route_nexthop_info,"prefix=""fd00:5:40::/64"",next_hop=""fe80::100:10:42"",dev=""ens4"",protocol=""bgp"",metric=""20"",route_index=""0"",nh_index=""0""",1
2026-07-28 17:30:00,ccf-aiops-北大,br-2,br,ipv6_route_nexthop_info,"prefix=""fd00:4:40::/64"",next_hop=""fe80::100:10:42"",dev=""ens4"",protocol=""bgp"",metric=""20"",route_index=""0"",nh_index=""0""",1
2026-07-28 17:30:00,ccf-aiops-北大,br-2,br,ipv6_route_nexthop_info,"prefix=""fd00:3:40::/64"",next_hop=""fe80::100:10:22"",dev=""ens4"",protocol=""bgp"",metric=""20"",route_index=""0"",nh_index=""0""",1
2026-07-28 17:30:00,ccf-aiops-北大,br-2,br,ipv6_route_nexthop_info,"prefix=""fd00:2:40::/64"",next_hop=""fe80::100:10:12"",dev=""ens4"",protocol=""bgp"",metric=""20"",route_index=""0"",nh_index=""0""",1
2026-07-28 17:30:00,ccf-aiops-北大,br-2,br,ipv6_route_nexthop_info,"prefix=""::/0"",next_hop=""240a:a023::1"",dev=""ens4"",protocol=""unknown"",metric=""1024"",route_index=""0"",nh_index=""0""",1
2026-07-28 17:30:00,ccf-aiops-北大,br-2,br,ipv6_route_nexthop_info,"prefix=""fd00:1:40::/64"",next_hop=""fe80::12:4"",dev=""ens5"",protocol=""ospf"",metric=""20"",route_index=""0"",nh_index=""1""",1
2026-07-28 17:30:00,ccf-aiops-北大,br-2,br,ipv6_route_nexthop_info,"prefix=""fd00:1:40::/64"",next_hop=""fe80::11:4"",dev=""ens5"",protocol=""ospf"",metric=""20"",route_index=""0"",nh_index=""0""",1
2026-07-28 17:30:00,ccf-aiops-北大,br-2,br,ospf6_interface_cost,"interface=""ens5""",1
2026-07-28 17:30:00,ccf-aiops-北大,br-2,br,ospf6_interface_enabled,"interface=""ens10""",1
2026-07-28 17:30:00,ccf-aiops-北大,br-2,br,ospf6_interface_enabled,"interface=""ens12""",1
2026-07-28 17:30:00,ccf-aiops-北大,br-2,br,ospf6_interface_enabled,"interface=""virbr0""",0
2026-07-28 17:30:00,ccf-aiops-北大,br-2,br,ospf6_interface_enabled,"interface=""lo""",1
2026-07-28 17:30:00,ccf-aiops-北大,br-2,br,ospf6_interface_enabled,"interface=""ens9""",1
2026-07-28 17:30:00,ccf-aiops-北大,br-2,br,ospf6_interface_enabled,"interface=""ens11""",1
2026-07-28 17:30:00,ccf-aiops-北大,br-2,br,ospf6_interface_enabled,"interface=""ens8""",1
2026-07-28 17:30:00,ccf-aiops-北大,br-2,br,ospf6_interface_enabled,"interface=""ens7""",1
2026-07-28 17:30:00,ccf-aiops-北大,br-2,br,ospf6_interface_enabled,"interface=""ens6""",1
2026-07-28 17:30:00,ccf-aiops-北大,br-2,br,ospf6_interface_enabled,"interface=""ens5""",1
2026-07-28 17:30:00,ccf-aiops-北大,br-2,br,ospf6_interface_enabled,"interface=""ens4""",1
2026-07-28 17:30:00,ccf-aiops-北大,br-2,br,ospf6_interface_enabled,"interface=""ens3""",1
2026-07-28 17:30:00,ccf-aiops-北大,br-2,br,ospf6_neighbor_state_code,"state=""Full"",interface=""ens5"",neighbor_id=""1.1.1.12""",6
2026-07-28 17:30:00,ccf-aiops-北大,br-2,br,ospf6_neighbor_state_code,"state=""Full"",interface=""ens5"",neighbor_id=""1.1.1.11""",6
2026-07-28 17:30:00,ccf-aiops-北大,br-2,br,ospf6_neighbor_state_code,"state=""Twoway"",interface=""ens5"",neighbor_id=""1.1.1.1""",2
2026-07-28 17:30:00,ccf-aiops-北大,cr-1,cr,ipv6_default_route_changed_total,,0
2026-07-28 17:30:00,ccf-aiops-北大,cr-1,cr,ipv6_default_route_info,"next_hop=""fd00:1:20::2"",dev=""ens4"",protocol=""196"",metric=""20"",route_index=""0"",nh_index=""1""",1
2026-07-28 17:30:00,ccf-aiops-北大,cr-1,cr,ipv6_default_route_info,"next_hop=""fd00:1:20::1"",dev=""ens4"",protocol=""196"",metric=""20"",route_index=""0"",nh_index=""0""",1
2026-07-28 17:30:00,ccf-aiops-北大,cr-1,cr,ipv6_route_change_total,"prefix=""fd00:8:40::/64""",0
2026-07-28 17:30:00,ccf-aiops-北大,cr-1,cr,ipv6_route_change_total,"prefix=""::/0""",0
2026-07-28 17:30:00,ccf-aiops-北大,cr-1,cr,ipv6_route_change_total,"prefix=""fd00:1:40::/64""",0
2026-07-28 17:30:00,ccf-aiops-北大,cr-1,cr,ipv6_route_change_total,"prefix=""fd00:2:40::/64""",0
2026-07-28 17:30:00,ccf-aiops-北大,cr-1,cr,ipv6_route_change_total,"prefix=""fd00:3:40::/64""",0
2026-07-28 17:30:00,ccf-aiops-北大,cr-1,cr,ipv6_route_change_total,"prefix=""fd00:4:40::/64""",0
2026-07-28 17:30:00,ccf-aiops-北大,cr-1,cr,ipv6_route_change_total,"prefix=""fd00:5:40::/64""",0
2026-07-28 17:30:00,ccf-aiops-北大,cr-1,cr,ipv6_route_change_total,"prefix=""fd00:6:40::/64""",0
2026-07-28 17:30:00,ccf-aiops-北大,cr-1,cr,ipv6_route_change_total,"prefix=""fd00:7:40::/64""",0
2026-07-28 17:30:00,ccf-aiops-北大,cr-1,cr,ipv6_route_count,"protocol=""all""",15
2026-07-28 17:30:00,ccf-aiops-北大,cr-1,cr,ipv6_route_count,"protocol=""kernel""",6
2026-07-28 17:30:00,ccf-aiops-北大,cr-1,cr,ipv6_route_count,"protocol=""ospf""",7
2026-07-28 17:30:00,ccf-aiops-北大,cr-1,cr,ipv6_route_count,"protocol=""196""",2
2026-07-28 17:30:00,ccf-aiops-北大,cr-1,cr,ipv6_route_exists,"prefix=""::/0""",1
2026-07-28 17:30:00,ccf-aiops-北大,cr-1,cr,ipv6_route_exists,"prefix=""fd00:1:40::/64""",1
2026-07-28 17:30:00,ccf-aiops-北大,cr-1,cr,ipv6_route_exists,"prefix=""fd00:2:40::/64""",1
2026-07-28 17:30:00,ccf-aiops-北大,cr-1,cr,ipv6_route_exists,"prefix=""fd00:3:40::/64""",1
2026-07-28 17:30:00,ccf-aiops-北大,cr-1,cr,ipv6_route_exists,"prefix=""fd00:4:40::/64""",1
2026-07-28 17:30:00,ccf-aiops-北大,cr-1,cr,ipv6_route_exists,"prefix=""fd00:5:40::/64""",1
2026-07-28 17:30:00,ccf-aiops-北大,cr-1,cr,ipv6_route_exists,"prefix=""fd00:6:40::/64""",1
2026-07-28 17:30:00,ccf-aiops-北大,cr-1,cr,ipv6_route_exists,"prefix=""fd00:7:40::/64""",1
2026-07-28 17:30:00,ccf-aiops-北大,cr-1,cr,ipv6_route_exists,"prefix=""fd00:8:40::/64""",1
2026-07-28 17:30:00,ccf-aiops-北大,cr-1,cr,ipv6_route_nexthop_info,"prefix=""fd00:7:40::/64"",next_hop=""fe80::1:5"",dev=""ens4"",protocol=""ospf"",metric=""20"",route_index=""0"",nh_index=""0""",1
2026-07-28 17:30:00,ccf-aiops-北大,cr-1,cr,ipv6_route_nexthop_info,"prefix=""fd00:1:40::/64"",next_hop=""fd00:1:30::254"",dev=""ens5"",protocol=""196"",metric=""20"",route_index=""0"",nh_index=""0""",1
2026-07-28 17:30:00,ccf-aiops-北大,cr-1,cr,ipv6_route_nexthop_info,"prefix=""fd00:5:40::/64"",next_hop=""fe80::2:5"",dev=""ens4"",protocol=""ospf"",metric=""20"",route_index=""0"",nh_index=""1""",1
2026-07-28 17:30:00,ccf-aiops-北大,cr-1,cr,ipv6_route_nexthop_info,"prefix=""fd00:3:40::/64"",next_hop=""fe80::1:5"",dev=""ens4"",protocol=""ospf"",metric=""20"",route_index=""0"",nh_index=""0""",1
2026-07-28 17:30:00,ccf-aiops-北大,cr-1,cr,ipv6_route_nexthop_info,"prefix=""fd00:4:40::/64"",next_hop=""fe80::1:5"",dev=""ens4"",protocol=""ospf"",metric=""20"",route_index=""0"",nh_index=""0""",1
2026-07-28 17:30:00,ccf-aiops-北大,cr-1,cr,ipv6_route_nexthop_info,"prefix=""fd00:5:40::/64"",next_hop=""fe80::1:5"",dev=""ens4"",protocol=""ospf"",metric=""20"",route_index=""0"",nh_index=""0""",1
2026-07-28 17:30:00,ccf-aiops-北大,cr-1,cr,ipv6_route_nexthop_info,"prefix=""fd00:6:40::/64"",next_hop=""fe80::1:5"",dev=""ens4"",protocol=""ospf"",metric=""20"",route_index=""0"",nh_index=""0""",1
2026-07-28 17:30:00,ccf-aiops-北大,cr-1,cr,ipv6_route_nexthop_info,"prefix=""fd00:8:40::/64"",next_hop=""fe80::1:5"",dev=""ens4"",protocol=""ospf"",metric=""20"",route_index=""0"",nh_index=""0""",1
2026-07-28 17:30:00,ccf-aiops-北大,cr-1,cr,ipv6_route_nexthop_info,"prefix=""fd00:2:40::/64"",next_hop=""fe80::2:5"",dev=""ens4"",protocol=""ospf"",metric=""20"",route_index=""0"",nh_index=""1""",1
2026-07-28 17:30:00,ccf-aiops-北大,cr-1,cr,ipv6_route_nexthop_info,"prefix=""fd00:3:40::/64"",next_hop=""fe80::2:5"",dev=""ens4"",protocol=""ospf"",metric=""20"",route_index=""0"",nh_index=""1""",1
2026-07-28 17:30:00,ccf-aiops-北大,cr-1,cr,ipv6_route_nexthop_info,"prefix=""fd00:4:40::/64"",next_hop=""fe80::2:5"",dev=""ens4"",protocol=""ospf"",metric=""20"",route_index=""0"",nh_index=""1""",1
2026-07-28 17:30:00,ccf-aiops-北大,cr-1,cr,ipv6_route_nexthop_info,"prefix=""fd00:6:40::/64"",next_hop=""fe80::2:5"",dev=""ens4"",protocol=""ospf"",metric=""20"",route_index=""0"",nh_index=""1""",1
2026-07-28 17:30:00,ccf-aiops-北大,cr-1,cr,ipv6_route_nexthop_info,"prefix=""fd00:7:40::/64"",next_hop=""fe80::2:5"",dev=""ens4"",protocol=""ospf"",metric=""20"",route_index=""0"",nh_index=""1""",1
2026-07-28 17:30:00,ccf-aiops-北大,cr-1,cr,ipv6_route_nexthop_info,"prefix=""fd00:8:40::/64"",next_hop=""fe80::2:5"",dev=""ens4"",protocol=""ospf"",metric=""20"",route_index=""0"",nh_index=""1""",1
2026-07-28 17:30:00,ccf-aiops-北大,cr-1,cr,ipv6_route_nexthop_info,"prefix=""fd00:2:40::/64"",next_hop=""fe80::1:5"",dev=""ens4"",protocol=""ospf"",metric=""20"",route_index=""0"",nh_index=""0""",1
2026-07-28 17:30:00,ccf-aiops-北大,cr-1,cr,ipv6_route_nexthop_info,"prefix=""::/0"",next_hop=""fd00:1:20::2"",dev=""ens4"",protocol=""196"",metric=""20"",route_index=""0"",nh_index=""1""",1
2026-07-28 17:30:00,ccf-aiops-北大,cr-1,cr,ipv6_route_nexthop_info,"prefix=""::/0"",next_hop=""fd00:1:20::1"",dev=""ens4"",protocol=""196"",metric=""20"",route_index=""0"",nh_index=""0""",1
2026-07-28 17:30:00,ccf-aiops-北大,cr-1,cr,ospf6_interface_cost,"interface=""ens5""",1
2026-07-28 17:30:00,ccf-aiops-北大,cr-1,cr,ospf6_interface_cost,"interface=""ens4""",1
2026-07-28 17:30:00,ccf-aiops-北大,cr-1,cr,ospf6_interface_enabled,"interface=""ens8""",1
2026-07-28 17:30:00,ccf-aiops-北大,cr-1,cr,ospf6_interface_enabled,"interface=""ens9""",1
2026-07-28 17:30:00,ccf-aiops-北大,cr-1,cr,ospf6_interface_enabled,"interface=""lo""",1
2026-07-28 17:30:00,ccf-aiops-北大,cr-1,cr,ospf6_interface_enabled,"interface=""ens7""",1
2026-07-28 17:30:00,ccf-aiops-北大,cr-1,cr,ospf6_interface_enabled,"interface=""virbr0""",0
2026-07-28 17:30:00,ccf-aiops-北大,cr-1,cr,ospf6_interface_enabled,"interface=""ens10""",1
2026-07-28 17:30:00,ccf-aiops-北大,cr-1,cr,ospf6_interface_enabled,"interface=""ens6""",1
2026-07-28 17:30:00,ccf-aiops-北大,cr-1,cr,ospf6_interface_enabled,"interface=""ens5""",1
2026-07-28 17:30:00,ccf-aiops-北大,cr-1,cr,ospf6_interface_enabled,"interface=""ens4""",1
2026-07-28 17:30:00,ccf-aiops-北大,cr-1,cr,ospf6_interface_enabled,"interface=""ens3""",1
2026-07-28 17:30:00,ccf-aiops-北大,cr-1,cr,ospf6_interface_enabled,"interface=""ens12""",1
2026-07-28 17:30:00,ccf-aiops-北大,cr-1,cr,ospf6_interface_enabled,"interface=""ens11""",1
2026-07-28 17:30:00,ccf-aiops-北大,cr-1,cr,ospf6_neighbor_state_code,"state=""Full"",interface=""ens4"",neighbor_id=""1.1.1.1""",6
2026-07-28 17:30:00,ccf-aiops-北大,cr-1,cr,ospf6_neighbor_state_code,"state=""Full"",interface=""ens4"",neighbor_id=""1.1.1.12""",6
2026-07-28 17:30:00,ccf-aiops-北大,cr-1,cr,ospf6_neighbor_state_code,"state=""Full"",interface=""ens4"",neighbor_id=""1.1.1.2""",6
2026-07-28 17:30:00,ccf-aiops-北大,cr-1,cr,ospf6_neighbor_state_code,"state=""Full"",interface=""ens5"",neighbor_id=""1.1.1.12""",6
2026-07-28 17:30:00,ccf-aiops-北大,cr-1,cr,bgp_command_success,,
2026-07-28 17:30:00,ccf-aiops-北大,cr-1,cr,bgp_peer_up,,
2026-07-28 17:30:00,ccf-aiops-北大,cr-1,cr,bgp_peer_uptime_seconds,,
2026-07-28 17:30:00,ccf-aiops-北大,cr-1,cr,bgp_peer_prefix_received,,
2026-07-28 17:30:00,ccf-aiops-北大,cr-1,cr,bgp_peer_prefix_sent,,
2026-07-28 17:30:00,ccf-aiops-北大,cr-1,cr,bgp_peer_count,,
2026-07-28 17:30:00,ccf-aiops-北大,cr-2,cr,ipv6_default_route_changed_total,,0
2026-07-28 17:30:00,ccf-aiops-北大,cr-2,cr,ipv6_default_route_info,"next_hop=""fd00:1:20::2"",dev=""ens4"",protocol=""196"",metric=""20"",route_index=""0"",nh_index=""1""",1
2026-07-28 17:30:00,ccf-aiops-北大,cr-2,cr,ipv6_default_route_info,"next_hop=""fd00:1:20::1"",dev=""ens4"",protocol=""196"",metric=""20"",route_index=""0"",nh_index=""0""",1
2026-07-28 17:30:00,ccf-aiops-北大,cr-2,cr,ipv6_route_change_total,"prefix=""::/0""",0
2026-07-28 17:30:00,ccf-aiops-北大,cr-2,cr,ipv6_route_change_total,"prefix=""fd00:1:40::/64""",0
2026-07-28 17:30:00,ccf-aiops-北大,cr-2,cr,ipv6_route_change_total,"prefix=""fd00:2:40::/64""",0
2026-07-28 17:30:00,ccf-aiops-北大,cr-2,cr,ipv6_route_change_total,"prefix=""fd00:3:40::/64""",0
2026-07-28 17:30:00,ccf-aiops-北大,cr-2,cr,ipv6_route_change_total,"prefix=""fd00:4:40::/64""",0
2026-07-28 17:30:00,ccf-aiops-北大,cr-2,cr,ipv6_route_change_total,"prefix=""fd00:8:40::/64""",0
2026-07-28 17:30:00,ccf-aiops-北大,cr-2,cr,ipv6_route_change_total,"prefix=""fd00:7:40::/64""",0
2026-07-28 17:30:00,ccf-aiops-北大,cr-2,cr,ipv6_route_change_total,"prefix=""fd00:6:40::/64""",0
2026-07-28 17:30:00,ccf-aiops-北大,cr-2,cr,ipv6_route_change_total,"prefix=""fd00:5:40::/64""",0
2026-07-28 17:30:00,ccf-aiops-北大,cr-2,cr,ipv6_route_count,"protocol=""ospf""",7
2026-07-28 17:30:00,ccf-aiops-北大,cr-2,cr,ipv6_route_count,"protocol=""kernel""",6
2026-07-28 17:30:00,ccf-aiops-北大,cr-2,cr,ipv6_route_count,"protocol=""all""",15
2026-07-28 17:30:00,ccf-aiops-北大,cr-2,cr,ipv6_route_count,"protocol=""196""",2
2026-07-28 17:30:00,ccf-aiops-北大,cr-2,cr,ipv6_route_exists,"prefix=""fd00:8:40::/64""",1
2026-07-28 17:30:00,ccf-aiops-北大,cr-2,cr,ipv6_route_exists,"prefix=""fd00:7:40::/64""",1
2026-07-28 17:30:00,ccf-aiops-北大,cr-2,cr,ipv6_route_exists,"prefix=""fd00:6:40::/64""",1
2026-07-28 17:30:00,ccf-aiops-北大,cr-2,cr,ipv6_route_exists,"prefix=""fd00:5:40::/64""",1
2026-07-28 17:30:00,ccf-aiops-北大,cr-2,cr,ipv6_route_exists,"prefix=""fd00:4:40::/64""",1
2026-07-28 17:30:00,ccf-aiops-北大,cr-2,cr,ipv6_route_exists,"prefix=""fd00:3:40::/64""",1
2026-07-28 17:30:00,ccf-aiops-北大,cr-2,cr,ipv6_route_exists,"prefix=""fd00:2:40::/64""",1
2026-07-28 17:30:00,ccf-aiops-北大,cr-2,cr,ipv6_route_exists,"prefix=""::/0""",1
2026-07-28 17:30:00,ccf-aiops-北大,cr-2,cr,ipv6_route_exists,"prefix=""fd00:1:40::/64""",1
2026-07-28 17:30:00,ccf-aiops-北大,cr-2,cr,ipv6_route_nexthop_info,"prefix=""::/0"",next_hop=""fd00:1:20::1"",dev=""ens4"",protocol=""196"",metric=""20"",route_index=""0"",nh_index=""0""",1
2026-07-28 17:30:00,ccf-aiops-北大,cr-2,cr,ipv6_route_nexthop_info,"prefix=""::/0"",next_hop=""fd00:1:20::2"",dev=""ens4"",protocol=""196"",metric=""20"",route_index=""0"",nh_index=""1""",1
2026-07-28 17:30:00,ccf-aiops-北大,cr-2,cr,ipv6_route_nexthop_info,"prefix=""fd00:1:40::/64"",next_hop=""fd00:1:30::254"",dev=""ens5"",protocol=""196"",metric=""20"",route_index=""0"",nh_index=""0""",1
2026-07-28 17:30:00,ccf-aiops-北大,cr-2,cr,ipv6_route_nexthop_info,"prefix=""fd00:8:40::/64"",next_hop=""fe80::2:5"",dev=""ens4"",protocol=""ospf"",metric=""20"",route_index=""0"",nh_index=""1""",1
2026-07-28 17:30:00,ccf-aiops-北大,cr-2,cr,ipv6_route_nexthop_info,"prefix=""fd00:7:40::/64"",next_hop=""fe80::2:5"",dev=""ens4"",protocol=""ospf"",metric=""20"",route_index=""0"",nh_index=""1""",1
2026-07-28 17:30:00,ccf-aiops-北大,cr-2,cr,ipv6_route_nexthop_info,"prefix=""fd00:6:40::/64"",next_hop=""fe80::2:5"",dev=""ens4"",protocol=""ospf"",metric=""20"",route_index=""0"",nh_index=""1""",1
2026-07-28 17:30:00,ccf-aiops-北大,cr-2,cr,ipv6_route_nexthop_info,"prefix=""fd00:5:40::/64"",next_hop=""fe80::2:5"",dev=""ens4"",protocol=""ospf"",metric=""20"",route_index=""0"",nh_index=""1""",1
2026-07-28 17:30:00,ccf-aiops-北大,cr-2,cr,ipv6_route_nexthop_info,"prefix=""fd00:4:40::/64"",next_hop=""fe80::2:5"",dev=""ens4"",protocol=""ospf"",metric=""20"",route_index=""0"",nh_index=""1""",1
2026-07-28 17:30:00,ccf-aiops-北大,cr-2,cr,ipv6_route_nexthop_info,"prefix=""fd00:3:40::/64"",next_hop=""fe80::2:5"",dev=""ens4"",protocol=""ospf"",metric=""20"",route_index=""0"",nh_index=""1""",1
2026-07-28 17:30:00,ccf-aiops-北大,cr-2,cr,ipv6_route_nexthop_info,"prefix=""fd00:2:40::/64"",next_hop=""fe80::2:5"",dev=""ens4"",protocol=""ospf"",metric=""20"",route_index=""0"",nh_index=""1""",1
2026-07-28 17:30:00,ccf-aiops-北大,cr-2,cr,ipv6_route_nexthop_info,"prefix=""fd00:8:40::/64"",next_hop=""fe80::1:5"",dev=""ens4"",protocol=""ospf"",metric=""20"",route_index=""0"",nh_index=""0""",1
2026-07-28 17:30:00,ccf-aiops-北大,cr-2,cr,ipv6_route_nexthop_info,"prefix=""fd00:7:40::/64"",next_hop=""fe80::1:5"",dev=""ens4"",protocol=""ospf"",metric=""20"",route_index=""0"",nh_index=""0""",1
2026-07-28 17:30:00,ccf-aiops-北大,cr-2,cr,ipv6_route_nexthop_info,"prefix=""fd00:6:40::/64"",next_hop=""fe80::1:5"",dev=""ens4"",protocol=""ospf"",metric=""20"",route_index=""0"",nh_index=""0""",1
2026-07-28 17:30:00,ccf-aiops-北大,cr-2,cr,ipv6_route_nexthop_info,"prefix=""fd00:5:40::/64"",next_hop=""fe80::1:5"",dev=""ens4"",protocol=""ospf"",metric=""20"",route_index=""0"",nh_index=""0""",1
2026-07-28 17:30:00,ccf-aiops-北大,cr-2,cr,ipv6_route_nexthop_info,"prefix=""fd00:4:40::/64"",next_hop=""fe80::1:5"",dev=""ens4"",protocol=""ospf"",metric=""20"",route_index=""0"",nh_index=""0""",1
2026-07-28 17:30:00,ccf-aiops-北大,cr-2,cr,ipv6_route_nexthop_info,"prefix=""fd00:3:40::/64"",next_hop=""fe80::1:5"",dev=""ens4"",protocol=""ospf"",metric=""20"",route_index=""0"",nh_index=""0""",1
2026-07-28 17:30:00,ccf-aiops-北大,cr-2,cr,ipv6_route_nexthop_info,"prefix=""fd00:2:40::/64"",next_hop=""fe80::1:5"",dev=""ens4"",protocol=""ospf"",metric=""20"",route_index=""0"",nh_index=""0""",1
2026-07-28 17:30:00,ccf-aiops-北大,cr-2,cr,ospf6_interface_cost,"interface=""ens4""",1
2026-07-28 17:30:00,ccf-aiops-北大,cr-2,cr,ospf6_interface_cost,"interface=""ens5""",1
2026-07-28 17:30:00,ccf-aiops-北大,cr-2,cr,ospf6_interface_enabled,"interface=""virbr0""",0
2026-07-28 17:30:00,ccf-aiops-北大,cr-2,cr,ospf6_interface_enabled,"interface=""ens10""",1
2026-07-28 17:30:00,ccf-aiops-北大,cr-2,cr,ospf6_interface_enabled,"interface=""ens11""",1
2026-07-28 17:30:00,ccf-aiops-北大,cr-2,cr,ospf6_interface_enabled,"interface=""ens12""",1
2026-07-28 17:30:00,ccf-aiops-北大,cr-2,cr,ospf6_interface_enabled,"interface=""ens3""",1
2026-07-28 17:30:00,ccf-aiops-北大,cr-2,cr,ospf6_interface_enabled,"interface=""ens4""",1
2026-07-28 17:30:00,ccf-aiops-北大,cr-2,cr,ospf6_interface_enabled,"interface=""ens5""",1
2026-07-28 17:30:00,ccf-aiops-北大,cr-2,cr,ospf6_interface_enabled,"interface=""ens6""",1
2026-07-28 17:30:00,ccf-aiops-北大,cr-2,cr,ospf6_interface_enabled,"interface=""ens7""",1
2026-07-28 17:30:00,ccf-aiops-北大,cr-2,cr,ospf6_interface_enabled,"interface=""ens8""",1
2026-07-28 17:30:00,ccf-aiops-北大,cr-2,cr,ospf6_interface_enabled,"interface=""ens9""",1
2026-07-28 17:30:00,ccf-aiops-北大,cr-2,cr,ospf6_interface_enabled,"interface=""lo""",1
2026-07-28 17:30:00,ccf-aiops-北大,cr-2,cr,ospf6_neighbor_state_code,"state=""Full"",interface=""ens4"",neighbor_id=""1.1.1.1""",6
2026-07-28 17:30:00,ccf-aiops-北大,cr-2,cr,ospf6_neighbor_state_code,"state=""Full"",interface=""ens4"",neighbor_id=""1.1.1.11""",6
2026-07-28 17:30:00,ccf-aiops-北大,cr-2,cr,ospf6_neighbor_state_code,"state=""Full"",interface=""ens4"",neighbor_id=""1.1.1.2""",6
2026-07-28 17:30:00,ccf-aiops-北大,cr-2,cr,ospf6_neighbor_state_code,"state=""Full"",interface=""ens5"",neighbor_id=""1.1.1.11""",6
2026-07-28 17:30:00,ccf-aiops-北大,cr-2,cr,bgp_command_success,,
2026-07-28 17:30:00,ccf-aiops-北大,cr-2,cr,bgp_peer_up,,
2026-07-28 17:30:00,ccf-aiops-北大,cr-2,cr,bgp_peer_uptime_seconds,,
2026-07-28 17:30:00,ccf-aiops-北大,cr-2,cr,bgp_peer_prefix_received,,
2026-07-28 17:30:00,ccf-aiops-北大,cr-2,cr,bgp_peer_prefix_sent,,
2026-07-28 17:30:00,ccf-aiops-北大,cr-2,cr,bgp_peer_count,,
2026-07-28 17:31:00,ccf-aiops-北大,br-1,br,bgp_command_success,"command=""bgp_summary""",1
2026-07-28 17:31:00,ccf-aiops-北大,br-1,br,bgp_peer_count,,4
2026-07-28 17:31:00,ccf-aiops-北大,br-1,br,bgp_peer_prefix_received,"peer=""fd00:100:10::11"",remote_as=""65002"",state=""Established""",4
2026-07-28 17:31:00,ccf-aiops-北大,br-1,br,bgp_peer_prefix_received,"peer=""fd00:100:10::21"",remote_as=""65003"",state=""Established""",6
2026-07-28 17:31:00,ccf-aiops-北大,br-1,br,bgp_peer_prefix_received,"peer=""fd00:100:10::41"",remote_as=""65005"",state=""Established""",6
2026-07-28 17:31:00,ccf-aiops-北大,br-1,br,bgp_peer_prefix_received,"peer=""fd00:100:10::51"",remote_as=""65006"",state=""Established""",7
2026-07-28 17:31:00,ccf-aiops-北大,br-1,br,bgp_peer_prefix_sent,"peer=""fd00:100:10::51"",remote_as=""65006"",state=""Established""",8
2026-07-28 17:31:00,ccf-aiops-北大,br-1,br,bgp_peer_prefix_sent,"peer=""fd00:100:10::41"",remote_as=""65005"",state=""Established""",8
2026-07-28 17:31:00,ccf-aiops-北大,br-1,br,bgp_peer_prefix_sent,"peer=""fd00:100:10::21"",remote_as=""65003"",state=""Established""",8
2026-07-28 17:31:00,ccf-aiops-北大,br-1,br,bgp_peer_prefix_sent,"peer=""fd00:100:10::11"",remote_as=""65002"",state=""Established""",8
2026-07-28 17:31:00,ccf-aiops-北大,br-1,br,bgp_peer_up,"peer=""fd00:100:10::51"",remote_as=""65006"",state=""Established""",1
2026-07-28 17:31:00,ccf-aiops-北大,br-1,br,bgp_peer_up,"peer=""fd00:100:10::41"",remote_as=""65005"",state=""Established""",1
2026-07-28 17:31:00,ccf-aiops-北大,br-1,br,bgp_peer_up,"peer=""fd00:100:10::21"",remote_as=""65003"",state=""Established""",1
2026-07-28 17:31:00,ccf-aiops-北大,br-1,br,bgp_peer_up,"peer=""fd00:100:10::11"",remote_as=""65002"",state=""Established""",1
2026-07-28 17:31:00,ccf-aiops-北大,br-1,br,bgp_peer_uptime_seconds,"peer=""fd00:100:10::11"",remote_as=""65002"",state=""Established""",530965
2026-07-28 17:31:00,ccf-aiops-北大,br-1,br,bgp_peer_uptime_seconds,"peer=""fd00:100:10::21"",remote_as=""65003"",state=""Established""",667563
2026-07-28 17:31:00,ccf-aiops-北大,br-1,br,bgp_peer_uptime_seconds,"peer=""fd00:100:10::41"",remote_as=""65005"",state=""Established""",2430620
2026-07-28 17:31:00,ccf-aiops-北大,br-1,br,bgp_peer_uptime_seconds,"peer=""fd00:100:10::51"",remote_as=""65006"",state=""Established""",2430532
2026-07-28 17:31:00,ccf-aiops-北大,br-1,br,ipv6_default_route_changed_total,,0
2026-07-28 17:31:00,ccf-aiops-北大,br-1,br,ipv6_default_route_info,"next_hop=""240a:a023::1"",dev=""ens4"",protocol=""unknown"",metric=""1024"",route_index=""0"",nh_index=""0""",1
2026-07-28 17:31:00,ccf-aiops-北大,br-1,br,ipv6_route_change_total,"prefix=""fd00:2:40::/64""",0
2026-07-28 17:31:00,ccf-aiops-北大,br-1,br,ipv6_route_change_total,"prefix=""fd00:8:40::/64""",0
2026-07-28 17:31:00,ccf-aiops-北大,br-1,br,ipv6_route_change_total,"prefix=""fd00:7:40::/64""",6
2026-07-28 17:31:00,ccf-aiops-北大,br-1,br,ipv6_route_change_total,"prefix=""::/0""",0
2026-07-28 17:31:00,ccf-aiops-北大,br-1,br,ipv6_route_change_total,"prefix=""fd00:6:40::/64""",0
2026-07-28 17:31:00,ccf-aiops-北大,br-1,br,ipv6_route_change_total,"prefix=""fd00:5:40::/64""",0
2026-07-28 17:31:00,ccf-aiops-北大,br-1,br,ipv6_route_change_total,"prefix=""fd00:4:40::/64""",0
2026-07-28 17:31:00,ccf-aiops-北大,br-1,br,ipv6_route_change_total,"prefix=""fd00:3:40::/64""",0
2026-07-28 17:31:00,ccf-aiops-北大,br-1,br,ipv6_route_change_total,"prefix=""fd00:1:40::/64""",0
2026-07-28 17:31:00,ccf-aiops-北大,br-1,br,ipv6_route_count,"protocol=""unknown""",3
2026-07-28 17:31:00,ccf-aiops-北大,br-1,br,ipv6_route_count,"protocol=""all""",20
2026-07-28 17:31:00,ccf-aiops-北大,br-1,br,ipv6_route_count,"protocol=""ospf""",2
2026-07-28 17:31:00,ccf-aiops-北大,br-1,br,ipv6_route_count,"protocol=""kernel""",8
2026-07-28 17:31:00,ccf-aiops-北大,br-1,br,ipv6_route_count,"protocol=""bgp""",7
2026-07-28 17:31:00,ccf-aiops-北大,br-1,br,ipv6_route_exists,"prefix=""::/0""",1
2026-07-28 17:31:00,ccf-aiops-北大,br-1,br,ipv6_route_exists,"prefix=""fd00:8:40::/64""",1
2026-07-28 17:31:00,ccf-aiops-北大,br-1,br,ipv6_route_exists,"prefix=""fd00:7:40::/64""",1
2026-07-28 17:31:00,ccf-aiops-北大,br-1,br,ipv6_route_exists,"prefix=""fd00:6:40::/64""",1
2026-07-28 17:31:00,ccf-aiops-北大,br-1,br,ipv6_route_exists,"prefix=""fd00:5:40::/64""",1
2026-07-28 17:31:00,ccf-aiops-北大,br-1,br,ipv6_route_exists,"prefix=""fd00:4:40::/64""",1
2026-07-28 17:31:00,ccf-aiops-北大,br-1,br,ipv6_route_exists,"prefix=""fd00:3:40::/64""",1
2026-07-28 17:31:00,ccf-aiops-北大,br-1,br,ipv6_route_exists,"prefix=""fd00:2:40::/64""",1
2026-07-28 17:31:00,ccf-aiops-北大,br-1,br,ipv6_route_exists,"prefix=""fd00:1:40::/64""",1
2026-07-28 17:31:00,ccf-aiops-北大,br-1,br,ipv6_route_nexthop_info,"prefix=""fd00:1:40::/64"",next_hop=""fe80::11:4"",dev=""ens5"",protocol=""ospf"",metric=""20"",route_index=""0"",nh_index=""0""",1
2026-07-28 17:31:00,ccf-aiops-北大,br-1,br,ipv6_route_nexthop_info,"prefix=""fd00:1:40::/64"",next_hop=""fe80::12:4"",dev=""ens5"",protocol=""ospf"",metric=""20"",route_index=""0"",nh_index=""1""",1
2026-07-28 17:31:00,ccf-aiops-北大,br-1,br,ipv6_route_nexthop_info,"prefix=""fd00:7:40::/64"",next_hop=""fe80::100:10:51"",dev=""ens4"",protocol=""bgp"",metric=""20"",route_index=""0"",nh_index=""0""",1
2026-07-28 17:31:00,ccf-aiops-北大,br-1,br,ipv6_route_nexthop_info,"prefix=""fd00:6:40::/64"",next_hop=""fe80::100:10:51"",dev=""ens4"",protocol=""bgp"",metric=""20"",route_index=""0"",nh_index=""0""",1
2026-07-28 17:31:00,ccf-aiops-北大,br-1,br,ipv6_route_nexthop_info,"prefix=""fd00:8:40::/64"",next_hop=""fe80::100:10:41"",dev=""ens4"",protocol=""bgp"",metric=""20"",route_index=""0"",nh_index=""0""",1
2026-07-28 17:31:00,ccf-aiops-北大,br-1,br,ipv6_route_nexthop_info,"prefix=""fd00:5:40::/64"",next_hop=""fe80::100:10:41"",dev=""ens4"",protocol=""bgp"",metric=""20"",route_index=""0"",nh_index=""0""",1
2026-07-28 17:31:00,ccf-aiops-北大,br-1,br,ipv6_route_nexthop_info,"prefix=""fd00:4:40::/64"",next_hop=""fe80::100:10:41"",dev=""ens4"",protocol=""bgp"",metric=""20"",route_index=""0"",nh_index=""0""",1
2026-07-28 17:31:00,ccf-aiops-北大,br-1,br,ipv6_route_nexthop_info,"prefix=""fd00:3:40::/64"",next_hop=""fe80::100:10:21"",dev=""ens4"",protocol=""bgp"",metric=""20"",route_index=""0"",nh_index=""0""",1
2026-07-28 17:31:00,ccf-aiops-北大,br-1,br,ipv6_route_nexthop_info,"prefix=""fd00:2:40::/64"",next_hop=""fe80::100:10:11"",dev=""ens4"",protocol=""bgp"",metric=""20"",route_index=""0"",nh_index=""0""",1
2026-07-28 17:31:00,ccf-aiops-北大,br-1,br,ipv6_route_nexthop_info,"prefix=""::/0"",next_hop=""240a:a023::1"",dev=""ens4"",protocol=""unknown"",metric=""1024"",route_index=""0"",nh_index=""0""",1
2026-07-28 17:31:00,ccf-aiops-北大,br-1,br,ospf6_interface_cost,"interface=""ens5""",1
2026-07-28 17:31:00,ccf-aiops-北大,br-1,br,ospf6_interface_enabled,"interface=""ens11""",1
2026-07-28 17:31:00,ccf-aiops-北大,br-1,br,ospf6_interface_enabled,"interface=""ens4""",1
2026-07-28 17:31:00,ccf-aiops-北大,br-1,br,ospf6_interface_enabled,"interface=""ens5""",1
2026-07-28 17:31:00,ccf-aiops-北大,br-1,br,ospf6_interface_enabled,"interface=""ens6""",1
2026-07-28 17:31:00,ccf-aiops-北大,br-1,br,ospf6_interface_enabled,"interface=""ens7""",1
2026-07-28 17:31:00,ccf-aiops-北大,br-1,br,ospf6_interface_enabled,"interface=""ens8""",1
2026-07-28 17:31:00,ccf-aiops-北大,br-1,br,ospf6_interface_enabled,"interface=""ens9""",1
2026-07-28 17:31:00,ccf-aiops-北大,br-1,br,ospf6_interface_enabled,"interface=""ens3""",1
2026-07-28 17:31:00,ccf-aiops-北大,br-1,br,ospf6_interface_enabled,"interface=""ens12""",1
2026-07-28 17:31:00,ccf-aiops-北大,br-1,br,ospf6_interface_enabled,"interface=""ens10""",1
2026-07-28 17:31:00,ccf-aiops-北大,br-1,br,ospf6_interface_enabled,"interface=""lo""",1
2026-07-28 17:31:00,ccf-aiops-北大,br-1,br,ospf6_interface_enabled,"interface=""virbr0""",0
2026-07-28 17:31:00,ccf-aiops-北大,br-1,br,ospf6_neighbor_state_code,"state=""Full"",interface=""ens5"",neighbor_id=""1.1.1.11""",6
2026-07-28 17:31:00,ccf-aiops-北大,br-1,br,ospf6_neighbor_state_code,"state=""Full"",interface=""ens5"",neighbor_id=""1.1.1.12""",6
2026-07-28 17:31:00,ccf-aiops-北大,br-1,br,ospf6_neighbor_state_code,"state=""Twoway"",interface=""ens5"",neighbor_id=""1.1.1.2""",2
2026-07-28 17:31:00,ccf-aiops-北大,br-2,br,bgp_command_success,"command=""bgp_summary""",1
2026-07-28 17:31:00,ccf-aiops-北大,br-2,br,bgp_peer_count,,4
2026-07-28 17:31:00,ccf-aiops-北大,br-2,br,bgp_peer_prefix_received,"peer=""fd00:100:10::12"",remote_as=""65002"",state=""Established""",4
2026-07-28 17:31:00,ccf-aiops-北大,br-2,br,bgp_peer_prefix_received,"peer=""fd00:100:10::22"",remote_as=""65003"",state=""Established""",5
2026-07-28 17:31:00,ccf-aiops-北大,br-2,br,bgp_peer_prefix_received,"peer=""fd00:100:10::42"",remote_as=""65005"",state=""Established""",6
2026-07-28 17:31:00,ccf-aiops-北大,br-2,br,bgp_peer_prefix_received,"peer=""fd00:100:10::52"",remote_as=""65006"",state=""Established""",6
2026-07-28 17:31:00,ccf-aiops-北大,br-2,br,bgp_peer_prefix_sent,"peer=""fd00:100:10::12"",remote_as=""65002"",state=""Established""",8
2026-07-28 17:31:00,ccf-aiops-北大,br-2,br,bgp_peer_prefix_sent,"peer=""fd00:100:10::22"",remote_as=""65003"",state=""Established""",8
2026-07-28 17:31:00,ccf-aiops-北大,br-2,br,bgp_peer_prefix_sent,"peer=""fd00:100:10::42"",remote_as=""65005"",state=""Established""",8
2026-07-28 17:31:00,ccf-aiops-北大,br-2,br,bgp_peer_prefix_sent,"peer=""fd00:100:10::52"",remote_as=""65006"",state=""Established""",8
2026-07-28 17:31:00,ccf-aiops-北大,br-2,br,bgp_peer_up,"peer=""fd00:100:10::12"",remote_as=""65002"",state=""Established""",1
2026-07-28 17:31:00,ccf-aiops-北大,br-2,br,bgp_peer_up,"peer=""fd00:100:10::22"",remote_as=""65003"",state=""Established""",1
2026-07-28 17:31:00,ccf-aiops-北大,br-2,br,bgp_peer_up,"peer=""fd00:100:10::42"",remote_as=""65005"",state=""Established""",1
2026-07-28 17:31:00,ccf-aiops-北大,br-2,br,bgp_peer_up,"peer=""fd00:100:10::52"",remote_as=""65006"",state=""Established""",1
2026-07-28 17:31:00,ccf-aiops-北大,br-2,br,bgp_peer_uptime_seconds,"peer=""fd00:100:10::42"",remote_as=""65005"",state=""Established""",2430630
2026-07-28 17:31:00,ccf-aiops-北大,br-2,br,bgp_peer_uptime_seconds,"peer=""fd00:100:10::22"",remote_as=""65003"",state=""Established""",1360887
2026-07-28 17:31:00,ccf-aiops-北大,br-2,br,bgp_peer_uptime_seconds,"peer=""fd00:100:10::12"",remote_as=""65002"",state=""Established""",530922
2026-07-28 17:31:00,ccf-aiops-北大,br-2,br,bgp_peer_uptime_seconds,"peer=""fd00:100:10::52"",remote_as=""65006"",state=""Established""",2430537
2026-07-28 17:31:00,ccf-aiops-北大,br-2,br,ipv6_default_route_changed_total,,0
2026-07-28 17:31:00,ccf-aiops-北大,br-2,br,ipv6_default_route_info,"next_hop=""240a:a023::1"",dev=""ens4"",protocol=""unknown"",metric=""1024"",route_index=""0"",nh_index=""0""",1
2026-07-28 17:31:00,ccf-aiops-北大,br-2,br,ipv6_route_change_total,"prefix=""fd00:8:40::/64""",0
2026-07-28 17:31:00,ccf-aiops-北大,br-2,br,ipv6_route_change_total,"prefix=""::/0""",0
2026-07-28 17:31:00,ccf-aiops-北大,br-2,br,ipv6_route_change_total,"prefix=""fd00:3:40::/64""",0
2026-07-28 17:31:00,ccf-aiops-北大,br-2,br,ipv6_route_change_total,"prefix=""fd00:7:40::/64""",4
2026-07-28 17:31:00,ccf-aiops-北大,br-2,br,ipv6_route_change_total,"prefix=""fd00:6:40::/64""",0
2026-07-28 17:31:00,ccf-aiops-北大,br-2,br,ipv6_route_change_total,"prefix=""fd00:5:40::/64""",0
2026-07-28 17:31:00,ccf-aiops-北大,br-2,br,ipv6_route_change_total,"prefix=""fd00:4:40::/64""",0
2026-07-28 17:31:00,ccf-aiops-北大,br-2,br,ipv6_route_change_total,"prefix=""fd00:2:40::/64""",0
2026-07-28 17:31:00,ccf-aiops-北大,br-2,br,ipv6_route_change_total,"prefix=""fd00:1:40::/64""",0
2026-07-28 17:31:00,ccf-aiops-北大,br-2,br,ipv6_route_count,"protocol=""all""",19
2026-07-28 17:31:00,ccf-aiops-北大,br-2,br,ipv6_route_count,"protocol=""kernel""",7
2026-07-28 17:31:00,ccf-aiops-北大,br-2,br,ipv6_route_count,"protocol=""ospf""",2
2026-07-28 17:31:00,ccf-aiops-北大,br-2,br,ipv6_route_count,"protocol=""unknown""",3
2026-07-28 17:31:00,ccf-aiops-北大,br-2,br,ipv6_route_count,"protocol=""bgp""",7
2026-07-28 17:31:00,ccf-aiops-北大,br-2,br,ipv6_route_exists,"prefix=""fd00:1:40::/64""",1
2026-07-28 17:31:00,ccf-aiops-北大,br-2,br,ipv6_route_exists,"prefix=""fd00:8:40::/64""",1
2026-07-28 17:31:00,ccf-aiops-北大,br-2,br,ipv6_route_exists,"prefix=""fd00:7:40::/64""",1
2026-07-28 17:31:00,ccf-aiops-北大,br-2,br,ipv6_route_exists,"prefix=""fd00:6:40::/64""",1
2026-07-28 17:31:00,ccf-aiops-北大,br-2,br,ipv6_route_exists,"prefix=""fd00:5:40::/64""",1
2026-07-28 17:31:00,ccf-aiops-北大,br-2,br,ipv6_route_exists,"prefix=""fd00:4:40::/64""",1
2026-07-28 17:31:00,ccf-aiops-北大,br-2,br,ipv6_route_exists,"prefix=""fd00:3:40::/64""",1
2026-07-28 17:31:00,ccf-aiops-北大,br-2,br,ipv6_route_exists,"prefix=""fd00:2:40::/64""",1
2026-07-28 17:31:00,ccf-aiops-北大,br-2,br,ipv6_route_exists,"prefix=""::/0""",1
2026-07-28 17:31:00,ccf-aiops-北大,br-2,br,ipv6_route_nexthop_info,"prefix=""fd00:1:40::/64"",next_hop=""fe80::12:4"",dev=""ens5"",protocol=""ospf"",metric=""20"",route_index=""0"",nh_index=""1""",1
2026-07-28 17:31:00,ccf-aiops-北大,br-2,br,ipv6_route_nexthop_info,"prefix=""fd00:1:40::/64"",next_hop=""fe80::11:4"",dev=""ens5"",protocol=""ospf"",metric=""20"",route_index=""0"",nh_index=""0""",1
2026-07-28 17:31:00,ccf-aiops-北大,br-2,br,ipv6_route_nexthop_info,"prefix=""fd00:6:40::/64"",next_hop=""fe80::100:10:52"",dev=""ens4"",protocol=""bgp"",metric=""20"",route_index=""0"",nh_index=""0""",1
2026-07-28 17:31:00,ccf-aiops-北大,br-2,br,ipv6_route_nexthop_info,"prefix=""fd00:7:40::/64"",next_hop=""fe80::100:10:42"",dev=""ens4"",protocol=""bgp"",metric=""20"",route_index=""0"",nh_index=""0""",1
2026-07-28 17:31:00,ccf-aiops-北大,br-2,br,ipv6_route_nexthop_info,"prefix=""fd00:5:40::/64"",next_hop=""fe80::100:10:42"",dev=""ens4"",protocol=""bgp"",metric=""20"",route_index=""0"",nh_index=""0""",1
2026-07-28 17:31:00,ccf-aiops-北大,br-2,br,ipv6_route_nexthop_info,"prefix=""fd00:8:40::/64"",next_hop=""fe80::100:10:42"",dev=""ens4"",protocol=""bgp"",metric=""20"",route_index=""0"",nh_index=""0""",1
2026-07-28 17:31:00,ccf-aiops-北大,br-2,br,ipv6_route_nexthop_info,"prefix=""::/0"",next_hop=""240a:a023::1"",dev=""ens4"",protocol=""unknown"",metric=""1024"",route_index=""0"",nh_index=""0""",1
2026-07-28 17:31:00,ccf-aiops-北大,br-2,br,ipv6_route_nexthop_info,"prefix=""fd00:2:40::/64"",next_hop=""fe80::100:10:12"",dev=""ens4"",protocol=""bgp"",metric=""20"",route_index=""0"",nh_index=""0""",1
2026-07-28 17:31:00,ccf-aiops-北大,br-2,br,ipv6_route_nexthop_info,"prefix=""fd00:3:40::/64"",next_hop=""fe80::100:10:22"",dev=""ens4"",protocol=""bgp"",metric=""20"",route_index=""0"",nh_index=""0""",1
2026-07-28 17:31:00,ccf-aiops-北大,br-2,br,ipv6_route_nexthop_info,"prefix=""fd00:4:40::/64"",next_hop=""fe80::100:10:42"",dev=""ens4"",protocol=""bgp"",metric=""20"",route_index=""0"",nh_index=""0""",1
2026-07-28 17:31:00,ccf-aiops-北大,br-2,br,ospf6_interface_cost,"interface=""ens5""",1
2026-07-28 17:31:00,ccf-aiops-北大,br-2,br,ospf6_interface_enabled,"interface=""ens5""",1
2026-07-28 17:31:00,ccf-aiops-北大,br-2,br,ospf6_interface_enabled,"interface=""ens11""",1
2026-07-28 17:31:00,ccf-aiops-北大,br-2,br,ospf6_interface_enabled,"interface=""ens10""",1
2026-07-28 17:31:00,ccf-aiops-北大,br-2,br,ospf6_interface_enabled,"interface=""ens12""",1
2026-07-28 17:31:00,ccf-aiops-北大,br-2,br,ospf6_interface_enabled,"interface=""ens3""",1
2026-07-28 17:31:00,ccf-aiops-北大,br-2,br,ospf6_interface_enabled,"interface=""ens4""",1
2026-07-28 17:31:00,ccf-aiops-北大,br-2,br,ospf6_interface_enabled,"interface=""ens6""",1
2026-07-28 17:31:00,ccf-aiops-北大,br-2,br,ospf6_interface_enabled,"interface=""ens7""",1
2026-07-28 17:31:00,ccf-aiops-北大,br-2,br,ospf6_interface_enabled,"interface=""virbr0""",0
2026-07-28 17:31:00,ccf-aiops-北大,br-2,br,ospf6_interface_enabled,"interface=""lo""",1
2026-07-28 17:31:00,ccf-aiops-北大,br-2,br,ospf6_interface_enabled,"interface=""ens9""",1
2026-07-28 17:31:00,ccf-aiops-北大,br-2,br,ospf6_interface_enabled,"interface=""ens8""",1
2026-07-28 17:31:00,ccf-aiops-北大,br-2,br,ospf6_neighbor_state_code,"state=""Twoway"",interface=""ens5"",neighbor_id=""1.1.1.1""",2
2026-07-28 17:31:00,ccf-aiops-北大,br-2,br,ospf6_neighbor_state_code,"state=""Full"",interface=""ens5"",neighbor_id=""1.1.1.11""",6
2026-07-28 17:31:00,ccf-aiops-北大,br-2,br,ospf6_neighbor_state_code,"state=""Full"",interface=""ens5"",neighbor_id=""1.1.1.12""",6
2026-07-28 17:31:00,ccf-aiops-北大,cr-1,cr,ipv6_default_route_changed_total,,0
2026-07-28 17:31:00,ccf-aiops-北大,cr-1,cr,ipv6_default_route_info,"next_hop=""fd00:1:20::2"",dev=""ens4"",protocol=""196"",metric=""20"",route_index=""0"",nh_index=""1""",1
2026-07-28 17:31:00,ccf-aiops-北大,cr-1,cr,ipv6_default_route_info,"next_hop=""fd00:1:20::1"",dev=""ens4"",protocol=""196"",metric=""20"",route_index=""0"",nh_index=""0""",1
2026-07-28 17:31:00,ccf-aiops-北大,cr-1,cr,ipv6_route_change_total,"prefix=""fd00:6:40::/64""",0
2026-07-28 17:31:00,ccf-aiops-北大,cr-1,cr,ipv6_route_change_total,"prefix=""fd00:5:40::/64""",0
2026-07-28 17:31:00,ccf-aiops-北大,cr-1,cr,ipv6_route_change_total,"prefix=""fd00:4:40::/64""",0
2026-07-28 17:31:00,ccf-aiops-北大,cr-1,cr,ipv6_route_change_total,"prefix=""fd00:3:40::/64""",0
2026-07-28 17:31:00,ccf-aiops-北大,cr-1,cr,ipv6_route_change_total,"prefix=""fd00:2:40::/64""",0
2026-07-28 17:31:00,ccf-aiops-北大,cr-1,cr,ipv6_route_change_total,"prefix=""fd00:7:40::/64""",0
2026-07-28 17:31:00,ccf-aiops-北大,cr-1,cr,ipv6_route_change_total,"prefix=""fd00:1:40::/64""",0
2026-07-28 17:31:00,ccf-aiops-北大,cr-1,cr,ipv6_route_change_total,"prefix=""::/0""",0
2026-07-28 17:31:00,ccf-aiops-北大,cr-1,cr,ipv6_route_change_total,"prefix=""fd00:8:40::/64""",0
2026-07-28 17:31:00,ccf-aiops-北大,cr-1,cr,ipv6_route_count,"protocol=""ospf""",7
2026-07-28 17:31:00,ccf-aiops-北大,cr-1,cr,ipv6_route_count,"protocol=""kernel""",6
2026-07-28 17:31:00,ccf-aiops-北大,cr-1,cr,ipv6_route_count,"protocol=""all""",15
2026-07-28 17:31:00,ccf-aiops-北大,cr-1,cr,ipv6_route_count,"protocol=""196""",2
2026-07-28 17:31:00,ccf-aiops-北大,cr-1,cr,ipv6_route_exists,"prefix=""fd00:5:40::/64""",1
2026-07-28 17:31:00,ccf-aiops-北大,cr-1,cr,ipv6_route_exists,"prefix=""fd00:4:40::/64""",1
2026-07-28 17:31:00,ccf-aiops-北大,cr-1,cr,ipv6_route_exists,"prefix=""::/0""",1
2026-07-28 17:31:00,ccf-aiops-北大,cr-1,cr,ipv6_route_exists,"prefix=""fd00:1:40::/64""",1
2026-07-28 17:31:00,ccf-aiops-北大,cr-1,cr,ipv6_route_exists,"prefix=""fd00:2:40::/64""",1
2026-07-28 17:31:00,ccf-aiops-北大,cr-1,cr,ipv6_route_exists,"prefix=""fd00:3:40::/64""",1
2026-07-28 17:31:00,ccf-aiops-北大,cr-1,cr,ipv6_route_exists,"prefix=""fd00:8:40::/64""",1
2026-07-28 17:31:00,ccf-aiops-北大,cr-1,cr,ipv6_route_exists,"prefix=""fd00:7:40::/64""",1
2026-07-28 17:31:00,ccf-aiops-北大,cr-1,cr,ipv6_route_exists,"prefix=""fd00:6:40::/64""",1
2026-07-28 17:31:00,ccf-aiops-北大,cr-1,cr,ipv6_route_nexthop_info,"prefix=""fd00:1:40::/64"",next_hop=""fd00:1:30::254"",dev=""ens5"",protocol=""196"",metric=""20"",route_index=""0"",nh_index=""0""",1
2026-07-28 17:31:00,ccf-aiops-北大,cr-1,cr,ipv6_route_nexthop_info,"prefix=""fd00:6:40::/64"",next_hop=""fe80::1:5"",dev=""ens4"",protocol=""ospf"",metric=""20"",route_index=""0"",nh_index=""0""",1
2026-07-28 17:31:00,ccf-aiops-北大,cr-1,cr,ipv6_route_nexthop_info,"prefix=""fd00:8:40::/64"",next_hop=""fe80::2:5"",dev=""ens4"",protocol=""ospf"",metric=""20"",route_index=""0"",nh_index=""1""",1
2026-07-28 17:31:00,ccf-aiops-北大,cr-1,cr,ipv6_route_nexthop_info,"prefix=""fd00:6:40::/64"",next_hop=""fe80::2:5"",dev=""ens4"",protocol=""ospf"",metric=""20"",route_index=""0"",nh_index=""1""",1
2026-07-28 17:31:00,ccf-aiops-北大,cr-1,cr,ipv6_route_nexthop_info,"prefix=""::/0"",next_hop=""fd00:1:20::1"",dev=""ens4"",protocol=""196"",metric=""20"",route_index=""0"",nh_index=""0""",1
2026-07-28 17:31:00,ccf-aiops-北大,cr-1,cr,ipv6_route_nexthop_info,"prefix=""::/0"",next_hop=""fd00:1:20::2"",dev=""ens4"",protocol=""196"",metric=""20"",route_index=""0"",nh_index=""1""",1
2026-07-28 17:31:00,ccf-aiops-北大,cr-1,cr,ipv6_route_nexthop_info,"prefix=""fd00:2:40::/64"",next_hop=""fe80::1:5"",dev=""ens4"",protocol=""ospf"",metric=""20"",route_index=""0"",nh_index=""0""",1
2026-07-28 17:31:00,ccf-aiops-北大,cr-1,cr,ipv6_route_nexthop_info,"prefix=""fd00:3:40::/64"",next_hop=""fe80::1:5"",dev=""ens4"",protocol=""ospf"",metric=""20"",route_index=""0"",nh_index=""0""",1
2026-07-28 17:31:00,ccf-aiops-北大,cr-1,cr,ipv6_route_nexthop_info,"prefix=""fd00:4:40::/64"",next_hop=""fe80::1:5"",dev=""ens4"",protocol=""ospf"",metric=""20"",route_index=""0"",nh_index=""0""",1
2026-07-28 17:31:00,ccf-aiops-北大,cr-1,cr,ipv6_route_nexthop_info,"prefix=""fd00:5:40::/64"",next_hop=""fe80::1:5"",dev=""ens4"",protocol=""ospf"",metric=""20"",route_index=""0"",nh_index=""0""",1
2026-07-28 17:31:00,ccf-aiops-北大,cr-1,cr,ipv6_route_nexthop_info,"prefix=""fd00:7:40::/64"",next_hop=""fe80::1:5"",dev=""ens4"",protocol=""ospf"",metric=""20"",route_index=""0"",nh_index=""0""",1
2026-07-28 17:31:00,ccf-aiops-北大,cr-1,cr,ipv6_route_nexthop_info,"prefix=""fd00:2:40::/64"",next_hop=""fe80::2:5"",dev=""ens4"",protocol=""ospf"",metric=""20"",route_index=""0"",nh_index=""1""",1
2026-07-28 17:31:00,ccf-aiops-北大,cr-1,cr,ipv6_route_nexthop_info,"prefix=""fd00:3:40::/64"",next_hop=""fe80::2:5"",dev=""ens4"",protocol=""ospf"",metric=""20"",route_index=""0"",nh_index=""1""",1
2026-07-28 17:31:00,ccf-aiops-北大,cr-1,cr,ipv6_route_nexthop_info,"prefix=""fd00:4:40::/64"",next_hop=""fe80::2:5"",dev=""ens4"",protocol=""ospf"",metric=""20"",route_index=""0"",nh_index=""1""",1
2026-07-28 17:31:00,ccf-aiops-北大,cr-1,cr,ipv6_route_nexthop_info,"prefix=""fd00:5:40::/64"",next_hop=""fe80::2:5"",dev=""ens4"",protocol=""ospf"",metric=""20"",route_index=""0"",nh_index=""1""",1
2026-07-28 17:31:00,ccf-aiops-北大,cr-1,cr,ipv6_route_nexthop_info,"prefix=""fd00:7:40::/64"",next_hop=""fe80::2:5"",dev=""ens4"",protocol=""ospf"",metric=""20"",route_index=""0"",nh_index=""1""",1
2026-07-28 17:31:00,ccf-aiops-北大,cr-1,cr,ipv6_route_nexthop_info,"prefix=""fd00:8:40::/64"",next_hop=""fe80::1:5"",dev=""ens4"",protocol=""ospf"",metric=""20"",route_index=""0"",nh_index=""0""",1
2026-07-28 17:31:00,ccf-aiops-北大,cr-1,cr,ospf6_interface_cost,"interface=""ens5""",1
2026-07-28 17:31:00,ccf-aiops-北大,cr-1,cr,ospf6_interface_cost,"interface=""ens4""",1
2026-07-28 17:31:00,ccf-aiops-北大,cr-1,cr,ospf6_interface_enabled,"interface=""ens3""",1
2026-07-28 17:31:00,ccf-aiops-北大,cr-1,cr,ospf6_interface_enabled,"interface=""virbr0""",0
2026-07-28 17:31:00,ccf-aiops-北大,cr-1,cr,ospf6_interface_enabled,"interface=""ens9""",1
2026-07-28 17:31:00,ccf-aiops-北大,cr-1,cr,ospf6_interface_enabled,"interface=""ens8""",1
2026-07-28 17:31:00,ccf-aiops-北大,cr-1,cr,ospf6_interface_enabled,"interface=""ens7""",1
2026-07-28 17:31:00,ccf-aiops-北大,cr-1,cr,ospf6_interface_enabled,"interface=""ens6""",1
2026-07-28 17:31:00,ccf-aiops-北大,cr-1,cr,ospf6_interface_enabled,"interface=""ens5""",1
2026-07-28 17:31:00,ccf-aiops-北大,cr-1,cr,ospf6_interface_enabled,"interface=""ens4""",1
2026-07-28 17:31:00,ccf-aiops-北大,cr-1,cr,ospf6_interface_enabled,"interface=""ens12""",1
2026-07-28 17:31:00,ccf-aiops-北大,cr-1,cr,ospf6_interface_enabled,"interface=""ens11""",1
2026-07-28 17:31:00,ccf-aiops-北大,cr-1,cr,ospf6_interface_enabled,"interface=""ens10""",1
2026-07-28 17:31:00,ccf-aiops-北大,cr-1,cr,ospf6_interface_enabled,"interface=""lo""",1
2026-07-28 17:31:00,ccf-aiops-北大,cr-1,cr,ospf6_neighbor_state_code,"state=""Full"",interface=""ens5"",neighbor_id=""1.1.1.12""",6
2026-07-28 17:31:00,ccf-aiops-北大,cr-1,cr,ospf6_neighbor_state_code,"state=""Full"",interface=""ens4"",neighbor_id=""1.1.1.2""",6
2026-07-28 17:31:00,ccf-aiops-北大,cr-1,cr,ospf6_neighbor_state_code,"state=""Full"",interface=""ens4"",neighbor_id=""1.1.1.12""",6
2026-07-28 17:31:00,ccf-aiops-北大,cr-1,cr,ospf6_neighbor_state_code,"state=""Full"",interface=""ens4"",neighbor_id=""1.1.1.1""",6
2026-07-28 17:31:00,ccf-aiops-北大,cr-1,cr,bgp_command_success,,
2026-07-28 17:31:00,ccf-aiops-北大,cr-1,cr,bgp_peer_up,,
2026-07-28 17:31:00,ccf-aiops-北大,cr-1,cr,bgp_peer_uptime_seconds,,
2026-07-28 17:31:00,ccf-aiops-北大,cr-1,cr,bgp_peer_prefix_received,,
2026-07-28 17:31:00,ccf-aiops-北大,cr-1,cr,bgp_peer_prefix_sent,,
2026-07-28 17:31:00,ccf-aiops-北大,cr-1,cr,bgp_peer_count,,
2026-07-28 17:31:00,ccf-aiops-北大,cr-2,cr,ipv6_default_route_changed_total,,0
2026-07-28 17:31:00,ccf-aiops-北大,cr-2,cr,ipv6_default_route_info,"next_hop=""fd00:1:20::1"",dev=""ens4"",protocol=""196"",metric=""20"",route_index=""0"",nh_index=""0""",1
2026-07-28 17:31:00,ccf-aiops-北大,cr-2,cr,ipv6_default_route_info,"next_hop=""fd00:1:20::2"",dev=""ens4"",protocol=""196"",metric=""20"",route_index=""0"",nh_index=""1""",1
2026-07-28 17:31:00,ccf-aiops-北大,cr-2,cr,ipv6_route_change_total,"prefix=""fd00:7:40::/64""",0
2026-07-28 17:31:00,ccf-aiops-北大,cr-2,cr,ipv6_route_change_total,"prefix=""fd00:8:40::/64""",0
2026-07-28 17:31:00,ccf-aiops-北大,cr-2,cr,ipv6_route_change_total,"prefix=""fd00:5:40::/64""",0
2026-07-28 17:31:00,ccf-aiops-北大,cr-2,cr,ipv6_route_change_total,"prefix=""fd00:4:40::/64""",0
2026-07-28 17:31:00,ccf-aiops-北大,cr-2,cr,ipv6_route_change_total,"prefix=""fd00:3:40::/64""",0
2026-07-28 17:31:00,ccf-aiops-北大,cr-2,cr,ipv6_route_change_total,"prefix=""fd00:2:40::/64""",0
2026-07-28 17:31:00,ccf-aiops-北大,cr-2,cr,ipv6_route_change_total,"prefix=""fd00:6:40::/64""",0
2026-07-28 17:31:00,ccf-aiops-北大,cr-2,cr,ipv6_route_change_total,"prefix=""fd00:1:40::/64""",0
2026-07-28 17:31:00,ccf-aiops-北大,cr-2,cr,ipv6_route_change_total,"prefix=""::/0""",0
2026-07-28 17:31:00,ccf-aiops-北大,cr-2,cr,ipv6_route_count,"protocol=""196""",2
2026-07-28 17:31:00,ccf-aiops-北大,cr-2,cr,ipv6_route_count,"protocol=""all""",15
2026-07-28 17:31:00,ccf-aiops-北大,cr-2,cr,ipv6_route_count,"protocol=""kernel""",6
2026-07-28 17:31:00,ccf-aiops-北大,cr-2,cr,ipv6_route_count,"protocol=""ospf""",7
2026-07-28 17:31:00,ccf-aiops-北大,cr-2,cr,ipv6_route_exists,"prefix=""fd00:1:40::/64""",1
2026-07-28 17:31:00,ccf-aiops-北大,cr-2,cr,ipv6_route_exists,"prefix=""fd00:8:40::/64""",1
2026-07-28 17:31:00,ccf-aiops-北大,cr-2,cr,ipv6_route_exists,"prefix=""fd00:7:40::/64""",1
2026-07-28 17:31:00,ccf-aiops-北大,cr-2,cr,ipv6_route_exists,"prefix=""fd00:6:40::/64""",1
2026-07-28 17:31:00,ccf-aiops-北大,cr-2,cr,ipv6_route_exists,"prefix=""::/0""",1
2026-07-28 17:31:00,ccf-aiops-北大,cr-2,cr,ipv6_route_exists,"prefix=""fd00:2:40::/64""",1
2026-07-28 17:31:00,ccf-aiops-北大,cr-2,cr,ipv6_route_exists,"prefix=""fd00:3:40::/64""",1
2026-07-28 17:31:00,ccf-aiops-北大,cr-2,cr,ipv6_route_exists,"prefix=""fd00:4:40::/64""",1
2026-07-28 17:31:00,ccf-aiops-北大,cr-2,cr,ipv6_route_exists,"prefix=""fd00:5:40::/64""",1
2026-07-28 17:31:00,ccf-aiops-北大,cr-2,cr,ipv6_route_nexthop_info,"prefix=""::/0"",next_hop=""fd00:1:20::2"",dev=""ens4"",protocol=""196"",metric=""20"",route_index=""0"",nh_index=""1""",1
2026-07-28 17:31:00,ccf-aiops-北大,cr-2,cr,ipv6_route_nexthop_info,"prefix=""fd00:1:40::/64"",next_hop=""fd00:1:30::254"",dev=""ens5"",protocol=""196"",metric=""20"",route_index=""0"",nh_index=""0""",1
2026-07-28 17:31:00,ccf-aiops-北大,cr-2,cr,ipv6_route_nexthop_info,"prefix=""fd00:8:40::/64"",next_hop=""fe80::2:5"",dev=""ens4"",protocol=""ospf"",metric=""20"",route_index=""0"",nh_index=""1""",1
2026-07-28 17:31:00,ccf-aiops-北大,cr-2,cr,ipv6_route_nexthop_info,"prefix=""fd00:7:40::/64"",next_hop=""fe80::2:5"",dev=""ens4"",protocol=""ospf"",metric=""20"",route_index=""0"",nh_index=""1""",1
2026-07-28 17:31:00,ccf-aiops-北大,cr-2,cr,ipv6_route_nexthop_info,"prefix=""fd00:6:40::/64"",next_hop=""fe80::2:5"",dev=""ens4"",protocol=""ospf"",metric=""20"",route_index=""0"",nh_index=""1""",1
2026-07-28 17:31:00,ccf-aiops-北大,cr-2,cr,ipv6_route_nexthop_info,"prefix=""fd00:5:40::/64"",next_hop=""fe80::2:5"",dev=""ens4"",protocol=""ospf"",metric=""20"",route_index=""0"",nh_index=""1""",1
2026-07-28 17:31:00,ccf-aiops-北大,cr-2,cr,ipv6_route_nexthop_info,"prefix=""fd00:4:40::/64"",next_hop=""fe80::2:5"",dev=""ens4"",protocol=""ospf"",metric=""20"",route_index=""0"",nh_index=""1""",1
2026-07-28 17:31:00,ccf-aiops-北大,cr-2,cr,ipv6_route_nexthop_info,"prefix=""fd00:3:40::/64"",next_hop=""fe80::2:5"",dev=""ens4"",protocol=""ospf"",metric=""20"",route_index=""0"",nh_index=""1""",1
2026-07-28 17:31:00,ccf-aiops-北大,cr-2,cr,ipv6_route_nexthop_info,"prefix=""fd00:2:40::/64"",next_hop=""fe80::2:5"",dev=""ens4"",protocol=""ospf"",metric=""20"",route_index=""0"",nh_index=""1""",1
2026-07-28 17:31:00,ccf-aiops-北大,cr-2,cr,ipv6_route_nexthop_info,"prefix=""fd00:8:40::/64"",next_hop=""fe80::1:5"",dev=""ens4"",protocol=""ospf"",metric=""20"",route_index=""0"",nh_index=""0""",1
2026-07-28 17:31:00,ccf-aiops-北大,cr-2,cr,ipv6_route_nexthop_info,"prefix=""fd00:7:40::/64"",next_hop=""fe80::1:5"",dev=""ens4"",protocol=""ospf"",metric=""20"",route_index=""0"",nh_index=""0""",1
2026-07-28 17:31:00,ccf-aiops-北大,cr-2,cr,ipv6_route_nexthop_info,"prefix=""fd00:6:40::/64"",next_hop=""fe80::1:5"",dev=""ens4"",protocol=""ospf"",metric=""20"",route_index=""0"",nh_index=""0""",1
2026-07-28 17:31:00,ccf-aiops-北大,cr-2,cr,ipv6_route_nexthop_info,"prefix=""fd00:5:40::/64"",next_hop=""fe80::1:5"",dev=""ens4"",protocol=""ospf"",metric=""20"",route_index=""0"",nh_index=""0""",1
2026-07-28 17:31:00,ccf-aiops-北大,cr-2,cr,ipv6_route_nexthop_info,"prefix=""fd00:4:40::/64"",next_hop=""fe80::1:5"",dev=""ens4"",protocol=""ospf"",metric=""20"",route_index=""0"",nh_index=""0""",1
2026-07-28 17:31:00,ccf-aiops-北大,cr-2,cr,ipv6_route_nexthop_info,"prefix=""fd00:3:40::/64"",next_hop=""fe80::1:5"",dev=""ens4"",protocol=""ospf"",metric=""20"",route_index=""0"",nh_index=""0""",1
2026-07-28 17:31:00,ccf-aiops-北大,cr-2,cr,ipv6_route_nexthop_info,"prefix=""fd00:2:40::/64"",next_hop=""fe80::1:5"",dev=""ens4"",protocol=""ospf"",metric=""20"",route_index=""0"",nh_index=""0""",1
2026-07-28 17:31:00,ccf-aiops-北大,cr-2,cr,ipv6_route_nexthop_info,"prefix=""::/0"",next_hop=""fd00:1:20::1"",dev=""ens4"",protocol=""196"",metric=""20"",route_index=""0"",nh_index=""0""",1
2026-07-28 17:31:00,ccf-aiops-北大,cr-2,cr,ospf6_interface_cost,"interface=""ens5""",1
2026-07-28 17:31:00,ccf-aiops-北大,cr-2,cr,ospf6_interface_cost,"interface=""ens4""",1
2026-07-28 17:31:00,ccf-aiops-北大,cr-2,cr,ospf6_interface_enabled,"interface=""lo""",1
2026-07-28 17:31:00,ccf-aiops-北大,cr-2,cr,ospf6_interface_enabled,"interface=""ens9""",1
2026-07-28 17:31:00,ccf-aiops-北大,cr-2,cr,ospf6_interface_enabled,"interface=""ens10""",1
2026-07-28 17:31:00,ccf-aiops-北大,cr-2,cr,ospf6_interface_enabled,"interface=""ens11""",1
2026-07-28 17:31:00,ccf-aiops-北大,cr-2,cr,ospf6_interface_enabled,"interface=""ens12""",1
2026-07-28 17:31:00,ccf-aiops-北大,cr-2,cr,ospf6_interface_enabled,"interface=""ens3""",1
2026-07-28 17:31:00,ccf-aiops-北大,cr-2,cr,ospf6_interface_enabled,"interface=""ens4""",1
2026-07-28 17:31:00,ccf-aiops-北大,cr-2,cr,ospf6_interface_enabled,"interface=""ens5""",1
2026-07-28 17:31:00,ccf-aiops-北大,cr-2,cr,ospf6_interface_enabled,"interface=""ens6""",1
2026-07-28 17:31:00,ccf-aiops-北大,cr-2,cr,ospf6_interface_enabled,"interface=""ens7""",1
2026-07-28 17:31:00,ccf-aiops-北大,cr-2,cr,ospf6_interface_enabled,"interface=""ens8""",1
2026-07-28 17:31:00,ccf-aiops-北大,cr-2,cr,ospf6_interface_enabled,"interface=""virbr0""",0
2026-07-28 17:31:00,ccf-aiops-北大,cr-2,cr,ospf6_neighbor_state_code,"state=""Full"",interface=""ens4"",neighbor_id=""1.1.1.1""",6
2026-07-28 17:31:00,ccf-aiops-北大,cr-2,cr,ospf6_neighbor_state_code,"state=""Full"",interface=""ens4"",neighbor_id=""1.1.1.11""",6
2026-07-28 17:31:00,ccf-aiops-北大,cr-2,cr,ospf6_neighbor_state_code,"state=""Full"",interface=""ens4"",neighbor_id=""1.1.1.2""",6
2026-07-28 17:31:00,ccf-aiops-北大,cr-2,cr,ospf6_neighbor_state_code,"state=""Full"",interface=""ens5"",neighbor_id=""1.1.1.11""",6
2026-07-28 17:31:00,ccf-aiops-北大,cr-2,cr,bgp_command_success,,
2026-07-28 17:31:00,ccf-aiops-北大,cr-2,cr,bgp_peer_up,,
2026-07-28 17:31:00,ccf-aiops-北大,cr-2,cr,bgp_peer_uptime_seconds,,
2026-07-28 17:31:00,ccf-aiops-北大,cr-2,cr,bgp_peer_prefix_received,,
2026-07-28 17:31:00,ccf-aiops-北大,cr-2,cr,bgp_peer_prefix_sent,,
2026-07-28 17:31:00,ccf-aiops-北大,cr-2,cr,bgp_peer_count,,
2026-07-28 17:32:00,ccf-aiops-北大,br-1,br,bgp_command_success,"command=""bgp_summary""",1
2026-07-28 17:32:00,ccf-aiops-北大,br-1,br,bgp_peer_count,,4
2026-07-28 17:32:00,ccf-aiops-北大,br-1,br,bgp_peer_prefix_received,"peer=""fd00:100:10::41"",remote_as=""65005"",state=""Established""",6
2026-07-28 17:32:00,ccf-aiops-北大,br-1,br,bgp_peer_prefix_received,"peer=""fd00:100:10::51"",remote_as=""65006"",state=""Established""",7
2026-07-28 17:32:00,ccf-aiops-北大,br-1,br,bgp_peer_prefix_received,"peer=""fd00:100:10::21"",remote_as=""65003"",state=""Established""",6
2026-07-28 17:32:00,ccf-aiops-北大,br-1,br,bgp_peer_prefix_received,"peer=""fd00:100:10::11"",remote_as=""65002"",state=""Established""",4
2026-07-28 17:32:00,ccf-aiops-北大,br-1,br,bgp_peer_prefix_sent,"peer=""fd00:100:10::51"",remote_as=""65006"",state=""Established""",8
2026-07-28 17:32:00,ccf-aiops-北大,br-1,br,bgp_peer_prefix_sent,"peer=""fd00:100:10::41"",remote_as=""65005"",state=""Established""",8
2026-07-28 17:32:00,ccf-aiops-北大,br-1,br,bgp_peer_prefix_sent,"peer=""fd00:100:10::11"",remote_as=""65002"",state=""Established""",8
2026-07-28 17:32:00,ccf-aiops-北大,br-1,br,bgp_peer_prefix_sent,"peer=""fd00:100:10::21"",remote_as=""65003"",state=""Established""",8
2026-07-28 17:32:00,ccf-aiops-北大,br-1,br,bgp_peer_up,"peer=""fd00:100:10::51"",remote_as=""65006"",state=""Established""",1
2026-07-28 17:32:00,ccf-aiops-北大,br-1,br,bgp_peer_up,"peer=""fd00:100:10::41"",remote_as=""65005"",state=""Established""",1
2026-07-28 17:32:00,ccf-aiops-北大,br-1,br,bgp_peer_up,"peer=""fd00:100:10::21"",remote_as=""65003"",state=""Established""",1
2026-07-28 17:32:00,ccf-aiops-北大,br-1,br,bgp_peer_up,"peer=""fd00:100:10::11"",remote_as=""65002"",state=""Established""",1
2026-07-28 17:32:00,ccf-aiops-北大,br-1,br,bgp_peer_uptime_seconds,"peer=""fd00:100:10::11"",remote_as=""65002"",state=""Established""",531026
2026-07-28 17:32:00,ccf-aiops-北大,br-1,br,bgp_peer_uptime_seconds,"peer=""fd00:100:10::41"",remote_as=""65005"",state=""Established""",2430681
2026-07-28 17:32:00,ccf-aiops-北大,br-1,br,bgp_peer_uptime_seconds,"peer=""fd00:100:10::51"",remote_as=""65006"",state=""Established""",2430593
2026-07-28 17:32:00,ccf-aiops-北大,br-1,br,bgp_peer_uptime_seconds,"peer=""fd00:100:10::21"",remote_as=""65003"",state=""Established""",667624
2026-07-28 17:32:00,ccf-aiops-北大,br-1,br,ipv6_default_route_changed_total,,0
2026-07-28 17:32:00,ccf-aiops-北大,br-1,br,ipv6_default_route_info,"next_hop=""240a:a023::1"",dev=""ens4"",protocol=""unknown"",metric=""1024"",route_index=""0"",nh_index=""0""",1
2026-07-28 17:32:00,ccf-aiops-北大,br-1,br,ipv6_route_change_total,"prefix=""::/0""",0
2026-07-28 17:32:00,ccf-aiops-北大,br-1,br,ipv6_route_change_total,"prefix=""fd00:1:40::/64""",0
2026-07-28 17:32:00,ccf-aiops-北大,br-1,br,ipv6_route_change_total,"prefix=""fd00:2:40::/64""",0
2026-07-28 17:32:00,ccf-aiops-北大,br-1,br,ipv6_route_change_total,"prefix=""fd00:5:40::/64""",0
2026-07-28 17:32:00,ccf-aiops-北大,br-1,br,ipv6_route_change_total,"prefix=""fd00:3:40::/64""",0
2026-07-28 17:32:00,ccf-aiops-北大,br-1,br,ipv6_route_change_total,"prefix=""fd00:4:40::/64""",0
2026-07-28 17:32:00,ccf-aiops-北大,br-1,br,ipv6_route_change_total,"prefix=""fd00:6:40::/64""",0
2026-07-28 17:32:00,ccf-aiops-北大,br-1,br,ipv6_route_change_total,"prefix=""fd00:7:40::/64""",6
2026-07-28 17:32:00,ccf-aiops-北大,br-1,br,ipv6_route_change_total,"prefix=""fd00:8:40::/64""",0
2026-07-28 17:32:00,ccf-aiops-北大,br-1,br,ipv6_route_count,"protocol=""all""",20
2026-07-28 17:32:00,ccf-aiops-北大,br-1,br,ipv6_route_count,"protocol=""unknown""",3
2026-07-28 17:32:00,ccf-aiops-北大,br-1,br,ipv6_route_count,"protocol=""ospf""",2
2026-07-28 17:32:00,ccf-aiops-北大,br-1,br,ipv6_route_count,"protocol=""kernel""",8
2026-07-28 17:32:00,ccf-aiops-北大,br-1,br,ipv6_route_count,"protocol=""bgp""",7
2026-07-28 17:32:00,ccf-aiops-北大,br-1,br,ipv6_route_exists,"prefix=""::/0""",1
2026-07-28 17:32:00,ccf-aiops-北大,br-1,br,ipv6_route_exists,"prefix=""fd00:1:40::/64""",1
2026-07-28 17:32:00,ccf-aiops-北大,br-1,br,ipv6_route_exists,"prefix=""fd00:8:40::/64""",1
2026-07-28 17:32:00,ccf-aiops-北大,br-1,br,ipv6_route_exists,"prefix=""fd00:7:40::/64""",1
2026-07-28 17:32:00,ccf-aiops-北大,br-1,br,ipv6_route_exists,"prefix=""fd00:2:40::/64""",1
2026-07-28 17:32:00,ccf-aiops-北大,br-1,br,ipv6_route_exists,"prefix=""fd00:6:40::/64""",1
2026-07-28 17:32:00,ccf-aiops-北大,br-1,br,ipv6_route_exists,"prefix=""fd00:5:40::/64""",1
2026-07-28 17:32:00,ccf-aiops-北大,br-1,br,ipv6_route_exists,"prefix=""fd00:4:40::/64""",1
2026-07-28 17:32:00,ccf-aiops-北大,br-1,br,ipv6_route_exists,"prefix=""fd00:3:40::/64""",1
2026-07-28 17:32:00,ccf-aiops-北大,br-1,br,ipv6_route_nexthop_info,"prefix=""fd00:2:40::/64"",next_hop=""fe80::100:10:11"",dev=""ens4"",protocol=""bgp"",metric=""20"",route_index=""0"",nh_index=""0""",1
2026-07-28 17:32:00,ccf-aiops-北大,br-1,br,ipv6_route_nexthop_info,"prefix=""::/0"",next_hop=""240a:a023::1"",dev=""ens4"",protocol=""unknown"",metric=""1024"",route_index=""0"",nh_index=""0""",1
2026-07-28 17:32:00,ccf-aiops-北大,br-1,br,ipv6_route_nexthop_info,"prefix=""fd00:1:40::/64"",next_hop=""fe80::12:4"",dev=""ens5"",protocol=""ospf"",metric=""20"",route_index=""0"",nh_index=""1""",1
2026-07-28 17:32:00,ccf-aiops-北大,br-1,br,ipv6_route_nexthop_info,"prefix=""fd00:1:40::/64"",next_hop=""fe80::11:4"",dev=""ens5"",protocol=""ospf"",metric=""20"",route_index=""0"",nh_index=""0""",1
2026-07-28 17:32:00,ccf-aiops-北大,br-1,br,ipv6_route_nexthop_info,"prefix=""fd00:3:40::/64"",next_hop=""fe80::100:10:21"",dev=""ens4"",protocol=""bgp"",metric=""20"",route_index=""0"",nh_index=""0""",1
2026-07-28 17:32:00,ccf-aiops-北大,br-1,br,ipv6_route_nexthop_info,"prefix=""fd00:4:40::/64"",next_hop=""fe80::100:10:41"",dev=""ens4"",protocol=""bgp"",metric=""20"",route_index=""0"",nh_index=""0""",1
2026-07-28 17:32:00,ccf-aiops-北大,br-1,br,ipv6_route_nexthop_info,"prefix=""fd00:5:40::/64"",next_hop=""fe80::100:10:41"",dev=""ens4"",protocol=""bgp"",metric=""20"",route_index=""0"",nh_index=""0""",1
2026-07-28 17:32:00,ccf-aiops-北大,br-1,br,ipv6_route_nexthop_info,"prefix=""fd00:8:40::/64"",next_hop=""fe80::100:10:41"",dev=""ens4"",protocol=""bgp"",metric=""20"",route_index=""0"",nh_index=""0""",1
2026-07-28 17:32:00,ccf-aiops-北大,br-1,br,ipv6_route_nexthop_info,"prefix=""fd00:6:40::/64"",next_hop=""fe80::100:10:51"",dev=""ens4"",protocol=""bgp"",metric=""20"",route_index=""0"",nh_index=""0""",1
2026-07-28 17:32:00,ccf-aiops-北大,br-1,br,ipv6_route_nexthop_info,"prefix=""fd00:7:40::/64"",next_hop=""fe80::100:10:51"",dev=""ens4"",protocol=""bgp"",metric=""20"",route_index=""0"",nh_index=""0""",1
2026-07-28 17:32:00,ccf-aiops-北大,br-1,br,ospf6_interface_cost,"interface=""ens5""",1
2026-07-28 17:32:00,ccf-aiops-北大,br-1,br,ospf6_interface_enabled,"interface=""ens8""",1
2026-07-28 17:32:00,ccf-aiops-北大,br-1,br,ospf6_interface_enabled,"interface=""ens7""",1
2026-07-28 17:32:00,ccf-aiops-北大,br-1,br,ospf6_interface_enabled,"interface=""ens10""",1
2026-07-28 17:32:00,ccf-aiops-北大,br-1,br,ospf6_interface_enabled,"interface=""ens9""",1
2026-07-28 17:32:00,ccf-aiops-北大,br-1,br,ospf6_interface_enabled,"interface=""lo""",1
2026-07-28 17:32:00,ccf-aiops-北大,br-1,br,ospf6_interface_enabled,"interface=""virbr0""",0
2026-07-28 17:32:00,ccf-aiops-北大,br-1,br,ospf6_interface_enabled,"interface=""ens5""",1
2026-07-28 17:32:00,ccf-aiops-北大,br-1,br,ospf6_interface_enabled,"interface=""ens4""",1
2026-07-28 17:32:00,ccf-aiops-北大,br-1,br,ospf6_interface_enabled,"interface=""ens3""",1
2026-07-28 17:32:00,ccf-aiops-北大,br-1,br,ospf6_interface_enabled,"interface=""ens12""",1
2026-07-28 17:32:00,ccf-aiops-北大,br-1,br,ospf6_interface_enabled,"interface=""ens6""",1
2026-07-28 17:32:00,ccf-aiops-北大,br-1,br,ospf6_interface_enabled,"interface=""ens11""",1
2026-07-28 17:32:00,ccf-aiops-北大,br-1,br,ospf6_neighbor_state_code,"state=""Full"",interface=""ens5"",neighbor_id=""1.1.1.11""",6
2026-07-28 17:32:00,ccf-aiops-北大,br-1,br,ospf6_neighbor_state_code,"state=""Full"",interface=""ens5"",neighbor_id=""1.1.1.12""",6
2026-07-28 17:32:00,ccf-aiops-北大,br-1,br,ospf6_neighbor_state_code,"state=""Twoway"",interface=""ens5"",neighbor_id=""1.1.1.2""",2
2026-07-28 17:32:00,ccf-aiops-北大,br-2,br,bgp_command_success,"command=""bgp_summary""",1
2026-07-28 17:32:00,ccf-aiops-北大,br-2,br,bgp_peer_count,,4
2026-07-28 17:32:00,ccf-aiops-北大,br-2,br,bgp_peer_prefix_received,"peer=""fd00:100:10::42"",remote_as=""65005"",state=""Established""",6
2026-07-28 17:32:00,ccf-aiops-北大,br-2,br,bgp_peer_prefix_received,"peer=""fd00:100:10::52"",remote_as=""65006"",state=""Established""",6
2026-07-28 17:32:00,ccf-aiops-北大,br-2,br,bgp_peer_prefix_received,"peer=""fd00:100:10::12"",remote_as=""65002"",state=""Established""",4
2026-07-28 17:32:00,ccf-aiops-北大,br-2,br,bgp_peer_prefix_received,"peer=""fd00:100:10::22"",remote_as=""65003"",state=""Established""",5
2026-07-28 17:32:00,ccf-aiops-北大,br-2,br,bgp_peer_prefix_sent,"peer=""fd00:100:10::52"",remote_as=""65006"",state=""Established""",8
2026-07-28 17:32:00,ccf-aiops-北大,br-2,br,bgp_peer_prefix_sent,"peer=""fd00:100:10::42"",remote_as=""65005"",state=""Established""",8
2026-07-28 17:32:00,ccf-aiops-北大,br-2,br,bgp_peer_prefix_sent,"peer=""fd00:100:10::22"",remote_as=""65003"",state=""Established""",8
2026-07-28 17:32:00,ccf-aiops-北大,br-2,br,bgp_peer_prefix_sent,"peer=""fd00:100:10::12"",remote_as=""65002"",state=""Established""",8
2026-07-28 17:32:00,ccf-aiops-北大,br-2,br,bgp_peer_up,"peer=""fd00:100:10::42"",remote_as=""65005"",state=""Established""",1
2026-07-28 17:32:00,ccf-aiops-北大,br-2,br,bgp_peer_up,"peer=""fd00:100:10::12"",remote_as=""65002"",state=""Established""",1
2026-07-28 17:32:00,ccf-aiops-北大,br-2,br,bgp_peer_up,"peer=""fd00:100:10::22"",remote_as=""65003"",state=""Established""",1
2026-07-28 17:32:00,ccf-aiops-北大,br-2,br,bgp_peer_up,"peer=""fd00:100:10::52"",remote_as=""65006"",state=""Established""",1
2026-07-28 17:32:00,ccf-aiops-北大,br-2,br,bgp_peer_uptime_seconds,"peer=""fd00:100:10::12"",remote_as=""65002"",state=""Established""",530984
2026-07-28 17:32:00,ccf-aiops-北大,br-2,br,bgp_peer_uptime_seconds,"peer=""fd00:100:10::22"",remote_as=""65003"",state=""Established""",1360949
2026-07-28 17:32:00,ccf-aiops-北大,br-2,br,bgp_peer_uptime_seconds,"peer=""fd00:100:10::42"",remote_as=""65005"",state=""Established""",2430692
2026-07-28 17:32:00,ccf-aiops-北大,br-2,br,bgp_peer_uptime_seconds,"peer=""fd00:100:10::52"",remote_as=""65006"",state=""Established""",2430599
2026-07-28 17:32:00,ccf-aiops-北大,br-2,br,ipv6_default_route_changed_total,,0
2026-07-28 17:32:00,ccf-aiops-北大,br-2,br,ipv6_default_route_info,"next_hop=""240a:a023::1"",dev=""ens4"",protocol=""unknown"",metric=""1024"",route_index=""0"",nh_index=""0""",1
2026-07-28 17:32:00,ccf-aiops-北大,br-2,br,ipv6_route_change_total,"prefix=""fd00:8:40::/64""",0
2026-07-28 17:32:00,ccf-aiops-北大,br-2,br,ipv6_route_change_total,"prefix=""fd00:2:40::/64""",0
2026-07-28 17:32:00,ccf-aiops-北大,br-2,br,ipv6_route_change_total,"prefix=""fd00:1:40::/64""",0
2026-07-28 17:32:00,ccf-aiops-北大,br-2,br,ipv6_route_change_total,"prefix=""::/0""",0
2026-07-28 17:32:00,ccf-aiops-北大,br-2,br,ipv6_route_change_total,"prefix=""fd00:3:40::/64""",0
2026-07-28 17:32:00,ccf-aiops-北大,br-2,br,ipv6_route_change_total,"prefix=""fd00:4:40::/64""",0
2026-07-28 17:32:00,ccf-aiops-北大,br-2,br,ipv6_route_change_total,"prefix=""fd00:5:40::/64""",0
2026-07-28 17:32:00,ccf-aiops-北大,br-2,br,ipv6_route_change_total,"prefix=""fd00:7:40::/64""",4
2026-07-28 17:32:00,ccf-aiops-北大,br-2,br,ipv6_route_change_total,"prefix=""fd00:6:40::/64""",0
2026-07-28 17:32:00,ccf-aiops-北大,br-2,br,ipv6_route_count,"protocol=""ospf""",2
2026-07-28 17:32:00,ccf-aiops-北大,br-2,br,ipv6_route_count,"protocol=""kernel""",7
2026-07-28 17:32:00,ccf-aiops-北大,br-2,br,ipv6_route_count,"protocol=""bgp""",7
2026-07-28 17:32:00,ccf-aiops-北大,br-2,br,ipv6_route_count,"protocol=""unknown""",3
2026-07-28 17:32:00,ccf-aiops-北大,br-2,br,ipv6_route_count,"protocol=""all""",19
2026-07-28 17:32:00,ccf-aiops-北大,br-2,br,ipv6_route_exists,"prefix=""fd00:3:40::/64""",1
2026-07-28 17:32:00,ccf-aiops-北大,br-2,br,ipv6_route_exists,"prefix=""fd00:2:40::/64""",1
2026-07-28 17:32:00,ccf-aiops-北大,br-2,br,ipv6_route_exists,"prefix=""fd00:1:40::/64""",1
2026-07-28 17:32:00,ccf-aiops-北大,br-2,br,ipv6_route_exists,"prefix=""::/0""",1
2026-07-28 17:32:00,ccf-aiops-北大,br-2,br,ipv6_route_exists,"prefix=""fd00:4:40::/64""",1
2026-07-28 17:32:00,ccf-aiops-北大,br-2,br,ipv6_route_exists,"prefix=""fd00:5:40::/64""",1
2026-07-28 17:32:00,ccf-aiops-北大,br-2,br,ipv6_route_exists,"prefix=""fd00:6:40::/64""",1
2026-07-28 17:32:00,ccf-aiops-北大,br-2,br,ipv6_route_exists,"prefix=""fd00:7:40::/64""",1
2026-07-28 17:32:00,ccf-aiops-北大,br-2,br,ipv6_route_exists,"prefix=""fd00:8:40::/64""",1
2026-07-28 17:32:00,ccf-aiops-北大,br-2,br,ipv6_route_nexthop_info,"prefix=""fd00:3:40::/64"",next_hop=""fe80::100:10:22"",dev=""ens4"",protocol=""bgp"",metric=""20"",route_index=""0"",nh_index=""0""",1
2026-07-28 17:32:00,ccf-aiops-北大,br-2,br,ipv6_route_nexthop_info,"prefix=""::/0"",next_hop=""240a:a023::1"",dev=""ens4"",protocol=""unknown"",metric=""1024"",route_index=""0"",nh_index=""0""",1
2026-07-28 17:32:00,ccf-aiops-北大,br-2,br,ipv6_route_nexthop_info,"prefix=""fd00:2:40::/64"",next_hop=""fe80::100:10:12"",dev=""ens4"",protocol=""bgp"",metric=""20"",route_index=""0"",nh_index=""0""",1
2026-07-28 17:32:00,ccf-aiops-北大,br-2,br,ipv6_route_nexthop_info,"prefix=""fd00:4:40::/64"",next_hop=""fe80::100:10:42"",dev=""ens4"",protocol=""bgp"",metric=""20"",route_index=""0"",nh_index=""0""",1
2026-07-28 17:32:00,ccf-aiops-北大,br-2,br,ipv6_route_nexthop_info,"prefix=""fd00:5:40::/64"",next_hop=""fe80::100:10:42"",dev=""ens4"",protocol=""bgp"",metric=""20"",route_index=""0"",nh_index=""0""",1
2026-07-28 17:32:00,ccf-aiops-北大,br-2,br,ipv6_route_nexthop_info,"prefix=""fd00:7:40::/64"",next_hop=""fe80::100:10:42"",dev=""ens4"",protocol=""bgp"",metric=""20"",route_index=""0"",nh_index=""0""",1
2026-07-28 17:32:00,ccf-aiops-北大,br-2,br,ipv6_route_nexthop_info,"prefix=""fd00:8:40::/64"",next_hop=""fe80::100:10:42"",dev=""ens4"",protocol=""bgp"",metric=""20"",route_index=""0"",nh_index=""0""",1
2026-07-28 17:32:00,ccf-aiops-北大,br-2,br,ipv6_route_nexthop_info,"prefix=""fd00:6:40::/64"",next_hop=""fe80::100:10:52"",dev=""ens4"",protocol=""bgp"",metric=""20"",route_index=""0"",nh_index=""0""",1
2026-07-28 17:32:00,ccf-aiops-北大,br-2,br,ipv6_route_nexthop_info,"prefix=""fd00:1:40::/64"",next_hop=""fe80::11:4"",dev=""ens5"",protocol=""ospf"",metric=""20"",route_index=""0"",nh_index=""0""",1
2026-07-28 17:32:00,ccf-aiops-北大,br-2,br,ipv6_route_nexthop_info,"prefix=""fd00:1:40::/64"",next_hop=""fe80::12:4"",dev=""ens5"",protocol=""ospf"",metric=""20"",route_index=""0"",nh_index=""1""",1
2026-07-28 17:32:00,ccf-aiops-北大,br-2,br,ospf6_interface_cost,"interface=""ens5""",1
2026-07-28 17:32:00,ccf-aiops-北大,br-2,br,ospf6_interface_enabled,"interface=""ens3""",1
2026-07-28 17:32:00,ccf-aiops-北大,br-2,br,ospf6_interface_enabled,"interface=""ens12""",1
2026-07-28 17:32:00,ccf-aiops-北大,br-2,br,ospf6_interface_enabled,"interface=""ens8""",1
2026-07-28 17:32:00,ccf-aiops-北大,br-2,br,ospf6_interface_enabled,"interface=""ens7""",1
2026-07-28 17:32:00,ccf-aiops-北大,br-2,br,ospf6_interface_enabled,"interface=""ens6""",1
2026-07-28 17:32:00,ccf-aiops-北大,br-2,br,ospf6_interface_enabled,"interface=""ens11""",1
2026-07-28 17:32:00,ccf-aiops-北大,br-2,br,ospf6_interface_enabled,"interface=""ens10""",1
2026-07-28 17:32:00,ccf-aiops-北大,br-2,br,ospf6_interface_enabled,"interface=""lo""",1
2026-07-28 17:32:00,ccf-aiops-北大,br-2,br,ospf6_interface_enabled,"interface=""virbr0""",0
2026-07-28 17:32:00,ccf-aiops-北大,br-2,br,ospf6_interface_enabled,"interface=""ens5""",1
2026-07-28 17:32:00,ccf-aiops-北大,br-2,br,ospf6_interface_enabled,"interface=""ens4""",1
2026-07-28 17:32:00,ccf-aiops-北大,br-2,br,ospf6_interface_enabled,"interface=""ens9""",1
2026-07-28 17:32:00,ccf-aiops-北大,br-2,br,ospf6_neighbor_state_code,"state=""Full"",interface=""ens5"",neighbor_id=""1.1.1.12""",6
2026-07-28 17:32:00,ccf-aiops-北大,br-2,br,ospf6_neighbor_state_code,"state=""Full"",interface=""ens5"",neighbor_id=""1.1.1.11""",6
2026-07-28 17:32:00,ccf-aiops-北大,br-2,br,ospf6_neighbor_state_code,"state=""Twoway"",interface=""ens5"",neighbor_id=""1.1.1.1""",2
2026-07-28 17:32:00,ccf-aiops-北大,cr-1,cr,ipv6_default_route_changed_total,,0
2026-07-28 17:32:00,ccf-aiops-北大,cr-1,cr,ipv6_default_route_info,"next_hop=""fd00:1:20::2"",dev=""ens4"",protocol=""196"",metric=""20"",route_index=""0"",nh_index=""1""",1
2026-07-28 17:32:00,ccf-aiops-北大,cr-1,cr,ipv6_default_route_info,"next_hop=""fd00:1:20::1"",dev=""ens4"",protocol=""196"",metric=""20"",route_index=""0"",nh_index=""0""",1
2026-07-28 17:32:00,ccf-aiops-北大,cr-1,cr,ipv6_route_change_total,"prefix=""fd00:3:40::/64""",0
2026-07-28 17:32:00,ccf-aiops-北大,cr-1,cr,ipv6_route_change_total,"prefix=""::/0""",0
2026-07-28 17:32:00,ccf-aiops-北大,cr-1,cr,ipv6_route_change_total,"prefix=""fd00:8:40::/64""",0
2026-07-28 17:32:00,ccf-aiops-北大,cr-1,cr,ipv6_route_change_total,"prefix=""fd00:7:40::/64""",0
2026-07-28 17:32:00,ccf-aiops-北大,cr-1,cr,ipv6_route_change_total,"prefix=""fd00:6:40::/64""",0
2026-07-28 17:32:00,ccf-aiops-北大,cr-1,cr,ipv6_route_change_total,"prefix=""fd00:5:40::/64""",0
2026-07-28 17:32:00,ccf-aiops-北大,cr-1,cr,ipv6_route_change_total,"prefix=""fd00:4:40::/64""",0
2026-07-28 17:32:00,ccf-aiops-北大,cr-1,cr,ipv6_route_change_total,"prefix=""fd00:1:40::/64""",0
2026-07-28 17:32:00,ccf-aiops-北大,cr-1,cr,ipv6_route_change_total,"prefix=""fd00:2:40::/64""",0
2026-07-28 17:32:00,ccf-aiops-北大,cr-1,cr,ipv6_route_count,"protocol=""all""",15
2026-07-28 17:32:00,ccf-aiops-北大,cr-1,cr,ipv6_route_count,"protocol=""kernel""",6
2026-07-28 17:32:00,ccf-aiops-北大,cr-1,cr,ipv6_route_count,"protocol=""196""",2
2026-07-28 17:32:00,ccf-aiops-北大,cr-1,cr,ipv6_route_count,"protocol=""ospf""",7
2026-07-28 17:32:00,ccf-aiops-北大,cr-1,cr,ipv6_route_exists,"prefix=""fd00:7:40::/64""",1
2026-07-28 17:32:00,ccf-aiops-北大,cr-1,cr,ipv6_route_exists,"prefix=""fd00:6:40::/64""",1
2026-07-28 17:32:00,ccf-aiops-北大,cr-1,cr,ipv6_route_exists,"prefix=""::/0""",1
2026-07-28 17:32:00,ccf-aiops-北大,cr-1,cr,ipv6_route_exists,"prefix=""fd00:1:40::/64""",1
2026-07-28 17:32:00,ccf-aiops-北大,cr-1,cr,ipv6_route_exists,"prefix=""fd00:2:40::/64""",1
2026-07-28 17:32:00,ccf-aiops-北大,cr-1,cr,ipv6_route_exists,"prefix=""fd00:3:40::/64""",1
2026-07-28 17:32:00,ccf-aiops-北大,cr-1,cr,ipv6_route_exists,"prefix=""fd00:4:40::/64""",1
2026-07-28 17:32:00,ccf-aiops-北大,cr-1,cr,ipv6_route_exists,"prefix=""fd00:5:40::/64""",1
2026-07-28 17:32:00,ccf-aiops-北大,cr-1,cr,ipv6_route_exists,"prefix=""fd00:8:40::/64""",1
2026-07-28 17:32:00,ccf-aiops-北大,cr-1,cr,ipv6_route_nexthop_info,"prefix=""fd00:1:40::/64"",next_hop=""fd00:1:30::254"",dev=""ens5"",protocol=""196"",metric=""20"",route_index=""0"",nh_index=""0""",1
2026-07-28 17:32:00,ccf-aiops-北大,cr-1,cr,ipv6_route_nexthop_info,"prefix=""fd00:8:40::/64"",next_hop=""fe80::2:5"",dev=""ens4"",protocol=""ospf"",metric=""20"",route_index=""0"",nh_index=""1""",1
2026-07-28 17:32:00,ccf-aiops-北大,cr-1,cr,ipv6_route_nexthop_info,"prefix=""fd00:7:40::/64"",next_hop=""fe80::2:5"",dev=""ens4"",protocol=""ospf"",metric=""20"",route_index=""0"",nh_index=""1""",1
2026-07-28 17:32:00,ccf-aiops-北大,cr-1,cr,ipv6_route_nexthop_info,"prefix=""fd00:5:40::/64"",next_hop=""fe80::2:5"",dev=""ens4"",protocol=""ospf"",metric=""20"",route_index=""0"",nh_index=""1""",1
2026-07-28 17:32:00,ccf-aiops-北大,cr-1,cr,ipv6_route_nexthop_info,"prefix=""::/0"",next_hop=""fd00:1:20::1"",dev=""ens4"",protocol=""196"",metric=""20"",route_index=""0"",nh_index=""0""",1
2026-07-28 17:32:00,ccf-aiops-北大,cr-1,cr,ipv6_route_nexthop_info,"prefix=""::/0"",next_hop=""fd00:1:20::2"",dev=""ens4"",protocol=""196"",metric=""20"",route_index=""0"",nh_index=""1""",1
2026-07-28 17:32:00,ccf-aiops-北大,cr-1,cr,ipv6_route_nexthop_info,"prefix=""fd00:2:40::/64"",next_hop=""fe80::1:5"",dev=""ens4"",protocol=""ospf"",metric=""20"",route_index=""0"",nh_index=""0""",1
2026-07-28 17:32:00,ccf-aiops-北大,cr-1,cr,ipv6_route_nexthop_info,"prefix=""fd00:3:40::/64"",next_hop=""fe80::1:5"",dev=""ens4"",protocol=""ospf"",metric=""20"",route_index=""0"",nh_index=""0""",1
2026-07-28 17:32:00,ccf-aiops-北大,cr-1,cr,ipv6_route_nexthop_info,"prefix=""fd00:4:40::/64"",next_hop=""fe80::1:5"",dev=""ens4"",protocol=""ospf"",metric=""20"",route_index=""0"",nh_index=""0""",1
2026-07-28 17:32:00,ccf-aiops-北大,cr-1,cr,ipv6_route_nexthop_info,"prefix=""fd00:5:40::/64"",next_hop=""fe80::1:5"",dev=""ens4"",protocol=""ospf"",metric=""20"",route_index=""0"",nh_index=""0""",1
2026-07-28 17:32:00,ccf-aiops-北大,cr-1,cr,ipv6_route_nexthop_info,"prefix=""fd00:6:40::/64"",next_hop=""fe80::1:5"",dev=""ens4"",protocol=""ospf"",metric=""20"",route_index=""0"",nh_index=""0""",1
2026-07-28 17:32:00,ccf-aiops-北大,cr-1,cr,ipv6_route_nexthop_info,"prefix=""fd00:7:40::/64"",next_hop=""fe80::1:5"",dev=""ens4"",protocol=""ospf"",metric=""20"",route_index=""0"",nh_index=""0""",1
2026-07-28 17:32:00,ccf-aiops-北大,cr-1,cr,ipv6_route_nexthop_info,"prefix=""fd00:8:40::/64"",next_hop=""fe80::1:5"",dev=""ens4"",protocol=""ospf"",metric=""20"",route_index=""0"",nh_index=""0""",1
2026-07-28 17:32:00,ccf-aiops-北大,cr-1,cr,ipv6_route_nexthop_info,"prefix=""fd00:2:40::/64"",next_hop=""fe80::2:5"",dev=""ens4"",protocol=""ospf"",metric=""20"",route_index=""0"",nh_index=""1""",1
2026-07-28 17:32:00,ccf-aiops-北大,cr-1,cr,ipv6_route_nexthop_info,"prefix=""fd00:3:40::/64"",next_hop=""fe80::2:5"",dev=""ens4"",protocol=""ospf"",metric=""20"",route_index=""0"",nh_index=""1""",1
2026-07-28 17:32:00,ccf-aiops-北大,cr-1,cr,ipv6_route_nexthop_info,"prefix=""fd00:4:40::/64"",next_hop=""fe80::2:5"",dev=""ens4"",protocol=""ospf"",metric=""20"",route_index=""0"",nh_index=""1""",1
2026-07-28 17:32:00,ccf-aiops-北大,cr-1,cr,ipv6_route_nexthop_info,"prefix=""fd00:6:40::/64"",next_hop=""fe80::2:5"",dev=""ens4"",protocol=""ospf"",metric=""20"",route_index=""0"",nh_index=""1""",1
2026-07-28 17:32:00,ccf-aiops-北大,cr-1,cr,ospf6_interface_cost,"interface=""ens5""",1
2026-07-28 17:32:00,ccf-aiops-北大,cr-1,cr,ospf6_interface_cost,"interface=""ens4""",1
2026-07-28 17:32:00,ccf-aiops-北大,cr-1,cr,ospf6_interface_enabled,"interface=""ens5""",1
2026-07-28 17:32:00,ccf-aiops-北大,cr-1,cr,ospf6_interface_enabled,"interface=""ens4""",1
2026-07-28 17:32:00,ccf-aiops-北大,cr-1,cr,ospf6_interface_enabled,"interface=""ens3""",1
2026-07-28 17:32:00,ccf-aiops-北大,cr-1,cr,ospf6_interface_enabled,"interface=""ens6""",1
2026-07-28 17:32:00,ccf-aiops-北大,cr-1,cr,ospf6_interface_enabled,"interface=""ens12""",1
2026-07-28 17:32:00,ccf-aiops-北大,cr-1,cr,ospf6_interface_enabled,"interface=""ens11""",1
2026-07-28 17:32:00,ccf-aiops-北大,cr-1,cr,ospf6_interface_enabled,"interface=""ens10""",1
2026-07-28 17:32:00,ccf-aiops-北大,cr-1,cr,ospf6_interface_enabled,"interface=""ens8""",1
2026-07-28 17:32:00,ccf-aiops-北大,cr-1,cr,ospf6_interface_enabled,"interface=""ens9""",1
2026-07-28 17:32:00,ccf-aiops-北大,cr-1,cr,ospf6_interface_enabled,"interface=""lo""",1
2026-07-28 17:32:00,ccf-aiops-北大,cr-1,cr,ospf6_interface_enabled,"interface=""virbr0""",0
2026-07-28 17:32:00,ccf-aiops-北大,cr-1,cr,ospf6_interface_enabled,"interface=""ens7""",1
2026-07-28 17:32:00,ccf-aiops-北大,cr-1,cr,ospf6_neighbor_state_code,"state=""Full"",interface=""ens4"",neighbor_id=""1.1.1.1""",6
2026-07-28 17:32:00,ccf-aiops-北大,cr-1,cr,ospf6_neighbor_state_code,"state=""Full"",interface=""ens4"",neighbor_id=""1.1.1.12""",6
2026-07-28 17:32:00,ccf-aiops-北大,cr-1,cr,ospf6_neighbor_state_code,"state=""Full"",interface=""ens4"",neighbor_id=""1.1.1.2""",6
2026-07-28 17:32:00,ccf-aiops-北大,cr-1,cr,ospf6_neighbor_state_code,"state=""Full"",interface=""ens5"",neighbor_id=""1.1.1.12""",6
2026-07-28 17:32:00,ccf-aiops-北大,cr-1,cr,bgp_command_success,,
2026-07-28 17:32:00,ccf-aiops-北大,cr-1,cr,bgp_peer_up,,
2026-07-28 17:32:00,ccf-aiops-北大,cr-1,cr,bgp_peer_uptime_seconds,,
2026-07-28 17:32:00,ccf-aiops-北大,cr-1,cr,bgp_peer_prefix_received,,
2026-07-28 17:32:00,ccf-aiops-北大,cr-1,cr,bgp_peer_prefix_sent,,
2026-07-28 17:32:00,ccf-aiops-北大,cr-1,cr,bgp_peer_count,,
2026-07-28 17:32:00,ccf-aiops-北大,cr-2,cr,ipv6_default_route_changed_total,,0
2026-07-28 17:32:00,ccf-aiops-北大,cr-2,cr,ipv6_default_route_info,"next_hop=""fd00:1:20::1"",dev=""ens4"",protocol=""196"",metric=""20"",route_index=""0"",nh_index=""0""",1
2026-07-28 17:32:00,ccf-aiops-北大,cr-2,cr,ipv6_default_route_info,"next_hop=""fd00:1:20::2"",dev=""ens4"",protocol=""196"",metric=""20"",route_index=""0"",nh_index=""1""",1
2026-07-28 17:32:00,ccf-aiops-北大,cr-2,cr,ipv6_route_change_total,"prefix=""fd00:5:40::/64""",0
2026-07-28 17:32:00,ccf-aiops-北大,cr-2,cr,ipv6_route_change_total,"prefix=""fd00:6:40::/64""",0
2026-07-28 17:32:00,ccf-aiops-北大,cr-2,cr,ipv6_route_change_total,"prefix=""fd00:7:40::/64""",0
2026-07-28 17:32:00,ccf-aiops-北大,cr-2,cr,ipv6_route_change_total,"prefix=""fd00:8:40::/64""",0
2026-07-28 17:32:00,ccf-aiops-北大,cr-2,cr,ipv6_route_change_total,"prefix=""fd00:4:40::/64""",0
2026-07-28 17:32:00,ccf-aiops-北大,cr-2,cr,ipv6_route_change_total,"prefix=""fd00:3:40::/64""",0
2026-07-28 17:32:00,ccf-aiops-北大,cr-2,cr,ipv6_route_change_total,"prefix=""fd00:2:40::/64""",0
2026-07-28 17:32:00,ccf-aiops-北大,cr-2,cr,ipv6_route_change_total,"prefix=""fd00:1:40::/64""",0
2026-07-28 17:32:00,ccf-aiops-北大,cr-2,cr,ipv6_route_change_total,"prefix=""::/0""",0
2026-07-28 17:32:00,ccf-aiops-北大,cr-2,cr,ipv6_route_count,"protocol=""ospf""",7
2026-07-28 17:32:00,ccf-aiops-北大,cr-2,cr,ipv6_route_count,"protocol=""kernel""",6
2026-07-28 17:32:00,ccf-aiops-北大,cr-2,cr,ipv6_route_count,"protocol=""all""",15
2026-07-28 17:32:00,ccf-aiops-北大,cr-2,cr,ipv6_route_count,"protocol=""196""",2
2026-07-28 17:32:00,ccf-aiops-北大,cr-2,cr,ipv6_route_exists,"prefix=""::/0""",1
2026-07-28 17:32:00,ccf-aiops-北大,cr-2,cr,ipv6_route_exists,"prefix=""fd00:1:40::/64""",1
2026-07-28 17:32:00,ccf-aiops-北大,cr-2,cr,ipv6_route_exists,"prefix=""fd00:2:40::/64""",1
2026-07-28 17:32:00,ccf-aiops-北大,cr-2,cr,ipv6_route_exists,"prefix=""fd00:3:40::/64""",1
2026-07-28 17:32:00,ccf-aiops-北大,cr-2,cr,ipv6_route_exists,"prefix=""fd00:4:40::/64""",1
2026-07-28 17:32:00,ccf-aiops-北大,cr-2,cr,ipv6_route_exists,"prefix=""fd00:5:40::/64""",1
2026-07-28 17:32:00,ccf-aiops-北大,cr-2,cr,ipv6_route_exists,"prefix=""fd00:6:40::/64""",1
2026-07-28 17:32:00,ccf-aiops-北大,cr-2,cr,ipv6_route_exists,"prefix=""fd00:7:40::/64""",1
2026-07-28 17:32:00,ccf-aiops-北大,cr-2,cr,ipv6_route_exists,"prefix=""fd00:8:40::/64""",1
2026-07-28 17:32:00,ccf-aiops-北大,cr-2,cr,ipv6_route_nexthop_info,"prefix=""fd00:6:40::/64"",next_hop=""fe80::1:5"",dev=""ens4"",protocol=""ospf"",metric=""20"",route_index=""0"",nh_index=""0""",1
2026-07-28 17:32:00,ccf-aiops-北大,cr-2,cr,ipv6_route_nexthop_info,"prefix=""::/0"",next_hop=""fd00:1:20::1"",dev=""ens4"",protocol=""196"",metric=""20"",route_index=""0"",nh_index=""0""",1
2026-07-28 17:32:00,ccf-aiops-北大,cr-2,cr,ipv6_route_nexthop_info,"prefix=""fd00:3:40::/64"",next_hop=""fe80::2:5"",dev=""ens4"",protocol=""ospf"",metric=""20"",route_index=""0"",nh_index=""1""",1
2026-07-28 17:32:00,ccf-aiops-北大,cr-2,cr,ipv6_route_nexthop_info,"prefix=""fd00:2:40::/64"",next_hop=""fe80::2:5"",dev=""ens4"",protocol=""ospf"",metric=""20"",route_index=""0"",nh_index=""1""",1
2026-07-28 17:32:00,ccf-aiops-北大,cr-2,cr,ipv6_route_nexthop_info,"prefix=""fd00:8:40::/64"",next_hop=""fe80::1:5"",dev=""ens4"",protocol=""ospf"",metric=""20"",route_index=""0"",nh_index=""0""",1
2026-07-28 17:32:00,ccf-aiops-北大,cr-2,cr,ipv6_route_nexthop_info,"prefix=""fd00:7:40::/64"",next_hop=""fe80::1:5"",dev=""ens4"",protocol=""ospf"",metric=""20"",route_index=""0"",nh_index=""0""",1
2026-07-28 17:32:00,ccf-aiops-北大,cr-2,cr,ipv6_route_nexthop_info,"prefix=""fd00:5:40::/64"",next_hop=""fe80::1:5"",dev=""ens4"",protocol=""ospf"",metric=""20"",route_index=""0"",nh_index=""0""",1
2026-07-28 17:32:00,ccf-aiops-北大,cr-2,cr,ipv6_route_nexthop_info,"prefix=""fd00:4:40::/64"",next_hop=""fe80::1:5"",dev=""ens4"",protocol=""ospf"",metric=""20"",route_index=""0"",nh_index=""0""",1
2026-07-28 17:32:00,ccf-aiops-北大,cr-2,cr,ipv6_route_nexthop_info,"prefix=""fd00:3:40::/64"",next_hop=""fe80::1:5"",dev=""ens4"",protocol=""ospf"",metric=""20"",route_index=""0"",nh_index=""0""",1
2026-07-28 17:32:00,ccf-aiops-北大,cr-2,cr,ipv6_route_nexthop_info,"prefix=""fd00:2:40::/64"",next_hop=""fe80::1:5"",dev=""ens4"",protocol=""ospf"",metric=""20"",route_index=""0"",nh_index=""0""",1
2026-07-28 17:32:00,ccf-aiops-北大,cr-2,cr,ipv6_route_nexthop_info,"prefix=""::/0"",next_hop=""fd00:1:20::2"",dev=""ens4"",protocol=""196"",metric=""20"",route_index=""0"",nh_index=""1""",1
2026-07-28 17:32:00,ccf-aiops-北大,cr-2,cr,ipv6_route_nexthop_info,"prefix=""fd00:4:40::/64"",next_hop=""fe80::2:5"",dev=""ens4"",protocol=""ospf"",metric=""20"",route_index=""0"",nh_index=""1""",1
2026-07-28 17:32:00,ccf-aiops-北大,cr-2,cr,ipv6_route_nexthop_info,"prefix=""fd00:5:40::/64"",next_hop=""fe80::2:5"",dev=""ens4"",protocol=""ospf"",metric=""20"",route_index=""0"",nh_index=""1""",1
2026-07-28 17:32:00,ccf-aiops-北大,cr-2,cr,ipv6_route_nexthop_info,"prefix=""fd00:6:40::/64"",next_hop=""fe80::2:5"",dev=""ens4"",protocol=""ospf"",metric=""20"",route_index=""0"",nh_index=""1""",1
2026-07-28 17:32:00,ccf-aiops-北大,cr-2,cr,ipv6_route_nexthop_info,"prefix=""fd00:7:40::/64"",next_hop=""fe80::2:5"",dev=""ens4"",protocol=""ospf"",metric=""20"",route_index=""0"",nh_index=""1""",1
2026-07-28 17:32:00,ccf-aiops-北大,cr-2,cr,ipv6_route_nexthop_info,"prefix=""fd00:8:40::/64"",next_hop=""fe80::2:5"",dev=""ens4"",protocol=""ospf"",metric=""20"",route_index=""0"",nh_index=""1""",1
2026-07-28 17:32:00,ccf-aiops-北大,cr-2,cr,ipv6_route_nexthop_info,"prefix=""fd00:1:40::/64"",next_hop=""fd00:1:30::254"",dev=""ens5"",protocol=""196"",metric=""20"",route_index=""0"",nh_index=""0""",1
2026-07-28 17:32:00,ccf-aiops-北大,cr-2,cr,ospf6_interface_cost,"interface=""ens5""",1
2026-07-28 17:32:00,ccf-aiops-北大,cr-2,cr,ospf6_interface_cost,"interface=""ens4""",1
2026-07-28 17:32:00,ccf-aiops-北大,cr-2,cr,ospf6_interface_enabled,"interface=""ens8""",1
2026-07-28 17:32:00,ccf-aiops-北大,cr-2,cr,ospf6_interface_enabled,"interface=""virbr0""",0
2026-07-28 17:32:00,ccf-aiops-北大,cr-2,cr,ospf6_interface_enabled,"interface=""lo""",1
2026-07-28 17:32:00,ccf-aiops-北大,cr-2,cr,ospf6_interface_enabled,"interface=""ens9""",1
2026-07-28 17:32:00,ccf-aiops-北大,cr-2,cr,ospf6_interface_enabled,"interface=""ens7""",1
2026-07-28 17:32:00,ccf-aiops-北大,cr-2,cr,ospf6_interface_enabled,"interface=""ens6""",1
2026-07-28 17:32:00,ccf-aiops-北大,cr-2,cr,ospf6_interface_enabled,"interface=""ens5""",1
2026-07-28 17:32:00,ccf-aiops-北大,cr-2,cr,ospf6_interface_enabled,"interface=""ens4""",1
2026-07-28 17:32:00,ccf-aiops-北大,cr-2,cr,ospf6_interface_enabled,"interface=""ens3""",1
2026-07-28 17:32:00,ccf-aiops-北大,cr-2,cr,ospf6_interface_enabled,"interface=""ens12""",1
2026-07-28 17:32:00,ccf-aiops-北大,cr-2,cr,ospf6_interface_enabled,"interface=""ens11""",1
2026-07-28 17:32:00,ccf-aiops-北大,cr-2,cr,ospf6_interface_enabled,"interface=""ens10""",1
2026-07-28 17:32:00,ccf-aiops-北大,cr-2,cr,ospf6_neighbor_state_code,"state=""Full"",interface=""ens4"",neighbor_id=""1.1.1.11""",6
2026-07-28 17:32:00,ccf-aiops-北大,cr-2,cr,ospf6_neighbor_state_code,"state=""Full"",interface=""ens5"",neighbor_id=""1.1.1.11""",6
2026-07-28 17:32:00,ccf-aiops-北大,cr-2,cr,ospf6_neighbor_state_code,"state=""Full"",interface=""ens4"",neighbor_id=""1.1.1.2""",6
2026-07-28 17:32:00,ccf-aiops-北大,cr-2,cr,ospf6_neighbor_state_code,"state=""Full"",interface=""ens4"",neighbor_id=""1.1.1.1""",6
2026-07-28 17:32:00,ccf-aiops-北大,cr-2,cr,bgp_command_success,,
2026-07-28 17:32:00,ccf-aiops-北大,cr-2,cr,bgp_peer_up,,
2026-07-28 17:32:00,ccf-aiops-北大,cr-2,cr,bgp_peer_uptime_seconds,,
2026-07-28 17:32:00,ccf-aiops-北大,cr-2,cr,bgp_peer_prefix_received,,
2026-07-28 17:32:00,ccf-aiops-北大,cr-2,cr,bgp_peer_prefix_sent,,
2026-07-28 17:32:00,ccf-aiops-北大,cr-2,cr,bgp_peer_count,,
2026-07-28 17:33:00,ccf-aiops-北大,br-1,br,bgp_command_success,"command=""bgp_summary""",1
2026-07-28 17:33:00,ccf-aiops-北大,br-1,br,bgp_peer_count,,4
2026-07-28 17:33:00,ccf-aiops-北大,br-1,br,bgp_peer_prefix_received,"peer=""fd00:100:10::11"",remote_as=""65002"",state=""Established""",4
2026-07-28 17:33:00,ccf-aiops-北大,br-1,br,bgp_peer_prefix_received,"peer=""fd00:100:10::21"",remote_as=""65003"",state=""Established""",6
2026-07-28 17:33:00,ccf-aiops-北大,br-1,br,bgp_peer_prefix_received,"peer=""fd00:100:10::41"",remote_as=""65005"",state=""Established""",6
2026-07-28 17:33:00,ccf-aiops-北大,br-1,br,bgp_peer_prefix_received,"peer=""fd00:100:10::51"",remote_as=""65006"",state=""Established""",7
2026-07-28 17:33:00,ccf-aiops-北大,br-1,br,bgp_peer_prefix_sent,"peer=""fd00:100:10::51"",remote_as=""65006"",state=""Established""",8
2026-07-28 17:33:00,ccf-aiops-北大,br-1,br,bgp_peer_prefix_sent,"peer=""fd00:100:10::11"",remote_as=""65002"",state=""Established""",8
2026-07-28 17:33:00,ccf-aiops-北大,br-1,br,bgp_peer_prefix_sent,"peer=""fd00:100:10::21"",remote_as=""65003"",state=""Established""",8
2026-07-28 17:33:00,ccf-aiops-北大,br-1,br,bgp_peer_prefix_sent,"peer=""fd00:100:10::41"",remote_as=""65005"",state=""Established""",8
2026-07-28 17:33:00,ccf-aiops-北大,br-1,br,bgp_peer_up,"peer=""fd00:100:10::11"",remote_as=""65002"",state=""Established""",1
2026-07-28 17:33:00,ccf-aiops-北大,br-1,br,bgp_peer_up,"peer=""fd00:100:10::51"",remote_as=""65006"",state=""Established""",1
2026-07-28 17:33:00,ccf-aiops-北大,br-1,br,bgp_peer_up,"peer=""fd00:100:10::41"",remote_as=""65005"",state=""Established""",1
2026-07-28 17:33:00,ccf-aiops-北大,br-1,br,bgp_peer_up,"peer=""fd00:100:10::21"",remote_as=""65003"",state=""Established""",1
2026-07-28 17:33:00,ccf-aiops-北大,br-1,br,bgp_peer_uptime_seconds,"peer=""fd00:100:10::11"",remote_as=""65002"",state=""Established""",531087
2026-07-28 17:33:00,ccf-aiops-北大,br-1,br,bgp_peer_uptime_seconds,"peer=""fd00:100:10::51"",remote_as=""65006"",state=""Established""",2430654
2026-07-28 17:33:00,ccf-aiops-北大,br-1,br,bgp_peer_uptime_seconds,"peer=""fd00:100:10::41"",remote_as=""65005"",state=""Established""",2430742
2026-07-28 17:33:00,ccf-aiops-北大,br-1,br,bgp_peer_uptime_seconds,"peer=""fd00:100:10::21"",remote_as=""65003"",state=""Established""",667685
2026-07-28 17:33:00,ccf-aiops-北大,br-1,br,ipv6_default_route_changed_total,,0
2026-07-28 17:33:00,ccf-aiops-北大,br-1,br,ipv6_default_route_info,"next_hop=""240a:a023::1"",dev=""ens4"",protocol=""unknown"",metric=""1024"",route_index=""0"",nh_index=""0""",1
2026-07-28 17:33:00,ccf-aiops-北大,br-1,br,ipv6_route_change_total,"prefix=""::/0""",0
2026-07-28 17:33:00,ccf-aiops-北大,br-1,br,ipv6_route_change_total,"prefix=""fd00:1:40::/64""",0
2026-07-28 17:33:00,ccf-aiops-北大,br-1,br,ipv6_route_change_total,"prefix=""fd00:2:40::/64""",0
2026-07-28 17:33:00,ccf-aiops-北大,br-1,br,ipv6_route_change_total,"prefix=""fd00:3:40::/64""",0
2026-07-28 17:33:00,ccf-aiops-北大,br-1,br,ipv6_route_change_total,"prefix=""fd00:4:40::/64""",0
2026-07-28 17:33:00,ccf-aiops-北大,br-1,br,ipv6_route_change_total,"prefix=""fd00:5:40::/64""",0
2026-07-28 17:33:00,ccf-aiops-北大,br-1,br,ipv6_route_change_total,"prefix=""fd00:7:40::/64""",6
2026-07-28 17:33:00,ccf-aiops-北大,br-1,br,ipv6_route_change_total,"prefix=""fd00:8:40::/64""",0
2026-07-28 17:33:00,ccf-aiops-北大,br-1,br,ipv6_route_change_total,"prefix=""fd00:6:40::/64""",0
2026-07-28 17:33:00,ccf-aiops-北大,br-1,br,ipv6_route_count,"protocol=""all""",20
2026-07-28 17:33:00,ccf-aiops-北大,br-1,br,ipv6_route_count,"protocol=""bgp""",7
2026-07-28 17:33:00,ccf-aiops-北大,br-1,br,ipv6_route_count,"protocol=""kernel""",8
2026-07-28 17:33:00,ccf-aiops-北大,br-1,br,ipv6_route_count,"protocol=""ospf""",2
2026-07-28 17:33:00,ccf-aiops-北大,br-1,br,ipv6_route_count,"protocol=""unknown""",3
2026-07-28 17:33:00,ccf-aiops-北大,br-1,br,ipv6_route_exists,"prefix=""fd00:6:40::/64""",1
2026-07-28 17:33:00,ccf-aiops-北大,br-1,br,ipv6_route_exists,"prefix=""::/0""",1
2026-07-28 17:33:00,ccf-aiops-北大,br-1,br,ipv6_route_exists,"prefix=""fd00:1:40::/64""",1
2026-07-28 17:33:00,ccf-aiops-北大,br-1,br,ipv6_route_exists,"prefix=""fd00:2:40::/64""",1
2026-07-28 17:33:00,ccf-aiops-北大,br-1,br,ipv6_route_exists,"prefix=""fd00:3:40::/64""",1
2026-07-28 17:33:00,ccf-aiops-北大,br-1,br,ipv6_route_exists,"prefix=""fd00:4:40::/64""",1
2026-07-28 17:33:00,ccf-aiops-北大,br-1,br,ipv6_route_exists,"prefix=""fd00:5:40::/64""",1
2026-07-28 17:33:00,ccf-aiops-北大,br-1,br,ipv6_route_exists,"prefix=""fd00:7:40::/64""",1
2026-07-28 17:33:00,ccf-aiops-北大,br-1,br,ipv6_route_exists,"prefix=""fd00:8:40::/64""",1
2026-07-28 17:33:00,ccf-aiops-北大,br-1,br,ipv6_route_nexthop_info,"prefix=""fd00:2:40::/64"",next_hop=""fe80::100:10:11"",dev=""ens4"",protocol=""bgp"",metric=""20"",route_index=""0"",nh_index=""0""",1
2026-07-28 17:33:00,ccf-aiops-北大,br-1,br,ipv6_route_nexthop_info,"prefix=""fd00:1:40::/64"",next_hop=""fe80::12:4"",dev=""ens5"",protocol=""ospf"",metric=""20"",route_index=""0"",nh_index=""1""",1
2026-07-28 17:33:00,ccf-aiops-北大,br-1,br,ipv6_route_nexthop_info,"prefix=""fd00:1:40::/64"",next_hop=""fe80::11:4"",dev=""ens5"",protocol=""ospf"",metric=""20"",route_index=""0"",nh_index=""0""",1
2026-07-28 17:33:00,ccf-aiops-北大,br-1,br,ipv6_route_nexthop_info,"prefix=""fd00:7:40::/64"",next_hop=""fe80::100:10:51"",dev=""ens4"",protocol=""bgp"",metric=""20"",route_index=""0"",nh_index=""0""",1
2026-07-28 17:33:00,ccf-aiops-北大,br-1,br,ipv6_route_nexthop_info,"prefix=""fd00:6:40::/64"",next_hop=""fe80::100:10:51"",dev=""ens4"",protocol=""bgp"",metric=""20"",route_index=""0"",nh_index=""0""",1
2026-07-28 17:33:00,ccf-aiops-北大,br-1,br,ipv6_route_nexthop_info,"prefix=""fd00:8:40::/64"",next_hop=""fe80::100:10:41"",dev=""ens4"",protocol=""bgp"",metric=""20"",route_index=""0"",nh_index=""0""",1
2026-07-28 17:33:00,ccf-aiops-北大,br-1,br,ipv6_route_nexthop_info,"prefix=""fd00:5:40::/64"",next_hop=""fe80::100:10:41"",dev=""ens4"",protocol=""bgp"",metric=""20"",route_index=""0"",nh_index=""0""",1
2026-07-28 17:33:00,ccf-aiops-北大,br-1,br,ipv6_route_nexthop_info,"prefix=""fd00:4:40::/64"",next_hop=""fe80::100:10:41"",dev=""ens4"",protocol=""bgp"",metric=""20"",route_index=""0"",nh_index=""0""",1
2026-07-28 17:33:00,ccf-aiops-北大,br-1,br,ipv6_route_nexthop_info,"prefix=""fd00:3:40::/64"",next_hop=""fe80::100:10:21"",dev=""ens4"",protocol=""bgp"",metric=""20"",route_index=""0"",nh_index=""0""",1
2026-07-28 17:33:00,ccf-aiops-北大,br-1,br,ipv6_route_nexthop_info,"prefix=""::/0"",next_hop=""240a:a023::1"",dev=""ens4"",protocol=""unknown"",metric=""1024"",route_index=""0"",nh_index=""0""",1
2026-07-28 17:33:00,ccf-aiops-北大,br-1,br,ospf6_interface_cost,"interface=""ens5""",1
2026-07-28 17:33:00,ccf-aiops-北大,br-1,br,ospf6_interface_enabled,"interface=""ens3""",1
2026-07-28 17:33:00,ccf-aiops-北大,br-1,br,ospf6_interface_enabled,"interface=""virbr0""",0
2026-07-28 17:33:00,ccf-aiops-北大,br-1,br,ospf6_interface_enabled,"interface=""lo""",1
2026-07-28 17:33:00,ccf-aiops-北大,br-1,br,ospf6_interface_enabled,"interface=""ens9""",1
2026-07-28 17:33:00,ccf-aiops-北大,br-1,br,ospf6_interface_enabled,"interface=""ens8""",1
2026-07-28 17:33:00,ccf-aiops-北大,br-1,br,ospf6_interface_enabled,"interface=""ens7""",1
2026-07-28 17:33:00,ccf-aiops-北大,br-1,br,ospf6_interface_enabled,"interface=""ens6""",1
2026-07-28 17:33:00,ccf-aiops-北大,br-1,br,ospf6_interface_enabled,"interface=""ens5""",1
2026-07-28 17:33:00,ccf-aiops-北大,br-1,br,ospf6_interface_enabled,"interface=""ens4""",1
2026-07-28 17:33:00,ccf-aiops-北大,br-1,br,ospf6_interface_enabled,"interface=""ens12""",1
2026-07-28 17:33:00,ccf-aiops-北大,br-1,br,ospf6_interface_enabled,"interface=""ens11""",1
2026-07-28 17:33:00,ccf-aiops-北大,br-1,br,ospf6_interface_enabled,"interface=""ens10""",1
2026-07-28 17:33:00,ccf-aiops-北大,br-1,br,ospf6_neighbor_state_code,"state=""Full"",interface=""ens5"",neighbor_id=""1.1.1.11""",6
2026-07-28 17:33:00,ccf-aiops-北大,br-1,br,ospf6_neighbor_state_code,"state=""Full"",interface=""ens5"",neighbor_id=""1.1.1.12""",6
2026-07-28 17:33:00,ccf-aiops-北大,br-1,br,ospf6_neighbor_state_code,"state=""Twoway"",interface=""ens5"",neighbor_id=""1.1.1.2""",2
2026-07-28 17:33:00,ccf-aiops-北大,br-2,br,bgp_command_success,"command=""bgp_summary""",1
2026-07-28 17:33:00,ccf-aiops-北大,br-2,br,bgp_peer_count,,4
2026-07-28 17:33:00,ccf-aiops-北大,br-2,br,bgp_peer_prefix_received,"peer=""fd00:100:10::52"",remote_as=""65006"",state=""Established""",6
2026-07-28 17:33:00,ccf-aiops-北大,br-2,br,bgp_peer_prefix_received,"peer=""fd00:100:10::42"",remote_as=""65005"",state=""Established""",6
2026-07-28 17:33:00,ccf-aiops-北大,br-2,br,bgp_peer_prefix_received,"peer=""fd00:100:10::22"",remote_as=""65003"",state=""Established""",5
2026-07-28 17:33:00,ccf-aiops-北大,br-2,br,bgp_peer_prefix_received,"peer=""fd00:100:10::12"",remote_as=""65002"",state=""Established""",4
2026-07-28 17:33:00,ccf-aiops-北大,br-2,br,bgp_peer_prefix_sent,"peer=""fd00:100:10::52"",remote_as=""65006"",state=""Established""",8
2026-07-28 17:33:00,ccf-aiops-北大,br-2,br,bgp_peer_prefix_sent,"peer=""fd00:100:10::42"",remote_as=""65005"",state=""Established""",8
2026-07-28 17:33:00,ccf-aiops-北大,br-2,br,bgp_peer_prefix_sent,"peer=""fd00:100:10::22"",remote_as=""65003"",state=""Established""",8
2026-07-28 17:33:00,ccf-aiops-北大,br-2,br,bgp_peer_prefix_sent,"peer=""fd00:100:10::12"",remote_as=""65002"",state=""Established""",8
2026-07-28 17:33:00,ccf-aiops-北大,br-2,br,bgp_peer_up,"peer=""fd00:100:10::52"",remote_as=""65006"",state=""Established""",1
2026-07-28 17:33:00,ccf-aiops-北大,br-2,br,bgp_peer_up,"peer=""fd00:100:10::42"",remote_as=""65005"",state=""Established""",1
2026-07-28 17:33:00,ccf-aiops-北大,br-2,br,bgp_peer_up,"peer=""fd00:100:10::22"",remote_as=""65003"",state=""Established""",1
2026-07-28 17:33:00,ccf-aiops-北大,br-2,br,bgp_peer_up,"peer=""fd00:100:10::12"",remote_as=""65002"",state=""Established""",1
2026-07-28 17:33:00,ccf-aiops-北大,br-2,br,bgp_peer_uptime_seconds,"peer=""fd00:100:10::12"",remote_as=""65002"",state=""Established""",531045
2026-07-28 17:33:00,ccf-aiops-北大,br-2,br,bgp_peer_uptime_seconds,"peer=""fd00:100:10::52"",remote_as=""65006"",state=""Established""",2430660
2026-07-28 17:33:00,ccf-aiops-北大,br-2,br,bgp_peer_uptime_seconds,"peer=""fd00:100:10::42"",remote_as=""65005"",state=""Established""",2430753
2026-07-28 17:33:00,ccf-aiops-北大,br-2,br,bgp_peer_uptime_seconds,"peer=""fd00:100:10::22"",remote_as=""65003"",state=""Established""",1361010
2026-07-28 17:33:00,ccf-aiops-北大,br-2,br,ipv6_default_route_changed_total,,0
2026-07-28 17:33:00,ccf-aiops-北大,br-2,br,ipv6_default_route_info,"next_hop=""240a:a023::1"",dev=""ens4"",protocol=""unknown"",metric=""1024"",route_index=""0"",nh_index=""0""",1
2026-07-28 17:33:00,ccf-aiops-北大,br-2,br,ipv6_route_change_total,"prefix=""fd00:5:40::/64""",0
2026-07-28 17:33:00,ccf-aiops-北大,br-2,br,ipv6_route_change_total,"prefix=""::/0""",0
2026-07-28 17:33:00,ccf-aiops-北大,br-2,br,ipv6_route_change_total,"prefix=""fd00:1:40::/64""",0
2026-07-28 17:33:00,ccf-aiops-北大,br-2,br,ipv6_route_change_total,"prefix=""fd00:2:40::/64""",0
2026-07-28 17:33:00,ccf-aiops-北大,br-2,br,ipv6_route_change_total,"prefix=""fd00:3:40::/64""",0
2026-07-28 17:33:00,ccf-aiops-北大,br-2,br,ipv6_route_change_total,"prefix=""fd00:4:40::/64""",0
2026-07-28 17:33:00,ccf-aiops-北大,br-2,br,ipv6_route_change_total,"prefix=""fd00:6:40::/64""",0
2026-07-28 17:33:00,ccf-aiops-北大,br-2,br,ipv6_route_change_total,"prefix=""fd00:7:40::/64""",4
2026-07-28 17:33:00,ccf-aiops-北大,br-2,br,ipv6_route_change_total,"prefix=""fd00:8:40::/64""",0
2026-07-28 17:33:00,ccf-aiops-北大,br-2,br,ipv6_route_count,"protocol=""unknown""",3
2026-07-28 17:33:00,ccf-aiops-北大,br-2,br,ipv6_route_count,"protocol=""ospf""",2
2026-07-28 17:33:00,ccf-aiops-北大,br-2,br,ipv6_route_count,"protocol=""kernel""",7
2026-07-28 17:33:00,ccf-aiops-北大,br-2,br,ipv6_route_count,"protocol=""bgp""",7
2026-07-28 17:33:00,ccf-aiops-北大,br-2,br,ipv6_route_count,"protocol=""all""",19
2026-07-28 17:33:00,ccf-aiops-北大,br-2,br,ipv6_route_exists,"prefix=""fd00:1:40::/64""",1
2026-07-28 17:33:00,ccf-aiops-北大,br-2,br,ipv6_route_exists,"prefix=""fd00:2:40::/64""",1
2026-07-28 17:33:00,ccf-aiops-北大,br-2,br,ipv6_route_exists,"prefix=""fd00:3:40::/64""",1
2026-07-28 17:33:00,ccf-aiops-北大,br-2,br,ipv6_route_exists,"prefix=""fd00:7:40::/64""",1
2026-07-28 17:33:00,ccf-aiops-北大,br-2,br,ipv6_route_exists,"prefix=""fd00:4:40::/64""",1
2026-07-28 17:33:00,ccf-aiops-北大,br-2,br,ipv6_route_exists,"prefix=""fd00:5:40::/64""",1
2026-07-28 17:33:00,ccf-aiops-北大,br-2,br,ipv6_route_exists,"prefix=""fd00:6:40::/64""",1
2026-07-28 17:33:00,ccf-aiops-北大,br-2,br,ipv6_route_exists,"prefix=""::/0""",1
2026-07-28 17:33:00,ccf-aiops-北大,br-2,br,ipv6_route_exists,"prefix=""fd00:8:40::/64""",1
2026-07-28 17:33:00,ccf-aiops-北大,br-2,br,ipv6_route_nexthop_info,"prefix=""fd00:1:40::/64"",next_hop=""fe80::12:4"",dev=""ens5"",protocol=""ospf"",metric=""20"",route_index=""0"",nh_index=""1""",1
2026-07-28 17:33:00,ccf-aiops-北大,br-2,br,ipv6_route_nexthop_info,"prefix=""fd00:1:40::/64"",next_hop=""fe80::11:4"",dev=""ens5"",protocol=""ospf"",metric=""20"",route_index=""0"",nh_index=""0""",1
2026-07-28 17:33:00,ccf-aiops-北大,br-2,br,ipv6_route_nexthop_info,"prefix=""fd00:3:40::/64"",next_hop=""fe80::100:10:22"",dev=""ens4"",protocol=""bgp"",metric=""20"",route_index=""0"",nh_index=""0""",1
2026-07-28 17:33:00,ccf-aiops-北大,br-2,br,ipv6_route_nexthop_info,"prefix=""fd00:6:40::/64"",next_hop=""fe80::100:10:52"",dev=""ens4"",protocol=""bgp"",metric=""20"",route_index=""0"",nh_index=""0""",1
2026-07-28 17:33:00,ccf-aiops-北大,br-2,br,ipv6_route_nexthop_info,"prefix=""fd00:8:40::/64"",next_hop=""fe80::100:10:42"",dev=""ens4"",protocol=""bgp"",metric=""20"",route_index=""0"",nh_index=""0""",1
2026-07-28 17:33:00,ccf-aiops-北大,br-2,br,ipv6_route_nexthop_info,"prefix=""fd00:2:40::/64"",next_hop=""fe80::100:10:12"",dev=""ens4"",protocol=""bgp"",metric=""20"",route_index=""0"",nh_index=""0""",1
2026-07-28 17:33:00,ccf-aiops-北大,br-2,br,ipv6_route_nexthop_info,"prefix=""::/0"",next_hop=""240a:a023::1"",dev=""ens4"",protocol=""unknown"",metric=""1024"",route_index=""0"",nh_index=""0""",1
2026-07-28 17:33:00,ccf-aiops-北大,br-2,br,ipv6_route_nexthop_info,"prefix=""fd00:7:40::/64"",next_hop=""fe80::100:10:42"",dev=""ens4"",protocol=""bgp"",metric=""20"",route_index=""0"",nh_index=""0""",1
2026-07-28 17:33:00,ccf-aiops-北大,br-2,br,ipv6_route_nexthop_info,"prefix=""fd00:5:40::/64"",next_hop=""fe80::100:10:42"",dev=""ens4"",protocol=""bgp"",metric=""20"",route_index=""0"",nh_index=""0""",1
2026-07-28 17:33:00,ccf-aiops-北大,br-2,br,ipv6_route_nexthop_info,"prefix=""fd00:4:40::/64"",next_hop=""fe80::100:10:42"",dev=""ens4"",protocol=""bgp"",metric=""20"",route_index=""0"",nh_index=""0""",1
2026-07-28 17:33:00,ccf-aiops-北大,br-2,br,ospf6_interface_cost,"interface=""ens5""",1
2026-07-28 17:33:00,ccf-aiops-北大,br-2,br,ospf6_interface_enabled,"interface=""ens12""",1
2026-07-28 17:33:00,ccf-aiops-北大,br-2,br,ospf6_interface_enabled,"interface=""ens5""",1
2026-07-28 17:33:00,ccf-aiops-北大,br-2,br,ospf6_interface_enabled,"interface=""ens3""",1
2026-07-28 17:33:00,ccf-aiops-北大,br-2,br,ospf6_interface_enabled,"interface=""ens4""",1
2026-07-28 17:33:00,ccf-aiops-北大,br-2,br,ospf6_interface_enabled,"interface=""ens11""",1
2026-07-28 17:33:00,ccf-aiops-北大,br-2,br,ospf6_interface_enabled,"interface=""ens10""",1
2026-07-28 17:33:00,ccf-aiops-北大,br-2,br,ospf6_interface_enabled,"interface=""ens6""",1
2026-07-28 17:33:00,ccf-aiops-北大,br-2,br,ospf6_interface_enabled,"interface=""ens7""",1
2026-07-28 17:33:00,ccf-aiops-北大,br-2,br,ospf6_interface_enabled,"interface=""ens8""",1
2026-07-28 17:33:00,ccf-aiops-北大,br-2,br,ospf6_interface_enabled,"interface=""ens9""",1
2026-07-28 17:33:00,ccf-aiops-北大,br-2,br,ospf6_interface_enabled,"interface=""lo""",1
2026-07-28 17:33:00,ccf-aiops-北大,br-2,br,ospf6_interface_enabled,"interface=""virbr0""",0
2026-07-28 17:33:00,ccf-aiops-北大,br-2,br,ospf6_neighbor_state_code,"state=""Full"",interface=""ens5"",neighbor_id=""1.1.1.12""",6
2026-07-28 17:33:00,ccf-aiops-北大,br-2,br,ospf6_neighbor_state_code,"state=""Twoway"",interface=""ens5"",neighbor_id=""1.1.1.1""",2
2026-07-28 17:33:00,ccf-aiops-北大,br-2,br,ospf6_neighbor_state_code,"state=""Full"",interface=""ens5"",neighbor_id=""1.1.1.11""",6
2026-07-28 17:33:00,ccf-aiops-北大,cr-1,cr,ipv6_default_route_changed_total,,0
2026-07-28 17:33:00,ccf-aiops-北大,cr-1,cr,ipv6_default_route_info,"next_hop=""fd00:1:20::1"",dev=""ens4"",protocol=""196"",metric=""20"",route_index=""0"",nh_index=""0""",1
2026-07-28 17:33:00,ccf-aiops-北大,cr-1,cr,ipv6_default_route_info,"next_hop=""fd00:1:20::2"",dev=""ens4"",protocol=""196"",metric=""20"",route_index=""0"",nh_index=""1""",1
2026-07-28 17:33:00,ccf-aiops-北大,cr-1,cr,ipv6_route_change_total,"prefix=""fd00:5:40::/64""",0
2026-07-28 17:33:00,ccf-aiops-北大,cr-1,cr,ipv6_route_change_total,"prefix=""::/0""",0
2026-07-28 17:33:00,ccf-aiops-北大,cr-1,cr,ipv6_route_change_total,"prefix=""fd00:1:40::/64""",0
2026-07-28 17:33:00,ccf-aiops-北大,cr-1,cr,ipv6_route_change_total,"prefix=""fd00:2:40::/64""",0
2026-07-28 17:33:00,ccf-aiops-北大,cr-1,cr,ipv6_route_change_total,"prefix=""fd00:3:40::/64""",0
2026-07-28 17:33:00,ccf-aiops-北大,cr-1,cr,ipv6_route_change_total,"prefix=""fd00:4:40::/64""",0
2026-07-28 17:33:00,ccf-aiops-北大,cr-1,cr,ipv6_route_change_total,"prefix=""fd00:6:40::/64""",0
2026-07-28 17:33:00,ccf-aiops-北大,cr-1,cr,ipv6_route_change_total,"prefix=""fd00:8:40::/64""",0
2026-07-28 17:33:00,ccf-aiops-北大,cr-1,cr,ipv6_route_change_total,"prefix=""fd00:7:40::/64""",0
2026-07-28 17:33:00,ccf-aiops-北大,cr-1,cr,ipv6_route_count,"protocol=""all""",15
2026-07-28 17:33:00,ccf-aiops-北大,cr-1,cr,ipv6_route_count,"protocol=""kernel""",6
2026-07-28 17:33:00,ccf-aiops-北大,cr-1,cr,ipv6_route_count,"protocol=""ospf""",7
2026-07-28 17:33:00,ccf-aiops-北大,cr-1,cr,ipv6_route_count,"protocol=""196""",2
2026-07-28 17:33:00,ccf-aiops-北大,cr-1,cr,ipv6_route_exists,"prefix=""::/0""",1
2026-07-28 17:33:00,ccf-aiops-北大,cr-1,cr,ipv6_route_exists,"prefix=""fd00:8:40::/64""",1
2026-07-28 17:33:00,ccf-aiops-北大,cr-1,cr,ipv6_route_exists,"prefix=""fd00:1:40::/64""",1
2026-07-28 17:33:00,ccf-aiops-北大,cr-1,cr,ipv6_route_exists,"prefix=""fd00:2:40::/64""",1
2026-07-28 17:33:00,ccf-aiops-北大,cr-1,cr,ipv6_route_exists,"prefix=""fd00:3:40::/64""",1
2026-07-28 17:33:00,ccf-aiops-北大,cr-1,cr,ipv6_route_exists,"prefix=""fd00:4:40::/64""",1
2026-07-28 17:33:00,ccf-aiops-北大,cr-1,cr,ipv6_route_exists,"prefix=""fd00:5:40::/64""",1
2026-07-28 17:33:00,ccf-aiops-北大,cr-1,cr,ipv6_route_exists,"prefix=""fd00:6:40::/64""",1
2026-07-28 17:33:00,ccf-aiops-北大,cr-1,cr,ipv6_route_exists,"prefix=""fd00:7:40::/64""",1
2026-07-28 17:33:00,ccf-aiops-北大,cr-1,cr,ipv6_route_nexthop_info,"prefix=""fd00:6:40::/64"",next_hop=""fe80::2:5"",dev=""ens4"",protocol=""ospf"",metric=""20"",route_index=""0"",nh_index=""1""",1
2026-07-28 17:33:00,ccf-aiops-北大,cr-1,cr,ipv6_route_nexthop_info,"prefix=""fd00:1:40::/64"",next_hop=""fd00:1:30::254"",dev=""ens5"",protocol=""196"",metric=""20"",route_index=""0"",nh_index=""0""",1
2026-07-28 17:33:00,ccf-aiops-北大,cr-1,cr,ipv6_route_nexthop_info,"prefix=""fd00:8:40::/64"",next_hop=""fe80::2:5"",dev=""ens4"",protocol=""ospf"",metric=""20"",route_index=""0"",nh_index=""1""",1
2026-07-28 17:33:00,ccf-aiops-北大,cr-1,cr,ipv6_route_nexthop_info,"prefix=""fd00:5:40::/64"",next_hop=""fe80::2:5"",dev=""ens4"",protocol=""ospf"",metric=""20"",route_index=""0"",nh_index=""1""",1
2026-07-28 17:33:00,ccf-aiops-北大,cr-1,cr,ipv6_route_nexthop_info,"prefix=""fd00:4:40::/64"",next_hop=""fe80::2:5"",dev=""ens4"",protocol=""ospf"",metric=""20"",route_index=""0"",nh_index=""1""",1
2026-07-28 17:33:00,ccf-aiops-北大,cr-1,cr,ipv6_route_nexthop_info,"prefix=""fd00:3:40::/64"",next_hop=""fe80::2:5"",dev=""ens4"",protocol=""ospf"",metric=""20"",route_index=""0"",nh_index=""1""",1
2026-07-28 17:33:00,ccf-aiops-北大,cr-1,cr,ipv6_route_nexthop_info,"prefix=""fd00:2:40::/64"",next_hop=""fe80::2:5"",dev=""ens4"",protocol=""ospf"",metric=""20"",route_index=""0"",nh_index=""1""",1
2026-07-28 17:33:00,ccf-aiops-北大,cr-1,cr,ipv6_route_nexthop_info,"prefix=""fd00:8:40::/64"",next_hop=""fe80::1:5"",dev=""ens4"",protocol=""ospf"",metric=""20"",route_index=""0"",nh_index=""0""",1
2026-07-28 17:33:00,ccf-aiops-北大,cr-1,cr,ipv6_route_nexthop_info,"prefix=""fd00:7:40::/64"",next_hop=""fe80::1:5"",dev=""ens4"",protocol=""ospf"",metric=""20"",route_index=""0"",nh_index=""0""",1
2026-07-28 17:33:00,ccf-aiops-北大,cr-1,cr,ipv6_route_nexthop_info,"prefix=""::/0"",next_hop=""fd00:1:20::1"",dev=""ens4"",protocol=""196"",metric=""20"",route_index=""0"",nh_index=""0""",1
2026-07-28 17:33:00,ccf-aiops-北大,cr-1,cr,ipv6_route_nexthop_info,"prefix=""fd00:7:40::/64"",next_hop=""fe80::2:5"",dev=""ens4"",protocol=""ospf"",metric=""20"",route_index=""0"",nh_index=""1""",1
2026-07-28 17:33:00,ccf-aiops-北大,cr-1,cr,ipv6_route_nexthop_info,"prefix=""fd00:6:40::/64"",next_hop=""fe80::1:5"",dev=""ens4"",protocol=""ospf"",metric=""20"",route_index=""0"",nh_index=""0""",1
2026-07-28 17:33:00,ccf-aiops-北大,cr-1,cr,ipv6_route_nexthop_info,"prefix=""fd00:5:40::/64"",next_hop=""fe80::1:5"",dev=""ens4"",protocol=""ospf"",metric=""20"",route_index=""0"",nh_index=""0""",1
2026-07-28 17:33:00,ccf-aiops-北大,cr-1,cr,ipv6_route_nexthop_info,"prefix=""fd00:4:40::/64"",next_hop=""fe80::1:5"",dev=""ens4"",protocol=""ospf"",metric=""20"",route_index=""0"",nh_index=""0""",1
2026-07-28 17:33:00,ccf-aiops-北大,cr-1,cr,ipv6_route_nexthop_info,"prefix=""fd00:3:40::/64"",next_hop=""fe80::1:5"",dev=""ens4"",protocol=""ospf"",metric=""20"",route_index=""0"",nh_index=""0""",1
2026-07-28 17:33:00,ccf-aiops-北大,cr-1,cr,ipv6_route_nexthop_info,"prefix=""fd00:2:40::/64"",next_hop=""fe80::1:5"",dev=""ens4"",protocol=""ospf"",metric=""20"",route_index=""0"",nh_index=""0""",1
2026-07-28 17:33:00,ccf-aiops-北大,cr-1,cr,ipv6_route_nexthop_info,"prefix=""::/0"",next_hop=""fd00:1:20::2"",dev=""ens4"",protocol=""196"",metric=""20"",route_index=""0"",nh_index=""1""",1
2026-07-28 17:33:00,ccf-aiops-北大,cr-1,cr,ospf6_interface_cost,"interface=""ens4""",1
2026-07-28 17:33:00,ccf-aiops-北大,cr-1,cr,ospf6_interface_cost,"interface=""ens5""",1
2026-07-28 17:33:00,ccf-aiops-北大,cr-1,cr,ospf6_interface_enabled,"interface=""ens5""",1
2026-07-28 17:33:00,ccf-aiops-北大,cr-1,cr,ospf6_interface_enabled,"interface=""ens11""",1
2026-07-28 17:33:00,ccf-aiops-北大,cr-1,cr,ospf6_interface_enabled,"interface=""ens12""",1
2026-07-28 17:33:00,ccf-aiops-北大,cr-1,cr,ospf6_interface_enabled,"interface=""ens3""",1
2026-07-28 17:33:00,ccf-aiops-北大,cr-1,cr,ospf6_interface_enabled,"interface=""ens4""",1
2026-07-28 17:33:00,ccf-aiops-北大,cr-1,cr,ospf6_interface_enabled,"interface=""ens10""",1
2026-07-28 17:33:00,ccf-aiops-北大,cr-1,cr,ospf6_interface_enabled,"interface=""ens6""",1
2026-07-28 17:33:00,ccf-aiops-北大,cr-1,cr,ospf6_interface_enabled,"interface=""ens7""",1
2026-07-28 17:33:00,ccf-aiops-北大,cr-1,cr,ospf6_interface_enabled,"interface=""ens8""",1
2026-07-28 17:33:00,ccf-aiops-北大,cr-1,cr,ospf6_interface_enabled,"interface=""ens9""",1
2026-07-28 17:33:00,ccf-aiops-北大,cr-1,cr,ospf6_interface_enabled,"interface=""lo""",1
2026-07-28 17:33:00,ccf-aiops-北大,cr-1,cr,ospf6_interface_enabled,"interface=""virbr0""",0
2026-07-28 17:33:00,ccf-aiops-北大,cr-1,cr,ospf6_neighbor_state_code,"state=""Full"",interface=""ens5"",neighbor_id=""1.1.1.12""",6
2026-07-28 17:33:00,ccf-aiops-北大,cr-1,cr,ospf6_neighbor_state_code,"state=""Full"",interface=""ens4"",neighbor_id=""1.1.1.2""",6
2026-07-28 17:33:00,ccf-aiops-北大,cr-1,cr,ospf6_neighbor_state_code,"state=""Full"",interface=""ens4"",neighbor_id=""1.1.1.12""",6
2026-07-28 17:33:00,ccf-aiops-北大,cr-1,cr,ospf6_neighbor_state_code,"state=""Full"",interface=""ens4"",neighbor_id=""1.1.1.1""",6
2026-07-28 17:33:00,ccf-aiops-北大,cr-1,cr,bgp_command_success,,
2026-07-28 17:33:00,ccf-aiops-北大,cr-1,cr,bgp_peer_up,,
2026-07-28 17:33:00,ccf-aiops-北大,cr-1,cr,bgp_peer_uptime_seconds,,
2026-07-28 17:33:00,ccf-aiops-北大,cr-1,cr,bgp_peer_prefix_received,,
2026-07-28 17:33:00,ccf-aiops-北大,cr-1,cr,bgp_peer_prefix_sent,,
2026-07-28 17:33:00,ccf-aiops-北大,cr-1,cr,bgp_peer_count,,
2026-07-28 17:33:00,ccf-aiops-北大,cr-2,cr,ipv6_default_route_changed_total,,0
2026-07-28 17:33:00,ccf-aiops-北大,cr-2,cr,ipv6_default_route_info,"next_hop=""fd00:1:20::2"",dev=""ens4"",protocol=""196"",metric=""20"",route_index=""0"",nh_index=""1""",1
2026-07-28 17:33:00,ccf-aiops-北大,cr-2,cr,ipv6_default_route_info,"next_hop=""fd00:1:20::1"",dev=""ens4"",protocol=""196"",metric=""20"",route_index=""0"",nh_index=""0""",1
2026-07-28 17:33:00,ccf-aiops-北大,cr-2,cr,ipv6_route_change_total,"prefix=""fd00:4:40::/64""",0
2026-07-28 17:33:00,ccf-aiops-北大,cr-2,cr,ipv6_route_change_total,"prefix=""::/0""",0
2026-07-28 17:33:00,ccf-aiops-北大,cr-2,cr,ipv6_route_change_total,"prefix=""fd00:1:40::/64""",0
2026-07-28 17:33:00,ccf-aiops-北大,cr-2,cr,ipv6_route_change_total,"prefix=""fd00:2:40::/64""",0
2026-07-28 17:33:00,ccf-aiops-北大,cr-2,cr,ipv6_route_change_total,"prefix=""fd00:3:40::/64""",0
2026-07-28 17:33:00,ccf-aiops-北大,cr-2,cr,ipv6_route_change_total,"prefix=""fd00:5:40::/64""",0
2026-07-28 17:33:00,ccf-aiops-北大,cr-2,cr,ipv6_route_change_total,"prefix=""fd00:6:40::/64""",0
2026-07-28 17:33:00,ccf-aiops-北大,cr-2,cr,ipv6_route_change_total,"prefix=""fd00:7:40::/64""",0
2026-07-28 17:33:00,ccf-aiops-北大,cr-2,cr,ipv6_route_change_total,"prefix=""fd00:8:40::/64""",0
2026-07-28 17:33:00,ccf-aiops-北大,cr-2,cr,ipv6_route_count,"protocol=""196""",2
2026-07-28 17:33:00,ccf-aiops-北大,cr-2,cr,ipv6_route_count,"protocol=""all""",15
2026-07-28 17:33:00,ccf-aiops-北大,cr-2,cr,ipv6_route_count,"protocol=""kernel""",6
2026-07-28 17:33:00,ccf-aiops-北大,cr-2,cr,ipv6_route_count,"protocol=""ospf""",7
2026-07-28 17:33:00,ccf-aiops-北大,cr-2,cr,ipv6_route_exists,"prefix=""fd00:8:40::/64""",1
2026-07-28 17:33:00,ccf-aiops-北大,cr-2,cr,ipv6_route_exists,"prefix=""::/0""",1
2026-07-28 17:33:00,ccf-aiops-北大,cr-2,cr,ipv6_route_exists,"prefix=""fd00:1:40::/64""",1
2026-07-28 17:33:00,ccf-aiops-北大,cr-2,cr,ipv6_route_exists,"prefix=""fd00:2:40::/64""",1
2026-07-28 17:33:00,ccf-aiops-北大,cr-2,cr,ipv6_route_exists,"prefix=""fd00:3:40::/64""",1
2026-07-28 17:33:00,ccf-aiops-北大,cr-2,cr,ipv6_route_exists,"prefix=""fd00:4:40::/64""",1
2026-07-28 17:33:00,ccf-aiops-北大,cr-2,cr,ipv6_route_exists,"prefix=""fd00:5:40::/64""",1
2026-07-28 17:33:00,ccf-aiops-北大,cr-2,cr,ipv6_route_exists,"prefix=""fd00:6:40::/64""",1
2026-07-28 17:33:00,ccf-aiops-北大,cr-2,cr,ipv6_route_exists,"prefix=""fd00:7:40::/64""",1
2026-07-28 17:33:00,ccf-aiops-北大,cr-2,cr,ipv6_route_nexthop_info,"prefix=""fd00:4:40::/64"",next_hop=""fe80::1:5"",dev=""ens4"",protocol=""ospf"",metric=""20"",route_index=""0"",nh_index=""0""",1
2026-07-28 17:33:00,ccf-aiops-北大,cr-2,cr,ipv6_route_nexthop_info,"prefix=""::/0"",next_hop=""fd00:1:20::2"",dev=""ens4"",protocol=""196"",metric=""20"",route_index=""0"",nh_index=""1""",1
2026-07-28 17:33:00,ccf-aiops-北大,cr-2,cr,ipv6_route_nexthop_info,"prefix=""::/0"",next_hop=""fd00:1:20::1"",dev=""ens4"",protocol=""196"",metric=""20"",route_index=""0"",nh_index=""0""",1
2026-07-28 17:33:00,ccf-aiops-北大,cr-2,cr,ipv6_route_nexthop_info,"prefix=""fd00:2:40::/64"",next_hop=""fe80::1:5"",dev=""ens4"",protocol=""ospf"",metric=""20"",route_index=""0"",nh_index=""0""",1
2026-07-28 17:33:00,ccf-aiops-北大,cr-2,cr,ipv6_route_nexthop_info,"prefix=""fd00:3:40::/64"",next_hop=""fe80::1:5"",dev=""ens4"",protocol=""ospf"",metric=""20"",route_index=""0"",nh_index=""0""",1
2026-07-28 17:33:00,ccf-aiops-北大,cr-2,cr,ipv6_route_nexthop_info,"prefix=""fd00:5:40::/64"",next_hop=""fe80::1:5"",dev=""ens4"",protocol=""ospf"",metric=""20"",route_index=""0"",nh_index=""0""",1
2026-07-28 17:33:00,ccf-aiops-北大,cr-2,cr,ipv6_route_nexthop_info,"prefix=""fd00:6:40::/64"",next_hop=""fe80::1:5"",dev=""ens4"",protocol=""ospf"",metric=""20"",route_index=""0"",nh_index=""0""",1
2026-07-28 17:33:00,ccf-aiops-北大,cr-2,cr,ipv6_route_nexthop_info,"prefix=""fd00:7:40::/64"",next_hop=""fe80::1:5"",dev=""ens4"",protocol=""ospf"",metric=""20"",route_index=""0"",nh_index=""0""",1
2026-07-28 17:33:00,ccf-aiops-北大,cr-2,cr,ipv6_route_nexthop_info,"prefix=""fd00:8:40::/64"",next_hop=""fe80::1:5"",dev=""ens4"",protocol=""ospf"",metric=""20"",route_index=""0"",nh_index=""0""",1
2026-07-28 17:33:00,ccf-aiops-北大,cr-2,cr,ipv6_route_nexthop_info,"prefix=""fd00:2:40::/64"",next_hop=""fe80::2:5"",dev=""ens4"",protocol=""ospf"",metric=""20"",route_index=""0"",nh_index=""1""",1
2026-07-28 17:33:00,ccf-aiops-北大,cr-2,cr,ipv6_route_nexthop_info,"prefix=""fd00:3:40::/64"",next_hop=""fe80::2:5"",dev=""ens4"",protocol=""ospf"",metric=""20"",route_index=""0"",nh_index=""1""",1
2026-07-28 17:33:00,ccf-aiops-北大,cr-2,cr,ipv6_route_nexthop_info,"prefix=""fd00:4:40::/64"",next_hop=""fe80::2:5"",dev=""ens4"",protocol=""ospf"",metric=""20"",route_index=""0"",nh_index=""1""",1
2026-07-28 17:33:00,ccf-aiops-北大,cr-2,cr,ipv6_route_nexthop_info,"prefix=""fd00:5:40::/64"",next_hop=""fe80::2:5"",dev=""ens4"",protocol=""ospf"",metric=""20"",route_index=""0"",nh_index=""1""",1
2026-07-28 17:33:00,ccf-aiops-北大,cr-2,cr,ipv6_route_nexthop_info,"prefix=""fd00:6:40::/64"",next_hop=""fe80::2:5"",dev=""ens4"",protocol=""ospf"",metric=""20"",route_index=""0"",nh_index=""1""",1
2026-07-28 17:33:00,ccf-aiops-北大,cr-2,cr,ipv6_route_nexthop_info,"prefix=""fd00:7:40::/64"",next_hop=""fe80::2:5"",dev=""ens4"",protocol=""ospf"",metric=""20"",route_index=""0"",nh_index=""1""",1
2026-07-28 17:33:00,ccf-aiops-北大,cr-2,cr,ipv6_route_nexthop_info,"prefix=""fd00:8:40::/64"",next_hop=""fe80::2:5"",dev=""ens4"",protocol=""ospf"",metric=""20"",route_index=""0"",nh_index=""1""",1
2026-07-28 17:33:00,ccf-aiops-北大,cr-2,cr,ipv6_route_nexthop_info,"prefix=""fd00:1:40::/64"",next_hop=""fd00:1:30::254"",dev=""ens5"",protocol=""196"",metric=""20"",route_index=""0"",nh_index=""0""",1
2026-07-28 17:33:00,ccf-aiops-北大,cr-2,cr,ospf6_interface_cost,"interface=""ens5""",1
2026-07-28 17:33:00,ccf-aiops-北大,cr-2,cr,ospf6_interface_cost,"interface=""ens4""",1
2026-07-28 17:33:00,ccf-aiops-北大,cr-2,cr,ospf6_interface_enabled,"interface=""ens7""",1
2026-07-28 17:33:00,ccf-aiops-北大,cr-2,cr,ospf6_interface_enabled,"interface=""lo""",1
2026-07-28 17:33:00,ccf-aiops-北大,cr-2,cr,ospf6_interface_enabled,"interface=""ens10""",1
2026-07-28 17:33:00,ccf-aiops-北大,cr-2,cr,ospf6_interface_enabled,"interface=""ens11""",1
2026-07-28 17:33:00,ccf-aiops-北大,cr-2,cr,ospf6_interface_enabled,"interface=""ens12""",1
2026-07-28 17:33:00,ccf-aiops-北大,cr-2,cr,ospf6_interface_enabled,"interface=""ens3""",1
2026-07-28 17:33:00,ccf-aiops-北大,cr-2,cr,ospf6_interface_enabled,"interface=""ens4""",1
2026-07-28 17:33:00,ccf-aiops-北大,cr-2,cr,ospf6_interface_enabled,"interface=""ens5""",1
2026-07-28 17:33:00,ccf-aiops-北大,cr-2,cr,ospf6_interface_enabled,"interface=""ens6""",1
2026-07-28 17:33:00,ccf-aiops-北大,cr-2,cr,ospf6_interface_enabled,"interface=""ens8""",1
2026-07-28 17:33:00,ccf-aiops-北大,cr-2,cr,ospf6_interface_enabled,"interface=""ens9""",1
2026-07-28 17:33:00,ccf-aiops-北大,cr-2,cr,ospf6_interface_enabled,"interface=""virbr0""",0
2026-07-28 17:33:00,ccf-aiops-北大,cr-2,cr,ospf6_neighbor_state_code,"state=""Full"",interface=""ens4"",neighbor_id=""1.1.1.1""",6
2026-07-28 17:33:00,ccf-aiops-北大,cr-2,cr,ospf6_neighbor_state_code,"state=""Full"",interface=""ens4"",neighbor_id=""1.1.1.11""",6
2026-07-28 17:33:00,ccf-aiops-北大,cr-2,cr,ospf6_neighbor_state_code,"state=""Full"",interface=""ens4"",neighbor_id=""1.1.1.2""",6
2026-07-28 17:33:00,ccf-aiops-北大,cr-2,cr,ospf6_neighbor_state_code,"state=""Full"",interface=""ens5"",neighbor_id=""1.1.1.11""",6
2026-07-28 17:33:00,ccf-aiops-北大,cr-2,cr,bgp_command_success,,
2026-07-28 17:33:00,ccf-aiops-北大,cr-2,cr,bgp_peer_up,,
2026-07-28 17:33:00,ccf-aiops-北大,cr-2,cr,bgp_peer_uptime_seconds,,
2026-07-28 17:33:00,ccf-aiops-北大,cr-2,cr,bgp_peer_prefix_received,,
2026-07-28 17:33:00,ccf-aiops-北大,cr-2,cr,bgp_peer_prefix_sent,,
2026-07-28 17:33:00,ccf-aiops-北大,cr-2,cr,bgp_peer_count,,
2026-07-28 17:34:00,ccf-aiops-北大,br-1,br,bgp_command_success,"command=""bgp_summary""",1
2026-07-28 17:34:00,ccf-aiops-北大,br-1,br,bgp_peer_count,,4
2026-07-28 17:34:00,ccf-aiops-北大,br-1,br,bgp_peer_prefix_received,"peer=""fd00:100:10::41"",remote_as=""65005"",state=""Established""",6
2026-07-28 17:34:00,ccf-aiops-北大,br-1,br,bgp_peer_prefix_received,"peer=""fd00:100:10::51"",remote_as=""65006"",state=""Established""",7
2026-07-28 17:34:00,ccf-aiops-北大,br-1,br,bgp_peer_prefix_received,"peer=""fd00:100:10::21"",remote_as=""65003"",state=""Established""",6
2026-07-28 17:34:00,ccf-aiops-北大,br-1,br,bgp_peer_prefix_received,"peer=""fd00:100:10::11"",remote_as=""65002"",state=""Established""",4
2026-07-28 17:34:00,ccf-aiops-北大,br-1,br,bgp_peer_prefix_sent,"peer=""fd00:100:10::11"",remote_as=""65002"",state=""Established""",8
2026-07-28 17:34:00,ccf-aiops-北大,br-1,br,bgp_peer_prefix_sent,"peer=""fd00:100:10::21"",remote_as=""65003"",state=""Established""",8
2026-07-28 17:34:00,ccf-aiops-北大,br-1,br,bgp_peer_prefix_sent,"peer=""fd00:100:10::41"",remote_as=""65005"",state=""Established""",8
2026-07-28 17:34:00,ccf-aiops-北大,br-1,br,bgp_peer_prefix_sent,"peer=""fd00:100:10::51"",remote_as=""65006"",state=""Established""",8
2026-07-28 17:34:00,ccf-aiops-北大,br-1,br,bgp_peer_up,"peer=""fd00:100:10::51"",remote_as=""65006"",state=""Established""",1
2026-07-28 17:34:00,ccf-aiops-北大,br-1,br,bgp_peer_up,"peer=""fd00:100:10::41"",remote_as=""65005"",state=""Established""",1
2026-07-28 17:34:00,ccf-aiops-北大,br-1,br,bgp_peer_up,"peer=""fd00:100:10::21"",remote_as=""65003"",state=""Established""",1
2026-07-28 17:34:00,ccf-aiops-北大,br-1,br,bgp_peer_up,"peer=""fd00:100:10::11"",remote_as=""65002"",state=""Established""",1
2026-07-28 17:34:00,ccf-aiops-北大,br-1,br,bgp_peer_uptime_seconds,"peer=""fd00:100:10::11"",remote_as=""65002"",state=""Established""",531133
2026-07-28 17:34:00,ccf-aiops-北大,br-1,br,bgp_peer_uptime_seconds,"peer=""fd00:100:10::21"",remote_as=""65003"",state=""Established""",667731
2026-07-28 17:34:00,ccf-aiops-北大,br-1,br,bgp_peer_uptime_seconds,"peer=""fd00:100:10::41"",remote_as=""65005"",state=""Established""",2430788
2026-07-28 17:34:00,ccf-aiops-北大,br-1,br,bgp_peer_uptime_seconds,"peer=""fd00:100:10::51"",remote_as=""65006"",state=""Established""",2430700
2026-07-28 17:34:00,ccf-aiops-北大,br-1,br,ipv6_default_route_changed_total,,0
2026-07-28 17:34:00,ccf-aiops-北大,br-1,br,ipv6_default_route_info,"next_hop=""240a:a023::1"",dev=""ens4"",protocol=""unknown"",metric=""1024"",route_index=""0"",nh_index=""0""",1
2026-07-28 17:34:00,ccf-aiops-北大,br-1,br,ipv6_route_change_total,"prefix=""::/0""",0
2026-07-28 17:34:00,ccf-aiops-北大,br-1,br,ipv6_route_change_total,"prefix=""fd00:1:40::/64""",0
2026-07-28 17:34:00,ccf-aiops-北大,br-1,br,ipv6_route_change_total,"prefix=""fd00:2:40::/64""",0
2026-07-28 17:34:00,ccf-aiops-北大,br-1,br,ipv6_route_change_total,"prefix=""fd00:3:40::/64""",0
2026-07-28 17:34:00,ccf-aiops-北大,br-1,br,ipv6_route_change_total,"prefix=""fd00:4:40::/64""",0
2026-07-28 17:34:00,ccf-aiops-北大,br-1,br,ipv6_route_change_total,"prefix=""fd00:5:40::/64""",0
2026-07-28 17:34:00,ccf-aiops-北大,br-1,br,ipv6_route_change_total,"prefix=""fd00:6:40::/64""",0
2026-07-28 17:34:00,ccf-aiops-北大,br-1,br,ipv6_route_change_total,"prefix=""fd00:7:40::/64""",6
2026-07-28 17:34:00,ccf-aiops-北大,br-1,br,ipv6_route_change_total,"prefix=""fd00:8:40::/64""",0
2026-07-28 17:34:00,ccf-aiops-北大,br-1,br,ipv6_route_count,"protocol=""all""",20
2026-07-28 17:34:00,ccf-aiops-北大,br-1,br,ipv6_route_count,"protocol=""bgp""",7
2026-07-28 17:34:00,ccf-aiops-北大,br-1,br,ipv6_route_count,"protocol=""kernel""",8
2026-07-28 17:34:00,ccf-aiops-北大,br-1,br,ipv6_route_count,"protocol=""ospf""",2
2026-07-28 17:34:00,ccf-aiops-北大,br-1,br,ipv6_route_count,"protocol=""unknown""",3
2026-07-28 17:34:00,ccf-aiops-北大,br-1,br,ipv6_route_exists,"prefix=""fd00:3:40::/64""",1
2026-07-28 17:34:00,ccf-aiops-北大,br-1,br,ipv6_route_exists,"prefix=""::/0""",1
2026-07-28 17:34:00,ccf-aiops-北大,br-1,br,ipv6_route_exists,"prefix=""fd00:1:40::/64""",1
2026-07-28 17:34:00,ccf-aiops-北大,br-1,br,ipv6_route_exists,"prefix=""fd00:5:40::/64""",1
2026-07-28 17:34:00,ccf-aiops-北大,br-1,br,ipv6_route_exists,"prefix=""fd00:6:40::/64""",1
2026-07-28 17:34:00,ccf-aiops-北大,br-1,br,ipv6_route_exists,"prefix=""fd00:7:40::/64""",1
2026-07-28 17:34:00,ccf-aiops-北大,br-1,br,ipv6_route_exists,"prefix=""fd00:8:40::/64""",1
2026-07-28 17:34:00,ccf-aiops-北大,br-1,br,ipv6_route_exists,"prefix=""fd00:2:40::/64""",1
2026-07-28 17:34:00,ccf-aiops-北大,br-1,br,ipv6_route_exists,"prefix=""fd00:4:40::/64""",1
2026-07-28 17:34:00,ccf-aiops-北大,br-1,br,ipv6_route_nexthop_info,"prefix=""::/0"",next_hop=""240a:a023::1"",dev=""ens4"",protocol=""unknown"",metric=""1024"",route_index=""0"",nh_index=""0""",1
2026-07-28 17:34:00,ccf-aiops-北大,br-1,br,ipv6_route_nexthop_info,"prefix=""fd00:1:40::/64"",next_hop=""fe80::12:4"",dev=""ens5"",protocol=""ospf"",metric=""20"",route_index=""0"",nh_index=""1""",1
2026-07-28 17:34:00,ccf-aiops-北大,br-1,br,ipv6_route_nexthop_info,"prefix=""fd00:2:40::/64"",next_hop=""fe80::100:10:11"",dev=""ens4"",protocol=""bgp"",metric=""20"",route_index=""0"",nh_index=""0""",1
2026-07-28 17:34:00,ccf-aiops-北大,br-1,br,ipv6_route_nexthop_info,"prefix=""fd00:3:40::/64"",next_hop=""fe80::100:10:21"",dev=""ens4"",protocol=""bgp"",metric=""20"",route_index=""0"",nh_index=""0""",1
2026-07-28 17:34:00,ccf-aiops-北大,br-1,br,ipv6_route_nexthop_info,"prefix=""fd00:4:40::/64"",next_hop=""fe80::100:10:41"",dev=""ens4"",protocol=""bgp"",metric=""20"",route_index=""0"",nh_index=""0""",1
2026-07-28 17:34:00,ccf-aiops-北大,br-1,br,ipv6_route_nexthop_info,"prefix=""fd00:1:40::/64"",next_hop=""fe80::11:4"",dev=""ens5"",protocol=""ospf"",metric=""20"",route_index=""0"",nh_index=""0""",1
2026-07-28 17:34:00,ccf-aiops-北大,br-1,br,ipv6_route_nexthop_info,"prefix=""fd00:5:40::/64"",next_hop=""fe80::100:10:41"",dev=""ens4"",protocol=""bgp"",metric=""20"",route_index=""0"",nh_index=""0""",1
2026-07-28 17:34:00,ccf-aiops-北大,br-1,br,ipv6_route_nexthop_info,"prefix=""fd00:8:40::/64"",next_hop=""fe80::100:10:41"",dev=""ens4"",protocol=""bgp"",metric=""20"",route_index=""0"",nh_index=""0""",1
2026-07-28 17:34:00,ccf-aiops-北大,br-1,br,ipv6_route_nexthop_info,"prefix=""fd00:6:40::/64"",next_hop=""fe80::100:10:51"",dev=""ens4"",protocol=""bgp"",metric=""20"",route_index=""0"",nh_index=""0""",1
2026-07-28 17:34:00,ccf-aiops-北大,br-1,br,ipv6_route_nexthop_info,"prefix=""fd00:7:40::/64"",next_hop=""fe80::100:10:51"",dev=""ens4"",protocol=""bgp"",metric=""20"",route_index=""0"",nh_index=""0""",1
2026-07-28 17:34:00,ccf-aiops-北大,br-1,br,ospf6_interface_cost,"interface=""ens5""",1
2026-07-28 17:34:00,ccf-aiops-北大,br-1,br,ospf6_interface_enabled,"interface=""ens5""",1
2026-07-28 17:34:00,ccf-aiops-北大,br-1,br,ospf6_interface_enabled,"interface=""virbr0""",0
2026-07-28 17:34:00,ccf-aiops-北大,br-1,br,ospf6_interface_enabled,"interface=""lo""",1
2026-07-28 17:34:00,ccf-aiops-北大,br-1,br,ospf6_interface_enabled,"interface=""ens9""",1
2026-07-28 17:34:00,ccf-aiops-北大,br-1,br,ospf6_interface_enabled,"interface=""ens8""",1
2026-07-28 17:34:00,ccf-aiops-北大,br-1,br,ospf6_interface_enabled,"interface=""ens7""",1
2026-07-28 17:34:00,ccf-aiops-北大,br-1,br,ospf6_interface_enabled,"interface=""ens6""",1
2026-07-28 17:34:00,ccf-aiops-北大,br-1,br,ospf6_interface_enabled,"interface=""ens10""",1
2026-07-28 17:34:00,ccf-aiops-北大,br-1,br,ospf6_interface_enabled,"interface=""ens11""",1
2026-07-28 17:34:00,ccf-aiops-北大,br-1,br,ospf6_interface_enabled,"interface=""ens12""",1
2026-07-28 17:34:00,ccf-aiops-北大,br-1,br,ospf6_interface_enabled,"interface=""ens3""",1
2026-07-28 17:34:00,ccf-aiops-北大,br-1,br,ospf6_interface_enabled,"interface=""ens4""",1
2026-07-28 17:34:00,ccf-aiops-北大,br-1,br,ospf6_neighbor_state_code,"state=""Full"",interface=""ens5"",neighbor_id=""1.1.1.12""",6
2026-07-28 17:34:00,ccf-aiops-北大,br-1,br,ospf6_neighbor_state_code,"state=""Full"",interface=""ens5"",neighbor_id=""1.1.1.11""",6
2026-07-28 17:34:00,ccf-aiops-北大,br-1,br,ospf6_neighbor_state_code,"state=""Twoway"",interface=""ens5"",neighbor_id=""1.1.1.2""",2
2026-07-28 17:34:00,ccf-aiops-北大,br-2,br,bgp_command_success,"command=""bgp_summary""",1
2026-07-28 17:34:00,ccf-aiops-北大,br-2,br,bgp_peer_count,,4
2026-07-28 17:34:00,ccf-aiops-北大,br-2,br,bgp_peer_prefix_received,"peer=""fd00:100:10::42"",remote_as=""65005"",state=""Established""",6
2026-07-28 17:34:00,ccf-aiops-北大,br-2,br,bgp_peer_prefix_received,"peer=""fd00:100:10::52"",remote_as=""65006"",state=""Established""",6
2026-07-28 17:34:00,ccf-aiops-北大,br-2,br,bgp_peer_prefix_received,"peer=""fd00:100:10::12"",remote_as=""65002"",state=""Established""",4
2026-07-28 17:34:00,ccf-aiops-北大,br-2,br,bgp_peer_prefix_received,"peer=""fd00:100:10::22"",remote_as=""65003"",state=""Established""",5
2026-07-28 17:34:00,ccf-aiops-北大,br-2,br,bgp_peer_prefix_sent,"peer=""fd00:100:10::52"",remote_as=""65006"",state=""Established""",8
2026-07-28 17:34:00,ccf-aiops-北大,br-2,br,bgp_peer_prefix_sent,"peer=""fd00:100:10::12"",remote_as=""65002"",state=""Established""",8
2026-07-28 17:34:00,ccf-aiops-北大,br-2,br,bgp_peer_prefix_sent,"peer=""fd00:100:10::42"",remote_as=""65005"",state=""Established""",8
2026-07-28 17:34:00,ccf-aiops-北大,br-2,br,bgp_peer_prefix_sent,"peer=""fd00:100:10::22"",remote_as=""65003"",state=""Established""",8
2026-07-28 17:34:00,ccf-aiops-北大,br-2,br,bgp_peer_up,"peer=""fd00:100:10::42"",remote_as=""65005"",state=""Established""",1
2026-07-28 17:34:00,ccf-aiops-北大,br-2,br,bgp_peer_up,"peer=""fd00:100:10::22"",remote_as=""65003"",state=""Established""",1
2026-07-28 17:34:00,ccf-aiops-北大,br-2,br,bgp_peer_up,"peer=""fd00:100:10::12"",remote_as=""65002"",state=""Established""",1
2026-07-28 17:34:00,ccf-aiops-北大,br-2,br,bgp_peer_up,"peer=""fd00:100:10::52"",remote_as=""65006"",state=""Established""",1
2026-07-28 17:34:00,ccf-aiops-北大,br-2,br,bgp_peer_uptime_seconds,"peer=""fd00:100:10::12"",remote_as=""65002"",state=""Established""",531106
2026-07-28 17:34:00,ccf-aiops-北大,br-2,br,bgp_peer_uptime_seconds,"peer=""fd00:100:10::22"",remote_as=""65003"",state=""Established""",1361071
2026-07-28 17:34:00,ccf-aiops-北大,br-2,br,bgp_peer_uptime_seconds,"peer=""fd00:100:10::52"",remote_as=""65006"",state=""Established""",2430721
2026-07-28 17:34:00,ccf-aiops-北大,br-2,br,bgp_peer_uptime_seconds,"peer=""fd00:100:10::42"",remote_as=""65005"",state=""Established""",2430814
2026-07-28 17:34:00,ccf-aiops-北大,br-2,br,ipv6_default_route_changed_total,,0
2026-07-28 17:34:00,ccf-aiops-北大,br-2,br,ipv6_default_route_info,"next_hop=""240a:a023::1"",dev=""ens4"",protocol=""unknown"",metric=""1024"",route_index=""0"",nh_index=""0""",1
2026-07-28 17:34:00,ccf-aiops-北大,br-2,br,ipv6_route_change_total,"prefix=""::/0""",0
2026-07-28 17:34:00,ccf-aiops-北大,br-2,br,ipv6_route_change_total,"prefix=""fd00:1:40::/64""",0
2026-07-28 17:34:00,ccf-aiops-北大,br-2,br,ipv6_route_change_total,"prefix=""fd00:2:40::/64""",0
2026-07-28 17:34:00,ccf-aiops-北大,br-2,br,ipv6_route_change_total,"prefix=""fd00:3:40::/64""",0
2026-07-28 17:34:00,ccf-aiops-北大,br-2,br,ipv6_route_change_total,"prefix=""fd00:4:40::/64""",0
2026-07-28 17:34:00,ccf-aiops-北大,br-2,br,ipv6_route_change_total,"prefix=""fd00:5:40::/64""",0
2026-07-28 17:34:00,ccf-aiops-北大,br-2,br,ipv6_route_change_total,"prefix=""fd00:6:40::/64""",0
2026-07-28 17:34:00,ccf-aiops-北大,br-2,br,ipv6_route_change_total,"prefix=""fd00:7:40::/64""",4
2026-07-28 17:34:00,ccf-aiops-北大,br-2,br,ipv6_route_change_total,"prefix=""fd00:8:40::/64""",0
2026-07-28 17:34:00,ccf-aiops-北大,br-2,br,ipv6_route_count,"protocol=""bgp""",7
2026-07-28 17:34:00,ccf-aiops-北大,br-2,br,ipv6_route_count,"protocol=""all""",19
2026-07-28 17:34:00,ccf-aiops-北大,br-2,br,ipv6_route_count,"protocol=""unknown""",3
2026-07-28 17:34:00,ccf-aiops-北大,br-2,br,ipv6_route_count,"protocol=""ospf""",2
2026-07-28 17:34:00,ccf-aiops-北大,br-2,br,ipv6_route_count,"protocol=""kernel""",7
2026-07-28 17:34:00,ccf-aiops-北大,br-2,br,ipv6_route_exists,"prefix=""fd00:7:40::/64""",1
2026-07-28 17:34:00,ccf-aiops-北大,br-2,br,ipv6_route_exists,"prefix=""fd00:8:40::/64""",1
2026-07-28 17:34:00,ccf-aiops-北大,br-2,br,ipv6_route_exists,"prefix=""fd00:6:40::/64""",1
2026-07-28 17:34:00,ccf-aiops-北大,br-2,br,ipv6_route_exists,"prefix=""fd00:5:40::/64""",1
2026-07-28 17:34:00,ccf-aiops-北大,br-2,br,ipv6_route_exists,"prefix=""fd00:4:40::/64""",1
2026-07-28 17:34:00,ccf-aiops-北大,br-2,br,ipv6_route_exists,"prefix=""fd00:3:40::/64""",1
2026-07-28 17:34:00,ccf-aiops-北大,br-2,br,ipv6_route_exists,"prefix=""fd00:2:40::/64""",1
2026-07-28 17:34:00,ccf-aiops-北大,br-2,br,ipv6_route_exists,"prefix=""::/0""",1
2026-07-28 17:34:00,ccf-aiops-北大,br-2,br,ipv6_route_exists,"prefix=""fd00:1:40::/64""",1
2026-07-28 17:34:00,ccf-aiops-北大,br-2,br,ipv6_route_nexthop_info,"prefix=""fd00:2:40::/64"",next_hop=""fe80::100:10:12"",dev=""ens4"",protocol=""bgp"",metric=""20"",route_index=""0"",nh_index=""0""",1
2026-07-28 17:34:00,ccf-aiops-北大,br-2,br,ipv6_route_nexthop_info,"prefix=""fd00:1:40::/64"",next_hop=""fe80::11:4"",dev=""ens5"",protocol=""ospf"",metric=""20"",route_index=""0"",nh_index=""0""",1
2026-07-28 17:34:00,ccf-aiops-北大,br-2,br,ipv6_route_nexthop_info,"prefix=""fd00:1:40::/64"",next_hop=""fe80::12:4"",dev=""ens5"",protocol=""ospf"",metric=""20"",route_index=""0"",nh_index=""1""",1
2026-07-28 17:34:00,ccf-aiops-北大,br-2,br,ipv6_route_nexthop_info,"prefix=""::/0"",next_hop=""240a:a023::1"",dev=""ens4"",protocol=""unknown"",metric=""1024"",route_index=""0"",nh_index=""0""",1
2026-07-28 17:34:00,ccf-aiops-北大,br-2,br,ipv6_route_nexthop_info,"prefix=""fd00:3:40::/64"",next_hop=""fe80::100:10:22"",dev=""ens4"",protocol=""bgp"",metric=""20"",route_index=""0"",nh_index=""0""",1
2026-07-28 17:34:00,ccf-aiops-北大,br-2,br,ipv6_route_nexthop_info,"prefix=""fd00:4:40::/64"",next_hop=""fe80::100:10:42"",dev=""ens4"",protocol=""bgp"",metric=""20"",route_index=""0"",nh_index=""0""",1
2026-07-28 17:34:00,ccf-aiops-北大,br-2,br,ipv6_route_nexthop_info,"prefix=""fd00:5:40::/64"",next_hop=""fe80::100:10:42"",dev=""ens4"",protocol=""bgp"",metric=""20"",route_index=""0"",nh_index=""0""",1
2026-07-28 17:34:00,ccf-aiops-北大,br-2,br,ipv6_route_nexthop_info,"prefix=""fd00:7:40::/64"",next_hop=""fe80::100:10:42"",dev=""ens4"",protocol=""bgp"",metric=""20"",route_index=""0"",nh_index=""0""",1
2026-07-28 17:34:00,ccf-aiops-北大,br-2,br,ipv6_route_nexthop_info,"prefix=""fd00:8:40::/64"",next_hop=""fe80::100:10:42"",dev=""ens4"",protocol=""bgp"",metric=""20"",route_index=""0"",nh_index=""0""",1
2026-07-28 17:34:00,ccf-aiops-北大,br-2,br,ipv6_route_nexthop_info,"prefix=""fd00:6:40::/64"",next_hop=""fe80::100:10:52"",dev=""ens4"",protocol=""bgp"",metric=""20"",route_index=""0"",nh_index=""0""",1
2026-07-28 17:34:00,ccf-aiops-北大,br-2,br,ospf6_interface_cost,"interface=""ens5""",1
2026-07-28 17:34:00,ccf-aiops-北大,br-2,br,ospf6_interface_enabled,"interface=""virbr0""",0
2026-07-28 17:34:00,ccf-aiops-北大,br-2,br,ospf6_interface_enabled,"interface=""ens8""",1
2026-07-28 17:34:00,ccf-aiops-北大,br-2,br,ospf6_interface_enabled,"interface=""ens9""",1
2026-07-28 17:34:00,ccf-aiops-北大,br-2,br,ospf6_interface_enabled,"interface=""ens5""",1
2026-07-28 17:34:00,ccf-aiops-北大,br-2,br,ospf6_interface_enabled,"interface=""lo""",1
2026-07-28 17:34:00,ccf-aiops-北大,br-2,br,ospf6_interface_enabled,"interface=""ens10""",1
2026-07-28 17:34:00,ccf-aiops-北大,br-2,br,ospf6_interface_enabled,"interface=""ens6""",1
2026-07-28 17:34:00,ccf-aiops-北大,br-2,br,ospf6_interface_enabled,"interface=""ens4""",1
2026-07-28 17:34:00,ccf-aiops-北大,br-2,br,ospf6_interface_enabled,"interface=""ens11""",1
2026-07-28 17:34:00,ccf-aiops-北大,br-2,br,ospf6_interface_enabled,"interface=""ens7""",1
2026-07-28 17:34:00,ccf-aiops-北大,br-2,br,ospf6_interface_enabled,"interface=""ens3""",1
2026-07-28 17:34:00,ccf-aiops-北大,br-2,br,ospf6_interface_enabled,"interface=""ens12""",1
2026-07-28 17:34:00,ccf-aiops-北大,br-2,br,ospf6_neighbor_state_code,"state=""Twoway"",interface=""ens5"",neighbor_id=""1.1.1.1""",2
2026-07-28 17:34:00,ccf-aiops-北大,br-2,br,ospf6_neighbor_state_code,"state=""Full"",interface=""ens5"",neighbor_id=""1.1.1.12""",6
2026-07-28 17:34:00,ccf-aiops-北大,br-2,br,ospf6_neighbor_state_code,"state=""Full"",interface=""ens5"",neighbor_id=""1.1.1.11""",6
2026-07-28 17:34:00,ccf-aiops-北大,cr-1,cr,ipv6_default_route_changed_total,,0
2026-07-28 17:34:00,ccf-aiops-北大,cr-1,cr,ipv6_default_route_info,"next_hop=""fd00:1:20::1"",dev=""ens4"",protocol=""196"",metric=""20"",route_index=""0"",nh_index=""0""",1
2026-07-28 17:34:00,ccf-aiops-北大,cr-1,cr,ipv6_default_route_info,"next_hop=""fd00:1:20::2"",dev=""ens4"",protocol=""196"",metric=""20"",route_index=""0"",nh_index=""1""",1
2026-07-28 17:34:00,ccf-aiops-北大,cr-1,cr,ipv6_route_change_total,"prefix=""fd00:3:40::/64""",0
2026-07-28 17:34:00,ccf-aiops-北大,cr-1,cr,ipv6_route_change_total,"prefix=""fd00:2:40::/64""",0
2026-07-28 17:34:00,ccf-aiops-北大,cr-1,cr,ipv6_route_change_total,"prefix=""::/0""",0
2026-07-28 17:34:00,ccf-aiops-北大,cr-1,cr,ipv6_route_change_total,"prefix=""fd00:1:40::/64""",0
2026-07-28 17:34:00,ccf-aiops-北大,cr-1,cr,ipv6_route_change_total,"prefix=""fd00:8:40::/64""",0
2026-07-28 17:34:00,ccf-aiops-北大,cr-1,cr,ipv6_route_change_total,"prefix=""fd00:7:40::/64""",0
2026-07-28 17:34:00,ccf-aiops-北大,cr-1,cr,ipv6_route_change_total,"prefix=""fd00:6:40::/64""",0
2026-07-28 17:34:00,ccf-aiops-北大,cr-1,cr,ipv6_route_change_total,"prefix=""fd00:5:40::/64""",0
2026-07-28 17:34:00,ccf-aiops-北大,cr-1,cr,ipv6_route_change_total,"prefix=""fd00:4:40::/64""",0
2026-07-28 17:34:00,ccf-aiops-北大,cr-1,cr,ipv6_route_count,"protocol=""196""",2
2026-07-28 17:34:00,ccf-aiops-北大,cr-1,cr,ipv6_route_count,"protocol=""all""",15
2026-07-28 17:34:00,ccf-aiops-北大,cr-1,cr,ipv6_route_count,"protocol=""kernel""",6
2026-07-28 17:34:00,ccf-aiops-北大,cr-1,cr,ipv6_route_count,"protocol=""ospf""",7
2026-07-28 17:34:00,ccf-aiops-北大,cr-1,cr,ipv6_route_exists,"prefix=""fd00:3:40::/64""",1
2026-07-28 17:34:00,ccf-aiops-北大,cr-1,cr,ipv6_route_exists,"prefix=""fd00:2:40::/64""",1
2026-07-28 17:34:00,ccf-aiops-北大,cr-1,cr,ipv6_route_exists,"prefix=""fd00:5:40::/64""",1
2026-07-28 17:34:00,ccf-aiops-北大,cr-1,cr,ipv6_route_exists,"prefix=""fd00:6:40::/64""",1
2026-07-28 17:34:00,ccf-aiops-北大,cr-1,cr,ipv6_route_exists,"prefix=""fd00:7:40::/64""",1
2026-07-28 17:34:00,ccf-aiops-北大,cr-1,cr,ipv6_route_exists,"prefix=""fd00:8:40::/64""",1
2026-07-28 17:34:00,ccf-aiops-北大,cr-1,cr,ipv6_route_exists,"prefix=""fd00:4:40::/64""",1
2026-07-28 17:34:00,ccf-aiops-北大,cr-1,cr,ipv6_route_exists,"prefix=""::/0""",1
2026-07-28 17:34:00,ccf-aiops-北大,cr-1,cr,ipv6_route_exists,"prefix=""fd00:1:40::/64""",1
2026-07-28 17:34:00,ccf-aiops-北大,cr-1,cr,ipv6_route_nexthop_info,"prefix=""fd00:7:40::/64"",next_hop=""fe80::2:5"",dev=""ens4"",protocol=""ospf"",metric=""20"",route_index=""0"",nh_index=""1""",1
2026-07-28 17:34:00,ccf-aiops-北大,cr-1,cr,ipv6_route_nexthop_info,"prefix=""fd00:8:40::/64"",next_hop=""fe80::2:5"",dev=""ens4"",protocol=""ospf"",metric=""20"",route_index=""0"",nh_index=""1""",1
2026-07-28 17:34:00,ccf-aiops-北大,cr-1,cr,ipv6_route_nexthop_info,"prefix=""fd00:1:40::/64"",next_hop=""fd00:1:30::254"",dev=""ens5"",protocol=""196"",metric=""20"",route_index=""0"",nh_index=""0""",1
2026-07-28 17:34:00,ccf-aiops-北大,cr-1,cr,ipv6_route_nexthop_info,"prefix=""fd00:5:40::/64"",next_hop=""fe80::2:5"",dev=""ens4"",protocol=""ospf"",metric=""20"",route_index=""0"",nh_index=""1""",1
2026-07-28 17:34:00,ccf-aiops-北大,cr-1,cr,ipv6_route_nexthop_info,"prefix=""::/0"",next_hop=""fd00:1:20::1"",dev=""ens4"",protocol=""196"",metric=""20"",route_index=""0"",nh_index=""0""",1
2026-07-28 17:34:00,ccf-aiops-北大,cr-1,cr,ipv6_route_nexthop_info,"prefix=""::/0"",next_hop=""fd00:1:20::2"",dev=""ens4"",protocol=""196"",metric=""20"",route_index=""0"",nh_index=""1""",1
2026-07-28 17:34:00,ccf-aiops-北大,cr-1,cr,ipv6_route_nexthop_info,"prefix=""fd00:2:40::/64"",next_hop=""fe80::1:5"",dev=""ens4"",protocol=""ospf"",metric=""20"",route_index=""0"",nh_index=""0""",1
2026-07-28 17:34:00,ccf-aiops-北大,cr-1,cr,ipv6_route_nexthop_info,"prefix=""fd00:3:40::/64"",next_hop=""fe80::1:5"",dev=""ens4"",protocol=""ospf"",metric=""20"",route_index=""0"",nh_index=""0""",1
2026-07-28 17:34:00,ccf-aiops-北大,cr-1,cr,ipv6_route_nexthop_info,"prefix=""fd00:4:40::/64"",next_hop=""fe80::1:5"",dev=""ens4"",protocol=""ospf"",metric=""20"",route_index=""0"",nh_index=""0""",1
2026-07-28 17:34:00,ccf-aiops-北大,cr-1,cr,ipv6_route_nexthop_info,"prefix=""fd00:5:40::/64"",next_hop=""fe80::1:5"",dev=""ens4"",protocol=""ospf"",metric=""20"",route_index=""0"",nh_index=""0""",1
2026-07-28 17:34:00,ccf-aiops-北大,cr-1,cr,ipv6_route_nexthop_info,"prefix=""fd00:6:40::/64"",next_hop=""fe80::1:5"",dev=""ens4"",protocol=""ospf"",metric=""20"",route_index=""0"",nh_index=""0""",1
2026-07-28 17:34:00,ccf-aiops-北大,cr-1,cr,ipv6_route_nexthop_info,"prefix=""fd00:7:40::/64"",next_hop=""fe80::1:5"",dev=""ens4"",protocol=""ospf"",metric=""20"",route_index=""0"",nh_index=""0""",1
2026-07-28 17:34:00,ccf-aiops-北大,cr-1,cr,ipv6_route_nexthop_info,"prefix=""fd00:8:40::/64"",next_hop=""fe80::1:5"",dev=""ens4"",protocol=""ospf"",metric=""20"",route_index=""0"",nh_index=""0""",1
2026-07-28 17:34:00,ccf-aiops-北大,cr-1,cr,ipv6_route_nexthop_info,"prefix=""fd00:2:40::/64"",next_hop=""fe80::2:5"",dev=""ens4"",protocol=""ospf"",metric=""20"",route_index=""0"",nh_index=""1""",1
2026-07-28 17:34:00,ccf-aiops-北大,cr-1,cr,ipv6_route_nexthop_info,"prefix=""fd00:3:40::/64"",next_hop=""fe80::2:5"",dev=""ens4"",protocol=""ospf"",metric=""20"",route_index=""0"",nh_index=""1""",1
2026-07-28 17:34:00,ccf-aiops-北大,cr-1,cr,ipv6_route_nexthop_info,"prefix=""fd00:4:40::/64"",next_hop=""fe80::2:5"",dev=""ens4"",protocol=""ospf"",metric=""20"",route_index=""0"",nh_index=""1""",1
2026-07-28 17:34:00,ccf-aiops-北大,cr-1,cr,ipv6_route_nexthop_info,"prefix=""fd00:6:40::/64"",next_hop=""fe80::2:5"",dev=""ens4"",protocol=""ospf"",metric=""20"",route_index=""0"",nh_index=""1""",1
2026-07-28 17:34:00,ccf-aiops-北大,cr-1,cr,ospf6_interface_cost,"interface=""ens5""",1
2026-07-28 17:34:00,ccf-aiops-北大,cr-1,cr,ospf6_interface_cost,"interface=""ens4""",1
2026-07-28 17:34:00,ccf-aiops-北大,cr-1,cr,ospf6_interface_enabled,"interface=""ens12""",1
2026-07-28 17:34:00,ccf-aiops-北大,cr-1,cr,ospf6_interface_enabled,"interface=""ens10""",1
2026-07-28 17:34:00,ccf-aiops-北大,cr-1,cr,ospf6_interface_enabled,"interface=""ens11""",1
2026-07-28 17:34:00,ccf-aiops-北大,cr-1,cr,ospf6_interface_enabled,"interface=""ens3""",1
2026-07-28 17:34:00,ccf-aiops-北大,cr-1,cr,ospf6_interface_enabled,"interface=""ens4""",1
2026-07-28 17:34:00,ccf-aiops-北大,cr-1,cr,ospf6_interface_enabled,"interface=""ens5""",1
2026-07-28 17:34:00,ccf-aiops-北大,cr-1,cr,ospf6_interface_enabled,"interface=""ens6""",1
2026-07-28 17:34:00,ccf-aiops-北大,cr-1,cr,ospf6_interface_enabled,"interface=""ens7""",1
2026-07-28 17:34:00,ccf-aiops-北大,cr-1,cr,ospf6_interface_enabled,"interface=""ens8""",1
2026-07-28 17:34:00,ccf-aiops-北大,cr-1,cr,ospf6_interface_enabled,"interface=""ens9""",1
2026-07-28 17:34:00,ccf-aiops-北大,cr-1,cr,ospf6_interface_enabled,"interface=""lo""",1
2026-07-28 17:34:00,ccf-aiops-北大,cr-1,cr,ospf6_interface_enabled,"interface=""virbr0""",0
2026-07-28 17:34:00,ccf-aiops-北大,cr-1,cr,ospf6_neighbor_state_code,"state=""Full"",interface=""ens5"",neighbor_id=""1.1.1.12""",6
2026-07-28 17:34:00,ccf-aiops-北大,cr-1,cr,ospf6_neighbor_state_code,"state=""Full"",interface=""ens4"",neighbor_id=""1.1.1.2""",6
2026-07-28 17:34:00,ccf-aiops-北大,cr-1,cr,ospf6_neighbor_state_code,"state=""Full"",interface=""ens4"",neighbor_id=""1.1.1.1""",6
2026-07-28 17:34:00,ccf-aiops-北大,cr-1,cr,ospf6_neighbor_state_code,"state=""Full"",interface=""ens4"",neighbor_id=""1.1.1.12""",6
2026-07-28 17:34:00,ccf-aiops-北大,cr-1,cr,bgp_command_success,,
2026-07-28 17:34:00,ccf-aiops-北大,cr-1,cr,bgp_peer_up,,
2026-07-28 17:34:00,ccf-aiops-北大,cr-1,cr,bgp_peer_uptime_seconds,,
2026-07-28 17:34:00,ccf-aiops-北大,cr-1,cr,bgp_peer_prefix_received,,
2026-07-28 17:34:00,ccf-aiops-北大,cr-1,cr,bgp_peer_prefix_sent,,
2026-07-28 17:34:00,ccf-aiops-北大,cr-1,cr,bgp_peer_count,,
2026-07-28 17:34:00,ccf-aiops-北大,cr-2,cr,ipv6_default_route_changed_total,,0
2026-07-28 17:34:00,ccf-aiops-北大,cr-2,cr,ipv6_default_route_info,"next_hop=""fd00:1:20::2"",dev=""ens4"",protocol=""196"",metric=""20"",route_index=""0"",nh_index=""1""",1
2026-07-28 17:34:00,ccf-aiops-北大,cr-2,cr,ipv6_default_route_info,"next_hop=""fd00:1:20::1"",dev=""ens4"",protocol=""196"",metric=""20"",route_index=""0"",nh_index=""0""",1
2026-07-28 17:34:00,ccf-aiops-北大,cr-2,cr,ipv6_route_change_total,"prefix=""fd00:3:40::/64""",0
2026-07-28 17:34:00,ccf-aiops-北大,cr-2,cr,ipv6_route_change_total,"prefix=""fd00:8:40::/64""",0
2026-07-28 17:34:00,ccf-aiops-北大,cr-2,cr,ipv6_route_change_total,"prefix=""fd00:7:40::/64""",0
2026-07-28 17:34:00,ccf-aiops-北大,cr-2,cr,ipv6_route_change_total,"prefix=""fd00:6:40::/64""",0
2026-07-28 17:34:00,ccf-aiops-北大,cr-2,cr,ipv6_route_change_total,"prefix=""fd00:5:40::/64""",0
2026-07-28 17:34:00,ccf-aiops-北大,cr-2,cr,ipv6_route_change_total,"prefix=""fd00:4:40::/64""",0
2026-07-28 17:34:00,ccf-aiops-北大,cr-2,cr,ipv6_route_change_total,"prefix=""fd00:2:40::/64""",0
2026-07-28 17:34:00,ccf-aiops-北大,cr-2,cr,ipv6_route_change_total,"prefix=""fd00:1:40::/64""",0
2026-07-28 17:34:00,ccf-aiops-北大,cr-2,cr,ipv6_route_change_total,"prefix=""::/0""",0
2026-07-28 17:34:00,ccf-aiops-北大,cr-2,cr,ipv6_route_count,"protocol=""all""",15
2026-07-28 17:34:00,ccf-aiops-北大,cr-2,cr,ipv6_route_count,"protocol=""ospf""",7
2026-07-28 17:34:00,ccf-aiops-北大,cr-2,cr,ipv6_route_count,"protocol=""kernel""",6
2026-07-28 17:34:00,ccf-aiops-北大,cr-2,cr,ipv6_route_count,"protocol=""196""",2
2026-07-28 17:34:00,ccf-aiops-北大,cr-2,cr,ipv6_route_exists,"prefix=""fd00:7:40::/64""",1
2026-07-28 17:34:00,ccf-aiops-北大,cr-2,cr,ipv6_route_exists,"prefix=""::/0""",1
2026-07-28 17:34:00,ccf-aiops-北大,cr-2,cr,ipv6_route_exists,"prefix=""fd00:1:40::/64""",1
2026-07-28 17:34:00,ccf-aiops-北大,cr-2,cr,ipv6_route_exists,"prefix=""fd00:2:40::/64""",1
2026-07-28 17:34:00,ccf-aiops-北大,cr-2,cr,ipv6_route_exists,"prefix=""fd00:3:40::/64""",1
2026-07-28 17:34:00,ccf-aiops-北大,cr-2,cr,ipv6_route_exists,"prefix=""fd00:4:40::/64""",1
2026-07-28 17:34:00,ccf-aiops-北大,cr-2,cr,ipv6_route_exists,"prefix=""fd00:5:40::/64""",1
2026-07-28 17:34:00,ccf-aiops-北大,cr-2,cr,ipv6_route_exists,"prefix=""fd00:6:40::/64""",1
2026-07-28 17:34:00,ccf-aiops-北大,cr-2,cr,ipv6_route_exists,"prefix=""fd00:8:40::/64""",1
2026-07-28 17:34:00,ccf-aiops-北大,cr-2,cr,ipv6_route_nexthop_info,"prefix=""fd00:8:40::/64"",next_hop=""fe80::1:5"",dev=""ens4"",protocol=""ospf"",metric=""20"",route_index=""0"",nh_index=""0""",1
2026-07-28 17:34:00,ccf-aiops-北大,cr-2,cr,ipv6_route_nexthop_info,"prefix=""fd00:1:40::/64"",next_hop=""fd00:1:30::254"",dev=""ens5"",protocol=""196"",metric=""20"",route_index=""0"",nh_index=""0""",1
2026-07-28 17:34:00,ccf-aiops-北大,cr-2,cr,ipv6_route_nexthop_info,"prefix=""fd00:8:40::/64"",next_hop=""fe80::2:5"",dev=""ens4"",protocol=""ospf"",metric=""20"",route_index=""0"",nh_index=""1""",1
2026-07-28 17:34:00,ccf-aiops-北大,cr-2,cr,ipv6_route_nexthop_info,"prefix=""fd00:7:40::/64"",next_hop=""fe80::2:5"",dev=""ens4"",protocol=""ospf"",metric=""20"",route_index=""0"",nh_index=""1""",1
2026-07-28 17:34:00,ccf-aiops-北大,cr-2,cr,ipv6_route_nexthop_info,"prefix=""fd00:6:40::/64"",next_hop=""fe80::2:5"",dev=""ens4"",protocol=""ospf"",metric=""20"",route_index=""0"",nh_index=""1""",1
2026-07-28 17:34:00,ccf-aiops-北大,cr-2,cr,ipv6_route_nexthop_info,"prefix=""fd00:5:40::/64"",next_hop=""fe80::2:5"",dev=""ens4"",protocol=""ospf"",metric=""20"",route_index=""0"",nh_index=""1""",1
2026-07-28 17:34:00,ccf-aiops-北大,cr-2,cr,ipv6_route_nexthop_info,"prefix=""fd00:4:40::/64"",next_hop=""fe80::2:5"",dev=""ens4"",protocol=""ospf"",metric=""20"",route_index=""0"",nh_index=""1""",1
2026-07-28 17:34:00,ccf-aiops-北大,cr-2,cr,ipv6_route_nexthop_info,"prefix=""fd00:3:40::/64"",next_hop=""fe80::2:5"",dev=""ens4"",protocol=""ospf"",metric=""20"",route_index=""0"",nh_index=""1""",1
2026-07-28 17:34:00,ccf-aiops-北大,cr-2,cr,ipv6_route_nexthop_info,"prefix=""fd00:2:40::/64"",next_hop=""fe80::2:5"",dev=""ens4"",protocol=""ospf"",metric=""20"",route_index=""0"",nh_index=""1""",1
2026-07-28 17:34:00,ccf-aiops-北大,cr-2,cr,ipv6_route_nexthop_info,"prefix=""fd00:7:40::/64"",next_hop=""fe80::1:5"",dev=""ens4"",protocol=""ospf"",metric=""20"",route_index=""0"",nh_index=""0""",1
2026-07-28 17:34:00,ccf-aiops-北大,cr-2,cr,ipv6_route_nexthop_info,"prefix=""fd00:6:40::/64"",next_hop=""fe80::1:5"",dev=""ens4"",protocol=""ospf"",metric=""20"",route_index=""0"",nh_index=""0""",1
2026-07-28 17:34:00,ccf-aiops-北大,cr-2,cr,ipv6_route_nexthop_info,"prefix=""fd00:5:40::/64"",next_hop=""fe80::1:5"",dev=""ens4"",protocol=""ospf"",metric=""20"",route_index=""0"",nh_index=""0""",1
2026-07-28 17:34:00,ccf-aiops-北大,cr-2,cr,ipv6_route_nexthop_info,"prefix=""fd00:4:40::/64"",next_hop=""fe80::1:5"",dev=""ens4"",protocol=""ospf"",metric=""20"",route_index=""0"",nh_index=""0""",1
2026-07-28 17:34:00,ccf-aiops-北大,cr-2,cr,ipv6_route_nexthop_info,"prefix=""fd00:3:40::/64"",next_hop=""fe80::1:5"",dev=""ens4"",protocol=""ospf"",metric=""20"",route_index=""0"",nh_index=""0""",1
2026-07-28 17:34:00,ccf-aiops-北大,cr-2,cr,ipv6_route_nexthop_info,"prefix=""fd00:2:40::/64"",next_hop=""fe80::1:5"",dev=""ens4"",protocol=""ospf"",metric=""20"",route_index=""0"",nh_index=""0""",1
2026-07-28 17:34:00,ccf-aiops-北大,cr-2,cr,ipv6_route_nexthop_info,"prefix=""::/0"",next_hop=""fd00:1:20::2"",dev=""ens4"",protocol=""196"",metric=""20"",route_index=""0"",nh_index=""1""",1
2026-07-28 17:34:00,ccf-aiops-北大,cr-2,cr,ipv6_route_nexthop_info,"prefix=""::/0"",next_hop=""fd00:1:20::1"",dev=""ens4"",protocol=""196"",metric=""20"",route_index=""0"",nh_index=""0""",1
2026-07-28 17:34:00,ccf-aiops-北大,cr-2,cr,ospf6_interface_cost,"interface=""ens5""",1
2026-07-28 17:34:00,ccf-aiops-北大,cr-2,cr,ospf6_interface_cost,"interface=""ens4""",1
2026-07-28 17:34:00,ccf-aiops-北大,cr-2,cr,ospf6_interface_enabled,"interface=""ens5""",1
2026-07-28 17:34:00,ccf-aiops-北大,cr-2,cr,ospf6_interface_enabled,"interface=""lo""",1
2026-07-28 17:34:00,ccf-aiops-北大,cr-2,cr,ospf6_interface_enabled,"interface=""ens9""",1
2026-07-28 17:34:00,ccf-aiops-北大,cr-2,cr,ospf6_interface_enabled,"interface=""ens8""",1
2026-07-28 17:34:00,ccf-aiops-北大,cr-2,cr,ospf6_interface_enabled,"interface=""ens7""",1
2026-07-28 17:34:00,ccf-aiops-北大,cr-2,cr,ospf6_interface_enabled,"interface=""ens6""",1
2026-07-28 17:34:00,ccf-aiops-北大,cr-2,cr,ospf6_interface_enabled,"interface=""ens4""",1
2026-07-28 17:34:00,ccf-aiops-北大,cr-2,cr,ospf6_interface_enabled,"interface=""ens3""",1
2026-07-28 17:34:00,ccf-aiops-北大,cr-2,cr,ospf6_interface_enabled,"interface=""ens12""",1
2026-07-28 17:34:00,ccf-aiops-北大,cr-2,cr,ospf6_interface_enabled,"interface=""ens11""",1
2026-07-28 17:34:00,ccf-aiops-北大,cr-2,cr,ospf6_interface_enabled,"interface=""ens10""",1
2026-07-28 17:34:00,ccf-aiops-北大,cr-2,cr,ospf6_interface_enabled,"interface=""virbr0""",0
2026-07-28 17:34:00,ccf-aiops-北大,cr-2,cr,ospf6_neighbor_state_code,"state=""Full"",interface=""ens5"",neighbor_id=""1.1.1.11""",6
2026-07-28 17:34:00,ccf-aiops-北大,cr-2,cr,ospf6_neighbor_state_code,"state=""Full"",interface=""ens4"",neighbor_id=""1.1.1.2""",6
2026-07-28 17:34:00,ccf-aiops-北大,cr-2,cr,ospf6_neighbor_state_code,"state=""Full"",interface=""ens4"",neighbor_id=""1.1.1.11""",6
2026-07-28 17:34:00,ccf-aiops-北大,cr-2,cr,ospf6_neighbor_state_code,"state=""Full"",interface=""ens4"",neighbor_id=""1.1.1.1""",6
2026-07-28 17:34:00,ccf-aiops-北大,cr-2,cr,bgp_command_success,,
2026-07-28 17:34:00,ccf-aiops-北大,cr-2,cr,bgp_peer_up,,
2026-07-28 17:34:00,ccf-aiops-北大,cr-2,cr,bgp_peer_uptime_seconds,,
2026-07-28 17:34:00,ccf-aiops-北大,cr-2,cr,bgp_peer_prefix_received,,
2026-07-28 17:34:00,ccf-aiops-北大,cr-2,cr,bgp_peer_prefix_sent,,
2026-07-28 17:34:00,ccf-aiops-北大,cr-2,cr,bgp_peer_count,,
2026-07-28 17:35:00,ccf-aiops-北大,br-1,br,bgp_command_success,"command=""bgp_summary""",1
2026-07-28 17:35:00,ccf-aiops-北大,br-1,br,bgp_peer_count,,4
2026-07-28 17:35:00,ccf-aiops-北大,br-1,br,bgp_peer_prefix_received,"peer=""fd00:100:10::11"",remote_as=""65002"",state=""Established""",4
2026-07-28 17:35:00,ccf-aiops-北大,br-1,br,bgp_peer_prefix_received,"peer=""fd00:100:10::21"",remote_as=""65003"",state=""Established""",6
2026-07-28 17:35:00,ccf-aiops-北大,br-1,br,bgp_peer_prefix_received,"peer=""fd00:100:10::41"",remote_as=""65005"",state=""Established""",6
2026-07-28 17:35:00,ccf-aiops-北大,br-1,br,bgp_peer_prefix_received,"peer=""fd00:100:10::51"",remote_as=""65006"",state=""Established""",7
2026-07-28 17:35:00,ccf-aiops-北大,br-1,br,bgp_peer_prefix_sent,"peer=""fd00:100:10::11"",remote_as=""65002"",state=""Established""",8
2026-07-28 17:35:00,ccf-aiops-北大,br-1,br,bgp_peer_prefix_sent,"peer=""fd00:100:10::21"",remote_as=""65003"",state=""Established""",8
2026-07-28 17:35:00,ccf-aiops-北大,br-1,br,bgp_peer_prefix_sent,"peer=""fd00:100:10::51"",remote_as=""65006"",state=""Established""",8
2026-07-28 17:35:00,ccf-aiops-北大,br-1,br,bgp_peer_prefix_sent,"peer=""fd00:100:10::41"",remote_as=""65005"",state=""Established""",8
2026-07-28 17:35:00,ccf-aiops-北大,br-1,br,bgp_peer_up,"peer=""fd00:100:10::11"",remote_as=""65002"",state=""Established""",1
2026-07-28 17:35:00,ccf-aiops-北大,br-1,br,bgp_peer_up,"peer=""fd00:100:10::21"",remote_as=""65003"",state=""Established""",1
2026-07-28 17:35:00,ccf-aiops-北大,br-1,br,bgp_peer_up,"peer=""fd00:100:10::41"",remote_as=""65005"",state=""Established""",1
2026-07-28 17:35:00,ccf-aiops-北大,br-1,br,bgp_peer_up,"peer=""fd00:100:10::51"",remote_as=""65006"",state=""Established""",1
2026-07-28 17:35:00,ccf-aiops-北大,br-1,br,bgp_peer_uptime_seconds,"peer=""fd00:100:10::51"",remote_as=""65006"",state=""Established""",2430761
2026-07-28 17:35:00,ccf-aiops-北大,br-1,br,bgp_peer_uptime_seconds,"peer=""fd00:100:10::41"",remote_as=""65005"",state=""Established""",2430849
2026-07-28 17:35:00,ccf-aiops-北大,br-1,br,bgp_peer_uptime_seconds,"peer=""fd00:100:10::21"",remote_as=""65003"",state=""Established""",667792
2026-07-28 17:35:00,ccf-aiops-北大,br-1,br,bgp_peer_uptime_seconds,"peer=""fd00:100:10::11"",remote_as=""65002"",state=""Established""",531194
2026-07-28 17:35:00,ccf-aiops-北大,br-1,br,ipv6_default_route_changed_total,,0
2026-07-28 17:35:00,ccf-aiops-北大,br-1,br,ipv6_default_route_info,"next_hop=""240a:a023::1"",dev=""ens4"",protocol=""unknown"",metric=""1024"",route_index=""0"",nh_index=""0""",1
2026-07-28 17:35:00,ccf-aiops-北大,br-1,br,ipv6_route_change_total,"prefix=""fd00:7:40::/64""",6
2026-07-28 17:35:00,ccf-aiops-北大,br-1,br,ipv6_route_change_total,"prefix=""fd00:6:40::/64""",0
2026-07-28 17:35:00,ccf-aiops-北大,br-1,br,ipv6_route_change_total,"prefix=""fd00:8:40::/64""",0
2026-07-28 17:35:00,ccf-aiops-北大,br-1,br,ipv6_route_change_total,"prefix=""fd00:5:40::/64""",0
2026-07-28 17:35:00,ccf-aiops-北大,br-1,br,ipv6_route_change_total,"prefix=""fd00:4:40::/64""",0
2026-07-28 17:35:00,ccf-aiops-北大,br-1,br,ipv6_route_change_total,"prefix=""fd00:3:40::/64""",0
2026-07-28 17:35:00,ccf-aiops-北大,br-1,br,ipv6_route_change_total,"prefix=""fd00:2:40::/64""",0
2026-07-28 17:35:00,ccf-aiops-北大,br-1,br,ipv6_route_change_total,"prefix=""fd00:1:40::/64""",0
2026-07-28 17:35:00,ccf-aiops-北大,br-1,br,ipv6_route_change_total,"prefix=""::/0""",0
2026-07-28 17:35:00,ccf-aiops-北大,br-1,br,ipv6_route_count,"protocol=""unknown""",3
2026-07-28 17:35:00,ccf-aiops-北大,br-1,br,ipv6_route_count,"protocol=""ospf""",2
2026-07-28 17:35:00,ccf-aiops-北大,br-1,br,ipv6_route_count,"protocol=""kernel""",8
2026-07-28 17:35:00,ccf-aiops-北大,br-1,br,ipv6_route_count,"protocol=""bgp""",7
2026-07-28 17:35:00,ccf-aiops-北大,br-1,br,ipv6_route_count,"protocol=""all""",20
2026-07-28 17:35:00,ccf-aiops-北大,br-1,br,ipv6_route_exists,"prefix=""fd00:2:40::/64""",1
2026-07-28 17:35:00,ccf-aiops-北大,br-1,br,ipv6_route_exists,"prefix=""fd00:3:40::/64""",1
2026-07-28 17:35:00,ccf-aiops-北大,br-1,br,ipv6_route_exists,"prefix=""fd00:4:40::/64""",1
2026-07-28 17:35:00,ccf-aiops-北大,br-1,br,ipv6_route_exists,"prefix=""fd00:5:40::/64""",1
2026-07-28 17:35:00,ccf-aiops-北大,br-1,br,ipv6_route_exists,"prefix=""fd00:6:40::/64""",1
2026-07-28 17:35:00,ccf-aiops-北大,br-1,br,ipv6_route_exists,"prefix=""fd00:7:40::/64""",1
2026-07-28 17:35:00,ccf-aiops-北大,br-1,br,ipv6_route_exists,"prefix=""fd00:8:40::/64""",1
2026-07-28 17:35:00,ccf-aiops-北大,br-1,br,ipv6_route_exists,"prefix=""fd00:1:40::/64""",1
2026-07-28 17:35:00,ccf-aiops-北大,br-1,br,ipv6_route_exists,"prefix=""::/0""",1
2026-07-28 17:35:00,ccf-aiops-北大,br-1,br,ipv6_route_nexthop_info,"prefix=""fd00:2:40::/64"",next_hop=""fe80::100:10:11"",dev=""ens4"",protocol=""bgp"",metric=""20"",route_index=""0"",nh_index=""0""",1
2026-07-28 17:35:00,ccf-aiops-北大,br-1,br,ipv6_route_nexthop_info,"prefix=""fd00:4:40::/64"",next_hop=""fe80::100:10:41"",dev=""ens4"",protocol=""bgp"",metric=""20"",route_index=""0"",nh_index=""0""",1
2026-07-28 17:35:00,ccf-aiops-北大,br-1,br,ipv6_route_nexthop_info,"prefix=""fd00:3:40::/64"",next_hop=""fe80::100:10:21"",dev=""ens4"",protocol=""bgp"",metric=""20"",route_index=""0"",nh_index=""0""",1
2026-07-28 17:35:00,ccf-aiops-北大,br-1,br,ipv6_route_nexthop_info,"prefix=""::/0"",next_hop=""240a:a023::1"",dev=""ens4"",protocol=""unknown"",metric=""1024"",route_index=""0"",nh_index=""0""",1
2026-07-28 17:35:00,ccf-aiops-北大,br-1,br,ipv6_route_nexthop_info,"prefix=""fd00:1:40::/64"",next_hop=""fe80::11:4"",dev=""ens5"",protocol=""ospf"",metric=""20"",route_index=""0"",nh_index=""0""",1
2026-07-28 17:35:00,ccf-aiops-北大,br-1,br,ipv6_route_nexthop_info,"prefix=""fd00:1:40::/64"",next_hop=""fe80::12:4"",dev=""ens5"",protocol=""ospf"",metric=""20"",route_index=""0"",nh_index=""1""",1
2026-07-28 17:35:00,ccf-aiops-北大,br-1,br,ipv6_route_nexthop_info,"prefix=""fd00:5:40::/64"",next_hop=""fe80::100:10:41"",dev=""ens4"",protocol=""bgp"",metric=""20"",route_index=""0"",nh_index=""0""",1
2026-07-28 17:35:00,ccf-aiops-北大,br-1,br,ipv6_route_nexthop_info,"prefix=""fd00:8:40::/64"",next_hop=""fe80::100:10:41"",dev=""ens4"",protocol=""bgp"",metric=""20"",route_index=""0"",nh_index=""0""",1
2026-07-28 17:35:00,ccf-aiops-北大,br-1,br,ipv6_route_nexthop_info,"prefix=""fd00:6:40::/64"",next_hop=""fe80::100:10:51"",dev=""ens4"",protocol=""bgp"",metric=""20"",route_index=""0"",nh_index=""0""",1
2026-07-28 17:35:00,ccf-aiops-北大,br-1,br,ipv6_route_nexthop_info,"prefix=""fd00:7:40::/64"",next_hop=""fe80::100:10:51"",dev=""ens4"",protocol=""bgp"",metric=""20"",route_index=""0"",nh_index=""0""",1
2026-07-28 17:35:00,ccf-aiops-北大,br-1,br,ospf6_interface_cost,"interface=""ens5""",1
2026-07-28 17:35:00,ccf-aiops-北大,br-1,br,ospf6_interface_enabled,"interface=""ens10""",1
2026-07-28 17:35:00,ccf-aiops-北大,br-1,br,ospf6_interface_enabled,"interface=""ens9""",1
2026-07-28 17:35:00,ccf-aiops-北大,br-1,br,ospf6_interface_enabled,"interface=""ens8""",1
2026-07-28 17:35:00,ccf-aiops-北大,br-1,br,ospf6_interface_enabled,"interface=""lo""",1
2026-07-28 17:35:00,ccf-aiops-北大,br-1,br,ospf6_interface_enabled,"interface=""virbr0""",0
2026-07-28 17:35:00,ccf-aiops-北大,br-1,br,ospf6_interface_enabled,"interface=""ens7""",1
2026-07-28 17:35:00,ccf-aiops-北大,br-1,br,ospf6_interface_enabled,"interface=""ens6""",1
2026-07-28 17:35:00,ccf-aiops-北大,br-1,br,ospf6_interface_enabled,"interface=""ens5""",1
2026-07-28 17:35:00,ccf-aiops-北大,br-1,br,ospf6_interface_enabled,"interface=""ens4""",1
2026-07-28 17:35:00,ccf-aiops-北大,br-1,br,ospf6_interface_enabled,"interface=""ens3""",1
2026-07-28 17:35:00,ccf-aiops-北大,br-1,br,ospf6_interface_enabled,"interface=""ens12""",1
2026-07-28 17:35:00,ccf-aiops-北大,br-1,br,ospf6_interface_enabled,"interface=""ens11""",1
2026-07-28 17:35:00,ccf-aiops-北大,br-1,br,ospf6_neighbor_state_code,"state=""Twoway"",interface=""ens5"",neighbor_id=""1.1.1.2""",2
2026-07-28 17:35:00,ccf-aiops-北大,br-1,br,ospf6_neighbor_state_code,"state=""Full"",interface=""ens5"",neighbor_id=""1.1.1.12""",6
2026-07-28 17:35:00,ccf-aiops-北大,br-1,br,ospf6_neighbor_state_code,"state=""Full"",interface=""ens5"",neighbor_id=""1.1.1.11""",6
2026-07-28 17:35:00,ccf-aiops-北大,br-2,br,bgp_command_success,"command=""bgp_summary""",1
2026-07-28 17:35:00,ccf-aiops-北大,br-2,br,bgp_peer_count,,4
2026-07-28 17:35:00,ccf-aiops-北大,br-2,br,bgp_peer_prefix_received,"peer=""fd00:100:10::12"",remote_as=""65002"",state=""Established""",4
2026-07-28 17:35:00,ccf-aiops-北大,br-2,br,bgp_peer_prefix_received,"peer=""fd00:100:10::22"",remote_as=""65003"",state=""Established""",5
2026-07-28 17:35:00,ccf-aiops-北大,br-2,br,bgp_peer_prefix_received,"peer=""fd00:100:10::42"",remote_as=""65005"",state=""Established""",6
2026-07-28 17:35:00,ccf-aiops-北大,br-2,br,bgp_peer_prefix_received,"peer=""fd00:100:10::52"",remote_as=""65006"",state=""Established""",6
2026-07-28 17:35:00,ccf-aiops-北大,br-2,br,bgp_peer_prefix_sent,"peer=""fd00:100:10::12"",remote_as=""65002"",state=""Established""",8
2026-07-28 17:35:00,ccf-aiops-北大,br-2,br,bgp_peer_prefix_sent,"peer=""fd00:100:10::22"",remote_as=""65003"",state=""Established""",8
2026-07-28 17:35:00,ccf-aiops-北大,br-2,br,bgp_peer_prefix_sent,"peer=""fd00:100:10::42"",remote_as=""65005"",state=""Established""",8
2026-07-28 17:35:00,ccf-aiops-北大,br-2,br,bgp_peer_prefix_sent,"peer=""fd00:100:10::52"",remote_as=""65006"",state=""Established""",8
2026-07-28 17:35:00,ccf-aiops-北大,br-2,br,bgp_peer_up,"peer=""fd00:100:10::52"",remote_as=""65006"",state=""Established""",1
2026-07-28 17:35:00,ccf-aiops-北大,br-2,br,bgp_peer_up,"peer=""fd00:100:10::42"",remote_as=""65005"",state=""Established""",1
2026-07-28 17:35:00,ccf-aiops-北大,br-2,br,bgp_peer_up,"peer=""fd00:100:10::22"",remote_as=""65003"",state=""Established""",1
2026-07-28 17:35:00,ccf-aiops-北大,br-2,br,bgp_peer_up,"peer=""fd00:100:10::12"",remote_as=""65002"",state=""Established""",1
2026-07-28 17:35:00,ccf-aiops-北大,br-2,br,bgp_peer_uptime_seconds,"peer=""fd00:100:10::52"",remote_as=""65006"",state=""Established""",2430782
2026-07-28 17:35:00,ccf-aiops-北大,br-2,br,bgp_peer_uptime_seconds,"peer=""fd00:100:10::42"",remote_as=""65005"",state=""Established""",2430875
2026-07-28 17:35:00,ccf-aiops-北大,br-2,br,bgp_peer_uptime_seconds,"peer=""fd00:100:10::22"",remote_as=""65003"",state=""Established""",1361132
2026-07-28 17:35:00,ccf-aiops-北大,br-2,br,bgp_peer_uptime_seconds,"peer=""fd00:100:10::12"",remote_as=""65002"",state=""Established""",531167
2026-07-28 17:35:00,ccf-aiops-北大,br-2,br,ipv6_default_route_changed_total,,0
2026-07-28 17:35:00,ccf-aiops-北大,br-2,br,ipv6_default_route_info,"next_hop=""240a:a023::1"",dev=""ens4"",protocol=""unknown"",metric=""1024"",route_index=""0"",nh_index=""0""",1
2026-07-28 17:35:00,ccf-aiops-北大,br-2,br,ipv6_route_change_total,"prefix=""::/0""",0
2026-07-28 17:35:00,ccf-aiops-北大,br-2,br,ipv6_route_change_total,"prefix=""fd00:1:40::/64""",0
2026-07-28 17:35:00,ccf-aiops-北大,br-2,br,ipv6_route_change_total,"prefix=""fd00:2:40::/64""",0
2026-07-28 17:35:00,ccf-aiops-北大,br-2,br,ipv6_route_change_total,"prefix=""fd00:3:40::/64""",0
2026-07-28 17:35:00,ccf-aiops-北大,br-2,br,ipv6_route_change_total,"prefix=""fd00:4:40::/64""",0
2026-07-28 17:35:00,ccf-aiops-北大,br-2,br,ipv6_route_change_total,"prefix=""fd00:5:40::/64""",0
2026-07-28 17:35:00,ccf-aiops-北大,br-2,br,ipv6_route_change_total,"prefix=""fd00:6:40::/64""",0
2026-07-28 17:35:00,ccf-aiops-北大,br-2,br,ipv6_route_change_total,"prefix=""fd00:7:40::/64""",4
2026-07-28 17:35:00,ccf-aiops-北大,br-2,br,ipv6_route_change_total,"prefix=""fd00:8:40::/64""",0
2026-07-28 17:35:00,ccf-aiops-北大,br-2,br,ipv6_route_count,"protocol=""ospf""",2
2026-07-28 17:35:00,ccf-aiops-北大,br-2,br,ipv6_route_count,"protocol=""kernel""",7
2026-07-28 17:35:00,ccf-aiops-北大,br-2,br,ipv6_route_count,"protocol=""unknown""",3
2026-07-28 17:35:00,ccf-aiops-北大,br-2,br,ipv6_route_count,"protocol=""bgp""",7
2026-07-28 17:35:00,ccf-aiops-北大,br-2,br,ipv6_route_count,"protocol=""all""",19
2026-07-28 17:35:00,ccf-aiops-北大,br-2,br,ipv6_route_exists,"prefix=""fd00:8:40::/64""",1
2026-07-28 17:35:00,ccf-aiops-北大,br-2,br,ipv6_route_exists,"prefix=""fd00:7:40::/64""",1
2026-07-28 17:35:00,ccf-aiops-北大,br-2,br,ipv6_route_exists,"prefix=""fd00:6:40::/64""",1
2026-07-28 17:35:00,ccf-aiops-北大,br-2,br,ipv6_route_exists,"prefix=""fd00:5:40::/64""",1
2026-07-28 17:35:00,ccf-aiops-北大,br-2,br,ipv6_route_exists,"prefix=""::/0""",1
2026-07-28 17:35:00,ccf-aiops-北大,br-2,br,ipv6_route_exists,"prefix=""fd00:1:40::/64""",1
2026-07-28 17:35:00,ccf-aiops-北大,br-2,br,ipv6_route_exists,"prefix=""fd00:2:40::/64""",1
2026-07-28 17:35:00,ccf-aiops-北大,br-2,br,ipv6_route_exists,"prefix=""fd00:3:40::/64""",1
2026-07-28 17:35:00,ccf-aiops-北大,br-2,br,ipv6_route_exists,"prefix=""fd00:4:40::/64""",1
2026-07-28 17:35:00,ccf-aiops-北大,br-2,br,ipv6_route_nexthop_info,"prefix=""fd00:8:40::/64"",next_hop=""fe80::100:10:42"",dev=""ens4"",protocol=""bgp"",metric=""20"",route_index=""0"",nh_index=""0""",1
2026-07-28 17:35:00,ccf-aiops-北大,br-2,br,ipv6_route_nexthop_info,"prefix=""fd00:1:40::/64"",next_hop=""fe80::12:4"",dev=""ens5"",protocol=""ospf"",metric=""20"",route_index=""0"",nh_index=""1""",1
2026-07-28 17:35:00,ccf-aiops-北大,br-2,br,ipv6_route_nexthop_info,"prefix=""::/0"",next_hop=""240a:a023::1"",dev=""ens4"",protocol=""unknown"",metric=""1024"",route_index=""0"",nh_index=""0""",1
2026-07-28 17:35:00,ccf-aiops-北大,br-2,br,ipv6_route_nexthop_info,"prefix=""fd00:2:40::/64"",next_hop=""fe80::100:10:12"",dev=""ens4"",protocol=""bgp"",metric=""20"",route_index=""0"",nh_index=""0""",1
2026-07-28 17:35:00,ccf-aiops-北大,br-2,br,ipv6_route_nexthop_info,"prefix=""fd00:3:40::/64"",next_hop=""fe80::100:10:22"",dev=""ens4"",protocol=""bgp"",metric=""20"",route_index=""0"",nh_index=""0""",1
2026-07-28 17:35:00,ccf-aiops-北大,br-2,br,ipv6_route_nexthop_info,"prefix=""fd00:4:40::/64"",next_hop=""fe80::100:10:42"",dev=""ens4"",protocol=""bgp"",metric=""20"",route_index=""0"",nh_index=""0""",1
2026-07-28 17:35:00,ccf-aiops-北大,br-2,br,ipv6_route_nexthop_info,"prefix=""fd00:5:40::/64"",next_hop=""fe80::100:10:42"",dev=""ens4"",protocol=""bgp"",metric=""20"",route_index=""0"",nh_index=""0""",1
2026-07-28 17:35:00,ccf-aiops-北大,br-2,br,ipv6_route_nexthop_info,"prefix=""fd00:1:40::/64"",next_hop=""fe80::11:4"",dev=""ens5"",protocol=""ospf"",metric=""20"",route_index=""0"",nh_index=""0""",1
2026-07-28 17:35:00,ccf-aiops-北大,br-2,br,ipv6_route_nexthop_info,"prefix=""fd00:6:40::/64"",next_hop=""fe80::100:10:52"",dev=""ens4"",protocol=""bgp"",metric=""20"",route_index=""0"",nh_index=""0""",1
2026-07-28 17:35:00,ccf-aiops-北大,br-2,br,ipv6_route_nexthop_info,"prefix=""fd00:7:40::/64"",next_hop=""fe80::100:10:42"",dev=""ens4"",protocol=""bgp"",metric=""20"",route_index=""0"",nh_index=""0""",1
2026-07-28 17:35:00,ccf-aiops-北大,br-2,br,ospf6_interface_cost,"interface=""ens5""",1
2026-07-28 17:35:00,ccf-aiops-北大,br-2,br,ospf6_interface_enabled,"interface=""virbr0""",0
2026-07-28 17:35:00,ccf-aiops-北大,br-2,br,ospf6_interface_enabled,"interface=""ens4""",1
2026-07-28 17:35:00,ccf-aiops-北大,br-2,br,ospf6_interface_enabled,"interface=""ens3""",1
2026-07-28 17:35:00,ccf-aiops-北大,br-2,br,ospf6_interface_enabled,"interface=""lo""",1
2026-07-28 17:35:00,ccf-aiops-北大,br-2,br,ospf6_interface_enabled,"interface=""ens9""",1
2026-07-28 17:35:00,ccf-aiops-北大,br-2,br,ospf6_interface_enabled,"interface=""ens12""",1
2026-07-28 17:35:00,ccf-aiops-北大,br-2,br,ospf6_interface_enabled,"interface=""ens11""",1
2026-07-28 17:35:00,ccf-aiops-北大,br-2,br,ospf6_interface_enabled,"interface=""ens10""",1
2026-07-28 17:35:00,ccf-aiops-北大,br-2,br,ospf6_interface_enabled,"interface=""ens6""",1
2026-07-28 17:35:00,ccf-aiops-北大,br-2,br,ospf6_interface_enabled,"interface=""ens7""",1
2026-07-28 17:35:00,ccf-aiops-北大,br-2,br,ospf6_interface_enabled,"interface=""ens8""",1
2026-07-28 17:35:00,ccf-aiops-北大,br-2,br,ospf6_interface_enabled,"interface=""ens5""",1
2026-07-28 17:35:00,ccf-aiops-北大,br-2,br,ospf6_neighbor_state_code,"state=""Full"",interface=""ens5"",neighbor_id=""1.1.1.12""",6
2026-07-28 17:35:00,ccf-aiops-北大,br-2,br,ospf6_neighbor_state_code,"state=""Full"",interface=""ens5"",neighbor_id=""1.1.1.11""",6
2026-07-28 17:35:00,ccf-aiops-北大,br-2,br,ospf6_neighbor_state_code,"state=""Twoway"",interface=""ens5"",neighbor_id=""1.1.1.1""",2
2026-07-28 17:35:00,ccf-aiops-北大,cr-1,cr,ipv6_default_route_changed_total,,0
2026-07-28 17:35:00,ccf-aiops-北大,cr-1,cr,ipv6_default_route_info,"next_hop=""fd00:1:20::1"",dev=""ens4"",protocol=""196"",metric=""20"",route_index=""0"",nh_index=""0""",1
2026-07-28 17:35:00,ccf-aiops-北大,cr-1,cr,ipv6_default_route_info,"next_hop=""fd00:1:20::2"",dev=""ens4"",protocol=""196"",metric=""20"",route_index=""0"",nh_index=""1""",1
2026-07-28 17:35:00,ccf-aiops-北大,cr-1,cr,ipv6_route_change_total,"prefix=""fd00:6:40::/64""",0
2026-07-28 17:35:00,ccf-aiops-北大,cr-1,cr,ipv6_route_change_total,"prefix=""fd00:5:40::/64""",0
2026-07-28 17:35:00,ccf-aiops-北大,cr-1,cr,ipv6_route_change_total,"prefix=""fd00:7:40::/64""",0
2026-07-28 17:35:00,ccf-aiops-北大,cr-1,cr,ipv6_route_change_total,"prefix=""fd00:8:40::/64""",0
2026-07-28 17:35:00,ccf-aiops-北大,cr-1,cr,ipv6_route_change_total,"prefix=""fd00:4:40::/64""",0
2026-07-28 17:35:00,ccf-aiops-北大,cr-1,cr,ipv6_route_change_total,"prefix=""fd00:3:40::/64""",0
2026-07-28 17:35:00,ccf-aiops-北大,cr-1,cr,ipv6_route_change_total,"prefix=""fd00:2:40::/64""",0
2026-07-28 17:35:00,ccf-aiops-北大,cr-1,cr,ipv6_route_change_total,"prefix=""fd00:1:40::/64""",0
2026-07-28 17:35:00,ccf-aiops-北大,cr-1,cr,ipv6_route_change_total,"prefix=""::/0""",0
2026-07-28 17:35:00,ccf-aiops-北大,cr-1,cr,ipv6_route_count,"protocol=""all""",15
2026-07-28 17:35:00,ccf-aiops-北大,cr-1,cr,ipv6_route_count,"protocol=""196""",2
2026-07-28 17:35:00,ccf-aiops-北大,cr-1,cr,ipv6_route_count,"protocol=""kernel""",6
2026-07-28 17:35:00,ccf-aiops-北大,cr-1,cr,ipv6_route_count,"protocol=""ospf""",7
2026-07-28 17:35:00,ccf-aiops-北大,cr-1,cr,ipv6_route_exists,"prefix=""fd00:2:40::/64""",1
2026-07-28 17:35:00,ccf-aiops-北大,cr-1,cr,ipv6_route_exists,"prefix=""fd00:8:40::/64""",1
2026-07-28 17:35:00,ccf-aiops-北大,cr-1,cr,ipv6_route_exists,"prefix=""fd00:7:40::/64""",1
2026-07-28 17:35:00,ccf-aiops-北大,cr-1,cr,ipv6_route_exists,"prefix=""fd00:6:40::/64""",1
2026-07-28 17:35:00,ccf-aiops-北大,cr-1,cr,ipv6_route_exists,"prefix=""fd00:5:40::/64""",1
2026-07-28 17:35:00,ccf-aiops-北大,cr-1,cr,ipv6_route_exists,"prefix=""fd00:4:40::/64""",1
2026-07-28 17:35:00,ccf-aiops-北大,cr-1,cr,ipv6_route_exists,"prefix=""fd00:3:40::/64""",1
2026-07-28 17:35:00,ccf-aiops-北大,cr-1,cr,ipv6_route_exists,"prefix=""fd00:1:40::/64""",1
2026-07-28 17:35:00,ccf-aiops-北大,cr-1,cr,ipv6_route_exists,"prefix=""::/0""",1
2026-07-28 17:35:00,ccf-aiops-北大,cr-1,cr,ipv6_route_nexthop_info,"prefix=""fd00:4:40::/64"",next_hop=""fe80::1:5"",dev=""ens4"",protocol=""ospf"",metric=""20"",route_index=""0"",nh_index=""0""",1
2026-07-28 17:35:00,ccf-aiops-北大,cr-1,cr,ipv6_route_nexthop_info,"prefix=""fd00:1:40::/64"",next_hop=""fd00:1:30::254"",dev=""ens5"",protocol=""196"",metric=""20"",route_index=""0"",nh_index=""0""",1
2026-07-28 17:35:00,ccf-aiops-北大,cr-1,cr,ipv6_route_nexthop_info,"prefix=""::/0"",next_hop=""fd00:1:20::1"",dev=""ens4"",protocol=""196"",metric=""20"",route_index=""0"",nh_index=""0""",1
2026-07-28 17:35:00,ccf-aiops-北大,cr-1,cr,ipv6_route_nexthop_info,"prefix=""::/0"",next_hop=""fd00:1:20::2"",dev=""ens4"",protocol=""196"",metric=""20"",route_index=""0"",nh_index=""1""",1
2026-07-28 17:35:00,ccf-aiops-北大,cr-1,cr,ipv6_route_nexthop_info,"prefix=""fd00:3:40::/64"",next_hop=""fe80::1:5"",dev=""ens4"",protocol=""ospf"",metric=""20"",route_index=""0"",nh_index=""0""",1
2026-07-28 17:35:00,ccf-aiops-北大,cr-1,cr,ipv6_route_nexthop_info,"prefix=""fd00:8:40::/64"",next_hop=""fe80::2:5"",dev=""ens4"",protocol=""ospf"",metric=""20"",route_index=""0"",nh_index=""1""",1
2026-07-28 17:35:00,ccf-aiops-北大,cr-1,cr,ipv6_route_nexthop_info,"prefix=""fd00:5:40::/64"",next_hop=""fe80::1:5"",dev=""ens4"",protocol=""ospf"",metric=""20"",route_index=""0"",nh_index=""0""",1
2026-07-28 17:35:00,ccf-aiops-北大,cr-1,cr,ipv6_route_nexthop_info,"prefix=""fd00:6:40::/64"",next_hop=""fe80::1:5"",dev=""ens4"",protocol=""ospf"",metric=""20"",route_index=""0"",nh_index=""0""",1
2026-07-28 17:35:00,ccf-aiops-北大,cr-1,cr,ipv6_route_nexthop_info,"prefix=""fd00:7:40::/64"",next_hop=""fe80::1:5"",dev=""ens4"",protocol=""ospf"",metric=""20"",route_index=""0"",nh_index=""0""",1
2026-07-28 17:35:00,ccf-aiops-北大,cr-1,cr,ipv6_route_nexthop_info,"prefix=""fd00:8:40::/64"",next_hop=""fe80::1:5"",dev=""ens4"",protocol=""ospf"",metric=""20"",route_index=""0"",nh_index=""0""",1
2026-07-28 17:35:00,ccf-aiops-北大,cr-1,cr,ipv6_route_nexthop_info,"prefix=""fd00:2:40::/64"",next_hop=""fe80::2:5"",dev=""ens4"",protocol=""ospf"",metric=""20"",route_index=""0"",nh_index=""1""",1
2026-07-28 17:35:00,ccf-aiops-北大,cr-1,cr,ipv6_route_nexthop_info,"prefix=""fd00:3:40::/64"",next_hop=""fe80::2:5"",dev=""ens4"",protocol=""ospf"",metric=""20"",route_index=""0"",nh_index=""1""",1
2026-07-28 17:35:00,ccf-aiops-北大,cr-1,cr,ipv6_route_nexthop_info,"prefix=""fd00:4:40::/64"",next_hop=""fe80::2:5"",dev=""ens4"",protocol=""ospf"",metric=""20"",route_index=""0"",nh_index=""1""",1
2026-07-28 17:35:00,ccf-aiops-北大,cr-1,cr,ipv6_route_nexthop_info,"prefix=""fd00:5:40::/64"",next_hop=""fe80::2:5"",dev=""ens4"",protocol=""ospf"",metric=""20"",route_index=""0"",nh_index=""1""",1
2026-07-28 17:35:00,ccf-aiops-北大,cr-1,cr,ipv6_route_nexthop_info,"prefix=""fd00:6:40::/64"",next_hop=""fe80::2:5"",dev=""ens4"",protocol=""ospf"",metric=""20"",route_index=""0"",nh_index=""1""",1
2026-07-28 17:35:00,ccf-aiops-北大,cr-1,cr,ipv6_route_nexthop_info,"prefix=""fd00:7:40::/64"",next_hop=""fe80::2:5"",dev=""ens4"",protocol=""ospf"",metric=""20"",route_index=""0"",nh_index=""1""",1
2026-07-28 17:35:00,ccf-aiops-北大,cr-1,cr,ipv6_route_nexthop_info,"prefix=""fd00:2:40::/64"",next_hop=""fe80::1:5"",dev=""ens4"",protocol=""ospf"",metric=""20"",route_index=""0"",nh_index=""0""",1
2026-07-28 17:35:00,ccf-aiops-北大,cr-1,cr,ospf6_interface_cost,"interface=""ens5""",1
2026-07-28 17:35:00,ccf-aiops-北大,cr-1,cr,ospf6_interface_cost,"interface=""ens4""",1
2026-07-28 17:35:00,ccf-aiops-北大,cr-1,cr,ospf6_interface_enabled,"interface=""ens10""",1
2026-07-28 17:35:00,ccf-aiops-北大,cr-1,cr,ospf6_interface_enabled,"interface=""ens11""",1
2026-07-28 17:35:00,ccf-aiops-北大,cr-1,cr,ospf6_interface_enabled,"interface=""ens12""",1
2026-07-28 17:35:00,ccf-aiops-北大,cr-1,cr,ospf6_interface_enabled,"interface=""ens4""",1
2026-07-28 17:35:00,ccf-aiops-北大,cr-1,cr,ospf6_interface_enabled,"interface=""ens5""",1
2026-07-28 17:35:00,ccf-aiops-北大,cr-1,cr,ospf6_interface_enabled,"interface=""ens6""",1
2026-07-28 17:35:00,ccf-aiops-北大,cr-1,cr,ospf6_interface_enabled,"interface=""ens3""",1
2026-07-28 17:35:00,ccf-aiops-北大,cr-1,cr,ospf6_interface_enabled,"interface=""ens7""",1
2026-07-28 17:35:00,ccf-aiops-北大,cr-1,cr,ospf6_interface_enabled,"interface=""ens8""",1
2026-07-28 17:35:00,ccf-aiops-北大,cr-1,cr,ospf6_interface_enabled,"interface=""ens9""",1
2026-07-28 17:35:00,ccf-aiops-北大,cr-1,cr,ospf6_interface_enabled,"interface=""lo""",1
2026-07-28 17:35:00,ccf-aiops-北大,cr-1,cr,ospf6_interface_enabled,"interface=""virbr0""",0
2026-07-28 17:35:00,ccf-aiops-北大,cr-1,cr,ospf6_neighbor_state_code,"state=""Full"",interface=""ens5"",neighbor_id=""1.1.1.12""",6
2026-07-28 17:35:00,ccf-aiops-北大,cr-1,cr,ospf6_neighbor_state_code,"state=""Full"",interface=""ens4"",neighbor_id=""1.1.1.2""",6
2026-07-28 17:35:00,ccf-aiops-北大,cr-1,cr,ospf6_neighbor_state_code,"state=""Full"",interface=""ens4"",neighbor_id=""1.1.1.12""",6
2026-07-28 17:35:00,ccf-aiops-北大,cr-1,cr,ospf6_neighbor_state_code,"state=""Full"",interface=""ens4"",neighbor_id=""1.1.1.1""",6
2026-07-28 17:35:00,ccf-aiops-北大,cr-1,cr,bgp_command_success,,
2026-07-28 17:35:00,ccf-aiops-北大,cr-1,cr,bgp_peer_up,,
2026-07-28 17:35:00,ccf-aiops-北大,cr-1,cr,bgp_peer_uptime_seconds,,
2026-07-28 17:35:00,ccf-aiops-北大,cr-1,cr,bgp_peer_prefix_received,,
2026-07-28 17:35:00,ccf-aiops-北大,cr-1,cr,bgp_peer_prefix_sent,,
2026-07-28 17:35:00,ccf-aiops-北大,cr-1,cr,bgp_peer_count,,
2026-07-28 17:35:00,ccf-aiops-北大,cr-2,cr,ipv6_default_route_changed_total,,0
2026-07-28 17:35:00,ccf-aiops-北大,cr-2,cr,ipv6_default_route_info,"next_hop=""fd00:1:20::1"",dev=""ens4"",protocol=""196"",metric=""20"",route_index=""0"",nh_index=""0""",1
2026-07-28 17:35:00,ccf-aiops-北大,cr-2,cr,ipv6_default_route_info,"next_hop=""fd00:1:20::2"",dev=""ens4"",protocol=""196"",metric=""20"",route_index=""0"",nh_index=""1""",1
2026-07-28 17:35:00,ccf-aiops-北大,cr-2,cr,ipv6_route_change_total,"prefix=""::/0""",0
2026-07-28 17:35:00,ccf-aiops-北大,cr-2,cr,ipv6_route_change_total,"prefix=""fd00:1:40::/64""",0
2026-07-28 17:35:00,ccf-aiops-北大,cr-2,cr,ipv6_route_change_total,"prefix=""fd00:2:40::/64""",0
2026-07-28 17:35:00,ccf-aiops-北大,cr-2,cr,ipv6_route_change_total,"prefix=""fd00:3:40::/64""",0
2026-07-28 17:35:00,ccf-aiops-北大,cr-2,cr,ipv6_route_change_total,"prefix=""fd00:4:40::/64""",0
2026-07-28 17:35:00,ccf-aiops-北大,cr-2,cr,ipv6_route_change_total,"prefix=""fd00:5:40::/64""",0
2026-07-28 17:35:00,ccf-aiops-北大,cr-2,cr,ipv6_route_change_total,"prefix=""fd00:8:40::/64""",0
2026-07-28 17:35:00,ccf-aiops-北大,cr-2,cr,ipv6_route_change_total,"prefix=""fd00:7:40::/64""",0
2026-07-28 17:35:00,ccf-aiops-北大,cr-2,cr,ipv6_route_change_total,"prefix=""fd00:6:40::/64""",0
2026-07-28 17:35:00,ccf-aiops-北大,cr-2,cr,ipv6_route_count,"protocol=""all""",15
2026-07-28 17:35:00,ccf-aiops-北大,cr-2,cr,ipv6_route_count,"protocol=""196""",2
2026-07-28 17:35:00,ccf-aiops-北大,cr-2,cr,ipv6_route_count,"protocol=""kernel""",6
2026-07-28 17:35:00,ccf-aiops-北大,cr-2,cr,ipv6_route_count,"protocol=""ospf""",7
2026-07-28 17:35:00,ccf-aiops-北大,cr-2,cr,ipv6_route_exists,"prefix=""fd00:1:40::/64""",1
2026-07-28 17:35:00,ccf-aiops-北大,cr-2,cr,ipv6_route_exists,"prefix=""fd00:8:40::/64""",1
2026-07-28 17:35:00,ccf-aiops-北大,cr-2,cr,ipv6_route_exists,"prefix=""fd00:7:40::/64""",1
2026-07-28 17:35:00,ccf-aiops-北大,cr-2,cr,ipv6_route_exists,"prefix=""fd00:6:40::/64""",1
2026-07-28 17:35:00,ccf-aiops-北大,cr-2,cr,ipv6_route_exists,"prefix=""fd00:5:40::/64""",1
2026-07-28 17:35:00,ccf-aiops-北大,cr-2,cr,ipv6_route_exists,"prefix=""fd00:4:40::/64""",1
2026-07-28 17:35:00,ccf-aiops-北大,cr-2,cr,ipv6_route_exists,"prefix=""fd00:3:40::/64""",1
2026-07-28 17:35:00,ccf-aiops-北大,cr-2,cr,ipv6_route_exists,"prefix=""fd00:2:40::/64""",1
2026-07-28 17:35:00,ccf-aiops-北大,cr-2,cr,ipv6_route_exists,"prefix=""::/0""",1
2026-07-28 17:35:00,ccf-aiops-北大,cr-2,cr,ipv6_route_nexthop_info,"prefix=""fd00:7:40::/64"",next_hop=""fe80::2:5"",dev=""ens4"",protocol=""ospf"",metric=""20"",route_index=""0"",nh_index=""1""",1
2026-07-28 17:35:00,ccf-aiops-北大,cr-2,cr,ipv6_route_nexthop_info,"prefix=""fd00:2:40::/64"",next_hop=""fe80::1:5"",dev=""ens4"",protocol=""ospf"",metric=""20"",route_index=""0"",nh_index=""0""",1
2026-07-28 17:35:00,ccf-aiops-北大,cr-2,cr,ipv6_route_nexthop_info,"prefix=""fd00:3:40::/64"",next_hop=""fe80::2:5"",dev=""ens4"",protocol=""ospf"",metric=""20"",route_index=""0"",nh_index=""1""",1
2026-07-28 17:35:00,ccf-aiops-北大,cr-2,cr,ipv6_route_nexthop_info,"prefix=""fd00:2:40::/64"",next_hop=""fe80::2:5"",dev=""ens4"",protocol=""ospf"",metric=""20"",route_index=""0"",nh_index=""1""",1
2026-07-28 17:35:00,ccf-aiops-北大,cr-2,cr,ipv6_route_nexthop_info,"prefix=""fd00:8:40::/64"",next_hop=""fe80::1:5"",dev=""ens4"",protocol=""ospf"",metric=""20"",route_index=""0"",nh_index=""0""",1
2026-07-28 17:35:00,ccf-aiops-北大,cr-2,cr,ipv6_route_nexthop_info,"prefix=""fd00:7:40::/64"",next_hop=""fe80::1:5"",dev=""ens4"",protocol=""ospf"",metric=""20"",route_index=""0"",nh_index=""0""",1
2026-07-28 17:35:00,ccf-aiops-北大,cr-2,cr,ipv6_route_nexthop_info,"prefix=""fd00:6:40::/64"",next_hop=""fe80::1:5"",dev=""ens4"",protocol=""ospf"",metric=""20"",route_index=""0"",nh_index=""0""",1
2026-07-28 17:35:00,ccf-aiops-北大,cr-2,cr,ipv6_route_nexthop_info,"prefix=""fd00:5:40::/64"",next_hop=""fe80::1:5"",dev=""ens4"",protocol=""ospf"",metric=""20"",route_index=""0"",nh_index=""0""",1
2026-07-28 17:35:00,ccf-aiops-北大,cr-2,cr,ipv6_route_nexthop_info,"prefix=""fd00:4:40::/64"",next_hop=""fe80::1:5"",dev=""ens4"",protocol=""ospf"",metric=""20"",route_index=""0"",nh_index=""0""",1
2026-07-28 17:35:00,ccf-aiops-北大,cr-2,cr,ipv6_route_nexthop_info,"prefix=""fd00:3:40::/64"",next_hop=""fe80::1:5"",dev=""ens4"",protocol=""ospf"",metric=""20"",route_index=""0"",nh_index=""0""",1
2026-07-28 17:35:00,ccf-aiops-北大,cr-2,cr,ipv6_route_nexthop_info,"prefix=""::/0"",next_hop=""fd00:1:20::2"",dev=""ens4"",protocol=""196"",metric=""20"",route_index=""0"",nh_index=""1""",1
2026-07-28 17:35:00,ccf-aiops-北大,cr-2,cr,ipv6_route_nexthop_info,"prefix=""fd00:4:40::/64"",next_hop=""fe80::2:5"",dev=""ens4"",protocol=""ospf"",metric=""20"",route_index=""0"",nh_index=""1""",1
2026-07-28 17:35:00,ccf-aiops-北大,cr-2,cr,ipv6_route_nexthop_info,"prefix=""fd00:5:40::/64"",next_hop=""fe80::2:5"",dev=""ens4"",protocol=""ospf"",metric=""20"",route_index=""0"",nh_index=""1""",1
2026-07-28 17:35:00,ccf-aiops-北大,cr-2,cr,ipv6_route_nexthop_info,"prefix=""fd00:6:40::/64"",next_hop=""fe80::2:5"",dev=""ens4"",protocol=""ospf"",metric=""20"",route_index=""0"",nh_index=""1""",1
2026-07-28 17:35:00,ccf-aiops-北大,cr-2,cr,ipv6_route_nexthop_info,"prefix=""::/0"",next_hop=""fd00:1:20::1"",dev=""ens4"",protocol=""196"",metric=""20"",route_index=""0"",nh_index=""0""",1
2026-07-28 17:35:00,ccf-aiops-北大,cr-2,cr,ipv6_route_nexthop_info,"prefix=""fd00:8:40::/64"",next_hop=""fe80::2:5"",dev=""ens4"",protocol=""ospf"",metric=""20"",route_index=""0"",nh_index=""1""",1
2026-07-28 17:35:00,ccf-aiops-北大,cr-2,cr,ipv6_route_nexthop_info,"prefix=""fd00:1:40::/64"",next_hop=""fd00:1:30::254"",dev=""ens5"",protocol=""196"",metric=""20"",route_index=""0"",nh_index=""0""",1
2026-07-28 17:35:00,ccf-aiops-北大,cr-2,cr,ospf6_interface_cost,"interface=""ens4""",1
2026-07-28 17:35:00,ccf-aiops-北大,cr-2,cr,ospf6_interface_cost,"interface=""ens5""",1
2026-07-28 17:35:00,ccf-aiops-北大,cr-2,cr,ospf6_interface_enabled,"interface=""virbr0""",0
2026-07-28 17:35:00,ccf-aiops-北大,cr-2,cr,ospf6_interface_enabled,"interface=""ens9""",1
2026-07-28 17:35:00,ccf-aiops-北大,cr-2,cr,ospf6_interface_enabled,"interface=""ens8""",1
2026-07-28 17:35:00,ccf-aiops-北大,cr-2,cr,ospf6_interface_enabled,"interface=""ens7""",1
2026-07-28 17:35:00,ccf-aiops-北大,cr-2,cr,ospf6_interface_enabled,"interface=""ens6""",1
2026-07-28 17:35:00,ccf-aiops-北大,cr-2,cr,ospf6_interface_enabled,"interface=""ens5""",1
2026-07-28 17:35:00,ccf-aiops-北大,cr-2,cr,ospf6_interface_enabled,"interface=""ens4""",1
2026-07-28 17:35:00,ccf-aiops-北大,cr-2,cr,ospf6_interface_enabled,"interface=""ens3""",1
2026-07-28 17:35:00,ccf-aiops-北大,cr-2,cr,ospf6_interface_enabled,"interface=""ens12""",1
2026-07-28 17:35:00,ccf-aiops-北大,cr-2,cr,ospf6_interface_enabled,"interface=""ens11""",1
2026-07-28 17:35:00,ccf-aiops-北大,cr-2,cr,ospf6_interface_enabled,"interface=""ens10""",1
2026-07-28 17:35:00,ccf-aiops-北大,cr-2,cr,ospf6_interface_enabled,"interface=""lo""",1
2026-07-28 17:35:00,ccf-aiops-北大,cr-2,cr,ospf6_neighbor_state_code,"state=""Full"",interface=""ens4"",neighbor_id=""1.1.1.2""",6
2026-07-28 17:35:00,ccf-aiops-北大,cr-2,cr,ospf6_neighbor_state_code,"state=""Full"",interface=""ens5"",neighbor_id=""1.1.1.11""",6
2026-07-28 17:35:00,ccf-aiops-北大,cr-2,cr,ospf6_neighbor_state_code,"state=""Full"",interface=""ens4"",neighbor_id=""1.1.1.11""",6
2026-07-28 17:35:00,ccf-aiops-北大,cr-2,cr,ospf6_neighbor_state_code,"state=""Full"",interface=""ens4"",neighbor_id=""1.1.1.1""",6
2026-07-28 17:35:00,ccf-aiops-北大,cr-2,cr,bgp_command_success,,
2026-07-28 17:35:00,ccf-aiops-北大,cr-2,cr,bgp_peer_up,,
2026-07-28 17:35:00,ccf-aiops-北大,cr-2,cr,bgp_peer_uptime_seconds,,
2026-07-28 17:35:00,ccf-aiops-北大,cr-2,cr,bgp_peer_prefix_received,,
2026-07-28 17:35:00,ccf-aiops-北大,cr-2,cr,bgp_peer_prefix_sent,,
2026-07-28 17:35:00,ccf-aiops-北大,cr-2,cr,bgp_peer_count,,
2026-07-28 17:36:00,ccf-aiops-北大,br-1,br,bgp_command_success,"command=""bgp_summary""",1
2026-07-28 17:36:00,ccf-aiops-北大,br-1,br,bgp_peer_count,,4
2026-07-28 17:36:00,ccf-aiops-北大,br-1,br,bgp_peer_prefix_received,"peer=""fd00:100:10::11"",remote_as=""65002"",state=""Established""",4
2026-07-28 17:36:00,ccf-aiops-北大,br-1,br,bgp_peer_prefix_received,"peer=""fd00:100:10::21"",remote_as=""65003"",state=""Established""",6
2026-07-28 17:36:00,ccf-aiops-北大,br-1,br,bgp_peer_prefix_received,"peer=""fd00:100:10::41"",remote_as=""65005"",state=""Established""",6
2026-07-28 17:36:00,ccf-aiops-北大,br-1,br,bgp_peer_prefix_received,"peer=""fd00:100:10::51"",remote_as=""65006"",state=""Established""",7
2026-07-28 17:36:00,ccf-aiops-北大,br-1,br,bgp_peer_prefix_sent,"peer=""fd00:100:10::51"",remote_as=""65006"",state=""Established""",8
2026-07-28 17:36:00,ccf-aiops-北大,br-1,br,bgp_peer_prefix_sent,"peer=""fd00:100:10::41"",remote_as=""65005"",state=""Established""",8
2026-07-28 17:36:00,ccf-aiops-北大,br-1,br,bgp_peer_prefix_sent,"peer=""fd00:100:10::21"",remote_as=""65003"",state=""Established""",8
2026-07-28 17:36:00,ccf-aiops-北大,br-1,br,bgp_peer_prefix_sent,"peer=""fd00:100:10::11"",remote_as=""65002"",state=""Established""",8
2026-07-28 17:36:00,ccf-aiops-北大,br-1,br,bgp_peer_up,"peer=""fd00:100:10::11"",remote_as=""65002"",state=""Established""",1
2026-07-28 17:36:00,ccf-aiops-北大,br-1,br,bgp_peer_up,"peer=""fd00:100:10::21"",remote_as=""65003"",state=""Established""",1
2026-07-28 17:36:00,ccf-aiops-北大,br-1,br,bgp_peer_up,"peer=""fd00:100:10::41"",remote_as=""65005"",state=""Established""",1
2026-07-28 17:36:00,ccf-aiops-北大,br-1,br,bgp_peer_up,"peer=""fd00:100:10::51"",remote_as=""65006"",state=""Established""",1
2026-07-28 17:36:00,ccf-aiops-北大,br-1,br,bgp_peer_uptime_seconds,"peer=""fd00:100:10::11"",remote_as=""65002"",state=""Established""",531255
2026-07-28 17:36:00,ccf-aiops-北大,br-1,br,bgp_peer_uptime_seconds,"peer=""fd00:100:10::21"",remote_as=""65003"",state=""Established""",667853
2026-07-28 17:36:00,ccf-aiops-北大,br-1,br,bgp_peer_uptime_seconds,"peer=""fd00:100:10::41"",remote_as=""65005"",state=""Established""",2430910
2026-07-28 17:36:00,ccf-aiops-北大,br-1,br,bgp_peer_uptime_seconds,"peer=""fd00:100:10::51"",remote_as=""65006"",state=""Established""",2430822
2026-07-28 17:36:00,ccf-aiops-北大,br-1,br,ipv6_default_route_changed_total,,0
2026-07-28 17:36:00,ccf-aiops-北大,br-1,br,ipv6_default_route_info,"next_hop=""240a:a023::1"",dev=""ens4"",protocol=""unknown"",metric=""1024"",route_index=""0"",nh_index=""0""",1
2026-07-28 17:36:00,ccf-aiops-北大,br-1,br,ipv6_route_change_total,"prefix=""fd00:6:40::/64""",0
2026-07-28 17:36:00,ccf-aiops-北大,br-1,br,ipv6_route_change_total,"prefix=""fd00:7:40::/64""",6
2026-07-28 17:36:00,ccf-aiops-北大,br-1,br,ipv6_route_change_total,"prefix=""fd00:8:40::/64""",0
2026-07-28 17:36:00,ccf-aiops-北大,br-1,br,ipv6_route_change_total,"prefix=""fd00:5:40::/64""",0
2026-07-28 17:36:00,ccf-aiops-北大,br-1,br,ipv6_route_change_total,"prefix=""fd00:4:40::/64""",0
2026-07-28 17:36:00,ccf-aiops-北大,br-1,br,ipv6_route_change_total,"prefix=""fd00:3:40::/64""",0
2026-07-28 17:36:00,ccf-aiops-北大,br-1,br,ipv6_route_change_total,"prefix=""fd00:2:40::/64""",0
2026-07-28 17:36:00,ccf-aiops-北大,br-1,br,ipv6_route_change_total,"prefix=""fd00:1:40::/64""",0
2026-07-28 17:36:00,ccf-aiops-北大,br-1,br,ipv6_route_change_total,"prefix=""::/0""",0
2026-07-28 17:36:00,ccf-aiops-北大,br-1,br,ipv6_route_count,"protocol=""all""",20
2026-07-28 17:36:00,ccf-aiops-北大,br-1,br,ipv6_route_count,"protocol=""bgp""",7
2026-07-28 17:36:00,ccf-aiops-北大,br-1,br,ipv6_route_count,"protocol=""kernel""",8
2026-07-28 17:36:00,ccf-aiops-北大,br-1,br,ipv6_route_count,"protocol=""ospf""",2
2026-07-28 17:36:00,ccf-aiops-北大,br-1,br,ipv6_route_count,"protocol=""unknown""",3
2026-07-28 17:36:00,ccf-aiops-北大,br-1,br,ipv6_route_exists,"prefix=""fd00:7:40::/64""",1
2026-07-28 17:36:00,ccf-aiops-北大,br-1,br,ipv6_route_exists,"prefix=""fd00:8:40::/64""",1
2026-07-28 17:36:00,ccf-aiops-北大,br-1,br,ipv6_route_exists,"prefix=""::/0""",1
2026-07-28 17:36:00,ccf-aiops-北大,br-1,br,ipv6_route_exists,"prefix=""fd00:6:40::/64""",1
2026-07-28 17:36:00,ccf-aiops-北大,br-1,br,ipv6_route_exists,"prefix=""fd00:5:40::/64""",1
2026-07-28 17:36:00,ccf-aiops-北大,br-1,br,ipv6_route_exists,"prefix=""fd00:4:40::/64""",1
2026-07-28 17:36:00,ccf-aiops-北大,br-1,br,ipv6_route_exists,"prefix=""fd00:3:40::/64""",1
2026-07-28 17:36:00,ccf-aiops-北大,br-1,br,ipv6_route_exists,"prefix=""fd00:2:40::/64""",1
2026-07-28 17:36:00,ccf-aiops-北大,br-1,br,ipv6_route_exists,"prefix=""fd00:1:40::/64""",1
2026-07-28 17:36:00,ccf-aiops-北大,br-1,br,ipv6_route_nexthop_info,"prefix=""::/0"",next_hop=""240a:a023::1"",dev=""ens4"",protocol=""unknown"",metric=""1024"",route_index=""0"",nh_index=""0""",1
2026-07-28 17:36:00,ccf-aiops-北大,br-1,br,ipv6_route_nexthop_info,"prefix=""fd00:2:40::/64"",next_hop=""fe80::100:10:11"",dev=""ens4"",protocol=""bgp"",metric=""20"",route_index=""0"",nh_index=""0""",1
2026-07-28 17:36:00,ccf-aiops-北大,br-1,br,ipv6_route_nexthop_info,"prefix=""fd00:3:40::/64"",next_hop=""fe80::100:10:21"",dev=""ens4"",protocol=""bgp"",metric=""20"",route_index=""0"",nh_index=""0""",1
2026-07-28 17:36:00,ccf-aiops-北大,br-1,br,ipv6_route_nexthop_info,"prefix=""fd00:4:40::/64"",next_hop=""fe80::100:10:41"",dev=""ens4"",protocol=""bgp"",metric=""20"",route_index=""0"",nh_index=""0""",1
2026-07-28 17:36:00,ccf-aiops-北大,br-1,br,ipv6_route_nexthop_info,"prefix=""fd00:5:40::/64"",next_hop=""fe80::100:10:41"",dev=""ens4"",protocol=""bgp"",metric=""20"",route_index=""0"",nh_index=""0""",1
2026-07-28 17:36:00,ccf-aiops-北大,br-1,br,ipv6_route_nexthop_info,"prefix=""fd00:8:40::/64"",next_hop=""fe80::100:10:41"",dev=""ens4"",protocol=""bgp"",metric=""20"",route_index=""0"",nh_index=""0""",1
2026-07-28 17:36:00,ccf-aiops-北大,br-1,br,ipv6_route_nexthop_info,"prefix=""fd00:6:40::/64"",next_hop=""fe80::100:10:51"",dev=""ens4"",protocol=""bgp"",metric=""20"",route_index=""0"",nh_index=""0""",1
2026-07-28 17:36:00,ccf-aiops-北大,br-1,br,ipv6_route_nexthop_info,"prefix=""fd00:7:40::/64"",next_hop=""fe80::100:10:51"",dev=""ens4"",protocol=""bgp"",metric=""20"",route_index=""0"",nh_index=""0""",1
2026-07-28 17:36:00,ccf-aiops-北大,br-1,br,ipv6_route_nexthop_info,"prefix=""fd00:1:40::/64"",next_hop=""fe80::11:4"",dev=""ens5"",protocol=""ospf"",metric=""20"",route_index=""0"",nh_index=""0""",1
2026-07-28 17:36:00,ccf-aiops-北大,br-1,br,ipv6_route_nexthop_info,"prefix=""fd00:1:40::/64"",next_hop=""fe80::12:4"",dev=""ens5"",protocol=""ospf"",metric=""20"",route_index=""0"",nh_index=""1""",1
2026-07-28 17:36:00,ccf-aiops-北大,br-1,br,ospf6_interface_cost,"interface=""ens5""",1
2026-07-28 17:36:00,ccf-aiops-北大,br-1,br,ospf6_interface_enabled,"interface=""lo""",1
2026-07-28 17:36:00,ccf-aiops-北大,br-1,br,ospf6_interface_enabled,"interface=""ens10""",1
2026-07-28 17:36:00,ccf-aiops-北大,br-1,br,ospf6_interface_enabled,"interface=""ens11""",1
2026-07-28 17:36:00,ccf-aiops-北大,br-1,br,ospf6_interface_enabled,"interface=""ens12""",1
2026-07-28 17:36:00,ccf-aiops-北大,br-1,br,ospf6_interface_enabled,"interface=""ens3""",1
2026-07-28 17:36:00,ccf-aiops-北大,br-1,br,ospf6_interface_enabled,"interface=""ens5""",1
2026-07-28 17:36:00,ccf-aiops-北大,br-1,br,ospf6_interface_enabled,"interface=""virbr0""",0
2026-07-28 17:36:00,ccf-aiops-北大,br-1,br,ospf6_interface_enabled,"interface=""ens9""",1
2026-07-28 17:36:00,ccf-aiops-北大,br-1,br,ospf6_interface_enabled,"interface=""ens8""",1
2026-07-28 17:36:00,ccf-aiops-北大,br-1,br,ospf6_interface_enabled,"interface=""ens7""",1
2026-07-28 17:36:00,ccf-aiops-北大,br-1,br,ospf6_interface_enabled,"interface=""ens4""",1
2026-07-28 17:36:00,ccf-aiops-北大,br-1,br,ospf6_interface_enabled,"interface=""ens6""",1
2026-07-28 17:36:00,ccf-aiops-北大,br-1,br,ospf6_neighbor_state_code,"state=""Full"",interface=""ens5"",neighbor_id=""1.1.1.11""",6
2026-07-28 17:36:00,ccf-aiops-北大,br-1,br,ospf6_neighbor_state_code,"state=""Full"",interface=""ens5"",neighbor_id=""1.1.1.12""",6
2026-07-28 17:36:00,ccf-aiops-北大,br-1,br,ospf6_neighbor_state_code,"state=""Twoway"",interface=""ens5"",neighbor_id=""1.1.1.2""",2
2026-07-28 17:36:00,ccf-aiops-北大,br-2,br,bgp_command_success,"command=""bgp_summary""",1
2026-07-28 17:36:00,ccf-aiops-北大,br-2,br,bgp_peer_count,,4
2026-07-28 17:36:00,ccf-aiops-北大,br-2,br,bgp_peer_prefix_received,"peer=""fd00:100:10::52"",remote_as=""65006"",state=""Established""",6
2026-07-28 17:36:00,ccf-aiops-北大,br-2,br,bgp_peer_prefix_received,"peer=""fd00:100:10::42"",remote_as=""65005"",state=""Established""",6
2026-07-28 17:36:00,ccf-aiops-北大,br-2,br,bgp_peer_prefix_received,"peer=""fd00:100:10::12"",remote_as=""65002"",state=""Established""",4
2026-07-28 17:36:00,ccf-aiops-北大,br-2,br,bgp_peer_prefix_received,"peer=""fd00:100:10::22"",remote_as=""65003"",state=""Established""",5
2026-07-28 17:36:00,ccf-aiops-北大,br-2,br,bgp_peer_prefix_sent,"peer=""fd00:100:10::42"",remote_as=""65005"",state=""Established""",8
2026-07-28 17:36:00,ccf-aiops-北大,br-2,br,bgp_peer_prefix_sent,"peer=""fd00:100:10::52"",remote_as=""65006"",state=""Established""",8
2026-07-28 17:36:00,ccf-aiops-北大,br-2,br,bgp_peer_prefix_sent,"peer=""fd00:100:10::22"",remote_as=""65003"",state=""Established""",8
2026-07-28 17:36:00,ccf-aiops-北大,br-2,br,bgp_peer_prefix_sent,"peer=""fd00:100:10::12"",remote_as=""65002"",state=""Established""",8
2026-07-28 17:36:00,ccf-aiops-北大,br-2,br,bgp_peer_up,"peer=""fd00:100:10::52"",remote_as=""65006"",state=""Established""",1
2026-07-28 17:36:00,ccf-aiops-北大,br-2,br,bgp_peer_up,"peer=""fd00:100:10::12"",remote_as=""65002"",state=""Established""",1
2026-07-28 17:36:00,ccf-aiops-北大,br-2,br,bgp_peer_up,"peer=""fd00:100:10::22"",remote_as=""65003"",state=""Established""",1
2026-07-28 17:36:00,ccf-aiops-北大,br-2,br,bgp_peer_up,"peer=""fd00:100:10::42"",remote_as=""65005"",state=""Established""",1
2026-07-28 17:36:00,ccf-aiops-北大,br-2,br,bgp_peer_uptime_seconds,"peer=""fd00:100:10::12"",remote_as=""65002"",state=""Established""",531228
2026-07-28 17:36:00,ccf-aiops-北大,br-2,br,bgp_peer_uptime_seconds,"peer=""fd00:100:10::22"",remote_as=""65003"",state=""Established""",1361193
2026-07-28 17:36:00,ccf-aiops-北大,br-2,br,bgp_peer_uptime_seconds,"peer=""fd00:100:10::42"",remote_as=""65005"",state=""Established""",2430936
2026-07-28 17:36:00,ccf-aiops-北大,br-2,br,bgp_peer_uptime_seconds,"peer=""fd00:100:10::52"",remote_as=""65006"",state=""Established""",2430843
2026-07-28 17:36:00,ccf-aiops-北大,br-2,br,ipv6_default_route_changed_total,,0
2026-07-28 17:36:00,ccf-aiops-北大,br-2,br,ipv6_default_route_info,"next_hop=""240a:a023::1"",dev=""ens4"",protocol=""unknown"",metric=""1024"",route_index=""0"",nh_index=""0""",1
2026-07-28 17:36:00,ccf-aiops-北大,br-2,br,ipv6_route_change_total,"prefix=""fd00:8:40::/64""",0
2026-07-28 17:36:00,ccf-aiops-北大,br-2,br,ipv6_route_change_total,"prefix=""::/0""",0
2026-07-28 17:36:00,ccf-aiops-北大,br-2,br,ipv6_route_change_total,"prefix=""fd00:1:40::/64""",0
2026-07-28 17:36:00,ccf-aiops-北大,br-2,br,ipv6_route_change_total,"prefix=""fd00:2:40::/64""",0
2026-07-28 17:36:00,ccf-aiops-北大,br-2,br,ipv6_route_change_total,"prefix=""fd00:3:40::/64""",0
2026-07-28 17:36:00,ccf-aiops-北大,br-2,br,ipv6_route_change_total,"prefix=""fd00:4:40::/64""",0
2026-07-28 17:36:00,ccf-aiops-北大,br-2,br,ipv6_route_change_total,"prefix=""fd00:5:40::/64""",0
2026-07-28 17:36:00,ccf-aiops-北大,br-2,br,ipv6_route_change_total,"prefix=""fd00:6:40::/64""",0
2026-07-28 17:36:00,ccf-aiops-北大,br-2,br,ipv6_route_change_total,"prefix=""fd00:7:40::/64""",4
2026-07-28 17:36:00,ccf-aiops-北大,br-2,br,ipv6_route_count,"protocol=""unknown""",3
2026-07-28 17:36:00,ccf-aiops-北大,br-2,br,ipv6_route_count,"protocol=""ospf""",2
2026-07-28 17:36:00,ccf-aiops-北大,br-2,br,ipv6_route_count,"protocol=""all""",19
2026-07-28 17:36:00,ccf-aiops-北大,br-2,br,ipv6_route_count,"protocol=""kernel""",7
2026-07-28 17:36:00,ccf-aiops-北大,br-2,br,ipv6_route_count,"protocol=""bgp""",7
2026-07-28 17:36:00,ccf-aiops-北大,br-2,br,ipv6_route_exists,"prefix=""fd00:1:40::/64""",1
2026-07-28 17:36:00,ccf-aiops-北大,br-2,br,ipv6_route_exists,"prefix=""fd00:8:40::/64""",1
2026-07-28 17:36:00,ccf-aiops-北大,br-2,br,ipv6_route_exists,"prefix=""fd00:7:40::/64""",1
2026-07-28 17:36:00,ccf-aiops-北大,br-2,br,ipv6_route_exists,"prefix=""fd00:6:40::/64""",1
2026-07-28 17:36:00,ccf-aiops-北大,br-2,br,ipv6_route_exists,"prefix=""fd00:5:40::/64""",1
2026-07-28 17:36:00,ccf-aiops-北大,br-2,br,ipv6_route_exists,"prefix=""fd00:4:40::/64""",1
2026-07-28 17:36:00,ccf-aiops-北大,br-2,br,ipv6_route_exists,"prefix=""fd00:3:40::/64""",1
2026-07-28 17:36:00,ccf-aiops-北大,br-2,br,ipv6_route_exists,"prefix=""fd00:2:40::/64""",1
2026-07-28 17:36:00,ccf-aiops-北大,br-2,br,ipv6_route_exists,"prefix=""::/0""",1
2026-07-28 17:36:00,ccf-aiops-北大,br-2,br,ipv6_route_nexthop_info,"prefix=""fd00:2:40::/64"",next_hop=""fe80::100:10:12"",dev=""ens4"",protocol=""bgp"",metric=""20"",route_index=""0"",nh_index=""0""",1
2026-07-28 17:36:00,ccf-aiops-北大,br-2,br,ipv6_route_nexthop_info,"prefix=""fd00:7:40::/64"",next_hop=""fe80::100:10:42"",dev=""ens4"",protocol=""bgp"",metric=""20"",route_index=""0"",nh_index=""0""",1
2026-07-28 17:36:00,ccf-aiops-北大,br-2,br,ipv6_route_nexthop_info,"prefix=""fd00:5:40::/64"",next_hop=""fe80::100:10:42"",dev=""ens4"",protocol=""bgp"",metric=""20"",route_index=""0"",nh_index=""0""",1
2026-07-28 17:36:00,ccf-aiops-北大,br-2,br,ipv6_route_nexthop_info,"prefix=""fd00:4:40::/64"",next_hop=""fe80::100:10:42"",dev=""ens4"",protocol=""bgp"",metric=""20"",route_index=""0"",nh_index=""0""",1
2026-07-28 17:36:00,ccf-aiops-北大,br-2,br,ipv6_route_nexthop_info,"prefix=""fd00:3:40::/64"",next_hop=""fe80::100:10:22"",dev=""ens4"",protocol=""bgp"",metric=""20"",route_index=""0"",nh_index=""0""",1
2026-07-28 17:36:00,ccf-aiops-北大,br-2,br,ipv6_route_nexthop_info,"prefix=""::/0"",next_hop=""240a:a023::1"",dev=""ens4"",protocol=""unknown"",metric=""1024"",route_index=""0"",nh_index=""0""",1
2026-07-28 17:36:00,ccf-aiops-北大,br-2,br,ipv6_route_nexthop_info,"prefix=""fd00:8:40::/64"",next_hop=""fe80::100:10:42"",dev=""ens4"",protocol=""bgp"",metric=""20"",route_index=""0"",nh_index=""0""",1
2026-07-28 17:36:00,ccf-aiops-北大,br-2,br,ipv6_route_nexthop_info,"prefix=""fd00:6:40::/64"",next_hop=""fe80::100:10:52"",dev=""ens4"",protocol=""bgp"",metric=""20"",route_index=""0"",nh_index=""0""",1
2026-07-28 17:36:00,ccf-aiops-北大,br-2,br,ipv6_route_nexthop_info,"prefix=""fd00:1:40::/64"",next_hop=""fe80::12:4"",dev=""ens5"",protocol=""ospf"",metric=""20"",route_index=""0"",nh_index=""1""",1
2026-07-28 17:36:00,ccf-aiops-北大,br-2,br,ipv6_route_nexthop_info,"prefix=""fd00:1:40::/64"",next_hop=""fe80::11:4"",dev=""ens5"",protocol=""ospf"",metric=""20"",route_index=""0"",nh_index=""0""",1
2026-07-28 17:36:00,ccf-aiops-北大,br-2,br,ospf6_interface_cost,"interface=""ens5""",1
2026-07-28 17:36:00,ccf-aiops-北大,br-2,br,ospf6_interface_enabled,"interface=""ens4""",1
2026-07-28 17:36:00,ccf-aiops-北大,br-2,br,ospf6_interface_enabled,"interface=""ens7""",1
2026-07-28 17:36:00,ccf-aiops-北大,br-2,br,ospf6_interface_enabled,"interface=""ens8""",1
2026-07-28 17:36:00,ccf-aiops-北大,br-2,br,ospf6_interface_enabled,"interface=""ens9""",1
2026-07-28 17:36:00,ccf-aiops-北大,br-2,br,ospf6_interface_enabled,"interface=""lo""",1
2026-07-28 17:36:00,ccf-aiops-北大,br-2,br,ospf6_interface_enabled,"interface=""virbr0""",0
2026-07-28 17:36:00,ccf-aiops-北大,br-2,br,ospf6_interface_enabled,"interface=""ens6""",1
2026-07-28 17:36:00,ccf-aiops-北大,br-2,br,ospf6_interface_enabled,"interface=""ens5""",1
2026-07-28 17:36:00,ccf-aiops-北大,br-2,br,ospf6_interface_enabled,"interface=""ens3""",1
2026-07-28 17:36:00,ccf-aiops-北大,br-2,br,ospf6_interface_enabled,"interface=""ens12""",1
2026-07-28 17:36:00,ccf-aiops-北大,br-2,br,ospf6_interface_enabled,"interface=""ens11""",1
2026-07-28 17:36:00,ccf-aiops-北大,br-2,br,ospf6_interface_enabled,"interface=""ens10""",1
2026-07-28 17:36:00,ccf-aiops-北大,br-2,br,ospf6_neighbor_state_code,"state=""Full"",interface=""ens5"",neighbor_id=""1.1.1.12""",6
2026-07-28 17:36:00,ccf-aiops-北大,br-2,br,ospf6_neighbor_state_code,"state=""Twoway"",interface=""ens5"",neighbor_id=""1.1.1.1""",2
2026-07-28 17:36:00,ccf-aiops-北大,br-2,br,ospf6_neighbor_state_code,"state=""Full"",interface=""ens5"",neighbor_id=""1.1.1.11""",6
2026-07-28 17:36:00,ccf-aiops-北大,cr-1,cr,ipv6_default_route_changed_total,,0
2026-07-28 17:36:00,ccf-aiops-北大,cr-1,cr,ipv6_default_route_info,"next_hop=""fd00:1:20::1"",dev=""ens4"",protocol=""196"",metric=""20"",route_index=""0"",nh_index=""0""",1
2026-07-28 17:36:00,ccf-aiops-北大,cr-1,cr,ipv6_default_route_info,"next_hop=""fd00:1:20::2"",dev=""ens4"",protocol=""196"",metric=""20"",route_index=""0"",nh_index=""1""",1
2026-07-28 17:36:00,ccf-aiops-北大,cr-1,cr,ipv6_route_change_total,"prefix=""fd00:3:40::/64""",0
2026-07-28 17:36:00,ccf-aiops-北大,cr-1,cr,ipv6_route_change_total,"prefix=""fd00:5:40::/64""",0
2026-07-28 17:36:00,ccf-aiops-北大,cr-1,cr,ipv6_route_change_total,"prefix=""fd00:2:40::/64""",0
2026-07-28 17:36:00,ccf-aiops-北大,cr-1,cr,ipv6_route_change_total,"prefix=""fd00:1:40::/64""",0
2026-07-28 17:36:00,ccf-aiops-北大,cr-1,cr,ipv6_route_change_total,"prefix=""::/0""",0
2026-07-28 17:36:00,ccf-aiops-北大,cr-1,cr,ipv6_route_change_total,"prefix=""fd00:6:40::/64""",0
2026-07-28 17:36:00,ccf-aiops-北大,cr-1,cr,ipv6_route_change_total,"prefix=""fd00:7:40::/64""",0
2026-07-28 17:36:00,ccf-aiops-北大,cr-1,cr,ipv6_route_change_total,"prefix=""fd00:8:40::/64""",0
2026-07-28 17:36:00,ccf-aiops-北大,cr-1,cr,ipv6_route_change_total,"prefix=""fd00:4:40::/64""",0
2026-07-28 17:36:00,ccf-aiops-北大,cr-1,cr,ipv6_route_count,"protocol=""ospf""",7
2026-07-28 17:36:00,ccf-aiops-北大,cr-1,cr,ipv6_route_count,"protocol=""kernel""",6
2026-07-28 17:36:00,ccf-aiops-北大,cr-1,cr,ipv6_route_count,"protocol=""all""",15
2026-07-28 17:36:00,ccf-aiops-北大,cr-1,cr,ipv6_route_count,"protocol=""196""",2
2026-07-28 17:36:00,ccf-aiops-北大,cr-1,cr,ipv6_route_exists,"prefix=""::/0""",1
2026-07-28 17:36:00,ccf-aiops-北大,cr-1,cr,ipv6_route_exists,"prefix=""fd00:2:40::/64""",1
2026-07-28 17:36:00,ccf-aiops-北大,cr-1,cr,ipv6_route_exists,"prefix=""fd00:3:40::/64""",1
2026-07-28 17:36:00,ccf-aiops-北大,cr-1,cr,ipv6_route_exists,"prefix=""fd00:4:40::/64""",1
2026-07-28 17:36:00,ccf-aiops-北大,cr-1,cr,ipv6_route_exists,"prefix=""fd00:5:40::/64""",1
2026-07-28 17:36:00,ccf-aiops-北大,cr-1,cr,ipv6_route_exists,"prefix=""fd00:6:40::/64""",1
2026-07-28 17:36:00,ccf-aiops-北大,cr-1,cr,ipv6_route_exists,"prefix=""fd00:7:40::/64""",1
2026-07-28 17:36:00,ccf-aiops-北大,cr-1,cr,ipv6_route_exists,"prefix=""fd00:8:40::/64""",1
2026-07-28 17:36:00,ccf-aiops-北大,cr-1,cr,ipv6_route_exists,"prefix=""fd00:1:40::/64""",1
2026-07-28 17:36:00,ccf-aiops-北大,cr-1,cr,ipv6_route_nexthop_info,"prefix=""fd00:4:40::/64"",next_hop=""fe80::2:5"",dev=""ens4"",protocol=""ospf"",metric=""20"",route_index=""0"",nh_index=""1""",1
2026-07-28 17:36:00,ccf-aiops-北大,cr-1,cr,ipv6_route_nexthop_info,"prefix=""::/0"",next_hop=""fd00:1:20::1"",dev=""ens4"",protocol=""196"",metric=""20"",route_index=""0"",nh_index=""0""",1
2026-07-28 17:36:00,ccf-aiops-北大,cr-1,cr,ipv6_route_nexthop_info,"prefix=""::/0"",next_hop=""fd00:1:20::2"",dev=""ens4"",protocol=""196"",metric=""20"",route_index=""0"",nh_index=""1""",1
2026-07-28 17:36:00,ccf-aiops-北大,cr-1,cr,ipv6_route_nexthop_info,"prefix=""fd00:2:40::/64"",next_hop=""fe80::1:5"",dev=""ens4"",protocol=""ospf"",metric=""20"",route_index=""0"",nh_index=""0""",1
2026-07-28 17:36:00,ccf-aiops-北大,cr-1,cr,ipv6_route_nexthop_info,"prefix=""fd00:3:40::/64"",next_hop=""fe80::1:5"",dev=""ens4"",protocol=""ospf"",metric=""20"",route_index=""0"",nh_index=""0""",1
2026-07-28 17:36:00,ccf-aiops-北大,cr-1,cr,ipv6_route_nexthop_info,"prefix=""fd00:4:40::/64"",next_hop=""fe80::1:5"",dev=""ens4"",protocol=""ospf"",metric=""20"",route_index=""0"",nh_index=""0""",1
2026-07-28 17:36:00,ccf-aiops-北大,cr-1,cr,ipv6_route_nexthop_info,"prefix=""fd00:5:40::/64"",next_hop=""fe80::1:5"",dev=""ens4"",protocol=""ospf"",metric=""20"",route_index=""0"",nh_index=""0""",1
2026-07-28 17:36:00,ccf-aiops-北大,cr-1,cr,ipv6_route_nexthop_info,"prefix=""fd00:1:40::/64"",next_hop=""fd00:1:30::254"",dev=""ens5"",protocol=""196"",metric=""20"",route_index=""0"",nh_index=""0""",1
2026-07-28 17:36:00,ccf-aiops-北大,cr-1,cr,ipv6_route_nexthop_info,"prefix=""fd00:6:40::/64"",next_hop=""fe80::1:5"",dev=""ens4"",protocol=""ospf"",metric=""20"",route_index=""0"",nh_index=""0""",1
2026-07-28 17:36:00,ccf-aiops-北大,cr-1,cr,ipv6_route_nexthop_info,"prefix=""fd00:7:40::/64"",next_hop=""fe80::1:5"",dev=""ens4"",protocol=""ospf"",metric=""20"",route_index=""0"",nh_index=""0""",1
2026-07-28 17:36:00,ccf-aiops-北大,cr-1,cr,ipv6_route_nexthop_info,"prefix=""fd00:8:40::/64"",next_hop=""fe80::1:5"",dev=""ens4"",protocol=""ospf"",metric=""20"",route_index=""0"",nh_index=""0""",1
2026-07-28 17:36:00,ccf-aiops-北大,cr-1,cr,ipv6_route_nexthop_info,"prefix=""fd00:2:40::/64"",next_hop=""fe80::2:5"",dev=""ens4"",protocol=""ospf"",metric=""20"",route_index=""0"",nh_index=""1""",1
2026-07-28 17:36:00,ccf-aiops-北大,cr-1,cr,ipv6_route_nexthop_info,"prefix=""fd00:8:40::/64"",next_hop=""fe80::2:5"",dev=""ens4"",protocol=""ospf"",metric=""20"",route_index=""0"",nh_index=""1""",1
2026-07-28 17:36:00,ccf-aiops-北大,cr-1,cr,ipv6_route_nexthop_info,"prefix=""fd00:7:40::/64"",next_hop=""fe80::2:5"",dev=""ens4"",protocol=""ospf"",metric=""20"",route_index=""0"",nh_index=""1""",1
2026-07-28 17:36:00,ccf-aiops-北大,cr-1,cr,ipv6_route_nexthop_info,"prefix=""fd00:6:40::/64"",next_hop=""fe80::2:5"",dev=""ens4"",protocol=""ospf"",metric=""20"",route_index=""0"",nh_index=""1""",1
2026-07-28 17:36:00,ccf-aiops-北大,cr-1,cr,ipv6_route_nexthop_info,"prefix=""fd00:5:40::/64"",next_hop=""fe80::2:5"",dev=""ens4"",protocol=""ospf"",metric=""20"",route_index=""0"",nh_index=""1""",1
2026-07-28 17:36:00,ccf-aiops-北大,cr-1,cr,ipv6_route_nexthop_info,"prefix=""fd00:3:40::/64"",next_hop=""fe80::2:5"",dev=""ens4"",protocol=""ospf"",metric=""20"",route_index=""0"",nh_index=""1""",1
2026-07-28 17:36:00,ccf-aiops-北大,cr-1,cr,ospf6_interface_cost,"interface=""ens5""",1
2026-07-28 17:36:00,ccf-aiops-北大,cr-1,cr,ospf6_interface_cost,"interface=""ens4""",1
2026-07-28 17:36:00,ccf-aiops-北大,cr-1,cr,ospf6_interface_enabled,"interface=""ens3""",1
2026-07-28 17:36:00,ccf-aiops-北大,cr-1,cr,ospf6_interface_enabled,"interface=""virbr0""",0
2026-07-28 17:36:00,ccf-aiops-北大,cr-1,cr,ospf6_interface_enabled,"interface=""lo""",1
2026-07-28 17:36:00,ccf-aiops-北大,cr-1,cr,ospf6_interface_enabled,"interface=""ens8""",1
2026-07-28 17:36:00,ccf-aiops-北大,cr-1,cr,ospf6_interface_enabled,"interface=""ens7""",1
2026-07-28 17:36:00,ccf-aiops-北大,cr-1,cr,ospf6_interface_enabled,"interface=""ens6""",1
2026-07-28 17:36:00,ccf-aiops-北大,cr-1,cr,ospf6_interface_enabled,"interface=""ens5""",1
2026-07-28 17:36:00,ccf-aiops-北大,cr-1,cr,ospf6_interface_enabled,"interface=""ens4""",1
2026-07-28 17:36:00,ccf-aiops-北大,cr-1,cr,ospf6_interface_enabled,"interface=""ens12""",1
2026-07-28 17:36:00,ccf-aiops-北大,cr-1,cr,ospf6_interface_enabled,"interface=""ens11""",1
2026-07-28 17:36:00,ccf-aiops-北大,cr-1,cr,ospf6_interface_enabled,"interface=""ens10""",1
2026-07-28 17:36:00,ccf-aiops-北大,cr-1,cr,ospf6_interface_enabled,"interface=""ens9""",1
2026-07-28 17:36:00,ccf-aiops-北大,cr-1,cr,ospf6_neighbor_state_code,"state=""Full"",interface=""ens4"",neighbor_id=""1.1.1.1""",6
2026-07-28 17:36:00,ccf-aiops-北大,cr-1,cr,ospf6_neighbor_state_code,"state=""Full"",interface=""ens4"",neighbor_id=""1.1.1.12""",6
2026-07-28 17:36:00,ccf-aiops-北大,cr-1,cr,ospf6_neighbor_state_code,"state=""Full"",interface=""ens4"",neighbor_id=""1.1.1.2""",6
2026-07-28 17:36:00,ccf-aiops-北大,cr-1,cr,ospf6_neighbor_state_code,"state=""Full"",interface=""ens5"",neighbor_id=""1.1.1.12""",6
2026-07-28 17:36:00,ccf-aiops-北大,cr-1,cr,bgp_command_success,,
2026-07-28 17:36:00,ccf-aiops-北大,cr-1,cr,bgp_peer_up,,
2026-07-28 17:36:00,ccf-aiops-北大,cr-1,cr,bgp_peer_uptime_seconds,,
2026-07-28 17:36:00,ccf-aiops-北大,cr-1,cr,bgp_peer_prefix_received,,
2026-07-28 17:36:00,ccf-aiops-北大,cr-1,cr,bgp_peer_prefix_sent,,
2026-07-28 17:36:00,ccf-aiops-北大,cr-1,cr,bgp_peer_count,,
2026-07-28 17:36:00,ccf-aiops-北大,cr-2,cr,ipv6_default_route_changed_total,,0
2026-07-28 17:36:00,ccf-aiops-北大,cr-2,cr,ipv6_default_route_info,"next_hop=""fd00:1:20::2"",dev=""ens4"",protocol=""196"",metric=""20"",route_index=""0"",nh_index=""1""",1
2026-07-28 17:36:00,ccf-aiops-北大,cr-2,cr,ipv6_default_route_info,"next_hop=""fd00:1:20::1"",dev=""ens4"",protocol=""196"",metric=""20"",route_index=""0"",nh_index=""0""",1
2026-07-28 17:36:00,ccf-aiops-北大,cr-2,cr,ipv6_route_change_total,"prefix=""fd00:8:40::/64""",0
2026-07-28 17:36:00,ccf-aiops-北大,cr-2,cr,ipv6_route_change_total,"prefix=""fd00:2:40::/64""",0
2026-07-28 17:36:00,ccf-aiops-北大,cr-2,cr,ipv6_route_change_total,"prefix=""fd00:1:40::/64""",0
2026-07-28 17:36:00,ccf-aiops-北大,cr-2,cr,ipv6_route_change_total,"prefix=""::/0""",0
2026-07-28 17:36:00,ccf-aiops-北大,cr-2,cr,ipv6_route_change_total,"prefix=""fd00:3:40::/64""",0
2026-07-28 17:36:00,ccf-aiops-北大,cr-2,cr,ipv6_route_change_total,"prefix=""fd00:4:40::/64""",0
2026-07-28 17:36:00,ccf-aiops-北大,cr-2,cr,ipv6_route_change_total,"prefix=""fd00:5:40::/64""",0
2026-07-28 17:36:00,ccf-aiops-北大,cr-2,cr,ipv6_route_change_total,"prefix=""fd00:6:40::/64""",0
2026-07-28 17:36:00,ccf-aiops-北大,cr-2,cr,ipv6_route_change_total,"prefix=""fd00:7:40::/64""",0
2026-07-28 17:36:00,ccf-aiops-北大,cr-2,cr,ipv6_route_count,"protocol=""196""",2
2026-07-28 17:36:00,ccf-aiops-北大,cr-2,cr,ipv6_route_count,"protocol=""all""",15
2026-07-28 17:36:00,ccf-aiops-北大,cr-2,cr,ipv6_route_count,"protocol=""kernel""",6
2026-07-28 17:36:00,ccf-aiops-北大,cr-2,cr,ipv6_route_count,"protocol=""ospf""",7
2026-07-28 17:36:00,ccf-aiops-北大,cr-2,cr,ipv6_route_exists,"prefix=""::/0""",1
2026-07-28 17:36:00,ccf-aiops-北大,cr-2,cr,ipv6_route_exists,"prefix=""fd00:1:40::/64""",1
2026-07-28 17:36:00,ccf-aiops-北大,cr-2,cr,ipv6_route_exists,"prefix=""fd00:2:40::/64""",1
2026-07-28 17:36:00,ccf-aiops-北大,cr-2,cr,ipv6_route_exists,"prefix=""fd00:8:40::/64""",1
2026-07-28 17:36:00,ccf-aiops-北大,cr-2,cr,ipv6_route_exists,"prefix=""fd00:3:40::/64""",1
2026-07-28 17:36:00,ccf-aiops-北大,cr-2,cr,ipv6_route_exists,"prefix=""fd00:4:40::/64""",1
2026-07-28 17:36:00,ccf-aiops-北大,cr-2,cr,ipv6_route_exists,"prefix=""fd00:5:40::/64""",1
2026-07-28 17:36:00,ccf-aiops-北大,cr-2,cr,ipv6_route_exists,"prefix=""fd00:7:40::/64""",1
2026-07-28 17:36:00,ccf-aiops-北大,cr-2,cr,ipv6_route_exists,"prefix=""fd00:6:40::/64""",1
2026-07-28 17:36:00,ccf-aiops-北大,cr-2,cr,ipv6_route_nexthop_info,"prefix=""fd00:8:40::/64"",next_hop=""fe80::2:5"",dev=""ens4"",protocol=""ospf"",metric=""20"",route_index=""0"",nh_index=""1""",1
2026-07-28 17:36:00,ccf-aiops-北大,cr-2,cr,ipv6_route_nexthop_info,"prefix=""fd00:7:40::/64"",next_hop=""fe80::2:5"",dev=""ens4"",protocol=""ospf"",metric=""20"",route_index=""0"",nh_index=""1""",1
2026-07-28 17:36:00,ccf-aiops-北大,cr-2,cr,ipv6_route_nexthop_info,"prefix=""fd00:6:40::/64"",next_hop=""fe80::2:5"",dev=""ens4"",protocol=""ospf"",metric=""20"",route_index=""0"",nh_index=""1""",1
2026-07-28 17:36:00,ccf-aiops-北大,cr-2,cr,ipv6_route_nexthop_info,"prefix=""fd00:5:40::/64"",next_hop=""fe80::2:5"",dev=""ens4"",protocol=""ospf"",metric=""20"",route_index=""0"",nh_index=""1""",1
2026-07-28 17:36:00,ccf-aiops-北大,cr-2,cr,ipv6_route_nexthop_info,"prefix=""fd00:4:40::/64"",next_hop=""fe80::2:5"",dev=""ens4"",protocol=""ospf"",metric=""20"",route_index=""0"",nh_index=""1""",1
2026-07-28 17:36:00,ccf-aiops-北大,cr-2,cr,ipv6_route_nexthop_info,"prefix=""fd00:3:40::/64"",next_hop=""fe80::2:5"",dev=""ens4"",protocol=""ospf"",metric=""20"",route_index=""0"",nh_index=""1""",1
2026-07-28 17:36:00,ccf-aiops-北大,cr-2,cr,ipv6_route_nexthop_info,"prefix=""fd00:2:40::/64"",next_hop=""fe80::2:5"",dev=""ens4"",protocol=""ospf"",metric=""20"",route_index=""0"",nh_index=""1""",1
2026-07-28 17:36:00,ccf-aiops-北大,cr-2,cr,ipv6_route_nexthop_info,"prefix=""fd00:8:40::/64"",next_hop=""fe80::1:5"",dev=""ens4"",protocol=""ospf"",metric=""20"",route_index=""0"",nh_index=""0""",1
2026-07-28 17:36:00,ccf-aiops-北大,cr-2,cr,ipv6_route_nexthop_info,"prefix=""fd00:1:40::/64"",next_hop=""fd00:1:30::254"",dev=""ens5"",protocol=""196"",metric=""20"",route_index=""0"",nh_index=""0""",1
2026-07-28 17:36:00,ccf-aiops-北大,cr-2,cr,ipv6_route_nexthop_info,"prefix=""fd00:7:40::/64"",next_hop=""fe80::1:5"",dev=""ens4"",protocol=""ospf"",metric=""20"",route_index=""0"",nh_index=""0""",1
2026-07-28 17:36:00,ccf-aiops-北大,cr-2,cr,ipv6_route_nexthop_info,"prefix=""fd00:6:40::/64"",next_hop=""fe80::1:5"",dev=""ens4"",protocol=""ospf"",metric=""20"",route_index=""0"",nh_index=""0""",1
2026-07-28 17:36:00,ccf-aiops-北大,cr-2,cr,ipv6_route_nexthop_info,"prefix=""fd00:5:40::/64"",next_hop=""fe80::1:5"",dev=""ens4"",protocol=""ospf"",metric=""20"",route_index=""0"",nh_index=""0""",1
2026-07-28 17:36:00,ccf-aiops-北大,cr-2,cr,ipv6_route_nexthop_info,"prefix=""fd00:4:40::/64"",next_hop=""fe80::1:5"",dev=""ens4"",protocol=""ospf"",metric=""20"",route_index=""0"",nh_index=""0""",1
2026-07-28 17:36:00,ccf-aiops-北大,cr-2,cr,ipv6_route_nexthop_info,"prefix=""fd00:3:40::/64"",next_hop=""fe80::1:5"",dev=""ens4"",protocol=""ospf"",metric=""20"",route_index=""0"",nh_index=""0""",1
2026-07-28 17:36:00,ccf-aiops-北大,cr-2,cr,ipv6_route_nexthop_info,"prefix=""fd00:2:40::/64"",next_hop=""fe80::1:5"",dev=""ens4"",protocol=""ospf"",metric=""20"",route_index=""0"",nh_index=""0""",1
2026-07-28 17:36:00,ccf-aiops-北大,cr-2,cr,ipv6_route_nexthop_info,"prefix=""::/0"",next_hop=""fd00:1:20::2"",dev=""ens4"",protocol=""196"",metric=""20"",route_index=""0"",nh_index=""1""",1
2026-07-28 17:36:00,ccf-aiops-北大,cr-2,cr,ipv6_route_nexthop_info,"prefix=""::/0"",next_hop=""fd00:1:20::1"",dev=""ens4"",protocol=""196"",metric=""20"",route_index=""0"",nh_index=""0""",1
2026-07-28 17:36:00,ccf-aiops-北大,cr-2,cr,ospf6_interface_cost,"interface=""ens5""",1
2026-07-28 17:36:00,ccf-aiops-北大,cr-2,cr,ospf6_interface_cost,"interface=""ens4""",1
2026-07-28 17:36:00,ccf-aiops-北大,cr-2,cr,ospf6_interface_enabled,"interface=""ens11""",1
2026-07-28 17:36:00,ccf-aiops-北大,cr-2,cr,ospf6_interface_enabled,"interface=""lo""",1
2026-07-28 17:36:00,ccf-aiops-北大,cr-2,cr,ospf6_interface_enabled,"interface=""ens9""",1
2026-07-28 17:36:00,ccf-aiops-北大,cr-2,cr,ospf6_interface_enabled,"interface=""ens8""",1
2026-07-28 17:36:00,ccf-aiops-北大,cr-2,cr,ospf6_interface_enabled,"interface=""ens7""",1
2026-07-28 17:36:00,ccf-aiops-北大,cr-2,cr,ospf6_interface_enabled,"interface=""ens6""",1
2026-07-28 17:36:00,ccf-aiops-北大,cr-2,cr,ospf6_interface_enabled,"interface=""ens5""",1
2026-07-28 17:36:00,ccf-aiops-北大,cr-2,cr,ospf6_interface_enabled,"interface=""ens4""",1
2026-07-28 17:36:00,ccf-aiops-北大,cr-2,cr,ospf6_interface_enabled,"interface=""ens3""",1
2026-07-28 17:36:00,ccf-aiops-北大,cr-2,cr,ospf6_interface_enabled,"interface=""ens12""",1
2026-07-28 17:36:00,ccf-aiops-北大,cr-2,cr,ospf6_interface_enabled,"interface=""ens10""",1
2026-07-28 17:36:00,ccf-aiops-北大,cr-2,cr,ospf6_interface_enabled,"interface=""virbr0""",0
2026-07-28 17:36:00,ccf-aiops-北大,cr-2,cr,ospf6_neighbor_state_code,"state=""Full"",interface=""ens5"",neighbor_id=""1.1.1.11""",6
2026-07-28 17:36:00,ccf-aiops-北大,cr-2,cr,ospf6_neighbor_state_code,"state=""Full"",interface=""ens4"",neighbor_id=""1.1.1.2""",6
2026-07-28 17:36:00,ccf-aiops-北大,cr-2,cr,ospf6_neighbor_state_code,"state=""Full"",interface=""ens4"",neighbor_id=""1.1.1.11""",6
2026-07-28 17:36:00,ccf-aiops-北大,cr-2,cr,ospf6_neighbor_state_code,"state=""Full"",interface=""ens4"",neighbor_id=""1.1.1.1""",6
2026-07-28 17:36:00,ccf-aiops-北大,cr-2,cr,bgp_command_success,,
2026-07-28 17:36:00,ccf-aiops-北大,cr-2,cr,bgp_peer_up,,
2026-07-28 17:36:00,ccf-aiops-北大,cr-2,cr,bgp_peer_uptime_seconds,,
2026-07-28 17:36:00,ccf-aiops-北大,cr-2,cr,bgp_peer_prefix_received,,
2026-07-28 17:36:00,ccf-aiops-北大,cr-2,cr,bgp_peer_prefix_sent,,
2026-07-28 17:36:00,ccf-aiops-北大,cr-2,cr,bgp_peer_count,,
2026-07-28 17:37:00,ccf-aiops-北大,br-1,br,bgp_command_success,"command=""bgp_summary""",1
2026-07-28 17:37:00,ccf-aiops-北大,br-1,br,bgp_peer_count,,4
2026-07-28 17:37:00,ccf-aiops-北大,br-1,br,bgp_peer_prefix_received,"peer=""fd00:100:10::11"",remote_as=""65002"",state=""Established""",4
2026-07-28 17:37:00,ccf-aiops-北大,br-1,br,bgp_peer_prefix_received,"peer=""fd00:100:10::21"",remote_as=""65003"",state=""Established""",6
2026-07-28 17:37:00,ccf-aiops-北大,br-1,br,bgp_peer_prefix_received,"peer=""fd00:100:10::41"",remote_as=""65005"",state=""Established""",6
2026-07-28 17:37:00,ccf-aiops-北大,br-1,br,bgp_peer_prefix_received,"peer=""fd00:100:10::51"",remote_as=""65006"",state=""Established""",7
2026-07-28 17:37:00,ccf-aiops-北大,br-1,br,bgp_peer_prefix_sent,"peer=""fd00:100:10::51"",remote_as=""65006"",state=""Established""",8
2026-07-28 17:37:00,ccf-aiops-北大,br-1,br,bgp_peer_prefix_sent,"peer=""fd00:100:10::41"",remote_as=""65005"",state=""Established""",8
2026-07-28 17:37:00,ccf-aiops-北大,br-1,br,bgp_peer_prefix_sent,"peer=""fd00:100:10::11"",remote_as=""65002"",state=""Established""",8
2026-07-28 17:37:00,ccf-aiops-北大,br-1,br,bgp_peer_prefix_sent,"peer=""fd00:100:10::21"",remote_as=""65003"",state=""Established""",8
2026-07-28 17:37:00,ccf-aiops-北大,br-1,br,bgp_peer_up,"peer=""fd00:100:10::51"",remote_as=""65006"",state=""Established""",1
2026-07-28 17:37:00,ccf-aiops-北大,br-1,br,bgp_peer_up,"peer=""fd00:100:10::41"",remote_as=""65005"",state=""Established""",1
2026-07-28 17:37:00,ccf-aiops-北大,br-1,br,bgp_peer_up,"peer=""fd00:100:10::21"",remote_as=""65003"",state=""Established""",1
2026-07-28 17:37:00,ccf-aiops-北大,br-1,br,bgp_peer_up,"peer=""fd00:100:10::11"",remote_as=""65002"",state=""Established""",1
2026-07-28 17:37:00,ccf-aiops-北大,br-1,br,bgp_peer_uptime_seconds,"peer=""fd00:100:10::51"",remote_as=""65006"",state=""Established""",2430884
2026-07-28 17:37:00,ccf-aiops-北大,br-1,br,bgp_peer_uptime_seconds,"peer=""fd00:100:10::41"",remote_as=""65005"",state=""Established""",2430972
2026-07-28 17:37:00,ccf-aiops-北大,br-1,br,bgp_peer_uptime_seconds,"peer=""fd00:100:10::21"",remote_as=""65003"",state=""Established""",667915
2026-07-28 17:37:00,ccf-aiops-北大,br-1,br,bgp_peer_uptime_seconds,"peer=""fd00:100:10::11"",remote_as=""65002"",state=""Established""",531317
2026-07-28 17:37:00,ccf-aiops-北大,br-1,br,ipv6_default_route_changed_total,,0
2026-07-28 17:37:00,ccf-aiops-北大,br-1,br,ipv6_default_route_info,"next_hop=""240a:a023::1"",dev=""ens4"",protocol=""unknown"",metric=""1024"",route_index=""0"",nh_index=""0""",1
2026-07-28 17:37:00,ccf-aiops-北大,br-1,br,ipv6_route_change_total,"prefix=""fd00:6:40::/64""",0
2026-07-28 17:37:00,ccf-aiops-北大,br-1,br,ipv6_route_change_total,"prefix=""fd00:8:40::/64""",0
2026-07-28 17:37:00,ccf-aiops-北大,br-1,br,ipv6_route_change_total,"prefix=""fd00:7:40::/64""",6
2026-07-28 17:37:00,ccf-aiops-北大,br-1,br,ipv6_route_change_total,"prefix=""::/0""",0
2026-07-28 17:37:00,ccf-aiops-北大,br-1,br,ipv6_route_change_total,"prefix=""fd00:1:40::/64""",0
2026-07-28 17:37:00,ccf-aiops-北大,br-1,br,ipv6_route_change_total,"prefix=""fd00:3:40::/64""",0
2026-07-28 17:37:00,ccf-aiops-北大,br-1,br,ipv6_route_change_total,"prefix=""fd00:4:40::/64""",0
2026-07-28 17:37:00,ccf-aiops-北大,br-1,br,ipv6_route_change_total,"prefix=""fd00:5:40::/64""",0
2026-07-28 17:37:00,ccf-aiops-北大,br-1,br,ipv6_route_change_total,"prefix=""fd00:2:40::/64""",0
2026-07-28 17:37:00,ccf-aiops-北大,br-1,br,ipv6_route_count,"protocol=""all""",20
2026-07-28 17:37:00,ccf-aiops-北大,br-1,br,ipv6_route_count,"protocol=""bgp""",7
2026-07-28 17:37:00,ccf-aiops-北大,br-1,br,ipv6_route_count,"protocol=""kernel""",8
2026-07-28 17:37:00,ccf-aiops-北大,br-1,br,ipv6_route_count,"protocol=""ospf""",2
2026-07-28 17:37:00,ccf-aiops-北大,br-1,br,ipv6_route_count,"protocol=""unknown""",3
2026-07-28 17:37:00,ccf-aiops-北大,br-1,br,ipv6_route_exists,"prefix=""fd00:8:40::/64""",1
2026-07-28 17:37:00,ccf-aiops-北大,br-1,br,ipv6_route_exists,"prefix=""fd00:7:40::/64""",1
2026-07-28 17:37:00,ccf-aiops-北大,br-1,br,ipv6_route_exists,"prefix=""fd00:6:40::/64""",1
2026-07-28 17:37:00,ccf-aiops-北大,br-1,br,ipv6_route_exists,"prefix=""fd00:5:40::/64""",1
2026-07-28 17:37:00,ccf-aiops-北大,br-1,br,ipv6_route_exists,"prefix=""fd00:4:40::/64""",1
2026-07-28 17:37:00,ccf-aiops-北大,br-1,br,ipv6_route_exists,"prefix=""fd00:3:40::/64""",1
2026-07-28 17:37:00,ccf-aiops-北大,br-1,br,ipv6_route_exists,"prefix=""::/0""",1
2026-07-28 17:37:00,ccf-aiops-北大,br-1,br,ipv6_route_exists,"prefix=""fd00:2:40::/64""",1
2026-07-28 17:37:00,ccf-aiops-北大,br-1,br,ipv6_route_exists,"prefix=""fd00:1:40::/64""",1
2026-07-28 17:37:00,ccf-aiops-北大,br-1,br,ipv6_route_nexthop_info,"prefix=""fd00:1:40::/64"",next_hop=""fe80::12:4"",dev=""ens5"",protocol=""ospf"",metric=""20"",route_index=""0"",nh_index=""1""",1
2026-07-28 17:37:00,ccf-aiops-北大,br-1,br,ipv6_route_nexthop_info,"prefix=""fd00:2:40::/64"",next_hop=""fe80::100:10:11"",dev=""ens4"",protocol=""bgp"",metric=""20"",route_index=""0"",nh_index=""0""",1
2026-07-28 17:37:00,ccf-aiops-北大,br-1,br,ipv6_route_nexthop_info,"prefix=""fd00:1:40::/64"",next_hop=""fe80::11:4"",dev=""ens5"",protocol=""ospf"",metric=""20"",route_index=""0"",nh_index=""0""",1
2026-07-28 17:37:00,ccf-aiops-北大,br-1,br,ipv6_route_nexthop_info,"prefix=""fd00:7:40::/64"",next_hop=""fe80::100:10:51"",dev=""ens4"",protocol=""bgp"",metric=""20"",route_index=""0"",nh_index=""0""",1
2026-07-28 17:37:00,ccf-aiops-北大,br-1,br,ipv6_route_nexthop_info,"prefix=""fd00:6:40::/64"",next_hop=""fe80::100:10:51"",dev=""ens4"",protocol=""bgp"",metric=""20"",route_index=""0"",nh_index=""0""",1
2026-07-28 17:37:00,ccf-aiops-北大,br-1,br,ipv6_route_nexthop_info,"prefix=""fd00:8:40::/64"",next_hop=""fe80::100:10:41"",dev=""ens4"",protocol=""bgp"",metric=""20"",route_index=""0"",nh_index=""0""",1
2026-07-28 17:37:00,ccf-aiops-北大,br-1,br,ipv6_route_nexthop_info,"prefix=""fd00:5:40::/64"",next_hop=""fe80::100:10:41"",dev=""ens4"",protocol=""bgp"",metric=""20"",route_index=""0"",nh_index=""0""",1
2026-07-28 17:37:00,ccf-aiops-北大,br-1,br,ipv6_route_nexthop_info,"prefix=""fd00:4:40::/64"",next_hop=""fe80::100:10:41"",dev=""ens4"",protocol=""bgp"",metric=""20"",route_index=""0"",nh_index=""0""",1
2026-07-28 17:37:00,ccf-aiops-北大,br-1,br,ipv6_route_nexthop_info,"prefix=""fd00:3:40::/64"",next_hop=""fe80::100:10:21"",dev=""ens4"",protocol=""bgp"",metric=""20"",route_index=""0"",nh_index=""0""",1
2026-07-28 17:37:00,ccf-aiops-北大,br-1,br,ipv6_route_nexthop_info,"prefix=""::/0"",next_hop=""240a:a023::1"",dev=""ens4"",protocol=""unknown"",metric=""1024"",route_index=""0"",nh_index=""0""",1
2026-07-28 17:37:00,ccf-aiops-北大,br-1,br,ospf6_interface_cost,"interface=""ens5""",1
2026-07-28 17:37:00,ccf-aiops-北大,br-1,br,ospf6_interface_enabled,"interface=""lo""",1
2026-07-28 17:37:00,ccf-aiops-北大,br-1,br,ospf6_interface_enabled,"interface=""ens10""",1
2026-07-28 17:37:00,ccf-aiops-北大,br-1,br,ospf6_interface_enabled,"interface=""ens11""",1
2026-07-28 17:37:00,ccf-aiops-北大,br-1,br,ospf6_interface_enabled,"interface=""ens12""",1
2026-07-28 17:37:00,ccf-aiops-北大,br-1,br,ospf6_interface_enabled,"interface=""ens3""",1
2026-07-28 17:37:00,ccf-aiops-北大,br-1,br,ospf6_interface_enabled,"interface=""ens4""",1
2026-07-28 17:37:00,ccf-aiops-北大,br-1,br,ospf6_interface_enabled,"interface=""ens5""",1
2026-07-28 17:37:00,ccf-aiops-北大,br-1,br,ospf6_interface_enabled,"interface=""ens6""",1
2026-07-28 17:37:00,ccf-aiops-北大,br-1,br,ospf6_interface_enabled,"interface=""ens7""",1
2026-07-28 17:37:00,ccf-aiops-北大,br-1,br,ospf6_interface_enabled,"interface=""ens8""",1
2026-07-28 17:37:00,ccf-aiops-北大,br-1,br,ospf6_interface_enabled,"interface=""virbr0""",0
2026-07-28 17:37:00,ccf-aiops-北大,br-1,br,ospf6_interface_enabled,"interface=""ens9""",1
2026-07-28 17:37:00,ccf-aiops-北大,br-1,br,ospf6_neighbor_state_code,"state=""Twoway"",interface=""ens5"",neighbor_id=""1.1.1.2""",2
2026-07-28 17:37:00,ccf-aiops-北大,br-1,br,ospf6_neighbor_state_code,"state=""Full"",interface=""ens5"",neighbor_id=""1.1.1.12""",6
2026-07-28 17:37:00,ccf-aiops-北大,br-1,br,ospf6_neighbor_state_code,"state=""Full"",interface=""ens5"",neighbor_id=""1.1.1.11""",6
2026-07-28 17:37:00,ccf-aiops-北大,br-2,br,bgp_command_success,"command=""bgp_summary""",1
2026-07-28 17:37:00,ccf-aiops-北大,br-2,br,bgp_peer_count,,4
2026-07-28 17:37:00,ccf-aiops-北大,br-2,br,bgp_peer_prefix_received,"peer=""fd00:100:10::52"",remote_as=""65006"",state=""Established""",6
2026-07-28 17:37:00,ccf-aiops-北大,br-2,br,bgp_peer_prefix_received,"peer=""fd00:100:10::42"",remote_as=""65005"",state=""Established""",6
2026-07-28 17:37:00,ccf-aiops-北大,br-2,br,bgp_peer_prefix_received,"peer=""fd00:100:10::22"",remote_as=""65003"",state=""Established""",5
2026-07-28 17:37:00,ccf-aiops-北大,br-2,br,bgp_peer_prefix_received,"peer=""fd00:100:10::12"",remote_as=""65002"",state=""Established""",4
2026-07-28 17:37:00,ccf-aiops-北大,br-2,br,bgp_peer_prefix_sent,"peer=""fd00:100:10::12"",remote_as=""65002"",state=""Established""",8
2026-07-28 17:37:00,ccf-aiops-北大,br-2,br,bgp_peer_prefix_sent,"peer=""fd00:100:10::22"",remote_as=""65003"",state=""Established""",8
2026-07-28 17:37:00,ccf-aiops-北大,br-2,br,bgp_peer_prefix_sent,"peer=""fd00:100:10::42"",remote_as=""65005"",state=""Established""",8
2026-07-28 17:37:00,ccf-aiops-北大,br-2,br,bgp_peer_prefix_sent,"peer=""fd00:100:10::52"",remote_as=""65006"",state=""Established""",8
2026-07-28 17:37:00,ccf-aiops-北大,br-2,br,bgp_peer_up,"peer=""fd00:100:10::42"",remote_as=""65005"",state=""Established""",1
2026-07-28 17:37:00,ccf-aiops-北大,br-2,br,bgp_peer_up,"peer=""fd00:100:10::12"",remote_as=""65002"",state=""Established""",1
2026-07-28 17:37:00,ccf-aiops-北大,br-2,br,bgp_peer_up,"peer=""fd00:100:10::22"",remote_as=""65003"",state=""Established""",1
2026-07-28 17:37:00,ccf-aiops-北大,br-2,br,bgp_peer_up,"peer=""fd00:100:10::52"",remote_as=""65006"",state=""Established""",1
2026-07-28 17:37:00,ccf-aiops-北大,br-2,br,bgp_peer_uptime_seconds,"peer=""fd00:100:10::42"",remote_as=""65005"",state=""Established""",2430998
2026-07-28 17:37:00,ccf-aiops-北大,br-2,br,bgp_peer_uptime_seconds,"peer=""fd00:100:10::12"",remote_as=""65002"",state=""Established""",531290
2026-07-28 17:37:00,ccf-aiops-北大,br-2,br,bgp_peer_uptime_seconds,"peer=""fd00:100:10::22"",remote_as=""65003"",state=""Established""",1361255
2026-07-28 17:37:00,ccf-aiops-北大,br-2,br,bgp_peer_uptime_seconds,"peer=""fd00:100:10::52"",remote_as=""65006"",state=""Established""",2430905
2026-07-28 17:37:00,ccf-aiops-北大,br-2,br,ipv6_default_route_changed_total,,0
2026-07-28 17:37:00,ccf-aiops-北大,br-2,br,ipv6_default_route_info,"next_hop=""240a:a023::1"",dev=""ens4"",protocol=""unknown"",metric=""1024"",route_index=""0"",nh_index=""0""",1
2026-07-28 17:37:00,ccf-aiops-北大,br-2,br,ipv6_route_change_total,"prefix=""fd00:7:40::/64""",4
2026-07-28 17:37:00,ccf-aiops-北大,br-2,br,ipv6_route_change_total,"prefix=""::/0""",0
2026-07-28 17:37:00,ccf-aiops-北大,br-2,br,ipv6_route_change_total,"prefix=""fd00:1:40::/64""",0
2026-07-28 17:37:00,ccf-aiops-北大,br-2,br,ipv6_route_change_total,"prefix=""fd00:2:40::/64""",0
2026-07-28 17:37:00,ccf-aiops-北大,br-2,br,ipv6_route_change_total,"prefix=""fd00:3:40::/64""",0
2026-07-28 17:37:00,ccf-aiops-北大,br-2,br,ipv6_route_change_total,"prefix=""fd00:4:40::/64""",0
2026-07-28 17:37:00,ccf-aiops-北大,br-2,br,ipv6_route_change_total,"prefix=""fd00:5:40::/64""",0
2026-07-28 17:37:00,ccf-aiops-北大,br-2,br,ipv6_route_change_total,"prefix=""fd00:6:40::/64""",0
2026-07-28 17:37:00,ccf-aiops-北大,br-2,br,ipv6_route_change_total,"prefix=""fd00:8:40::/64""",0
2026-07-28 17:37:00,ccf-aiops-北大,br-2,br,ipv6_route_count,"protocol=""unknown""",3
2026-07-28 17:37:00,ccf-aiops-北大,br-2,br,ipv6_route_count,"protocol=""all""",19
2026-07-28 17:37:00,ccf-aiops-北大,br-2,br,ipv6_route_count,"protocol=""bgp""",7
2026-07-28 17:37:00,ccf-aiops-北大,br-2,br,ipv6_route_count,"protocol=""kernel""",7
2026-07-28 17:37:00,ccf-aiops-北大,br-2,br,ipv6_route_count,"protocol=""ospf""",2
2026-07-28 17:37:00,ccf-aiops-北大,br-2,br,ipv6_route_exists,"prefix=""fd00:3:40::/64""",1
2026-07-28 17:37:00,ccf-aiops-北大,br-2,br,ipv6_route_exists,"prefix=""fd00:4:40::/64""",1
2026-07-28 17:37:00,ccf-aiops-北大,br-2,br,ipv6_route_exists,"prefix=""fd00:5:40::/64""",1
2026-07-28 17:37:00,ccf-aiops-北大,br-2,br,ipv6_route_exists,"prefix=""fd00:6:40::/64""",1
2026-07-28 17:37:00,ccf-aiops-北大,br-2,br,ipv6_route_exists,"prefix=""fd00:7:40::/64""",1
2026-07-28 17:37:00,ccf-aiops-北大,br-2,br,ipv6_route_exists,"prefix=""fd00:8:40::/64""",1
2026-07-28 17:37:00,ccf-aiops-北大,br-2,br,ipv6_route_exists,"prefix=""fd00:2:40::/64""",1
2026-07-28 17:37:00,ccf-aiops-北大,br-2,br,ipv6_route_exists,"prefix=""::/0""",1
2026-07-28 17:37:00,ccf-aiops-北大,br-2,br,ipv6_route_exists,"prefix=""fd00:1:40::/64""",1
2026-07-28 17:37:00,ccf-aiops-北大,br-2,br,ipv6_route_nexthop_info,"prefix=""::/0"",next_hop=""240a:a023::1"",dev=""ens4"",protocol=""unknown"",metric=""1024"",route_index=""0"",nh_index=""0""",1
2026-07-28 17:37:00,ccf-aiops-北大,br-2,br,ipv6_route_nexthop_info,"prefix=""fd00:2:40::/64"",next_hop=""fe80::100:10:12"",dev=""ens4"",protocol=""bgp"",metric=""20"",route_index=""0"",nh_index=""0""",1
2026-07-28 17:37:00,ccf-aiops-北大,br-2,br,ipv6_route_nexthop_info,"prefix=""fd00:3:40::/64"",next_hop=""fe80::100:10:22"",dev=""ens4"",protocol=""bgp"",metric=""20"",route_index=""0"",nh_index=""0""",1
2026-07-28 17:37:00,ccf-aiops-北大,br-2,br,ipv6_route_nexthop_info,"prefix=""fd00:4:40::/64"",next_hop=""fe80::100:10:42"",dev=""ens4"",protocol=""bgp"",metric=""20"",route_index=""0"",nh_index=""0""",1
2026-07-28 17:37:00,ccf-aiops-北大,br-2,br,ipv6_route_nexthop_info,"prefix=""fd00:5:40::/64"",next_hop=""fe80::100:10:42"",dev=""ens4"",protocol=""bgp"",metric=""20"",route_index=""0"",nh_index=""0""",1
2026-07-28 17:37:00,ccf-aiops-北大,br-2,br,ipv6_route_nexthop_info,"prefix=""fd00:7:40::/64"",next_hop=""fe80::100:10:42"",dev=""ens4"",protocol=""bgp"",metric=""20"",route_index=""0"",nh_index=""0""",1
2026-07-28 17:37:00,ccf-aiops-北大,br-2,br,ipv6_route_nexthop_info,"prefix=""fd00:8:40::/64"",next_hop=""fe80::100:10:42"",dev=""ens4"",protocol=""bgp"",metric=""20"",route_index=""0"",nh_index=""0""",1
2026-07-28 17:37:00,ccf-aiops-北大,br-2,br,ipv6_route_nexthop_info,"prefix=""fd00:1:40::/64"",next_hop=""fe80::11:4"",dev=""ens5"",protocol=""ospf"",metric=""20"",route_index=""0"",nh_index=""0""",1
2026-07-28 17:37:00,ccf-aiops-北大,br-2,br,ipv6_route_nexthop_info,"prefix=""fd00:1:40::/64"",next_hop=""fe80::12:4"",dev=""ens5"",protocol=""ospf"",metric=""20"",route_index=""0"",nh_index=""1""",1
2026-07-28 17:37:00,ccf-aiops-北大,br-2,br,ipv6_route_nexthop_info,"prefix=""fd00:6:40::/64"",next_hop=""fe80::100:10:52"",dev=""ens4"",protocol=""bgp"",metric=""20"",route_index=""0"",nh_index=""0""",1
2026-07-28 17:37:00,ccf-aiops-北大,br-2,br,ospf6_interface_cost,"interface=""ens5""",1
2026-07-28 17:37:00,ccf-aiops-北大,br-2,br,ospf6_interface_enabled,"interface=""lo""",1
2026-07-28 17:37:00,ccf-aiops-北大,br-2,br,ospf6_interface_enabled,"interface=""virbr0""",0
2026-07-28 17:37:00,ccf-aiops-北大,br-2,br,ospf6_interface_enabled,"interface=""ens10""",1
2026-07-28 17:37:00,ccf-aiops-北大,br-2,br,ospf6_interface_enabled,"interface=""ens11""",1
2026-07-28 17:37:00,ccf-aiops-北大,br-2,br,ospf6_interface_enabled,"interface=""ens12""",1
2026-07-28 17:37:00,ccf-aiops-北大,br-2,br,ospf6_interface_enabled,"interface=""ens3""",1
2026-07-28 17:37:00,ccf-aiops-北大,br-2,br,ospf6_interface_enabled,"interface=""ens4""",1
2026-07-28 17:37:00,ccf-aiops-北大,br-2,br,ospf6_interface_enabled,"interface=""ens5""",1
2026-07-28 17:37:00,ccf-aiops-北大,br-2,br,ospf6_interface_enabled,"interface=""ens6""",1
2026-07-28 17:37:00,ccf-aiops-北大,br-2,br,ospf6_interface_enabled,"interface=""ens7""",1
2026-07-28 17:37:00,ccf-aiops-北大,br-2,br,ospf6_interface_enabled,"interface=""ens8""",1
2026-07-28 17:37:00,ccf-aiops-北大,br-2,br,ospf6_interface_enabled,"interface=""ens9""",1
2026-07-28 17:37:00,ccf-aiops-北大,br-2,br,ospf6_neighbor_state_code,"state=""Full"",interface=""ens5"",neighbor_id=""1.1.1.12""",6
2026-07-28 17:37:00,ccf-aiops-北大,br-2,br,ospf6_neighbor_state_code,"state=""Full"",interface=""ens5"",neighbor_id=""1.1.1.11""",6
2026-07-28 17:37:00,ccf-aiops-北大,br-2,br,ospf6_neighbor_state_code,"state=""Twoway"",interface=""ens5"",neighbor_id=""1.1.1.1""",2
2026-07-28 17:37:00,ccf-aiops-北大,cr-1,cr,ipv6_default_route_changed_total,,0
2026-07-28 17:37:00,ccf-aiops-北大,cr-1,cr,ipv6_default_route_info,"next_hop=""fd00:1:20::2"",dev=""ens4"",protocol=""196"",metric=""20"",route_index=""0"",nh_index=""1""",1
2026-07-28 17:37:00,ccf-aiops-北大,cr-1,cr,ipv6_default_route_info,"next_hop=""fd00:1:20::1"",dev=""ens4"",protocol=""196"",metric=""20"",route_index=""0"",nh_index=""0""",1
2026-07-28 17:37:00,ccf-aiops-北大,cr-1,cr,ipv6_route_change_total,"prefix=""fd00:1:40::/64""",0
2026-07-28 17:37:00,ccf-aiops-北大,cr-1,cr,ipv6_route_change_total,"prefix=""::/0""",0
2026-07-28 17:37:00,ccf-aiops-北大,cr-1,cr,ipv6_route_change_total,"prefix=""fd00:5:40::/64""",0
2026-07-28 17:37:00,ccf-aiops-北大,cr-1,cr,ipv6_route_change_total,"prefix=""fd00:3:40::/64""",0
2026-07-28 17:37:00,ccf-aiops-北大,cr-1,cr,ipv6_route_change_total,"prefix=""fd00:4:40::/64""",0
2026-07-28 17:37:00,ccf-aiops-北大,cr-1,cr,ipv6_route_change_total,"prefix=""fd00:6:40::/64""",0
2026-07-28 17:37:00,ccf-aiops-北大,cr-1,cr,ipv6_route_change_total,"prefix=""fd00:7:40::/64""",0
2026-07-28 17:37:00,ccf-aiops-北大,cr-1,cr,ipv6_route_change_total,"prefix=""fd00:8:40::/64""",0
2026-07-28 17:37:00,ccf-aiops-北大,cr-1,cr,ipv6_route_change_total,"prefix=""fd00:2:40::/64""",0
2026-07-28 17:37:00,ccf-aiops-北大,cr-1,cr,ipv6_route_count,"protocol=""ospf""",7
2026-07-28 17:37:00,ccf-aiops-北大,cr-1,cr,ipv6_route_count,"protocol=""196""",2
2026-07-28 17:37:00,ccf-aiops-北大,cr-1,cr,ipv6_route_count,"protocol=""all""",15
2026-07-28 17:37:00,ccf-aiops-北大,cr-1,cr,ipv6_route_count,"protocol=""kernel""",6
2026-07-28 17:37:00,ccf-aiops-北大,cr-1,cr,ipv6_route_exists,"prefix=""fd00:7:40::/64""",1
2026-07-28 17:37:00,ccf-aiops-北大,cr-1,cr,ipv6_route_exists,"prefix=""::/0""",1
2026-07-28 17:37:00,ccf-aiops-北大,cr-1,cr,ipv6_route_exists,"prefix=""fd00:1:40::/64""",1
2026-07-28 17:37:00,ccf-aiops-北大,cr-1,cr,ipv6_route_exists,"prefix=""fd00:2:40::/64""",1
2026-07-28 17:37:00,ccf-aiops-北大,cr-1,cr,ipv6_route_exists,"prefix=""fd00:3:40::/64""",1
2026-07-28 17:37:00,ccf-aiops-北大,cr-1,cr,ipv6_route_exists,"prefix=""fd00:4:40::/64""",1
2026-07-28 17:37:00,ccf-aiops-北大,cr-1,cr,ipv6_route_exists,"prefix=""fd00:5:40::/64""",1
2026-07-28 17:37:00,ccf-aiops-北大,cr-1,cr,ipv6_route_exists,"prefix=""fd00:6:40::/64""",1
2026-07-28 17:37:00,ccf-aiops-北大,cr-1,cr,ipv6_route_exists,"prefix=""fd00:8:40::/64""",1
2026-07-28 17:37:00,ccf-aiops-北大,cr-1,cr,ipv6_route_nexthop_info,"prefix=""fd00:1:40::/64"",next_hop=""fd00:1:30::254"",dev=""ens5"",protocol=""196"",metric=""20"",route_index=""0"",nh_index=""0""",1
2026-07-28 17:37:00,ccf-aiops-北大,cr-1,cr,ipv6_route_nexthop_info,"prefix=""::/0"",next_hop=""fd00:1:20::1"",dev=""ens4"",protocol=""196"",metric=""20"",route_index=""0"",nh_index=""0""",1
2026-07-28 17:37:00,ccf-aiops-北大,cr-1,cr,ipv6_route_nexthop_info,"prefix=""fd00:8:40::/64"",next_hop=""fe80::2:5"",dev=""ens4"",protocol=""ospf"",metric=""20"",route_index=""0"",nh_index=""1""",1
2026-07-28 17:37:00,ccf-aiops-北大,cr-1,cr,ipv6_route_nexthop_info,"prefix=""fd00:6:40::/64"",next_hop=""fe80::2:5"",dev=""ens4"",protocol=""ospf"",metric=""20"",route_index=""0"",nh_index=""1""",1
2026-07-28 17:37:00,ccf-aiops-北大,cr-1,cr,ipv6_route_nexthop_info,"prefix=""fd00:5:40::/64"",next_hop=""fe80::2:5"",dev=""ens4"",protocol=""ospf"",metric=""20"",route_index=""0"",nh_index=""1""",1
2026-07-28 17:37:00,ccf-aiops-北大,cr-1,cr,ipv6_route_nexthop_info,"prefix=""fd00:4:40::/64"",next_hop=""fe80::2:5"",dev=""ens4"",protocol=""ospf"",metric=""20"",route_index=""0"",nh_index=""1""",1
2026-07-28 17:37:00,ccf-aiops-北大,cr-1,cr,ipv6_route_nexthop_info,"prefix=""fd00:3:40::/64"",next_hop=""fe80::2:5"",dev=""ens4"",protocol=""ospf"",metric=""20"",route_index=""0"",nh_index=""1""",1
2026-07-28 17:37:00,ccf-aiops-北大,cr-1,cr,ipv6_route_nexthop_info,"prefix=""fd00:2:40::/64"",next_hop=""fe80::2:5"",dev=""ens4"",protocol=""ospf"",metric=""20"",route_index=""0"",nh_index=""1""",1
2026-07-28 17:37:00,ccf-aiops-北大,cr-1,cr,ipv6_route_nexthop_info,"prefix=""fd00:8:40::/64"",next_hop=""fe80::1:5"",dev=""ens4"",protocol=""ospf"",metric=""20"",route_index=""0"",nh_index=""0""",1
2026-07-28 17:37:00,ccf-aiops-北大,cr-1,cr,ipv6_route_nexthop_info,"prefix=""fd00:7:40::/64"",next_hop=""fe80::1:5"",dev=""ens4"",protocol=""ospf"",metric=""20"",route_index=""0"",nh_index=""0""",1
2026-07-28 17:37:00,ccf-aiops-北大,cr-1,cr,ipv6_route_nexthop_info,"prefix=""fd00:6:40::/64"",next_hop=""fe80::1:5"",dev=""ens4"",protocol=""ospf"",metric=""20"",route_index=""0"",nh_index=""0""",1
2026-07-28 17:37:00,ccf-aiops-北大,cr-1,cr,ipv6_route_nexthop_info,"prefix=""fd00:5:40::/64"",next_hop=""fe80::1:5"",dev=""ens4"",protocol=""ospf"",metric=""20"",route_index=""0"",nh_index=""0""",1
2026-07-28 17:37:00,ccf-aiops-北大,cr-1,cr,ipv6_route_nexthop_info,"prefix=""fd00:4:40::/64"",next_hop=""fe80::1:5"",dev=""ens4"",protocol=""ospf"",metric=""20"",route_index=""0"",nh_index=""0""",1
2026-07-28 17:37:00,ccf-aiops-北大,cr-1,cr,ipv6_route_nexthop_info,"prefix=""fd00:3:40::/64"",next_hop=""fe80::1:5"",dev=""ens4"",protocol=""ospf"",metric=""20"",route_index=""0"",nh_index=""0""",1
2026-07-28 17:37:00,ccf-aiops-北大,cr-1,cr,ipv6_route_nexthop_info,"prefix=""fd00:2:40::/64"",next_hop=""fe80::1:5"",dev=""ens4"",protocol=""ospf"",metric=""20"",route_index=""0"",nh_index=""0""",1
2026-07-28 17:37:00,ccf-aiops-北大,cr-1,cr,ipv6_route_nexthop_info,"prefix=""::/0"",next_hop=""fd00:1:20::2"",dev=""ens4"",protocol=""196"",metric=""20"",route_index=""0"",nh_index=""1""",1
2026-07-28 17:37:00,ccf-aiops-北大,cr-1,cr,ipv6_route_nexthop_info,"prefix=""fd00:7:40::/64"",next_hop=""fe80::2:5"",dev=""ens4"",protocol=""ospf"",metric=""20"",route_index=""0"",nh_index=""1""",1
2026-07-28 17:37:00,ccf-aiops-北大,cr-1,cr,ospf6_interface_cost,"interface=""ens5""",1
2026-07-28 17:37:00,ccf-aiops-北大,cr-1,cr,ospf6_interface_cost,"interface=""ens4""",1
2026-07-28 17:37:00,ccf-aiops-北大,cr-1,cr,ospf6_interface_enabled,"interface=""ens12""",1
2026-07-28 17:37:00,ccf-aiops-北大,cr-1,cr,ospf6_interface_enabled,"interface=""ens3""",1
2026-07-28 17:37:00,ccf-aiops-北大,cr-1,cr,ospf6_interface_enabled,"interface=""ens4""",1
2026-07-28 17:37:00,ccf-aiops-北大,cr-1,cr,ospf6_interface_enabled,"interface=""ens5""",1
2026-07-28 17:37:00,ccf-aiops-北大,cr-1,cr,ospf6_interface_enabled,"interface=""ens6""",1
2026-07-28 17:37:00,ccf-aiops-北大,cr-1,cr,ospf6_interface_enabled,"interface=""ens7""",1
2026-07-28 17:37:00,ccf-aiops-北大,cr-1,cr,ospf6_interface_enabled,"interface=""ens8""",1
2026-07-28 17:37:00,ccf-aiops-北大,cr-1,cr,ospf6_interface_enabled,"interface=""ens9""",1
2026-07-28 17:37:00,ccf-aiops-北大,cr-1,cr,ospf6_interface_enabled,"interface=""lo""",1
2026-07-28 17:37:00,ccf-aiops-北大,cr-1,cr,ospf6_interface_enabled,"interface=""virbr0""",0
2026-07-28 17:37:00,ccf-aiops-北大,cr-1,cr,ospf6_interface_enabled,"interface=""ens11""",1
2026-07-28 17:37:00,ccf-aiops-北大,cr-1,cr,ospf6_interface_enabled,"interface=""ens10""",1
2026-07-28 17:37:00,ccf-aiops-北大,cr-1,cr,ospf6_neighbor_state_code,"state=""Full"",interface=""ens5"",neighbor_id=""1.1.1.12""",6
2026-07-28 17:37:00,ccf-aiops-北大,cr-1,cr,ospf6_neighbor_state_code,"state=""Full"",interface=""ens4"",neighbor_id=""1.1.1.2""",6
2026-07-28 17:37:00,ccf-aiops-北大,cr-1,cr,ospf6_neighbor_state_code,"state=""Full"",interface=""ens4"",neighbor_id=""1.1.1.12""",6
2026-07-28 17:37:00,ccf-aiops-北大,cr-1,cr,ospf6_neighbor_state_code,"state=""Full"",interface=""ens4"",neighbor_id=""1.1.1.1""",6
2026-07-28 17:37:00,ccf-aiops-北大,cr-1,cr,bgp_command_success,,
2026-07-28 17:37:00,ccf-aiops-北大,cr-1,cr,bgp_peer_up,,
2026-07-28 17:37:00,ccf-aiops-北大,cr-1,cr,bgp_peer_uptime_seconds,,
2026-07-28 17:37:00,ccf-aiops-北大,cr-1,cr,bgp_peer_prefix_received,,
2026-07-28 17:37:00,ccf-aiops-北大,cr-1,cr,bgp_peer_prefix_sent,,
2026-07-28 17:37:00,ccf-aiops-北大,cr-1,cr,bgp_peer_count,,
2026-07-28 17:37:00,ccf-aiops-北大,cr-2,cr,ipv6_default_route_changed_total,,0
2026-07-28 17:37:00,ccf-aiops-北大,cr-2,cr,ipv6_default_route_info,"next_hop=""fd00:1:20::2"",dev=""ens4"",protocol=""196"",metric=""20"",route_index=""0"",nh_index=""1""",1
2026-07-28 17:37:00,ccf-aiops-北大,cr-2,cr,ipv6_default_route_info,"next_hop=""fd00:1:20::1"",dev=""ens4"",protocol=""196"",metric=""20"",route_index=""0"",nh_index=""0""",1
2026-07-28 17:37:00,ccf-aiops-北大,cr-2,cr,ipv6_route_change_total,"prefix=""fd00:2:40::/64""",0
2026-07-28 17:37:00,ccf-aiops-北大,cr-2,cr,ipv6_route_change_total,"prefix=""fd00:6:40::/64""",0
2026-07-28 17:37:00,ccf-aiops-北大,cr-2,cr,ipv6_route_change_total,"prefix=""fd00:5:40::/64""",0
2026-07-28 17:37:00,ccf-aiops-北大,cr-2,cr,ipv6_route_change_total,"prefix=""fd00:4:40::/64""",0
2026-07-28 17:37:00,ccf-aiops-北大,cr-2,cr,ipv6_route_change_total,"prefix=""fd00:3:40::/64""",0
2026-07-28 17:37:00,ccf-aiops-北大,cr-2,cr,ipv6_route_change_total,"prefix=""fd00:7:40::/64""",0
2026-07-28 17:37:00,ccf-aiops-北大,cr-2,cr,ipv6_route_change_total,"prefix=""fd00:8:40::/64""",0
2026-07-28 17:37:00,ccf-aiops-北大,cr-2,cr,ipv6_route_change_total,"prefix=""::/0""",0
2026-07-28 17:37:00,ccf-aiops-北大,cr-2,cr,ipv6_route_change_total,"prefix=""fd00:1:40::/64""",0
2026-07-28 17:37:00,ccf-aiops-北大,cr-2,cr,ipv6_route_count,"protocol=""kernel""",6
2026-07-28 17:37:00,ccf-aiops-北大,cr-2,cr,ipv6_route_count,"protocol=""all""",15
2026-07-28 17:37:00,ccf-aiops-北大,cr-2,cr,ipv6_route_count,"protocol=""196""",2
2026-07-28 17:37:00,ccf-aiops-北大,cr-2,cr,ipv6_route_count,"protocol=""ospf""",7
2026-07-28 17:37:00,ccf-aiops-北大,cr-2,cr,ipv6_route_exists,"prefix=""fd00:1:40::/64""",1
2026-07-28 17:37:00,ccf-aiops-北大,cr-2,cr,ipv6_route_exists,"prefix=""fd00:2:40::/64""",1
2026-07-28 17:37:00,ccf-aiops-北大,cr-2,cr,ipv6_route_exists,"prefix=""fd00:3:40::/64""",1
2026-07-28 17:37:00,ccf-aiops-北大,cr-2,cr,ipv6_route_exists,"prefix=""fd00:4:40::/64""",1
2026-07-28 17:37:00,ccf-aiops-北大,cr-2,cr,ipv6_route_exists,"prefix=""fd00:5:40::/64""",1
2026-07-28 17:37:00,ccf-aiops-北大,cr-2,cr,ipv6_route_exists,"prefix=""fd00:6:40::/64""",1
2026-07-28 17:37:00,ccf-aiops-北大,cr-2,cr,ipv6_route_exists,"prefix=""fd00:7:40::/64""",1
2026-07-28 17:37:00,ccf-aiops-北大,cr-2,cr,ipv6_route_exists,"prefix=""fd00:8:40::/64""",1
2026-07-28 17:37:00,ccf-aiops-北大,cr-2,cr,ipv6_route_exists,"prefix=""::/0""",1
2026-07-28 17:37:00,ccf-aiops-北大,cr-2,cr,ipv6_route_nexthop_info,"prefix=""::/0"",next_hop=""fd00:1:20::2"",dev=""ens4"",protocol=""196"",metric=""20"",route_index=""0"",nh_index=""1""",1
2026-07-28 17:37:00,ccf-aiops-北大,cr-2,cr,ipv6_route_nexthop_info,"prefix=""fd00:1:40::/64"",next_hop=""fd00:1:30::254"",dev=""ens5"",protocol=""196"",metric=""20"",route_index=""0"",nh_index=""0""",1
2026-07-28 17:37:00,ccf-aiops-北大,cr-2,cr,ipv6_route_nexthop_info,"prefix=""fd00:8:40::/64"",next_hop=""fe80::2:5"",dev=""ens4"",protocol=""ospf"",metric=""20"",route_index=""0"",nh_index=""1""",1
2026-07-28 17:37:00,ccf-aiops-北大,cr-2,cr,ipv6_route_nexthop_info,"prefix=""fd00:7:40::/64"",next_hop=""fe80::2:5"",dev=""ens4"",protocol=""ospf"",metric=""20"",route_index=""0"",nh_index=""1""",1
2026-07-28 17:37:00,ccf-aiops-北大,cr-2,cr,ipv6_route_nexthop_info,"prefix=""fd00:6:40::/64"",next_hop=""fe80::2:5"",dev=""ens4"",protocol=""ospf"",metric=""20"",route_index=""0"",nh_index=""1""",1
2026-07-28 17:37:00,ccf-aiops-北大,cr-2,cr,ipv6_route_nexthop_info,"prefix=""fd00:5:40::/64"",next_hop=""fe80::2:5"",dev=""ens4"",protocol=""ospf"",metric=""20"",route_index=""0"",nh_index=""1""",1
2026-07-28 17:37:00,ccf-aiops-北大,cr-2,cr,ipv6_route_nexthop_info,"prefix=""fd00:4:40::/64"",next_hop=""fe80::2:5"",dev=""ens4"",protocol=""ospf"",metric=""20"",route_index=""0"",nh_index=""1""",1
2026-07-28 17:37:00,ccf-aiops-北大,cr-2,cr,ipv6_route_nexthop_info,"prefix=""fd00:3:40::/64"",next_hop=""fe80::2:5"",dev=""ens4"",protocol=""ospf"",metric=""20"",route_index=""0"",nh_index=""1""",1
2026-07-28 17:37:00,ccf-aiops-北大,cr-2,cr,ipv6_route_nexthop_info,"prefix=""fd00:2:40::/64"",next_hop=""fe80::2:5"",dev=""ens4"",protocol=""ospf"",metric=""20"",route_index=""0"",nh_index=""1""",1
2026-07-28 17:37:00,ccf-aiops-北大,cr-2,cr,ipv6_route_nexthop_info,"prefix=""fd00:8:40::/64"",next_hop=""fe80::1:5"",dev=""ens4"",protocol=""ospf"",metric=""20"",route_index=""0"",nh_index=""0""",1
2026-07-28 17:37:00,ccf-aiops-北大,cr-2,cr,ipv6_route_nexthop_info,"prefix=""fd00:7:40::/64"",next_hop=""fe80::1:5"",dev=""ens4"",protocol=""ospf"",metric=""20"",route_index=""0"",nh_index=""0""",1
2026-07-28 17:37:00,ccf-aiops-北大,cr-2,cr,ipv6_route_nexthop_info,"prefix=""fd00:6:40::/64"",next_hop=""fe80::1:5"",dev=""ens4"",protocol=""ospf"",metric=""20"",route_index=""0"",nh_index=""0""",1
2026-07-28 17:37:00,ccf-aiops-北大,cr-2,cr,ipv6_route_nexthop_info,"prefix=""fd00:5:40::/64"",next_hop=""fe80::1:5"",dev=""ens4"",protocol=""ospf"",metric=""20"",route_index=""0"",nh_index=""0""",1
2026-07-28 17:37:00,ccf-aiops-北大,cr-2,cr,ipv6_route_nexthop_info,"prefix=""fd00:4:40::/64"",next_hop=""fe80::1:5"",dev=""ens4"",protocol=""ospf"",metric=""20"",route_index=""0"",nh_index=""0""",1
2026-07-28 17:37:00,ccf-aiops-北大,cr-2,cr,ipv6_route_nexthop_info,"prefix=""fd00:3:40::/64"",next_hop=""fe80::1:5"",dev=""ens4"",protocol=""ospf"",metric=""20"",route_index=""0"",nh_index=""0""",1
2026-07-28 17:37:00,ccf-aiops-北大,cr-2,cr,ipv6_route_nexthop_info,"prefix=""fd00:2:40::/64"",next_hop=""fe80::1:5"",dev=""ens4"",protocol=""ospf"",metric=""20"",route_index=""0"",nh_index=""0""",1
2026-07-28 17:37:00,ccf-aiops-北大,cr-2,cr,ipv6_route_nexthop_info,"prefix=""::/0"",next_hop=""fd00:1:20::1"",dev=""ens4"",protocol=""196"",metric=""20"",route_index=""0"",nh_index=""0""",1
2026-07-28 17:37:00,ccf-aiops-北大,cr-2,cr,ospf6_interface_cost,"interface=""ens4""",1
2026-07-28 17:37:00,ccf-aiops-北大,cr-2,cr,ospf6_interface_cost,"interface=""ens5""",1
2026-07-28 17:37:00,ccf-aiops-北大,cr-2,cr,ospf6_interface_enabled,"interface=""lo""",1
2026-07-28 17:37:00,ccf-aiops-北大,cr-2,cr,ospf6_interface_enabled,"interface=""ens10""",1
2026-07-28 17:37:00,ccf-aiops-北大,cr-2,cr,ospf6_interface_enabled,"interface=""ens11""",1
2026-07-28 17:37:00,ccf-aiops-北大,cr-2,cr,ospf6_interface_enabled,"interface=""ens12""",1
2026-07-28 17:37:00,ccf-aiops-北大,cr-2,cr,ospf6_interface_enabled,"interface=""ens3""",1
2026-07-28 17:37:00,ccf-aiops-北大,cr-2,cr,ospf6_interface_enabled,"interface=""ens4""",1
2026-07-28 17:37:00,ccf-aiops-北大,cr-2,cr,ospf6_interface_enabled,"interface=""ens5""",1
2026-07-28 17:37:00,ccf-aiops-北大,cr-2,cr,ospf6_interface_enabled,"interface=""ens6""",1
2026-07-28 17:37:00,ccf-aiops-北大,cr-2,cr,ospf6_interface_enabled,"interface=""ens7""",1
2026-07-28 17:37:00,ccf-aiops-北大,cr-2,cr,ospf6_interface_enabled,"interface=""ens8""",1
2026-07-28 17:37:00,ccf-aiops-北大,cr-2,cr,ospf6_interface_enabled,"interface=""virbr0""",0
2026-07-28 17:37:00,ccf-aiops-北大,cr-2,cr,ospf6_interface_enabled,"interface=""ens9""",1
2026-07-28 17:37:00,ccf-aiops-北大,cr-2,cr,ospf6_neighbor_state_code,"state=""Full"",interface=""ens4"",neighbor_id=""1.1.1.1""",6
2026-07-28 17:37:00,ccf-aiops-北大,cr-2,cr,ospf6_neighbor_state_code,"state=""Full"",interface=""ens4"",neighbor_id=""1.1.1.11""",6
2026-07-28 17:37:00,ccf-aiops-北大,cr-2,cr,ospf6_neighbor_state_code,"state=""Full"",interface=""ens4"",neighbor_id=""1.1.1.2""",6
2026-07-28 17:37:00,ccf-aiops-北大,cr-2,cr,ospf6_neighbor_state_code,"state=""Full"",interface=""ens5"",neighbor_id=""1.1.1.11""",6
2026-07-28 17:37:00,ccf-aiops-北大,cr-2,cr,bgp_command_success,,
2026-07-28 17:37:00,ccf-aiops-北大,cr-2,cr,bgp_peer_up,,
2026-07-28 17:37:00,ccf-aiops-北大,cr-2,cr,bgp_peer_uptime_seconds,,
2026-07-28 17:37:00,ccf-aiops-北大,cr-2,cr,bgp_peer_prefix_received,,
2026-07-28 17:37:00,ccf-aiops-北大,cr-2,cr,bgp_peer_prefix_sent,,
2026-07-28 17:37:00,ccf-aiops-北大,cr-2,cr,bgp_peer_count,,
2026-07-28 17:38:00,ccf-aiops-北大,br-1,br,bgp_command_success,"command=""bgp_summary""",1
2026-07-28 17:38:00,ccf-aiops-北大,br-1,br,bgp_peer_count,,4
2026-07-28 17:38:00,ccf-aiops-北大,br-1,br,bgp_peer_prefix_received,"peer=""fd00:100:10::51"",remote_as=""65006"",state=""Established""",7
2026-07-28 17:38:00,ccf-aiops-北大,br-1,br,bgp_peer_prefix_received,"peer=""fd00:100:10::41"",remote_as=""65005"",state=""Established""",6
2026-07-28 17:38:00,ccf-aiops-北大,br-1,br,bgp_peer_prefix_received,"peer=""fd00:100:10::11"",remote_as=""65002"",state=""Established""",4
2026-07-28 17:38:00,ccf-aiops-北大,br-1,br,bgp_peer_prefix_received,"peer=""fd00:100:10::21"",remote_as=""65003"",state=""Established""",6
2026-07-28 17:38:00,ccf-aiops-北大,br-1,br,bgp_peer_prefix_sent,"peer=""fd00:100:10::11"",remote_as=""65002"",state=""Established""",8
2026-07-28 17:38:00,ccf-aiops-北大,br-1,br,bgp_peer_prefix_sent,"peer=""fd00:100:10::21"",remote_as=""65003"",state=""Established""",8
2026-07-28 17:38:00,ccf-aiops-北大,br-1,br,bgp_peer_prefix_sent,"peer=""fd00:100:10::41"",remote_as=""65005"",state=""Established""",8
2026-07-28 17:38:00,ccf-aiops-北大,br-1,br,bgp_peer_prefix_sent,"peer=""fd00:100:10::51"",remote_as=""65006"",state=""Established""",8
2026-07-28 17:38:00,ccf-aiops-北大,br-1,br,bgp_peer_up,"peer=""fd00:100:10::51"",remote_as=""65006"",state=""Established""",1
2026-07-28 17:38:00,ccf-aiops-北大,br-1,br,bgp_peer_up,"peer=""fd00:100:10::41"",remote_as=""65005"",state=""Established""",1
2026-07-28 17:38:00,ccf-aiops-北大,br-1,br,bgp_peer_up,"peer=""fd00:100:10::21"",remote_as=""65003"",state=""Established""",1
2026-07-28 17:38:00,ccf-aiops-北大,br-1,br,bgp_peer_up,"peer=""fd00:100:10::11"",remote_as=""65002"",state=""Established""",1
2026-07-28 17:38:00,ccf-aiops-北大,br-1,br,bgp_peer_uptime_seconds,"peer=""fd00:100:10::51"",remote_as=""65006"",state=""Established""",2430945
2026-07-28 17:38:00,ccf-aiops-北大,br-1,br,bgp_peer_uptime_seconds,"peer=""fd00:100:10::41"",remote_as=""65005"",state=""Established""",2431033
2026-07-28 17:38:00,ccf-aiops-北大,br-1,br,bgp_peer_uptime_seconds,"peer=""fd00:100:10::21"",remote_as=""65003"",state=""Established""",667976
2026-07-28 17:38:00,ccf-aiops-北大,br-1,br,bgp_peer_uptime_seconds,"peer=""fd00:100:10::11"",remote_as=""65002"",state=""Established""",531378
2026-07-28 17:38:00,ccf-aiops-北大,br-1,br,ipv6_default_route_changed_total,,0
2026-07-28 17:38:00,ccf-aiops-北大,br-1,br,ipv6_default_route_info,"next_hop=""240a:a023::1"",dev=""ens4"",protocol=""unknown"",metric=""1024"",route_index=""0"",nh_index=""0""",1
2026-07-28 17:38:00,ccf-aiops-北大,br-1,br,ipv6_route_change_total,"prefix=""fd00:4:40::/64""",0
2026-07-28 17:38:00,ccf-aiops-北大,br-1,br,ipv6_route_change_total,"prefix=""fd00:5:40::/64""",0
2026-07-28 17:38:00,ccf-aiops-北大,br-1,br,ipv6_route_change_total,"prefix=""fd00:6:40::/64""",0
2026-07-28 17:38:00,ccf-aiops-北大,br-1,br,ipv6_route_change_total,"prefix=""fd00:7:40::/64""",6
2026-07-28 17:38:00,ccf-aiops-北大,br-1,br,ipv6_route_change_total,"prefix=""fd00:8:40::/64""",0
2026-07-28 17:38:00,ccf-aiops-北大,br-1,br,ipv6_route_change_total,"prefix=""fd00:3:40::/64""",0
2026-07-28 17:38:00,ccf-aiops-北大,br-1,br,ipv6_route_change_total,"prefix=""fd00:2:40::/64""",0
2026-07-28 17:38:00,ccf-aiops-北大,br-1,br,ipv6_route_change_total,"prefix=""fd00:1:40::/64""",0
2026-07-28 17:38:00,ccf-aiops-北大,br-1,br,ipv6_route_change_total,"prefix=""::/0""",0
2026-07-28 17:38:00,ccf-aiops-北大,br-1,br,ipv6_route_count,"protocol=""unknown""",3
2026-07-28 17:38:00,ccf-aiops-北大,br-1,br,ipv6_route_count,"protocol=""ospf""",2
2026-07-28 17:38:00,ccf-aiops-北大,br-1,br,ipv6_route_count,"protocol=""kernel""",8
2026-07-28 17:38:00,ccf-aiops-北大,br-1,br,ipv6_route_count,"protocol=""bgp""",7
2026-07-28 17:38:00,ccf-aiops-北大,br-1,br,ipv6_route_count,"protocol=""all""",20
2026-07-28 17:38:00,ccf-aiops-北大,br-1,br,ipv6_route_exists,"prefix=""fd00:8:40::/64""",1
2026-07-28 17:38:00,ccf-aiops-北大,br-1,br,ipv6_route_exists,"prefix=""fd00:7:40::/64""",1
2026-07-28 17:38:00,ccf-aiops-北大,br-1,br,ipv6_route_exists,"prefix=""fd00:6:40::/64""",1
2026-07-28 17:38:00,ccf-aiops-北大,br-1,br,ipv6_route_exists,"prefix=""fd00:5:40::/64""",1
2026-07-28 17:38:00,ccf-aiops-北大,br-1,br,ipv6_route_exists,"prefix=""::/0""",1
2026-07-28 17:38:00,ccf-aiops-北大,br-1,br,ipv6_route_exists,"prefix=""fd00:1:40::/64""",1
2026-07-28 17:38:00,ccf-aiops-北大,br-1,br,ipv6_route_exists,"prefix=""fd00:2:40::/64""",1
2026-07-28 17:38:00,ccf-aiops-北大,br-1,br,ipv6_route_exists,"prefix=""fd00:3:40::/64""",1
2026-07-28 17:38:00,ccf-aiops-北大,br-1,br,ipv6_route_exists,"prefix=""fd00:4:40::/64""",1
2026-07-28 17:38:00,ccf-aiops-北大,br-1,br,ipv6_route_nexthop_info,"prefix=""fd00:2:40::/64"",next_hop=""fe80::100:10:11"",dev=""ens4"",protocol=""bgp"",metric=""20"",route_index=""0"",nh_index=""0""",1
2026-07-28 17:38:00,ccf-aiops-北大,br-1,br,ipv6_route_nexthop_info,"prefix=""fd00:3:40::/64"",next_hop=""fe80::100:10:21"",dev=""ens4"",protocol=""bgp"",metric=""20"",route_index=""0"",nh_index=""0""",1
2026-07-28 17:38:00,ccf-aiops-北大,br-1,br,ipv6_route_nexthop_info,"prefix=""fd00:7:40::/64"",next_hop=""fe80::100:10:51"",dev=""ens4"",protocol=""bgp"",metric=""20"",route_index=""0"",nh_index=""0""",1
2026-07-28 17:38:00,ccf-aiops-北大,br-1,br,ipv6_route_nexthop_info,"prefix=""fd00:6:40::/64"",next_hop=""fe80::100:10:51"",dev=""ens4"",protocol=""bgp"",metric=""20"",route_index=""0"",nh_index=""0""",1
2026-07-28 17:38:00,ccf-aiops-北大,br-1,br,ipv6_route_nexthop_info,"prefix=""fd00:8:40::/64"",next_hop=""fe80::100:10:41"",dev=""ens4"",protocol=""bgp"",metric=""20"",route_index=""0"",nh_index=""0""",1
2026-07-28 17:38:00,ccf-aiops-北大,br-1,br,ipv6_route_nexthop_info,"prefix=""fd00:5:40::/64"",next_hop=""fe80::100:10:41"",dev=""ens4"",protocol=""bgp"",metric=""20"",route_index=""0"",nh_index=""0""",1
2026-07-28 17:38:00,ccf-aiops-北大,br-1,br,ipv6_route_nexthop_info,"prefix=""fd00:1:40::/64"",next_hop=""fe80::12:4"",dev=""ens5"",protocol=""ospf"",metric=""20"",route_index=""0"",nh_index=""1""",1
2026-07-28 17:38:00,ccf-aiops-北大,br-1,br,ipv6_route_nexthop_info,"prefix=""fd00:1:40::/64"",next_hop=""fe80::11:4"",dev=""ens5"",protocol=""ospf"",metric=""20"",route_index=""0"",nh_index=""0""",1
2026-07-28 17:38:00,ccf-aiops-北大,br-1,br,ipv6_route_nexthop_info,"prefix=""::/0"",next_hop=""240a:a023::1"",dev=""ens4"",protocol=""unknown"",metric=""1024"",route_index=""0"",nh_index=""0""",1
2026-07-28 17:38:00,ccf-aiops-北大,br-1,br,ipv6_route_nexthop_info,"prefix=""fd00:4:40::/64"",next_hop=""fe80::100:10:41"",dev=""ens4"",protocol=""bgp"",metric=""20"",route_index=""0"",nh_index=""0""",1
2026-07-28 17:38:00,ccf-aiops-北大,br-1,br,ospf6_interface_cost,"interface=""ens5""",1
2026-07-28 17:38:00,ccf-aiops-北大,br-1,br,ospf6_interface_enabled,"interface=""ens12""",1
2026-07-28 17:38:00,ccf-aiops-北大,br-1,br,ospf6_interface_enabled,"interface=""ens10""",1
2026-07-28 17:38:00,ccf-aiops-北大,br-1,br,ospf6_interface_enabled,"interface=""ens11""",1
2026-07-28 17:38:00,ccf-aiops-北大,br-1,br,ospf6_interface_enabled,"interface=""ens3""",1
2026-07-28 17:38:00,ccf-aiops-北大,br-1,br,ospf6_interface_enabled,"interface=""ens4""",1
2026-07-28 17:38:00,ccf-aiops-北大,br-1,br,ospf6_interface_enabled,"interface=""virbr0""",0
2026-07-28 17:38:00,ccf-aiops-北大,br-1,br,ospf6_interface_enabled,"interface=""lo""",1
2026-07-28 17:38:00,ccf-aiops-北大,br-1,br,ospf6_interface_enabled,"interface=""ens9""",1
2026-07-28 17:38:00,ccf-aiops-北大,br-1,br,ospf6_interface_enabled,"interface=""ens8""",1
2026-07-28 17:38:00,ccf-aiops-北大,br-1,br,ospf6_interface_enabled,"interface=""ens7""",1
2026-07-28 17:38:00,ccf-aiops-北大,br-1,br,ospf6_interface_enabled,"interface=""ens6""",1
2026-07-28 17:38:00,ccf-aiops-北大,br-1,br,ospf6_interface_enabled,"interface=""ens5""",1
2026-07-28 17:38:00,ccf-aiops-北大,br-1,br,ospf6_neighbor_state_code,"state=""Full"",interface=""ens5"",neighbor_id=""1.1.1.11""",6
2026-07-28 17:38:00,ccf-aiops-北大,br-1,br,ospf6_neighbor_state_code,"state=""Full"",interface=""ens5"",neighbor_id=""1.1.1.12""",6
2026-07-28 17:38:00,ccf-aiops-北大,br-1,br,ospf6_neighbor_state_code,"state=""Twoway"",interface=""ens5"",neighbor_id=""1.1.1.2""",2
2026-07-28 17:38:00,ccf-aiops-北大,br-2,br,bgp_command_success,"command=""bgp_summary""",1
2026-07-28 17:38:00,ccf-aiops-北大,br-2,br,bgp_peer_count,,4
2026-07-28 17:38:00,ccf-aiops-北大,br-2,br,bgp_peer_prefix_received,"peer=""fd00:100:10::22"",remote_as=""65003"",state=""Established""",5
2026-07-28 17:38:00,ccf-aiops-北大,br-2,br,bgp_peer_prefix_received,"peer=""fd00:100:10::12"",remote_as=""65002"",state=""Established""",4
2026-07-28 17:38:00,ccf-aiops-北大,br-2,br,bgp_peer_prefix_received,"peer=""fd00:100:10::42"",remote_as=""65005"",state=""Established""",6
2026-07-28 17:38:00,ccf-aiops-北大,br-2,br,bgp_peer_prefix_received,"peer=""fd00:100:10::52"",remote_as=""65006"",state=""Established""",6
2026-07-28 17:38:00,ccf-aiops-北大,br-2,br,bgp_peer_prefix_sent,"peer=""fd00:100:10::42"",remote_as=""65005"",state=""Established""",8
2026-07-28 17:38:00,ccf-aiops-北大,br-2,br,bgp_peer_prefix_sent,"peer=""fd00:100:10::12"",remote_as=""65002"",state=""Established""",8
2026-07-28 17:38:00,ccf-aiops-北大,br-2,br,bgp_peer_prefix_sent,"peer=""fd00:100:10::22"",remote_as=""65003"",state=""Established""",8
2026-07-28 17:38:00,ccf-aiops-北大,br-2,br,bgp_peer_prefix_sent,"peer=""fd00:100:10::52"",remote_as=""65006"",state=""Established""",8
2026-07-28 17:38:00,ccf-aiops-北大,br-2,br,bgp_peer_up,"peer=""fd00:100:10::42"",remote_as=""65005"",state=""Established""",1
2026-07-28 17:38:00,ccf-aiops-北大,br-2,br,bgp_peer_up,"peer=""fd00:100:10::22"",remote_as=""65003"",state=""Established""",1
2026-07-28 17:38:00,ccf-aiops-北大,br-2,br,bgp_peer_up,"peer=""fd00:100:10::52"",remote_as=""65006"",state=""Established""",1
2026-07-28 17:38:00,ccf-aiops-北大,br-2,br,bgp_peer_up,"peer=""fd00:100:10::12"",remote_as=""65002"",state=""Established""",1
2026-07-28 17:38:00,ccf-aiops-北大,br-2,br,bgp_peer_uptime_seconds,"peer=""fd00:100:10::12"",remote_as=""65002"",state=""Established""",531336
2026-07-28 17:38:00,ccf-aiops-北大,br-2,br,bgp_peer_uptime_seconds,"peer=""fd00:100:10::22"",remote_as=""65003"",state=""Established""",1361301
2026-07-28 17:38:00,ccf-aiops-北大,br-2,br,bgp_peer_uptime_seconds,"peer=""fd00:100:10::42"",remote_as=""65005"",state=""Established""",2431044
2026-07-28 17:38:00,ccf-aiops-北大,br-2,br,bgp_peer_uptime_seconds,"peer=""fd00:100:10::52"",remote_as=""65006"",state=""Established""",2430951
2026-07-28 17:38:00,ccf-aiops-北大,br-2,br,ipv6_default_route_changed_total,,0
2026-07-28 17:38:00,ccf-aiops-北大,br-2,br,ipv6_default_route_info,"next_hop=""240a:a023::1"",dev=""ens4"",protocol=""unknown"",metric=""1024"",route_index=""0"",nh_index=""0""",1
2026-07-28 17:38:00,ccf-aiops-北大,br-2,br,ipv6_route_change_total,"prefix=""fd00:8:40::/64""",0
2026-07-28 17:38:00,ccf-aiops-北大,br-2,br,ipv6_route_change_total,"prefix=""fd00:7:40::/64""",4
2026-07-28 17:38:00,ccf-aiops-北大,br-2,br,ipv6_route_change_total,"prefix=""fd00:6:40::/64""",0
2026-07-28 17:38:00,ccf-aiops-北大,br-2,br,ipv6_route_change_total,"prefix=""fd00:5:40::/64""",0
2026-07-28 17:38:00,ccf-aiops-北大,br-2,br,ipv6_route_change_total,"prefix=""fd00:4:40::/64""",0
2026-07-28 17:38:00,ccf-aiops-北大,br-2,br,ipv6_route_change_total,"prefix=""fd00:3:40::/64""",0
2026-07-28 17:38:00,ccf-aiops-北大,br-2,br,ipv6_route_change_total,"prefix=""fd00:2:40::/64""",0
2026-07-28 17:38:00,ccf-aiops-北大,br-2,br,ipv6_route_change_total,"prefix=""fd00:1:40::/64""",0
2026-07-28 17:38:00,ccf-aiops-北大,br-2,br,ipv6_route_change_total,"prefix=""::/0""",0
2026-07-28 17:38:00,ccf-aiops-北大,br-2,br,ipv6_route_count,"protocol=""unknown""",3
2026-07-28 17:38:00,ccf-aiops-北大,br-2,br,ipv6_route_count,"protocol=""ospf""",2
2026-07-28 17:38:00,ccf-aiops-北大,br-2,br,ipv6_route_count,"protocol=""kernel""",7
2026-07-28 17:38:00,ccf-aiops-北大,br-2,br,ipv6_route_count,"protocol=""bgp""",7
2026-07-28 17:38:00,ccf-aiops-北大,br-2,br,ipv6_route_count,"protocol=""all""",19
2026-07-28 17:38:00,ccf-aiops-北大,br-2,br,ipv6_route_exists,"prefix=""fd00:3:40::/64""",1
2026-07-28 17:38:00,ccf-aiops-北大,br-2,br,ipv6_route_exists,"prefix=""fd00:5:40::/64""",1
2026-07-28 17:38:00,ccf-aiops-北大,br-2,br,ipv6_route_exists,"prefix=""fd00:6:40::/64""",1
2026-07-28 17:38:00,ccf-aiops-北大,br-2,br,ipv6_route_exists,"prefix=""fd00:7:40::/64""",1
2026-07-28 17:38:00,ccf-aiops-北大,br-2,br,ipv6_route_exists,"prefix=""fd00:8:40::/64""",1
2026-07-28 17:38:00,ccf-aiops-北大,br-2,br,ipv6_route_exists,"prefix=""fd00:4:40::/64""",1
2026-07-28 17:38:00,ccf-aiops-北大,br-2,br,ipv6_route_exists,"prefix=""fd00:2:40::/64""",1
2026-07-28 17:38:00,ccf-aiops-北大,br-2,br,ipv6_route_exists,"prefix=""::/0""",1
2026-07-28 17:38:00,ccf-aiops-北大,br-2,br,ipv6_route_exists,"prefix=""fd00:1:40::/64""",1
2026-07-28 17:38:00,ccf-aiops-北大,br-2,br,ipv6_route_nexthop_info,"prefix=""fd00:2:40::/64"",next_hop=""fe80::100:10:12"",dev=""ens4"",protocol=""bgp"",metric=""20"",route_index=""0"",nh_index=""0""",1
2026-07-28 17:38:00,ccf-aiops-北大,br-2,br,ipv6_route_nexthop_info,"prefix=""::/0"",next_hop=""240a:a023::1"",dev=""ens4"",protocol=""unknown"",metric=""1024"",route_index=""0"",nh_index=""0""",1
2026-07-28 17:38:00,ccf-aiops-北大,br-2,br,ipv6_route_nexthop_info,"prefix=""fd00:3:40::/64"",next_hop=""fe80::100:10:22"",dev=""ens4"",protocol=""bgp"",metric=""20"",route_index=""0"",nh_index=""0""",1
2026-07-28 17:38:00,ccf-aiops-北大,br-2,br,ipv6_route_nexthop_info,"prefix=""fd00:4:40::/64"",next_hop=""fe80::100:10:42"",dev=""ens4"",protocol=""bgp"",metric=""20"",route_index=""0"",nh_index=""0""",1
2026-07-28 17:38:00,ccf-aiops-北大,br-2,br,ipv6_route_nexthop_info,"prefix=""fd00:1:40::/64"",next_hop=""fe80::12:4"",dev=""ens5"",protocol=""ospf"",metric=""20"",route_index=""0"",nh_index=""1""",1
2026-07-28 17:38:00,ccf-aiops-北大,br-2,br,ipv6_route_nexthop_info,"prefix=""fd00:1:40::/64"",next_hop=""fe80::11:4"",dev=""ens5"",protocol=""ospf"",metric=""20"",route_index=""0"",nh_index=""0""",1
2026-07-28 17:38:00,ccf-aiops-北大,br-2,br,ipv6_route_nexthop_info,"prefix=""fd00:5:40::/64"",next_hop=""fe80::100:10:42"",dev=""ens4"",protocol=""bgp"",metric=""20"",route_index=""0"",nh_index=""0""",1
2026-07-28 17:38:00,ccf-aiops-北大,br-2,br,ipv6_route_nexthop_info,"prefix=""fd00:8:40::/64"",next_hop=""fe80::100:10:42"",dev=""ens4"",protocol=""bgp"",metric=""20"",route_index=""0"",nh_index=""0""",1
2026-07-28 17:38:00,ccf-aiops-北大,br-2,br,ipv6_route_nexthop_info,"prefix=""fd00:7:40::/64"",next_hop=""fe80::100:10:42"",dev=""ens4"",protocol=""bgp"",metric=""20"",route_index=""0"",nh_index=""0""",1
2026-07-28 17:38:00,ccf-aiops-北大,br-2,br,ipv6_route_nexthop_info,"prefix=""fd00:6:40::/64"",next_hop=""fe80::100:10:52"",dev=""ens4"",protocol=""bgp"",metric=""20"",route_index=""0"",nh_index=""0""",1
2026-07-28 17:38:00,ccf-aiops-北大,br-2,br,ospf6_interface_cost,"interface=""ens5""",1
2026-07-28 17:38:00,ccf-aiops-北大,br-2,br,ospf6_interface_enabled,"interface=""ens7""",1
2026-07-28 17:38:00,ccf-aiops-北大,br-2,br,ospf6_interface_enabled,"interface=""ens6""",1
2026-07-28 17:38:00,ccf-aiops-北大,br-2,br,ospf6_interface_enabled,"interface=""ens8""",1
2026-07-28 17:38:00,ccf-aiops-北大,br-2,br,ospf6_interface_enabled,"interface=""ens9""",1
2026-07-28 17:38:00,ccf-aiops-北大,br-2,br,ospf6_interface_enabled,"interface=""lo""",1
2026-07-28 17:38:00,ccf-aiops-北大,br-2,br,ospf6_interface_enabled,"interface=""ens12""",1
2026-07-28 17:38:00,ccf-aiops-北大,br-2,br,ospf6_interface_enabled,"interface=""virbr0""",0
2026-07-28 17:38:00,ccf-aiops-北大,br-2,br,ospf6_interface_enabled,"interface=""ens10""",1
2026-07-28 17:38:00,ccf-aiops-北大,br-2,br,ospf6_interface_enabled,"interface=""ens11""",1
2026-07-28 17:38:00,ccf-aiops-北大,br-2,br,ospf6_interface_enabled,"interface=""ens3""",1
2026-07-28 17:38:00,ccf-aiops-北大,br-2,br,ospf6_interface_enabled,"interface=""ens4""",1
2026-07-28 17:38:00,ccf-aiops-北大,br-2,br,ospf6_interface_enabled,"interface=""ens5""",1
2026-07-28 17:38:00,ccf-aiops-北大,br-2,br,ospf6_neighbor_state_code,"state=""Full"",interface=""ens5"",neighbor_id=""1.1.1.11""",6
2026-07-28 17:38:00,ccf-aiops-北大,br-2,br,ospf6_neighbor_state_code,"state=""Twoway"",interface=""ens5"",neighbor_id=""1.1.1.1""",2
2026-07-28 17:38:00,ccf-aiops-北大,br-2,br,ospf6_neighbor_state_code,"state=""Full"",interface=""ens5"",neighbor_id=""1.1.1.12""",6
2026-07-28 17:38:00,ccf-aiops-北大,cr-1,cr,ipv6_default_route_changed_total,,0
2026-07-28 17:38:00,ccf-aiops-北大,cr-1,cr,ipv6_default_route_info,"next_hop=""fd00:1:20::1"",dev=""ens4"",protocol=""196"",metric=""20"",route_index=""0"",nh_index=""0""",1
2026-07-28 17:38:00,ccf-aiops-北大,cr-1,cr,ipv6_default_route_info,"next_hop=""fd00:1:20::2"",dev=""ens4"",protocol=""196"",metric=""20"",route_index=""0"",nh_index=""1""",1
2026-07-28 17:38:00,ccf-aiops-北大,cr-1,cr,ipv6_route_change_total,"prefix=""fd00:4:40::/64""",0
2026-07-28 17:38:00,ccf-aiops-北大,cr-1,cr,ipv6_route_change_total,"prefix=""fd00:3:40::/64""",0
2026-07-28 17:38:00,ccf-aiops-北大,cr-1,cr,ipv6_route_change_total,"prefix=""fd00:2:40::/64""",0
2026-07-28 17:38:00,ccf-aiops-北大,cr-1,cr,ipv6_route_change_total,"prefix=""fd00:1:40::/64""",0
2026-07-28 17:38:00,ccf-aiops-北大,cr-1,cr,ipv6_route_change_total,"prefix=""::/0""",0
2026-07-28 17:38:00,ccf-aiops-北大,cr-1,cr,ipv6_route_change_total,"prefix=""fd00:8:40::/64""",0
2026-07-28 17:38:00,ccf-aiops-北大,cr-1,cr,ipv6_route_change_total,"prefix=""fd00:5:40::/64""",0
2026-07-28 17:38:00,ccf-aiops-北大,cr-1,cr,ipv6_route_change_total,"prefix=""fd00:6:40::/64""",0
2026-07-28 17:38:00,ccf-aiops-北大,cr-1,cr,ipv6_route_change_total,"prefix=""fd00:7:40::/64""",0
2026-07-28 17:38:00,ccf-aiops-北大,cr-1,cr,ipv6_route_count,"protocol=""196""",2
2026-07-28 17:38:00,ccf-aiops-北大,cr-1,cr,ipv6_route_count,"protocol=""all""",15
2026-07-28 17:38:00,ccf-aiops-北大,cr-1,cr,ipv6_route_count,"protocol=""kernel""",6
2026-07-28 17:38:00,ccf-aiops-北大,cr-1,cr,ipv6_route_count,"protocol=""ospf""",7
2026-07-28 17:38:00,ccf-aiops-北大,cr-1,cr,ipv6_route_exists,"prefix=""fd00:1:40::/64""",1
2026-07-28 17:38:00,ccf-aiops-北大,cr-1,cr,ipv6_route_exists,"prefix=""fd00:8:40::/64""",1
2026-07-28 17:38:00,ccf-aiops-北大,cr-1,cr,ipv6_route_exists,"prefix=""fd00:7:40::/64""",1
2026-07-28 17:38:00,ccf-aiops-北大,cr-1,cr,ipv6_route_exists,"prefix=""fd00:6:40::/64""",1
2026-07-28 17:38:00,ccf-aiops-北大,cr-1,cr,ipv6_route_exists,"prefix=""fd00:5:40::/64""",1
2026-07-28 17:38:00,ccf-aiops-北大,cr-1,cr,ipv6_route_exists,"prefix=""fd00:4:40::/64""",1
2026-07-28 17:38:00,ccf-aiops-北大,cr-1,cr,ipv6_route_exists,"prefix=""fd00:3:40::/64""",1
2026-07-28 17:38:00,ccf-aiops-北大,cr-1,cr,ipv6_route_exists,"prefix=""fd00:2:40::/64""",1
2026-07-28 17:38:00,ccf-aiops-北大,cr-1,cr,ipv6_route_exists,"prefix=""::/0""",1
2026-07-28 17:38:00,ccf-aiops-北大,cr-1,cr,ipv6_route_nexthop_info,"prefix=""fd00:1:40::/64"",next_hop=""fd00:1:30::254"",dev=""ens5"",protocol=""196"",metric=""20"",route_index=""0"",nh_index=""0""",1
2026-07-28 17:38:00,ccf-aiops-北大,cr-1,cr,ipv6_route_nexthop_info,"prefix=""fd00:7:40::/64"",next_hop=""fe80::1:5"",dev=""ens4"",protocol=""ospf"",metric=""20"",route_index=""0"",nh_index=""0""",1
2026-07-28 17:38:00,ccf-aiops-北大,cr-1,cr,ipv6_route_nexthop_info,"prefix=""fd00:8:40::/64"",next_hop=""fe80::2:5"",dev=""ens4"",protocol=""ospf"",metric=""20"",route_index=""0"",nh_index=""1""",1
2026-07-28 17:38:00,ccf-aiops-北大,cr-1,cr,ipv6_route_nexthop_info,"prefix=""fd00:6:40::/64"",next_hop=""fe80::2:5"",dev=""ens4"",protocol=""ospf"",metric=""20"",route_index=""0"",nh_index=""1""",1
2026-07-28 17:38:00,ccf-aiops-北大,cr-1,cr,ipv6_route_nexthop_info,"prefix=""::/0"",next_hop=""fd00:1:20::1"",dev=""ens4"",protocol=""196"",metric=""20"",route_index=""0"",nh_index=""0""",1
2026-07-28 17:38:00,ccf-aiops-北大,cr-1,cr,ipv6_route_nexthop_info,"prefix=""::/0"",next_hop=""fd00:1:20::2"",dev=""ens4"",protocol=""196"",metric=""20"",route_index=""0"",nh_index=""1""",1
2026-07-28 17:38:00,ccf-aiops-北大,cr-1,cr,ipv6_route_nexthop_info,"prefix=""fd00:2:40::/64"",next_hop=""fe80::1:5"",dev=""ens4"",protocol=""ospf"",metric=""20"",route_index=""0"",nh_index=""0""",1
2026-07-28 17:38:00,ccf-aiops-北大,cr-1,cr,ipv6_route_nexthop_info,"prefix=""fd00:3:40::/64"",next_hop=""fe80::1:5"",dev=""ens4"",protocol=""ospf"",metric=""20"",route_index=""0"",nh_index=""0""",1
2026-07-28 17:38:00,ccf-aiops-北大,cr-1,cr,ipv6_route_nexthop_info,"prefix=""fd00:4:40::/64"",next_hop=""fe80::1:5"",dev=""ens4"",protocol=""ospf"",metric=""20"",route_index=""0"",nh_index=""0""",1
2026-07-28 17:38:00,ccf-aiops-北大,cr-1,cr,ipv6_route_nexthop_info,"prefix=""fd00:5:40::/64"",next_hop=""fe80::1:5"",dev=""ens4"",protocol=""ospf"",metric=""20"",route_index=""0"",nh_index=""0""",1
2026-07-28 17:38:00,ccf-aiops-北大,cr-1,cr,ipv6_route_nexthop_info,"prefix=""fd00:6:40::/64"",next_hop=""fe80::1:5"",dev=""ens4"",protocol=""ospf"",metric=""20"",route_index=""0"",nh_index=""0""",1
2026-07-28 17:38:00,ccf-aiops-北大,cr-1,cr,ipv6_route_nexthop_info,"prefix=""fd00:8:40::/64"",next_hop=""fe80::1:5"",dev=""ens4"",protocol=""ospf"",metric=""20"",route_index=""0"",nh_index=""0""",1
2026-07-28 17:38:00,ccf-aiops-北大,cr-1,cr,ipv6_route_nexthop_info,"prefix=""fd00:2:40::/64"",next_hop=""fe80::2:5"",dev=""ens4"",protocol=""ospf"",metric=""20"",route_index=""0"",nh_index=""1""",1
2026-07-28 17:38:00,ccf-aiops-北大,cr-1,cr,ipv6_route_nexthop_info,"prefix=""fd00:3:40::/64"",next_hop=""fe80::2:5"",dev=""ens4"",protocol=""ospf"",metric=""20"",route_index=""0"",nh_index=""1""",1
2026-07-28 17:38:00,ccf-aiops-北大,cr-1,cr,ipv6_route_nexthop_info,"prefix=""fd00:4:40::/64"",next_hop=""fe80::2:5"",dev=""ens4"",protocol=""ospf"",metric=""20"",route_index=""0"",nh_index=""1""",1
2026-07-28 17:38:00,ccf-aiops-北大,cr-1,cr,ipv6_route_nexthop_info,"prefix=""fd00:5:40::/64"",next_hop=""fe80::2:5"",dev=""ens4"",protocol=""ospf"",metric=""20"",route_index=""0"",nh_index=""1""",1
2026-07-28 17:38:00,ccf-aiops-北大,cr-1,cr,ipv6_route_nexthop_info,"prefix=""fd00:7:40::/64"",next_hop=""fe80::2:5"",dev=""ens4"",protocol=""ospf"",metric=""20"",route_index=""0"",nh_index=""1""",1
2026-07-28 17:38:00,ccf-aiops-北大,cr-1,cr,ospf6_interface_cost,"interface=""ens5""",1
2026-07-28 17:38:00,ccf-aiops-北大,cr-1,cr,ospf6_interface_cost,"interface=""ens4""",1
2026-07-28 17:38:00,ccf-aiops-北大,cr-1,cr,ospf6_interface_enabled,"interface=""ens9""",1
2026-07-28 17:38:00,ccf-aiops-北大,cr-1,cr,ospf6_interface_enabled,"interface=""ens10""",1
2026-07-28 17:38:00,ccf-aiops-北大,cr-1,cr,ospf6_interface_enabled,"interface=""ens11""",1
2026-07-28 17:38:00,ccf-aiops-北大,cr-1,cr,ospf6_interface_enabled,"interface=""ens12""",1
2026-07-28 17:38:00,ccf-aiops-北大,cr-1,cr,ospf6_interface_enabled,"interface=""ens3""",1
2026-07-28 17:38:00,ccf-aiops-北大,cr-1,cr,ospf6_interface_enabled,"interface=""ens4""",1
2026-07-28 17:38:00,ccf-aiops-北大,cr-1,cr,ospf6_interface_enabled,"interface=""ens5""",1
2026-07-28 17:38:00,ccf-aiops-北大,cr-1,cr,ospf6_interface_enabled,"interface=""lo""",1
2026-07-28 17:38:00,ccf-aiops-北大,cr-1,cr,ospf6_interface_enabled,"interface=""ens8""",1
2026-07-28 17:38:00,ccf-aiops-北大,cr-1,cr,ospf6_interface_enabled,"interface=""ens7""",1
2026-07-28 17:38:00,ccf-aiops-北大,cr-1,cr,ospf6_interface_enabled,"interface=""ens6""",1
2026-07-28 17:38:00,ccf-aiops-北大,cr-1,cr,ospf6_interface_enabled,"interface=""virbr0""",0
2026-07-28 17:38:00,ccf-aiops-北大,cr-1,cr,ospf6_neighbor_state_code,"state=""Full"",interface=""ens4"",neighbor_id=""1.1.1.1""",6
2026-07-28 17:38:00,ccf-aiops-北大,cr-1,cr,ospf6_neighbor_state_code,"state=""Full"",interface=""ens4"",neighbor_id=""1.1.1.12""",6
2026-07-28 17:38:00,ccf-aiops-北大,cr-1,cr,ospf6_neighbor_state_code,"state=""Full"",interface=""ens4"",neighbor_id=""1.1.1.2""",6
2026-07-28 17:38:00,ccf-aiops-北大,cr-1,cr,ospf6_neighbor_state_code,"state=""Full"",interface=""ens5"",neighbor_id=""1.1.1.12""",6
2026-07-28 17:38:00,ccf-aiops-北大,cr-1,cr,bgp_command_success,,
2026-07-28 17:38:00,ccf-aiops-北大,cr-1,cr,bgp_peer_up,,
2026-07-28 17:38:00,ccf-aiops-北大,cr-1,cr,bgp_peer_uptime_seconds,,
2026-07-28 17:38:00,ccf-aiops-北大,cr-1,cr,bgp_peer_prefix_received,,
2026-07-28 17:38:00,ccf-aiops-北大,cr-1,cr,bgp_peer_prefix_sent,,
2026-07-28 17:38:00,ccf-aiops-北大,cr-1,cr,bgp_peer_count,,
2026-07-28 17:38:00,ccf-aiops-北大,cr-2,cr,ipv6_default_route_changed_total,,0
2026-07-28 17:38:00,ccf-aiops-北大,cr-2,cr,ipv6_default_route_info,"next_hop=""fd00:1:20::2"",dev=""ens4"",protocol=""196"",metric=""20"",route_index=""0"",nh_index=""1""",1
2026-07-28 17:38:00,ccf-aiops-北大,cr-2,cr,ipv6_default_route_info,"next_hop=""fd00:1:20::1"",dev=""ens4"",protocol=""196"",metric=""20"",route_index=""0"",nh_index=""0""",1
2026-07-28 17:38:00,ccf-aiops-北大,cr-2,cr,ipv6_route_change_total,"prefix=""fd00:2:40::/64""",0
2026-07-28 17:38:00,ccf-aiops-北大,cr-2,cr,ipv6_route_change_total,"prefix=""fd00:1:40::/64""",0
2026-07-28 17:38:00,ccf-aiops-北大,cr-2,cr,ipv6_route_change_total,"prefix=""::/0""",0
2026-07-28 17:38:00,ccf-aiops-北大,cr-2,cr,ipv6_route_change_total,"prefix=""fd00:3:40::/64""",0
2026-07-28 17:38:00,ccf-aiops-北大,cr-2,cr,ipv6_route_change_total,"prefix=""fd00:4:40::/64""",0
2026-07-28 17:38:00,ccf-aiops-北大,cr-2,cr,ipv6_route_change_total,"prefix=""fd00:5:40::/64""",0
2026-07-28 17:38:00,ccf-aiops-北大,cr-2,cr,ipv6_route_change_total,"prefix=""fd00:6:40::/64""",0
2026-07-28 17:38:00,ccf-aiops-北大,cr-2,cr,ipv6_route_change_total,"prefix=""fd00:7:40::/64""",0
2026-07-28 17:38:00,ccf-aiops-北大,cr-2,cr,ipv6_route_change_total,"prefix=""fd00:8:40::/64""",0
2026-07-28 17:38:00,ccf-aiops-北大,cr-2,cr,ipv6_route_count,"protocol=""kernel""",6
2026-07-28 17:38:00,ccf-aiops-北大,cr-2,cr,ipv6_route_count,"protocol=""all""",15
2026-07-28 17:38:00,ccf-aiops-北大,cr-2,cr,ipv6_route_count,"protocol=""196""",2
2026-07-28 17:38:00,ccf-aiops-北大,cr-2,cr,ipv6_route_count,"protocol=""ospf""",7
2026-07-28 17:38:00,ccf-aiops-北大,cr-2,cr,ipv6_route_exists,"prefix=""fd00:7:40::/64""",1
2026-07-28 17:38:00,ccf-aiops-北大,cr-2,cr,ipv6_route_exists,"prefix=""fd00:8:40::/64""",1
2026-07-28 17:38:00,ccf-aiops-北大,cr-2,cr,ipv6_route_exists,"prefix=""fd00:6:40::/64""",1
2026-07-28 17:38:00,ccf-aiops-北大,cr-2,cr,ipv6_route_exists,"prefix=""fd00:5:40::/64""",1
2026-07-28 17:38:00,ccf-aiops-北大,cr-2,cr,ipv6_route_exists,"prefix=""fd00:4:40::/64""",1
2026-07-28 17:38:00,ccf-aiops-北大,cr-2,cr,ipv6_route_exists,"prefix=""fd00:3:40::/64""",1
2026-07-28 17:38:00,ccf-aiops-北大,cr-2,cr,ipv6_route_exists,"prefix=""fd00:2:40::/64""",1
2026-07-28 17:38:00,ccf-aiops-北大,cr-2,cr,ipv6_route_exists,"prefix=""fd00:1:40::/64""",1
2026-07-28 17:38:00,ccf-aiops-北大,cr-2,cr,ipv6_route_exists,"prefix=""::/0""",1
2026-07-28 17:38:00,ccf-aiops-北大,cr-2,cr,ipv6_route_nexthop_info,"prefix=""fd00:3:40::/64"",next_hop=""fe80::1:5"",dev=""ens4"",protocol=""ospf"",metric=""20"",route_index=""0"",nh_index=""0""",1
2026-07-28 17:38:00,ccf-aiops-北大,cr-2,cr,ipv6_route_nexthop_info,"prefix=""::/0"",next_hop=""fd00:1:20::1"",dev=""ens4"",protocol=""196"",metric=""20"",route_index=""0"",nh_index=""0""",1
2026-07-28 17:38:00,ccf-aiops-北大,cr-2,cr,ipv6_route_nexthop_info,"prefix=""::/0"",next_hop=""fd00:1:20::2"",dev=""ens4"",protocol=""196"",metric=""20"",route_index=""0"",nh_index=""1""",1
2026-07-28 17:38:00,ccf-aiops-北大,cr-2,cr,ipv6_route_nexthop_info,"prefix=""fd00:2:40::/64"",next_hop=""fe80::1:5"",dev=""ens4"",protocol=""ospf"",metric=""20"",route_index=""0"",nh_index=""0""",1
2026-07-28 17:38:00,ccf-aiops-北大,cr-2,cr,ipv6_route_nexthop_info,"prefix=""fd00:4:40::/64"",next_hop=""fe80::1:5"",dev=""ens4"",protocol=""ospf"",metric=""20"",route_index=""0"",nh_index=""0""",1
2026-07-28 17:38:00,ccf-aiops-北大,cr-2,cr,ipv6_route_nexthop_info,"prefix=""fd00:5:40::/64"",next_hop=""fe80::1:5"",dev=""ens4"",protocol=""ospf"",metric=""20"",route_index=""0"",nh_index=""0""",1
2026-07-28 17:38:00,ccf-aiops-北大,cr-2,cr,ipv6_route_nexthop_info,"prefix=""fd00:6:40::/64"",next_hop=""fe80::1:5"",dev=""ens4"",protocol=""ospf"",metric=""20"",route_index=""0"",nh_index=""0""",1
2026-07-28 17:38:00,ccf-aiops-北大,cr-2,cr,ipv6_route_nexthop_info,"prefix=""fd00:7:40::/64"",next_hop=""fe80::1:5"",dev=""ens4"",protocol=""ospf"",metric=""20"",route_index=""0"",nh_index=""0""",1
2026-07-28 17:38:00,ccf-aiops-北大,cr-2,cr,ipv6_route_nexthop_info,"prefix=""fd00:8:40::/64"",next_hop=""fe80::1:5"",dev=""ens4"",protocol=""ospf"",metric=""20"",route_index=""0"",nh_index=""0""",1
2026-07-28 17:38:00,ccf-aiops-北大,cr-2,cr,ipv6_route_nexthop_info,"prefix=""fd00:2:40::/64"",next_hop=""fe80::2:5"",dev=""ens4"",protocol=""ospf"",metric=""20"",route_index=""0"",nh_index=""1""",1
2026-07-28 17:38:00,ccf-aiops-北大,cr-2,cr,ipv6_route_nexthop_info,"prefix=""fd00:1:40::/64"",next_hop=""fd00:1:30::254"",dev=""ens5"",protocol=""196"",metric=""20"",route_index=""0"",nh_index=""0""",1
2026-07-28 17:38:00,ccf-aiops-北大,cr-2,cr,ipv6_route_nexthop_info,"prefix=""fd00:8:40::/64"",next_hop=""fe80::2:5"",dev=""ens4"",protocol=""ospf"",metric=""20"",route_index=""0"",nh_index=""1""",1
2026-07-28 17:38:00,ccf-aiops-北大,cr-2,cr,ipv6_route_nexthop_info,"prefix=""fd00:7:40::/64"",next_hop=""fe80::2:5"",dev=""ens4"",protocol=""ospf"",metric=""20"",route_index=""0"",nh_index=""1""",1
2026-07-28 17:38:00,ccf-aiops-北大,cr-2,cr,ipv6_route_nexthop_info,"prefix=""fd00:6:40::/64"",next_hop=""fe80::2:5"",dev=""ens4"",protocol=""ospf"",metric=""20"",route_index=""0"",nh_index=""1""",1
2026-07-28 17:38:00,ccf-aiops-北大,cr-2,cr,ipv6_route_nexthop_info,"prefix=""fd00:5:40::/64"",next_hop=""fe80::2:5"",dev=""ens4"",protocol=""ospf"",metric=""20"",route_index=""0"",nh_index=""1""",1
2026-07-28 17:38:00,ccf-aiops-北大,cr-2,cr,ipv6_route_nexthop_info,"prefix=""fd00:4:40::/64"",next_hop=""fe80::2:5"",dev=""ens4"",protocol=""ospf"",metric=""20"",route_index=""0"",nh_index=""1""",1
2026-07-28 17:38:00,ccf-aiops-北大,cr-2,cr,ipv6_route_nexthop_info,"prefix=""fd00:3:40::/64"",next_hop=""fe80::2:5"",dev=""ens4"",protocol=""ospf"",metric=""20"",route_index=""0"",nh_index=""1""",1
2026-07-28 17:38:00,ccf-aiops-北大,cr-2,cr,ospf6_interface_cost,"interface=""ens5""",1
2026-07-28 17:38:00,ccf-aiops-北大,cr-2,cr,ospf6_interface_cost,"interface=""ens4""",1
2026-07-28 17:38:00,ccf-aiops-北大,cr-2,cr,ospf6_interface_enabled,"interface=""ens11""",1
2026-07-28 17:38:00,ccf-aiops-北大,cr-2,cr,ospf6_interface_enabled,"interface=""ens10""",1
2026-07-28 17:38:00,ccf-aiops-北大,cr-2,cr,ospf6_interface_enabled,"interface=""lo""",1
2026-07-28 17:38:00,ccf-aiops-北大,cr-2,cr,ospf6_interface_enabled,"interface=""ens12""",1
2026-07-28 17:38:00,ccf-aiops-北大,cr-2,cr,ospf6_interface_enabled,"interface=""ens3""",1
2026-07-28 17:38:00,ccf-aiops-北大,cr-2,cr,ospf6_interface_enabled,"interface=""ens4""",1
2026-07-28 17:38:00,ccf-aiops-北大,cr-2,cr,ospf6_interface_enabled,"interface=""ens5""",1
2026-07-28 17:38:00,ccf-aiops-北大,cr-2,cr,ospf6_interface_enabled,"interface=""ens6""",1
2026-07-28 17:38:00,ccf-aiops-北大,cr-2,cr,ospf6_interface_enabled,"interface=""ens7""",1
2026-07-28 17:38:00,ccf-aiops-北大,cr-2,cr,ospf6_interface_enabled,"interface=""ens8""",1
2026-07-28 17:38:00,ccf-aiops-北大,cr-2,cr,ospf6_interface_enabled,"interface=""ens9""",1
2026-07-28 17:38:00,ccf-aiops-北大,cr-2,cr,ospf6_interface_enabled,"interface=""virbr0""",0
2026-07-28 17:38:00,ccf-aiops-北大,cr-2,cr,ospf6_neighbor_state_code,"state=""Full"",interface=""ens4"",neighbor_id=""1.1.1.1""",6
2026-07-28 17:38:00,ccf-aiops-北大,cr-2,cr,ospf6_neighbor_state_code,"state=""Full"",interface=""ens4"",neighbor_id=""1.1.1.11""",6
2026-07-28 17:38:00,ccf-aiops-北大,cr-2,cr,ospf6_neighbor_state_code,"state=""Full"",interface=""ens4"",neighbor_id=""1.1.1.2""",6
2026-07-28 17:38:00,ccf-aiops-北大,cr-2,cr,ospf6_neighbor_state_code,"state=""Full"",interface=""ens5"",neighbor_id=""1.1.1.11""",6
2026-07-28 17:38:00,ccf-aiops-北大,cr-2,cr,bgp_command_success,,
2026-07-28 17:38:00,ccf-aiops-北大,cr-2,cr,bgp_peer_up,,
2026-07-28 17:38:00,ccf-aiops-北大,cr-2,cr,bgp_peer_uptime_seconds,,
2026-07-28 17:38:00,ccf-aiops-北大,cr-2,cr,bgp_peer_prefix_received,,
2026-07-28 17:38:00,ccf-aiops-北大,cr-2,cr,bgp_peer_prefix_sent,,
2026-07-28 17:38:00,ccf-aiops-北大,cr-2,cr,bgp_peer_count,,
2026-07-28 17:39:00,ccf-aiops-北大,br-1,br,bgp_command_success,"command=""bgp_summary""",1
2026-07-28 17:39:00,ccf-aiops-北大,br-1,br,bgp_peer_count,,4
2026-07-28 17:39:00,ccf-aiops-北大,br-1,br,bgp_peer_prefix_received,"peer=""fd00:100:10::51"",remote_as=""65006"",state=""Established""",7
2026-07-28 17:39:00,ccf-aiops-北大,br-1,br,bgp_peer_prefix_received,"peer=""fd00:100:10::41"",remote_as=""65005"",state=""Established""",6
2026-07-28 17:39:00,ccf-aiops-北大,br-1,br,bgp_peer_prefix_received,"peer=""fd00:100:10::11"",remote_as=""65002"",state=""Established""",4
2026-07-28 17:39:00,ccf-aiops-北大,br-1,br,bgp_peer_prefix_received,"peer=""fd00:100:10::21"",remote_as=""65003"",state=""Established""",6
2026-07-28 17:39:00,ccf-aiops-北大,br-1,br,bgp_peer_prefix_sent,"peer=""fd00:100:10::51"",remote_as=""65006"",state=""Established""",8
2026-07-28 17:39:00,ccf-aiops-北大,br-1,br,bgp_peer_prefix_sent,"peer=""fd00:100:10::41"",remote_as=""65005"",state=""Established""",8
2026-07-28 17:39:00,ccf-aiops-北大,br-1,br,bgp_peer_prefix_sent,"peer=""fd00:100:10::11"",remote_as=""65002"",state=""Established""",8
2026-07-28 17:39:00,ccf-aiops-北大,br-1,br,bgp_peer_prefix_sent,"peer=""fd00:100:10::21"",remote_as=""65003"",state=""Established""",8
2026-07-28 17:39:00,ccf-aiops-北大,br-1,br,bgp_peer_up,"peer=""fd00:100:10::51"",remote_as=""65006"",state=""Established""",1
2026-07-28 17:39:00,ccf-aiops-北大,br-1,br,bgp_peer_up,"peer=""fd00:100:10::41"",remote_as=""65005"",state=""Established""",1
2026-07-28 17:39:00,ccf-aiops-北大,br-1,br,bgp_peer_up,"peer=""fd00:100:10::21"",remote_as=""65003"",state=""Established""",1
2026-07-28 17:39:00,ccf-aiops-北大,br-1,br,bgp_peer_up,"peer=""fd00:100:10::11"",remote_as=""65002"",state=""Established""",1
2026-07-28 17:39:00,ccf-aiops-北大,br-1,br,bgp_peer_uptime_seconds,"peer=""fd00:100:10::11"",remote_as=""65002"",state=""Established""",531439
2026-07-28 17:39:00,ccf-aiops-北大,br-1,br,bgp_peer_uptime_seconds,"peer=""fd00:100:10::21"",remote_as=""65003"",state=""Established""",668037
2026-07-28 17:39:00,ccf-aiops-北大,br-1,br,bgp_peer_uptime_seconds,"peer=""fd00:100:10::41"",remote_as=""65005"",state=""Established""",2431094
2026-07-28 17:39:00,ccf-aiops-北大,br-1,br,bgp_peer_uptime_seconds,"peer=""fd00:100:10::51"",remote_as=""65006"",state=""Established""",2431006
2026-07-28 17:39:00,ccf-aiops-北大,br-1,br,ipv6_default_route_changed_total,,0
2026-07-28 17:39:00,ccf-aiops-北大,br-1,br,ipv6_default_route_info,"next_hop=""240a:a023::1"",dev=""ens4"",protocol=""unknown"",metric=""1024"",route_index=""0"",nh_index=""0""",1
2026-07-28 17:39:00,ccf-aiops-北大,br-1,br,ipv6_route_change_total,"prefix=""::/0""",0
2026-07-28 17:39:00,ccf-aiops-北大,br-1,br,ipv6_route_change_total,"prefix=""fd00:1:40::/64""",0
2026-07-28 17:39:00,ccf-aiops-北大,br-1,br,ipv6_route_change_total,"prefix=""fd00:2:40::/64""",0
2026-07-28 17:39:00,ccf-aiops-北大,br-1,br,ipv6_route_change_total,"prefix=""fd00:4:40::/64""",0
2026-07-28 17:39:00,ccf-aiops-北大,br-1,br,ipv6_route_change_total,"prefix=""fd00:3:40::/64""",0
2026-07-28 17:39:00,ccf-aiops-北大,br-1,br,ipv6_route_change_total,"prefix=""fd00:5:40::/64""",0
2026-07-28 17:39:00,ccf-aiops-北大,br-1,br,ipv6_route_change_total,"prefix=""fd00:6:40::/64""",0
2026-07-28 17:39:00,ccf-aiops-北大,br-1,br,ipv6_route_change_total,"prefix=""fd00:7:40::/64""",6
2026-07-28 17:39:00,ccf-aiops-北大,br-1,br,ipv6_route_change_total,"prefix=""fd00:8:40::/64""",0
2026-07-28 17:39:00,ccf-aiops-北大,br-1,br,ipv6_route_count,"protocol=""unknown""",3
2026-07-28 17:39:00,ccf-aiops-北大,br-1,br,ipv6_route_count,"protocol=""ospf""",2
2026-07-28 17:39:00,ccf-aiops-北大,br-1,br,ipv6_route_count,"protocol=""kernel""",8
2026-07-28 17:39:00,ccf-aiops-北大,br-1,br,ipv6_route_count,"protocol=""all""",20
2026-07-28 17:39:00,ccf-aiops-北大,br-1,br,ipv6_route_count,"protocol=""bgp""",7
2026-07-28 17:39:00,ccf-aiops-北大,br-1,br,ipv6_route_exists,"prefix=""fd00:2:40::/64""",1
2026-07-28 17:39:00,ccf-aiops-北大,br-1,br,ipv6_route_exists,"prefix=""fd00:3:40::/64""",1
2026-07-28 17:39:00,ccf-aiops-北大,br-1,br,ipv6_route_exists,"prefix=""fd00:4:40::/64""",1
2026-07-28 17:39:00,ccf-aiops-北大,br-1,br,ipv6_route_exists,"prefix=""fd00:5:40::/64""",1
2026-07-28 17:39:00,ccf-aiops-北大,br-1,br,ipv6_route_exists,"prefix=""fd00:1:40::/64""",1
2026-07-28 17:39:00,ccf-aiops-北大,br-1,br,ipv6_route_exists,"prefix=""::/0""",1
2026-07-28 17:39:00,ccf-aiops-北大,br-1,br,ipv6_route_exists,"prefix=""fd00:6:40::/64""",1
2026-07-28 17:39:00,ccf-aiops-北大,br-1,br,ipv6_route_exists,"prefix=""fd00:8:40::/64""",1
2026-07-28 17:39:00,ccf-aiops-北大,br-1,br,ipv6_route_exists,"prefix=""fd00:7:40::/64""",1
2026-07-28 17:39:00,ccf-aiops-北大,br-1,br,ipv6_route_nexthop_info,"prefix=""fd00:1:40::/64"",next_hop=""fe80::12:4"",dev=""ens5"",protocol=""ospf"",metric=""20"",route_index=""0"",nh_index=""1""",1
2026-07-28 17:39:00,ccf-aiops-北大,br-1,br,ipv6_route_nexthop_info,"prefix=""fd00:6:40::/64"",next_hop=""fe80::100:10:51"",dev=""ens4"",protocol=""bgp"",metric=""20"",route_index=""0"",nh_index=""0""",1
2026-07-28 17:39:00,ccf-aiops-北大,br-1,br,ipv6_route_nexthop_info,"prefix=""::/0"",next_hop=""240a:a023::1"",dev=""ens4"",protocol=""unknown"",metric=""1024"",route_index=""0"",nh_index=""0""",1
2026-07-28 17:39:00,ccf-aiops-北大,br-1,br,ipv6_route_nexthop_info,"prefix=""fd00:2:40::/64"",next_hop=""fe80::100:10:11"",dev=""ens4"",protocol=""bgp"",metric=""20"",route_index=""0"",nh_index=""0""",1
2026-07-28 17:39:00,ccf-aiops-北大,br-1,br,ipv6_route_nexthop_info,"prefix=""fd00:1:40::/64"",next_hop=""fe80::11:4"",dev=""ens5"",protocol=""ospf"",metric=""20"",route_index=""0"",nh_index=""0""",1
2026-07-28 17:39:00,ccf-aiops-北大,br-1,br,ipv6_route_nexthop_info,"prefix=""fd00:3:40::/64"",next_hop=""fe80::100:10:21"",dev=""ens4"",protocol=""bgp"",metric=""20"",route_index=""0"",nh_index=""0""",1
2026-07-28 17:39:00,ccf-aiops-北大,br-1,br,ipv6_route_nexthop_info,"prefix=""fd00:4:40::/64"",next_hop=""fe80::100:10:41"",dev=""ens4"",protocol=""bgp"",metric=""20"",route_index=""0"",nh_index=""0""",1
2026-07-28 17:39:00,ccf-aiops-北大,br-1,br,ipv6_route_nexthop_info,"prefix=""fd00:5:40::/64"",next_hop=""fe80::100:10:41"",dev=""ens4"",protocol=""bgp"",metric=""20"",route_index=""0"",nh_index=""0""",1
2026-07-28 17:39:00,ccf-aiops-北大,br-1,br,ipv6_route_nexthop_info,"prefix=""fd00:7:40::/64"",next_hop=""fe80::100:10:51"",dev=""ens4"",protocol=""bgp"",metric=""20"",route_index=""0"",nh_index=""0""",1
2026-07-28 17:39:00,ccf-aiops-北大,br-1,br,ipv6_route_nexthop_info,"prefix=""fd00:8:40::/64"",next_hop=""fe80::100:10:41"",dev=""ens4"",protocol=""bgp"",metric=""20"",route_index=""0"",nh_index=""0""",1
2026-07-28 17:39:00,ccf-aiops-北大,br-1,br,ospf6_interface_cost,"interface=""ens5""",1
2026-07-28 17:39:00,ccf-aiops-北大,br-1,br,ospf6_interface_enabled,"interface=""virbr0""",0
2026-07-28 17:39:00,ccf-aiops-北大,br-1,br,ospf6_interface_enabled,"interface=""lo""",1
2026-07-28 17:39:00,ccf-aiops-北大,br-1,br,ospf6_interface_enabled,"interface=""ens9""",1
2026-07-28 17:39:00,ccf-aiops-北大,br-1,br,ospf6_interface_enabled,"interface=""ens8""",1
2026-07-28 17:39:00,ccf-aiops-北大,br-1,br,ospf6_interface_enabled,"interface=""ens7""",1
2026-07-28 17:39:00,ccf-aiops-北大,br-1,br,ospf6_interface_enabled,"interface=""ens6""",1
2026-07-28 17:39:00,ccf-aiops-北大,br-1,br,ospf6_interface_enabled,"interface=""ens5""",1
2026-07-28 17:39:00,ccf-aiops-北大,br-1,br,ospf6_interface_enabled,"interface=""ens4""",1
2026-07-28 17:39:00,ccf-aiops-北大,br-1,br,ospf6_interface_enabled,"interface=""ens3""",1
2026-07-28 17:39:00,ccf-aiops-北大,br-1,br,ospf6_interface_enabled,"interface=""ens12""",1
2026-07-28 17:39:00,ccf-aiops-北大,br-1,br,ospf6_interface_enabled,"interface=""ens11""",1
2026-07-28 17:39:00,ccf-aiops-北大,br-1,br,ospf6_interface_enabled,"interface=""ens10""",1
2026-07-28 17:39:00,ccf-aiops-北大,br-1,br,ospf6_neighbor_state_code,"state=""Full"",interface=""ens5"",neighbor_id=""1.1.1.11""",6
2026-07-28 17:39:00,ccf-aiops-北大,br-1,br,ospf6_neighbor_state_code,"state=""Full"",interface=""ens5"",neighbor_id=""1.1.1.12""",6
2026-07-28 17:39:00,ccf-aiops-北大,br-1,br,ospf6_neighbor_state_code,"state=""Twoway"",interface=""ens5"",neighbor_id=""1.1.1.2""",2
2026-07-28 17:39:00,ccf-aiops-北大,br-2,br,bgp_command_success,"command=""bgp_summary""",1
2026-07-28 17:39:00,ccf-aiops-北大,br-2,br,bgp_peer_count,,4
2026-07-28 17:39:00,ccf-aiops-北大,br-2,br,bgp_peer_prefix_received,"peer=""fd00:100:10::12"",remote_as=""65002"",state=""Established""",4
2026-07-28 17:39:00,ccf-aiops-北大,br-2,br,bgp_peer_prefix_received,"peer=""fd00:100:10::22"",remote_as=""65003"",state=""Established""",5
2026-07-28 17:39:00,ccf-aiops-北大,br-2,br,bgp_peer_prefix_received,"peer=""fd00:100:10::42"",remote_as=""65005"",state=""Established""",6
2026-07-28 17:39:00,ccf-aiops-北大,br-2,br,bgp_peer_prefix_received,"peer=""fd00:100:10::52"",remote_as=""65006"",state=""Established""",6
2026-07-28 17:39:00,ccf-aiops-北大,br-2,br,bgp_peer_prefix_sent,"peer=""fd00:100:10::52"",remote_as=""65006"",state=""Established""",8
2026-07-28 17:39:00,ccf-aiops-北大,br-2,br,bgp_peer_prefix_sent,"peer=""fd00:100:10::42"",remote_as=""65005"",state=""Established""",8
2026-07-28 17:39:00,ccf-aiops-北大,br-2,br,bgp_peer_prefix_sent,"peer=""fd00:100:10::22"",remote_as=""65003"",state=""Established""",8
2026-07-28 17:39:00,ccf-aiops-北大,br-2,br,bgp_peer_prefix_sent,"peer=""fd00:100:10::12"",remote_as=""65002"",state=""Established""",8
2026-07-28 17:39:00,ccf-aiops-北大,br-2,br,bgp_peer_up,"peer=""fd00:100:10::12"",remote_as=""65002"",state=""Established""",1
2026-07-28 17:39:00,ccf-aiops-北大,br-2,br,bgp_peer_up,"peer=""fd00:100:10::22"",remote_as=""65003"",state=""Established""",1
2026-07-28 17:39:00,ccf-aiops-北大,br-2,br,bgp_peer_up,"peer=""fd00:100:10::42"",remote_as=""65005"",state=""Established""",1
2026-07-28 17:39:00,ccf-aiops-北大,br-2,br,bgp_peer_up,"peer=""fd00:100:10::52"",remote_as=""65006"",state=""Established""",1
2026-07-28 17:39:00,ccf-aiops-北大,br-2,br,bgp_peer_uptime_seconds,"peer=""fd00:100:10::12"",remote_as=""65002"",state=""Established""",531397
2026-07-28 17:39:00,ccf-aiops-北大,br-2,br,bgp_peer_uptime_seconds,"peer=""fd00:100:10::22"",remote_as=""65003"",state=""Established""",1361362
2026-07-28 17:39:00,ccf-aiops-北大,br-2,br,bgp_peer_uptime_seconds,"peer=""fd00:100:10::42"",remote_as=""65005"",state=""Established""",2431105
2026-07-28 17:39:00,ccf-aiops-北大,br-2,br,bgp_peer_uptime_seconds,"peer=""fd00:100:10::52"",remote_as=""65006"",state=""Established""",2431012
2026-07-28 17:39:00,ccf-aiops-北大,br-2,br,ipv6_default_route_changed_total,,0
2026-07-28 17:39:00,ccf-aiops-北大,br-2,br,ipv6_default_route_info,"next_hop=""240a:a023::1"",dev=""ens4"",protocol=""unknown"",metric=""1024"",route_index=""0"",nh_index=""0""",1
2026-07-28 17:39:00,ccf-aiops-北大,br-2,br,ipv6_route_change_total,"prefix=""fd00:3:40::/64""",0
2026-07-28 17:39:00,ccf-aiops-北大,br-2,br,ipv6_route_change_total,"prefix=""fd00:7:40::/64""",4
2026-07-28 17:39:00,ccf-aiops-北大,br-2,br,ipv6_route_change_total,"prefix=""fd00:8:40::/64""",0
2026-07-28 17:39:00,ccf-aiops-北大,br-2,br,ipv6_route_change_total,"prefix=""::/0""",0
2026-07-28 17:39:00,ccf-aiops-北大,br-2,br,ipv6_route_change_total,"prefix=""fd00:1:40::/64""",0
2026-07-28 17:39:00,ccf-aiops-北大,br-2,br,ipv6_route_change_total,"prefix=""fd00:2:40::/64""",0
2026-07-28 17:39:00,ccf-aiops-北大,br-2,br,ipv6_route_change_total,"prefix=""fd00:4:40::/64""",0
2026-07-28 17:39:00,ccf-aiops-北大,br-2,br,ipv6_route_change_total,"prefix=""fd00:5:40::/64""",0
2026-07-28 17:39:00,ccf-aiops-北大,br-2,br,ipv6_route_change_total,"prefix=""fd00:6:40::/64""",0
2026-07-28 17:39:00,ccf-aiops-北大,br-2,br,ipv6_route_count,"protocol=""all""",19
2026-07-28 17:39:00,ccf-aiops-北大,br-2,br,ipv6_route_count,"protocol=""unknown""",3
2026-07-28 17:39:00,ccf-aiops-北大,br-2,br,ipv6_route_count,"protocol=""ospf""",2
2026-07-28 17:39:00,ccf-aiops-北大,br-2,br,ipv6_route_count,"protocol=""kernel""",7
2026-07-28 17:39:00,ccf-aiops-北大,br-2,br,ipv6_route_count,"protocol=""bgp""",7
2026-07-28 17:39:00,ccf-aiops-北大,br-2,br,ipv6_route_exists,"prefix=""fd00:8:40::/64""",1
2026-07-28 17:39:00,ccf-aiops-北大,br-2,br,ipv6_route_exists,"prefix=""fd00:7:40::/64""",1
2026-07-28 17:39:00,ccf-aiops-北大,br-2,br,ipv6_route_exists,"prefix=""fd00:6:40::/64""",1
2026-07-28 17:39:00,ccf-aiops-北大,br-2,br,ipv6_route_exists,"prefix=""fd00:5:40::/64""",1
2026-07-28 17:39:00,ccf-aiops-北大,br-2,br,ipv6_route_exists,"prefix=""fd00:4:40::/64""",1
2026-07-28 17:39:00,ccf-aiops-北大,br-2,br,ipv6_route_exists,"prefix=""fd00:3:40::/64""",1
2026-07-28 17:39:00,ccf-aiops-北大,br-2,br,ipv6_route_exists,"prefix=""fd00:2:40::/64""",1
2026-07-28 17:39:00,ccf-aiops-北大,br-2,br,ipv6_route_exists,"prefix=""fd00:1:40::/64""",1
2026-07-28 17:39:00,ccf-aiops-北大,br-2,br,ipv6_route_exists,"prefix=""::/0""",1
2026-07-28 17:39:00,ccf-aiops-北大,br-2,br,ipv6_route_nexthop_info,"prefix=""::/0"",next_hop=""240a:a023::1"",dev=""ens4"",protocol=""unknown"",metric=""1024"",route_index=""0"",nh_index=""0""",1
2026-07-28 17:39:00,ccf-aiops-北大,br-2,br,ipv6_route_nexthop_info,"prefix=""fd00:8:40::/64"",next_hop=""fe80::100:10:42"",dev=""ens4"",protocol=""bgp"",metric=""20"",route_index=""0"",nh_index=""0""",1
2026-07-28 17:39:00,ccf-aiops-北大,br-2,br,ipv6_route_nexthop_info,"prefix=""fd00:2:40::/64"",next_hop=""fe80::100:10:12"",dev=""ens4"",protocol=""bgp"",metric=""20"",route_index=""0"",nh_index=""0""",1
2026-07-28 17:39:00,ccf-aiops-北大,br-2,br,ipv6_route_nexthop_info,"prefix=""fd00:4:40::/64"",next_hop=""fe80::100:10:42"",dev=""ens4"",protocol=""bgp"",metric=""20"",route_index=""0"",nh_index=""0""",1
2026-07-28 17:39:00,ccf-aiops-北大,br-2,br,ipv6_route_nexthop_info,"prefix=""fd00:1:40::/64"",next_hop=""fe80::12:4"",dev=""ens5"",protocol=""ospf"",metric=""20"",route_index=""0"",nh_index=""1""",1
2026-07-28 17:39:00,ccf-aiops-北大,br-2,br,ipv6_route_nexthop_info,"prefix=""fd00:1:40::/64"",next_hop=""fe80::11:4"",dev=""ens5"",protocol=""ospf"",metric=""20"",route_index=""0"",nh_index=""0""",1
2026-07-28 17:39:00,ccf-aiops-北大,br-2,br,ipv6_route_nexthop_info,"prefix=""fd00:3:40::/64"",next_hop=""fe80::100:10:22"",dev=""ens4"",protocol=""bgp"",metric=""20"",route_index=""0"",nh_index=""0""",1
2026-07-28 17:39:00,ccf-aiops-北大,br-2,br,ipv6_route_nexthop_info,"prefix=""fd00:6:40::/64"",next_hop=""fe80::100:10:52"",dev=""ens4"",protocol=""bgp"",metric=""20"",route_index=""0"",nh_index=""0""",1
2026-07-28 17:39:00,ccf-aiops-北大,br-2,br,ipv6_route_nexthop_info,"prefix=""fd00:5:40::/64"",next_hop=""fe80::100:10:42"",dev=""ens4"",protocol=""bgp"",metric=""20"",route_index=""0"",nh_index=""0""",1
2026-07-28 17:39:00,ccf-aiops-北大,br-2,br,ipv6_route_nexthop_info,"prefix=""fd00:7:40::/64"",next_hop=""fe80::100:10:42"",dev=""ens4"",protocol=""bgp"",metric=""20"",route_index=""0"",nh_index=""0""",1
2026-07-28 17:39:00,ccf-aiops-北大,br-2,br,ospf6_interface_cost,"interface=""ens5""",1
2026-07-28 17:39:00,ccf-aiops-北大,br-2,br,ospf6_interface_enabled,"interface=""ens9""",1
2026-07-28 17:39:00,ccf-aiops-北大,br-2,br,ospf6_interface_enabled,"interface=""ens10""",1
2026-07-28 17:39:00,ccf-aiops-北大,br-2,br,ospf6_interface_enabled,"interface=""virbr0""",0
2026-07-28 17:39:00,ccf-aiops-北大,br-2,br,ospf6_interface_enabled,"interface=""lo""",1
2026-07-28 17:39:00,ccf-aiops-北大,br-2,br,ospf6_interface_enabled,"interface=""ens8""",1
2026-07-28 17:39:00,ccf-aiops-北大,br-2,br,ospf6_interface_enabled,"interface=""ens7""",1
2026-07-28 17:39:00,ccf-aiops-北大,br-2,br,ospf6_interface_enabled,"interface=""ens6""",1
2026-07-28 17:39:00,ccf-aiops-北大,br-2,br,ospf6_interface_enabled,"interface=""ens5""",1
2026-07-28 17:39:00,ccf-aiops-北大,br-2,br,ospf6_interface_enabled,"interface=""ens4""",1
2026-07-28 17:39:00,ccf-aiops-北大,br-2,br,ospf6_interface_enabled,"interface=""ens3""",1
2026-07-28 17:39:00,ccf-aiops-北大,br-2,br,ospf6_interface_enabled,"interface=""ens12""",1
2026-07-28 17:39:00,ccf-aiops-北大,br-2,br,ospf6_interface_enabled,"interface=""ens11""",1
2026-07-28 17:39:00,ccf-aiops-北大,br-2,br,ospf6_neighbor_state_code,"state=""Twoway"",interface=""ens5"",neighbor_id=""1.1.1.1""",2
2026-07-28 17:39:00,ccf-aiops-北大,br-2,br,ospf6_neighbor_state_code,"state=""Full"",interface=""ens5"",neighbor_id=""1.1.1.12""",6
2026-07-28 17:39:00,ccf-aiops-北大,br-2,br,ospf6_neighbor_state_code,"state=""Full"",interface=""ens5"",neighbor_id=""1.1.1.11""",6
2026-07-28 17:39:00,ccf-aiops-北大,cr-1,cr,ipv6_default_route_changed_total,,0
2026-07-28 17:39:00,ccf-aiops-北大,cr-1,cr,ipv6_default_route_info,"next_hop=""fd00:1:20::1"",dev=""ens4"",protocol=""196"",metric=""20"",route_index=""0"",nh_index=""0""",1
2026-07-28 17:39:00,ccf-aiops-北大,cr-1,cr,ipv6_default_route_info,"next_hop=""fd00:1:20::2"",dev=""ens4"",protocol=""196"",metric=""20"",route_index=""0"",nh_index=""1""",1
2026-07-28 17:39:00,ccf-aiops-北大,cr-1,cr,ipv6_route_change_total,"prefix=""fd00:3:40::/64""",0
2026-07-28 17:39:00,ccf-aiops-北大,cr-1,cr,ipv6_route_change_total,"prefix=""fd00:2:40::/64""",0
2026-07-28 17:39:00,ccf-aiops-北大,cr-1,cr,ipv6_route_change_total,"prefix=""::/0""",0
2026-07-28 17:39:00,ccf-aiops-北大,cr-1,cr,ipv6_route_change_total,"prefix=""fd00:1:40::/64""",0
2026-07-28 17:39:00,ccf-aiops-北大,cr-1,cr,ipv6_route_change_total,"prefix=""fd00:8:40::/64""",0
2026-07-28 17:39:00,ccf-aiops-北大,cr-1,cr,ipv6_route_change_total,"prefix=""fd00:7:40::/64""",0
2026-07-28 17:39:00,ccf-aiops-北大,cr-1,cr,ipv6_route_change_total,"prefix=""fd00:6:40::/64""",0
2026-07-28 17:39:00,ccf-aiops-北大,cr-1,cr,ipv6_route_change_total,"prefix=""fd00:5:40::/64""",0
2026-07-28 17:39:00,ccf-aiops-北大,cr-1,cr,ipv6_route_change_total,"prefix=""fd00:4:40::/64""",0
2026-07-28 17:39:00,ccf-aiops-北大,cr-1,cr,ipv6_route_count,"protocol=""196""",2
2026-07-28 17:39:00,ccf-aiops-北大,cr-1,cr,ipv6_route_count,"protocol=""all""",15
2026-07-28 17:39:00,ccf-aiops-北大,cr-1,cr,ipv6_route_count,"protocol=""kernel""",6
2026-07-28 17:39:00,ccf-aiops-北大,cr-1,cr,ipv6_route_count,"protocol=""ospf""",7
2026-07-28 17:39:00,ccf-aiops-北大,cr-1,cr,ipv6_route_exists,"prefix=""::/0""",1
2026-07-28 17:39:00,ccf-aiops-北大,cr-1,cr,ipv6_route_exists,"prefix=""fd00:2:40::/64""",1
2026-07-28 17:39:00,ccf-aiops-北大,cr-1,cr,ipv6_route_exists,"prefix=""fd00:1:40::/64""",1
2026-07-28 17:39:00,ccf-aiops-北大,cr-1,cr,ipv6_route_exists,"prefix=""fd00:3:40::/64""",1
2026-07-28 17:39:00,ccf-aiops-北大,cr-1,cr,ipv6_route_exists,"prefix=""fd00:4:40::/64""",1
2026-07-28 17:39:00,ccf-aiops-北大,cr-1,cr,ipv6_route_exists,"prefix=""fd00:5:40::/64""",1
2026-07-28 17:39:00,ccf-aiops-北大,cr-1,cr,ipv6_route_exists,"prefix=""fd00:8:40::/64""",1
2026-07-28 17:39:00,ccf-aiops-北大,cr-1,cr,ipv6_route_exists,"prefix=""fd00:7:40::/64""",1
2026-07-28 17:39:00,ccf-aiops-北大,cr-1,cr,ipv6_route_exists,"prefix=""fd00:6:40::/64""",1
2026-07-28 17:39:00,ccf-aiops-北大,cr-1,cr,ipv6_route_nexthop_info,"prefix=""fd00:2:40::/64"",next_hop=""fe80::2:5"",dev=""ens4"",protocol=""ospf"",metric=""20"",route_index=""0"",nh_index=""1""",1
2026-07-28 17:39:00,ccf-aiops-北大,cr-1,cr,ipv6_route_nexthop_info,"prefix=""fd00:3:40::/64"",next_hop=""fe80::1:5"",dev=""ens4"",protocol=""ospf"",metric=""20"",route_index=""0"",nh_index=""0""",1
2026-07-28 17:39:00,ccf-aiops-北大,cr-1,cr,ipv6_route_nexthop_info,"prefix=""fd00:4:40::/64"",next_hop=""fe80::1:5"",dev=""ens4"",protocol=""ospf"",metric=""20"",route_index=""0"",nh_index=""0""",1
2026-07-28 17:39:00,ccf-aiops-北大,cr-1,cr,ipv6_route_nexthop_info,"prefix=""fd00:5:40::/64"",next_hop=""fe80::1:5"",dev=""ens4"",protocol=""ospf"",metric=""20"",route_index=""0"",nh_index=""0""",1
2026-07-28 17:39:00,ccf-aiops-北大,cr-1,cr,ipv6_route_nexthop_info,"prefix=""fd00:6:40::/64"",next_hop=""fe80::1:5"",dev=""ens4"",protocol=""ospf"",metric=""20"",route_index=""0"",nh_index=""0""",1
2026-07-28 17:39:00,ccf-aiops-北大,cr-1,cr,ipv6_route_nexthop_info,"prefix=""fd00:7:40::/64"",next_hop=""fe80::1:5"",dev=""ens4"",protocol=""ospf"",metric=""20"",route_index=""0"",nh_index=""0""",1
2026-07-28 17:39:00,ccf-aiops-北大,cr-1,cr,ipv6_route_nexthop_info,"prefix=""fd00:8:40::/64"",next_hop=""fe80::1:5"",dev=""ens4"",protocol=""ospf"",metric=""20"",route_index=""0"",nh_index=""0""",1
2026-07-28 17:39:00,ccf-aiops-北大,cr-1,cr,ipv6_route_nexthop_info,"prefix=""fd00:5:40::/64"",next_hop=""fe80::2:5"",dev=""ens4"",protocol=""ospf"",metric=""20"",route_index=""0"",nh_index=""1""",1
2026-07-28 17:39:00,ccf-aiops-北大,cr-1,cr,ipv6_route_nexthop_info,"prefix=""fd00:3:40::/64"",next_hop=""fe80::2:5"",dev=""ens4"",protocol=""ospf"",metric=""20"",route_index=""0"",nh_index=""1""",1
2026-07-28 17:39:00,ccf-aiops-北大,cr-1,cr,ipv6_route_nexthop_info,"prefix=""fd00:4:40::/64"",next_hop=""fe80::2:5"",dev=""ens4"",protocol=""ospf"",metric=""20"",route_index=""0"",nh_index=""1""",1
2026-07-28 17:39:00,ccf-aiops-北大,cr-1,cr,ipv6_route_nexthop_info,"prefix=""fd00:2:40::/64"",next_hop=""fe80::1:5"",dev=""ens4"",protocol=""ospf"",metric=""20"",route_index=""0"",nh_index=""0""",1
2026-07-28 17:39:00,ccf-aiops-北大,cr-1,cr,ipv6_route_nexthop_info,"prefix=""::/0"",next_hop=""fd00:1:20::2"",dev=""ens4"",protocol=""196"",metric=""20"",route_index=""0"",nh_index=""1""",1
2026-07-28 17:39:00,ccf-aiops-北大,cr-1,cr,ipv6_route_nexthop_info,"prefix=""::/0"",next_hop=""fd00:1:20::1"",dev=""ens4"",protocol=""196"",metric=""20"",route_index=""0"",nh_index=""0""",1
2026-07-28 17:39:00,ccf-aiops-北大,cr-1,cr,ipv6_route_nexthop_info,"prefix=""fd00:6:40::/64"",next_hop=""fe80::2:5"",dev=""ens4"",protocol=""ospf"",metric=""20"",route_index=""0"",nh_index=""1""",1
2026-07-28 17:39:00,ccf-aiops-北大,cr-1,cr,ipv6_route_nexthop_info,"prefix=""fd00:7:40::/64"",next_hop=""fe80::2:5"",dev=""ens4"",protocol=""ospf"",metric=""20"",route_index=""0"",nh_index=""1""",1
2026-07-28 17:39:00,ccf-aiops-北大,cr-1,cr,ipv6_route_nexthop_info,"prefix=""fd00:8:40::/64"",next_hop=""fe80::2:5"",dev=""ens4"",protocol=""ospf"",metric=""20"",route_index=""0"",nh_index=""1""",1
2026-07-28 17:39:00,ccf-aiops-北大,cr-1,cr,ipv6_route_nexthop_info,"prefix=""fd00:1:40::/64"",next_hop=""fd00:1:30::254"",dev=""ens5"",protocol=""196"",metric=""20"",route_index=""0"",nh_index=""0""",1
2026-07-28 17:39:00,ccf-aiops-北大,cr-1,cr,ospf6_interface_cost,"interface=""ens5""",1
2026-07-28 17:39:00,ccf-aiops-北大,cr-1,cr,ospf6_interface_cost,"interface=""ens4""",1
2026-07-28 17:39:00,ccf-aiops-北大,cr-1,cr,ospf6_interface_enabled,"interface=""ens7""",1
2026-07-28 17:39:00,ccf-aiops-北大,cr-1,cr,ospf6_interface_enabled,"interface=""ens6""",1
2026-07-28 17:39:00,ccf-aiops-北大,cr-1,cr,ospf6_interface_enabled,"interface=""ens11""",1
2026-07-28 17:39:00,ccf-aiops-北大,cr-1,cr,ospf6_interface_enabled,"interface=""ens12""",1
2026-07-28 17:39:00,ccf-aiops-北大,cr-1,cr,ospf6_interface_enabled,"interface=""ens10""",1
2026-07-28 17:39:00,ccf-aiops-北大,cr-1,cr,ospf6_interface_enabled,"interface=""ens3""",1
2026-07-28 17:39:00,ccf-aiops-北大,cr-1,cr,ospf6_interface_enabled,"interface=""ens4""",1
2026-07-28 17:39:00,ccf-aiops-北大,cr-1,cr,ospf6_interface_enabled,"interface=""ens5""",1
2026-07-28 17:39:00,ccf-aiops-北大,cr-1,cr,ospf6_interface_enabled,"interface=""ens8""",1
2026-07-28 17:39:00,ccf-aiops-北大,cr-1,cr,ospf6_interface_enabled,"interface=""ens9""",1
2026-07-28 17:39:00,ccf-aiops-北大,cr-1,cr,ospf6_interface_enabled,"interface=""lo""",1
2026-07-28 17:39:00,ccf-aiops-北大,cr-1,cr,ospf6_interface_enabled,"interface=""virbr0""",0
2026-07-28 17:39:00,ccf-aiops-北大,cr-1,cr,ospf6_neighbor_state_code,"state=""Full"",interface=""ens5"",neighbor_id=""1.1.1.12""",6
2026-07-28 17:39:00,ccf-aiops-北大,cr-1,cr,ospf6_neighbor_state_code,"state=""Full"",interface=""ens4"",neighbor_id=""1.1.1.2""",6
2026-07-28 17:39:00,ccf-aiops-北大,cr-1,cr,ospf6_neighbor_state_code,"state=""Full"",interface=""ens4"",neighbor_id=""1.1.1.12""",6
2026-07-28 17:39:00,ccf-aiops-北大,cr-1,cr,ospf6_neighbor_state_code,"state=""Full"",interface=""ens4"",neighbor_id=""1.1.1.1""",6
2026-07-28 17:39:00,ccf-aiops-北大,cr-1,cr,bgp_command_success,,
2026-07-28 17:39:00,ccf-aiops-北大,cr-1,cr,bgp_peer_up,,
2026-07-28 17:39:00,ccf-aiops-北大,cr-1,cr,bgp_peer_uptime_seconds,,
2026-07-28 17:39:00,ccf-aiops-北大,cr-1,cr,bgp_peer_prefix_received,,
2026-07-28 17:39:00,ccf-aiops-北大,cr-1,cr,bgp_peer_prefix_sent,,
2026-07-28 17:39:00,ccf-aiops-北大,cr-1,cr,bgp_peer_count,,
2026-07-28 17:39:00,ccf-aiops-北大,cr-2,cr,ipv6_default_route_changed_total,,0
2026-07-28 17:39:00,ccf-aiops-北大,cr-2,cr,ipv6_default_route_info,"next_hop=""fd00:1:20::2"",dev=""ens4"",protocol=""196"",metric=""20"",route_index=""0"",nh_index=""1""",1
2026-07-28 17:39:00,ccf-aiops-北大,cr-2,cr,ipv6_default_route_info,"next_hop=""fd00:1:20::1"",dev=""ens4"",protocol=""196"",metric=""20"",route_index=""0"",nh_index=""0""",1
2026-07-28 17:39:00,ccf-aiops-北大,cr-2,cr,ipv6_route_change_total,"prefix=""fd00:8:40::/64""",0
2026-07-28 17:39:00,ccf-aiops-北大,cr-2,cr,ipv6_route_change_total,"prefix=""fd00:7:40::/64""",0
2026-07-28 17:39:00,ccf-aiops-北大,cr-2,cr,ipv6_route_change_total,"prefix=""::/0""",0
2026-07-28 17:39:00,ccf-aiops-北大,cr-2,cr,ipv6_route_change_total,"prefix=""fd00:1:40::/64""",0
2026-07-28 17:39:00,ccf-aiops-北大,cr-2,cr,ipv6_route_change_total,"prefix=""fd00:2:40::/64""",0
2026-07-28 17:39:00,ccf-aiops-北大,cr-2,cr,ipv6_route_change_total,"prefix=""fd00:3:40::/64""",0
2026-07-28 17:39:00,ccf-aiops-北大,cr-2,cr,ipv6_route_change_total,"prefix=""fd00:4:40::/64""",0
2026-07-28 17:39:00,ccf-aiops-北大,cr-2,cr,ipv6_route_change_total,"prefix=""fd00:5:40::/64""",0
2026-07-28 17:39:00,ccf-aiops-北大,cr-2,cr,ipv6_route_change_total,"prefix=""fd00:6:40::/64""",0
2026-07-28 17:39:00,ccf-aiops-北大,cr-2,cr,ipv6_route_count,"protocol=""ospf""",7
2026-07-28 17:39:00,ccf-aiops-北大,cr-2,cr,ipv6_route_count,"protocol=""196""",2
2026-07-28 17:39:00,ccf-aiops-北大,cr-2,cr,ipv6_route_count,"protocol=""kernel""",6
2026-07-28 17:39:00,ccf-aiops-北大,cr-2,cr,ipv6_route_count,"protocol=""all""",15
2026-07-28 17:39:00,ccf-aiops-北大,cr-2,cr,ipv6_route_exists,"prefix=""fd00:8:40::/64""",1
2026-07-28 17:39:00,ccf-aiops-北大,cr-2,cr,ipv6_route_exists,"prefix=""::/0""",1
2026-07-28 17:39:00,ccf-aiops-北大,cr-2,cr,ipv6_route_exists,"prefix=""fd00:1:40::/64""",1
2026-07-28 17:39:00,ccf-aiops-北大,cr-2,cr,ipv6_route_exists,"prefix=""fd00:7:40::/64""",1
2026-07-28 17:39:00,ccf-aiops-北大,cr-2,cr,ipv6_route_exists,"prefix=""fd00:6:40::/64""",1
2026-07-28 17:39:00,ccf-aiops-北大,cr-2,cr,ipv6_route_exists,"prefix=""fd00:5:40::/64""",1
2026-07-28 17:39:00,ccf-aiops-北大,cr-2,cr,ipv6_route_exists,"prefix=""fd00:4:40::/64""",1
2026-07-28 17:39:00,ccf-aiops-北大,cr-2,cr,ipv6_route_exists,"prefix=""fd00:3:40::/64""",1
2026-07-28 17:39:00,ccf-aiops-北大,cr-2,cr,ipv6_route_exists,"prefix=""fd00:2:40::/64""",1
2026-07-28 17:39:00,ccf-aiops-北大,cr-2,cr,ipv6_route_nexthop_info,"prefix=""fd00:7:40::/64"",next_hop=""fe80::2:5"",dev=""ens4"",protocol=""ospf"",metric=""20"",route_index=""0"",nh_index=""1""",1
2026-07-28 17:39:00,ccf-aiops-北大,cr-2,cr,ipv6_route_nexthop_info,"prefix=""::/0"",next_hop=""fd00:1:20::1"",dev=""ens4"",protocol=""196"",metric=""20"",route_index=""0"",nh_index=""0""",1
2026-07-28 17:39:00,ccf-aiops-北大,cr-2,cr,ipv6_route_nexthop_info,"prefix=""::/0"",next_hop=""fd00:1:20::2"",dev=""ens4"",protocol=""196"",metric=""20"",route_index=""0"",nh_index=""1""",1
2026-07-28 17:39:00,ccf-aiops-北大,cr-2,cr,ipv6_route_nexthop_info,"prefix=""fd00:2:40::/64"",next_hop=""fe80::1:5"",dev=""ens4"",protocol=""ospf"",metric=""20"",route_index=""0"",nh_index=""0""",1
2026-07-28 17:39:00,ccf-aiops-北大,cr-2,cr,ipv6_route_nexthop_info,"prefix=""fd00:3:40::/64"",next_hop=""fe80::1:5"",dev=""ens4"",protocol=""ospf"",metric=""20"",route_index=""0"",nh_index=""0""",1
2026-07-28 17:39:00,ccf-aiops-北大,cr-2,cr,ipv6_route_nexthop_info,"prefix=""fd00:4:40::/64"",next_hop=""fe80::1:5"",dev=""ens4"",protocol=""ospf"",metric=""20"",route_index=""0"",nh_index=""0""",1
2026-07-28 17:39:00,ccf-aiops-北大,cr-2,cr,ipv6_route_nexthop_info,"prefix=""fd00:5:40::/64"",next_hop=""fe80::1:5"",dev=""ens4"",protocol=""ospf"",metric=""20"",route_index=""0"",nh_index=""0""",1
2026-07-28 17:39:00,ccf-aiops-北大,cr-2,cr,ipv6_route_nexthop_info,"prefix=""fd00:6:40::/64"",next_hop=""fe80::1:5"",dev=""ens4"",protocol=""ospf"",metric=""20"",route_index=""0"",nh_index=""0""",1
2026-07-28 17:39:00,ccf-aiops-北大,cr-2,cr,ipv6_route_nexthop_info,"prefix=""fd00:7:40::/64"",next_hop=""fe80::1:5"",dev=""ens4"",protocol=""ospf"",metric=""20"",route_index=""0"",nh_index=""0""",1
2026-07-28 17:39:00,ccf-aiops-北大,cr-2,cr,ipv6_route_nexthop_info,"prefix=""fd00:8:40::/64"",next_hop=""fe80::1:5"",dev=""ens4"",protocol=""ospf"",metric=""20"",route_index=""0"",nh_index=""0""",1
2026-07-28 17:39:00,ccf-aiops-北大,cr-2,cr,ipv6_route_nexthop_info,"prefix=""fd00:2:40::/64"",next_hop=""fe80::2:5"",dev=""ens4"",protocol=""ospf"",metric=""20"",route_index=""0"",nh_index=""1""",1
2026-07-28 17:39:00,ccf-aiops-北大,cr-2,cr,ipv6_route_nexthop_info,"prefix=""fd00:1:40::/64"",next_hop=""fd00:1:30::254"",dev=""ens5"",protocol=""196"",metric=""20"",route_index=""0"",nh_index=""0""",1
2026-07-28 17:39:00,ccf-aiops-北大,cr-2,cr,ipv6_route_nexthop_info,"prefix=""fd00:3:40::/64"",next_hop=""fe80::2:5"",dev=""ens4"",protocol=""ospf"",metric=""20"",route_index=""0"",nh_index=""1""",1
2026-07-28 17:39:00,ccf-aiops-北大,cr-2,cr,ipv6_route_nexthop_info,"prefix=""fd00:4:40::/64"",next_hop=""fe80::2:5"",dev=""ens4"",protocol=""ospf"",metric=""20"",route_index=""0"",nh_index=""1""",1
2026-07-28 17:39:00,ccf-aiops-北大,cr-2,cr,ipv6_route_nexthop_info,"prefix=""fd00:5:40::/64"",next_hop=""fe80::2:5"",dev=""ens4"",protocol=""ospf"",metric=""20"",route_index=""0"",nh_index=""1""",1
2026-07-28 17:39:00,ccf-aiops-北大,cr-2,cr,ipv6_route_nexthop_info,"prefix=""fd00:6:40::/64"",next_hop=""fe80::2:5"",dev=""ens4"",protocol=""ospf"",metric=""20"",route_index=""0"",nh_index=""1""",1
2026-07-28 17:39:00,ccf-aiops-北大,cr-2,cr,ipv6_route_nexthop_info,"prefix=""fd00:8:40::/64"",next_hop=""fe80::2:5"",dev=""ens4"",protocol=""ospf"",metric=""20"",route_index=""0"",nh_index=""1""",1
2026-07-28 17:39:00,ccf-aiops-北大,cr-2,cr,ospf6_interface_cost,"interface=""ens5""",1
2026-07-28 17:39:00,ccf-aiops-北大,cr-2,cr,ospf6_interface_cost,"interface=""ens4""",1
2026-07-28 17:39:00,ccf-aiops-北大,cr-2,cr,ospf6_interface_enabled,"interface=""ens3""",1
2026-07-28 17:39:00,ccf-aiops-北大,cr-2,cr,ospf6_interface_enabled,"interface=""ens10""",1
2026-07-28 17:39:00,ccf-aiops-北大,cr-2,cr,ospf6_interface_enabled,"interface=""ens11""",1
2026-07-28 17:39:00,ccf-aiops-北大,cr-2,cr,ospf6_interface_enabled,"interface=""virbr0""",0
2026-07-28 17:39:00,ccf-aiops-北大,cr-2,cr,ospf6_interface_enabled,"interface=""lo""",1
2026-07-28 17:39:00,ccf-aiops-北大,cr-2,cr,ospf6_interface_enabled,"interface=""ens9""",1
2026-07-28 17:39:00,ccf-aiops-北大,cr-2,cr,ospf6_interface_enabled,"interface=""ens8""",1
2026-07-28 17:39:00,ccf-aiops-北大,cr-2,cr,ospf6_interface_enabled,"interface=""ens7""",1
2026-07-28 17:39:00,ccf-aiops-北大,cr-2,cr,ospf6_interface_enabled,"interface=""ens6""",1
2026-07-28 17:39:00,ccf-aiops-北大,cr-2,cr,ospf6_interface_enabled,"interface=""ens5""",1
2026-07-28 17:39:00,ccf-aiops-北大,cr-2,cr,ospf6_interface_enabled,"interface=""ens4""",1
2026-07-28 17:39:00,ccf-aiops-北大,cr-2,cr,ospf6_interface_enabled,"interface=""ens12""",1
2026-07-28 17:39:00,ccf-aiops-北大,cr-2,cr,ospf6_neighbor_state_code,"state=""Full"",interface=""ens5"",neighbor_id=""1.1.1.11""",6
2026-07-28 17:39:00,ccf-aiops-北大,cr-2,cr,ospf6_neighbor_state_code,"state=""Full"",interface=""ens4"",neighbor_id=""1.1.1.2""",6
2026-07-28 17:39:00,ccf-aiops-北大,cr-2,cr,ospf6_neighbor_state_code,"state=""Full"",interface=""ens4"",neighbor_id=""1.1.1.1""",6
2026-07-28 17:39:00,ccf-aiops-北大,cr-2,cr,ospf6_neighbor_state_code,"state=""Full"",interface=""ens4"",neighbor_id=""1.1.1.11""",6
2026-07-28 17:39:00,ccf-aiops-北大,cr-2,cr,bgp_command_success,,
2026-07-28 17:39:00,ccf-aiops-北大,cr-2,cr,bgp_peer_up,,
2026-07-28 17:39:00,ccf-aiops-北大,cr-2,cr,bgp_peer_uptime_seconds,,
2026-07-28 17:39:00,ccf-aiops-北大,cr-2,cr,bgp_peer_prefix_received,,
2026-07-28 17:39:00,ccf-aiops-北大,cr-2,cr,bgp_peer_prefix_sent,,
2026-07-28 17:39:00,ccf-aiops-北大,cr-2,cr,bgp_peer_count,,
2026-07-28 17:40:00,ccf-aiops-北大,br-1,br,bgp_command_success,"command=""bgp_summary""",1
2026-07-28 17:40:00,ccf-aiops-北大,br-1,br,bgp_peer_count,,4
2026-07-28 17:40:00,ccf-aiops-北大,br-1,br,bgp_peer_prefix_received,"peer=""fd00:100:10::11"",remote_as=""65002"",state=""Established""",4
2026-07-28 17:40:00,ccf-aiops-北大,br-1,br,bgp_peer_prefix_received,"peer=""fd00:100:10::21"",remote_as=""65003"",state=""Established""",6
2026-07-28 17:40:00,ccf-aiops-北大,br-1,br,bgp_peer_prefix_received,"peer=""fd00:100:10::41"",remote_as=""65005"",state=""Established""",6
2026-07-28 17:40:00,ccf-aiops-北大,br-1,br,bgp_peer_prefix_received,"peer=""fd00:100:10::51"",remote_as=""65006"",state=""Established""",7
2026-07-28 17:40:00,ccf-aiops-北大,br-1,br,bgp_peer_prefix_sent,"peer=""fd00:100:10::21"",remote_as=""65003"",state=""Established""",8
2026-07-28 17:40:00,ccf-aiops-北大,br-1,br,bgp_peer_prefix_sent,"peer=""fd00:100:10::51"",remote_as=""65006"",state=""Established""",8
2026-07-28 17:40:00,ccf-aiops-北大,br-1,br,bgp_peer_prefix_sent,"peer=""fd00:100:10::41"",remote_as=""65005"",state=""Established""",8
2026-07-28 17:40:00,ccf-aiops-北大,br-1,br,bgp_peer_prefix_sent,"peer=""fd00:100:10::11"",remote_as=""65002"",state=""Established""",8
2026-07-28 17:40:00,ccf-aiops-北大,br-1,br,bgp_peer_up,"peer=""fd00:100:10::51"",remote_as=""65006"",state=""Established""",1
2026-07-28 17:40:00,ccf-aiops-北大,br-1,br,bgp_peer_up,"peer=""fd00:100:10::41"",remote_as=""65005"",state=""Established""",1
2026-07-28 17:40:00,ccf-aiops-北大,br-1,br,bgp_peer_up,"peer=""fd00:100:10::21"",remote_as=""65003"",state=""Established""",1
2026-07-28 17:40:00,ccf-aiops-北大,br-1,br,bgp_peer_up,"peer=""fd00:100:10::11"",remote_as=""65002"",state=""Established""",1
2026-07-28 17:40:00,ccf-aiops-北大,br-1,br,bgp_peer_uptime_seconds,"peer=""fd00:100:10::11"",remote_as=""65002"",state=""Established""",531500
2026-07-28 17:40:00,ccf-aiops-北大,br-1,br,bgp_peer_uptime_seconds,"peer=""fd00:100:10::21"",remote_as=""65003"",state=""Established""",668098
2026-07-28 17:40:00,ccf-aiops-北大,br-1,br,bgp_peer_uptime_seconds,"peer=""fd00:100:10::41"",remote_as=""65005"",state=""Established""",2431155
2026-07-28 17:40:00,ccf-aiops-北大,br-1,br,bgp_peer_uptime_seconds,"peer=""fd00:100:10::51"",remote_as=""65006"",state=""Established""",2431067
2026-07-28 17:40:00,ccf-aiops-北大,br-1,br,ipv6_default_route_changed_total,,0
2026-07-28 17:40:00,ccf-aiops-北大,br-1,br,ipv6_default_route_info,"next_hop=""240a:a023::1"",dev=""ens4"",protocol=""unknown"",metric=""1024"",route_index=""0"",nh_index=""0""",1
2026-07-28 17:40:00,ccf-aiops-北大,br-1,br,ipv6_route_change_total,"prefix=""fd00:6:40::/64""",0
2026-07-28 17:40:00,ccf-aiops-北大,br-1,br,ipv6_route_change_total,"prefix=""fd00:1:40::/64""",0
2026-07-28 17:40:00,ccf-aiops-北大,br-1,br,ipv6_route_change_total,"prefix=""fd00:8:40::/64""",0
2026-07-28 17:40:00,ccf-aiops-北大,br-1,br,ipv6_route_change_total,"prefix=""fd00:7:40::/64""",6
2026-07-28 17:40:00,ccf-aiops-北大,br-1,br,ipv6_route_change_total,"prefix=""fd00:5:40::/64""",0
2026-07-28 17:40:00,ccf-aiops-北大,br-1,br,ipv6_route_change_total,"prefix=""fd00:4:40::/64""",0
2026-07-28 17:40:00,ccf-aiops-北大,br-1,br,ipv6_route_change_total,"prefix=""fd00:3:40::/64""",0
2026-07-28 17:40:00,ccf-aiops-北大,br-1,br,ipv6_route_change_total,"prefix=""fd00:2:40::/64""",0
2026-07-28 17:40:00,ccf-aiops-北大,br-1,br,ipv6_route_change_total,"prefix=""::/0""",0
2026-07-28 17:40:00,ccf-aiops-北大,br-1,br,ipv6_route_count,"protocol=""all""",20
2026-07-28 17:40:00,ccf-aiops-北大,br-1,br,ipv6_route_count,"protocol=""bgp""",7
2026-07-28 17:40:00,ccf-aiops-北大,br-1,br,ipv6_route_count,"protocol=""kernel""",8
2026-07-28 17:40:00,ccf-aiops-北大,br-1,br,ipv6_route_count,"protocol=""ospf""",2
2026-07-28 17:40:00,ccf-aiops-北大,br-1,br,ipv6_route_count,"protocol=""unknown""",3
2026-07-28 17:40:00,ccf-aiops-北大,br-1,br,ipv6_route_exists,"prefix=""fd00:5:40::/64""",1
2026-07-28 17:40:00,ccf-aiops-北大,br-1,br,ipv6_route_exists,"prefix=""fd00:8:40::/64""",1
2026-07-28 17:40:00,ccf-aiops-北大,br-1,br,ipv6_route_exists,"prefix=""::/0""",1
2026-07-28 17:40:00,ccf-aiops-北大,br-1,br,ipv6_route_exists,"prefix=""fd00:1:40::/64""",1
2026-07-28 17:40:00,ccf-aiops-北大,br-1,br,ipv6_route_exists,"prefix=""fd00:2:40::/64""",1
2026-07-28 17:40:00,ccf-aiops-北大,br-1,br,ipv6_route_exists,"prefix=""fd00:7:40::/64""",1
2026-07-28 17:40:00,ccf-aiops-北大,br-1,br,ipv6_route_exists,"prefix=""fd00:3:40::/64""",1
2026-07-28 17:40:00,ccf-aiops-北大,br-1,br,ipv6_route_exists,"prefix=""fd00:6:40::/64""",1
2026-07-28 17:40:00,ccf-aiops-北大,br-1,br,ipv6_route_exists,"prefix=""fd00:4:40::/64""",1
2026-07-28 17:40:00,ccf-aiops-北大,br-1,br,ipv6_route_nexthop_info,"prefix=""fd00:2:40::/64"",next_hop=""fe80::100:10:11"",dev=""ens4"",protocol=""bgp"",metric=""20"",route_index=""0"",nh_index=""0""",1
2026-07-28 17:40:00,ccf-aiops-北大,br-1,br,ipv6_route_nexthop_info,"prefix=""::/0"",next_hop=""240a:a023::1"",dev=""ens4"",protocol=""unknown"",metric=""1024"",route_index=""0"",nh_index=""0""",1
2026-07-28 17:40:00,ccf-aiops-北大,br-1,br,ipv6_route_nexthop_info,"prefix=""fd00:3:40::/64"",next_hop=""fe80::100:10:21"",dev=""ens4"",protocol=""bgp"",metric=""20"",route_index=""0"",nh_index=""0""",1
2026-07-28 17:40:00,ccf-aiops-北大,br-1,br,ipv6_route_nexthop_info,"prefix=""fd00:4:40::/64"",next_hop=""fe80::100:10:41"",dev=""ens4"",protocol=""bgp"",metric=""20"",route_index=""0"",nh_index=""0""",1
2026-07-28 17:40:00,ccf-aiops-北大,br-1,br,ipv6_route_nexthop_info,"prefix=""fd00:5:40::/64"",next_hop=""fe80::100:10:41"",dev=""ens4"",protocol=""bgp"",metric=""20"",route_index=""0"",nh_index=""0""",1
2026-07-28 17:40:00,ccf-aiops-北大,br-1,br,ipv6_route_nexthop_info,"prefix=""fd00:8:40::/64"",next_hop=""fe80::100:10:41"",dev=""ens4"",protocol=""bgp"",metric=""20"",route_index=""0"",nh_index=""0""",1
2026-07-28 17:40:00,ccf-aiops-北大,br-1,br,ipv6_route_nexthop_info,"prefix=""fd00:6:40::/64"",next_hop=""fe80::100:10:51"",dev=""ens4"",protocol=""bgp"",metric=""20"",route_index=""0"",nh_index=""0""",1
2026-07-28 17:40:00,ccf-aiops-北大,br-1,br,ipv6_route_nexthop_info,"prefix=""fd00:7:40::/64"",next_hop=""fe80::100:10:51"",dev=""ens4"",protocol=""bgp"",metric=""20"",route_index=""0"",nh_index=""0""",1
2026-07-28 17:40:00,ccf-aiops-北大,br-1,br,ipv6_route_nexthop_info,"prefix=""fd00:1:40::/64"",next_hop=""fe80::11:4"",dev=""ens5"",protocol=""ospf"",metric=""20"",route_index=""0"",nh_index=""0""",1
2026-07-28 17:40:00,ccf-aiops-北大,br-1,br,ipv6_route_nexthop_info,"prefix=""fd00:1:40::/64"",next_hop=""fe80::12:4"",dev=""ens5"",protocol=""ospf"",metric=""20"",route_index=""0"",nh_index=""1""",1
2026-07-28 17:40:00,ccf-aiops-北大,br-1,br,ospf6_interface_cost,"interface=""ens5""",1
2026-07-28 17:40:00,ccf-aiops-北大,br-1,br,ospf6_interface_enabled,"interface=""ens10""",1
2026-07-28 17:40:00,ccf-aiops-北大,br-1,br,ospf6_interface_enabled,"interface=""ens11""",1
2026-07-28 17:40:00,ccf-aiops-北大,br-1,br,ospf6_interface_enabled,"interface=""ens12""",1
2026-07-28 17:40:00,ccf-aiops-北大,br-1,br,ospf6_interface_enabled,"interface=""ens3""",1
2026-07-28 17:40:00,ccf-aiops-北大,br-1,br,ospf6_interface_enabled,"interface=""ens4""",1
2026-07-28 17:40:00,ccf-aiops-北大,br-1,br,ospf6_interface_enabled,"interface=""ens5""",1
2026-07-28 17:40:00,ccf-aiops-北大,br-1,br,ospf6_interface_enabled,"interface=""ens6""",1
2026-07-28 17:40:00,ccf-aiops-北大,br-1,br,ospf6_interface_enabled,"interface=""ens7""",1
2026-07-28 17:40:00,ccf-aiops-北大,br-1,br,ospf6_interface_enabled,"interface=""ens8""",1
2026-07-28 17:40:00,ccf-aiops-北大,br-1,br,ospf6_interface_enabled,"interface=""ens9""",1
2026-07-28 17:40:00,ccf-aiops-北大,br-1,br,ospf6_interface_enabled,"interface=""lo""",1
2026-07-28 17:40:00,ccf-aiops-北大,br-1,br,ospf6_interface_enabled,"interface=""virbr0""",0
2026-07-28 17:40:00,ccf-aiops-北大,br-1,br,ospf6_neighbor_state_code,"state=""Full"",interface=""ens5"",neighbor_id=""1.1.1.12""",6
2026-07-28 17:40:00,ccf-aiops-北大,br-1,br,ospf6_neighbor_state_code,"state=""Twoway"",interface=""ens5"",neighbor_id=""1.1.1.2""",2
2026-07-28 17:40:00,ccf-aiops-北大,br-1,br,ospf6_neighbor_state_code,"state=""Full"",interface=""ens5"",neighbor_id=""1.1.1.11""",6
2026-07-28 17:40:00,ccf-aiops-北大,br-2,br,bgp_command_success,"command=""bgp_summary""",1
2026-07-28 17:40:00,ccf-aiops-北大,br-2,br,bgp_peer_count,,4
2026-07-28 17:40:00,ccf-aiops-北大,br-2,br,bgp_peer_prefix_received,"peer=""fd00:100:10::12"",remote_as=""65002"",state=""Established""",4
2026-07-28 17:40:00,ccf-aiops-北大,br-2,br,bgp_peer_prefix_received,"peer=""fd00:100:10::22"",remote_as=""65003"",state=""Established""",5
2026-07-28 17:40:00,ccf-aiops-北大,br-2,br,bgp_peer_prefix_received,"peer=""fd00:100:10::42"",remote_as=""65005"",state=""Established""",6
2026-07-28 17:40:00,ccf-aiops-北大,br-2,br,bgp_peer_prefix_received,"peer=""fd00:100:10::52"",remote_as=""65006"",state=""Established""",6
2026-07-28 17:40:00,ccf-aiops-北大,br-2,br,bgp_peer_prefix_sent,"peer=""fd00:100:10::12"",remote_as=""65002"",state=""Established""",8
2026-07-28 17:40:00,ccf-aiops-北大,br-2,br,bgp_peer_prefix_sent,"peer=""fd00:100:10::22"",remote_as=""65003"",state=""Established""",8
2026-07-28 17:40:00,ccf-aiops-北大,br-2,br,bgp_peer_prefix_sent,"peer=""fd00:100:10::42"",remote_as=""65005"",state=""Established""",8
2026-07-28 17:40:00,ccf-aiops-北大,br-2,br,bgp_peer_prefix_sent,"peer=""fd00:100:10::52"",remote_as=""65006"",state=""Established""",8
2026-07-28 17:40:00,ccf-aiops-北大,br-2,br,bgp_peer_up,"peer=""fd00:100:10::22"",remote_as=""65003"",state=""Established""",1
2026-07-28 17:40:00,ccf-aiops-北大,br-2,br,bgp_peer_up,"peer=""fd00:100:10::52"",remote_as=""65006"",state=""Established""",1
2026-07-28 17:40:00,ccf-aiops-北大,br-2,br,bgp_peer_up,"peer=""fd00:100:10::42"",remote_as=""65005"",state=""Established""",1
2026-07-28 17:40:00,ccf-aiops-北大,br-2,br,bgp_peer_up,"peer=""fd00:100:10::12"",remote_as=""65002"",state=""Established""",1
2026-07-28 17:40:00,ccf-aiops-北大,br-2,br,bgp_peer_uptime_seconds,"peer=""fd00:100:10::12"",remote_as=""65002"",state=""Established""",531458
2026-07-28 17:40:00,ccf-aiops-北大,br-2,br,bgp_peer_uptime_seconds,"peer=""fd00:100:10::22"",remote_as=""65003"",state=""Established""",1361423
2026-07-28 17:40:00,ccf-aiops-北大,br-2,br,bgp_peer_uptime_seconds,"peer=""fd00:100:10::42"",remote_as=""65005"",state=""Established""",2431166
2026-07-28 17:40:00,ccf-aiops-北大,br-2,br,bgp_peer_uptime_seconds,"peer=""fd00:100:10::52"",remote_as=""65006"",state=""Established""",2431073
2026-07-28 17:40:00,ccf-aiops-北大,br-2,br,ipv6_default_route_changed_total,,0
2026-07-28 17:40:00,ccf-aiops-北大,br-2,br,ipv6_default_route_info,"next_hop=""240a:a023::1"",dev=""ens4"",protocol=""unknown"",metric=""1024"",route_index=""0"",nh_index=""0""",1
2026-07-28 17:40:00,ccf-aiops-北大,br-2,br,ipv6_route_change_total,"prefix=""fd00:1:40::/64""",0
2026-07-28 17:40:00,ccf-aiops-北大,br-2,br,ipv6_route_change_total,"prefix=""::/0""",0
2026-07-28 17:40:00,ccf-aiops-北大,br-2,br,ipv6_route_change_total,"prefix=""fd00:2:40::/64""",0
2026-07-28 17:40:00,ccf-aiops-北大,br-2,br,ipv6_route_change_total,"prefix=""fd00:3:40::/64""",0
2026-07-28 17:40:00,ccf-aiops-北大,br-2,br,ipv6_route_change_total,"prefix=""fd00:5:40::/64""",0
2026-07-28 17:40:00,ccf-aiops-北大,br-2,br,ipv6_route_change_total,"prefix=""fd00:8:40::/64""",0
2026-07-28 17:40:00,ccf-aiops-北大,br-2,br,ipv6_route_change_total,"prefix=""fd00:7:40::/64""",4
2026-07-28 17:40:00,ccf-aiops-北大,br-2,br,ipv6_route_change_total,"prefix=""fd00:6:40::/64""",0
2026-07-28 17:40:00,ccf-aiops-北大,br-2,br,ipv6_route_change_total,"prefix=""fd00:4:40::/64""",0
2026-07-28 17:40:00,ccf-aiops-北大,br-2,br,ipv6_route_count,"protocol=""kernel""",7
2026-07-28 17:40:00,ccf-aiops-北大,br-2,br,ipv6_route_count,"protocol=""bgp""",7
2026-07-28 17:40:00,ccf-aiops-北大,br-2,br,ipv6_route_count,"protocol=""all""",19
2026-07-28 17:40:00,ccf-aiops-北大,br-2,br,ipv6_route_count,"protocol=""unknown""",3
2026-07-28 17:40:00,ccf-aiops-北大,br-2,br,ipv6_route_count,"protocol=""ospf""",2
2026-07-28 17:40:00,ccf-aiops-北大,br-2,br,ipv6_route_exists,"prefix=""fd00:8:40::/64""",1
2026-07-28 17:40:00,ccf-aiops-北大,br-2,br,ipv6_route_exists,"prefix=""fd00:7:40::/64""",1
2026-07-28 17:40:00,ccf-aiops-北大,br-2,br,ipv6_route_exists,"prefix=""fd00:6:40::/64""",1
2026-07-28 17:40:00,ccf-aiops-北大,br-2,br,ipv6_route_exists,"prefix=""fd00:5:40::/64""",1
2026-07-28 17:40:00,ccf-aiops-北大,br-2,br,ipv6_route_exists,"prefix=""fd00:4:40::/64""",1
2026-07-28 17:40:00,ccf-aiops-北大,br-2,br,ipv6_route_exists,"prefix=""::/0""",1
2026-07-28 17:40:00,ccf-aiops-北大,br-2,br,ipv6_route_exists,"prefix=""fd00:1:40::/64""",1
2026-07-28 17:40:00,ccf-aiops-北大,br-2,br,ipv6_route_exists,"prefix=""fd00:2:40::/64""",1
2026-07-28 17:40:00,ccf-aiops-北大,br-2,br,ipv6_route_exists,"prefix=""fd00:3:40::/64""",1
2026-07-28 17:40:00,ccf-aiops-北大,br-2,br,ipv6_route_nexthop_info,"prefix=""fd00:1:40::/64"",next_hop=""fe80::11:4"",dev=""ens5"",protocol=""ospf"",metric=""20"",route_index=""0"",nh_index=""0""",1
2026-07-28 17:40:00,ccf-aiops-北大,br-2,br,ipv6_route_nexthop_info,"prefix=""fd00:1:40::/64"",next_hop=""fe80::12:4"",dev=""ens5"",protocol=""ospf"",metric=""20"",route_index=""0"",nh_index=""1""",1
2026-07-28 17:40:00,ccf-aiops-北大,br-2,br,ipv6_route_nexthop_info,"prefix=""fd00:8:40::/64"",next_hop=""fe80::100:10:42"",dev=""ens4"",protocol=""bgp"",metric=""20"",route_index=""0"",nh_index=""0""",1
2026-07-28 17:40:00,ccf-aiops-北大,br-2,br,ipv6_route_nexthop_info,"prefix=""fd00:2:40::/64"",next_hop=""fe80::100:10:12"",dev=""ens4"",protocol=""bgp"",metric=""20"",route_index=""0"",nh_index=""0""",1
2026-07-28 17:40:00,ccf-aiops-北大,br-2,br,ipv6_route_nexthop_info,"prefix=""::/0"",next_hop=""240a:a023::1"",dev=""ens4"",protocol=""unknown"",metric=""1024"",route_index=""0"",nh_index=""0""",1
2026-07-28 17:40:00,ccf-aiops-北大,br-2,br,ipv6_route_nexthop_info,"prefix=""fd00:6:40::/64"",next_hop=""fe80::100:10:52"",dev=""ens4"",protocol=""bgp"",metric=""20"",route_index=""0"",nh_index=""0""",1
2026-07-28 17:40:00,ccf-aiops-北大,br-2,br,ipv6_route_nexthop_info,"prefix=""fd00:3:40::/64"",next_hop=""fe80::100:10:22"",dev=""ens4"",protocol=""bgp"",metric=""20"",route_index=""0"",nh_index=""0""",1
2026-07-28 17:40:00,ccf-aiops-北大,br-2,br,ipv6_route_nexthop_info,"prefix=""fd00:4:40::/64"",next_hop=""fe80::100:10:42"",dev=""ens4"",protocol=""bgp"",metric=""20"",route_index=""0"",nh_index=""0""",1
2026-07-28 17:40:00,ccf-aiops-北大,br-2,br,ipv6_route_nexthop_info,"prefix=""fd00:5:40::/64"",next_hop=""fe80::100:10:42"",dev=""ens4"",protocol=""bgp"",metric=""20"",route_index=""0"",nh_index=""0""",1
2026-07-28 17:40:00,ccf-aiops-北大,br-2,br,ipv6_route_nexthop_info,"prefix=""fd00:7:40::/64"",next_hop=""fe80::100:10:42"",dev=""ens4"",protocol=""bgp"",metric=""20"",route_index=""0"",nh_index=""0""",1
2026-07-28 17:40:00,ccf-aiops-北大,br-2,br,ospf6_interface_cost,"interface=""ens5""",1
2026-07-28 17:40:00,ccf-aiops-北大,br-2,br,ospf6_interface_enabled,"interface=""ens6""",1
2026-07-28 17:40:00,ccf-aiops-北大,br-2,br,ospf6_interface_enabled,"interface=""virbr0""",0
2026-07-28 17:40:00,ccf-aiops-北大,br-2,br,ospf6_interface_enabled,"interface=""lo""",1
2026-07-28 17:40:00,ccf-aiops-北大,br-2,br,ospf6_interface_enabled,"interface=""ens9""",1
2026-07-28 17:40:00,ccf-aiops-北大,br-2,br,ospf6_interface_enabled,"interface=""ens8""",1
2026-07-28 17:40:00,ccf-aiops-北大,br-2,br,ospf6_interface_enabled,"interface=""ens10""",1
2026-07-28 17:40:00,ccf-aiops-北大,br-2,br,ospf6_interface_enabled,"interface=""ens11""",1
2026-07-28 17:40:00,ccf-aiops-北大,br-2,br,ospf6_interface_enabled,"interface=""ens12""",1
2026-07-28 17:40:00,ccf-aiops-北大,br-2,br,ospf6_interface_enabled,"interface=""ens3""",1
2026-07-28 17:40:00,ccf-aiops-北大,br-2,br,ospf6_interface_enabled,"interface=""ens4""",1
2026-07-28 17:40:00,ccf-aiops-北大,br-2,br,ospf6_interface_enabled,"interface=""ens5""",1
2026-07-28 17:40:00,ccf-aiops-北大,br-2,br,ospf6_interface_enabled,"interface=""ens7""",1
2026-07-28 17:40:00,ccf-aiops-北大,br-2,br,ospf6_neighbor_state_code,"state=""Full"",interface=""ens5"",neighbor_id=""1.1.1.12""",6
2026-07-28 17:40:00,ccf-aiops-北大,br-2,br,ospf6_neighbor_state_code,"state=""Full"",interface=""ens5"",neighbor_id=""1.1.1.11""",6
2026-07-28 17:40:00,ccf-aiops-北大,br-2,br,ospf6_neighbor_state_code,"state=""Twoway"",interface=""ens5"",neighbor_id=""1.1.1.1""",2
2026-07-28 17:40:00,ccf-aiops-北大,cr-1,cr,ipv6_default_route_changed_total,,0
2026-07-28 17:40:00,ccf-aiops-北大,cr-1,cr,ipv6_default_route_info,"next_hop=""fd00:1:20::2"",dev=""ens4"",protocol=""196"",metric=""20"",route_index=""0"",nh_index=""1""",1
2026-07-28 17:40:00,ccf-aiops-北大,cr-1,cr,ipv6_default_route_info,"next_hop=""fd00:1:20::1"",dev=""ens4"",protocol=""196"",metric=""20"",route_index=""0"",nh_index=""0""",1
2026-07-28 17:40:00,ccf-aiops-北大,cr-1,cr,ipv6_route_change_total,"prefix=""fd00:4:40::/64""",0
2026-07-28 17:40:00,ccf-aiops-北大,cr-1,cr,ipv6_route_change_total,"prefix=""::/0""",0
2026-07-28 17:40:00,ccf-aiops-北大,cr-1,cr,ipv6_route_change_total,"prefix=""fd00:1:40::/64""",0
2026-07-28 17:40:00,ccf-aiops-北大,cr-1,cr,ipv6_route_change_total,"prefix=""fd00:2:40::/64""",0
2026-07-28 17:40:00,ccf-aiops-北大,cr-1,cr,ipv6_route_change_total,"prefix=""fd00:3:40::/64""",0
2026-07-28 17:40:00,ccf-aiops-北大,cr-1,cr,ipv6_route_change_total,"prefix=""fd00:8:40::/64""",0
2026-07-28 17:40:00,ccf-aiops-北大,cr-1,cr,ipv6_route_change_total,"prefix=""fd00:7:40::/64""",0
2026-07-28 17:40:00,ccf-aiops-北大,cr-1,cr,ipv6_route_change_total,"prefix=""fd00:6:40::/64""",0
2026-07-28 17:40:00,ccf-aiops-北大,cr-1,cr,ipv6_route_change_total,"prefix=""fd00:5:40::/64""",0
2026-07-28 17:40:00,ccf-aiops-北大,cr-1,cr,ipv6_route_count,"protocol=""196""",2
2026-07-28 17:40:00,ccf-aiops-北大,cr-1,cr,ipv6_route_count,"protocol=""all""",15
2026-07-28 17:40:00,ccf-aiops-北大,cr-1,cr,ipv6_route_count,"protocol=""kernel""",6
2026-07-28 17:40:00,ccf-aiops-北大,cr-1,cr,ipv6_route_count,"protocol=""ospf""",7
2026-07-28 17:40:00,ccf-aiops-北大,cr-1,cr,ipv6_route_exists,"prefix=""::/0""",1
2026-07-28 17:40:00,ccf-aiops-北大,cr-1,cr,ipv6_route_exists,"prefix=""fd00:1:40::/64""",1
2026-07-28 17:40:00,ccf-aiops-北大,cr-1,cr,ipv6_route_exists,"prefix=""fd00:2:40::/64""",1
2026-07-28 17:40:00,ccf-aiops-北大,cr-1,cr,ipv6_route_exists,"prefix=""fd00:3:40::/64""",1
2026-07-28 17:40:00,ccf-aiops-北大,cr-1,cr,ipv6_route_exists,"prefix=""fd00:4:40::/64""",1
2026-07-28 17:40:00,ccf-aiops-北大,cr-1,cr,ipv6_route_exists,"prefix=""fd00:5:40::/64""",1
2026-07-28 17:40:00,ccf-aiops-北大,cr-1,cr,ipv6_route_exists,"prefix=""fd00:6:40::/64""",1
2026-07-28 17:40:00,ccf-aiops-北大,cr-1,cr,ipv6_route_exists,"prefix=""fd00:7:40::/64""",1
2026-07-28 17:40:00,ccf-aiops-北大,cr-1,cr,ipv6_route_exists,"prefix=""fd00:8:40::/64""",1
2026-07-28 17:40:00,ccf-aiops-北大,cr-1,cr,ipv6_route_nexthop_info,"prefix=""fd00:8:40::/64"",next_hop=""fe80::2:5"",dev=""ens4"",protocol=""ospf"",metric=""20"",route_index=""0"",nh_index=""1""",1
2026-07-28 17:40:00,ccf-aiops-北大,cr-1,cr,ipv6_route_nexthop_info,"prefix=""fd00:5:40::/64"",next_hop=""fe80::2:5"",dev=""ens4"",protocol=""ospf"",metric=""20"",route_index=""0"",nh_index=""1""",1
2026-07-28 17:40:00,ccf-aiops-北大,cr-1,cr,ipv6_route_nexthop_info,"prefix=""fd00:1:40::/64"",next_hop=""fd00:1:30::254"",dev=""ens5"",protocol=""196"",metric=""20"",route_index=""0"",nh_index=""0""",1
2026-07-28 17:40:00,ccf-aiops-北大,cr-1,cr,ipv6_route_nexthop_info,"prefix=""fd00:6:40::/64"",next_hop=""fe80::2:5"",dev=""ens4"",protocol=""ospf"",metric=""20"",route_index=""0"",nh_index=""1""",1
2026-07-28 17:40:00,ccf-aiops-北大,cr-1,cr,ipv6_route_nexthop_info,"prefix=""fd00:4:40::/64"",next_hop=""fe80::2:5"",dev=""ens4"",protocol=""ospf"",metric=""20"",route_index=""0"",nh_index=""1""",1
2026-07-28 17:40:00,ccf-aiops-北大,cr-1,cr,ipv6_route_nexthop_info,"prefix=""fd00:3:40::/64"",next_hop=""fe80::2:5"",dev=""ens4"",protocol=""ospf"",metric=""20"",route_index=""0"",nh_index=""1""",1
2026-07-28 17:40:00,ccf-aiops-北大,cr-1,cr,ipv6_route_nexthop_info,"prefix=""fd00:2:40::/64"",next_hop=""fe80::2:5"",dev=""ens4"",protocol=""ospf"",metric=""20"",route_index=""0"",nh_index=""1""",1
2026-07-28 17:40:00,ccf-aiops-北大,cr-1,cr,ipv6_route_nexthop_info,"prefix=""fd00:8:40::/64"",next_hop=""fe80::1:5"",dev=""ens4"",protocol=""ospf"",metric=""20"",route_index=""0"",nh_index=""0""",1
2026-07-28 17:40:00,ccf-aiops-北大,cr-1,cr,ipv6_route_nexthop_info,"prefix=""fd00:7:40::/64"",next_hop=""fe80::1:5"",dev=""ens4"",protocol=""ospf"",metric=""20"",route_index=""0"",nh_index=""0""",1
2026-07-28 17:40:00,ccf-aiops-北大,cr-1,cr,ipv6_route_nexthop_info,"prefix=""fd00:6:40::/64"",next_hop=""fe80::1:5"",dev=""ens4"",protocol=""ospf"",metric=""20"",route_index=""0"",nh_index=""0""",1
2026-07-28 17:40:00,ccf-aiops-北大,cr-1,cr,ipv6_route_nexthop_info,"prefix=""fd00:7:40::/64"",next_hop=""fe80::2:5"",dev=""ens4"",protocol=""ospf"",metric=""20"",route_index=""0"",nh_index=""1""",1
2026-07-28 17:40:00,ccf-aiops-北大,cr-1,cr,ipv6_route_nexthop_info,"prefix=""::/0"",next_hop=""fd00:1:20::1"",dev=""ens4"",protocol=""196"",metric=""20"",route_index=""0"",nh_index=""0""",1
2026-07-28 17:40:00,ccf-aiops-北大,cr-1,cr,ipv6_route_nexthop_info,"prefix=""fd00:5:40::/64"",next_hop=""fe80::1:5"",dev=""ens4"",protocol=""ospf"",metric=""20"",route_index=""0"",nh_index=""0""",1
2026-07-28 17:40:00,ccf-aiops-北大,cr-1,cr,ipv6_route_nexthop_info,"prefix=""fd00:4:40::/64"",next_hop=""fe80::1:5"",dev=""ens4"",protocol=""ospf"",metric=""20"",route_index=""0"",nh_index=""0""",1
2026-07-28 17:40:00,ccf-aiops-北大,cr-1,cr,ipv6_route_nexthop_info,"prefix=""fd00:3:40::/64"",next_hop=""fe80::1:5"",dev=""ens4"",protocol=""ospf"",metric=""20"",route_index=""0"",nh_index=""0""",1
2026-07-28 17:40:00,ccf-aiops-北大,cr-1,cr,ipv6_route_nexthop_info,"prefix=""fd00:2:40::/64"",next_hop=""fe80::1:5"",dev=""ens4"",protocol=""ospf"",metric=""20"",route_index=""0"",nh_index=""0""",1
2026-07-28 17:40:00,ccf-aiops-北大,cr-1,cr,ipv6_route_nexthop_info,"prefix=""::/0"",next_hop=""fd00:1:20::2"",dev=""ens4"",protocol=""196"",metric=""20"",route_index=""0"",nh_index=""1""",1
2026-07-28 17:40:00,ccf-aiops-北大,cr-1,cr,ospf6_interface_cost,"interface=""ens5""",1
2026-07-28 17:40:00,ccf-aiops-北大,cr-1,cr,ospf6_interface_cost,"interface=""ens4""",1
2026-07-28 17:40:00,ccf-aiops-北大,cr-1,cr,ospf6_interface_enabled,"interface=""ens5""",1
2026-07-28 17:40:00,ccf-aiops-北大,cr-1,cr,ospf6_interface_enabled,"interface=""ens11""",1
2026-07-28 17:40:00,ccf-aiops-北大,cr-1,cr,ospf6_interface_enabled,"interface=""ens10""",1
2026-07-28 17:40:00,ccf-aiops-北大,cr-1,cr,ospf6_interface_enabled,"interface=""virbr0""",0
2026-07-28 17:40:00,ccf-aiops-北大,cr-1,cr,ospf6_interface_enabled,"interface=""lo""",1
2026-07-28 17:40:00,ccf-aiops-北大,cr-1,cr,ospf6_interface_enabled,"interface=""ens9""",1
2026-07-28 17:40:00,ccf-aiops-北大,cr-1,cr,ospf6_interface_enabled,"interface=""ens8""",1
2026-07-28 17:40:00,ccf-aiops-北大,cr-1,cr,ospf6_interface_enabled,"interface=""ens7""",1
2026-07-28 17:40:00,ccf-aiops-北大,cr-1,cr,ospf6_interface_enabled,"interface=""ens6""",1
2026-07-28 17:40:00,ccf-aiops-北大,cr-1,cr,ospf6_interface_enabled,"interface=""ens4""",1
2026-07-28 17:40:00,ccf-aiops-北大,cr-1,cr,ospf6_interface_enabled,"interface=""ens3""",1
2026-07-28 17:40:00,ccf-aiops-北大,cr-1,cr,ospf6_interface_enabled,"interface=""ens12""",1
2026-07-28 17:40:00,ccf-aiops-北大,cr-1,cr,ospf6_neighbor_state_code,"state=""Full"",interface=""ens4"",neighbor_id=""1.1.1.2""",6
2026-07-28 17:40:00,ccf-aiops-北大,cr-1,cr,ospf6_neighbor_state_code,"state=""Full"",interface=""ens4"",neighbor_id=""1.1.1.12""",6
2026-07-28 17:40:00,ccf-aiops-北大,cr-1,cr,ospf6_neighbor_state_code,"state=""Full"",interface=""ens5"",neighbor_id=""1.1.1.12""",6
2026-07-28 17:40:00,ccf-aiops-北大,cr-1,cr,ospf6_neighbor_state_code,"state=""Full"",interface=""ens4"",neighbor_id=""1.1.1.1""",6
2026-07-28 17:40:00,ccf-aiops-北大,cr-1,cr,bgp_command_success,,
2026-07-28 17:40:00,ccf-aiops-北大,cr-1,cr,bgp_peer_up,,
2026-07-28 17:40:00,ccf-aiops-北大,cr-1,cr,bgp_peer_uptime_seconds,,
2026-07-28 17:40:00,ccf-aiops-北大,cr-1,cr,bgp_peer_prefix_received,,
2026-07-28 17:40:00,ccf-aiops-北大,cr-1,cr,bgp_peer_prefix_sent,,
2026-07-28 17:40:00,ccf-aiops-北大,cr-1,cr,bgp_peer_count,,
2026-07-28 17:40:00,ccf-aiops-北大,cr-2,cr,ipv6_default_route_changed_total,,0
2026-07-28 17:40:00,ccf-aiops-北大,cr-2,cr,ipv6_default_route_info,"next_hop=""fd00:1:20::2"",dev=""ens4"",protocol=""196"",metric=""20"",route_index=""0"",nh_index=""1""",1
2026-07-28 17:40:00,ccf-aiops-北大,cr-2,cr,ipv6_default_route_info,"next_hop=""fd00:1:20::1"",dev=""ens4"",protocol=""196"",metric=""20"",route_index=""0"",nh_index=""0""",1
2026-07-28 17:40:00,ccf-aiops-北大,cr-2,cr,ipv6_route_change_total,"prefix=""fd00:8:40::/64""",0
2026-07-28 17:40:00,ccf-aiops-北大,cr-2,cr,ipv6_route_change_total,"prefix=""fd00:7:40::/64""",0
2026-07-28 17:40:00,ccf-aiops-北大,cr-2,cr,ipv6_route_change_total,"prefix=""fd00:6:40::/64""",0
2026-07-28 17:40:00,ccf-aiops-北大,cr-2,cr,ipv6_route_change_total,"prefix=""fd00:5:40::/64""",0
2026-07-28 17:40:00,ccf-aiops-北大,cr-2,cr,ipv6_route_change_total,"prefix=""fd00:4:40::/64""",0
2026-07-28 17:40:00,ccf-aiops-北大,cr-2,cr,ipv6_route_change_total,"prefix=""fd00:3:40::/64""",0
2026-07-28 17:40:00,ccf-aiops-北大,cr-2,cr,ipv6_route_change_total,"prefix=""fd00:2:40::/64""",0
2026-07-28 17:40:00,ccf-aiops-北大,cr-2,cr,ipv6_route_change_total,"prefix=""fd00:1:40::/64""",0
2026-07-28 17:40:00,ccf-aiops-北大,cr-2,cr,ipv6_route_change_total,"prefix=""::/0""",0
2026-07-28 17:40:00,ccf-aiops-北大,cr-2,cr,ipv6_route_count,"protocol=""196""",2
2026-07-28 17:40:00,ccf-aiops-北大,cr-2,cr,ipv6_route_count,"protocol=""all""",15
2026-07-28 17:40:00,ccf-aiops-北大,cr-2,cr,ipv6_route_count,"protocol=""kernel""",6
2026-07-28 17:40:00,ccf-aiops-北大,cr-2,cr,ipv6_route_count,"protocol=""ospf""",7
2026-07-28 17:40:00,ccf-aiops-北大,cr-2,cr,ipv6_route_exists,"prefix=""fd00:7:40::/64""",1
2026-07-28 17:40:00,ccf-aiops-北大,cr-2,cr,ipv6_route_exists,"prefix=""fd00:8:40::/64""",1
2026-07-28 17:40:00,ccf-aiops-北大,cr-2,cr,ipv6_route_exists,"prefix=""::/0""",1
2026-07-28 17:40:00,ccf-aiops-北大,cr-2,cr,ipv6_route_exists,"prefix=""fd00:1:40::/64""",1
2026-07-28 17:40:00,ccf-aiops-北大,cr-2,cr,ipv6_route_exists,"prefix=""fd00:2:40::/64""",1
2026-07-28 17:40:00,ccf-aiops-北大,cr-2,cr,ipv6_route_exists,"prefix=""fd00:3:40::/64""",1
2026-07-28 17:40:00,ccf-aiops-北大,cr-2,cr,ipv6_route_exists,"prefix=""fd00:4:40::/64""",1
2026-07-28 17:40:00,ccf-aiops-北大,cr-2,cr,ipv6_route_exists,"prefix=""fd00:5:40::/64""",1
2026-07-28 17:40:00,ccf-aiops-北大,cr-2,cr,ipv6_route_exists,"prefix=""fd00:6:40::/64""",1
2026-07-28 17:40:00,ccf-aiops-北大,cr-2,cr,ipv6_route_nexthop_info,"prefix=""fd00:5:40::/64"",next_hop=""fe80::1:5"",dev=""ens4"",protocol=""ospf"",metric=""20"",route_index=""0"",nh_index=""0""",1
2026-07-28 17:40:00,ccf-aiops-北大,cr-2,cr,ipv6_route_nexthop_info,"prefix=""fd00:2:40::/64"",next_hop=""fe80::1:5"",dev=""ens4"",protocol=""ospf"",metric=""20"",route_index=""0"",nh_index=""0""",1
2026-07-28 17:40:00,ccf-aiops-北大,cr-2,cr,ipv6_route_nexthop_info,"prefix=""::/0"",next_hop=""fd00:1:20::2"",dev=""ens4"",protocol=""196"",metric=""20"",route_index=""0"",nh_index=""1""",1
2026-07-28 17:40:00,ccf-aiops-北大,cr-2,cr,ipv6_route_nexthop_info,"prefix=""::/0"",next_hop=""fd00:1:20::1"",dev=""ens4"",protocol=""196"",metric=""20"",route_index=""0"",nh_index=""0""",1
2026-07-28 17:40:00,ccf-aiops-北大,cr-2,cr,ipv6_route_nexthop_info,"prefix=""fd00:3:40::/64"",next_hop=""fe80::1:5"",dev=""ens4"",protocol=""ospf"",metric=""20"",route_index=""0"",nh_index=""0""",1
2026-07-28 17:40:00,ccf-aiops-北大,cr-2,cr,ipv6_route_nexthop_info,"prefix=""fd00:4:40::/64"",next_hop=""fe80::1:5"",dev=""ens4"",protocol=""ospf"",metric=""20"",route_index=""0"",nh_index=""0""",1
2026-07-28 17:40:00,ccf-aiops-北大,cr-2,cr,ipv6_route_nexthop_info,"prefix=""fd00:6:40::/64"",next_hop=""fe80::1:5"",dev=""ens4"",protocol=""ospf"",metric=""20"",route_index=""0"",nh_index=""0""",1
2026-07-28 17:40:00,ccf-aiops-北大,cr-2,cr,ipv6_route_nexthop_info,"prefix=""fd00:7:40::/64"",next_hop=""fe80::1:5"",dev=""ens4"",protocol=""ospf"",metric=""20"",route_index=""0"",nh_index=""0""",1
2026-07-28 17:40:00,ccf-aiops-北大,cr-2,cr,ipv6_route_nexthop_info,"prefix=""fd00:8:40::/64"",next_hop=""fe80::1:5"",dev=""ens4"",protocol=""ospf"",metric=""20"",route_index=""0"",nh_index=""0""",1
2026-07-28 17:40:00,ccf-aiops-北大,cr-2,cr,ipv6_route_nexthop_info,"prefix=""fd00:2:40::/64"",next_hop=""fe80::2:5"",dev=""ens4"",protocol=""ospf"",metric=""20"",route_index=""0"",nh_index=""1""",1
2026-07-28 17:40:00,ccf-aiops-北大,cr-2,cr,ipv6_route_nexthop_info,"prefix=""fd00:3:40::/64"",next_hop=""fe80::2:5"",dev=""ens4"",protocol=""ospf"",metric=""20"",route_index=""0"",nh_index=""1""",1
2026-07-28 17:40:00,ccf-aiops-北大,cr-2,cr,ipv6_route_nexthop_info,"prefix=""fd00:4:40::/64"",next_hop=""fe80::2:5"",dev=""ens4"",protocol=""ospf"",metric=""20"",route_index=""0"",nh_index=""1""",1
2026-07-28 17:40:00,ccf-aiops-北大,cr-2,cr,ipv6_route_nexthop_info,"prefix=""fd00:5:40::/64"",next_hop=""fe80::2:5"",dev=""ens4"",protocol=""ospf"",metric=""20"",route_index=""0"",nh_index=""1""",1
2026-07-28 17:40:00,ccf-aiops-北大,cr-2,cr,ipv6_route_nexthop_info,"prefix=""fd00:6:40::/64"",next_hop=""fe80::2:5"",dev=""ens4"",protocol=""ospf"",metric=""20"",route_index=""0"",nh_index=""1""",1
2026-07-28 17:40:00,ccf-aiops-北大,cr-2,cr,ipv6_route_nexthop_info,"prefix=""fd00:7:40::/64"",next_hop=""fe80::2:5"",dev=""ens4"",protocol=""ospf"",metric=""20"",route_index=""0"",nh_index=""1""",1
2026-07-28 17:40:00,ccf-aiops-北大,cr-2,cr,ipv6_route_nexthop_info,"prefix=""fd00:8:40::/64"",next_hop=""fe80::2:5"",dev=""ens4"",protocol=""ospf"",metric=""20"",route_index=""0"",nh_index=""1""",1
2026-07-28 17:40:00,ccf-aiops-北大,cr-2,cr,ipv6_route_nexthop_info,"prefix=""fd00:1:40::/64"",next_hop=""fd00:1:30::254"",dev=""ens5"",protocol=""196"",metric=""20"",route_index=""0"",nh_index=""0""",1
2026-07-28 17:40:00,ccf-aiops-北大,cr-2,cr,ospf6_interface_cost,"interface=""ens5""",1
2026-07-28 17:40:00,ccf-aiops-北大,cr-2,cr,ospf6_interface_cost,"interface=""ens4""",1
2026-07-28 17:40:00,ccf-aiops-北大,cr-2,cr,ospf6_interface_enabled,"interface=""ens4""",1
2026-07-28 17:40:00,ccf-aiops-北大,cr-2,cr,ospf6_interface_enabled,"interface=""virbr0""",0
2026-07-28 17:40:00,ccf-aiops-北大,cr-2,cr,ospf6_interface_enabled,"interface=""lo""",1
2026-07-28 17:40:00,ccf-aiops-北大,cr-2,cr,ospf6_interface_enabled,"interface=""ens9""",1
2026-07-28 17:40:00,ccf-aiops-北大,cr-2,cr,ospf6_interface_enabled,"interface=""ens8""",1
2026-07-28 17:40:00,ccf-aiops-北大,cr-2,cr,ospf6_interface_enabled,"interface=""ens7""",1
2026-07-28 17:40:00,ccf-aiops-北大,cr-2,cr,ospf6_interface_enabled,"interface=""ens6""",1
2026-07-28 17:40:00,ccf-aiops-北大,cr-2,cr,ospf6_interface_enabled,"interface=""ens5""",1
2026-07-28 17:40:00,ccf-aiops-北大,cr-2,cr,ospf6_interface_enabled,"interface=""ens3""",1
2026-07-28 17:40:00,ccf-aiops-北大,cr-2,cr,ospf6_interface_enabled,"interface=""ens12""",1
2026-07-28 17:40:00,ccf-aiops-北大,cr-2,cr,ospf6_interface_enabled,"interface=""ens11""",1
2026-07-28 17:40:00,ccf-aiops-北大,cr-2,cr,ospf6_interface_enabled,"interface=""ens10""",1
2026-07-28 17:40:00,ccf-aiops-北大,cr-2,cr,ospf6_neighbor_state_code,"state=""Full"",interface=""ens4"",neighbor_id=""1.1.1.1""",6
2026-07-28 17:40:00,ccf-aiops-北大,cr-2,cr,ospf6_neighbor_state_code,"state=""Full"",interface=""ens5"",neighbor_id=""1.1.1.11""",6
2026-07-28 17:40:00,ccf-aiops-北大,cr-2,cr,ospf6_neighbor_state_code,"state=""Full"",interface=""ens4"",neighbor_id=""1.1.1.11""",6
2026-07-28 17:40:00,ccf-aiops-北大,cr-2,cr,ospf6_neighbor_state_code,"state=""Full"",interface=""ens4"",neighbor_id=""1.1.1.2""",6
2026-07-28 17:40:00,ccf-aiops-北大,cr-2,cr,bgp_command_success,,
2026-07-28 17:40:00,ccf-aiops-北大,cr-2,cr,bgp_peer_up,,
2026-07-28 17:40:00,ccf-aiops-北大,cr-2,cr,bgp_peer_uptime_seconds,,
2026-07-28 17:40:00,ccf-aiops-北大,cr-2,cr,bgp_peer_prefix_received,,
2026-07-28 17:40:00,ccf-aiops-北大,cr-2,cr,bgp_peer_prefix_sent,,
2026-07-28 17:40:00,ccf-aiops-北大,cr-2,cr,bgp_peer_count,,
2026-07-28 17:41:00,ccf-aiops-北大,br-1,br,bgp_command_success,"command=""bgp_summary""",1
2026-07-28 17:41:00,ccf-aiops-北大,br-1,br,bgp_peer_count,,4
2026-07-28 17:41:00,ccf-aiops-北大,br-1,br,bgp_peer_prefix_received,"peer=""fd00:100:10::11"",remote_as=""65002"",state=""Established""",4
2026-07-28 17:41:00,ccf-aiops-北大,br-1,br,bgp_peer_prefix_received,"peer=""fd00:100:10::21"",remote_as=""65003"",state=""Established""",6
2026-07-28 17:41:00,ccf-aiops-北大,br-1,br,bgp_peer_prefix_received,"peer=""fd00:100:10::41"",remote_as=""65005"",state=""Established""",6
2026-07-28 17:41:00,ccf-aiops-北大,br-1,br,bgp_peer_prefix_received,"peer=""fd00:100:10::51"",remote_as=""65006"",state=""Established""",7
2026-07-28 17:41:00,ccf-aiops-北大,br-1,br,bgp_peer_prefix_sent,"peer=""fd00:100:10::51"",remote_as=""65006"",state=""Established""",8
2026-07-28 17:41:00,ccf-aiops-北大,br-1,br,bgp_peer_prefix_sent,"peer=""fd00:100:10::41"",remote_as=""65005"",state=""Established""",8
2026-07-28 17:41:00,ccf-aiops-北大,br-1,br,bgp_peer_prefix_sent,"peer=""fd00:100:10::21"",remote_as=""65003"",state=""Established""",8
2026-07-28 17:41:00,ccf-aiops-北大,br-1,br,bgp_peer_prefix_sent,"peer=""fd00:100:10::11"",remote_as=""65002"",state=""Established""",8
2026-07-28 17:41:00,ccf-aiops-北大,br-1,br,bgp_peer_up,"peer=""fd00:100:10::11"",remote_as=""65002"",state=""Established""",1
2026-07-28 17:41:00,ccf-aiops-北大,br-1,br,bgp_peer_up,"peer=""fd00:100:10::21"",remote_as=""65003"",state=""Established""",1
2026-07-28 17:41:00,ccf-aiops-北大,br-1,br,bgp_peer_up,"peer=""fd00:100:10::41"",remote_as=""65005"",state=""Established""",1
2026-07-28 17:41:00,ccf-aiops-北大,br-1,br,bgp_peer_up,"peer=""fd00:100:10::51"",remote_as=""65006"",state=""Established""",1
2026-07-28 17:41:00,ccf-aiops-北大,br-1,br,bgp_peer_uptime_seconds,"peer=""fd00:100:10::11"",remote_as=""65002"",state=""Established""",531561
2026-07-28 17:41:00,ccf-aiops-北大,br-1,br,bgp_peer_uptime_seconds,"peer=""fd00:100:10::21"",remote_as=""65003"",state=""Established""",668159
2026-07-28 17:41:00,ccf-aiops-北大,br-1,br,bgp_peer_uptime_seconds,"peer=""fd00:100:10::41"",remote_as=""65005"",state=""Established""",2431216
2026-07-28 17:41:00,ccf-aiops-北大,br-1,br,bgp_peer_uptime_seconds,"peer=""fd00:100:10::51"",remote_as=""65006"",state=""Established""",2431128
2026-07-28 17:41:00,ccf-aiops-北大,br-1,br,ipv6_default_route_changed_total,,0
2026-07-28 17:41:00,ccf-aiops-北大,br-1,br,ipv6_default_route_info,"next_hop=""240a:a023::1"",dev=""ens4"",protocol=""unknown"",metric=""1024"",route_index=""0"",nh_index=""0""",1
2026-07-28 17:41:00,ccf-aiops-北大,br-1,br,ipv6_route_change_total,"prefix=""fd00:4:40::/64""",0
2026-07-28 17:41:00,ccf-aiops-北大,br-1,br,ipv6_route_change_total,"prefix=""fd00:5:40::/64""",0
2026-07-28 17:41:00,ccf-aiops-北大,br-1,br,ipv6_route_change_total,"prefix=""fd00:6:40::/64""",0
2026-07-28 17:41:00,ccf-aiops-北大,br-1,br,ipv6_route_change_total,"prefix=""fd00:7:40::/64""",6
2026-07-28 17:41:00,ccf-aiops-北大,br-1,br,ipv6_route_change_total,"prefix=""fd00:8:40::/64""",0
2026-07-28 17:41:00,ccf-aiops-北大,br-1,br,ipv6_route_change_total,"prefix=""fd00:3:40::/64""",0
2026-07-28 17:41:00,ccf-aiops-北大,br-1,br,ipv6_route_change_total,"prefix=""fd00:2:40::/64""",0
2026-07-28 17:41:00,ccf-aiops-北大,br-1,br,ipv6_route_change_total,"prefix=""fd00:1:40::/64""",0
2026-07-28 17:41:00,ccf-aiops-北大,br-1,br,ipv6_route_change_total,"prefix=""::/0""",0
2026-07-28 17:41:00,ccf-aiops-北大,br-1,br,ipv6_route_count,"protocol=""all""",20
2026-07-28 17:41:00,ccf-aiops-北大,br-1,br,ipv6_route_count,"protocol=""bgp""",7
2026-07-28 17:41:00,ccf-aiops-北大,br-1,br,ipv6_route_count,"protocol=""kernel""",8
2026-07-28 17:41:00,ccf-aiops-北大,br-1,br,ipv6_route_count,"protocol=""ospf""",2
2026-07-28 17:41:00,ccf-aiops-北大,br-1,br,ipv6_route_count,"protocol=""unknown""",3
2026-07-28 17:41:00,ccf-aiops-北大,br-1,br,ipv6_route_exists,"prefix=""::/0""",1
2026-07-28 17:41:00,ccf-aiops-北大,br-1,br,ipv6_route_exists,"prefix=""fd00:1:40::/64""",1
2026-07-28 17:41:00,ccf-aiops-北大,br-1,br,ipv6_route_exists,"prefix=""fd00:2:40::/64""",1
2026-07-28 17:41:00,ccf-aiops-北大,br-1,br,ipv6_route_exists,"prefix=""fd00:3:40::/64""",1
2026-07-28 17:41:00,ccf-aiops-北大,br-1,br,ipv6_route_exists,"prefix=""fd00:4:40::/64""",1
2026-07-28 17:41:00,ccf-aiops-北大,br-1,br,ipv6_route_exists,"prefix=""fd00:5:40::/64""",1
2026-07-28 17:41:00,ccf-aiops-北大,br-1,br,ipv6_route_exists,"prefix=""fd00:6:40::/64""",1
2026-07-28 17:41:00,ccf-aiops-北大,br-1,br,ipv6_route_exists,"prefix=""fd00:7:40::/64""",1
2026-07-28 17:41:00,ccf-aiops-北大,br-1,br,ipv6_route_exists,"prefix=""fd00:8:40::/64""",1
2026-07-28 17:41:00,ccf-aiops-北大,br-1,br,ipv6_route_nexthop_info,"prefix=""fd00:1:40::/64"",next_hop=""fe80::11:4"",dev=""ens5"",protocol=""ospf"",metric=""20"",route_index=""0"",nh_index=""0""",1
2026-07-28 17:41:00,ccf-aiops-北大,br-1,br,ipv6_route_nexthop_info,"prefix=""::/0"",next_hop=""240a:a023::1"",dev=""ens4"",protocol=""unknown"",metric=""1024"",route_index=""0"",nh_index=""0""",1
2026-07-28 17:41:00,ccf-aiops-北大,br-1,br,ipv6_route_nexthop_info,"prefix=""fd00:2:40::/64"",next_hop=""fe80::100:10:11"",dev=""ens4"",protocol=""bgp"",metric=""20"",route_index=""0"",nh_index=""0""",1
2026-07-28 17:41:00,ccf-aiops-北大,br-1,br,ipv6_route_nexthop_info,"prefix=""fd00:3:40::/64"",next_hop=""fe80::100:10:21"",dev=""ens4"",protocol=""bgp"",metric=""20"",route_index=""0"",nh_index=""0""",1
2026-07-28 17:41:00,ccf-aiops-北大,br-1,br,ipv6_route_nexthop_info,"prefix=""fd00:4:40::/64"",next_hop=""fe80::100:10:41"",dev=""ens4"",protocol=""bgp"",metric=""20"",route_index=""0"",nh_index=""0""",1
2026-07-28 17:41:00,ccf-aiops-北大,br-1,br,ipv6_route_nexthop_info,"prefix=""fd00:5:40::/64"",next_hop=""fe80::100:10:41"",dev=""ens4"",protocol=""bgp"",metric=""20"",route_index=""0"",nh_index=""0""",1
2026-07-28 17:41:00,ccf-aiops-北大,br-1,br,ipv6_route_nexthop_info,"prefix=""fd00:8:40::/64"",next_hop=""fe80::100:10:41"",dev=""ens4"",protocol=""bgp"",metric=""20"",route_index=""0"",nh_index=""0""",1
2026-07-28 17:41:00,ccf-aiops-北大,br-1,br,ipv6_route_nexthop_info,"prefix=""fd00:1:40::/64"",next_hop=""fe80::12:4"",dev=""ens5"",protocol=""ospf"",metric=""20"",route_index=""0"",nh_index=""1""",1
2026-07-28 17:41:00,ccf-aiops-北大,br-1,br,ipv6_route_nexthop_info,"prefix=""fd00:6:40::/64"",next_hop=""fe80::100:10:51"",dev=""ens4"",protocol=""bgp"",metric=""20"",route_index=""0"",nh_index=""0""",1
2026-07-28 17:41:00,ccf-aiops-北大,br-1,br,ipv6_route_nexthop_info,"prefix=""fd00:7:40::/64"",next_hop=""fe80::100:10:51"",dev=""ens4"",protocol=""bgp"",metric=""20"",route_index=""0"",nh_index=""0""",1
2026-07-28 17:41:00,ccf-aiops-北大,br-1,br,ospf6_interface_cost,"interface=""ens5""",1
2026-07-28 17:41:00,ccf-aiops-北大,br-1,br,ospf6_interface_enabled,"interface=""virbr0""",0
2026-07-28 17:41:00,ccf-aiops-北大,br-1,br,ospf6_interface_enabled,"interface=""lo""",1
2026-07-28 17:41:00,ccf-aiops-北大,br-1,br,ospf6_interface_enabled,"interface=""ens9""",1
2026-07-28 17:41:00,ccf-aiops-北大,br-1,br,ospf6_interface_enabled,"interface=""ens8""",1
2026-07-28 17:41:00,ccf-aiops-北大,br-1,br,ospf6_interface_enabled,"interface=""ens7""",1
2026-07-28 17:41:00,ccf-aiops-北大,br-1,br,ospf6_interface_enabled,"interface=""ens6""",1
2026-07-28 17:41:00,ccf-aiops-北大,br-1,br,ospf6_interface_enabled,"interface=""ens5""",1
2026-07-28 17:41:00,ccf-aiops-北大,br-1,br,ospf6_interface_enabled,"interface=""ens4""",1
2026-07-28 17:41:00,ccf-aiops-北大,br-1,br,ospf6_interface_enabled,"interface=""ens3""",1
2026-07-28 17:41:00,ccf-aiops-北大,br-1,br,ospf6_interface_enabled,"interface=""ens12""",1
2026-07-28 17:41:00,ccf-aiops-北大,br-1,br,ospf6_interface_enabled,"interface=""ens11""",1
2026-07-28 17:41:00,ccf-aiops-北大,br-1,br,ospf6_interface_enabled,"interface=""ens10""",1
2026-07-28 17:41:00,ccf-aiops-北大,br-1,br,ospf6_neighbor_state_code,"state=""Twoway"",interface=""ens5"",neighbor_id=""1.1.1.2""",2
2026-07-28 17:41:00,ccf-aiops-北大,br-1,br,ospf6_neighbor_state_code,"state=""Full"",interface=""ens5"",neighbor_id=""1.1.1.12""",6
2026-07-28 17:41:00,ccf-aiops-北大,br-1,br,ospf6_neighbor_state_code,"state=""Full"",interface=""ens5"",neighbor_id=""1.1.1.11""",6
2026-07-28 17:41:00,ccf-aiops-北大,br-2,br,bgp_command_success,"command=""bgp_summary""",1
2026-07-28 17:41:00,ccf-aiops-北大,br-2,br,bgp_peer_count,,4
2026-07-28 17:41:00,ccf-aiops-北大,br-2,br,bgp_peer_prefix_received,"peer=""fd00:100:10::42"",remote_as=""65005"",state=""Established""",6
2026-07-28 17:41:00,ccf-aiops-北大,br-2,br,bgp_peer_prefix_received,"peer=""fd00:100:10::22"",remote_as=""65003"",state=""Established""",5
2026-07-28 17:41:00,ccf-aiops-北大,br-2,br,bgp_peer_prefix_received,"peer=""fd00:100:10::12"",remote_as=""65002"",state=""Established""",4
2026-07-28 17:41:00,ccf-aiops-北大,br-2,br,bgp_peer_prefix_received,"peer=""fd00:100:10::52"",remote_as=""65006"",state=""Established""",6
2026-07-28 17:41:00,ccf-aiops-北大,br-2,br,bgp_peer_prefix_sent,"peer=""fd00:100:10::12"",remote_as=""65002"",state=""Established""",8
2026-07-28 17:41:00,ccf-aiops-北大,br-2,br,bgp_peer_prefix_sent,"peer=""fd00:100:10::22"",remote_as=""65003"",state=""Established""",8
2026-07-28 17:41:00,ccf-aiops-北大,br-2,br,bgp_peer_prefix_sent,"peer=""fd00:100:10::42"",remote_as=""65005"",state=""Established""",8
2026-07-28 17:41:00,ccf-aiops-北大,br-2,br,bgp_peer_prefix_sent,"peer=""fd00:100:10::52"",remote_as=""65006"",state=""Established""",8
2026-07-28 17:41:00,ccf-aiops-北大,br-2,br,bgp_peer_up,"peer=""fd00:100:10::52"",remote_as=""65006"",state=""Established""",1
2026-07-28 17:41:00,ccf-aiops-北大,br-2,br,bgp_peer_up,"peer=""fd00:100:10::42"",remote_as=""65005"",state=""Established""",1
2026-07-28 17:41:00,ccf-aiops-北大,br-2,br,bgp_peer_up,"peer=""fd00:100:10::22"",remote_as=""65003"",state=""Established""",1
2026-07-28 17:41:00,ccf-aiops-北大,br-2,br,bgp_peer_up,"peer=""fd00:100:10::12"",remote_as=""65002"",state=""Established""",1
2026-07-28 17:41:00,ccf-aiops-北大,br-2,br,bgp_peer_uptime_seconds,"peer=""fd00:100:10::42"",remote_as=""65005"",state=""Established""",2431227
2026-07-28 17:41:00,ccf-aiops-北大,br-2,br,bgp_peer_uptime_seconds,"peer=""fd00:100:10::52"",remote_as=""65006"",state=""Established""",2431134
2026-07-28 17:41:00,ccf-aiops-北大,br-2,br,bgp_peer_uptime_seconds,"peer=""fd00:100:10::12"",remote_as=""65002"",state=""Established""",531519
2026-07-28 17:41:00,ccf-aiops-北大,br-2,br,bgp_peer_uptime_seconds,"peer=""fd00:100:10::22"",remote_as=""65003"",state=""Established""",1361484
2026-07-28 17:41:00,ccf-aiops-北大,br-2,br,ipv6_default_route_changed_total,,0
2026-07-28 17:41:00,ccf-aiops-北大,br-2,br,ipv6_default_route_info,"next_hop=""240a:a023::1"",dev=""ens4"",protocol=""unknown"",metric=""1024"",route_index=""0"",nh_index=""0""",1
2026-07-28 17:41:00,ccf-aiops-北大,br-2,br,ipv6_route_change_total,"prefix=""fd00:8:40::/64""",0
2026-07-28 17:41:00,ccf-aiops-北大,br-2,br,ipv6_route_change_total,"prefix=""fd00:7:40::/64""",4
2026-07-28 17:41:00,ccf-aiops-北大,br-2,br,ipv6_route_change_total,"prefix=""fd00:6:40::/64""",0
2026-07-28 17:41:00,ccf-aiops-北大,br-2,br,ipv6_route_change_total,"prefix=""fd00:5:40::/64""",0
2026-07-28 17:41:00,ccf-aiops-北大,br-2,br,ipv6_route_change_total,"prefix=""fd00:4:40::/64""",0
2026-07-28 17:41:00,ccf-aiops-北大,br-2,br,ipv6_route_change_total,"prefix=""fd00:3:40::/64""",0
2026-07-28 17:41:00,ccf-aiops-北大,br-2,br,ipv6_route_change_total,"prefix=""fd00:2:40::/64""",0
2026-07-28 17:41:00,ccf-aiops-北大,br-2,br,ipv6_route_change_total,"prefix=""fd00:1:40::/64""",0
2026-07-28 17:41:00,ccf-aiops-北大,br-2,br,ipv6_route_change_total,"prefix=""::/0""",0
2026-07-28 17:41:00,ccf-aiops-北大,br-2,br,ipv6_route_count,"protocol=""ospf""",2
2026-07-28 17:41:00,ccf-aiops-北大,br-2,br,ipv6_route_count,"protocol=""all""",19
2026-07-28 17:41:00,ccf-aiops-北大,br-2,br,ipv6_route_count,"protocol=""bgp""",7
2026-07-28 17:41:00,ccf-aiops-北大,br-2,br,ipv6_route_count,"protocol=""kernel""",7
2026-07-28 17:41:00,ccf-aiops-北大,br-2,br,ipv6_route_count,"protocol=""unknown""",3
2026-07-28 17:41:00,ccf-aiops-北大,br-2,br,ipv6_route_exists,"prefix=""fd00:8:40::/64""",1
2026-07-28 17:41:00,ccf-aiops-北大,br-2,br,ipv6_route_exists,"prefix=""fd00:7:40::/64""",1
2026-07-28 17:41:00,ccf-aiops-北大,br-2,br,ipv6_route_exists,"prefix=""fd00:6:40::/64""",1
2026-07-28 17:41:00,ccf-aiops-北大,br-2,br,ipv6_route_exists,"prefix=""fd00:5:40::/64""",1
2026-07-28 17:41:00,ccf-aiops-北大,br-2,br,ipv6_route_exists,"prefix=""::/0""",1
2026-07-28 17:41:00,ccf-aiops-北大,br-2,br,ipv6_route_exists,"prefix=""fd00:1:40::/64""",1
2026-07-28 17:41:00,ccf-aiops-北大,br-2,br,ipv6_route_exists,"prefix=""fd00:2:40::/64""",1
2026-07-28 17:41:00,ccf-aiops-北大,br-2,br,ipv6_route_exists,"prefix=""fd00:3:40::/64""",1
2026-07-28 17:41:00,ccf-aiops-北大,br-2,br,ipv6_route_exists,"prefix=""fd00:4:40::/64""",1
2026-07-28 17:41:00,ccf-aiops-北大,br-2,br,ipv6_route_nexthop_info,"prefix=""fd00:1:40::/64"",next_hop=""fe80::12:4"",dev=""ens5"",protocol=""ospf"",metric=""20"",route_index=""0"",nh_index=""1""",1
2026-07-28 17:41:00,ccf-aiops-北大,br-2,br,ipv6_route_nexthop_info,"prefix=""::/0"",next_hop=""240a:a023::1"",dev=""ens4"",protocol=""unknown"",metric=""1024"",route_index=""0"",nh_index=""0""",1
2026-07-28 17:41:00,ccf-aiops-北大,br-2,br,ipv6_route_nexthop_info,"prefix=""fd00:6:40::/64"",next_hop=""fe80::100:10:52"",dev=""ens4"",protocol=""bgp"",metric=""20"",route_index=""0"",nh_index=""0""",1
2026-07-28 17:41:00,ccf-aiops-北大,br-2,br,ipv6_route_nexthop_info,"prefix=""fd00:8:40::/64"",next_hop=""fe80::100:10:42"",dev=""ens4"",protocol=""bgp"",metric=""20"",route_index=""0"",nh_index=""0""",1
2026-07-28 17:41:00,ccf-aiops-北大,br-2,br,ipv6_route_nexthop_info,"prefix=""fd00:7:40::/64"",next_hop=""fe80::100:10:42"",dev=""ens4"",protocol=""bgp"",metric=""20"",route_index=""0"",nh_index=""0""",1
2026-07-28 17:41:00,ccf-aiops-北大,br-2,br,ipv6_route_nexthop_info,"prefix=""fd00:5:40::/64"",next_hop=""fe80::100:10:42"",dev=""ens4"",protocol=""bgp"",metric=""20"",route_index=""0"",nh_index=""0""",1
2026-07-28 17:41:00,ccf-aiops-北大,br-2,br,ipv6_route_nexthop_info,"prefix=""fd00:4:40::/64"",next_hop=""fe80::100:10:42"",dev=""ens4"",protocol=""bgp"",metric=""20"",route_index=""0"",nh_index=""0""",1
2026-07-28 17:41:00,ccf-aiops-北大,br-2,br,ipv6_route_nexthop_info,"prefix=""fd00:3:40::/64"",next_hop=""fe80::100:10:22"",dev=""ens4"",protocol=""bgp"",metric=""20"",route_index=""0"",nh_index=""0""",1
2026-07-28 17:41:00,ccf-aiops-北大,br-2,br,ipv6_route_nexthop_info,"prefix=""fd00:2:40::/64"",next_hop=""fe80::100:10:12"",dev=""ens4"",protocol=""bgp"",metric=""20"",route_index=""0"",nh_index=""0""",1
2026-07-28 17:41:00,ccf-aiops-北大,br-2,br,ipv6_route_nexthop_info,"prefix=""fd00:1:40::/64"",next_hop=""fe80::11:4"",dev=""ens5"",protocol=""ospf"",metric=""20"",route_index=""0"",nh_index=""0""",1
2026-07-28 17:41:00,ccf-aiops-北大,br-2,br,ospf6_interface_cost,"interface=""ens5""",1
2026-07-28 17:41:00,ccf-aiops-北大,br-2,br,ospf6_interface_enabled,"interface=""virbr0""",0
2026-07-28 17:41:00,ccf-aiops-北大,br-2,br,ospf6_interface_enabled,"interface=""ens7""",1
2026-07-28 17:41:00,ccf-aiops-北大,br-2,br,ospf6_interface_enabled,"interface=""ens5""",1
2026-07-28 17:41:00,ccf-aiops-北大,br-2,br,ospf6_interface_enabled,"interface=""ens4""",1
2026-07-28 17:41:00,ccf-aiops-北大,br-2,br,ospf6_interface_enabled,"interface=""ens3""",1
2026-07-28 17:41:00,ccf-aiops-北大,br-2,br,ospf6_interface_enabled,"interface=""ens12""",1
2026-07-28 17:41:00,ccf-aiops-北大,br-2,br,ospf6_interface_enabled,"interface=""ens8""",1
2026-07-28 17:41:00,ccf-aiops-北大,br-2,br,ospf6_interface_enabled,"interface=""ens9""",1
2026-07-28 17:41:00,ccf-aiops-北大,br-2,br,ospf6_interface_enabled,"interface=""lo""",1
2026-07-28 17:41:00,ccf-aiops-北大,br-2,br,ospf6_interface_enabled,"interface=""ens6""",1
2026-07-28 17:41:00,ccf-aiops-北大,br-2,br,ospf6_interface_enabled,"interface=""ens11""",1
2026-07-28 17:41:00,ccf-aiops-北大,br-2,br,ospf6_interface_enabled,"interface=""ens10""",1
2026-07-28 17:41:00,ccf-aiops-北大,br-2,br,ospf6_neighbor_state_code,"state=""Full"",interface=""ens5"",neighbor_id=""1.1.1.12""",6
2026-07-28 17:41:00,ccf-aiops-北大,br-2,br,ospf6_neighbor_state_code,"state=""Full"",interface=""ens5"",neighbor_id=""1.1.1.11""",6
2026-07-28 17:41:00,ccf-aiops-北大,br-2,br,ospf6_neighbor_state_code,"state=""Twoway"",interface=""ens5"",neighbor_id=""1.1.1.1""",2
2026-07-28 17:41:00,ccf-aiops-北大,cr-1,cr,ipv6_default_route_changed_total,,0
2026-07-28 17:41:00,ccf-aiops-北大,cr-1,cr,ipv6_default_route_info,"next_hop=""fd00:1:20::2"",dev=""ens4"",protocol=""196"",metric=""20"",route_index=""0"",nh_index=""1""",1
2026-07-28 17:41:00,ccf-aiops-北大,cr-1,cr,ipv6_default_route_info,"next_hop=""fd00:1:20::1"",dev=""ens4"",protocol=""196"",metric=""20"",route_index=""0"",nh_index=""0""",1
2026-07-28 17:41:00,ccf-aiops-北大,cr-1,cr,ipv6_route_change_total,"prefix=""fd00:1:40::/64""",0
2026-07-28 17:41:00,ccf-aiops-北大,cr-1,cr,ipv6_route_change_total,"prefix=""fd00:2:40::/64""",0
2026-07-28 17:41:00,ccf-aiops-北大,cr-1,cr,ipv6_route_change_total,"prefix=""fd00:3:40::/64""",0
2026-07-28 17:41:00,ccf-aiops-北大,cr-1,cr,ipv6_route_change_total,"prefix=""fd00:8:40::/64""",0
2026-07-28 17:41:00,ccf-aiops-北大,cr-1,cr,ipv6_route_change_total,"prefix=""fd00:7:40::/64""",0
2026-07-28 17:41:00,ccf-aiops-北大,cr-1,cr,ipv6_route_change_total,"prefix=""fd00:6:40::/64""",0
2026-07-28 17:41:00,ccf-aiops-北大,cr-1,cr,ipv6_route_change_total,"prefix=""fd00:5:40::/64""",0
2026-07-28 17:41:00,ccf-aiops-北大,cr-1,cr,ipv6_route_change_total,"prefix=""fd00:4:40::/64""",0
2026-07-28 17:41:00,ccf-aiops-北大,cr-1,cr,ipv6_route_change_total,"prefix=""::/0""",0
2026-07-28 17:41:00,ccf-aiops-北大,cr-1,cr,ipv6_route_count,"protocol=""ospf""",7
2026-07-28 17:41:00,ccf-aiops-北大,cr-1,cr,ipv6_route_count,"protocol=""kernel""",6
2026-07-28 17:41:00,ccf-aiops-北大,cr-1,cr,ipv6_route_count,"protocol=""all""",15
2026-07-28 17:41:00,ccf-aiops-北大,cr-1,cr,ipv6_route_count,"protocol=""196""",2
2026-07-28 17:41:00,ccf-aiops-北大,cr-1,cr,ipv6_route_exists,"prefix=""fd00:7:40::/64""",1
2026-07-28 17:41:00,ccf-aiops-北大,cr-1,cr,ipv6_route_exists,"prefix=""fd00:8:40::/64""",1
2026-07-28 17:41:00,ccf-aiops-北大,cr-1,cr,ipv6_route_exists,"prefix=""fd00:6:40::/64""",1
2026-07-28 17:41:00,ccf-aiops-北大,cr-1,cr,ipv6_route_exists,"prefix=""fd00:5:40::/64""",1
2026-07-28 17:41:00,ccf-aiops-北大,cr-1,cr,ipv6_route_exists,"prefix=""fd00:4:40::/64""",1
2026-07-28 17:41:00,ccf-aiops-北大,cr-1,cr,ipv6_route_exists,"prefix=""fd00:3:40::/64""",1
2026-07-28 17:41:00,ccf-aiops-北大,cr-1,cr,ipv6_route_exists,"prefix=""fd00:2:40::/64""",1
2026-07-28 17:41:00,ccf-aiops-北大,cr-1,cr,ipv6_route_exists,"prefix=""fd00:1:40::/64""",1
2026-07-28 17:41:00,ccf-aiops-北大,cr-1,cr,ipv6_route_exists,"prefix=""::/0""",1
2026-07-28 17:41:00,ccf-aiops-北大,cr-1,cr,ipv6_route_nexthop_info,"prefix=""fd00:1:40::/64"",next_hop=""fd00:1:30::254"",dev=""ens5"",protocol=""196"",metric=""20"",route_index=""0"",nh_index=""0""",1
2026-07-28 17:41:00,ccf-aiops-北大,cr-1,cr,ipv6_route_nexthop_info,"prefix=""fd00:8:40::/64"",next_hop=""fe80::1:5"",dev=""ens4"",protocol=""ospf"",metric=""20"",route_index=""0"",nh_index=""0""",1
2026-07-28 17:41:00,ccf-aiops-北大,cr-1,cr,ipv6_route_nexthop_info,"prefix=""fd00:8:40::/64"",next_hop=""fe80::2:5"",dev=""ens4"",protocol=""ospf"",metric=""20"",route_index=""0"",nh_index=""1""",1
2026-07-28 17:41:00,ccf-aiops-北大,cr-1,cr,ipv6_route_nexthop_info,"prefix=""fd00:6:40::/64"",next_hop=""fe80::2:5"",dev=""ens4"",protocol=""ospf"",metric=""20"",route_index=""0"",nh_index=""1""",1
2026-07-28 17:41:00,ccf-aiops-北大,cr-1,cr,ipv6_route_nexthop_info,"prefix=""fd00:5:40::/64"",next_hop=""fe80::1:5"",dev=""ens4"",protocol=""ospf"",metric=""20"",route_index=""0"",nh_index=""0""",1
2026-07-28 17:41:00,ccf-aiops-北大,cr-1,cr,ipv6_route_nexthop_info,"prefix=""fd00:6:40::/64"",next_hop=""fe80::1:5"",dev=""ens4"",protocol=""ospf"",metric=""20"",route_index=""0"",nh_index=""0""",1
2026-07-28 17:41:00,ccf-aiops-北大,cr-1,cr,ipv6_route_nexthop_info,"prefix=""fd00:4:40::/64"",next_hop=""fe80::1:5"",dev=""ens4"",protocol=""ospf"",metric=""20"",route_index=""0"",nh_index=""0""",1
2026-07-28 17:41:00,ccf-aiops-北大,cr-1,cr,ipv6_route_nexthop_info,"prefix=""fd00:7:40::/64"",next_hop=""fe80::1:5"",dev=""ens4"",protocol=""ospf"",metric=""20"",route_index=""0"",nh_index=""0""",1
2026-07-28 17:41:00,ccf-aiops-北大,cr-1,cr,ipv6_route_nexthop_info,"prefix=""fd00:2:40::/64"",next_hop=""fe80::2:5"",dev=""ens4"",protocol=""ospf"",metric=""20"",route_index=""0"",nh_index=""1""",1
2026-07-28 17:41:00,ccf-aiops-北大,cr-1,cr,ipv6_route_nexthop_info,"prefix=""fd00:3:40::/64"",next_hop=""fe80::2:5"",dev=""ens4"",protocol=""ospf"",metric=""20"",route_index=""0"",nh_index=""1""",1
2026-07-28 17:41:00,ccf-aiops-北大,cr-1,cr,ipv6_route_nexthop_info,"prefix=""fd00:4:40::/64"",next_hop=""fe80::2:5"",dev=""ens4"",protocol=""ospf"",metric=""20"",route_index=""0"",nh_index=""1""",1
2026-07-28 17:41:00,ccf-aiops-北大,cr-1,cr,ipv6_route_nexthop_info,"prefix=""fd00:5:40::/64"",next_hop=""fe80::2:5"",dev=""ens4"",protocol=""ospf"",metric=""20"",route_index=""0"",nh_index=""1""",1
2026-07-28 17:41:00,ccf-aiops-北大,cr-1,cr,ipv6_route_nexthop_info,"prefix=""fd00:3:40::/64"",next_hop=""fe80::1:5"",dev=""ens4"",protocol=""ospf"",metric=""20"",route_index=""0"",nh_index=""0""",1
2026-07-28 17:41:00,ccf-aiops-北大,cr-1,cr,ipv6_route_nexthop_info,"prefix=""fd00:2:40::/64"",next_hop=""fe80::1:5"",dev=""ens4"",protocol=""ospf"",metric=""20"",route_index=""0"",nh_index=""0""",1
2026-07-28 17:41:00,ccf-aiops-北大,cr-1,cr,ipv6_route_nexthop_info,"prefix=""::/0"",next_hop=""fd00:1:20::2"",dev=""ens4"",protocol=""196"",metric=""20"",route_index=""0"",nh_index=""1""",1
2026-07-28 17:41:00,ccf-aiops-北大,cr-1,cr,ipv6_route_nexthop_info,"prefix=""::/0"",next_hop=""fd00:1:20::1"",dev=""ens4"",protocol=""196"",metric=""20"",route_index=""0"",nh_index=""0""",1
2026-07-28 17:41:00,ccf-aiops-北大,cr-1,cr,ipv6_route_nexthop_info,"prefix=""fd00:7:40::/64"",next_hop=""fe80::2:5"",dev=""ens4"",protocol=""ospf"",metric=""20"",route_index=""0"",nh_index=""1""",1
2026-07-28 17:41:00,ccf-aiops-北大,cr-1,cr,ospf6_interface_cost,"interface=""ens4""",1
2026-07-28 17:41:00,ccf-aiops-北大,cr-1,cr,ospf6_interface_cost,"interface=""ens5""",1
2026-07-28 17:41:00,ccf-aiops-北大,cr-1,cr,ospf6_interface_enabled,"interface=""ens10""",1
2026-07-28 17:41:00,ccf-aiops-北大,cr-1,cr,ospf6_interface_enabled,"interface=""ens11""",1
2026-07-28 17:41:00,ccf-aiops-北大,cr-1,cr,ospf6_interface_enabled,"interface=""ens12""",1
2026-07-28 17:41:00,ccf-aiops-北大,cr-1,cr,ospf6_interface_enabled,"interface=""ens3""",1
2026-07-28 17:41:00,ccf-aiops-北大,cr-1,cr,ospf6_interface_enabled,"interface=""ens4""",1
2026-07-28 17:41:00,ccf-aiops-北大,cr-1,cr,ospf6_interface_enabled,"interface=""ens5""",1
2026-07-28 17:41:00,ccf-aiops-北大,cr-1,cr,ospf6_interface_enabled,"interface=""ens7""",1
2026-07-28 17:41:00,ccf-aiops-北大,cr-1,cr,ospf6_interface_enabled,"interface=""ens8""",1
2026-07-28 17:41:00,ccf-aiops-北大,cr-1,cr,ospf6_interface_enabled,"interface=""ens9""",1
2026-07-28 17:41:00,ccf-aiops-北大,cr-1,cr,ospf6_interface_enabled,"interface=""lo""",1
2026-07-28 17:41:00,ccf-aiops-北大,cr-1,cr,ospf6_interface_enabled,"interface=""virbr0""",0
2026-07-28 17:41:00,ccf-aiops-北大,cr-1,cr,ospf6_interface_enabled,"interface=""ens6""",1
2026-07-28 17:41:00,ccf-aiops-北大,cr-1,cr,ospf6_neighbor_state_code,"state=""Full"",interface=""ens4"",neighbor_id=""1.1.1.1""",6
2026-07-28 17:41:00,ccf-aiops-北大,cr-1,cr,ospf6_neighbor_state_code,"state=""Full"",interface=""ens4"",neighbor_id=""1.1.1.12""",6
2026-07-28 17:41:00,ccf-aiops-北大,cr-1,cr,ospf6_neighbor_state_code,"state=""Full"",interface=""ens4"",neighbor_id=""1.1.1.2""",6
2026-07-28 17:41:00,ccf-aiops-北大,cr-1,cr,ospf6_neighbor_state_code,"state=""Full"",interface=""ens5"",neighbor_id=""1.1.1.12""",6
2026-07-28 17:41:00,ccf-aiops-北大,cr-1,cr,bgp_command_success,,
2026-07-28 17:41:00,ccf-aiops-北大,cr-1,cr,bgp_peer_up,,
2026-07-28 17:41:00,ccf-aiops-北大,cr-1,cr,bgp_peer_uptime_seconds,,
2026-07-28 17:41:00,ccf-aiops-北大,cr-1,cr,bgp_peer_prefix_received,,
2026-07-28 17:41:00,ccf-aiops-北大,cr-1,cr,bgp_peer_prefix_sent,,
2026-07-28 17:41:00,ccf-aiops-北大,cr-1,cr,bgp_peer_count,,
2026-07-28 17:41:00,ccf-aiops-北大,cr-2,cr,ipv6_default_route_changed_total,,0
2026-07-28 17:41:00,ccf-aiops-北大,cr-2,cr,ipv6_default_route_info,"next_hop=""fd00:1:20::2"",dev=""ens4"",protocol=""196"",metric=""20"",route_index=""0"",nh_index=""1""",1
2026-07-28 17:41:00,ccf-aiops-北大,cr-2,cr,ipv6_default_route_info,"next_hop=""fd00:1:20::1"",dev=""ens4"",protocol=""196"",metric=""20"",route_index=""0"",nh_index=""0""",1
2026-07-28 17:41:00,ccf-aiops-北大,cr-2,cr,ipv6_route_change_total,"prefix=""fd00:4:40::/64""",0
2026-07-28 17:41:00,ccf-aiops-北大,cr-2,cr,ipv6_route_change_total,"prefix=""fd00:2:40::/64""",0
2026-07-28 17:41:00,ccf-aiops-北大,cr-2,cr,ipv6_route_change_total,"prefix=""fd00:1:40::/64""",0
2026-07-28 17:41:00,ccf-aiops-北大,cr-2,cr,ipv6_route_change_total,"prefix=""::/0""",0
2026-07-28 17:41:00,ccf-aiops-北大,cr-2,cr,ipv6_route_change_total,"prefix=""fd00:3:40::/64""",0
2026-07-28 17:41:00,ccf-aiops-北大,cr-2,cr,ipv6_route_change_total,"prefix=""fd00:5:40::/64""",0
2026-07-28 17:41:00,ccf-aiops-北大,cr-2,cr,ipv6_route_change_total,"prefix=""fd00:6:40::/64""",0
2026-07-28 17:41:00,ccf-aiops-北大,cr-2,cr,ipv6_route_change_total,"prefix=""fd00:7:40::/64""",0
2026-07-28 17:41:00,ccf-aiops-北大,cr-2,cr,ipv6_route_change_total,"prefix=""fd00:8:40::/64""",0
2026-07-28 17:41:00,ccf-aiops-北大,cr-2,cr,ipv6_route_count,"protocol=""kernel""",6
2026-07-28 17:41:00,ccf-aiops-北大,cr-2,cr,ipv6_route_count,"protocol=""all""",15
2026-07-28 17:41:00,ccf-aiops-北大,cr-2,cr,ipv6_route_count,"protocol=""196""",2
2026-07-28 17:41:00,ccf-aiops-北大,cr-2,cr,ipv6_route_count,"protocol=""ospf""",7
2026-07-28 17:41:00,ccf-aiops-北大,cr-2,cr,ipv6_route_exists,"prefix=""::/0""",1
2026-07-28 17:41:00,ccf-aiops-北大,cr-2,cr,ipv6_route_exists,"prefix=""fd00:1:40::/64""",1
2026-07-28 17:41:00,ccf-aiops-北大,cr-2,cr,ipv6_route_exists,"prefix=""fd00:2:40::/64""",1
2026-07-28 17:41:00,ccf-aiops-北大,cr-2,cr,ipv6_route_exists,"prefix=""fd00:3:40::/64""",1
2026-07-28 17:41:00,ccf-aiops-北大,cr-2,cr,ipv6_route_exists,"prefix=""fd00:4:40::/64""",1
2026-07-28 17:41:00,ccf-aiops-北大,cr-2,cr,ipv6_route_exists,"prefix=""fd00:5:40::/64""",1
2026-07-28 17:41:00,ccf-aiops-北大,cr-2,cr,ipv6_route_exists,"prefix=""fd00:6:40::/64""",1
2026-07-28 17:41:00,ccf-aiops-北大,cr-2,cr,ipv6_route_exists,"prefix=""fd00:7:40::/64""",1
2026-07-28 17:41:00,ccf-aiops-北大,cr-2,cr,ipv6_route_exists,"prefix=""fd00:8:40::/64""",1
2026-07-28 17:41:00,ccf-aiops-北大,cr-2,cr,ipv6_route_nexthop_info,"prefix=""::/0"",next_hop=""fd00:1:20::1"",dev=""ens4"",protocol=""196"",metric=""20"",route_index=""0"",nh_index=""0""",1
2026-07-28 17:41:00,ccf-aiops-北大,cr-2,cr,ipv6_route_nexthop_info,"prefix=""fd00:5:40::/64"",next_hop=""fe80::1:5"",dev=""ens4"",protocol=""ospf"",metric=""20"",route_index=""0"",nh_index=""0""",1
2026-07-28 17:41:00,ccf-aiops-北大,cr-2,cr,ipv6_route_nexthop_info,"prefix=""fd00:5:40::/64"",next_hop=""fe80::2:5"",dev=""ens4"",protocol=""ospf"",metric=""20"",route_index=""0"",nh_index=""1""",1
2026-07-28 17:41:00,ccf-aiops-北大,cr-2,cr,ipv6_route_nexthop_info,"prefix=""fd00:6:40::/64"",next_hop=""fe80::2:5"",dev=""ens4"",protocol=""ospf"",metric=""20"",route_index=""0"",nh_index=""1""",1
2026-07-28 17:41:00,ccf-aiops-北大,cr-2,cr,ipv6_route_nexthop_info,"prefix=""fd00:7:40::/64"",next_hop=""fe80::2:5"",dev=""ens4"",protocol=""ospf"",metric=""20"",route_index=""0"",nh_index=""1""",1
2026-07-28 17:41:00,ccf-aiops-北大,cr-2,cr,ipv6_route_nexthop_info,"prefix=""fd00:8:40::/64"",next_hop=""fe80::2:5"",dev=""ens4"",protocol=""ospf"",metric=""20"",route_index=""0"",nh_index=""1""",1
2026-07-28 17:41:00,ccf-aiops-北大,cr-2,cr,ipv6_route_nexthop_info,"prefix=""fd00:1:40::/64"",next_hop=""fd00:1:30::254"",dev=""ens5"",protocol=""196"",metric=""20"",route_index=""0"",nh_index=""0""",1
2026-07-28 17:41:00,ccf-aiops-北大,cr-2,cr,ipv6_route_nexthop_info,"prefix=""::/0"",next_hop=""fd00:1:20::2"",dev=""ens4"",protocol=""196"",metric=""20"",route_index=""0"",nh_index=""1""",1
2026-07-28 17:41:00,ccf-aiops-北大,cr-2,cr,ipv6_route_nexthop_info,"prefix=""fd00:2:40::/64"",next_hop=""fe80::1:5"",dev=""ens4"",protocol=""ospf"",metric=""20"",route_index=""0"",nh_index=""0""",1
2026-07-28 17:41:00,ccf-aiops-北大,cr-2,cr,ipv6_route_nexthop_info,"prefix=""fd00:3:40::/64"",next_hop=""fe80::1:5"",dev=""ens4"",protocol=""ospf"",metric=""20"",route_index=""0"",nh_index=""0""",1
2026-07-28 17:41:00,ccf-aiops-北大,cr-2,cr,ipv6_route_nexthop_info,"prefix=""fd00:4:40::/64"",next_hop=""fe80::1:5"",dev=""ens4"",protocol=""ospf"",metric=""20"",route_index=""0"",nh_index=""0""",1
2026-07-28 17:41:00,ccf-aiops-北大,cr-2,cr,ipv6_route_nexthop_info,"prefix=""fd00:6:40::/64"",next_hop=""fe80::1:5"",dev=""ens4"",protocol=""ospf"",metric=""20"",route_index=""0"",nh_index=""0""",1
2026-07-28 17:41:00,ccf-aiops-北大,cr-2,cr,ipv6_route_nexthop_info,"prefix=""fd00:7:40::/64"",next_hop=""fe80::1:5"",dev=""ens4"",protocol=""ospf"",metric=""20"",route_index=""0"",nh_index=""0""",1
2026-07-28 17:41:00,ccf-aiops-北大,cr-2,cr,ipv6_route_nexthop_info,"prefix=""fd00:8:40::/64"",next_hop=""fe80::1:5"",dev=""ens4"",protocol=""ospf"",metric=""20"",route_index=""0"",nh_index=""0""",1
2026-07-28 17:41:00,ccf-aiops-北大,cr-2,cr,ipv6_route_nexthop_info,"prefix=""fd00:2:40::/64"",next_hop=""fe80::2:5"",dev=""ens4"",protocol=""ospf"",metric=""20"",route_index=""0"",nh_index=""1""",1
2026-07-28 17:41:00,ccf-aiops-北大,cr-2,cr,ipv6_route_nexthop_info,"prefix=""fd00:3:40::/64"",next_hop=""fe80::2:5"",dev=""ens4"",protocol=""ospf"",metric=""20"",route_index=""0"",nh_index=""1""",1
2026-07-28 17:41:00,ccf-aiops-北大,cr-2,cr,ipv6_route_nexthop_info,"prefix=""fd00:4:40::/64"",next_hop=""fe80::2:5"",dev=""ens4"",protocol=""ospf"",metric=""20"",route_index=""0"",nh_index=""1""",1
2026-07-28 17:41:00,ccf-aiops-北大,cr-2,cr,ospf6_interface_cost,"interface=""ens4""",1
2026-07-28 17:41:00,ccf-aiops-北大,cr-2,cr,ospf6_interface_cost,"interface=""ens5""",1
2026-07-28 17:41:00,ccf-aiops-北大,cr-2,cr,ospf6_interface_enabled,"interface=""ens8""",1
2026-07-28 17:41:00,ccf-aiops-北大,cr-2,cr,ospf6_interface_enabled,"interface=""lo""",1
2026-07-28 17:41:00,ccf-aiops-北大,cr-2,cr,ospf6_interface_enabled,"interface=""virbr0""",0
2026-07-28 17:41:00,ccf-aiops-北大,cr-2,cr,ospf6_interface_enabled,"interface=""ens10""",1
2026-07-28 17:41:00,ccf-aiops-北大,cr-2,cr,ospf6_interface_enabled,"interface=""ens11""",1
2026-07-28 17:41:00,ccf-aiops-北大,cr-2,cr,ospf6_interface_enabled,"interface=""ens12""",1
2026-07-28 17:41:00,ccf-aiops-北大,cr-2,cr,ospf6_interface_enabled,"interface=""ens3""",1
2026-07-28 17:41:00,ccf-aiops-北大,cr-2,cr,ospf6_interface_enabled,"interface=""ens4""",1
2026-07-28 17:41:00,ccf-aiops-北大,cr-2,cr,ospf6_interface_enabled,"interface=""ens5""",1
2026-07-28 17:41:00,ccf-aiops-北大,cr-2,cr,ospf6_interface_enabled,"interface=""ens6""",1
2026-07-28 17:41:00,ccf-aiops-北大,cr-2,cr,ospf6_interface_enabled,"interface=""ens7""",1
2026-07-28 17:41:00,ccf-aiops-北大,cr-2,cr,ospf6_interface_enabled,"interface=""ens9""",1
2026-07-28 17:41:00,ccf-aiops-北大,cr-2,cr,ospf6_neighbor_state_code,"state=""Full"",interface=""ens4"",neighbor_id=""1.1.1.1""",6
2026-07-28 17:41:00,ccf-aiops-北大,cr-2,cr,ospf6_neighbor_state_code,"state=""Full"",interface=""ens4"",neighbor_id=""1.1.1.11""",6
2026-07-28 17:41:00,ccf-aiops-北大,cr-2,cr,ospf6_neighbor_state_code,"state=""Full"",interface=""ens4"",neighbor_id=""1.1.1.2""",6
2026-07-28 17:41:00,ccf-aiops-北大,cr-2,cr,ospf6_neighbor_state_code,"state=""Full"",interface=""ens5"",neighbor_id=""1.1.1.11""",6
2026-07-28 17:41:00,ccf-aiops-北大,cr-2,cr,bgp_command_success,,
2026-07-28 17:41:00,ccf-aiops-北大,cr-2,cr,bgp_peer_up,,
2026-07-28 17:41:00,ccf-aiops-北大,cr-2,cr,bgp_peer_uptime_seconds,,
2026-07-28 17:41:00,ccf-aiops-北大,cr-2,cr,bgp_peer_prefix_received,,
2026-07-28 17:41:00,ccf-aiops-北大,cr-2,cr,bgp_peer_prefix_sent,,
2026-07-28 17:41:00,ccf-aiops-北大,cr-2,cr,bgp_peer_count,,
2026-07-28 17:42:00,ccf-aiops-北大,br-1,br,bgp_command_success,"command=""bgp_summary""",1
2026-07-28 17:42:00,ccf-aiops-北大,br-1,br,bgp_peer_count,,4
2026-07-28 17:42:00,ccf-aiops-北大,br-1,br,bgp_peer_prefix_received,"peer=""fd00:100:10::51"",remote_as=""65006"",state=""Established""",7
2026-07-28 17:42:00,ccf-aiops-北大,br-1,br,bgp_peer_prefix_received,"peer=""fd00:100:10::41"",remote_as=""65005"",state=""Established""",6
2026-07-28 17:42:00,ccf-aiops-北大,br-1,br,bgp_peer_prefix_received,"peer=""fd00:100:10::21"",remote_as=""65003"",state=""Established""",6
2026-07-28 17:42:00,ccf-aiops-北大,br-1,br,bgp_peer_prefix_received,"peer=""fd00:100:10::11"",remote_as=""65002"",state=""Established""",4
2026-07-28 17:42:00,ccf-aiops-北大,br-1,br,bgp_peer_prefix_sent,"peer=""fd00:100:10::11"",remote_as=""65002"",state=""Established""",8
2026-07-28 17:42:00,ccf-aiops-北大,br-1,br,bgp_peer_prefix_sent,"peer=""fd00:100:10::21"",remote_as=""65003"",state=""Established""",8
2026-07-28 17:42:00,ccf-aiops-北大,br-1,br,bgp_peer_prefix_sent,"peer=""fd00:100:10::41"",remote_as=""65005"",state=""Established""",8
2026-07-28 17:42:00,ccf-aiops-北大,br-1,br,bgp_peer_prefix_sent,"peer=""fd00:100:10::51"",remote_as=""65006"",state=""Established""",8
2026-07-28 17:42:00,ccf-aiops-北大,br-1,br,bgp_peer_up,"peer=""fd00:100:10::51"",remote_as=""65006"",state=""Established""",1
2026-07-28 17:42:00,ccf-aiops-北大,br-1,br,bgp_peer_up,"peer=""fd00:100:10::41"",remote_as=""65005"",state=""Established""",1
2026-07-28 17:42:00,ccf-aiops-北大,br-1,br,bgp_peer_up,"peer=""fd00:100:10::21"",remote_as=""65003"",state=""Established""",1
2026-07-28 17:42:00,ccf-aiops-北大,br-1,br,bgp_peer_up,"peer=""fd00:100:10::11"",remote_as=""65002"",state=""Established""",1
2026-07-28 17:42:00,ccf-aiops-北大,br-1,br,bgp_peer_uptime_seconds,"peer=""fd00:100:10::11"",remote_as=""65002"",state=""Established""",531623
2026-07-28 17:42:00,ccf-aiops-北大,br-1,br,bgp_peer_uptime_seconds,"peer=""fd00:100:10::21"",remote_as=""65003"",state=""Established""",668221
2026-07-28 17:42:00,ccf-aiops-北大,br-1,br,bgp_peer_uptime_seconds,"peer=""fd00:100:10::41"",remote_as=""65005"",state=""Established""",2431278
2026-07-28 17:42:00,ccf-aiops-北大,br-1,br,bgp_peer_uptime_seconds,"peer=""fd00:100:10::51"",remote_as=""65006"",state=""Established""",2431190
2026-07-28 17:42:00,ccf-aiops-北大,br-1,br,ipv6_default_route_changed_total,,0
2026-07-28 17:42:00,ccf-aiops-北大,br-1,br,ipv6_default_route_info,"next_hop=""240a:a023::1"",dev=""ens4"",protocol=""unknown"",metric=""1024"",route_index=""0"",nh_index=""0""",1
2026-07-28 17:42:00,ccf-aiops-北大,br-1,br,ipv6_route_change_total,"prefix=""fd00:1:40::/64""",0
2026-07-28 17:42:00,ccf-aiops-北大,br-1,br,ipv6_route_change_total,"prefix=""::/0""",0
2026-07-28 17:42:00,ccf-aiops-北大,br-1,br,ipv6_route_change_total,"prefix=""fd00:2:40::/64""",0
2026-07-28 17:42:00,ccf-aiops-北大,br-1,br,ipv6_route_change_total,"prefix=""fd00:3:40::/64""",0
2026-07-28 17:42:00,ccf-aiops-北大,br-1,br,ipv6_route_change_total,"prefix=""fd00:4:40::/64""",0
2026-07-28 17:42:00,ccf-aiops-北大,br-1,br,ipv6_route_change_total,"prefix=""fd00:5:40::/64""",0
2026-07-28 17:42:00,ccf-aiops-北大,br-1,br,ipv6_route_change_total,"prefix=""fd00:6:40::/64""",0
2026-07-28 17:42:00,ccf-aiops-北大,br-1,br,ipv6_route_change_total,"prefix=""fd00:8:40::/64""",0
2026-07-28 17:42:00,ccf-aiops-北大,br-1,br,ipv6_route_change_total,"prefix=""fd00:7:40::/64""",6
2026-07-28 17:42:00,ccf-aiops-北大,br-1,br,ipv6_route_count,"protocol=""all""",20
2026-07-28 17:42:00,ccf-aiops-北大,br-1,br,ipv6_route_count,"protocol=""bgp""",7
2026-07-28 17:42:00,ccf-aiops-北大,br-1,br,ipv6_route_count,"protocol=""kernel""",8
2026-07-28 17:42:00,ccf-aiops-北大,br-1,br,ipv6_route_count,"protocol=""ospf""",2
2026-07-28 17:42:00,ccf-aiops-北大,br-1,br,ipv6_route_count,"protocol=""unknown""",3
2026-07-28 17:42:00,ccf-aiops-北大,br-1,br,ipv6_route_exists,"prefix=""fd00:5:40::/64""",1
2026-07-28 17:42:00,ccf-aiops-北大,br-1,br,ipv6_route_exists,"prefix=""::/0""",1
2026-07-28 17:42:00,ccf-aiops-北大,br-1,br,ipv6_route_exists,"prefix=""fd00:1:40::/64""",1
2026-07-28 17:42:00,ccf-aiops-北大,br-1,br,ipv6_route_exists,"prefix=""fd00:2:40::/64""",1
2026-07-28 17:42:00,ccf-aiops-北大,br-1,br,ipv6_route_exists,"prefix=""fd00:3:40::/64""",1
2026-07-28 17:42:00,ccf-aiops-北大,br-1,br,ipv6_route_exists,"prefix=""fd00:4:40::/64""",1
2026-07-28 17:42:00,ccf-aiops-北大,br-1,br,ipv6_route_exists,"prefix=""fd00:6:40::/64""",1
2026-07-28 17:42:00,ccf-aiops-北大,br-1,br,ipv6_route_exists,"prefix=""fd00:7:40::/64""",1
2026-07-28 17:42:00,ccf-aiops-北大,br-1,br,ipv6_route_exists,"prefix=""fd00:8:40::/64""",1
2026-07-28 17:42:00,ccf-aiops-北大,br-1,br,ipv6_route_nexthop_info,"prefix=""::/0"",next_hop=""240a:a023::1"",dev=""ens4"",protocol=""unknown"",metric=""1024"",route_index=""0"",nh_index=""0""",1
2026-07-28 17:42:00,ccf-aiops-北大,br-1,br,ipv6_route_nexthop_info,"prefix=""fd00:1:40::/64"",next_hop=""fe80::11:4"",dev=""ens5"",protocol=""ospf"",metric=""20"",route_index=""0"",nh_index=""0""",1
2026-07-28 17:42:00,ccf-aiops-北大,br-1,br,ipv6_route_nexthop_info,"prefix=""fd00:7:40::/64"",next_hop=""fe80::100:10:51"",dev=""ens4"",protocol=""bgp"",metric=""20"",route_index=""0"",nh_index=""0""",1
2026-07-28 17:42:00,ccf-aiops-北大,br-1,br,ipv6_route_nexthop_info,"prefix=""fd00:6:40::/64"",next_hop=""fe80::100:10:51"",dev=""ens4"",protocol=""bgp"",metric=""20"",route_index=""0"",nh_index=""0""",1
2026-07-28 17:42:00,ccf-aiops-北大,br-1,br,ipv6_route_nexthop_info,"prefix=""fd00:1:40::/64"",next_hop=""fe80::12:4"",dev=""ens5"",protocol=""ospf"",metric=""20"",route_index=""0"",nh_index=""1""",1
2026-07-28 17:42:00,ccf-aiops-北大,br-1,br,ipv6_route_nexthop_info,"prefix=""fd00:8:40::/64"",next_hop=""fe80::100:10:41"",dev=""ens4"",protocol=""bgp"",metric=""20"",route_index=""0"",nh_index=""0""",1
2026-07-28 17:42:00,ccf-aiops-北大,br-1,br,ipv6_route_nexthop_info,"prefix=""fd00:5:40::/64"",next_hop=""fe80::100:10:41"",dev=""ens4"",protocol=""bgp"",metric=""20"",route_index=""0"",nh_index=""0""",1
2026-07-28 17:42:00,ccf-aiops-北大,br-1,br,ipv6_route_nexthop_info,"prefix=""fd00:4:40::/64"",next_hop=""fe80::100:10:41"",dev=""ens4"",protocol=""bgp"",metric=""20"",route_index=""0"",nh_index=""0""",1
2026-07-28 17:42:00,ccf-aiops-北大,br-1,br,ipv6_route_nexthop_info,"prefix=""fd00:3:40::/64"",next_hop=""fe80::100:10:21"",dev=""ens4"",protocol=""bgp"",metric=""20"",route_index=""0"",nh_index=""0""",1
2026-07-28 17:42:00,ccf-aiops-北大,br-1,br,ipv6_route_nexthop_info,"prefix=""fd00:2:40::/64"",next_hop=""fe80::100:10:11"",dev=""ens4"",protocol=""bgp"",metric=""20"",route_index=""0"",nh_index=""0""",1
2026-07-28 17:42:00,ccf-aiops-北大,br-1,br,ospf6_interface_cost,"interface=""ens5""",1
2026-07-28 17:42:00,ccf-aiops-北大,br-1,br,ospf6_interface_enabled,"interface=""ens3""",1
2026-07-28 17:42:00,ccf-aiops-北大,br-1,br,ospf6_interface_enabled,"interface=""virbr0""",0
2026-07-28 17:42:00,ccf-aiops-北大,br-1,br,ospf6_interface_enabled,"interface=""lo""",1
2026-07-28 17:42:00,ccf-aiops-北大,br-1,br,ospf6_interface_enabled,"interface=""ens9""",1
2026-07-28 17:42:00,ccf-aiops-北大,br-1,br,ospf6_interface_enabled,"interface=""ens8""",1
2026-07-28 17:42:00,ccf-aiops-北大,br-1,br,ospf6_interface_enabled,"interface=""ens7""",1
2026-07-28 17:42:00,ccf-aiops-北大,br-1,br,ospf6_interface_enabled,"interface=""ens6""",1
2026-07-28 17:42:00,ccf-aiops-北大,br-1,br,ospf6_interface_enabled,"interface=""ens5""",1
2026-07-28 17:42:00,ccf-aiops-北大,br-1,br,ospf6_interface_enabled,"interface=""ens4""",1
2026-07-28 17:42:00,ccf-aiops-北大,br-1,br,ospf6_interface_enabled,"interface=""ens12""",1
2026-07-28 17:42:00,ccf-aiops-北大,br-1,br,ospf6_interface_enabled,"interface=""ens11""",1
2026-07-28 17:42:00,ccf-aiops-北大,br-1,br,ospf6_interface_enabled,"interface=""ens10""",1
2026-07-28 17:42:00,ccf-aiops-北大,br-1,br,ospf6_neighbor_state_code,"state=""Full"",interface=""ens5"",neighbor_id=""1.1.1.11""",6
2026-07-28 17:42:00,ccf-aiops-北大,br-1,br,ospf6_neighbor_state_code,"state=""Full"",interface=""ens5"",neighbor_id=""1.1.1.12""",6
2026-07-28 17:42:00,ccf-aiops-北大,br-1,br,ospf6_neighbor_state_code,"state=""Twoway"",interface=""ens5"",neighbor_id=""1.1.1.2""",2
2026-07-28 17:42:00,ccf-aiops-北大,br-2,br,bgp_command_success,"command=""bgp_summary""",1
2026-07-28 17:42:00,ccf-aiops-北大,br-2,br,bgp_peer_count,,4
2026-07-28 17:42:00,ccf-aiops-北大,br-2,br,bgp_peer_prefix_received,"peer=""fd00:100:10::52"",remote_as=""65006"",state=""Established""",6
2026-07-28 17:42:00,ccf-aiops-北大,br-2,br,bgp_peer_prefix_received,"peer=""fd00:100:10::42"",remote_as=""65005"",state=""Established""",6
2026-07-28 17:42:00,ccf-aiops-北大,br-2,br,bgp_peer_prefix_received,"peer=""fd00:100:10::22"",remote_as=""65003"",state=""Established""",5
2026-07-28 17:42:00,ccf-aiops-北大,br-2,br,bgp_peer_prefix_received,"peer=""fd00:100:10::12"",remote_as=""65002"",state=""Established""",4
2026-07-28 17:42:00,ccf-aiops-北大,br-2,br,bgp_peer_prefix_sent,"peer=""fd00:100:10::22"",remote_as=""65003"",state=""Established""",8
2026-07-28 17:42:00,ccf-aiops-北大,br-2,br,bgp_peer_prefix_sent,"peer=""fd00:100:10::42"",remote_as=""65005"",state=""Established""",8
2026-07-28 17:42:00,ccf-aiops-北大,br-2,br,bgp_peer_prefix_sent,"peer=""fd00:100:10::12"",remote_as=""65002"",state=""Established""",8
2026-07-28 17:42:00,ccf-aiops-北大,br-2,br,bgp_peer_prefix_sent,"peer=""fd00:100:10::52"",remote_as=""65006"",state=""Established""",8
2026-07-28 17:42:00,ccf-aiops-北大,br-2,br,bgp_peer_up,"peer=""fd00:100:10::52"",remote_as=""65006"",state=""Established""",1
2026-07-28 17:42:00,ccf-aiops-北大,br-2,br,bgp_peer_up,"peer=""fd00:100:10::12"",remote_as=""65002"",state=""Established""",1
2026-07-28 17:42:00,ccf-aiops-北大,br-2,br,bgp_peer_up,"peer=""fd00:100:10::22"",remote_as=""65003"",state=""Established""",1
2026-07-28 17:42:00,ccf-aiops-北大,br-2,br,bgp_peer_up,"peer=""fd00:100:10::42"",remote_as=""65005"",state=""Established""",1
2026-07-28 17:42:00,ccf-aiops-北大,br-2,br,bgp_peer_uptime_seconds,"peer=""fd00:100:10::52"",remote_as=""65006"",state=""Established""",2431195
2026-07-28 17:42:00,ccf-aiops-北大,br-2,br,bgp_peer_uptime_seconds,"peer=""fd00:100:10::42"",remote_as=""65005"",state=""Established""",2431288
2026-07-28 17:42:00,ccf-aiops-北大,br-2,br,bgp_peer_uptime_seconds,"peer=""fd00:100:10::22"",remote_as=""65003"",state=""Established""",1361545
2026-07-28 17:42:00,ccf-aiops-北大,br-2,br,bgp_peer_uptime_seconds,"peer=""fd00:100:10::12"",remote_as=""65002"",state=""Established""",531580
2026-07-28 17:42:00,ccf-aiops-北大,br-2,br,ipv6_default_route_changed_total,,0
2026-07-28 17:42:00,ccf-aiops-北大,br-2,br,ipv6_default_route_info,"next_hop=""240a:a023::1"",dev=""ens4"",protocol=""unknown"",metric=""1024"",route_index=""0"",nh_index=""0""",1
2026-07-28 17:42:00,ccf-aiops-北大,br-2,br,ipv6_route_change_total,"prefix=""::/0""",0
2026-07-28 17:42:00,ccf-aiops-北大,br-2,br,ipv6_route_change_total,"prefix=""fd00:1:40::/64""",0
2026-07-28 17:42:00,ccf-aiops-北大,br-2,br,ipv6_route_change_total,"prefix=""fd00:3:40::/64""",0
2026-07-28 17:42:00,ccf-aiops-北大,br-2,br,ipv6_route_change_total,"prefix=""fd00:2:40::/64""",0
2026-07-28 17:42:00,ccf-aiops-北大,br-2,br,ipv6_route_change_total,"prefix=""fd00:4:40::/64""",0
2026-07-28 17:42:00,ccf-aiops-北大,br-2,br,ipv6_route_change_total,"prefix=""fd00:8:40::/64""",0
2026-07-28 17:42:00,ccf-aiops-北大,br-2,br,ipv6_route_change_total,"prefix=""fd00:5:40::/64""",0
2026-07-28 17:42:00,ccf-aiops-北大,br-2,br,ipv6_route_change_total,"prefix=""fd00:7:40::/64""",4
2026-07-28 17:42:00,ccf-aiops-北大,br-2,br,ipv6_route_change_total,"prefix=""fd00:6:40::/64""",0
2026-07-28 17:42:00,ccf-aiops-北大,br-2,br,ipv6_route_count,"protocol=""kernel""",7
2026-07-28 17:42:00,ccf-aiops-北大,br-2,br,ipv6_route_count,"protocol=""all""",19
2026-07-28 17:42:00,ccf-aiops-北大,br-2,br,ipv6_route_count,"protocol=""bgp""",7
2026-07-28 17:42:00,ccf-aiops-北大,br-2,br,ipv6_route_count,"protocol=""ospf""",2
2026-07-28 17:42:00,ccf-aiops-北大,br-2,br,ipv6_route_count,"protocol=""unknown""",3
2026-07-28 17:42:00,ccf-aiops-北大,br-2,br,ipv6_route_exists,"prefix=""fd00:5:40::/64""",1
2026-07-28 17:42:00,ccf-aiops-北大,br-2,br,ipv6_route_exists,"prefix=""fd00:4:40::/64""",1
2026-07-28 17:42:00,ccf-aiops-北大,br-2,br,ipv6_route_exists,"prefix=""fd00:6:40::/64""",1
2026-07-28 17:42:00,ccf-aiops-北大,br-2,br,ipv6_route_exists,"prefix=""fd00:7:40::/64""",1
2026-07-28 17:42:00,ccf-aiops-北大,br-2,br,ipv6_route_exists,"prefix=""fd00:8:40::/64""",1
2026-07-28 17:42:00,ccf-aiops-北大,br-2,br,ipv6_route_exists,"prefix=""::/0""",1
2026-07-28 17:42:00,ccf-aiops-北大,br-2,br,ipv6_route_exists,"prefix=""fd00:1:40::/64""",1
2026-07-28 17:42:00,ccf-aiops-北大,br-2,br,ipv6_route_exists,"prefix=""fd00:2:40::/64""",1
2026-07-28 17:42:00,ccf-aiops-北大,br-2,br,ipv6_route_exists,"prefix=""fd00:3:40::/64""",1
2026-07-28 17:42:00,ccf-aiops-北大,br-2,br,ipv6_route_nexthop_info,"prefix=""fd00:3:40::/64"",next_hop=""fe80::100:10:22"",dev=""ens4"",protocol=""bgp"",metric=""20"",route_index=""0"",nh_index=""0""",1
2026-07-28 17:42:00,ccf-aiops-北大,br-2,br,ipv6_route_nexthop_info,"prefix=""fd00:6:40::/64"",next_hop=""fe80::100:10:52"",dev=""ens4"",protocol=""bgp"",metric=""20"",route_index=""0"",nh_index=""0""",1
2026-07-28 17:42:00,ccf-aiops-北大,br-2,br,ipv6_route_nexthop_info,"prefix=""fd00:8:40::/64"",next_hop=""fe80::100:10:42"",dev=""ens4"",protocol=""bgp"",metric=""20"",route_index=""0"",nh_index=""0""",1
2026-07-28 17:42:00,ccf-aiops-北大,br-2,br,ipv6_route_nexthop_info,"prefix=""fd00:7:40::/64"",next_hop=""fe80::100:10:42"",dev=""ens4"",protocol=""bgp"",metric=""20"",route_index=""0"",nh_index=""0""",1
2026-07-28 17:42:00,ccf-aiops-北大,br-2,br,ipv6_route_nexthop_info,"prefix=""fd00:5:40::/64"",next_hop=""fe80::100:10:42"",dev=""ens4"",protocol=""bgp"",metric=""20"",route_index=""0"",nh_index=""0""",1
2026-07-28 17:42:00,ccf-aiops-北大,br-2,br,ipv6_route_nexthop_info,"prefix=""fd00:4:40::/64"",next_hop=""fe80::100:10:42"",dev=""ens4"",protocol=""bgp"",metric=""20"",route_index=""0"",nh_index=""0""",1
2026-07-28 17:42:00,ccf-aiops-北大,br-2,br,ipv6_route_nexthop_info,"prefix=""fd00:1:40::/64"",next_hop=""fe80::12:4"",dev=""ens5"",protocol=""ospf"",metric=""20"",route_index=""0"",nh_index=""1""",1
2026-07-28 17:42:00,ccf-aiops-北大,br-2,br,ipv6_route_nexthop_info,"prefix=""fd00:2:40::/64"",next_hop=""fe80::100:10:12"",dev=""ens4"",protocol=""bgp"",metric=""20"",route_index=""0"",nh_index=""0""",1
2026-07-28 17:42:00,ccf-aiops-北大,br-2,br,ipv6_route_nexthop_info,"prefix=""::/0"",next_hop=""240a:a023::1"",dev=""ens4"",protocol=""unknown"",metric=""1024"",route_index=""0"",nh_index=""0""",1
2026-07-28 17:42:00,ccf-aiops-北大,br-2,br,ipv6_route_nexthop_info,"prefix=""fd00:1:40::/64"",next_hop=""fe80::11:4"",dev=""ens5"",protocol=""ospf"",metric=""20"",route_index=""0"",nh_index=""0""",1
2026-07-28 17:42:00,ccf-aiops-北大,br-2,br,ospf6_interface_cost,"interface=""ens5""",1
2026-07-28 17:42:00,ccf-aiops-北大,br-2,br,ospf6_interface_enabled,"interface=""lo""",1
2026-07-28 17:42:00,ccf-aiops-北大,br-2,br,ospf6_interface_enabled,"interface=""virbr0""",0
2026-07-28 17:42:00,ccf-aiops-北大,br-2,br,ospf6_interface_enabled,"interface=""ens12""",1
2026-07-28 17:42:00,ccf-aiops-北大,br-2,br,ospf6_interface_enabled,"interface=""ens9""",1
2026-07-28 17:42:00,ccf-aiops-北大,br-2,br,ospf6_interface_enabled,"interface=""ens8""",1
2026-07-28 17:42:00,ccf-aiops-北大,br-2,br,ospf6_interface_enabled,"interface=""ens7""",1
2026-07-28 17:42:00,ccf-aiops-北大,br-2,br,ospf6_interface_enabled,"interface=""ens6""",1
2026-07-28 17:42:00,ccf-aiops-北大,br-2,br,ospf6_interface_enabled,"interface=""ens5""",1
2026-07-28 17:42:00,ccf-aiops-北大,br-2,br,ospf6_interface_enabled,"interface=""ens4""",1
2026-07-28 17:42:00,ccf-aiops-北大,br-2,br,ospf6_interface_enabled,"interface=""ens3""",1
2026-07-28 17:42:00,ccf-aiops-北大,br-2,br,ospf6_interface_enabled,"interface=""ens10""",1
2026-07-28 17:42:00,ccf-aiops-北大,br-2,br,ospf6_interface_enabled,"interface=""ens11""",1
2026-07-28 17:42:00,ccf-aiops-北大,br-2,br,ospf6_neighbor_state_code,"state=""Full"",interface=""ens5"",neighbor_id=""1.1.1.12""",6
2026-07-28 17:42:00,ccf-aiops-北大,br-2,br,ospf6_neighbor_state_code,"state=""Full"",interface=""ens5"",neighbor_id=""1.1.1.11""",6
2026-07-28 17:42:00,ccf-aiops-北大,br-2,br,ospf6_neighbor_state_code,"state=""Twoway"",interface=""ens5"",neighbor_id=""1.1.1.1""",2
2026-07-28 17:42:00,ccf-aiops-北大,cr-1,cr,ipv6_default_route_changed_total,,0
2026-07-28 17:42:00,ccf-aiops-北大,cr-1,cr,ipv6_default_route_info,"next_hop=""fd00:1:20::2"",dev=""ens4"",protocol=""196"",metric=""20"",route_index=""0"",nh_index=""1""",1
2026-07-28 17:42:00,ccf-aiops-北大,cr-1,cr,ipv6_default_route_info,"next_hop=""fd00:1:20::1"",dev=""ens4"",protocol=""196"",metric=""20"",route_index=""0"",nh_index=""0""",1
2026-07-28 17:42:00,ccf-aiops-北大,cr-1,cr,ipv6_route_change_total,"prefix=""fd00:1:40::/64""",0
2026-07-28 17:42:00,ccf-aiops-北大,cr-1,cr,ipv6_route_change_total,"prefix=""::/0""",0
2026-07-28 17:42:00,ccf-aiops-北大,cr-1,cr,ipv6_route_change_total,"prefix=""fd00:8:40::/64""",0
2026-07-28 17:42:00,ccf-aiops-北大,cr-1,cr,ipv6_route_change_total,"prefix=""fd00:7:40::/64""",0
2026-07-28 17:42:00,ccf-aiops-北大,cr-1,cr,ipv6_route_change_total,"prefix=""fd00:6:40::/64""",0
2026-07-28 17:42:00,ccf-aiops-北大,cr-1,cr,ipv6_route_change_total,"prefix=""fd00:5:40::/64""",0
2026-07-28 17:42:00,ccf-aiops-北大,cr-1,cr,ipv6_route_change_total,"prefix=""fd00:4:40::/64""",0
2026-07-28 17:42:00,ccf-aiops-北大,cr-1,cr,ipv6_route_change_total,"prefix=""fd00:3:40::/64""",0
2026-07-28 17:42:00,ccf-aiops-北大,cr-1,cr,ipv6_route_change_total,"prefix=""fd00:2:40::/64""",0
2026-07-28 17:42:00,ccf-aiops-北大,cr-1,cr,ipv6_route_count,"protocol=""196""",2
2026-07-28 17:42:00,ccf-aiops-北大,cr-1,cr,ipv6_route_count,"protocol=""ospf""",7
2026-07-28 17:42:00,ccf-aiops-北大,cr-1,cr,ipv6_route_count,"protocol=""kernel""",6
2026-07-28 17:42:00,ccf-aiops-北大,cr-1,cr,ipv6_route_count,"protocol=""all""",15
2026-07-28 17:42:00,ccf-aiops-北大,cr-1,cr,ipv6_route_exists,"prefix=""fd00:5:40::/64""",1
2026-07-28 17:42:00,ccf-aiops-北大,cr-1,cr,ipv6_route_exists,"prefix=""fd00:6:40::/64""",1
2026-07-28 17:42:00,ccf-aiops-北大,cr-1,cr,ipv6_route_exists,"prefix=""fd00:7:40::/64""",1
2026-07-28 17:42:00,ccf-aiops-北大,cr-1,cr,ipv6_route_exists,"prefix=""fd00:8:40::/64""",1
2026-07-28 17:42:00,ccf-aiops-北大,cr-1,cr,ipv6_route_exists,"prefix=""::/0""",1
2026-07-28 17:42:00,ccf-aiops-北大,cr-1,cr,ipv6_route_exists,"prefix=""fd00:1:40::/64""",1
2026-07-28 17:42:00,ccf-aiops-北大,cr-1,cr,ipv6_route_exists,"prefix=""fd00:2:40::/64""",1
2026-07-28 17:42:00,ccf-aiops-北大,cr-1,cr,ipv6_route_exists,"prefix=""fd00:3:40::/64""",1
2026-07-28 17:42:00,ccf-aiops-北大,cr-1,cr,ipv6_route_exists,"prefix=""fd00:4:40::/64""",1
2026-07-28 17:42:00,ccf-aiops-北大,cr-1,cr,ipv6_route_nexthop_info,"prefix=""fd00:1:40::/64"",next_hop=""fd00:1:30::254"",dev=""ens5"",protocol=""196"",metric=""20"",route_index=""0"",nh_index=""0""",1
2026-07-28 17:42:00,ccf-aiops-北大,cr-1,cr,ipv6_route_nexthop_info,"prefix=""fd00:5:40::/64"",next_hop=""fe80::2:5"",dev=""ens4"",protocol=""ospf"",metric=""20"",route_index=""0"",nh_index=""1""",1
2026-07-28 17:42:00,ccf-aiops-北大,cr-1,cr,ipv6_route_nexthop_info,"prefix=""fd00:8:40::/64"",next_hop=""fe80::2:5"",dev=""ens4"",protocol=""ospf"",metric=""20"",route_index=""0"",nh_index=""1""",1
2026-07-28 17:42:00,ccf-aiops-北大,cr-1,cr,ipv6_route_nexthop_info,"prefix=""fd00:6:40::/64"",next_hop=""fe80::2:5"",dev=""ens4"",protocol=""ospf"",metric=""20"",route_index=""0"",nh_index=""1""",1
2026-07-28 17:42:00,ccf-aiops-北大,cr-1,cr,ipv6_route_nexthop_info,"prefix=""::/0"",next_hop=""fd00:1:20::1"",dev=""ens4"",protocol=""196"",metric=""20"",route_index=""0"",nh_index=""0""",1
2026-07-28 17:42:00,ccf-aiops-北大,cr-1,cr,ipv6_route_nexthop_info,"prefix=""::/0"",next_hop=""fd00:1:20::2"",dev=""ens4"",protocol=""196"",metric=""20"",route_index=""0"",nh_index=""1""",1
2026-07-28 17:42:00,ccf-aiops-北大,cr-1,cr,ipv6_route_nexthop_info,"prefix=""fd00:2:40::/64"",next_hop=""fe80::1:5"",dev=""ens4"",protocol=""ospf"",metric=""20"",route_index=""0"",nh_index=""0""",1
2026-07-28 17:42:00,ccf-aiops-北大,cr-1,cr,ipv6_route_nexthop_info,"prefix=""fd00:3:40::/64"",next_hop=""fe80::1:5"",dev=""ens4"",protocol=""ospf"",metric=""20"",route_index=""0"",nh_index=""0""",1
2026-07-28 17:42:00,ccf-aiops-北大,cr-1,cr,ipv6_route_nexthop_info,"prefix=""fd00:4:40::/64"",next_hop=""fe80::1:5"",dev=""ens4"",protocol=""ospf"",metric=""20"",route_index=""0"",nh_index=""0""",1
2026-07-28 17:42:00,ccf-aiops-北大,cr-1,cr,ipv6_route_nexthop_info,"prefix=""fd00:5:40::/64"",next_hop=""fe80::1:5"",dev=""ens4"",protocol=""ospf"",metric=""20"",route_index=""0"",nh_index=""0""",1
2026-07-28 17:42:00,ccf-aiops-北大,cr-1,cr,ipv6_route_nexthop_info,"prefix=""fd00:6:40::/64"",next_hop=""fe80::1:5"",dev=""ens4"",protocol=""ospf"",metric=""20"",route_index=""0"",nh_index=""0""",1
2026-07-28 17:42:00,ccf-aiops-北大,cr-1,cr,ipv6_route_nexthop_info,"prefix=""fd00:7:40::/64"",next_hop=""fe80::1:5"",dev=""ens4"",protocol=""ospf"",metric=""20"",route_index=""0"",nh_index=""0""",1
2026-07-28 17:42:00,ccf-aiops-北大,cr-1,cr,ipv6_route_nexthop_info,"prefix=""fd00:8:40::/64"",next_hop=""fe80::1:5"",dev=""ens4"",protocol=""ospf"",metric=""20"",route_index=""0"",nh_index=""0""",1
2026-07-28 17:42:00,ccf-aiops-北大,cr-1,cr,ipv6_route_nexthop_info,"prefix=""fd00:2:40::/64"",next_hop=""fe80::2:5"",dev=""ens4"",protocol=""ospf"",metric=""20"",route_index=""0"",nh_index=""1""",1
2026-07-28 17:42:00,ccf-aiops-北大,cr-1,cr,ipv6_route_nexthop_info,"prefix=""fd00:3:40::/64"",next_hop=""fe80::2:5"",dev=""ens4"",protocol=""ospf"",metric=""20"",route_index=""0"",nh_index=""1""",1
2026-07-28 17:42:00,ccf-aiops-北大,cr-1,cr,ipv6_route_nexthop_info,"prefix=""fd00:4:40::/64"",next_hop=""fe80::2:5"",dev=""ens4"",protocol=""ospf"",metric=""20"",route_index=""0"",nh_index=""1""",1
2026-07-28 17:42:00,ccf-aiops-北大,cr-1,cr,ipv6_route_nexthop_info,"prefix=""fd00:7:40::/64"",next_hop=""fe80::2:5"",dev=""ens4"",protocol=""ospf"",metric=""20"",route_index=""0"",nh_index=""1""",1
2026-07-28 17:42:00,ccf-aiops-北大,cr-1,cr,ospf6_interface_cost,"interface=""ens5""",1
2026-07-28 17:42:00,ccf-aiops-北大,cr-1,cr,ospf6_interface_cost,"interface=""ens4""",1
2026-07-28 17:42:00,ccf-aiops-北大,cr-1,cr,ospf6_interface_enabled,"interface=""ens7""",1
2026-07-28 17:42:00,ccf-aiops-北大,cr-1,cr,ospf6_interface_enabled,"interface=""ens3""",1
2026-07-28 17:42:00,ccf-aiops-北大,cr-1,cr,ospf6_interface_enabled,"interface=""ens10""",1
2026-07-28 17:42:00,ccf-aiops-北大,cr-1,cr,ospf6_interface_enabled,"interface=""ens9""",1
2026-07-28 17:42:00,ccf-aiops-北大,cr-1,cr,ospf6_interface_enabled,"interface=""ens8""",1
2026-07-28 17:42:00,ccf-aiops-北大,cr-1,cr,ospf6_interface_enabled,"interface=""ens6""",1
2026-07-28 17:42:00,ccf-aiops-北大,cr-1,cr,ospf6_interface_enabled,"interface=""virbr0""",0
2026-07-28 17:42:00,ccf-aiops-北大,cr-1,cr,ospf6_interface_enabled,"interface=""ens5""",1
2026-07-28 17:42:00,ccf-aiops-北大,cr-1,cr,ospf6_interface_enabled,"interface=""ens4""",1
2026-07-28 17:42:00,ccf-aiops-北大,cr-1,cr,ospf6_interface_enabled,"interface=""lo""",1
2026-07-28 17:42:00,ccf-aiops-北大,cr-1,cr,ospf6_interface_enabled,"interface=""ens12""",1
2026-07-28 17:42:00,ccf-aiops-北大,cr-1,cr,ospf6_interface_enabled,"interface=""ens11""",1
2026-07-28 17:42:00,ccf-aiops-北大,cr-1,cr,ospf6_neighbor_state_code,"state=""Full"",interface=""ens4"",neighbor_id=""1.1.1.1""",6
2026-07-28 17:42:00,ccf-aiops-北大,cr-1,cr,ospf6_neighbor_state_code,"state=""Full"",interface=""ens4"",neighbor_id=""1.1.1.12""",6
2026-07-28 17:42:00,ccf-aiops-北大,cr-1,cr,ospf6_neighbor_state_code,"state=""Full"",interface=""ens4"",neighbor_id=""1.1.1.2""",6
2026-07-28 17:42:00,ccf-aiops-北大,cr-1,cr,ospf6_neighbor_state_code,"state=""Full"",interface=""ens5"",neighbor_id=""1.1.1.12""",6
2026-07-28 17:42:00,ccf-aiops-北大,cr-1,cr,bgp_command_success,,
2026-07-28 17:42:00,ccf-aiops-北大,cr-1,cr,bgp_peer_up,,
2026-07-28 17:42:00,ccf-aiops-北大,cr-1,cr,bgp_peer_uptime_seconds,,
2026-07-28 17:42:00,ccf-aiops-北大,cr-1,cr,bgp_peer_prefix_received,,
2026-07-28 17:42:00,ccf-aiops-北大,cr-1,cr,bgp_peer_prefix_sent,,
2026-07-28 17:42:00,ccf-aiops-北大,cr-1,cr,bgp_peer_count,,
2026-07-28 17:42:00,ccf-aiops-北大,cr-2,cr,ipv6_default_route_changed_total,,0
2026-07-28 17:42:00,ccf-aiops-北大,cr-2,cr,ipv6_default_route_info,"next_hop=""fd00:1:20::2"",dev=""ens4"",protocol=""196"",metric=""20"",route_index=""0"",nh_index=""1""",1
2026-07-28 17:42:00,ccf-aiops-北大,cr-2,cr,ipv6_default_route_info,"next_hop=""fd00:1:20::1"",dev=""ens4"",protocol=""196"",metric=""20"",route_index=""0"",nh_index=""0""",1
2026-07-28 17:42:00,ccf-aiops-北大,cr-2,cr,ipv6_route_change_total,"prefix=""fd00:8:40::/64""",0
2026-07-28 17:42:00,ccf-aiops-北大,cr-2,cr,ipv6_route_change_total,"prefix=""::/0""",0
2026-07-28 17:42:00,ccf-aiops-北大,cr-2,cr,ipv6_route_change_total,"prefix=""fd00:1:40::/64""",0
2026-07-28 17:42:00,ccf-aiops-北大,cr-2,cr,ipv6_route_change_total,"prefix=""fd00:2:40::/64""",0
2026-07-28 17:42:00,ccf-aiops-北大,cr-2,cr,ipv6_route_change_total,"prefix=""fd00:3:40::/64""",0
2026-07-28 17:42:00,ccf-aiops-北大,cr-2,cr,ipv6_route_change_total,"prefix=""fd00:4:40::/64""",0
2026-07-28 17:42:00,ccf-aiops-北大,cr-2,cr,ipv6_route_change_total,"prefix=""fd00:5:40::/64""",0
2026-07-28 17:42:00,ccf-aiops-北大,cr-2,cr,ipv6_route_change_total,"prefix=""fd00:6:40::/64""",0
2026-07-28 17:42:00,ccf-aiops-北大,cr-2,cr,ipv6_route_change_total,"prefix=""fd00:7:40::/64""",0
2026-07-28 17:42:00,ccf-aiops-北大,cr-2,cr,ipv6_route_count,"protocol=""196""",2
2026-07-28 17:42:00,ccf-aiops-北大,cr-2,cr,ipv6_route_count,"protocol=""all""",15
2026-07-28 17:42:00,ccf-aiops-北大,cr-2,cr,ipv6_route_count,"protocol=""kernel""",6
2026-07-28 17:42:00,ccf-aiops-北大,cr-2,cr,ipv6_route_count,"protocol=""ospf""",7
2026-07-28 17:42:00,ccf-aiops-北大,cr-2,cr,ipv6_route_exists,"prefix=""fd00:7:40::/64""",1
2026-07-28 17:42:00,ccf-aiops-北大,cr-2,cr,ipv6_route_exists,"prefix=""fd00:8:40::/64""",1
2026-07-28 17:42:00,ccf-aiops-北大,cr-2,cr,ipv6_route_exists,"prefix=""::/0""",1
2026-07-28 17:42:00,ccf-aiops-北大,cr-2,cr,ipv6_route_exists,"prefix=""fd00:1:40::/64""",1
2026-07-28 17:42:00,ccf-aiops-北大,cr-2,cr,ipv6_route_exists,"prefix=""fd00:2:40::/64""",1
2026-07-28 17:42:00,ccf-aiops-北大,cr-2,cr,ipv6_route_exists,"prefix=""fd00:3:40::/64""",1
2026-07-28 17:42:00,ccf-aiops-北大,cr-2,cr,ipv6_route_exists,"prefix=""fd00:4:40::/64""",1
2026-07-28 17:42:00,ccf-aiops-北大,cr-2,cr,ipv6_route_exists,"prefix=""fd00:5:40::/64""",1
2026-07-28 17:42:00,ccf-aiops-北大,cr-2,cr,ipv6_route_exists,"prefix=""fd00:6:40::/64""",1
2026-07-28 17:42:00,ccf-aiops-北大,cr-2,cr,ipv6_route_nexthop_info,"prefix=""fd00:6:40::/64"",next_hop=""fe80::1:5"",dev=""ens4"",protocol=""ospf"",metric=""20"",route_index=""0"",nh_index=""0""",1
2026-07-28 17:42:00,ccf-aiops-北大,cr-2,cr,ipv6_route_nexthop_info,"prefix=""::/0"",next_hop=""fd00:1:20::2"",dev=""ens4"",protocol=""196"",metric=""20"",route_index=""0"",nh_index=""1""",1
2026-07-28 17:42:00,ccf-aiops-北大,cr-2,cr,ipv6_route_nexthop_info,"prefix=""::/0"",next_hop=""fd00:1:20::1"",dev=""ens4"",protocol=""196"",metric=""20"",route_index=""0"",nh_index=""0""",1
2026-07-28 17:42:00,ccf-aiops-北大,cr-2,cr,ipv6_route_nexthop_info,"prefix=""fd00:3:40::/64"",next_hop=""fe80::1:5"",dev=""ens4"",protocol=""ospf"",metric=""20"",route_index=""0"",nh_index=""0""",1
2026-07-28 17:42:00,ccf-aiops-北大,cr-2,cr,ipv6_route_nexthop_info,"prefix=""fd00:4:40::/64"",next_hop=""fe80::1:5"",dev=""ens4"",protocol=""ospf"",metric=""20"",route_index=""0"",nh_index=""0""",1
2026-07-28 17:42:00,ccf-aiops-北大,cr-2,cr,ipv6_route_nexthop_info,"prefix=""fd00:5:40::/64"",next_hop=""fe80::1:5"",dev=""ens4"",protocol=""ospf"",metric=""20"",route_index=""0"",nh_index=""0""",1
2026-07-28 17:42:00,ccf-aiops-北大,cr-2,cr,ipv6_route_nexthop_info,"prefix=""fd00:7:40::/64"",next_hop=""fe80::1:5"",dev=""ens4"",protocol=""ospf"",metric=""20"",route_index=""0"",nh_index=""0""",1
2026-07-28 17:42:00,ccf-aiops-北大,cr-2,cr,ipv6_route_nexthop_info,"prefix=""fd00:8:40::/64"",next_hop=""fe80::1:5"",dev=""ens4"",protocol=""ospf"",metric=""20"",route_index=""0"",nh_index=""0""",1
2026-07-28 17:42:00,ccf-aiops-北大,cr-2,cr,ipv6_route_nexthop_info,"prefix=""fd00:2:40::/64"",next_hop=""fe80::2:5"",dev=""ens4"",protocol=""ospf"",metric=""20"",route_index=""0"",nh_index=""1""",1
2026-07-28 17:42:00,ccf-aiops-北大,cr-2,cr,ipv6_route_nexthop_info,"prefix=""fd00:3:40::/64"",next_hop=""fe80::2:5"",dev=""ens4"",protocol=""ospf"",metric=""20"",route_index=""0"",nh_index=""1""",1
2026-07-28 17:42:00,ccf-aiops-北大,cr-2,cr,ipv6_route_nexthop_info,"prefix=""fd00:4:40::/64"",next_hop=""fe80::2:5"",dev=""ens4"",protocol=""ospf"",metric=""20"",route_index=""0"",nh_index=""1""",1
2026-07-28 17:42:00,ccf-aiops-北大,cr-2,cr,ipv6_route_nexthop_info,"prefix=""fd00:5:40::/64"",next_hop=""fe80::2:5"",dev=""ens4"",protocol=""ospf"",metric=""20"",route_index=""0"",nh_index=""1""",1
2026-07-28 17:42:00,ccf-aiops-北大,cr-2,cr,ipv6_route_nexthop_info,"prefix=""fd00:6:40::/64"",next_hop=""fe80::2:5"",dev=""ens4"",protocol=""ospf"",metric=""20"",route_index=""0"",nh_index=""1""",1
2026-07-28 17:42:00,ccf-aiops-北大,cr-2,cr,ipv6_route_nexthop_info,"prefix=""fd00:7:40::/64"",next_hop=""fe80::2:5"",dev=""ens4"",protocol=""ospf"",metric=""20"",route_index=""0"",nh_index=""1""",1
2026-07-28 17:42:00,ccf-aiops-北大,cr-2,cr,ipv6_route_nexthop_info,"prefix=""fd00:8:40::/64"",next_hop=""fe80::2:5"",dev=""ens4"",protocol=""ospf"",metric=""20"",route_index=""0"",nh_index=""1""",1
2026-07-28 17:42:00,ccf-aiops-北大,cr-2,cr,ipv6_route_nexthop_info,"prefix=""fd00:1:40::/64"",next_hop=""fd00:1:30::254"",dev=""ens5"",protocol=""196"",metric=""20"",route_index=""0"",nh_index=""0""",1
2026-07-28 17:42:00,ccf-aiops-北大,cr-2,cr,ipv6_route_nexthop_info,"prefix=""fd00:2:40::/64"",next_hop=""fe80::1:5"",dev=""ens4"",protocol=""ospf"",metric=""20"",route_index=""0"",nh_index=""0""",1
2026-07-28 17:42:00,ccf-aiops-北大,cr-2,cr,ospf6_interface_cost,"interface=""ens5""",1
2026-07-28 17:42:00,ccf-aiops-北大,cr-2,cr,ospf6_interface_cost,"interface=""ens4""",1
2026-07-28 17:42:00,ccf-aiops-北大,cr-2,cr,ospf6_interface_enabled,"interface=""lo""",1
2026-07-28 17:42:00,ccf-aiops-北大,cr-2,cr,ospf6_interface_enabled,"interface=""ens9""",1
2026-07-28 17:42:00,ccf-aiops-北大,cr-2,cr,ospf6_interface_enabled,"interface=""ens8""",1
2026-07-28 17:42:00,ccf-aiops-北大,cr-2,cr,ospf6_interface_enabled,"interface=""ens7""",1
2026-07-28 17:42:00,ccf-aiops-北大,cr-2,cr,ospf6_interface_enabled,"interface=""ens6""",1
2026-07-28 17:42:00,ccf-aiops-北大,cr-2,cr,ospf6_interface_enabled,"interface=""ens5""",1
2026-07-28 17:42:00,ccf-aiops-北大,cr-2,cr,ospf6_interface_enabled,"interface=""ens4""",1
2026-07-28 17:42:00,ccf-aiops-北大,cr-2,cr,ospf6_interface_enabled,"interface=""ens3""",1
2026-07-28 17:42:00,ccf-aiops-北大,cr-2,cr,ospf6_interface_enabled,"interface=""ens12""",1
2026-07-28 17:42:00,ccf-aiops-北大,cr-2,cr,ospf6_interface_enabled,"interface=""ens11""",1
2026-07-28 17:42:00,ccf-aiops-北大,cr-2,cr,ospf6_interface_enabled,"interface=""ens10""",1
2026-07-28 17:42:00,ccf-aiops-北大,cr-2,cr,ospf6_interface_enabled,"interface=""virbr0""",0
2026-07-28 17:42:00,ccf-aiops-北大,cr-2,cr,ospf6_neighbor_state_code,"state=""Full"",interface=""ens4"",neighbor_id=""1.1.1.11""",6
2026-07-28 17:42:00,ccf-aiops-北大,cr-2,cr,ospf6_neighbor_state_code,"state=""Full"",interface=""ens5"",neighbor_id=""1.1.1.11""",6
2026-07-28 17:42:00,ccf-aiops-北大,cr-2,cr,ospf6_neighbor_state_code,"state=""Full"",interface=""ens4"",neighbor_id=""1.1.1.2""",6
2026-07-28 17:42:00,ccf-aiops-北大,cr-2,cr,ospf6_neighbor_state_code,"state=""Full"",interface=""ens4"",neighbor_id=""1.1.1.1""",6
2026-07-28 17:42:00,ccf-aiops-北大,cr-2,cr,bgp_command_success,,
2026-07-28 17:42:00,ccf-aiops-北大,cr-2,cr,bgp_peer_up,,
2026-07-28 17:42:00,ccf-aiops-北大,cr-2,cr,bgp_peer_uptime_seconds,,
2026-07-28 17:42:00,ccf-aiops-北大,cr-2,cr,bgp_peer_prefix_received,,
2026-07-28 17:42:00,ccf-aiops-北大,cr-2,cr,bgp_peer_prefix_sent,,
2026-07-28 17:42:00,ccf-aiops-北大,cr-2,cr,bgp_peer_count,,
2026-07-28 17:43:00,ccf-aiops-北大,br-1,br,bgp_command_success,"command=""bgp_summary""",1
2026-07-28 17:43:00,ccf-aiops-北大,br-1,br,bgp_peer_count,,4
2026-07-28 17:43:00,ccf-aiops-北大,br-1,br,bgp_peer_prefix_received,"peer=""fd00:100:10::11"",remote_as=""65002"",state=""Established""",4
2026-07-28 17:43:00,ccf-aiops-北大,br-1,br,bgp_peer_prefix_received,"peer=""fd00:100:10::21"",remote_as=""65003"",state=""Established""",6
2026-07-28 17:43:00,ccf-aiops-北大,br-1,br,bgp_peer_prefix_received,"peer=""fd00:100:10::41"",remote_as=""65005"",state=""Established""",6
2026-07-28 17:43:00,ccf-aiops-北大,br-1,br,bgp_peer_prefix_received,"peer=""fd00:100:10::51"",remote_as=""65006"",state=""Established""",7
2026-07-28 17:43:00,ccf-aiops-北大,br-1,br,bgp_peer_prefix_sent,"peer=""fd00:100:10::51"",remote_as=""65006"",state=""Established""",8
2026-07-28 17:43:00,ccf-aiops-北大,br-1,br,bgp_peer_prefix_sent,"peer=""fd00:100:10::41"",remote_as=""65005"",state=""Established""",8
2026-07-28 17:43:00,ccf-aiops-北大,br-1,br,bgp_peer_prefix_sent,"peer=""fd00:100:10::21"",remote_as=""65003"",state=""Established""",8
2026-07-28 17:43:00,ccf-aiops-北大,br-1,br,bgp_peer_prefix_sent,"peer=""fd00:100:10::11"",remote_as=""65002"",state=""Established""",8
2026-07-28 17:43:00,ccf-aiops-北大,br-1,br,bgp_peer_up,"peer=""fd00:100:10::51"",remote_as=""65006"",state=""Established""",1
2026-07-28 17:43:00,ccf-aiops-北大,br-1,br,bgp_peer_up,"peer=""fd00:100:10::41"",remote_as=""65005"",state=""Established""",1
2026-07-28 17:43:00,ccf-aiops-北大,br-1,br,bgp_peer_up,"peer=""fd00:100:10::21"",remote_as=""65003"",state=""Established""",1
2026-07-28 17:43:00,ccf-aiops-北大,br-1,br,bgp_peer_up,"peer=""fd00:100:10::11"",remote_as=""65002"",state=""Established""",1
2026-07-28 17:43:00,ccf-aiops-北大,br-1,br,bgp_peer_uptime_seconds,"peer=""fd00:100:10::11"",remote_as=""65002"",state=""Established""",531684
2026-07-28 17:43:00,ccf-aiops-北大,br-1,br,bgp_peer_uptime_seconds,"peer=""fd00:100:10::21"",remote_as=""65003"",state=""Established""",668282
2026-07-28 17:43:00,ccf-aiops-北大,br-1,br,bgp_peer_uptime_seconds,"peer=""fd00:100:10::51"",remote_as=""65006"",state=""Established""",2431251
2026-07-28 17:43:00,ccf-aiops-北大,br-1,br,bgp_peer_uptime_seconds,"peer=""fd00:100:10::41"",remote_as=""65005"",state=""Established""",2431339
2026-07-28 17:43:00,ccf-aiops-北大,br-1,br,ipv6_default_route_changed_total,,0
2026-07-28 17:43:00,ccf-aiops-北大,br-1,br,ipv6_default_route_info,"next_hop=""240a:a023::1"",dev=""ens4"",protocol=""unknown"",metric=""1024"",route_index=""0"",nh_index=""0""",1
2026-07-28 17:43:00,ccf-aiops-北大,br-1,br,ipv6_route_change_total,"prefix=""fd00:4:40::/64""",0
2026-07-28 17:43:00,ccf-aiops-北大,br-1,br,ipv6_route_change_total,"prefix=""fd00:3:40::/64""",0
2026-07-28 17:43:00,ccf-aiops-北大,br-1,br,ipv6_route_change_total,"prefix=""fd00:2:40::/64""",0
2026-07-28 17:43:00,ccf-aiops-北大,br-1,br,ipv6_route_change_total,"prefix=""fd00:1:40::/64""",0
2026-07-28 17:43:00,ccf-aiops-北大,br-1,br,ipv6_route_change_total,"prefix=""::/0""",0
2026-07-28 17:43:00,ccf-aiops-北大,br-1,br,ipv6_route_change_total,"prefix=""fd00:8:40::/64""",0
2026-07-28 17:43:00,ccf-aiops-北大,br-1,br,ipv6_route_change_total,"prefix=""fd00:5:40::/64""",0
2026-07-28 17:43:00,ccf-aiops-北大,br-1,br,ipv6_route_change_total,"prefix=""fd00:7:40::/64""",6
2026-07-28 17:43:00,ccf-aiops-北大,br-1,br,ipv6_route_change_total,"prefix=""fd00:6:40::/64""",0
2026-07-28 17:43:00,ccf-aiops-北大,br-1,br,ipv6_route_count,"protocol=""kernel""",8
2026-07-28 17:43:00,ccf-aiops-北大,br-1,br,ipv6_route_count,"protocol=""ospf""",2
2026-07-28 17:43:00,ccf-aiops-北大,br-1,br,ipv6_route_count,"protocol=""unknown""",3
2026-07-28 17:43:00,ccf-aiops-北大,br-1,br,ipv6_route_count,"protocol=""bgp""",7
2026-07-28 17:43:00,ccf-aiops-北大,br-1,br,ipv6_route_count,"protocol=""all""",20
2026-07-28 17:43:00,ccf-aiops-北大,br-1,br,ipv6_route_exists,"prefix=""fd00:8:40::/64""",1
2026-07-28 17:43:00,ccf-aiops-北大,br-1,br,ipv6_route_exists,"prefix=""::/0""",1
2026-07-28 17:43:00,ccf-aiops-北大,br-1,br,ipv6_route_exists,"prefix=""fd00:7:40::/64""",1
2026-07-28 17:43:00,ccf-aiops-北大,br-1,br,ipv6_route_exists,"prefix=""fd00:6:40::/64""",1
2026-07-28 17:43:00,ccf-aiops-北大,br-1,br,ipv6_route_exists,"prefix=""fd00:5:40::/64""",1
2026-07-28 17:43:00,ccf-aiops-北大,br-1,br,ipv6_route_exists,"prefix=""fd00:4:40::/64""",1
2026-07-28 17:43:00,ccf-aiops-北大,br-1,br,ipv6_route_exists,"prefix=""fd00:3:40::/64""",1
2026-07-28 17:43:00,ccf-aiops-北大,br-1,br,ipv6_route_exists,"prefix=""fd00:2:40::/64""",1
2026-07-28 17:43:00,ccf-aiops-北大,br-1,br,ipv6_route_exists,"prefix=""fd00:1:40::/64""",1
2026-07-28 17:43:00,ccf-aiops-北大,br-1,br,ipv6_route_nexthop_info,"prefix=""fd00:4:40::/64"",next_hop=""fe80::100:10:41"",dev=""ens4"",protocol=""bgp"",metric=""20"",route_index=""0"",nh_index=""0""",1
2026-07-28 17:43:00,ccf-aiops-北大,br-1,br,ipv6_route_nexthop_info,"prefix=""fd00:1:40::/64"",next_hop=""fe80::12:4"",dev=""ens5"",protocol=""ospf"",metric=""20"",route_index=""0"",nh_index=""1""",1
2026-07-28 17:43:00,ccf-aiops-北大,br-1,br,ipv6_route_nexthop_info,"prefix=""fd00:1:40::/64"",next_hop=""fe80::11:4"",dev=""ens5"",protocol=""ospf"",metric=""20"",route_index=""0"",nh_index=""0""",1
2026-07-28 17:43:00,ccf-aiops-北大,br-1,br,ipv6_route_nexthop_info,"prefix=""::/0"",next_hop=""240a:a023::1"",dev=""ens4"",protocol=""unknown"",metric=""1024"",route_index=""0"",nh_index=""0""",1
2026-07-28 17:43:00,ccf-aiops-北大,br-1,br,ipv6_route_nexthop_info,"prefix=""fd00:2:40::/64"",next_hop=""fe80::100:10:11"",dev=""ens4"",protocol=""bgp"",metric=""20"",route_index=""0"",nh_index=""0""",1
2026-07-28 17:43:00,ccf-aiops-北大,br-1,br,ipv6_route_nexthop_info,"prefix=""fd00:3:40::/64"",next_hop=""fe80::100:10:21"",dev=""ens4"",protocol=""bgp"",metric=""20"",route_index=""0"",nh_index=""0""",1
2026-07-28 17:43:00,ccf-aiops-北大,br-1,br,ipv6_route_nexthop_info,"prefix=""fd00:5:40::/64"",next_hop=""fe80::100:10:41"",dev=""ens4"",protocol=""bgp"",metric=""20"",route_index=""0"",nh_index=""0""",1
2026-07-28 17:43:00,ccf-aiops-北大,br-1,br,ipv6_route_nexthop_info,"prefix=""fd00:8:40::/64"",next_hop=""fe80::100:10:41"",dev=""ens4"",protocol=""bgp"",metric=""20"",route_index=""0"",nh_index=""0""",1
2026-07-28 17:43:00,ccf-aiops-北大,br-1,br,ipv6_route_nexthop_info,"prefix=""fd00:6:40::/64"",next_hop=""fe80::100:10:51"",dev=""ens4"",protocol=""bgp"",metric=""20"",route_index=""0"",nh_index=""0""",1
2026-07-28 17:43:00,ccf-aiops-北大,br-1,br,ipv6_route_nexthop_info,"prefix=""fd00:7:40::/64"",next_hop=""fe80::100:10:51"",dev=""ens4"",protocol=""bgp"",metric=""20"",route_index=""0"",nh_index=""0""",1
2026-07-28 17:43:00,ccf-aiops-北大,br-1,br,ospf6_interface_cost,"interface=""ens5""",1
2026-07-28 17:43:00,ccf-aiops-北大,br-1,br,ospf6_interface_enabled,"interface=""ens11""",1
2026-07-28 17:43:00,ccf-aiops-北大,br-1,br,ospf6_interface_enabled,"interface=""ens10""",1
2026-07-28 17:43:00,ccf-aiops-北大,br-1,br,ospf6_interface_enabled,"interface=""ens7""",1
2026-07-28 17:43:00,ccf-aiops-北大,br-1,br,ospf6_interface_enabled,"interface=""ens12""",1
2026-07-28 17:43:00,ccf-aiops-北大,br-1,br,ospf6_interface_enabled,"interface=""ens3""",1
2026-07-28 17:43:00,ccf-aiops-北大,br-1,br,ospf6_interface_enabled,"interface=""ens4""",1
2026-07-28 17:43:00,ccf-aiops-北大,br-1,br,ospf6_interface_enabled,"interface=""ens5""",1
2026-07-28 17:43:00,ccf-aiops-北大,br-1,br,ospf6_interface_enabled,"interface=""ens6""",1
2026-07-28 17:43:00,ccf-aiops-北大,br-1,br,ospf6_interface_enabled,"interface=""virbr0""",0
2026-07-28 17:43:00,ccf-aiops-北大,br-1,br,ospf6_interface_enabled,"interface=""lo""",1
2026-07-28 17:43:00,ccf-aiops-北大,br-1,br,ospf6_interface_enabled,"interface=""ens9""",1
2026-07-28 17:43:00,ccf-aiops-北大,br-1,br,ospf6_interface_enabled,"interface=""ens8""",1
2026-07-28 17:43:00,ccf-aiops-北大,br-1,br,ospf6_neighbor_state_code,"state=""Full"",interface=""ens5"",neighbor_id=""1.1.1.11""",6
2026-07-28 17:43:00,ccf-aiops-北大,br-1,br,ospf6_neighbor_state_code,"state=""Full"",interface=""ens5"",neighbor_id=""1.1.1.12""",6
2026-07-28 17:43:00,ccf-aiops-北大,br-1,br,ospf6_neighbor_state_code,"state=""Twoway"",interface=""ens5"",neighbor_id=""1.1.1.2""",2
2026-07-28 17:43:00,ccf-aiops-北大,br-2,br,bgp_command_success,"command=""bgp_summary""",1
2026-07-28 17:43:00,ccf-aiops-北大,br-2,br,bgp_peer_count,,4
2026-07-28 17:43:00,ccf-aiops-北大,br-2,br,bgp_peer_prefix_received,"peer=""fd00:100:10::52"",remote_as=""65006"",state=""Established""",6
2026-07-28 17:43:00,ccf-aiops-北大,br-2,br,bgp_peer_prefix_received,"peer=""fd00:100:10::42"",remote_as=""65005"",state=""Established""",6
2026-07-28 17:43:00,ccf-aiops-北大,br-2,br,bgp_peer_prefix_received,"peer=""fd00:100:10::12"",remote_as=""65002"",state=""Established""",4
2026-07-28 17:43:00,ccf-aiops-北大,br-2,br,bgp_peer_prefix_received,"peer=""fd00:100:10::22"",remote_as=""65003"",state=""Established""",5
2026-07-28 17:43:00,ccf-aiops-北大,br-2,br,bgp_peer_prefix_sent,"peer=""fd00:100:10::22"",remote_as=""65003"",state=""Established""",8
2026-07-28 17:43:00,ccf-aiops-北大,br-2,br,bgp_peer_prefix_sent,"peer=""fd00:100:10::42"",remote_as=""65005"",state=""Established""",8
2026-07-28 17:43:00,ccf-aiops-北大,br-2,br,bgp_peer_prefix_sent,"peer=""fd00:100:10::52"",remote_as=""65006"",state=""Established""",8
2026-07-28 17:43:00,ccf-aiops-北大,br-2,br,bgp_peer_prefix_sent,"peer=""fd00:100:10::12"",remote_as=""65002"",state=""Established""",8
2026-07-28 17:43:00,ccf-aiops-北大,br-2,br,bgp_peer_up,"peer=""fd00:100:10::42"",remote_as=""65005"",state=""Established""",1
2026-07-28 17:43:00,ccf-aiops-北大,br-2,br,bgp_peer_up,"peer=""fd00:100:10::52"",remote_as=""65006"",state=""Established""",1
2026-07-28 17:43:00,ccf-aiops-北大,br-2,br,bgp_peer_up,"peer=""fd00:100:10::22"",remote_as=""65003"",state=""Established""",1
2026-07-28 17:43:00,ccf-aiops-北大,br-2,br,bgp_peer_up,"peer=""fd00:100:10::12"",remote_as=""65002"",state=""Established""",1
2026-07-28 17:43:00,ccf-aiops-北大,br-2,br,bgp_peer_uptime_seconds,"peer=""fd00:100:10::12"",remote_as=""65002"",state=""Established""",531642
2026-07-28 17:43:00,ccf-aiops-北大,br-2,br,bgp_peer_uptime_seconds,"peer=""fd00:100:10::22"",remote_as=""65003"",state=""Established""",1361607
2026-07-28 17:43:00,ccf-aiops-北大,br-2,br,bgp_peer_uptime_seconds,"peer=""fd00:100:10::42"",remote_as=""65005"",state=""Established""",2431350
2026-07-28 17:43:00,ccf-aiops-北大,br-2,br,bgp_peer_uptime_seconds,"peer=""fd00:100:10::52"",remote_as=""65006"",state=""Established""",2431257
2026-07-28 17:43:00,ccf-aiops-北大,br-2,br,ipv6_default_route_changed_total,,0
2026-07-28 17:43:00,ccf-aiops-北大,br-2,br,ipv6_default_route_info,"next_hop=""240a:a023::1"",dev=""ens4"",protocol=""unknown"",metric=""1024"",route_index=""0"",nh_index=""0""",1
2026-07-28 17:43:00,ccf-aiops-北大,br-2,br,ipv6_route_change_total,"prefix=""fd00:8:40::/64""",0
2026-07-28 17:43:00,ccf-aiops-北大,br-2,br,ipv6_route_change_total,"prefix=""fd00:7:40::/64""",4
2026-07-28 17:43:00,ccf-aiops-北大,br-2,br,ipv6_route_change_total,"prefix=""fd00:6:40::/64""",0
2026-07-28 17:43:00,ccf-aiops-北大,br-2,br,ipv6_route_change_total,"prefix=""fd00:5:40::/64""",0
2026-07-28 17:43:00,ccf-aiops-北大,br-2,br,ipv6_route_change_total,"prefix=""fd00:4:40::/64""",0
2026-07-28 17:43:00,ccf-aiops-北大,br-2,br,ipv6_route_change_total,"prefix=""fd00:3:40::/64""",0
2026-07-28 17:43:00,ccf-aiops-北大,br-2,br,ipv6_route_change_total,"prefix=""fd00:2:40::/64""",0
2026-07-28 17:43:00,ccf-aiops-北大,br-2,br,ipv6_route_change_total,"prefix=""fd00:1:40::/64""",0
2026-07-28 17:43:00,ccf-aiops-北大,br-2,br,ipv6_route_change_total,"prefix=""::/0""",0
2026-07-28 17:43:00,ccf-aiops-北大,br-2,br,ipv6_route_count,"protocol=""unknown""",3
2026-07-28 17:43:00,ccf-aiops-北大,br-2,br,ipv6_route_count,"protocol=""ospf""",2
2026-07-28 17:43:00,ccf-aiops-北大,br-2,br,ipv6_route_count,"protocol=""all""",19
2026-07-28 17:43:00,ccf-aiops-北大,br-2,br,ipv6_route_count,"protocol=""bgp""",7
2026-07-28 17:43:00,ccf-aiops-北大,br-2,br,ipv6_route_count,"protocol=""kernel""",7
2026-07-28 17:43:00,ccf-aiops-北大,br-2,br,ipv6_route_exists,"prefix=""fd00:6:40::/64""",1
2026-07-28 17:43:00,ccf-aiops-北大,br-2,br,ipv6_route_exists,"prefix=""fd00:5:40::/64""",1
2026-07-28 17:43:00,ccf-aiops-北大,br-2,br,ipv6_route_exists,"prefix=""fd00:4:40::/64""",1
2026-07-28 17:43:00,ccf-aiops-北大,br-2,br,ipv6_route_exists,"prefix=""fd00:3:40::/64""",1
2026-07-28 17:43:00,ccf-aiops-北大,br-2,br,ipv6_route_exists,"prefix=""fd00:2:40::/64""",1
2026-07-28 17:43:00,ccf-aiops-北大,br-2,br,ipv6_route_exists,"prefix=""fd00:1:40::/64""",1
2026-07-28 17:43:00,ccf-aiops-北大,br-2,br,ipv6_route_exists,"prefix=""::/0""",1
2026-07-28 17:43:00,ccf-aiops-北大,br-2,br,ipv6_route_exists,"prefix=""fd00:7:40::/64""",1
2026-07-28 17:43:00,ccf-aiops-北大,br-2,br,ipv6_route_exists,"prefix=""fd00:8:40::/64""",1
2026-07-28 17:43:00,ccf-aiops-北大,br-2,br,ipv6_route_nexthop_info,"prefix=""fd00:7:40::/64"",next_hop=""fe80::100:10:42"",dev=""ens4"",protocol=""bgp"",metric=""20"",route_index=""0"",nh_index=""0""",1
2026-07-28 17:43:00,ccf-aiops-北大,br-2,br,ipv6_route_nexthop_info,"prefix=""::/0"",next_hop=""240a:a023::1"",dev=""ens4"",protocol=""unknown"",metric=""1024"",route_index=""0"",nh_index=""0""",1
2026-07-28 17:43:00,ccf-aiops-北大,br-2,br,ipv6_route_nexthop_info,"prefix=""fd00:2:40::/64"",next_hop=""fe80::100:10:12"",dev=""ens4"",protocol=""bgp"",metric=""20"",route_index=""0"",nh_index=""0""",1
2026-07-28 17:43:00,ccf-aiops-北大,br-2,br,ipv6_route_nexthop_info,"prefix=""fd00:8:40::/64"",next_hop=""fe80::100:10:42"",dev=""ens4"",protocol=""bgp"",metric=""20"",route_index=""0"",nh_index=""0""",1
2026-07-28 17:43:00,ccf-aiops-北大,br-2,br,ipv6_route_nexthop_info,"prefix=""fd00:6:40::/64"",next_hop=""fe80::100:10:52"",dev=""ens4"",protocol=""bgp"",metric=""20"",route_index=""0"",nh_index=""0""",1
2026-07-28 17:43:00,ccf-aiops-北大,br-2,br,ipv6_route_nexthop_info,"prefix=""fd00:5:40::/64"",next_hop=""fe80::100:10:42"",dev=""ens4"",protocol=""bgp"",metric=""20"",route_index=""0"",nh_index=""0""",1
2026-07-28 17:43:00,ccf-aiops-北大,br-2,br,ipv6_route_nexthop_info,"prefix=""fd00:4:40::/64"",next_hop=""fe80::100:10:42"",dev=""ens4"",protocol=""bgp"",metric=""20"",route_index=""0"",nh_index=""0""",1
2026-07-28 17:43:00,ccf-aiops-北大,br-2,br,ipv6_route_nexthop_info,"prefix=""fd00:1:40::/64"",next_hop=""fe80::11:4"",dev=""ens5"",protocol=""ospf"",metric=""20"",route_index=""0"",nh_index=""0""",1
2026-07-28 17:43:00,ccf-aiops-北大,br-2,br,ipv6_route_nexthop_info,"prefix=""fd00:1:40::/64"",next_hop=""fe80::12:4"",dev=""ens5"",protocol=""ospf"",metric=""20"",route_index=""0"",nh_index=""1""",1
2026-07-28 17:43:00,ccf-aiops-北大,br-2,br,ipv6_route_nexthop_info,"prefix=""fd00:3:40::/64"",next_hop=""fe80::100:10:22"",dev=""ens4"",protocol=""bgp"",metric=""20"",route_index=""0"",nh_index=""0""",1
2026-07-28 17:43:00,ccf-aiops-北大,br-2,br,ospf6_interface_cost,"interface=""ens5""",1
2026-07-28 17:43:00,ccf-aiops-北大,br-2,br,ospf6_interface_enabled,"interface=""ens11""",1
2026-07-28 17:43:00,ccf-aiops-北大,br-2,br,ospf6_interface_enabled,"interface=""virbr0""",0
2026-07-28 17:43:00,ccf-aiops-北大,br-2,br,ospf6_interface_enabled,"interface=""lo""",1
2026-07-28 17:43:00,ccf-aiops-北大,br-2,br,ospf6_interface_enabled,"interface=""ens9""",1
2026-07-28 17:43:00,ccf-aiops-北大,br-2,br,ospf6_interface_enabled,"interface=""ens8""",1
2026-07-28 17:43:00,ccf-aiops-北大,br-2,br,ospf6_interface_enabled,"interface=""ens7""",1
2026-07-28 17:43:00,ccf-aiops-北大,br-2,br,ospf6_interface_enabled,"interface=""ens6""",1
2026-07-28 17:43:00,ccf-aiops-北大,br-2,br,ospf6_interface_enabled,"interface=""ens5""",1
2026-07-28 17:43:00,ccf-aiops-北大,br-2,br,ospf6_interface_enabled,"interface=""ens10""",1
2026-07-28 17:43:00,ccf-aiops-北大,br-2,br,ospf6_interface_enabled,"interface=""ens4""",1
2026-07-28 17:43:00,ccf-aiops-北大,br-2,br,ospf6_interface_enabled,"interface=""ens3""",1
2026-07-28 17:43:00,ccf-aiops-北大,br-2,br,ospf6_interface_enabled,"interface=""ens12""",1
2026-07-28 17:43:00,ccf-aiops-北大,br-2,br,ospf6_neighbor_state_code,"state=""Full"",interface=""ens5"",neighbor_id=""1.1.1.12""",6
2026-07-28 17:43:00,ccf-aiops-北大,br-2,br,ospf6_neighbor_state_code,"state=""Full"",interface=""ens5"",neighbor_id=""1.1.1.11""",6
2026-07-28 17:43:00,ccf-aiops-北大,br-2,br,ospf6_neighbor_state_code,"state=""Twoway"",interface=""ens5"",neighbor_id=""1.1.1.1""",2
2026-07-28 17:43:00,ccf-aiops-北大,cr-1,cr,ipv6_default_route_changed_total,,0
2026-07-28 17:43:00,ccf-aiops-北大,cr-1,cr,ipv6_default_route_info,"next_hop=""fd00:1:20::2"",dev=""ens4"",protocol=""196"",metric=""20"",route_index=""0"",nh_index=""1""",1
2026-07-28 17:43:00,ccf-aiops-北大,cr-1,cr,ipv6_default_route_info,"next_hop=""fd00:1:20::1"",dev=""ens4"",protocol=""196"",metric=""20"",route_index=""0"",nh_index=""0""",1
2026-07-28 17:43:00,ccf-aiops-北大,cr-1,cr,ipv6_route_change_total,"prefix=""fd00:5:40::/64""",0
2026-07-28 17:43:00,ccf-aiops-北大,cr-1,cr,ipv6_route_change_total,"prefix=""fd00:4:40::/64""",0
2026-07-28 17:43:00,ccf-aiops-北大,cr-1,cr,ipv6_route_change_total,"prefix=""fd00:3:40::/64""",0
2026-07-28 17:43:00,ccf-aiops-北大,cr-1,cr,ipv6_route_change_total,"prefix=""fd00:2:40::/64""",0
2026-07-28 17:43:00,ccf-aiops-北大,cr-1,cr,ipv6_route_change_total,"prefix=""fd00:1:40::/64""",0
2026-07-28 17:43:00,ccf-aiops-北大,cr-1,cr,ipv6_route_change_total,"prefix=""::/0""",0
2026-07-28 17:43:00,ccf-aiops-北大,cr-1,cr,ipv6_route_change_total,"prefix=""fd00:6:40::/64""",0
2026-07-28 17:43:00,ccf-aiops-北大,cr-1,cr,ipv6_route_change_total,"prefix=""fd00:7:40::/64""",0
2026-07-28 17:43:00,ccf-aiops-北大,cr-1,cr,ipv6_route_change_total,"prefix=""fd00:8:40::/64""",0
2026-07-28 17:43:00,ccf-aiops-北大,cr-1,cr,ipv6_route_count,"protocol=""all""",15
2026-07-28 17:43:00,ccf-aiops-北大,cr-1,cr,ipv6_route_count,"protocol=""ospf""",7
2026-07-28 17:43:00,ccf-aiops-北大,cr-1,cr,ipv6_route_count,"protocol=""kernel""",6
2026-07-28 17:43:00,ccf-aiops-北大,cr-1,cr,ipv6_route_count,"protocol=""196""",2
2026-07-28 17:43:00,ccf-aiops-北大,cr-1,cr,ipv6_route_exists,"prefix=""::/0""",1
2026-07-28 17:43:00,ccf-aiops-北大,cr-1,cr,ipv6_route_exists,"prefix=""fd00:1:40::/64""",1
2026-07-28 17:43:00,ccf-aiops-北大,cr-1,cr,ipv6_route_exists,"prefix=""fd00:2:40::/64""",1
2026-07-28 17:43:00,ccf-aiops-北大,cr-1,cr,ipv6_route_exists,"prefix=""fd00:3:40::/64""",1
2026-07-28 17:43:00,ccf-aiops-北大,cr-1,cr,ipv6_route_exists,"prefix=""fd00:4:40::/64""",1
2026-07-28 17:43:00,ccf-aiops-北大,cr-1,cr,ipv6_route_exists,"prefix=""fd00:5:40::/64""",1
2026-07-28 17:43:00,ccf-aiops-北大,cr-1,cr,ipv6_route_exists,"prefix=""fd00:6:40::/64""",1
2026-07-28 17:43:00,ccf-aiops-北大,cr-1,cr,ipv6_route_exists,"prefix=""fd00:7:40::/64""",1
2026-07-28 17:43:00,ccf-aiops-北大,cr-1,cr,ipv6_route_exists,"prefix=""fd00:8:40::/64""",1
2026-07-28 17:43:00,ccf-aiops-北大,cr-1,cr,ipv6_route_nexthop_info,"prefix=""::/0"",next_hop=""fd00:1:20::1"",dev=""ens4"",protocol=""196"",metric=""20"",route_index=""0"",nh_index=""0""",1
2026-07-28 17:43:00,ccf-aiops-北大,cr-1,cr,ipv6_route_nexthop_info,"prefix=""fd00:1:40::/64"",next_hop=""fd00:1:30::254"",dev=""ens5"",protocol=""196"",metric=""20"",route_index=""0"",nh_index=""0""",1
2026-07-28 17:43:00,ccf-aiops-北大,cr-1,cr,ipv6_route_nexthop_info,"prefix=""fd00:8:40::/64"",next_hop=""fe80::2:5"",dev=""ens4"",protocol=""ospf"",metric=""20"",route_index=""0"",nh_index=""1""",1
2026-07-28 17:43:00,ccf-aiops-北大,cr-1,cr,ipv6_route_nexthop_info,"prefix=""fd00:6:40::/64"",next_hop=""fe80::2:5"",dev=""ens4"",protocol=""ospf"",metric=""20"",route_index=""0"",nh_index=""1""",1
2026-07-28 17:43:00,ccf-aiops-北大,cr-1,cr,ipv6_route_nexthop_info,"prefix=""::/0"",next_hop=""fd00:1:20::2"",dev=""ens4"",protocol=""196"",metric=""20"",route_index=""0"",nh_index=""1""",1
2026-07-28 17:43:00,ccf-aiops-北大,cr-1,cr,ipv6_route_nexthop_info,"prefix=""fd00:2:40::/64"",next_hop=""fe80::1:5"",dev=""ens4"",protocol=""ospf"",metric=""20"",route_index=""0"",nh_index=""0""",1
2026-07-28 17:43:00,ccf-aiops-北大,cr-1,cr,ipv6_route_nexthop_info,"prefix=""fd00:3:40::/64"",next_hop=""fe80::1:5"",dev=""ens4"",protocol=""ospf"",metric=""20"",route_index=""0"",nh_index=""0""",1
2026-07-28 17:43:00,ccf-aiops-北大,cr-1,cr,ipv6_route_nexthop_info,"prefix=""fd00:4:40::/64"",next_hop=""fe80::1:5"",dev=""ens4"",protocol=""ospf"",metric=""20"",route_index=""0"",nh_index=""0""",1
2026-07-28 17:43:00,ccf-aiops-北大,cr-1,cr,ipv6_route_nexthop_info,"prefix=""fd00:5:40::/64"",next_hop=""fe80::1:5"",dev=""ens4"",protocol=""ospf"",metric=""20"",route_index=""0"",nh_index=""0""",1
2026-07-28 17:43:00,ccf-aiops-北大,cr-1,cr,ipv6_route_nexthop_info,"prefix=""fd00:6:40::/64"",next_hop=""fe80::1:5"",dev=""ens4"",protocol=""ospf"",metric=""20"",route_index=""0"",nh_index=""0""",1
2026-07-28 17:43:00,ccf-aiops-北大,cr-1,cr,ipv6_route_nexthop_info,"prefix=""fd00:7:40::/64"",next_hop=""fe80::1:5"",dev=""ens4"",protocol=""ospf"",metric=""20"",route_index=""0"",nh_index=""0""",1
2026-07-28 17:43:00,ccf-aiops-北大,cr-1,cr,ipv6_route_nexthop_info,"prefix=""fd00:8:40::/64"",next_hop=""fe80::1:5"",dev=""ens4"",protocol=""ospf"",metric=""20"",route_index=""0"",nh_index=""0""",1
2026-07-28 17:43:00,ccf-aiops-北大,cr-1,cr,ipv6_route_nexthop_info,"prefix=""fd00:2:40::/64"",next_hop=""fe80::2:5"",dev=""ens4"",protocol=""ospf"",metric=""20"",route_index=""0"",nh_index=""1""",1
2026-07-28 17:43:00,ccf-aiops-北大,cr-1,cr,ipv6_route_nexthop_info,"prefix=""fd00:3:40::/64"",next_hop=""fe80::2:5"",dev=""ens4"",protocol=""ospf"",metric=""20"",route_index=""0"",nh_index=""1""",1
2026-07-28 17:43:00,ccf-aiops-北大,cr-1,cr,ipv6_route_nexthop_info,"prefix=""fd00:4:40::/64"",next_hop=""fe80::2:5"",dev=""ens4"",protocol=""ospf"",metric=""20"",route_index=""0"",nh_index=""1""",1
2026-07-28 17:43:00,ccf-aiops-北大,cr-1,cr,ipv6_route_nexthop_info,"prefix=""fd00:5:40::/64"",next_hop=""fe80::2:5"",dev=""ens4"",protocol=""ospf"",metric=""20"",route_index=""0"",nh_index=""1""",1
2026-07-28 17:43:00,ccf-aiops-北大,cr-1,cr,ipv6_route_nexthop_info,"prefix=""fd00:7:40::/64"",next_hop=""fe80::2:5"",dev=""ens4"",protocol=""ospf"",metric=""20"",route_index=""0"",nh_index=""1""",1
2026-07-28 17:43:00,ccf-aiops-北大,cr-1,cr,ospf6_interface_cost,"interface=""ens5""",1
2026-07-28 17:43:00,ccf-aiops-北大,cr-1,cr,ospf6_interface_cost,"interface=""ens4""",1
2026-07-28 17:43:00,ccf-aiops-北大,cr-1,cr,ospf6_interface_enabled,"interface=""ens8""",1
2026-07-28 17:43:00,ccf-aiops-北大,cr-1,cr,ospf6_interface_enabled,"interface=""virbr0""",0
2026-07-28 17:43:00,ccf-aiops-北大,cr-1,cr,ospf6_interface_enabled,"interface=""ens9""",1
2026-07-28 17:43:00,ccf-aiops-北大,cr-1,cr,ospf6_interface_enabled,"interface=""ens10""",1
2026-07-28 17:43:00,ccf-aiops-北大,cr-1,cr,ospf6_interface_enabled,"interface=""lo""",1
2026-07-28 17:43:00,ccf-aiops-北大,cr-1,cr,ospf6_interface_enabled,"interface=""ens12""",1
2026-07-28 17:43:00,ccf-aiops-北大,cr-1,cr,ospf6_interface_enabled,"interface=""ens3""",1
2026-07-28 17:43:00,ccf-aiops-北大,cr-1,cr,ospf6_interface_enabled,"interface=""ens4""",1
2026-07-28 17:43:00,ccf-aiops-北大,cr-1,cr,ospf6_interface_enabled,"interface=""ens5""",1
2026-07-28 17:43:00,ccf-aiops-北大,cr-1,cr,ospf6_interface_enabled,"interface=""ens6""",1
2026-07-28 17:43:00,ccf-aiops-北大,cr-1,cr,ospf6_interface_enabled,"interface=""ens7""",1
2026-07-28 17:43:00,ccf-aiops-北大,cr-1,cr,ospf6_interface_enabled,"interface=""ens11""",1
2026-07-28 17:43:00,ccf-aiops-北大,cr-1,cr,ospf6_neighbor_state_code,"state=""Full"",interface=""ens4"",neighbor_id=""1.1.1.1""",6
2026-07-28 17:43:00,ccf-aiops-北大,cr-1,cr,ospf6_neighbor_state_code,"state=""Full"",interface=""ens4"",neighbor_id=""1.1.1.12""",6
2026-07-28 17:43:00,ccf-aiops-北大,cr-1,cr,ospf6_neighbor_state_code,"state=""Full"",interface=""ens4"",neighbor_id=""1.1.1.2""",6
2026-07-28 17:43:00,ccf-aiops-北大,cr-1,cr,ospf6_neighbor_state_code,"state=""Full"",interface=""ens5"",neighbor_id=""1.1.1.12""",6
2026-07-28 17:43:00,ccf-aiops-北大,cr-1,cr,bgp_command_success,,
2026-07-28 17:43:00,ccf-aiops-北大,cr-1,cr,bgp_peer_up,,
2026-07-28 17:43:00,ccf-aiops-北大,cr-1,cr,bgp_peer_uptime_seconds,,
2026-07-28 17:43:00,ccf-aiops-北大,cr-1,cr,bgp_peer_prefix_received,,
2026-07-28 17:43:00,ccf-aiops-北大,cr-1,cr,bgp_peer_prefix_sent,,
2026-07-28 17:43:00,ccf-aiops-北大,cr-1,cr,bgp_peer_count,,
2026-07-28 17:43:00,ccf-aiops-北大,cr-2,cr,ipv6_default_route_changed_total,,0
2026-07-28 17:43:00,ccf-aiops-北大,cr-2,cr,ipv6_default_route_info,"next_hop=""fd00:1:20::1"",dev=""ens4"",protocol=""196"",metric=""20"",route_index=""0"",nh_index=""0""",1
2026-07-28 17:43:00,ccf-aiops-北大,cr-2,cr,ipv6_default_route_info,"next_hop=""fd00:1:20::2"",dev=""ens4"",protocol=""196"",metric=""20"",route_index=""0"",nh_index=""1""",1
2026-07-28 17:43:00,ccf-aiops-北大,cr-2,cr,ipv6_route_change_total,"prefix=""fd00:2:40::/64""",0
2026-07-28 17:43:00,ccf-aiops-北大,cr-2,cr,ipv6_route_change_total,"prefix=""::/0""",0
2026-07-28 17:43:00,ccf-aiops-北大,cr-2,cr,ipv6_route_change_total,"prefix=""fd00:1:40::/64""",0
2026-07-28 17:43:00,ccf-aiops-北大,cr-2,cr,ipv6_route_change_total,"prefix=""fd00:8:40::/64""",0
2026-07-28 17:43:00,ccf-aiops-北大,cr-2,cr,ipv6_route_change_total,"prefix=""fd00:7:40::/64""",0
2026-07-28 17:43:00,ccf-aiops-北大,cr-2,cr,ipv6_route_change_total,"prefix=""fd00:6:40::/64""",0
2026-07-28 17:43:00,ccf-aiops-北大,cr-2,cr,ipv6_route_change_total,"prefix=""fd00:5:40::/64""",0
2026-07-28 17:43:00,ccf-aiops-北大,cr-2,cr,ipv6_route_change_total,"prefix=""fd00:4:40::/64""",0
2026-07-28 17:43:00,ccf-aiops-北大,cr-2,cr,ipv6_route_change_total,"prefix=""fd00:3:40::/64""",0
2026-07-28 17:43:00,ccf-aiops-北大,cr-2,cr,ipv6_route_count,"protocol=""all""",15
2026-07-28 17:43:00,ccf-aiops-北大,cr-2,cr,ipv6_route_count,"protocol=""kernel""",6
2026-07-28 17:43:00,ccf-aiops-北大,cr-2,cr,ipv6_route_count,"protocol=""ospf""",7
2026-07-28 17:43:00,ccf-aiops-北大,cr-2,cr,ipv6_route_count,"protocol=""196""",2
2026-07-28 17:43:00,ccf-aiops-北大,cr-2,cr,ipv6_route_exists,"prefix=""fd00:8:40::/64""",1
2026-07-28 17:43:00,ccf-aiops-北大,cr-2,cr,ipv6_route_exists,"prefix=""fd00:7:40::/64""",1
2026-07-28 17:43:00,ccf-aiops-北大,cr-2,cr,ipv6_route_exists,"prefix=""fd00:6:40::/64""",1
2026-07-28 17:43:00,ccf-aiops-北大,cr-2,cr,ipv6_route_exists,"prefix=""fd00:5:40::/64""",1
2026-07-28 17:43:00,ccf-aiops-北大,cr-2,cr,ipv6_route_exists,"prefix=""fd00:4:40::/64""",1
2026-07-28 17:43:00,ccf-aiops-北大,cr-2,cr,ipv6_route_exists,"prefix=""fd00:3:40::/64""",1
2026-07-28 17:43:00,ccf-aiops-北大,cr-2,cr,ipv6_route_exists,"prefix=""fd00:2:40::/64""",1
2026-07-28 17:43:00,ccf-aiops-北大,cr-2,cr,ipv6_route_exists,"prefix=""fd00:1:40::/64""",1
2026-07-28 17:43:00,ccf-aiops-北大,cr-2,cr,ipv6_route_exists,"prefix=""::/0""",1
2026-07-28 17:43:00,ccf-aiops-北大,cr-2,cr,ipv6_route_nexthop_info,"prefix=""fd00:2:40::/64"",next_hop=""fe80::1:5"",dev=""ens4"",protocol=""ospf"",metric=""20"",route_index=""0"",nh_index=""0""",1
2026-07-28 17:43:00,ccf-aiops-北大,cr-2,cr,ipv6_route_nexthop_info,"prefix=""::/0"",next_hop=""fd00:1:20::2"",dev=""ens4"",protocol=""196"",metric=""20"",route_index=""0"",nh_index=""1""",1
2026-07-28 17:43:00,ccf-aiops-北大,cr-2,cr,ipv6_route_nexthop_info,"prefix=""::/0"",next_hop=""fd00:1:20::1"",dev=""ens4"",protocol=""196"",metric=""20"",route_index=""0"",nh_index=""0""",1
2026-07-28 17:43:00,ccf-aiops-北大,cr-2,cr,ipv6_route_nexthop_info,"prefix=""fd00:3:40::/64"",next_hop=""fe80::1:5"",dev=""ens4"",protocol=""ospf"",metric=""20"",route_index=""0"",nh_index=""0""",1
2026-07-28 17:43:00,ccf-aiops-北大,cr-2,cr,ipv6_route_nexthop_info,"prefix=""fd00:4:40::/64"",next_hop=""fe80::1:5"",dev=""ens4"",protocol=""ospf"",metric=""20"",route_index=""0"",nh_index=""0""",1
2026-07-28 17:43:00,ccf-aiops-北大,cr-2,cr,ipv6_route_nexthop_info,"prefix=""fd00:5:40::/64"",next_hop=""fe80::1:5"",dev=""ens4"",protocol=""ospf"",metric=""20"",route_index=""0"",nh_index=""0""",1
2026-07-28 17:43:00,ccf-aiops-北大,cr-2,cr,ipv6_route_nexthop_info,"prefix=""fd00:6:40::/64"",next_hop=""fe80::1:5"",dev=""ens4"",protocol=""ospf"",metric=""20"",route_index=""0"",nh_index=""0""",1
2026-07-28 17:43:00,ccf-aiops-北大,cr-2,cr,ipv6_route_nexthop_info,"prefix=""fd00:7:40::/64"",next_hop=""fe80::1:5"",dev=""ens4"",protocol=""ospf"",metric=""20"",route_index=""0"",nh_index=""0""",1
2026-07-28 17:43:00,ccf-aiops-北大,cr-2,cr,ipv6_route_nexthop_info,"prefix=""fd00:8:40::/64"",next_hop=""fe80::1:5"",dev=""ens4"",protocol=""ospf"",metric=""20"",route_index=""0"",nh_index=""0""",1
2026-07-28 17:43:00,ccf-aiops-北大,cr-2,cr,ipv6_route_nexthop_info,"prefix=""fd00:7:40::/64"",next_hop=""fe80::2:5"",dev=""ens4"",protocol=""ospf"",metric=""20"",route_index=""0"",nh_index=""1""",1
2026-07-28 17:43:00,ccf-aiops-北大,cr-2,cr,ipv6_route_nexthop_info,"prefix=""fd00:2:40::/64"",next_hop=""fe80::2:5"",dev=""ens4"",protocol=""ospf"",metric=""20"",route_index=""0"",nh_index=""1""",1
2026-07-28 17:43:00,ccf-aiops-北大,cr-2,cr,ipv6_route_nexthop_info,"prefix=""fd00:3:40::/64"",next_hop=""fe80::2:5"",dev=""ens4"",protocol=""ospf"",metric=""20"",route_index=""0"",nh_index=""1""",1
2026-07-28 17:43:00,ccf-aiops-北大,cr-2,cr,ipv6_route_nexthop_info,"prefix=""fd00:4:40::/64"",next_hop=""fe80::2:5"",dev=""ens4"",protocol=""ospf"",metric=""20"",route_index=""0"",nh_index=""1""",1
2026-07-28 17:43:00,ccf-aiops-北大,cr-2,cr,ipv6_route_nexthop_info,"prefix=""fd00:5:40::/64"",next_hop=""fe80::2:5"",dev=""ens4"",protocol=""ospf"",metric=""20"",route_index=""0"",nh_index=""1""",1
2026-07-28 17:43:00,ccf-aiops-北大,cr-2,cr,ipv6_route_nexthop_info,"prefix=""fd00:6:40::/64"",next_hop=""fe80::2:5"",dev=""ens4"",protocol=""ospf"",metric=""20"",route_index=""0"",nh_index=""1""",1
2026-07-28 17:43:00,ccf-aiops-北大,cr-2,cr,ipv6_route_nexthop_info,"prefix=""fd00:8:40::/64"",next_hop=""fe80::2:5"",dev=""ens4"",protocol=""ospf"",metric=""20"",route_index=""0"",nh_index=""1""",1
2026-07-28 17:43:00,ccf-aiops-北大,cr-2,cr,ipv6_route_nexthop_info,"prefix=""fd00:1:40::/64"",next_hop=""fd00:1:30::254"",dev=""ens5"",protocol=""196"",metric=""20"",route_index=""0"",nh_index=""0""",1
2026-07-28 17:43:00,ccf-aiops-北大,cr-2,cr,ospf6_interface_cost,"interface=""ens4""",1
2026-07-28 17:43:00,ccf-aiops-北大,cr-2,cr,ospf6_interface_cost,"interface=""ens5""",1
2026-07-28 17:43:00,ccf-aiops-北大,cr-2,cr,ospf6_interface_enabled,"interface=""ens3""",1
2026-07-28 17:43:00,ccf-aiops-北大,cr-2,cr,ospf6_interface_enabled,"interface=""lo""",1
2026-07-28 17:43:00,ccf-aiops-北大,cr-2,cr,ospf6_interface_enabled,"interface=""ens9""",1
2026-07-28 17:43:00,ccf-aiops-北大,cr-2,cr,ospf6_interface_enabled,"interface=""ens8""",1
2026-07-28 17:43:00,ccf-aiops-北大,cr-2,cr,ospf6_interface_enabled,"interface=""ens7""",1
2026-07-28 17:43:00,ccf-aiops-北大,cr-2,cr,ospf6_interface_enabled,"interface=""ens6""",1
2026-07-28 17:43:00,ccf-aiops-北大,cr-2,cr,ospf6_interface_enabled,"interface=""ens5""",1
2026-07-28 17:43:00,ccf-aiops-北大,cr-2,cr,ospf6_interface_enabled,"interface=""ens4""",1
2026-07-28 17:43:00,ccf-aiops-北大,cr-2,cr,ospf6_interface_enabled,"interface=""ens10""",1
2026-07-28 17:43:00,ccf-aiops-北大,cr-2,cr,ospf6_interface_enabled,"interface=""ens12""",1
2026-07-28 17:43:00,ccf-aiops-北大,cr-2,cr,ospf6_interface_enabled,"interface=""ens11""",1
2026-07-28 17:43:00,ccf-aiops-北大,cr-2,cr,ospf6_interface_enabled,"interface=""virbr0""",0
2026-07-28 17:43:00,ccf-aiops-北大,cr-2,cr,ospf6_neighbor_state_code,"state=""Full"",interface=""ens5"",neighbor_id=""1.1.1.11""",6
2026-07-28 17:43:00,ccf-aiops-北大,cr-2,cr,ospf6_neighbor_state_code,"state=""Full"",interface=""ens4"",neighbor_id=""1.1.1.2""",6
2026-07-28 17:43:00,ccf-aiops-北大,cr-2,cr,ospf6_neighbor_state_code,"state=""Full"",interface=""ens4"",neighbor_id=""1.1.1.11""",6
2026-07-28 17:43:00,ccf-aiops-北大,cr-2,cr,ospf6_neighbor_state_code,"state=""Full"",interface=""ens4"",neighbor_id=""1.1.1.1""",6
2026-07-28 17:43:00,ccf-aiops-北大,cr-2,cr,bgp_command_success,,
2026-07-28 17:43:00,ccf-aiops-北大,cr-2,cr,bgp_peer_up,,
2026-07-28 17:43:00,ccf-aiops-北大,cr-2,cr,bgp_peer_uptime_seconds,,
2026-07-28 17:43:00,ccf-aiops-北大,cr-2,cr,bgp_peer_prefix_received,,
2026-07-28 17:43:00,ccf-aiops-北大,cr-2,cr,bgp_peer_prefix_sent,,
2026-07-28 17:43:00,ccf-aiops-北大,cr-2,cr,bgp_peer_count,,
2026-07-28 17:44:00,ccf-aiops-北大,br-1,br,bgp_command_success,"command=""bgp_summary""",1
2026-07-28 17:44:00,ccf-aiops-北大,br-1,br,bgp_peer_count,,4
2026-07-28 17:44:00,ccf-aiops-北大,br-1,br,bgp_peer_prefix_received,"peer=""fd00:100:10::11"",remote_as=""65002"",state=""Established""",4
2026-07-28 17:44:00,ccf-aiops-北大,br-1,br,bgp_peer_prefix_received,"peer=""fd00:100:10::21"",remote_as=""65003"",state=""Established""",6
2026-07-28 17:44:00,ccf-aiops-北大,br-1,br,bgp_peer_prefix_received,"peer=""fd00:100:10::41"",remote_as=""65005"",state=""Established""",6
2026-07-28 17:44:00,ccf-aiops-北大,br-1,br,bgp_peer_prefix_received,"peer=""fd00:100:10::51"",remote_as=""65006"",state=""Established""",7
2026-07-28 17:44:00,ccf-aiops-北大,br-1,br,bgp_peer_prefix_sent,"peer=""fd00:100:10::51"",remote_as=""65006"",state=""Established""",8
2026-07-28 17:44:00,ccf-aiops-北大,br-1,br,bgp_peer_prefix_sent,"peer=""fd00:100:10::41"",remote_as=""65005"",state=""Established""",8
2026-07-28 17:44:00,ccf-aiops-北大,br-1,br,bgp_peer_prefix_sent,"peer=""fd00:100:10::11"",remote_as=""65002"",state=""Established""",8
2026-07-28 17:44:00,ccf-aiops-北大,br-1,br,bgp_peer_prefix_sent,"peer=""fd00:100:10::21"",remote_as=""65003"",state=""Established""",8
2026-07-28 17:44:00,ccf-aiops-北大,br-1,br,bgp_peer_up,"peer=""fd00:100:10::51"",remote_as=""65006"",state=""Established""",1
2026-07-28 17:44:00,ccf-aiops-北大,br-1,br,bgp_peer_up,"peer=""fd00:100:10::41"",remote_as=""65005"",state=""Established""",1
2026-07-28 17:44:00,ccf-aiops-北大,br-1,br,bgp_peer_up,"peer=""fd00:100:10::21"",remote_as=""65003"",state=""Established""",1
2026-07-28 17:44:00,ccf-aiops-北大,br-1,br,bgp_peer_up,"peer=""fd00:100:10::11"",remote_as=""65002"",state=""Established""",1
2026-07-28 17:44:00,ccf-aiops-北大,br-1,br,bgp_peer_uptime_seconds,"peer=""fd00:100:10::51"",remote_as=""65006"",state=""Established""",2431312
2026-07-28 17:44:00,ccf-aiops-北大,br-1,br,bgp_peer_uptime_seconds,"peer=""fd00:100:10::41"",remote_as=""65005"",state=""Established""",2431400
2026-07-28 17:44:00,ccf-aiops-北大,br-1,br,bgp_peer_uptime_seconds,"peer=""fd00:100:10::21"",remote_as=""65003"",state=""Established""",668343
2026-07-28 17:44:00,ccf-aiops-北大,br-1,br,bgp_peer_uptime_seconds,"peer=""fd00:100:10::11"",remote_as=""65002"",state=""Established""",531745
2026-07-28 17:44:00,ccf-aiops-北大,br-1,br,ipv6_default_route_changed_total,,0
2026-07-28 17:44:00,ccf-aiops-北大,br-1,br,ipv6_default_route_info,"next_hop=""240a:a023::1"",dev=""ens4"",protocol=""unknown"",metric=""1024"",route_index=""0"",nh_index=""0""",1
2026-07-28 17:44:00,ccf-aiops-北大,br-1,br,ipv6_route_change_total,"prefix=""fd00:3:40::/64""",0
2026-07-28 17:44:00,ccf-aiops-北大,br-1,br,ipv6_route_change_total,"prefix=""::/0""",0
2026-07-28 17:44:00,ccf-aiops-北大,br-1,br,ipv6_route_change_total,"prefix=""fd00:1:40::/64""",0
2026-07-28 17:44:00,ccf-aiops-北大,br-1,br,ipv6_route_change_total,"prefix=""fd00:2:40::/64""",0
2026-07-28 17:44:00,ccf-aiops-北大,br-1,br,ipv6_route_change_total,"prefix=""fd00:4:40::/64""",0
2026-07-28 17:44:00,ccf-aiops-北大,br-1,br,ipv6_route_change_total,"prefix=""fd00:5:40::/64""",0
2026-07-28 17:44:00,ccf-aiops-北大,br-1,br,ipv6_route_change_total,"prefix=""fd00:6:40::/64""",0
2026-07-28 17:44:00,ccf-aiops-北大,br-1,br,ipv6_route_change_total,"prefix=""fd00:7:40::/64""",6
2026-07-28 17:44:00,ccf-aiops-北大,br-1,br,ipv6_route_change_total,"prefix=""fd00:8:40::/64""",0
2026-07-28 17:44:00,ccf-aiops-北大,br-1,br,ipv6_route_count,"protocol=""unknown""",3
2026-07-28 17:44:00,ccf-aiops-北大,br-1,br,ipv6_route_count,"protocol=""ospf""",2
2026-07-28 17:44:00,ccf-aiops-北大,br-1,br,ipv6_route_count,"protocol=""kernel""",8
2026-07-28 17:44:00,ccf-aiops-北大,br-1,br,ipv6_route_count,"protocol=""bgp""",7
2026-07-28 17:44:00,ccf-aiops-北大,br-1,br,ipv6_route_count,"protocol=""all""",20
2026-07-28 17:44:00,ccf-aiops-北大,br-1,br,ipv6_route_exists,"prefix=""fd00:8:40::/64""",1
2026-07-28 17:44:00,ccf-aiops-北大,br-1,br,ipv6_route_exists,"prefix=""fd00:1:40::/64""",1
2026-07-28 17:44:00,ccf-aiops-北大,br-1,br,ipv6_route_exists,"prefix=""::/0""",1
2026-07-28 17:44:00,ccf-aiops-北大,br-1,br,ipv6_route_exists,"prefix=""fd00:2:40::/64""",1
2026-07-28 17:44:00,ccf-aiops-北大,br-1,br,ipv6_route_exists,"prefix=""fd00:3:40::/64""",1
2026-07-28 17:44:00,ccf-aiops-北大,br-1,br,ipv6_route_exists,"prefix=""fd00:4:40::/64""",1
2026-07-28 17:44:00,ccf-aiops-北大,br-1,br,ipv6_route_exists,"prefix=""fd00:5:40::/64""",1
2026-07-28 17:44:00,ccf-aiops-北大,br-1,br,ipv6_route_exists,"prefix=""fd00:7:40::/64""",1
2026-07-28 17:44:00,ccf-aiops-北大,br-1,br,ipv6_route_exists,"prefix=""fd00:6:40::/64""",1
2026-07-28 17:44:00,ccf-aiops-北大,br-1,br,ipv6_route_nexthop_info,"prefix=""::/0"",next_hop=""240a:a023::1"",dev=""ens4"",protocol=""unknown"",metric=""1024"",route_index=""0"",nh_index=""0""",1
2026-07-28 17:44:00,ccf-aiops-北大,br-1,br,ipv6_route_nexthop_info,"prefix=""fd00:2:40::/64"",next_hop=""fe80::100:10:11"",dev=""ens4"",protocol=""bgp"",metric=""20"",route_index=""0"",nh_index=""0""",1
2026-07-28 17:44:00,ccf-aiops-北大,br-1,br,ipv6_route_nexthop_info,"prefix=""fd00:3:40::/64"",next_hop=""fe80::100:10:21"",dev=""ens4"",protocol=""bgp"",metric=""20"",route_index=""0"",nh_index=""0""",1
2026-07-28 17:44:00,ccf-aiops-北大,br-1,br,ipv6_route_nexthop_info,"prefix=""fd00:4:40::/64"",next_hop=""fe80::100:10:41"",dev=""ens4"",protocol=""bgp"",metric=""20"",route_index=""0"",nh_index=""0""",1
2026-07-28 17:44:00,ccf-aiops-北大,br-1,br,ipv6_route_nexthop_info,"prefix=""fd00:5:40::/64"",next_hop=""fe80::100:10:41"",dev=""ens4"",protocol=""bgp"",metric=""20"",route_index=""0"",nh_index=""0""",1
2026-07-28 17:44:00,ccf-aiops-北大,br-1,br,ipv6_route_nexthop_info,"prefix=""fd00:8:40::/64"",next_hop=""fe80::100:10:41"",dev=""ens4"",protocol=""bgp"",metric=""20"",route_index=""0"",nh_index=""0""",1
2026-07-28 17:44:00,ccf-aiops-北大,br-1,br,ipv6_route_nexthop_info,"prefix=""fd00:6:40::/64"",next_hop=""fe80::100:10:51"",dev=""ens4"",protocol=""bgp"",metric=""20"",route_index=""0"",nh_index=""0""",1
2026-07-28 17:44:00,ccf-aiops-北大,br-1,br,ipv6_route_nexthop_info,"prefix=""fd00:7:40::/64"",next_hop=""fe80::100:10:51"",dev=""ens4"",protocol=""bgp"",metric=""20"",route_index=""0"",nh_index=""0""",1
2026-07-28 17:44:00,ccf-aiops-北大,br-1,br,ipv6_route_nexthop_info,"prefix=""fd00:1:40::/64"",next_hop=""fe80::11:4"",dev=""ens5"",protocol=""ospf"",metric=""20"",route_index=""0"",nh_index=""0""",1
2026-07-28 17:44:00,ccf-aiops-北大,br-1,br,ipv6_route_nexthop_info,"prefix=""fd00:1:40::/64"",next_hop=""fe80::12:4"",dev=""ens5"",protocol=""ospf"",metric=""20"",route_index=""0"",nh_index=""1""",1
2026-07-28 17:44:00,ccf-aiops-北大,br-1,br,ospf6_interface_cost,"interface=""ens5""",1
2026-07-28 17:44:00,ccf-aiops-北大,br-1,br,ospf6_interface_enabled,"interface=""ens10""",1
2026-07-28 17:44:00,ccf-aiops-北大,br-1,br,ospf6_interface_enabled,"interface=""lo""",1
2026-07-28 17:44:00,ccf-aiops-北大,br-1,br,ospf6_interface_enabled,"interface=""virbr0""",0
2026-07-28 17:44:00,ccf-aiops-北大,br-1,br,ospf6_interface_enabled,"interface=""ens9""",1
2026-07-28 17:44:00,ccf-aiops-北大,br-1,br,ospf6_interface_enabled,"interface=""ens8""",1
2026-07-28 17:44:00,ccf-aiops-北大,br-1,br,ospf6_interface_enabled,"interface=""ens7""",1
2026-07-28 17:44:00,ccf-aiops-北大,br-1,br,ospf6_interface_enabled,"interface=""ens6""",1
2026-07-28 17:44:00,ccf-aiops-北大,br-1,br,ospf6_interface_enabled,"interface=""ens5""",1
2026-07-28 17:44:00,ccf-aiops-北大,br-1,br,ospf6_interface_enabled,"interface=""ens4""",1
2026-07-28 17:44:00,ccf-aiops-北大,br-1,br,ospf6_interface_enabled,"interface=""ens3""",1
2026-07-28 17:44:00,ccf-aiops-北大,br-1,br,ospf6_interface_enabled,"interface=""ens12""",1
2026-07-28 17:44:00,ccf-aiops-北大,br-1,br,ospf6_interface_enabled,"interface=""ens11""",1
2026-07-28 17:44:00,ccf-aiops-北大,br-1,br,ospf6_neighbor_state_code,"state=""Full"",interface=""ens5"",neighbor_id=""1.1.1.11""",6
2026-07-28 17:44:00,ccf-aiops-北大,br-1,br,ospf6_neighbor_state_code,"state=""Full"",interface=""ens5"",neighbor_id=""1.1.1.12""",6
2026-07-28 17:44:00,ccf-aiops-北大,br-1,br,ospf6_neighbor_state_code,"state=""Twoway"",interface=""ens5"",neighbor_id=""1.1.1.2""",2
2026-07-28 17:44:00,ccf-aiops-北大,br-2,br,bgp_command_success,"command=""bgp_summary""",1
2026-07-28 17:44:00,ccf-aiops-北大,br-2,br,bgp_peer_count,,4
2026-07-28 17:44:00,ccf-aiops-北大,br-2,br,bgp_peer_prefix_received,"peer=""fd00:100:10::42"",remote_as=""65005"",state=""Established""",6
2026-07-28 17:44:00,ccf-aiops-北大,br-2,br,bgp_peer_prefix_received,"peer=""fd00:100:10::22"",remote_as=""65003"",state=""Established""",5
2026-07-28 17:44:00,ccf-aiops-北大,br-2,br,bgp_peer_prefix_received,"peer=""fd00:100:10::12"",remote_as=""65002"",state=""Established""",4
2026-07-28 17:44:00,ccf-aiops-北大,br-2,br,bgp_peer_prefix_received,"peer=""fd00:100:10::52"",remote_as=""65006"",state=""Established""",6
2026-07-28 17:44:00,ccf-aiops-北大,br-2,br,bgp_peer_prefix_sent,"peer=""fd00:100:10::52"",remote_as=""65006"",state=""Established""",8
2026-07-28 17:44:00,ccf-aiops-北大,br-2,br,bgp_peer_prefix_sent,"peer=""fd00:100:10::42"",remote_as=""65005"",state=""Established""",8
2026-07-28 17:44:00,ccf-aiops-北大,br-2,br,bgp_peer_prefix_sent,"peer=""fd00:100:10::22"",remote_as=""65003"",state=""Established""",8
2026-07-28 17:44:00,ccf-aiops-北大,br-2,br,bgp_peer_prefix_sent,"peer=""fd00:100:10::12"",remote_as=""65002"",state=""Established""",8
2026-07-28 17:44:00,ccf-aiops-北大,br-2,br,bgp_peer_up,"peer=""fd00:100:10::22"",remote_as=""65003"",state=""Established""",1
2026-07-28 17:44:00,ccf-aiops-北大,br-2,br,bgp_peer_up,"peer=""fd00:100:10::12"",remote_as=""65002"",state=""Established""",1
2026-07-28 17:44:00,ccf-aiops-北大,br-2,br,bgp_peer_up,"peer=""fd00:100:10::42"",remote_as=""65005"",state=""Established""",1
2026-07-28 17:44:00,ccf-aiops-北大,br-2,br,bgp_peer_up,"peer=""fd00:100:10::52"",remote_as=""65006"",state=""Established""",1
2026-07-28 17:44:00,ccf-aiops-北大,br-2,br,bgp_peer_uptime_seconds,"peer=""fd00:100:10::12"",remote_as=""65002"",state=""Established""",531703
2026-07-28 17:44:00,ccf-aiops-北大,br-2,br,bgp_peer_uptime_seconds,"peer=""fd00:100:10::22"",remote_as=""65003"",state=""Established""",1361668
2026-07-28 17:44:00,ccf-aiops-北大,br-2,br,bgp_peer_uptime_seconds,"peer=""fd00:100:10::42"",remote_as=""65005"",state=""Established""",2431411
2026-07-28 17:44:00,ccf-aiops-北大,br-2,br,bgp_peer_uptime_seconds,"peer=""fd00:100:10::52"",remote_as=""65006"",state=""Established""",2431318
2026-07-28 17:44:00,ccf-aiops-北大,br-2,br,ipv6_default_route_changed_total,,0
2026-07-28 17:44:00,ccf-aiops-北大,br-2,br,ipv6_default_route_info,"next_hop=""240a:a023::1"",dev=""ens4"",protocol=""unknown"",metric=""1024"",route_index=""0"",nh_index=""0""",1
2026-07-28 17:44:00,ccf-aiops-北大,br-2,br,ipv6_route_change_total,"prefix=""fd00:7:40::/64""",4
2026-07-28 17:44:00,ccf-aiops-北大,br-2,br,ipv6_route_change_total,"prefix=""fd00:8:40::/64""",0
2026-07-28 17:44:00,ccf-aiops-北大,br-2,br,ipv6_route_change_total,"prefix=""fd00:6:40::/64""",0
2026-07-28 17:44:00,ccf-aiops-北大,br-2,br,ipv6_route_change_total,"prefix=""fd00:5:40::/64""",0
2026-07-28 17:44:00,ccf-aiops-北大,br-2,br,ipv6_route_change_total,"prefix=""fd00:4:40::/64""",0
2026-07-28 17:44:00,ccf-aiops-北大,br-2,br,ipv6_route_change_total,"prefix=""fd00:3:40::/64""",0
2026-07-28 17:44:00,ccf-aiops-北大,br-2,br,ipv6_route_change_total,"prefix=""fd00:2:40::/64""",0
2026-07-28 17:44:00,ccf-aiops-北大,br-2,br,ipv6_route_change_total,"prefix=""::/0""",0
2026-07-28 17:44:00,ccf-aiops-北大,br-2,br,ipv6_route_change_total,"prefix=""fd00:1:40::/64""",0
2026-07-28 17:44:00,ccf-aiops-北大,br-2,br,ipv6_route_count,"protocol=""all""",19
2026-07-28 17:44:00,ccf-aiops-北大,br-2,br,ipv6_route_count,"protocol=""bgp""",7
2026-07-28 17:44:00,ccf-aiops-北大,br-2,br,ipv6_route_count,"protocol=""kernel""",7
2026-07-28 17:44:00,ccf-aiops-北大,br-2,br,ipv6_route_count,"protocol=""ospf""",2
2026-07-28 17:44:00,ccf-aiops-北大,br-2,br,ipv6_route_count,"protocol=""unknown""",3
2026-07-28 17:44:00,ccf-aiops-北大,br-2,br,ipv6_route_exists,"prefix=""fd00:1:40::/64""",1
2026-07-28 17:44:00,ccf-aiops-北大,br-2,br,ipv6_route_exists,"prefix=""fd00:2:40::/64""",1
2026-07-28 17:44:00,ccf-aiops-北大,br-2,br,ipv6_route_exists,"prefix=""fd00:3:40::/64""",1
2026-07-28 17:44:00,ccf-aiops-北大,br-2,br,ipv6_route_exists,"prefix=""fd00:4:40::/64""",1
2026-07-28 17:44:00,ccf-aiops-北大,br-2,br,ipv6_route_exists,"prefix=""fd00:5:40::/64""",1
2026-07-28 17:44:00,ccf-aiops-北大,br-2,br,ipv6_route_exists,"prefix=""fd00:6:40::/64""",1
2026-07-28 17:44:00,ccf-aiops-北大,br-2,br,ipv6_route_exists,"prefix=""fd00:7:40::/64""",1
2026-07-28 17:44:00,ccf-aiops-北大,br-2,br,ipv6_route_exists,"prefix=""fd00:8:40::/64""",1
2026-07-28 17:44:00,ccf-aiops-北大,br-2,br,ipv6_route_exists,"prefix=""::/0""",1
2026-07-28 17:44:00,ccf-aiops-北大,br-2,br,ipv6_route_nexthop_info,"prefix=""fd00:6:40::/64"",next_hop=""fe80::100:10:52"",dev=""ens4"",protocol=""bgp"",metric=""20"",route_index=""0"",nh_index=""0""",1
2026-07-28 17:44:00,ccf-aiops-北大,br-2,br,ipv6_route_nexthop_info,"prefix=""fd00:8:40::/64"",next_hop=""fe80::100:10:42"",dev=""ens4"",protocol=""bgp"",metric=""20"",route_index=""0"",nh_index=""0""",1
2026-07-28 17:44:00,ccf-aiops-北大,br-2,br,ipv6_route_nexthop_info,"prefix=""fd00:7:40::/64"",next_hop=""fe80::100:10:42"",dev=""ens4"",protocol=""bgp"",metric=""20"",route_index=""0"",nh_index=""0""",1
2026-07-28 17:44:00,ccf-aiops-北大,br-2,br,ipv6_route_nexthop_info,"prefix=""fd00:5:40::/64"",next_hop=""fe80::100:10:42"",dev=""ens4"",protocol=""bgp"",metric=""20"",route_index=""0"",nh_index=""0""",1
2026-07-28 17:44:00,ccf-aiops-北大,br-2,br,ipv6_route_nexthop_info,"prefix=""fd00:4:40::/64"",next_hop=""fe80::100:10:42"",dev=""ens4"",protocol=""bgp"",metric=""20"",route_index=""0"",nh_index=""0""",1
2026-07-28 17:44:00,ccf-aiops-北大,br-2,br,ipv6_route_nexthop_info,"prefix=""fd00:3:40::/64"",next_hop=""fe80::100:10:22"",dev=""ens4"",protocol=""bgp"",metric=""20"",route_index=""0"",nh_index=""0""",1
2026-07-28 17:44:00,ccf-aiops-北大,br-2,br,ipv6_route_nexthop_info,"prefix=""fd00:2:40::/64"",next_hop=""fe80::100:10:12"",dev=""ens4"",protocol=""bgp"",metric=""20"",route_index=""0"",nh_index=""0""",1
2026-07-28 17:44:00,ccf-aiops-北大,br-2,br,ipv6_route_nexthop_info,"prefix=""::/0"",next_hop=""240a:a023::1"",dev=""ens4"",protocol=""unknown"",metric=""1024"",route_index=""0"",nh_index=""0""",1
2026-07-28 17:44:00,ccf-aiops-北大,br-2,br,ipv6_route_nexthop_info,"prefix=""fd00:1:40::/64"",next_hop=""fe80::12:4"",dev=""ens5"",protocol=""ospf"",metric=""20"",route_index=""0"",nh_index=""1""",1
2026-07-28 17:44:00,ccf-aiops-北大,br-2,br,ipv6_route_nexthop_info,"prefix=""fd00:1:40::/64"",next_hop=""fe80::11:4"",dev=""ens5"",protocol=""ospf"",metric=""20"",route_index=""0"",nh_index=""0""",1
2026-07-28 17:44:00,ccf-aiops-北大,br-2,br,ospf6_interface_cost,"interface=""ens5""",1
2026-07-28 17:44:00,ccf-aiops-北大,br-2,br,ospf6_interface_enabled,"interface=""ens10""",1
2026-07-28 17:44:00,ccf-aiops-北大,br-2,br,ospf6_interface_enabled,"interface=""ens11""",1
2026-07-28 17:44:00,ccf-aiops-北大,br-2,br,ospf6_interface_enabled,"interface=""ens12""",1
2026-07-28 17:44:00,ccf-aiops-北大,br-2,br,ospf6_interface_enabled,"interface=""ens3""",1
2026-07-28 17:44:00,ccf-aiops-北大,br-2,br,ospf6_interface_enabled,"interface=""ens4""",1
2026-07-28 17:44:00,ccf-aiops-北大,br-2,br,ospf6_interface_enabled,"interface=""ens5""",1
2026-07-28 17:44:00,ccf-aiops-北大,br-2,br,ospf6_interface_enabled,"interface=""ens6""",1
2026-07-28 17:44:00,ccf-aiops-北大,br-2,br,ospf6_interface_enabled,"interface=""ens7""",1
2026-07-28 17:44:00,ccf-aiops-北大,br-2,br,ospf6_interface_enabled,"interface=""ens8""",1
2026-07-28 17:44:00,ccf-aiops-北大,br-2,br,ospf6_interface_enabled,"interface=""ens9""",1
2026-07-28 17:44:00,ccf-aiops-北大,br-2,br,ospf6_interface_enabled,"interface=""lo""",1
2026-07-28 17:44:00,ccf-aiops-北大,br-2,br,ospf6_interface_enabled,"interface=""virbr0""",0
2026-07-28 17:44:00,ccf-aiops-北大,br-2,br,ospf6_neighbor_state_code,"state=""Twoway"",interface=""ens5"",neighbor_id=""1.1.1.1""",2
2026-07-28 17:44:00,ccf-aiops-北大,br-2,br,ospf6_neighbor_state_code,"state=""Full"",interface=""ens5"",neighbor_id=""1.1.1.11""",6
2026-07-28 17:44:00,ccf-aiops-北大,br-2,br,ospf6_neighbor_state_code,"state=""Full"",interface=""ens5"",neighbor_id=""1.1.1.12""",6
2026-07-28 17:44:00,ccf-aiops-北大,cr-1,cr,ipv6_default_route_changed_total,,0
2026-07-28 17:44:00,ccf-aiops-北大,cr-1,cr,ipv6_default_route_info,"next_hop=""fd00:1:20::2"",dev=""ens4"",protocol=""196"",metric=""20"",route_index=""0"",nh_index=""1""",1
2026-07-28 17:44:00,ccf-aiops-北大,cr-1,cr,ipv6_default_route_info,"next_hop=""fd00:1:20::1"",dev=""ens4"",protocol=""196"",metric=""20"",route_index=""0"",nh_index=""0""",1
2026-07-28 17:44:00,ccf-aiops-北大,cr-1,cr,ipv6_route_change_total,"prefix=""fd00:6:40::/64""",0
2026-07-28 17:44:00,ccf-aiops-北大,cr-1,cr,ipv6_route_change_total,"prefix=""fd00:5:40::/64""",0
2026-07-28 17:44:00,ccf-aiops-北大,cr-1,cr,ipv6_route_change_total,"prefix=""fd00:4:40::/64""",0
2026-07-28 17:44:00,ccf-aiops-北大,cr-1,cr,ipv6_route_change_total,"prefix=""fd00:3:40::/64""",0
2026-07-28 17:44:00,ccf-aiops-北大,cr-1,cr,ipv6_route_change_total,"prefix=""fd00:2:40::/64""",0
2026-07-28 17:44:00,ccf-aiops-北大,cr-1,cr,ipv6_route_change_total,"prefix=""fd00:1:40::/64""",0
2026-07-28 17:44:00,ccf-aiops-北大,cr-1,cr,ipv6_route_change_total,"prefix=""::/0""",0
2026-07-28 17:44:00,ccf-aiops-北大,cr-1,cr,ipv6_route_change_total,"prefix=""fd00:7:40::/64""",0
2026-07-28 17:44:00,ccf-aiops-北大,cr-1,cr,ipv6_route_change_total,"prefix=""fd00:8:40::/64""",0
2026-07-28 17:44:00,ccf-aiops-北大,cr-1,cr,ipv6_route_count,"protocol=""kernel""",6
2026-07-28 17:44:00,ccf-aiops-北大,cr-1,cr,ipv6_route_count,"protocol=""ospf""",7
2026-07-28 17:44:00,ccf-aiops-北大,cr-1,cr,ipv6_route_count,"protocol=""196""",2
2026-07-28 17:44:00,ccf-aiops-北大,cr-1,cr,ipv6_route_count,"protocol=""all""",15
2026-07-28 17:44:00,ccf-aiops-北大,cr-1,cr,ipv6_route_exists,"prefix=""fd00:8:40::/64""",1
2026-07-28 17:44:00,ccf-aiops-北大,cr-1,cr,ipv6_route_exists,"prefix=""fd00:7:40::/64""",1
2026-07-28 17:44:00,ccf-aiops-北大,cr-1,cr,ipv6_route_exists,"prefix=""fd00:6:40::/64""",1
2026-07-28 17:44:00,ccf-aiops-北大,cr-1,cr,ipv6_route_exists,"prefix=""fd00:5:40::/64""",1
2026-07-28 17:44:00,ccf-aiops-北大,cr-1,cr,ipv6_route_exists,"prefix=""fd00:3:40::/64""",1
2026-07-28 17:44:00,ccf-aiops-北大,cr-1,cr,ipv6_route_exists,"prefix=""fd00:2:40::/64""",1
2026-07-28 17:44:00,ccf-aiops-北大,cr-1,cr,ipv6_route_exists,"prefix=""fd00:1:40::/64""",1
2026-07-28 17:44:00,ccf-aiops-北大,cr-1,cr,ipv6_route_exists,"prefix=""::/0""",1
2026-07-28 17:44:00,ccf-aiops-北大,cr-1,cr,ipv6_route_exists,"prefix=""fd00:4:40::/64""",1
2026-07-28 17:44:00,ccf-aiops-北大,cr-1,cr,ipv6_route_nexthop_info,"prefix=""fd00:4:40::/64"",next_hop=""fe80::1:5"",dev=""ens4"",protocol=""ospf"",metric=""20"",route_index=""0"",nh_index=""0""",1
2026-07-28 17:44:00,ccf-aiops-北大,cr-1,cr,ipv6_route_nexthop_info,"prefix=""fd00:3:40::/64"",next_hop=""fe80::1:5"",dev=""ens4"",protocol=""ospf"",metric=""20"",route_index=""0"",nh_index=""0""",1
2026-07-28 17:44:00,ccf-aiops-北大,cr-1,cr,ipv6_route_nexthop_info,"prefix=""fd00:2:40::/64"",next_hop=""fe80::1:5"",dev=""ens4"",protocol=""ospf"",metric=""20"",route_index=""0"",nh_index=""0""",1
2026-07-28 17:44:00,ccf-aiops-北大,cr-1,cr,ipv6_route_nexthop_info,"prefix=""::/0"",next_hop=""fd00:1:20::2"",dev=""ens4"",protocol=""196"",metric=""20"",route_index=""0"",nh_index=""1""",1
2026-07-28 17:44:00,ccf-aiops-北大,cr-1,cr,ipv6_route_nexthop_info,"prefix=""::/0"",next_hop=""fd00:1:20::1"",dev=""ens4"",protocol=""196"",metric=""20"",route_index=""0"",nh_index=""0""",1
2026-07-28 17:44:00,ccf-aiops-北大,cr-1,cr,ipv6_route_nexthop_info,"prefix=""fd00:6:40::/64"",next_hop=""fe80::1:5"",dev=""ens4"",protocol=""ospf"",metric=""20"",route_index=""0"",nh_index=""0""",1
2026-07-28 17:44:00,ccf-aiops-北大,cr-1,cr,ipv6_route_nexthop_info,"prefix=""fd00:5:40::/64"",next_hop=""fe80::1:5"",dev=""ens4"",protocol=""ospf"",metric=""20"",route_index=""0"",nh_index=""0""",1
2026-07-28 17:44:00,ccf-aiops-北大,cr-1,cr,ipv6_route_nexthop_info,"prefix=""fd00:7:40::/64"",next_hop=""fe80::2:5"",dev=""ens4"",protocol=""ospf"",metric=""20"",route_index=""0"",nh_index=""1""",1
2026-07-28 17:44:00,ccf-aiops-北大,cr-1,cr,ipv6_route_nexthop_info,"prefix=""fd00:5:40::/64"",next_hop=""fe80::2:5"",dev=""ens4"",protocol=""ospf"",metric=""20"",route_index=""0"",nh_index=""1""",1
2026-07-28 17:44:00,ccf-aiops-北大,cr-1,cr,ipv6_route_nexthop_info,"prefix=""fd00:4:40::/64"",next_hop=""fe80::2:5"",dev=""ens4"",protocol=""ospf"",metric=""20"",route_index=""0"",nh_index=""1""",1
2026-07-28 17:44:00,ccf-aiops-北大,cr-1,cr,ipv6_route_nexthop_info,"prefix=""fd00:3:40::/64"",next_hop=""fe80::2:5"",dev=""ens4"",protocol=""ospf"",metric=""20"",route_index=""0"",nh_index=""1""",1
2026-07-28 17:44:00,ccf-aiops-北大,cr-1,cr,ipv6_route_nexthop_info,"prefix=""fd00:2:40::/64"",next_hop=""fe80::2:5"",dev=""ens4"",protocol=""ospf"",metric=""20"",route_index=""0"",nh_index=""1""",1
2026-07-28 17:44:00,ccf-aiops-北大,cr-1,cr,ipv6_route_nexthop_info,"prefix=""fd00:8:40::/64"",next_hop=""fe80::1:5"",dev=""ens4"",protocol=""ospf"",metric=""20"",route_index=""0"",nh_index=""0""",1
2026-07-28 17:44:00,ccf-aiops-北大,cr-1,cr,ipv6_route_nexthop_info,"prefix=""fd00:7:40::/64"",next_hop=""fe80::1:5"",dev=""ens4"",protocol=""ospf"",metric=""20"",route_index=""0"",nh_index=""0""",1
2026-07-28 17:44:00,ccf-aiops-北大,cr-1,cr,ipv6_route_nexthop_info,"prefix=""fd00:6:40::/64"",next_hop=""fe80::2:5"",dev=""ens4"",protocol=""ospf"",metric=""20"",route_index=""0"",nh_index=""1""",1
2026-07-28 17:44:00,ccf-aiops-北大,cr-1,cr,ipv6_route_nexthop_info,"prefix=""fd00:8:40::/64"",next_hop=""fe80::2:5"",dev=""ens4"",protocol=""ospf"",metric=""20"",route_index=""0"",nh_index=""1""",1
2026-07-28 17:44:00,ccf-aiops-北大,cr-1,cr,ipv6_route_nexthop_info,"prefix=""fd00:1:40::/64"",next_hop=""fd00:1:30::254"",dev=""ens5"",protocol=""196"",metric=""20"",route_index=""0"",nh_index=""0""",1
2026-07-28 17:44:00,ccf-aiops-北大,cr-1,cr,ospf6_interface_cost,"interface=""ens5""",1
2026-07-28 17:44:00,ccf-aiops-北大,cr-1,cr,ospf6_interface_cost,"interface=""ens4""",1
2026-07-28 17:44:00,ccf-aiops-北大,cr-1,cr,ospf6_interface_enabled,"interface=""ens5""",1
2026-07-28 17:44:00,ccf-aiops-北大,cr-1,cr,ospf6_interface_enabled,"interface=""ens4""",1
2026-07-28 17:44:00,ccf-aiops-北大,cr-1,cr,ospf6_interface_enabled,"interface=""ens3""",1
2026-07-28 17:44:00,ccf-aiops-北大,cr-1,cr,ospf6_interface_enabled,"interface=""ens12""",1
2026-07-28 17:44:00,ccf-aiops-北大,cr-1,cr,ospf6_interface_enabled,"interface=""ens11""",1
2026-07-28 17:44:00,ccf-aiops-北大,cr-1,cr,ospf6_interface_enabled,"interface=""ens10""",1
2026-07-28 17:44:00,ccf-aiops-北大,cr-1,cr,ospf6_interface_enabled,"interface=""ens6""",1
2026-07-28 17:44:00,ccf-aiops-北大,cr-1,cr,ospf6_interface_enabled,"interface=""ens7""",1
2026-07-28 17:44:00,ccf-aiops-北大,cr-1,cr,ospf6_interface_enabled,"interface=""ens8""",1
2026-07-28 17:44:00,ccf-aiops-北大,cr-1,cr,ospf6_interface_enabled,"interface=""ens9""",1
2026-07-28 17:44:00,ccf-aiops-北大,cr-1,cr,ospf6_interface_enabled,"interface=""lo""",1
2026-07-28 17:44:00,ccf-aiops-北大,cr-1,cr,ospf6_interface_enabled,"interface=""virbr0""",0
2026-07-28 17:44:00,ccf-aiops-北大,cr-1,cr,ospf6_neighbor_state_code,"state=""Full"",interface=""ens5"",neighbor_id=""1.1.1.12""",6
2026-07-28 17:44:00,ccf-aiops-北大,cr-1,cr,ospf6_neighbor_state_code,"state=""Full"",interface=""ens4"",neighbor_id=""1.1.1.2""",6
2026-07-28 17:44:00,ccf-aiops-北大,cr-1,cr,ospf6_neighbor_state_code,"state=""Full"",interface=""ens4"",neighbor_id=""1.1.1.12""",6
2026-07-28 17:44:00,ccf-aiops-北大,cr-1,cr,ospf6_neighbor_state_code,"state=""Full"",interface=""ens4"",neighbor_id=""1.1.1.1""",6
2026-07-28 17:44:00,ccf-aiops-北大,cr-1,cr,bgp_command_success,,
2026-07-28 17:44:00,ccf-aiops-北大,cr-1,cr,bgp_peer_up,,
2026-07-28 17:44:00,ccf-aiops-北大,cr-1,cr,bgp_peer_uptime_seconds,,
2026-07-28 17:44:00,ccf-aiops-北大,cr-1,cr,bgp_peer_prefix_received,,
2026-07-28 17:44:00,ccf-aiops-北大,cr-1,cr,bgp_peer_prefix_sent,,
2026-07-28 17:44:00,ccf-aiops-北大,cr-1,cr,bgp_peer_count,,
2026-07-28 17:44:00,ccf-aiops-北大,cr-2,cr,ipv6_default_route_changed_total,,0
2026-07-28 17:44:00,ccf-aiops-北大,cr-2,cr,ipv6_default_route_info,"next_hop=""fd00:1:20::2"",dev=""ens4"",protocol=""196"",metric=""20"",route_index=""0"",nh_index=""1""",1
2026-07-28 17:44:00,ccf-aiops-北大,cr-2,cr,ipv6_default_route_info,"next_hop=""fd00:1:20::1"",dev=""ens4"",protocol=""196"",metric=""20"",route_index=""0"",nh_index=""0""",1
2026-07-28 17:44:00,ccf-aiops-北大,cr-2,cr,ipv6_route_change_total,"prefix=""::/0""",0
2026-07-28 17:44:00,ccf-aiops-北大,cr-2,cr,ipv6_route_change_total,"prefix=""fd00:1:40::/64""",0
2026-07-28 17:44:00,ccf-aiops-北大,cr-2,cr,ipv6_route_change_total,"prefix=""fd00:2:40::/64""",0
2026-07-28 17:44:00,ccf-aiops-北大,cr-2,cr,ipv6_route_change_total,"prefix=""fd00:3:40::/64""",0
2026-07-28 17:44:00,ccf-aiops-北大,cr-2,cr,ipv6_route_change_total,"prefix=""fd00:4:40::/64""",0
2026-07-28 17:44:00,ccf-aiops-北大,cr-2,cr,ipv6_route_change_total,"prefix=""fd00:5:40::/64""",0
2026-07-28 17:44:00,ccf-aiops-北大,cr-2,cr,ipv6_route_change_total,"prefix=""fd00:6:40::/64""",0
2026-07-28 17:44:00,ccf-aiops-北大,cr-2,cr,ipv6_route_change_total,"prefix=""fd00:7:40::/64""",0
2026-07-28 17:44:00,ccf-aiops-北大,cr-2,cr,ipv6_route_change_total,"prefix=""fd00:8:40::/64""",0
2026-07-28 17:44:00,ccf-aiops-北大,cr-2,cr,ipv6_route_count,"protocol=""kernel""",6
2026-07-28 17:44:00,ccf-aiops-北大,cr-2,cr,ipv6_route_count,"protocol=""ospf""",7
2026-07-28 17:44:00,ccf-aiops-北大,cr-2,cr,ipv6_route_count,"protocol=""all""",15
2026-07-28 17:44:00,ccf-aiops-北大,cr-2,cr,ipv6_route_count,"protocol=""196""",2
2026-07-28 17:44:00,ccf-aiops-北大,cr-2,cr,ipv6_route_exists,"prefix=""::/0""",1
2026-07-28 17:44:00,ccf-aiops-北大,cr-2,cr,ipv6_route_exists,"prefix=""fd00:3:40::/64""",1
2026-07-28 17:44:00,ccf-aiops-北大,cr-2,cr,ipv6_route_exists,"prefix=""fd00:2:40::/64""",1
2026-07-28 17:44:00,ccf-aiops-北大,cr-2,cr,ipv6_route_exists,"prefix=""fd00:1:40::/64""",1
2026-07-28 17:44:00,ccf-aiops-北大,cr-2,cr,ipv6_route_exists,"prefix=""fd00:5:40::/64""",1
2026-07-28 17:44:00,ccf-aiops-北大,cr-2,cr,ipv6_route_exists,"prefix=""fd00:4:40::/64""",1
2026-07-28 17:44:00,ccf-aiops-北大,cr-2,cr,ipv6_route_exists,"prefix=""fd00:8:40::/64""",1
2026-07-28 17:44:00,ccf-aiops-北大,cr-2,cr,ipv6_route_exists,"prefix=""fd00:7:40::/64""",1
2026-07-28 17:44:00,ccf-aiops-北大,cr-2,cr,ipv6_route_exists,"prefix=""fd00:6:40::/64""",1
2026-07-28 17:44:00,ccf-aiops-北大,cr-2,cr,ipv6_route_nexthop_info,"prefix=""fd00:8:40::/64"",next_hop=""fe80::2:5"",dev=""ens4"",protocol=""ospf"",metric=""20"",route_index=""0"",nh_index=""1""",1
2026-07-28 17:44:00,ccf-aiops-北大,cr-2,cr,ipv6_route_nexthop_info,"prefix=""fd00:1:40::/64"",next_hop=""fd00:1:30::254"",dev=""ens5"",protocol=""196"",metric=""20"",route_index=""0"",nh_index=""0""",1
2026-07-28 17:44:00,ccf-aiops-北大,cr-2,cr,ipv6_route_nexthop_info,"prefix=""fd00:4:40::/64"",next_hop=""fe80::2:5"",dev=""ens4"",protocol=""ospf"",metric=""20"",route_index=""0"",nh_index=""1""",1
2026-07-28 17:44:00,ccf-aiops-北大,cr-2,cr,ipv6_route_nexthop_info,"prefix=""fd00:7:40::/64"",next_hop=""fe80::2:5"",dev=""ens4"",protocol=""ospf"",metric=""20"",route_index=""0"",nh_index=""1""",1
2026-07-28 17:44:00,ccf-aiops-北大,cr-2,cr,ipv6_route_nexthop_info,"prefix=""fd00:6:40::/64"",next_hop=""fe80::2:5"",dev=""ens4"",protocol=""ospf"",metric=""20"",route_index=""0"",nh_index=""1""",1
2026-07-28 17:44:00,ccf-aiops-北大,cr-2,cr,ipv6_route_nexthop_info,"prefix=""::/0"",next_hop=""fd00:1:20::1"",dev=""ens4"",protocol=""196"",metric=""20"",route_index=""0"",nh_index=""0""",1
2026-07-28 17:44:00,ccf-aiops-北大,cr-2,cr,ipv6_route_nexthop_info,"prefix=""::/0"",next_hop=""fd00:1:20::2"",dev=""ens4"",protocol=""196"",metric=""20"",route_index=""0"",nh_index=""1""",1
2026-07-28 17:44:00,ccf-aiops-北大,cr-2,cr,ipv6_route_nexthop_info,"prefix=""fd00:2:40::/64"",next_hop=""fe80::1:5"",dev=""ens4"",protocol=""ospf"",metric=""20"",route_index=""0"",nh_index=""0""",1
2026-07-28 17:44:00,ccf-aiops-北大,cr-2,cr,ipv6_route_nexthop_info,"prefix=""fd00:3:40::/64"",next_hop=""fe80::1:5"",dev=""ens4"",protocol=""ospf"",metric=""20"",route_index=""0"",nh_index=""0""",1
2026-07-28 17:44:00,ccf-aiops-北大,cr-2,cr,ipv6_route_nexthop_info,"prefix=""fd00:4:40::/64"",next_hop=""fe80::1:5"",dev=""ens4"",protocol=""ospf"",metric=""20"",route_index=""0"",nh_index=""0""",1
2026-07-28 17:44:00,ccf-aiops-北大,cr-2,cr,ipv6_route_nexthop_info,"prefix=""fd00:5:40::/64"",next_hop=""fe80::1:5"",dev=""ens4"",protocol=""ospf"",metric=""20"",route_index=""0"",nh_index=""0""",1
2026-07-28 17:44:00,ccf-aiops-北大,cr-2,cr,ipv6_route_nexthop_info,"prefix=""fd00:6:40::/64"",next_hop=""fe80::1:5"",dev=""ens4"",protocol=""ospf"",metric=""20"",route_index=""0"",nh_index=""0""",1
2026-07-28 17:44:00,ccf-aiops-北大,cr-2,cr,ipv6_route_nexthop_info,"prefix=""fd00:7:40::/64"",next_hop=""fe80::1:5"",dev=""ens4"",protocol=""ospf"",metric=""20"",route_index=""0"",nh_index=""0""",1
2026-07-28 17:44:00,ccf-aiops-北大,cr-2,cr,ipv6_route_nexthop_info,"prefix=""fd00:8:40::/64"",next_hop=""fe80::1:5"",dev=""ens4"",protocol=""ospf"",metric=""20"",route_index=""0"",nh_index=""0""",1
2026-07-28 17:44:00,ccf-aiops-北大,cr-2,cr,ipv6_route_nexthop_info,"prefix=""fd00:2:40::/64"",next_hop=""fe80::2:5"",dev=""ens4"",protocol=""ospf"",metric=""20"",route_index=""0"",nh_index=""1""",1
2026-07-28 17:44:00,ccf-aiops-北大,cr-2,cr,ipv6_route_nexthop_info,"prefix=""fd00:3:40::/64"",next_hop=""fe80::2:5"",dev=""ens4"",protocol=""ospf"",metric=""20"",route_index=""0"",nh_index=""1""",1
2026-07-28 17:44:00,ccf-aiops-北大,cr-2,cr,ipv6_route_nexthop_info,"prefix=""fd00:5:40::/64"",next_hop=""fe80::2:5"",dev=""ens4"",protocol=""ospf"",metric=""20"",route_index=""0"",nh_index=""1""",1
2026-07-28 17:44:00,ccf-aiops-北大,cr-2,cr,ospf6_interface_cost,"interface=""ens4""",1
2026-07-28 17:44:00,ccf-aiops-北大,cr-2,cr,ospf6_interface_cost,"interface=""ens5""",1
2026-07-28 17:44:00,ccf-aiops-北大,cr-2,cr,ospf6_interface_enabled,"interface=""virbr0""",0
2026-07-28 17:44:00,ccf-aiops-北大,cr-2,cr,ospf6_interface_enabled,"interface=""lo""",1
2026-07-28 17:44:00,ccf-aiops-北大,cr-2,cr,ospf6_interface_enabled,"interface=""ens10""",1
2026-07-28 17:44:00,ccf-aiops-北大,cr-2,cr,ospf6_interface_enabled,"interface=""ens11""",1
2026-07-28 17:44:00,ccf-aiops-北大,cr-2,cr,ospf6_interface_enabled,"interface=""ens12""",1
2026-07-28 17:44:00,ccf-aiops-北大,cr-2,cr,ospf6_interface_enabled,"interface=""ens3""",1
2026-07-28 17:44:00,ccf-aiops-北大,cr-2,cr,ospf6_interface_enabled,"interface=""ens4""",1
2026-07-28 17:44:00,ccf-aiops-北大,cr-2,cr,ospf6_interface_enabled,"interface=""ens5""",1
2026-07-28 17:44:00,ccf-aiops-北大,cr-2,cr,ospf6_interface_enabled,"interface=""ens6""",1
2026-07-28 17:44:00,ccf-aiops-北大,cr-2,cr,ospf6_interface_enabled,"interface=""ens7""",1
2026-07-28 17:44:00,ccf-aiops-北大,cr-2,cr,ospf6_interface_enabled,"interface=""ens8""",1
2026-07-28 17:44:00,ccf-aiops-北大,cr-2,cr,ospf6_interface_enabled,"interface=""ens9""",1
2026-07-28 17:44:00,ccf-aiops-北大,cr-2,cr,ospf6_neighbor_state_code,"state=""Full"",interface=""ens4"",neighbor_id=""1.1.1.1""",6
2026-07-28 17:44:00,ccf-aiops-北大,cr-2,cr,ospf6_neighbor_state_code,"state=""Full"",interface=""ens4"",neighbor_id=""1.1.1.11""",6
2026-07-28 17:44:00,ccf-aiops-北大,cr-2,cr,ospf6_neighbor_state_code,"state=""Full"",interface=""ens4"",neighbor_id=""1.1.1.2""",6
2026-07-28 17:44:00,ccf-aiops-北大,cr-2,cr,ospf6_neighbor_state_code,"state=""Full"",interface=""ens5"",neighbor_id=""1.1.1.11""",6
2026-07-28 17:44:00,ccf-aiops-北大,cr-2,cr,bgp_command_success,,
2026-07-28 17:44:00,ccf-aiops-北大,cr-2,cr,bgp_peer_up,,
2026-07-28 17:44:00,ccf-aiops-北大,cr-2,cr,bgp_peer_uptime_seconds,,
2026-07-28 17:44:00,ccf-aiops-北大,cr-2,cr,bgp_peer_prefix_received,,
2026-07-28 17:44:00,ccf-aiops-北大,cr-2,cr,bgp_peer_prefix_sent,,
2026-07-28 17:44:00,ccf-aiops-北大,cr-2,cr,bgp_peer_count,,
2026-07-28 17:45:00,ccf-aiops-北大,br-1,br,bgp_command_success,"command=""bgp_summary""",1
2026-07-28 17:45:00,ccf-aiops-北大,br-1,br,bgp_peer_count,,4
2026-07-28 17:45:00,ccf-aiops-北大,br-1,br,bgp_peer_prefix_received,"peer=""fd00:100:10::41"",remote_as=""65005"",state=""Established""",6
2026-07-28 17:45:00,ccf-aiops-北大,br-1,br,bgp_peer_prefix_received,"peer=""fd00:100:10::51"",remote_as=""65006"",state=""Established""",7
2026-07-28 17:45:00,ccf-aiops-北大,br-1,br,bgp_peer_prefix_received,"peer=""fd00:100:10::21"",remote_as=""65003"",state=""Established""",6
2026-07-28 17:45:00,ccf-aiops-北大,br-1,br,bgp_peer_prefix_received,"peer=""fd00:100:10::11"",remote_as=""65002"",state=""Established""",4
2026-07-28 17:45:00,ccf-aiops-北大,br-1,br,bgp_peer_prefix_sent,"peer=""fd00:100:10::11"",remote_as=""65002"",state=""Established""",8
2026-07-28 17:45:00,ccf-aiops-北大,br-1,br,bgp_peer_prefix_sent,"peer=""fd00:100:10::21"",remote_as=""65003"",state=""Established""",8
2026-07-28 17:45:00,ccf-aiops-北大,br-1,br,bgp_peer_prefix_sent,"peer=""fd00:100:10::41"",remote_as=""65005"",state=""Established""",8
2026-07-28 17:45:00,ccf-aiops-北大,br-1,br,bgp_peer_prefix_sent,"peer=""fd00:100:10::51"",remote_as=""65006"",state=""Established""",8
2026-07-28 17:45:00,ccf-aiops-北大,br-1,br,bgp_peer_up,"peer=""fd00:100:10::51"",remote_as=""65006"",state=""Established""",1
2026-07-28 17:45:00,ccf-aiops-北大,br-1,br,bgp_peer_up,"peer=""fd00:100:10::41"",remote_as=""65005"",state=""Established""",1
2026-07-28 17:45:00,ccf-aiops-北大,br-1,br,bgp_peer_up,"peer=""fd00:100:10::21"",remote_as=""65003"",state=""Established""",1
2026-07-28 17:45:00,ccf-aiops-北大,br-1,br,bgp_peer_up,"peer=""fd00:100:10::11"",remote_as=""65002"",state=""Established""",1
2026-07-28 17:45:00,ccf-aiops-北大,br-1,br,bgp_peer_uptime_seconds,"peer=""fd00:100:10::11"",remote_as=""65002"",state=""Established""",531806
2026-07-28 17:45:00,ccf-aiops-北大,br-1,br,bgp_peer_uptime_seconds,"peer=""fd00:100:10::21"",remote_as=""65003"",state=""Established""",668404
2026-07-28 17:45:00,ccf-aiops-北大,br-1,br,bgp_peer_uptime_seconds,"peer=""fd00:100:10::41"",remote_as=""65005"",state=""Established""",2431461
2026-07-28 17:45:00,ccf-aiops-北大,br-1,br,bgp_peer_uptime_seconds,"peer=""fd00:100:10::51"",remote_as=""65006"",state=""Established""",2431373
2026-07-28 17:45:00,ccf-aiops-北大,br-1,br,ipv6_default_route_changed_total,,0
2026-07-28 17:45:00,ccf-aiops-北大,br-1,br,ipv6_default_route_info,"next_hop=""240a:a023::1"",dev=""ens4"",protocol=""unknown"",metric=""1024"",route_index=""0"",nh_index=""0""",1
2026-07-28 17:45:00,ccf-aiops-北大,br-1,br,ipv6_route_change_total,"prefix=""fd00:7:40::/64""",6
2026-07-28 17:45:00,ccf-aiops-北大,br-1,br,ipv6_route_change_total,"prefix=""fd00:8:40::/64""",0
2026-07-28 17:45:00,ccf-aiops-北大,br-1,br,ipv6_route_change_total,"prefix=""::/0""",0
2026-07-28 17:45:00,ccf-aiops-北大,br-1,br,ipv6_route_change_total,"prefix=""fd00:1:40::/64""",0
2026-07-28 17:45:00,ccf-aiops-北大,br-1,br,ipv6_route_change_total,"prefix=""fd00:2:40::/64""",0
2026-07-28 17:45:00,ccf-aiops-北大,br-1,br,ipv6_route_change_total,"prefix=""fd00:3:40::/64""",0
2026-07-28 17:45:00,ccf-aiops-北大,br-1,br,ipv6_route_change_total,"prefix=""fd00:4:40::/64""",0
2026-07-28 17:45:00,ccf-aiops-北大,br-1,br,ipv6_route_change_total,"prefix=""fd00:5:40::/64""",0
2026-07-28 17:45:00,ccf-aiops-北大,br-1,br,ipv6_route_change_total,"prefix=""fd00:6:40::/64""",0
2026-07-28 17:45:00,ccf-aiops-北大,br-1,br,ipv6_route_count,"protocol=""all""",20
2026-07-28 17:45:00,ccf-aiops-北大,br-1,br,ipv6_route_count,"protocol=""bgp""",7
2026-07-28 17:45:00,ccf-aiops-北大,br-1,br,ipv6_route_count,"protocol=""unknown""",3
2026-07-28 17:45:00,ccf-aiops-北大,br-1,br,ipv6_route_count,"protocol=""kernel""",8
2026-07-28 17:45:00,ccf-aiops-北大,br-1,br,ipv6_route_count,"protocol=""ospf""",2
2026-07-28 17:45:00,ccf-aiops-北大,br-1,br,ipv6_route_exists,"prefix=""fd00:3:40::/64""",1
2026-07-28 17:45:00,ccf-aiops-北大,br-1,br,ipv6_route_exists,"prefix=""fd00:8:40::/64""",1
2026-07-28 17:45:00,ccf-aiops-北大,br-1,br,ipv6_route_exists,"prefix=""fd00:7:40::/64""",1
2026-07-28 17:45:00,ccf-aiops-北大,br-1,br,ipv6_route_exists,"prefix=""fd00:6:40::/64""",1
2026-07-28 17:45:00,ccf-aiops-北大,br-1,br,ipv6_route_exists,"prefix=""fd00:5:40::/64""",1
2026-07-28 17:45:00,ccf-aiops-北大,br-1,br,ipv6_route_exists,"prefix=""::/0""",1
2026-07-28 17:45:00,ccf-aiops-北大,br-1,br,ipv6_route_exists,"prefix=""fd00:1:40::/64""",1
2026-07-28 17:45:00,ccf-aiops-北大,br-1,br,ipv6_route_exists,"prefix=""fd00:4:40::/64""",1
2026-07-28 17:45:00,ccf-aiops-北大,br-1,br,ipv6_route_exists,"prefix=""fd00:2:40::/64""",1
2026-07-28 17:45:00,ccf-aiops-北大,br-1,br,ipv6_route_nexthop_info,"prefix=""fd00:8:40::/64"",next_hop=""fe80::100:10:41"",dev=""ens4"",protocol=""bgp"",metric=""20"",route_index=""0"",nh_index=""0""",1
2026-07-28 17:45:00,ccf-aiops-北大,br-1,br,ipv6_route_nexthop_info,"prefix=""fd00:1:40::/64"",next_hop=""fe80::11:4"",dev=""ens5"",protocol=""ospf"",metric=""20"",route_index=""0"",nh_index=""0""",1
2026-07-28 17:45:00,ccf-aiops-北大,br-1,br,ipv6_route_nexthop_info,"prefix=""fd00:1:40::/64"",next_hop=""fe80::12:4"",dev=""ens5"",protocol=""ospf"",metric=""20"",route_index=""0"",nh_index=""1""",1
2026-07-28 17:45:00,ccf-aiops-北大,br-1,br,ipv6_route_nexthop_info,"prefix=""fd00:7:40::/64"",next_hop=""fe80::100:10:51"",dev=""ens4"",protocol=""bgp"",metric=""20"",route_index=""0"",nh_index=""0""",1
2026-07-28 17:45:00,ccf-aiops-北大,br-1,br,ipv6_route_nexthop_info,"prefix=""fd00:6:40::/64"",next_hop=""fe80::100:10:51"",dev=""ens4"",protocol=""bgp"",metric=""20"",route_index=""0"",nh_index=""0""",1
2026-07-28 17:45:00,ccf-aiops-北大,br-1,br,ipv6_route_nexthop_info,"prefix=""::/0"",next_hop=""240a:a023::1"",dev=""ens4"",protocol=""unknown"",metric=""1024"",route_index=""0"",nh_index=""0""",1
2026-07-28 17:45:00,ccf-aiops-北大,br-1,br,ipv6_route_nexthop_info,"prefix=""fd00:2:40::/64"",next_hop=""fe80::100:10:11"",dev=""ens4"",protocol=""bgp"",metric=""20"",route_index=""0"",nh_index=""0""",1
2026-07-28 17:45:00,ccf-aiops-北大,br-1,br,ipv6_route_nexthop_info,"prefix=""fd00:3:40::/64"",next_hop=""fe80::100:10:21"",dev=""ens4"",protocol=""bgp"",metric=""20"",route_index=""0"",nh_index=""0""",1
2026-07-28 17:45:00,ccf-aiops-北大,br-1,br,ipv6_route_nexthop_info,"prefix=""fd00:4:40::/64"",next_hop=""fe80::100:10:41"",dev=""ens4"",protocol=""bgp"",metric=""20"",route_index=""0"",nh_index=""0""",1
2026-07-28 17:45:00,ccf-aiops-北大,br-1,br,ipv6_route_nexthop_info,"prefix=""fd00:5:40::/64"",next_hop=""fe80::100:10:41"",dev=""ens4"",protocol=""bgp"",metric=""20"",route_index=""0"",nh_index=""0""",1
2026-07-28 17:45:00,ccf-aiops-北大,br-1,br,ospf6_interface_cost,"interface=""ens5""",1
2026-07-28 17:45:00,ccf-aiops-北大,br-1,br,ospf6_interface_enabled,"interface=""ens4""",1
2026-07-28 17:45:00,ccf-aiops-北大,br-1,br,ospf6_interface_enabled,"interface=""ens11""",1
2026-07-28 17:45:00,ccf-aiops-北大,br-1,br,ospf6_interface_enabled,"interface=""ens12""",1
2026-07-28 17:45:00,ccf-aiops-北大,br-1,br,ospf6_interface_enabled,"interface=""ens10""",1
2026-07-28 17:45:00,ccf-aiops-北大,br-1,br,ospf6_interface_enabled,"interface=""ens3""",1
2026-07-28 17:45:00,ccf-aiops-北大,br-1,br,ospf6_interface_enabled,"interface=""ens5""",1
2026-07-28 17:45:00,ccf-aiops-北大,br-1,br,ospf6_interface_enabled,"interface=""ens6""",1
2026-07-28 17:45:00,ccf-aiops-北大,br-1,br,ospf6_interface_enabled,"interface=""ens7""",1
2026-07-28 17:45:00,ccf-aiops-北大,br-1,br,ospf6_interface_enabled,"interface=""ens8""",1
2026-07-28 17:45:00,ccf-aiops-北大,br-1,br,ospf6_interface_enabled,"interface=""ens9""",1
2026-07-28 17:45:00,ccf-aiops-北大,br-1,br,ospf6_interface_enabled,"interface=""lo""",1
2026-07-28 17:45:00,ccf-aiops-北大,br-1,br,ospf6_interface_enabled,"interface=""virbr0""",0
2026-07-28 17:45:00,ccf-aiops-北大,br-1,br,ospf6_neighbor_state_code,"state=""Full"",interface=""ens5"",neighbor_id=""1.1.1.11""",6
2026-07-28 17:45:00,ccf-aiops-北大,br-1,br,ospf6_neighbor_state_code,"state=""Full"",interface=""ens5"",neighbor_id=""1.1.1.12""",6
2026-07-28 17:45:00,ccf-aiops-北大,br-1,br,ospf6_neighbor_state_code,"state=""Twoway"",interface=""ens5"",neighbor_id=""1.1.1.2""",2
2026-07-28 17:45:00,ccf-aiops-北大,br-2,br,bgp_command_success,"command=""bgp_summary""",1
2026-07-28 17:45:00,ccf-aiops-北大,br-2,br,bgp_peer_count,,4
2026-07-28 17:45:00,ccf-aiops-北大,br-2,br,bgp_peer_prefix_received,"peer=""fd00:100:10::52"",remote_as=""65006"",state=""Established""",6
2026-07-28 17:45:00,ccf-aiops-北大,br-2,br,bgp_peer_prefix_received,"peer=""fd00:100:10::12"",remote_as=""65002"",state=""Established""",4
2026-07-28 17:45:00,ccf-aiops-北大,br-2,br,bgp_peer_prefix_received,"peer=""fd00:100:10::42"",remote_as=""65005"",state=""Established""",6
2026-07-28 17:45:00,ccf-aiops-北大,br-2,br,bgp_peer_prefix_received,"peer=""fd00:100:10::22"",remote_as=""65003"",state=""Established""",5
2026-07-28 17:45:00,ccf-aiops-北大,br-2,br,bgp_peer_prefix_sent,"peer=""fd00:100:10::12"",remote_as=""65002"",state=""Established""",8
2026-07-28 17:45:00,ccf-aiops-北大,br-2,br,bgp_peer_prefix_sent,"peer=""fd00:100:10::22"",remote_as=""65003"",state=""Established""",8
2026-07-28 17:45:00,ccf-aiops-北大,br-2,br,bgp_peer_prefix_sent,"peer=""fd00:100:10::42"",remote_as=""65005"",state=""Established""",8
2026-07-28 17:45:00,ccf-aiops-北大,br-2,br,bgp_peer_prefix_sent,"peer=""fd00:100:10::52"",remote_as=""65006"",state=""Established""",8
2026-07-28 17:45:00,ccf-aiops-北大,br-2,br,bgp_peer_up,"peer=""fd00:100:10::42"",remote_as=""65005"",state=""Established""",1
2026-07-28 17:45:00,ccf-aiops-北大,br-2,br,bgp_peer_up,"peer=""fd00:100:10::12"",remote_as=""65002"",state=""Established""",1
2026-07-28 17:45:00,ccf-aiops-北大,br-2,br,bgp_peer_up,"peer=""fd00:100:10::22"",remote_as=""65003"",state=""Established""",1
2026-07-28 17:45:00,ccf-aiops-北大,br-2,br,bgp_peer_up,"peer=""fd00:100:10::52"",remote_as=""65006"",state=""Established""",1
2026-07-28 17:45:00,ccf-aiops-北大,br-2,br,bgp_peer_uptime_seconds,"peer=""fd00:100:10::52"",remote_as=""65006"",state=""Established""",2431379
2026-07-28 17:45:00,ccf-aiops-北大,br-2,br,bgp_peer_uptime_seconds,"peer=""fd00:100:10::12"",remote_as=""65002"",state=""Established""",531764
2026-07-28 17:45:00,ccf-aiops-北大,br-2,br,bgp_peer_uptime_seconds,"peer=""fd00:100:10::22"",remote_as=""65003"",state=""Established""",1361729
2026-07-28 17:45:00,ccf-aiops-北大,br-2,br,bgp_peer_uptime_seconds,"peer=""fd00:100:10::42"",remote_as=""65005"",state=""Established""",2431472
2026-07-28 17:45:00,ccf-aiops-北大,br-2,br,ipv6_default_route_changed_total,,0
2026-07-28 17:45:00,ccf-aiops-北大,br-2,br,ipv6_default_route_info,"next_hop=""240a:a023::1"",dev=""ens4"",protocol=""unknown"",metric=""1024"",route_index=""0"",nh_index=""0""",1
2026-07-28 17:45:00,ccf-aiops-北大,br-2,br,ipv6_route_change_total,"prefix=""fd00:2:40::/64""",0
2026-07-28 17:45:00,ccf-aiops-北大,br-2,br,ipv6_route_change_total,"prefix=""fd00:6:40::/64""",0
2026-07-28 17:45:00,ccf-aiops-北大,br-2,br,ipv6_route_change_total,"prefix=""fd00:5:40::/64""",0
2026-07-28 17:45:00,ccf-aiops-北大,br-2,br,ipv6_route_change_total,"prefix=""fd00:4:40::/64""",0
2026-07-28 17:45:00,ccf-aiops-北大,br-2,br,ipv6_route_change_total,"prefix=""fd00:3:40::/64""",0
2026-07-28 17:45:00,ccf-aiops-北大,br-2,br,ipv6_route_change_total,"prefix=""fd00:7:40::/64""",4
2026-07-28 17:45:00,ccf-aiops-北大,br-2,br,ipv6_route_change_total,"prefix=""fd00:8:40::/64""",0
2026-07-28 17:45:00,ccf-aiops-北大,br-2,br,ipv6_route_change_total,"prefix=""::/0""",0
2026-07-28 17:45:00,ccf-aiops-北大,br-2,br,ipv6_route_change_total,"prefix=""fd00:1:40::/64""",0
2026-07-28 17:45:00,ccf-aiops-北大,br-2,br,ipv6_route_count,"protocol=""unknown""",3
2026-07-28 17:45:00,ccf-aiops-北大,br-2,br,ipv6_route_count,"protocol=""ospf""",2
2026-07-28 17:45:00,ccf-aiops-北大,br-2,br,ipv6_route_count,"protocol=""kernel""",7
2026-07-28 17:45:00,ccf-aiops-北大,br-2,br,ipv6_route_count,"protocol=""bgp""",7
2026-07-28 17:45:00,ccf-aiops-北大,br-2,br,ipv6_route_count,"protocol=""all""",19
2026-07-28 17:45:00,ccf-aiops-北大,br-2,br,ipv6_route_exists,"prefix=""::/0""",1
2026-07-28 17:45:00,ccf-aiops-北大,br-2,br,ipv6_route_exists,"prefix=""fd00:3:40::/64""",1
2026-07-28 17:45:00,ccf-aiops-北大,br-2,br,ipv6_route_exists,"prefix=""fd00:2:40::/64""",1
2026-07-28 17:45:00,ccf-aiops-北大,br-2,br,ipv6_route_exists,"prefix=""fd00:4:40::/64""",1
2026-07-28 17:45:00,ccf-aiops-北大,br-2,br,ipv6_route_exists,"prefix=""fd00:5:40::/64""",1
2026-07-28 17:45:00,ccf-aiops-北大,br-2,br,ipv6_route_exists,"prefix=""fd00:6:40::/64""",1
2026-07-28 17:45:00,ccf-aiops-北大,br-2,br,ipv6_route_exists,"prefix=""fd00:7:40::/64""",1
2026-07-28 17:45:00,ccf-aiops-北大,br-2,br,ipv6_route_exists,"prefix=""fd00:8:40::/64""",1
2026-07-28 17:45:00,ccf-aiops-北大,br-2,br,ipv6_route_exists,"prefix=""fd00:1:40::/64""",1
2026-07-28 17:45:00,ccf-aiops-北大,br-2,br,ipv6_route_nexthop_info,"prefix=""fd00:1:40::/64"",next_hop=""fe80::11:4"",dev=""ens5"",protocol=""ospf"",metric=""20"",route_index=""0"",nh_index=""0""",1
2026-07-28 17:45:00,ccf-aiops-北大,br-2,br,ipv6_route_nexthop_info,"prefix=""fd00:1:40::/64"",next_hop=""fe80::12:4"",dev=""ens5"",protocol=""ospf"",metric=""20"",route_index=""0"",nh_index=""1""",1
2026-07-28 17:45:00,ccf-aiops-北大,br-2,br,ipv6_route_nexthop_info,"prefix=""::/0"",next_hop=""240a:a023::1"",dev=""ens4"",protocol=""unknown"",metric=""1024"",route_index=""0"",nh_index=""0""",1
2026-07-28 17:45:00,ccf-aiops-北大,br-2,br,ipv6_route_nexthop_info,"prefix=""fd00:2:40::/64"",next_hop=""fe80::100:10:12"",dev=""ens4"",protocol=""bgp"",metric=""20"",route_index=""0"",nh_index=""0""",1
2026-07-28 17:45:00,ccf-aiops-北大,br-2,br,ipv6_route_nexthop_info,"prefix=""fd00:3:40::/64"",next_hop=""fe80::100:10:22"",dev=""ens4"",protocol=""bgp"",metric=""20"",route_index=""0"",nh_index=""0""",1
2026-07-28 17:45:00,ccf-aiops-北大,br-2,br,ipv6_route_nexthop_info,"prefix=""fd00:4:40::/64"",next_hop=""fe80::100:10:42"",dev=""ens4"",protocol=""bgp"",metric=""20"",route_index=""0"",nh_index=""0""",1
2026-07-28 17:45:00,ccf-aiops-北大,br-2,br,ipv6_route_nexthop_info,"prefix=""fd00:6:40::/64"",next_hop=""fe80::100:10:52"",dev=""ens4"",protocol=""bgp"",metric=""20"",route_index=""0"",nh_index=""0""",1
2026-07-28 17:45:00,ccf-aiops-北大,br-2,br,ipv6_route_nexthop_info,"prefix=""fd00:8:40::/64"",next_hop=""fe80::100:10:42"",dev=""ens4"",protocol=""bgp"",metric=""20"",route_index=""0"",nh_index=""0""",1
2026-07-28 17:45:00,ccf-aiops-北大,br-2,br,ipv6_route_nexthop_info,"prefix=""fd00:7:40::/64"",next_hop=""fe80::100:10:42"",dev=""ens4"",protocol=""bgp"",metric=""20"",route_index=""0"",nh_index=""0""",1
2026-07-28 17:45:00,ccf-aiops-北大,br-2,br,ipv6_route_nexthop_info,"prefix=""fd00:5:40::/64"",next_hop=""fe80::100:10:42"",dev=""ens4"",protocol=""bgp"",metric=""20"",route_index=""0"",nh_index=""0""",1
2026-07-28 17:45:00,ccf-aiops-北大,br-2,br,ospf6_interface_cost,"interface=""ens5""",1
2026-07-28 17:45:00,ccf-aiops-北大,br-2,br,ospf6_interface_enabled,"interface=""ens4""",1
2026-07-28 17:45:00,ccf-aiops-北大,br-2,br,ospf6_interface_enabled,"interface=""ens10""",1
2026-07-28 17:45:00,ccf-aiops-北大,br-2,br,ospf6_interface_enabled,"interface=""ens11""",1
2026-07-28 17:45:00,ccf-aiops-北大,br-2,br,ospf6_interface_enabled,"interface=""ens12""",1
2026-07-28 17:45:00,ccf-aiops-北大,br-2,br,ospf6_interface_enabled,"interface=""ens3""",1
2026-07-28 17:45:00,ccf-aiops-北大,br-2,br,ospf6_interface_enabled,"interface=""virbr0""",0
2026-07-28 17:45:00,ccf-aiops-北大,br-2,br,ospf6_interface_enabled,"interface=""lo""",1
2026-07-28 17:45:00,ccf-aiops-北大,br-2,br,ospf6_interface_enabled,"interface=""ens9""",1
2026-07-28 17:45:00,ccf-aiops-北大,br-2,br,ospf6_interface_enabled,"interface=""ens8""",1
2026-07-28 17:45:00,ccf-aiops-北大,br-2,br,ospf6_interface_enabled,"interface=""ens7""",1
2026-07-28 17:45:00,ccf-aiops-北大,br-2,br,ospf6_interface_enabled,"interface=""ens6""",1
2026-07-28 17:45:00,ccf-aiops-北大,br-2,br,ospf6_interface_enabled,"interface=""ens5""",1
2026-07-28 17:45:00,ccf-aiops-北大,br-2,br,ospf6_neighbor_state_code,"state=""Full"",interface=""ens5"",neighbor_id=""1.1.1.11""",6
2026-07-28 17:45:00,ccf-aiops-北大,br-2,br,ospf6_neighbor_state_code,"state=""Full"",interface=""ens5"",neighbor_id=""1.1.1.12""",6
2026-07-28 17:45:00,ccf-aiops-北大,br-2,br,ospf6_neighbor_state_code,"state=""Twoway"",interface=""ens5"",neighbor_id=""1.1.1.1""",2
2026-07-28 17:45:00,ccf-aiops-北大,cr-1,cr,ipv6_default_route_changed_total,,0
2026-07-28 17:45:00,ccf-aiops-北大,cr-1,cr,ipv6_default_route_info,"next_hop=""fd00:1:20::1"",dev=""ens4"",protocol=""196"",metric=""20"",route_index=""0"",nh_index=""0""",1
2026-07-28 17:45:00,ccf-aiops-北大,cr-1,cr,ipv6_default_route_info,"next_hop=""fd00:1:20::2"",dev=""ens4"",protocol=""196"",metric=""20"",route_index=""0"",nh_index=""1""",1
2026-07-28 17:45:00,ccf-aiops-北大,cr-1,cr,ipv6_route_change_total,"prefix=""fd00:1:40::/64""",0
2026-07-28 17:45:00,ccf-aiops-北大,cr-1,cr,ipv6_route_change_total,"prefix=""fd00:8:40::/64""",0
2026-07-28 17:45:00,ccf-aiops-北大,cr-1,cr,ipv6_route_change_total,"prefix=""::/0""",0
2026-07-28 17:45:00,ccf-aiops-北大,cr-1,cr,ipv6_route_change_total,"prefix=""fd00:2:40::/64""",0
2026-07-28 17:45:00,ccf-aiops-北大,cr-1,cr,ipv6_route_change_total,"prefix=""fd00:3:40::/64""",0
2026-07-28 17:45:00,ccf-aiops-北大,cr-1,cr,ipv6_route_change_total,"prefix=""fd00:4:40::/64""",0
2026-07-28 17:45:00,ccf-aiops-北大,cr-1,cr,ipv6_route_change_total,"prefix=""fd00:5:40::/64""",0
2026-07-28 17:45:00,ccf-aiops-北大,cr-1,cr,ipv6_route_change_total,"prefix=""fd00:6:40::/64""",0
2026-07-28 17:45:00,ccf-aiops-北大,cr-1,cr,ipv6_route_change_total,"prefix=""fd00:7:40::/64""",0
2026-07-28 17:45:00,ccf-aiops-北大,cr-1,cr,ipv6_route_count,"protocol=""196""",2
2026-07-28 17:45:00,ccf-aiops-北大,cr-1,cr,ipv6_route_count,"protocol=""all""",15
2026-07-28 17:45:00,ccf-aiops-北大,cr-1,cr,ipv6_route_count,"protocol=""kernel""",6
2026-07-28 17:45:00,ccf-aiops-北大,cr-1,cr,ipv6_route_count,"protocol=""ospf""",7
2026-07-28 17:45:00,ccf-aiops-北大,cr-1,cr,ipv6_route_exists,"prefix=""fd00:2:40::/64""",1
2026-07-28 17:45:00,ccf-aiops-北大,cr-1,cr,ipv6_route_exists,"prefix=""fd00:1:40::/64""",1
2026-07-28 17:45:00,ccf-aiops-北大,cr-1,cr,ipv6_route_exists,"prefix=""fd00:3:40::/64""",1
2026-07-28 17:45:00,ccf-aiops-北大,cr-1,cr,ipv6_route_exists,"prefix=""fd00:4:40::/64""",1
2026-07-28 17:45:00,ccf-aiops-北大,cr-1,cr,ipv6_route_exists,"prefix=""fd00:5:40::/64""",1
2026-07-28 17:45:00,ccf-aiops-北大,cr-1,cr,ipv6_route_exists,"prefix=""fd00:6:40::/64""",1
2026-07-28 17:45:00,ccf-aiops-北大,cr-1,cr,ipv6_route_exists,"prefix=""fd00:7:40::/64""",1
2026-07-28 17:45:00,ccf-aiops-北大,cr-1,cr,ipv6_route_exists,"prefix=""fd00:8:40::/64""",1
2026-07-28 17:45:00,ccf-aiops-北大,cr-1,cr,ipv6_route_exists,"prefix=""::/0""",1
2026-07-28 17:45:00,ccf-aiops-北大,cr-1,cr,ipv6_route_nexthop_info,"prefix=""fd00:1:40::/64"",next_hop=""fd00:1:30::254"",dev=""ens5"",protocol=""196"",metric=""20"",route_index=""0"",nh_index=""0""",1
2026-07-28 17:45:00,ccf-aiops-北大,cr-1,cr,ipv6_route_nexthop_info,"prefix=""fd00:3:40::/64"",next_hop=""fe80::2:5"",dev=""ens4"",protocol=""ospf"",metric=""20"",route_index=""0"",nh_index=""1""",1
2026-07-28 17:45:00,ccf-aiops-北大,cr-1,cr,ipv6_route_nexthop_info,"prefix=""fd00:8:40::/64"",next_hop=""fe80::2:5"",dev=""ens4"",protocol=""ospf"",metric=""20"",route_index=""0"",nh_index=""1""",1
2026-07-28 17:45:00,ccf-aiops-北大,cr-1,cr,ipv6_route_nexthop_info,"prefix=""fd00:7:40::/64"",next_hop=""fe80::2:5"",dev=""ens4"",protocol=""ospf"",metric=""20"",route_index=""0"",nh_index=""1""",1
2026-07-28 17:45:00,ccf-aiops-北大,cr-1,cr,ipv6_route_nexthop_info,"prefix=""fd00:6:40::/64"",next_hop=""fe80::2:5"",dev=""ens4"",protocol=""ospf"",metric=""20"",route_index=""0"",nh_index=""1""",1
2026-07-28 17:45:00,ccf-aiops-北大,cr-1,cr,ipv6_route_nexthop_info,"prefix=""fd00:5:40::/64"",next_hop=""fe80::2:5"",dev=""ens4"",protocol=""ospf"",metric=""20"",route_index=""0"",nh_index=""1""",1
2026-07-28 17:45:00,ccf-aiops-北大,cr-1,cr,ipv6_route_nexthop_info,"prefix=""fd00:4:40::/64"",next_hop=""fe80::2:5"",dev=""ens4"",protocol=""ospf"",metric=""20"",route_index=""0"",nh_index=""1""",1
2026-07-28 17:45:00,ccf-aiops-北大,cr-1,cr,ipv6_route_nexthop_info,"prefix=""fd00:2:40::/64"",next_hop=""fe80::2:5"",dev=""ens4"",protocol=""ospf"",metric=""20"",route_index=""0"",nh_index=""1""",1
2026-07-28 17:45:00,ccf-aiops-北大,cr-1,cr,ipv6_route_nexthop_info,"prefix=""fd00:8:40::/64"",next_hop=""fe80::1:5"",dev=""ens4"",protocol=""ospf"",metric=""20"",route_index=""0"",nh_index=""0""",1
2026-07-28 17:45:00,ccf-aiops-北大,cr-1,cr,ipv6_route_nexthop_info,"prefix=""fd00:7:40::/64"",next_hop=""fe80::1:5"",dev=""ens4"",protocol=""ospf"",metric=""20"",route_index=""0"",nh_index=""0""",1
2026-07-28 17:45:00,ccf-aiops-北大,cr-1,cr,ipv6_route_nexthop_info,"prefix=""fd00:6:40::/64"",next_hop=""fe80::1:5"",dev=""ens4"",protocol=""ospf"",metric=""20"",route_index=""0"",nh_index=""0""",1
2026-07-28 17:45:00,ccf-aiops-北大,cr-1,cr,ipv6_route_nexthop_info,"prefix=""fd00:5:40::/64"",next_hop=""fe80::1:5"",dev=""ens4"",protocol=""ospf"",metric=""20"",route_index=""0"",nh_index=""0""",1
2026-07-28 17:45:00,ccf-aiops-北大,cr-1,cr,ipv6_route_nexthop_info,"prefix=""fd00:4:40::/64"",next_hop=""fe80::1:5"",dev=""ens4"",protocol=""ospf"",metric=""20"",route_index=""0"",nh_index=""0""",1
2026-07-28 17:45:00,ccf-aiops-北大,cr-1,cr,ipv6_route_nexthop_info,"prefix=""fd00:3:40::/64"",next_hop=""fe80::1:5"",dev=""ens4"",protocol=""ospf"",metric=""20"",route_index=""0"",nh_index=""0""",1
2026-07-28 17:45:00,ccf-aiops-北大,cr-1,cr,ipv6_route_nexthop_info,"prefix=""fd00:2:40::/64"",next_hop=""fe80::1:5"",dev=""ens4"",protocol=""ospf"",metric=""20"",route_index=""0"",nh_index=""0""",1
2026-07-28 17:45:00,ccf-aiops-北大,cr-1,cr,ipv6_route_nexthop_info,"prefix=""::/0"",next_hop=""fd00:1:20::2"",dev=""ens4"",protocol=""196"",metric=""20"",route_index=""0"",nh_index=""1""",1
2026-07-28 17:45:00,ccf-aiops-北大,cr-1,cr,ipv6_route_nexthop_info,"prefix=""::/0"",next_hop=""fd00:1:20::1"",dev=""ens4"",protocol=""196"",metric=""20"",route_index=""0"",nh_index=""0""",1
2026-07-28 17:45:00,ccf-aiops-北大,cr-1,cr,ospf6_interface_cost,"interface=""ens5""",1
2026-07-28 17:45:00,ccf-aiops-北大,cr-1,cr,ospf6_interface_cost,"interface=""ens4""",1
2026-07-28 17:45:00,ccf-aiops-北大,cr-1,cr,ospf6_interface_enabled,"interface=""virbr0""",0
2026-07-28 17:45:00,ccf-aiops-北大,cr-1,cr,ospf6_interface_enabled,"interface=""lo""",1
2026-07-28 17:45:00,ccf-aiops-北大,cr-1,cr,ospf6_interface_enabled,"interface=""ens9""",1
2026-07-28 17:45:00,ccf-aiops-北大,cr-1,cr,ospf6_interface_enabled,"interface=""ens8""",1
2026-07-28 17:45:00,ccf-aiops-北大,cr-1,cr,ospf6_interface_enabled,"interface=""ens7""",1
2026-07-28 17:45:00,ccf-aiops-北大,cr-1,cr,ospf6_interface_enabled,"interface=""ens6""",1
2026-07-28 17:45:00,ccf-aiops-北大,cr-1,cr,ospf6_interface_enabled,"interface=""ens4""",1
2026-07-28 17:45:00,ccf-aiops-北大,cr-1,cr,ospf6_interface_enabled,"interface=""ens3""",1
2026-07-28 17:45:00,ccf-aiops-北大,cr-1,cr,ospf6_interface_enabled,"interface=""ens5""",1
2026-07-28 17:45:00,ccf-aiops-北大,cr-1,cr,ospf6_interface_enabled,"interface=""ens12""",1
2026-07-28 17:45:00,ccf-aiops-北大,cr-1,cr,ospf6_interface_enabled,"interface=""ens11""",1
2026-07-28 17:45:00,ccf-aiops-北大,cr-1,cr,ospf6_interface_enabled,"interface=""ens10""",1
2026-07-28 17:45:00,ccf-aiops-北大,cr-1,cr,ospf6_neighbor_state_code,"state=""Full"",interface=""ens4"",neighbor_id=""1.1.1.1""",6
2026-07-28 17:45:00,ccf-aiops-北大,cr-1,cr,ospf6_neighbor_state_code,"state=""Full"",interface=""ens4"",neighbor_id=""1.1.1.12""",6
2026-07-28 17:45:00,ccf-aiops-北大,cr-1,cr,ospf6_neighbor_state_code,"state=""Full"",interface=""ens4"",neighbor_id=""1.1.1.2""",6
2026-07-28 17:45:00,ccf-aiops-北大,cr-1,cr,ospf6_neighbor_state_code,"state=""Full"",interface=""ens5"",neighbor_id=""1.1.1.12""",6
2026-07-28 17:45:00,ccf-aiops-北大,cr-1,cr,bgp_command_success,,
2026-07-28 17:45:00,ccf-aiops-北大,cr-1,cr,bgp_peer_up,,
2026-07-28 17:45:00,ccf-aiops-北大,cr-1,cr,bgp_peer_uptime_seconds,,
2026-07-28 17:45:00,ccf-aiops-北大,cr-1,cr,bgp_peer_prefix_received,,
2026-07-28 17:45:00,ccf-aiops-北大,cr-1,cr,bgp_peer_prefix_sent,,
2026-07-28 17:45:00,ccf-aiops-北大,cr-1,cr,bgp_peer_count,,
2026-07-28 17:45:00,ccf-aiops-北大,cr-2,cr,ipv6_default_route_changed_total,,0
2026-07-28 17:45:00,ccf-aiops-北大,cr-2,cr,ipv6_default_route_info,"next_hop=""fd00:1:20::2"",dev=""ens4"",protocol=""196"",metric=""20"",route_index=""0"",nh_index=""1""",1
2026-07-28 17:45:00,ccf-aiops-北大,cr-2,cr,ipv6_default_route_info,"next_hop=""fd00:1:20::1"",dev=""ens4"",protocol=""196"",metric=""20"",route_index=""0"",nh_index=""0""",1
2026-07-28 17:45:00,ccf-aiops-北大,cr-2,cr,ipv6_route_change_total,"prefix=""fd00:2:40::/64""",0
2026-07-28 17:45:00,ccf-aiops-北大,cr-2,cr,ipv6_route_change_total,"prefix=""fd00:8:40::/64""",0
2026-07-28 17:45:00,ccf-aiops-北大,cr-2,cr,ipv6_route_change_total,"prefix=""fd00:7:40::/64""",0
2026-07-28 17:45:00,ccf-aiops-北大,cr-2,cr,ipv6_route_change_total,"prefix=""fd00:6:40::/64""",0
2026-07-28 17:45:00,ccf-aiops-北大,cr-2,cr,ipv6_route_change_total,"prefix=""fd00:5:40::/64""",0
2026-07-28 17:45:00,ccf-aiops-北大,cr-2,cr,ipv6_route_change_total,"prefix=""fd00:4:40::/64""",0
2026-07-28 17:45:00,ccf-aiops-北大,cr-2,cr,ipv6_route_change_total,"prefix=""fd00:3:40::/64""",0
2026-07-28 17:45:00,ccf-aiops-北大,cr-2,cr,ipv6_route_change_total,"prefix=""::/0""",0
2026-07-28 17:45:00,ccf-aiops-北大,cr-2,cr,ipv6_route_change_total,"prefix=""fd00:1:40::/64""",0
2026-07-28 17:45:00,ccf-aiops-北大,cr-2,cr,ipv6_route_count,"protocol=""196""",2
2026-07-28 17:45:00,ccf-aiops-北大,cr-2,cr,ipv6_route_count,"protocol=""all""",15
2026-07-28 17:45:00,ccf-aiops-北大,cr-2,cr,ipv6_route_count,"protocol=""kernel""",6
2026-07-28 17:45:00,ccf-aiops-北大,cr-2,cr,ipv6_route_count,"protocol=""ospf""",7
2026-07-28 17:45:00,ccf-aiops-北大,cr-2,cr,ipv6_route_exists,"prefix=""fd00:3:40::/64""",1
2026-07-28 17:45:00,ccf-aiops-北大,cr-2,cr,ipv6_route_exists,"prefix=""::/0""",1
2026-07-28 17:45:00,ccf-aiops-北大,cr-2,cr,ipv6_route_exists,"prefix=""fd00:1:40::/64""",1
2026-07-28 17:45:00,ccf-aiops-北大,cr-2,cr,ipv6_route_exists,"prefix=""fd00:2:40::/64""",1
2026-07-28 17:45:00,ccf-aiops-北大,cr-2,cr,ipv6_route_exists,"prefix=""fd00:4:40::/64""",1
2026-07-28 17:45:00,ccf-aiops-北大,cr-2,cr,ipv6_route_exists,"prefix=""fd00:5:40::/64""",1
2026-07-28 17:45:00,ccf-aiops-北大,cr-2,cr,ipv6_route_exists,"prefix=""fd00:6:40::/64""",1
2026-07-28 17:45:00,ccf-aiops-北大,cr-2,cr,ipv6_route_exists,"prefix=""fd00:7:40::/64""",1
2026-07-28 17:45:00,ccf-aiops-北大,cr-2,cr,ipv6_route_exists,"prefix=""fd00:8:40::/64""",1
2026-07-28 17:45:00,ccf-aiops-北大,cr-2,cr,ipv6_route_nexthop_info,"prefix=""fd00:6:40::/64"",next_hop=""fe80::1:5"",dev=""ens4"",protocol=""ospf"",metric=""20"",route_index=""0"",nh_index=""0""",1
2026-07-28 17:45:00,ccf-aiops-北大,cr-2,cr,ipv6_route_nexthop_info,"prefix=""fd00:1:40::/64"",next_hop=""fd00:1:30::254"",dev=""ens5"",protocol=""196"",metric=""20"",route_index=""0"",nh_index=""0""",1
2026-07-28 17:45:00,ccf-aiops-北大,cr-2,cr,ipv6_route_nexthop_info,"prefix=""fd00:8:40::/64"",next_hop=""fe80::2:5"",dev=""ens4"",protocol=""ospf"",metric=""20"",route_index=""0"",nh_index=""1""",1
2026-07-28 17:45:00,ccf-aiops-北大,cr-2,cr,ipv6_route_nexthop_info,"prefix=""fd00:7:40::/64"",next_hop=""fe80::2:5"",dev=""ens4"",protocol=""ospf"",metric=""20"",route_index=""0"",nh_index=""1""",1
2026-07-28 17:45:00,ccf-aiops-北大,cr-2,cr,ipv6_route_nexthop_info,"prefix=""fd00:6:40::/64"",next_hop=""fe80::2:5"",dev=""ens4"",protocol=""ospf"",metric=""20"",route_index=""0"",nh_index=""1""",1
2026-07-28 17:45:00,ccf-aiops-北大,cr-2,cr,ipv6_route_nexthop_info,"prefix=""fd00:5:40::/64"",next_hop=""fe80::2:5"",dev=""ens4"",protocol=""ospf"",metric=""20"",route_index=""0"",nh_index=""1""",1
2026-07-28 17:45:00,ccf-aiops-北大,cr-2,cr,ipv6_route_nexthop_info,"prefix=""fd00:4:40::/64"",next_hop=""fe80::2:5"",dev=""ens4"",protocol=""ospf"",metric=""20"",route_index=""0"",nh_index=""1""",1
2026-07-28 17:45:00,ccf-aiops-北大,cr-2,cr,ipv6_route_nexthop_info,"prefix=""fd00:3:40::/64"",next_hop=""fe80::2:5"",dev=""ens4"",protocol=""ospf"",metric=""20"",route_index=""0"",nh_index=""1""",1
2026-07-28 17:45:00,ccf-aiops-北大,cr-2,cr,ipv6_route_nexthop_info,"prefix=""fd00:2:40::/64"",next_hop=""fe80::2:5"",dev=""ens4"",protocol=""ospf"",metric=""20"",route_index=""0"",nh_index=""1""",1
2026-07-28 17:45:00,ccf-aiops-北大,cr-2,cr,ipv6_route_nexthop_info,"prefix=""fd00:8:40::/64"",next_hop=""fe80::1:5"",dev=""ens4"",protocol=""ospf"",metric=""20"",route_index=""0"",nh_index=""0""",1
2026-07-28 17:45:00,ccf-aiops-北大,cr-2,cr,ipv6_route_nexthop_info,"prefix=""fd00:7:40::/64"",next_hop=""fe80::1:5"",dev=""ens4"",protocol=""ospf"",metric=""20"",route_index=""0"",nh_index=""0""",1
2026-07-28 17:45:00,ccf-aiops-北大,cr-2,cr,ipv6_route_nexthop_info,"prefix=""fd00:5:40::/64"",next_hop=""fe80::1:5"",dev=""ens4"",protocol=""ospf"",metric=""20"",route_index=""0"",nh_index=""0""",1
2026-07-28 17:45:00,ccf-aiops-北大,cr-2,cr,ipv6_route_nexthop_info,"prefix=""fd00:4:40::/64"",next_hop=""fe80::1:5"",dev=""ens4"",protocol=""ospf"",metric=""20"",route_index=""0"",nh_index=""0""",1
2026-07-28 17:45:00,ccf-aiops-北大,cr-2,cr,ipv6_route_nexthop_info,"prefix=""fd00:3:40::/64"",next_hop=""fe80::1:5"",dev=""ens4"",protocol=""ospf"",metric=""20"",route_index=""0"",nh_index=""0""",1
2026-07-28 17:45:00,ccf-aiops-北大,cr-2,cr,ipv6_route_nexthop_info,"prefix=""fd00:2:40::/64"",next_hop=""fe80::1:5"",dev=""ens4"",protocol=""ospf"",metric=""20"",route_index=""0"",nh_index=""0""",1
2026-07-28 17:45:00,ccf-aiops-北大,cr-2,cr,ipv6_route_nexthop_info,"prefix=""::/0"",next_hop=""fd00:1:20::2"",dev=""ens4"",protocol=""196"",metric=""20"",route_index=""0"",nh_index=""1""",1
2026-07-28 17:45:00,ccf-aiops-北大,cr-2,cr,ipv6_route_nexthop_info,"prefix=""::/0"",next_hop=""fd00:1:20::1"",dev=""ens4"",protocol=""196"",metric=""20"",route_index=""0"",nh_index=""0""",1
2026-07-28 17:45:00,ccf-aiops-北大,cr-2,cr,ospf6_interface_cost,"interface=""ens5""",1
2026-07-28 17:45:00,ccf-aiops-北大,cr-2,cr,ospf6_interface_cost,"interface=""ens4""",1
2026-07-28 17:45:00,ccf-aiops-北大,cr-2,cr,ospf6_interface_enabled,"interface=""virbr0""",0
2026-07-28 17:45:00,ccf-aiops-北大,cr-2,cr,ospf6_interface_enabled,"interface=""lo""",1
2026-07-28 17:45:00,ccf-aiops-北大,cr-2,cr,ospf6_interface_enabled,"interface=""ens10""",1
2026-07-28 17:45:00,ccf-aiops-北大,cr-2,cr,ospf6_interface_enabled,"interface=""ens11""",1
2026-07-28 17:45:00,ccf-aiops-北大,cr-2,cr,ospf6_interface_enabled,"interface=""ens12""",1
2026-07-28 17:45:00,ccf-aiops-北大,cr-2,cr,ospf6_interface_enabled,"interface=""ens3""",1
2026-07-28 17:45:00,ccf-aiops-北大,cr-2,cr,ospf6_interface_enabled,"interface=""ens4""",1
2026-07-28 17:45:00,ccf-aiops-北大,cr-2,cr,ospf6_interface_enabled,"interface=""ens5""",1
2026-07-28 17:45:00,ccf-aiops-北大,cr-2,cr,ospf6_interface_enabled,"interface=""ens6""",1
2026-07-28 17:45:00,ccf-aiops-北大,cr-2,cr,ospf6_interface_enabled,"interface=""ens7""",1
2026-07-28 17:45:00,ccf-aiops-北大,cr-2,cr,ospf6_interface_enabled,"interface=""ens8""",1
2026-07-28 17:45:00,ccf-aiops-北大,cr-2,cr,ospf6_interface_enabled,"interface=""ens9""",1
2026-07-28 17:45:00,ccf-aiops-北大,cr-2,cr,ospf6_neighbor_state_code,"state=""Full"",interface=""ens4"",neighbor_id=""1.1.1.1""",6
2026-07-28 17:45:00,ccf-aiops-北大,cr-2,cr,ospf6_neighbor_state_code,"state=""Full"",interface=""ens4"",neighbor_id=""1.1.1.11""",6
2026-07-28 17:45:00,ccf-aiops-北大,cr-2,cr,ospf6_neighbor_state_code,"state=""Full"",interface=""ens4"",neighbor_id=""1.1.1.2""",6
2026-07-28 17:45:00,ccf-aiops-北大,cr-2,cr,ospf6_neighbor_state_code,"state=""Full"",interface=""ens5"",neighbor_id=""1.1.1.11""",6
2026-07-28 17:45:00,ccf-aiops-北大,cr-2,cr,bgp_command_success,,
2026-07-28 17:45:00,ccf-aiops-北大,cr-2,cr,bgp_peer_up,,
2026-07-28 17:45:00,ccf-aiops-北大,cr-2,cr,bgp_peer_uptime_seconds,,
2026-07-28 17:45:00,ccf-aiops-北大,cr-2,cr,bgp_peer_prefix_received,,
2026-07-28 17:45:00,ccf-aiops-北大,cr-2,cr,bgp_peer_prefix_sent,,
2026-07-28 17:45:00,ccf-aiops-北大,cr-2,cr,bgp_peer_count,,
