timestamp,region,node,node_type,interface_id,if_role,rx_bytes_rate,tx_bytes_rate,rx_packets_rate,tx_packets_rate,rx_drop_rate,tx_drop_rate,rx_error_rate,tx_error_rate,carrier_changes
2026-07-28 15:11:00,ccf-aiops-武汉,br-1,br,ens10,NULL,0,0,0,0,0,0,0,0,0
2026-07-28 15:11:00,ccf-aiops-武汉,br-1,br,ens11,NULL,0,0,0,0,0,0,0,0,0
2026-07-28 15:11:00,ccf-aiops-武汉,br-1,br,ens12,NULL,0,0,0,0,0,0,0,0,0
2026-07-28 15:11:00,ccf-aiops-武汉,br-1,br,ens3,NULL,16.488888888888887,0,0.06666666666666667,0,0,0,0,0,0
2026-07-28 15:11:00,ccf-aiops-武汉,br-1,br,ens4,backbone,3096.733333333333,2767.555555555555,25.04444444444444,21.377777777777776,0,0,0,0,0
2026-07-28 15:11:00,ccf-aiops-武汉,br-1,br,ens5,backbone,1154.2,4236.933333333333,9.644444444444444,10.02222222222222,0,0,0,0,0
2026-07-28 15:11:00,ccf-aiops-武汉,br-1,br,ens6,NULL,0,0,0,0,0,0,0,0,0
2026-07-28 15:11:00,ccf-aiops-武汉,br-1,br,ens7,NULL,0,0,0,0,0,0,0,0,0
2026-07-28 15:11:00,ccf-aiops-武汉,br-1,br,ens8,NULL,0,0,0,0,0,0,0,0,0
2026-07-28 15:11:00,ccf-aiops-武汉,br-1,br,ens9,NULL,0,0,0,0,0,0,0,0,0
2026-07-28 15:11:00,ccf-aiops-武汉,br-2,br,ens10,NULL,0,0,0,0,0,0,0,0,0
2026-07-28 15:11:00,ccf-aiops-武汉,br-2,br,ens11,NULL,0,0,0,0,0,0,0,0,0
2026-07-28 15:11:00,ccf-aiops-武汉,br-2,br,ens12,NULL,0,0,0,0,0,0,0,0,0
2026-07-28 15:11:00,ccf-aiops-武汉,br-2,br,ens3,NULL,16.488888888888887,0,0.06666666666666667,0,0,0,0,0,0
2026-07-28 15:11:00,ccf-aiops-武汉,br-2,br,ens4,backbone,2906.2222222222217,2524.866666666667,24.355555555555554,20.08888888888889,0,0,0,0,0
2026-07-28 15:11:00,ccf-aiops-武汉,br-2,br,ens5,backbone,1026.9333333333334,4281.022222222222,8.577777777777778,9.511111111111111,0,0,0,0,0
2026-07-28 15:11:00,ccf-aiops-武汉,br-2,br,ens6,NULL,0,0,0,0,0,0,0,0,0
2026-07-28 15:11:00,ccf-aiops-武汉,br-2,br,ens7,NULL,0,0,0,0,0,0,0,0,0
2026-07-28 15:11:00,ccf-aiops-武汉,br-2,br,ens8,NULL,0,0,0,0,0,0,0,0,0
2026-07-28 15:11:00,ccf-aiops-武汉,br-2,br,ens9,NULL,0,0,0,0,0,0,0,0,0
2026-07-28 15:11:00,ccf-aiops-武汉,cr-1,cr,ens10,NULL,0,0,0,0,0,0,0,0,0
2026-07-28 15:11:00,ccf-aiops-武汉,cr-1,cr,ens11,NULL,0,0,0,0,0,0,0,0,0
2026-07-28 15:11:00,ccf-aiops-武汉,cr-1,cr,ens12,NULL,0,0,0,0,0,0,0,0,0
2026-07-28 15:11:00,ccf-aiops-武汉,cr-1,cr,ens3,NULL,16.488888888888887,0,0.06666666666666667,0,0,0,0,0,0
2026-07-28 15:11:00,ccf-aiops-武汉,cr-1,cr,ens4,backbone,2532.1777777777775,998.8222222222222,8.933333333333334,8.288888888888888,0,0,0,0,0
2026-07-28 15:11:00,ccf-aiops-武汉,cr-1,cr,ens5,backbone,1110.0222222222221,5444.6,9.2,10.288888888888888,0,0,0,0,0
2026-07-28 15:11:00,ccf-aiops-武汉,cr-1,cr,ens6,NULL,0,0,0,0,0,0,0,0,0
2026-07-28 15:11:00,ccf-aiops-武汉,cr-1,cr,ens7,NULL,0,0,0,0,0,0,0,0,0
2026-07-28 15:11:00,ccf-aiops-武汉,cr-1,cr,ens8,NULL,0,0,0,0,0,0,0,0,0
2026-07-28 15:11:00,ccf-aiops-武汉,cr-1,cr,ens9,NULL,0,0,0,0,0,0,0,0,0
2026-07-28 15:11:00,ccf-aiops-武汉,cr-2,cr,ens10,NULL,0,0,0,0,0,0,0,0,0
2026-07-28 15:11:00,ccf-aiops-武汉,cr-2,cr,ens11,NULL,0,0,0,0,0,0,0,0,0
2026-07-28 15:11:00,ccf-aiops-武汉,cr-2,cr,ens12,NULL,0,0,0,0,0,0,0,0,0
2026-07-28 15:11:00,ccf-aiops-武汉,cr-2,cr,ens3,NULL,14.933333333333334,0,0.04444444444444444,0,0,0,0,0,0
2026-07-28 15:11:00,ccf-aiops-武汉,cr-2,cr,ens4,backbone,5564.488888888888,1148.1555555555556,10.11111111111111,9.4,0,0,0,0,0
2026-07-28 15:11:00,ccf-aiops-武汉,cr-2,cr,ens5,backbone,1265.9333333333334,8300.8,10.4,11.466666666666667,0,0,0,0,0
2026-07-28 15:11:00,ccf-aiops-武汉,cr-2,cr,ens6,NULL,0,0,0,0,0,0,0,0,0
2026-07-28 15:11:00,ccf-aiops-武汉,cr-2,cr,ens7,NULL,0,0,0,0,0,0,0,0,0
2026-07-28 15:11:00,ccf-aiops-武汉,cr-2,cr,ens8,NULL,0,0,0,0,0,0,0,0,0
2026-07-28 15:11:00,ccf-aiops-武汉,cr-2,cr,ens9,NULL,0,0,0,0,0,0,0,0,0
2026-07-28 15:11:00,ccf-aiops-武汉,fw,firewall,ens3,NULL,325.8222222222222,171.86666666666667,3.444444444444444,1.711111111111111,0,0,0,0,0
2026-07-28 15:11:00,ccf-aiops-武汉,fw,firewall,ens4,backbone,15253.266666666666,2387.8888888888887,24.777777777777775,19.88888888888889,0,0,0,0,0
2026-07-28 15:11:00,ccf-aiops-武汉,fw,firewall,ens5,business,2451.6,16410.222222222223,20.444444444444443,24.866666666666667,0,0,0,0,0
2026-07-28 15:11:00,ccf-aiops-武汉,fw,firewall,ens6,NULL,0,0,0,0,0,0,0,0,0
2026-07-28 15:11:00,ccf-aiops-武汉,monitor-vm,collector,ens3,NULL,141.8222222222222,69.86666666666666,1.4444444444444442,0.711111111111111,0,0,0,0,0
2026-07-28 15:11:00,ccf-aiops-武汉,monitor-vm,collector,ens4,mgmt,33790.73333333333,1048.3777777777777,13.91111111111111,9.288888888888888,0,0,0,0,0
2026-07-28 15:11:00,ccf-aiops-武汉,monitor-vm,collector,ens5,NULL,0,0,0,0,0,0,0,0,0
2026-07-28 15:11:00,ccf-aiops-武汉,monitor-vm,collector,ens6,NULL,0,0,0,0,0,0,0,0,0
2026-07-28 15:11:00,ccf-aiops-武汉,probe-vm,probe,ens3,NULL,63.511111111111106,69.82222222222222,0.3333333333333333,0.3333333333333333,0,0,0,0,0
2026-07-28 15:11:00,ccf-aiops-武汉,probe-vm,probe,ens4,business,53.77777777777778,1163.6,0.4222222222222222,0.26666666666666666,0,0,0,0,0
2026-07-28 15:11:00,ccf-aiops-武汉,probe-vm,probe,ens5,NULL,0,0,0,0,0,0,0,0,0
2026-07-28 15:11:00,ccf-aiops-武汉,probe-vm,probe,ens6,NULL,0,0,0,0,0,0,0,0,0
2026-07-28 15:11:00,ccf-aiops-武汉,service-vm-1,service,ens3,NULL,80.48888888888888,35.86666666666667,0.7777777777777778,0.3777777777777777,0,0,0,0,0
2026-07-28 15:11:00,ccf-aiops-武汉,service-vm-1,service,ens4,service,1750.5777777777776,2906.7111111111108,14.6,14.466666666666667,0,0,0,0,0
2026-07-28 15:11:00,ccf-aiops-武汉,service-vm-1,service,ens5,NULL,0,0,0,0,0,0,0,0,0
2026-07-28 15:11:00,ccf-aiops-武汉,service-vm-1,service,ens6,NULL,0,0,0,0,0,0,0,0,0
2026-07-28 15:11:00,ccf-aiops-武汉,service-vm-2,service,ens3,NULL,69.42222222222222,62.35555555555555,0.3333333333333333,0.31111111111111106,0,0,0,0,0
2026-07-28 15:11:00,ccf-aiops-武汉,service-vm-2,service,ens4,service,64.17777777777778,1180.822222222222,0.5555555555555555,0.4,0,0,0,0,0
2026-07-28 15:11:00,ccf-aiops-武汉,service-vm-2,service,ens5,NULL,0,0,0,0,0,0,0,0,0
2026-07-28 15:11:00,ccf-aiops-武汉,service-vm-2,service,ens6,NULL,0,0,0,0,0,0,0,0,0
2026-07-28 15:11:00,ccf-aiops-武汉,service-vm-3,service,ens3,NULL,7.466666666666667,7.466666666666667,0.02222222222222222,0.02222222222222222,0,0,0,0,0
2026-07-28 15:11:00,ccf-aiops-武汉,service-vm-3,service,ens4,service,66.08888888888889,1179.511111111111,0.5777777777777777,0.3777777777777777,0,0,0,0,0
2026-07-28 15:11:00,ccf-aiops-武汉,service-vm-3,service,ens5,NULL,0,0,0,0,0,0,0,0,0
2026-07-28 15:11:00,ccf-aiops-武汉,service-vm-3,service,ens6,NULL,0,0,0,0,0,0,0,0,0
2026-07-28 15:11:00,ccf-aiops-武汉,traffic-vm,traffic,ens3,NULL,14.933333333333334,0,0.04444444444444444,0,0,0,0,0,0
2026-07-28 15:11:00,ccf-aiops-武汉,traffic-vm,traffic,ens4,business,242.26666666666668,15209.822222222221,2.355555555555555,1.8666666666666667,0,0,0,0,0
2026-07-28 15:11:00,ccf-aiops-武汉,traffic-vm,traffic,ens5,NULL,0,0,0,0,0,0,0,0,0
2026-07-28 15:11:00,ccf-aiops-武汉,traffic-vm,traffic,ens6,NULL,0,0,0,0,0,0,0,0,0
2026-07-28 15:12:00,ccf-aiops-武汉,br-1,br,ens10,NULL,0,0,0,0,0,0,0,0,0
2026-07-28 15:12:00,ccf-aiops-武汉,br-1,br,ens11,NULL,0,0,0,0,0,0,0,0,0
2026-07-28 15:12:00,ccf-aiops-武汉,br-1,br,ens12,NULL,0,0,0,0,0,0,0,0,0
2026-07-28 15:12:00,ccf-aiops-武汉,br-1,br,ens3,NULL,134.6222222222222,114.22222222222221,0.6888888888888888,0.5555555555555555,0,0,0,0,0
2026-07-28 15:12:00,ccf-aiops-武汉,br-1,br,ens4,backbone,793751.8444444444,793214.7333333333,556.3555555555555,551.3777777777777,0,0,0,0,0
2026-07-28 15:12:00,ccf-aiops-武汉,br-1,br,ens5,backbone,1472.4222222222222,4269.933333333333,12.377777777777776,13.511111111111111,0,0,0,0,0
2026-07-28 15:12:00,ccf-aiops-武汉,br-1,br,ens6,NULL,0,0,0,0,0,0,0,0,0
2026-07-28 15:12:00,ccf-aiops-武汉,br-1,br,ens7,NULL,0,0,0,0,0,0,0,0,0
2026-07-28 15:12:00,ccf-aiops-武汉,br-1,br,ens8,NULL,0,0,0,0,0,0,0,0,0
2026-07-28 15:12:00,ccf-aiops-武汉,br-1,br,ens9,NULL,0,0,0,0,0,0,0,0,0
2026-07-28 15:12:00,ccf-aiops-武汉,br-2,br,ens10,NULL,0,0,0,0,0,0,0,0,0
2026-07-28 15:12:00,ccf-aiops-武汉,br-2,br,ens11,NULL,0,0,0,0,0,0,0,0,0
2026-07-28 15:12:00,ccf-aiops-武汉,br-2,br,ens12,NULL,0,0,0,0,0,0,0,0,0
2026-07-28 15:12:00,ccf-aiops-武汉,br-2,br,ens3,NULL,139.55555555555554,113.28888888888888,0.6666666666666666,0.5333333333333333,0,0,0,0,0
2026-07-28 15:12:00,ccf-aiops-武汉,br-2,br,ens4,backbone,3330588.644444444,3330279.4888888886,2256.8888888888887,2253.911111111111,0,0,0,0,0
2026-07-28 15:12:00,ccf-aiops-武汉,br-2,br,ens5,backbone,1626.6444444444444,4408.844444444444,13.6,13.11111111111111,0,0,0,0,0
2026-07-28 15:12:00,ccf-aiops-武汉,br-2,br,ens6,NULL,0,0,0,0,0,0,0,0,0
2026-07-28 15:12:00,ccf-aiops-武汉,br-2,br,ens7,NULL,0,0,0,0,0,0,0,0,0
2026-07-28 15:12:00,ccf-aiops-武汉,br-2,br,ens8,NULL,0,0,0,0,0,0,0,0,0
2026-07-28 15:12:00,ccf-aiops-武汉,br-2,br,ens9,NULL,0,0,0,0,0,0,0,0,0
2026-07-28 15:12:00,ccf-aiops-武汉,cr-1,cr,ens10,NULL,0,0,0,0,0,0,0,0,0
2026-07-28 15:12:00,ccf-aiops-武汉,cr-1,cr,ens11,NULL,0,0,0,0,0,0,0,0,0
2026-07-28 15:12:00,ccf-aiops-武汉,cr-1,cr,ens12,NULL,0,0,0,0,0,0,0,0,0
2026-07-28 15:12:00,ccf-aiops-武汉,cr-1,cr,ens3,NULL,133.2888888888889,114.22222222222221,0.6666666666666666,0.5555555555555555,0,0,0,0,0
2026-07-28 15:12:00,ccf-aiops-武汉,cr-1,cr,ens4,backbone,2340.266666666667,1457.4444444444443,10.42222222222222,12.2,0,0,0,0,0
2026-07-28 15:12:00,ccf-aiops-武汉,cr-1,cr,ens5,backbone,1572.4666666666667,4452.622222222222,13.155555555555555,11.288888888888888,0,0,0,0,0
2026-07-28 15:12:00,ccf-aiops-武汉,cr-1,cr,ens6,NULL,0,0,0,0,0,0,0,0,0
2026-07-28 15:12:00,ccf-aiops-武汉,cr-1,cr,ens7,NULL,0,0,0,0,0,0,0,0,0
2026-07-28 15:12:00,ccf-aiops-武汉,cr-1,cr,ens8,NULL,0,0,0,0,0,0,0,0,0
2026-07-28 15:12:00,ccf-aiops-武汉,cr-1,cr,ens9,NULL,0,0,0,0,0,0,0,0,0
2026-07-28 15:12:00,ccf-aiops-武汉,cr-2,cr,ens10,NULL,0,0,0,0,0,0,0,0,0
2026-07-28 15:12:00,ccf-aiops-武汉,cr-2,cr,ens11,NULL,0,0,0,0,0,0,0,0,0
2026-07-28 15:12:00,ccf-aiops-武汉,cr-2,cr,ens12,NULL,0,0,0,0,0,0,0,0,0
2026-07-28 15:12:00,ccf-aiops-武汉,cr-2,cr,ens3,NULL,34.57777777777778,0.9333333333333333,0.15555555555555553,0.022222222222222223,0,0,0,0,0
2026-07-28 15:12:00,ccf-aiops-武汉,cr-2,cr,ens4,backbone,6213.666666666668,1936.1777777777777,17.955555555555556,16.15555555555556,0,0,0,0,0
2026-07-28 15:12:00,ccf-aiops-武汉,cr-2,cr,ens5,backbone,2062.1333333333337,8320.133333333333,17.244444444444444,18.91111111111111,0,0,0,0,0
2026-07-28 15:12:00,ccf-aiops-武汉,cr-2,cr,ens6,NULL,0,0,0,0,0,0,0,0,0
2026-07-28 15:12:00,ccf-aiops-武汉,cr-2,cr,ens7,NULL,0,0,0,0,0,0,0,0,0
2026-07-28 15:12:00,ccf-aiops-武汉,cr-2,cr,ens8,NULL,0,0,0,0,0,0,0,0,0
2026-07-28 15:12:00,ccf-aiops-武汉,cr-2,cr,ens9,NULL,0,0,0,0,0,0,0,0,0
2026-07-28 15:12:00,ccf-aiops-武汉,fw,firewall,ens3,NULL,333.6444444444444,170.93333333333334,3.466666666666667,1.6888888888888889,0,0,0,0,0
2026-07-28 15:12:00,ccf-aiops-武汉,fw,firewall,ens4,backbone,13158.31111111111,3169.3555555555554,29,26.466666666666665,0,0,0,0,0
2026-07-28 15:12:00,ccf-aiops-武汉,fw,firewall,ens5,business,3235.155555555555,14319.22222222222,27.04444444444444,29.133333333333333,0,0,0,0,0
2026-07-28 15:12:00,ccf-aiops-武汉,fw,firewall,ens6,NULL,0,0,0,0,0,0,0,0,0
2026-07-28 15:12:00,ccf-aiops-武汉,monitor-vm,collector,ens3,NULL,143.37777777777777,68.93333333333334,1.4666666666666666,0.6888888888888888,0,0,0,0,0
2026-07-28 15:12:00,ccf-aiops-武汉,monitor-vm,collector,ens4,mgmt,31402.222222222223,1057.1333333333334,12.377777777777776,9.4,0,0,0,0,0
2026-07-28 15:12:00,ccf-aiops-武汉,monitor-vm,collector,ens5,NULL,0,0,0,0,0,0,0,0,0
2026-07-28 15:12:00,ccf-aiops-武汉,monitor-vm,collector,ens6,NULL,0,0,0,0,0,0,0,0,0
2026-07-28 15:12:00,ccf-aiops-武汉,probe-vm,probe,ens3,NULL,74,68.35555555555555,0.4,0.31111111111111106,0,0,0,0,0
2026-07-28 15:12:00,ccf-aiops-武汉,probe-vm,probe,ens4,business,52.977777777777774,1164.9777777777776,0.4222222222222222,0.26666666666666666,0,0,0,0,0
2026-07-28 15:12:00,ccf-aiops-武汉,probe-vm,probe,ens5,NULL,0,0,0,0,0,0,0,0,0
2026-07-28 15:12:00,ccf-aiops-武汉,probe-vm,probe,ens6,NULL,0,0,0,0,0,0,0,0,0
2026-07-28 15:12:00,ccf-aiops-武汉,service-vm-1,service,ens3,NULL,141.46666666666667,96.35555555555555,1.0666666666666667,0.6444444444444444,0,0,0,0,0
2026-07-28 15:12:00,ccf-aiops-武汉,service-vm-1,service,ens4,service,2197.4888888888886,3390.244444444444,18.444444444444443,18.466666666666665,0,0,0,0,0
2026-07-28 15:12:00,ccf-aiops-武汉,service-vm-1,service,ens5,NULL,0,0,0,0,0,0,0,0,0
2026-07-28 15:12:00,ccf-aiops-武汉,service-vm-1,service,ens6,NULL,0,0,0,0,0,0,0,0,0
2026-07-28 15:12:00,ccf-aiops-武汉,service-vm-2,service,ens3,NULL,87.73333333333333,60.888888888888886,0.4222222222222222,0.28888888888888886,0,0,0,0,0
2026-07-28 15:12:00,ccf-aiops-武汉,service-vm-2,service,ens4,service,64.17777777777778,1180.8666666666666,0.5555555555555555,0.4,0,0,0,0,0
2026-07-28 15:12:00,ccf-aiops-武汉,service-vm-2,service,ens5,NULL,0,0,0,0,0,0,0,0,0
2026-07-28 15:12:00,ccf-aiops-武汉,service-vm-2,service,ens6,NULL,0,0,0,0,0,0,0,0,0
2026-07-28 15:12:00,ccf-aiops-武汉,service-vm-3,service,ens3,NULL,25.777777777777775,7.466666666666667,0.11111111111111113,0.02222222222222222,0,0,0,0,0
2026-07-28 15:12:00,ccf-aiops-武汉,service-vm-3,service,ens4,service,69.9111111111111,1181.9555555555555,0.6222222222222222,0.4,0,0,0,0,0
2026-07-28 15:12:00,ccf-aiops-武汉,service-vm-3,service,ens5,NULL,0,0,0,0,0,0,0,0,0
2026-07-28 15:12:00,ccf-aiops-武汉,service-vm-3,service,ens6,NULL,0,0,0,0,0,0,0,0,0
2026-07-28 15:12:00,ccf-aiops-武汉,traffic-vm,traffic,ens3,NULL,33.24444444444444,0,0.13333333333333333,0,0,0,0,0,0
2026-07-28 15:12:00,ccf-aiops-武汉,traffic-vm,traffic,ens4,business,1716.6666666666667,16369.333333333336,12.444444444444445,11.955555555555554,0,0,0,0,0
2026-07-28 15:12:00,ccf-aiops-武汉,traffic-vm,traffic,ens5,NULL,0,0,0,0,0,0,0,0,0
2026-07-28 15:12:00,ccf-aiops-武汉,traffic-vm,traffic,ens6,NULL,0,0,0,0,0,0,0,0,0
2026-07-28 15:13:00,ccf-aiops-武汉,br-1,br,ens10,NULL,0,0,0,0,0,0,0,0,0
2026-07-28 15:13:00,ccf-aiops-武汉,br-1,br,ens11,NULL,0,0,0,0,0,0,0,0,0
2026-07-28 15:13:00,ccf-aiops-武汉,br-1,br,ens12,NULL,0,0,0,0,0,0,0,0,0
2026-07-28 15:13:00,ccf-aiops-武汉,br-1,br,ens3,NULL,68.8,0,0.5555555555555555,0,0,0,0,0,0
2026-07-28 15:13:00,ccf-aiops-武汉,br-1,br,ens4,backbone,577858.8444444444,577548.6888888888,401.4444444444444,397.9555555555555,0,0,0,0,0
2026-07-28 15:13:00,ccf-aiops-武汉,br-1,br,ens5,backbone,627.4444444444445,3333.311111111111,5.222222222222222,4.777777777777777,0,0,0,0,0
2026-07-28 15:13:00,ccf-aiops-武汉,br-1,br,ens6,NULL,0,0,0,0,0,0,0,0,0
2026-07-28 15:13:00,ccf-aiops-武汉,br-1,br,ens7,NULL,0,0,0,0,0,0,0,0,0
2026-07-28 15:13:00,ccf-aiops-武汉,br-1,br,ens8,NULL,0,0,0,0,0,0,0,0,0
2026-07-28 15:13:00,ccf-aiops-武汉,br-1,br,ens9,NULL,0,0,0,0,0,0,0,0,0
2026-07-28 15:13:00,ccf-aiops-武汉,br-2,br,ens10,NULL,0,0,0,0,0,0,0,0,0
2026-07-28 15:13:00,ccf-aiops-武汉,br-2,br,ens11,NULL,0,0,0,0,0,0,0,0,0
2026-07-28 15:13:00,ccf-aiops-武汉,br-2,br,ens12,NULL,0,0,0,0,0,0,0,0,0
2026-07-28 15:13:00,ccf-aiops-武汉,br-2,br,ens3,NULL,48.62222222222222,0,0.5111111111111111,0,0,0,0,0,0
2026-07-28 15:13:00,ccf-aiops-武汉,br-2,br,ens4,backbone,1824324.4444444443,1823845.022222222,1240.0222222222221,1234.9333333333334,0,0,0,0,0
2026-07-28 15:13:00,ccf-aiops-武汉,br-2,br,ens5,backbone,587.6,3582.5333333333333,5.066666666666666,6.377777777777777,0,0,0,0,0
2026-07-28 15:13:00,ccf-aiops-武汉,br-2,br,ens6,NULL,0,0,0,0,0,0,0,0,0
2026-07-28 15:13:00,ccf-aiops-武汉,br-2,br,ens7,NULL,0,0,0,0,0,0,0,0,0
2026-07-28 15:13:00,ccf-aiops-武汉,br-2,br,ens8,NULL,0,0,0,0,0,0,0,0,0
2026-07-28 15:13:00,ccf-aiops-武汉,br-2,br,ens9,NULL,0,0,0,0,0,0,0,0,0
2026-07-28 15:13:00,ccf-aiops-武汉,cr-1,cr,ens10,NULL,0,0,0,0,0,0,0,0,0
2026-07-28 15:13:00,ccf-aiops-武汉,cr-1,cr,ens11,NULL,0,0,0,0,0,0,0,0,0
2026-07-28 15:13:00,ccf-aiops-武汉,cr-1,cr,ens12,NULL,0,0,0,0,0,0,0,0,0
2026-07-28 15:13:00,ccf-aiops-武汉,cr-1,cr,ens3,NULL,68.8,0,0.5555555555555555,0,0,0,0,0,0
2026-07-28 15:13:00,ccf-aiops-武汉,cr-1,cr,ens4,backbone,1750.7333333333333,498.6222222222222,5.022222222222222,4.288888888888889,0,0,0,0,0
2026-07-28 15:13:00,ccf-aiops-武汉,cr-1,cr,ens5,backbone,609.1111111111111,4153.222222222222,5.2,6.066666666666666,0,0,0,0,0
2026-07-28 15:13:00,ccf-aiops-武汉,cr-1,cr,ens6,NULL,0,0,0,0,0,0,0,0,0
2026-07-28 15:13:00,ccf-aiops-武汉,cr-1,cr,ens7,NULL,0,0,0,0,0,0,0,0,0
2026-07-28 15:13:00,ccf-aiops-武汉,cr-1,cr,ens8,NULL,0,0,0,0,0,0,0,0,0
2026-07-28 15:13:00,ccf-aiops-武汉,cr-1,cr,ens9,NULL,0,0,0,0,0,0,0,0,0
2026-07-28 15:13:00,ccf-aiops-武汉,cr-2,cr,ens10,NULL,0,0,0,0,0,0,0,0,0
2026-07-28 15:13:00,ccf-aiops-武汉,cr-2,cr,ens11,NULL,0,0,0,0,0,0,0,0,0
2026-07-28 15:13:00,ccf-aiops-武汉,cr-2,cr,ens12,NULL,0,0,0,0,0,0,0,0,0
2026-07-28 15:13:00,ccf-aiops-武汉,cr-2,cr,ens3,NULL,57.77777777777778,0,0.5555555555555555,0,0,0,0,0,0
2026-07-28 15:13:00,ccf-aiops-武汉,cr-2,cr,ens4,backbone,5340.4222222222215,835.3333333333334,8.11111111111111,7.111111111111111,0,0,0,0,0
2026-07-28 15:13:00,ccf-aiops-武汉,cr-2,cr,ens5,backbone,959.3777777777777,7898.6,8.177777777777777,9.244444444444444,0,0,0,0,0
2026-07-28 15:13:00,ccf-aiops-武汉,cr-2,cr,ens6,NULL,0,0,0,0,0,0,0,0,0
2026-07-28 15:13:00,ccf-aiops-武汉,cr-2,cr,ens7,NULL,0,0,0,0,0,0,0,0,0
2026-07-28 15:13:00,ccf-aiops-武汉,cr-2,cr,ens8,NULL,0,0,0,0,0,0,0,0,0
2026-07-28 15:13:00,ccf-aiops-武汉,cr-2,cr,ens9,NULL,0,0,0,0,0,0,0,0,0
2026-07-28 15:13:00,ccf-aiops-武汉,fw,firewall,ens3,NULL,425.8666666666667,230.08888888888887,4.133333333333334,1.9555555555555555,0,0,0,0,0
2026-07-28 15:13:00,ccf-aiops-武汉,fw,firewall,ens4,backbone,12317.71111111111,1486.6666666666667,16.155555555555555,12.577777777777778,0,0,0,0,0
2026-07-28 15:13:00,ccf-aiops-武汉,fw,firewall,ens5,business,1544.4666666666667,13473.422222222222,13.066666666666666,16.22222222222222,0,0,0,0,0
2026-07-28 15:13:00,ccf-aiops-武汉,fw,firewall,ens6,NULL,0,0,0,0,0,0,0,0,0
2026-07-28 15:13:00,ccf-aiops-武汉,monitor-vm,collector,ens3,NULL,185.2,68.93333333333334,1.8888888888888888,0.6888888888888888,0,0,0,0,0
2026-07-28 15:13:00,ccf-aiops-武汉,monitor-vm,collector,ens4,mgmt,32062.577777777777,1042.3777777777777,12.622222222222222,9.222222222222221,0,0,0,0,0
2026-07-28 15:13:00,ccf-aiops-武汉,monitor-vm,collector,ens5,NULL,0,0,0,0,0,0,0,0,0
2026-07-28 15:13:00,ccf-aiops-武汉,monitor-vm,collector,ens6,NULL,0,0,0,0,0,0,0,0,0
2026-07-28 15:13:00,ccf-aiops-武汉,probe-vm,probe,ens3,NULL,72.4,2.8,0.6222222222222221,0.06666666666666667,0,0,0,0,0
2026-07-28 15:13:00,ccf-aiops-武汉,probe-vm,probe,ens4,business,61.91111111111111,1174.0222222222221,0.5333333333333333,0.3555555555555555,0,0,0,0,0
2026-07-28 15:13:00,ccf-aiops-武汉,probe-vm,probe,ens5,NULL,0,0,0,0,0,0,0,0,0
2026-07-28 15:13:00,ccf-aiops-武汉,probe-vm,probe,ens6,NULL,0,0,0,0,0,0,0,0,0
2026-07-28 15:13:00,ccf-aiops-武汉,service-vm-1,service,ens3,NULL,133.0222222222222,34.93333333333333,1.2666666666666666,0.3555555555555555,0,0,0,0,0
2026-07-28 15:13:00,ccf-aiops-武汉,service-vm-1,service,ens4,service,704.0444444444444,1820.711111111111,5.888888888888888,5.6,0,0,0,0,0
2026-07-28 15:13:00,ccf-aiops-武汉,service-vm-1,service,ens5,NULL,0,0,0,0,0,0,0,0,0
2026-07-28 15:13:00,ccf-aiops-武汉,service-vm-1,service,ens6,NULL,0,0,0,0,0,0,0,0,0
2026-07-28 15:13:00,ccf-aiops-武汉,service-vm-2,service,ens3,NULL,108.75555555555555,62.35555555555555,0.8,0.31111111111111106,0,0,0,0,0
2026-07-28 15:13:00,ccf-aiops-武汉,service-vm-2,service,ens4,service,64.17777777777778,1182.2888888888888,0.5555555555555555,0.4222222222222222,0,0,0,0,0
2026-07-28 15:13:00,ccf-aiops-武汉,service-vm-2,service,ens5,NULL,0,0,0,0,0,0,0,0,0
2026-07-28 15:13:00,ccf-aiops-武汉,service-vm-2,service,ens6,NULL,0,0,0,0,0,0,0,0,0
2026-07-28 15:13:00,ccf-aiops-武汉,service-vm-3,service,ens3,NULL,109.15555555555555,63.288888888888884,0.8,0.3333333333333333,0,0,0,0,0
2026-07-28 15:13:00,ccf-aiops-武汉,service-vm-3,service,ens4,service,69.55555555555556,1181.622222222222,0.6222222222222221,0.4,0,0,0,0,0
2026-07-28 15:13:00,ccf-aiops-武汉,service-vm-3,service,ens5,NULL,0,0,0,0,0,0,0,0,0
2026-07-28 15:13:00,ccf-aiops-武汉,service-vm-3,service,ens6,NULL,0,0,0,0,0,0,0,0,0
2026-07-28 15:13:00,ccf-aiops-武汉,traffic-vm,traffic,ens3,NULL,110.7111111111111,60.888888888888886,0.8222222222222222,0.28888888888888886,0,0,0,0,0
2026-07-28 15:13:00,ccf-aiops-武汉,traffic-vm,traffic,ens4,business,529.1111111111111,15421.933333333332,4.333333333333333,3.755555555555555,0,0,0,0,0
2026-07-28 15:13:00,ccf-aiops-武汉,traffic-vm,traffic,ens5,NULL,0,0,0,0,0,0,0,0,0
2026-07-28 15:13:00,ccf-aiops-武汉,traffic-vm,traffic,ens6,NULL,0,0,0,0,0,0,0,0,0
2026-07-28 15:14:00,ccf-aiops-武汉,br-1,br,ens10,NULL,0,0,0,0,0,0,0,0,0
2026-07-28 15:14:00,ccf-aiops-武汉,br-1,br,ens11,NULL,0,0,0,0,0,0,0,0,0
2026-07-28 15:14:00,ccf-aiops-武汉,br-1,br,ens12,NULL,0,0,0,0,0,0,0,0,0
2026-07-28 15:14:00,ccf-aiops-武汉,br-1,br,ens3,NULL,111.15555555555555,103.68888888888888,0.5111111111111111,0.4444444444444444,0,0,0,0,0
2026-07-28 15:14:00,ccf-aiops-武汉,br-1,br,ens4,backbone,2626.822222222222,2242.622222222222,22.04444444444444,17.6,0,0,0,0,0
2026-07-28 15:14:00,ccf-aiops-武汉,br-1,br,ens5,backbone,1114.6888888888889,3236.2222222222217,9.177777777777777,8.822222222222221,0,0,0,0,0
2026-07-28 15:14:00,ccf-aiops-武汉,br-1,br,ens6,NULL,0,0,0,0,0,0,0,0,0
2026-07-28 15:14:00,ccf-aiops-武汉,br-1,br,ens7,NULL,0,0,0,0,0,0,0,0,0
2026-07-28 15:14:00,ccf-aiops-武汉,br-1,br,ens8,NULL,0,0,0,0,0,0,0,0,0
2026-07-28 15:14:00,ccf-aiops-武汉,br-1,br,ens9,NULL,0,0,0,0,0,0,0,0,0
2026-07-28 15:14:00,ccf-aiops-武汉,br-2,br,ens10,NULL,0,0,0,0,0,0,0,0,0
2026-07-28 15:14:00,ccf-aiops-武汉,br-2,br,ens11,NULL,0,0,0,0,0,0,0,0,0
2026-07-28 15:14:00,ccf-aiops-武汉,br-2,br,ens12,NULL,0,0,0,0,0,0,0,0,0
2026-07-28 15:14:00,ccf-aiops-武汉,br-2,br,ens3,NULL,10.71111111111111,0,0.06666666666666667,0,0,0,0,0,0
2026-07-28 15:14:00,ccf-aiops-武汉,br-2,br,ens4,backbone,2579.644444444444,2029.6888888888889,21.977777777777774,16.377777777777776,0,0,0,0,0
2026-07-28 15:14:00,ccf-aiops-武汉,br-2,br,ens5,backbone,1045.5111111111112,3634.3333333333335,9.02222222222222,10.044444444444444,0,0,0,0,0
2026-07-28 15:14:00,ccf-aiops-武汉,br-2,br,ens6,NULL,0,0,0,0,0,0,0,0,0
2026-07-28 15:14:00,ccf-aiops-武汉,br-2,br,ens7,NULL,0,0,0,0,0,0,0,0,0
2026-07-28 15:14:00,ccf-aiops-武汉,br-2,br,ens8,NULL,0,0,0,0,0,0,0,0,0
2026-07-28 15:14:00,ccf-aiops-武汉,br-2,br,ens9,NULL,0,0,0,0,0,0,0,0,0
2026-07-28 15:14:00,ccf-aiops-武汉,cr-1,cr,ens10,NULL,0,0,0,0,0,0,0,0,0
2026-07-28 15:14:00,ccf-aiops-武汉,cr-1,cr,ens11,NULL,0,0,0,0,0,0,0,0,0
2026-07-28 15:14:00,ccf-aiops-武汉,cr-1,cr,ens12,NULL,0,0,0,0,0,0,0,0,0
2026-07-28 15:14:00,ccf-aiops-武汉,cr-1,cr,ens3,NULL,10.71111111111111,0,0.06666666666666667,0,0,0,0,0,0
2026-07-28 15:14:00,ccf-aiops-武汉,cr-1,cr,ens4,backbone,1666.9777777777776,1147.822222222222,8.777777777777777,9.755555555555555,0,0,0,0,0
2026-07-28 15:14:00,ccf-aiops-武汉,cr-1,cr,ens5,backbone,1260.4,3793.3333333333335,10.688888888888888,9.666666666666666,0,0,0,0,0
2026-07-28 15:14:00,ccf-aiops-武汉,cr-1,cr,ens6,NULL,0,0,0,0,0,0,0,0,0
2026-07-28 15:14:00,ccf-aiops-武汉,cr-1,cr,ens7,NULL,0,0,0,0,0,0,0,0,0
2026-07-28 15:14:00,ccf-aiops-武汉,cr-1,cr,ens8,NULL,0,0,0,0,0,0,0,0,0
2026-07-28 15:14:00,ccf-aiops-武汉,cr-1,cr,ens9,NULL,0,0,0,0,0,0,0,0,0
2026-07-28 15:14:00,ccf-aiops-武汉,cr-2,cr,ens10,NULL,0,0,0,0,0,0,0,0,0
2026-07-28 15:14:00,ccf-aiops-武汉,cr-2,cr,ens11,NULL,0,0,0,0,0,0,0,0,0
2026-07-28 15:14:00,ccf-aiops-武汉,cr-2,cr,ens12,NULL,0,0,0,0,0,0,0,0,0
2026-07-28 15:14:00,ccf-aiops-武汉,cr-2,cr,ens3,NULL,126.22222222222221,103.68888888888888,0.5555555555555555,0.4444444444444444,0,0,0,0,0
2026-07-28 15:14:00,ccf-aiops-武汉,cr-2,cr,ens4,backbone,4854.177777777777,872.8888888888888,9.266666666666667,7.333333333333333,0,0,0,0,0
2026-07-28 15:14:00,ccf-aiops-武汉,cr-2,cr,ens5,backbone,998.8444444444444,6789.644444444444,8.422222222222222,10.088888888888887,0,0,0,0,0
2026-07-28 15:14:00,ccf-aiops-武汉,cr-2,cr,ens6,NULL,0,0,0,0,0,0,0,0,0
2026-07-28 15:14:00,ccf-aiops-武汉,cr-2,cr,ens7,NULL,0,0,0,0,0,0,0,0,0
2026-07-28 15:14:00,ccf-aiops-武汉,cr-2,cr,ens8,NULL,0,0,0,0,0,0,0,0,0
2026-07-28 15:14:00,ccf-aiops-武汉,cr-2,cr,ens9,NULL,0,0,0,0,0,0,0,0,0
2026-07-28 15:14:00,ccf-aiops-武汉,fw,firewall,ens3,NULL,373.2,231.8222222222222,3.711111111111111,1.9777777777777776,0,0,0,0,0
2026-07-28 15:14:00,ccf-aiops-武汉,fw,firewall,ens4,backbone,12084.733333333334,2595.2222222222217,24.288888888888888,21.8,0,0,0,0,0
2026-07-28 15:14:00,ccf-aiops-武汉,fw,firewall,ens5,business,2657.3777777777777,13237.666666666666,22.333333333333332,24.333333333333332,0,0,0,0,0
2026-07-28 15:14:00,ccf-aiops-武汉,fw,firewall,ens6,NULL,0,0,0,0,0,0,0,0,0
2026-07-28 15:14:00,ccf-aiops-武汉,monitor-vm,collector,ens3,NULL,242.35555555555553,189.77777777777777,1.9777777777777776,1.2444444444444442,0,0,0,0,0
2026-07-28 15:14:00,ccf-aiops-武汉,monitor-vm,collector,ens4,mgmt,30439.733333333334,1054.6888888888889,11.644444444444444,9.377777777777776,0,0,0,0,0
2026-07-28 15:14:00,ccf-aiops-武汉,monitor-vm,collector,ens5,NULL,0,0,0,0,0,0,0,0,0
2026-07-28 15:14:00,ccf-aiops-武汉,monitor-vm,collector,ens6,NULL,0,0,0,0,0,0,0,0,0
2026-07-28 15:14:00,ccf-aiops-武汉,probe-vm,probe,ens3,NULL,12.044444444444444,0.9333333333333333,0.08888888888888888,0.02222222222222222,0,0,0,0,0
2026-07-28 15:14:00,ccf-aiops-武汉,probe-vm,probe,ens4,business,60.35555555555555,1172.7777777777776,0.5111111111111111,0.3555555555555555,0,0,0,0,0
2026-07-28 15:14:00,ccf-aiops-武汉,probe-vm,probe,ens5,NULL,0,0,0,0,0,0,0,0,0
2026-07-28 15:14:00,ccf-aiops-武汉,probe-vm,probe,ens6,NULL,0,0,0,0,0,0,0,0,0
2026-07-28 15:14:00,ccf-aiops-武汉,service-vm-1,service,ens3,NULL,122.13333333333334,93.37777777777777,0.9777777777777777,0.6222222222222221,0,0,0,0,0
2026-07-28 15:14:00,ccf-aiops-武汉,service-vm-1,service,ens4,service,1728.3777777777775,2883.9777777777776,14.444444444444445,14.444444444444445,0,0,0,0,0
2026-07-28 15:14:00,ccf-aiops-武汉,service-vm-1,service,ens5,NULL,0,0,0,0,0,0,0,0,0
2026-07-28 15:14:00,ccf-aiops-武汉,service-vm-1,service,ens6,NULL,0,0,0,0,0,0,0,0,0
2026-07-28 15:14:00,ccf-aiops-武汉,service-vm-2,service,ens3,NULL,71.33333333333333,61.42222222222222,0.3555555555555555,0.28888888888888886,0,0,0,0,0
2026-07-28 15:14:00,ccf-aiops-武汉,service-vm-2,service,ens4,service,66.08888888888889,1181.1111111111109,0.5777777777777777,0.4,0,0,0,0,0
2026-07-28 15:14:00,ccf-aiops-武汉,service-vm-2,service,ens5,NULL,0,0,0,0,0,0,0,0,0
2026-07-28 15:14:00,ccf-aiops-武汉,service-vm-2,service,ens6,NULL,0,0,0,0,0,0,0,0,0
2026-07-28 15:14:00,ccf-aiops-武汉,service-vm-3,service,ens3,NULL,25.777777777777775,0,0.1111111111111111,0,0,0,0,0,0
2026-07-28 15:14:00,ccf-aiops-武汉,service-vm-3,service,ens4,service,68,1179.5555555555554,0.6,0.4,0,0,0,0,0
2026-07-28 15:14:00,ccf-aiops-武汉,service-vm-3,service,ens5,NULL,0,0,0,0,0,0,0,0,0
2026-07-28 15:14:00,ccf-aiops-武汉,service-vm-3,service,ens6,NULL,0,0,0,0,0,0,0,0,0
2026-07-28 15:14:00,ccf-aiops-武汉,traffic-vm,traffic,ens3,NULL,25.777777777777775,0,0.1111111111111111,0,0,0,0,0,0
2026-07-28 15:14:00,ccf-aiops-武汉,traffic-vm,traffic,ens4,business,409.1555555555555,15338.02222222222,3.6,3.0444444444444443,0,0,0,0,0
2026-07-28 15:14:00,ccf-aiops-武汉,traffic-vm,traffic,ens5,NULL,0,0,0,0,0,0,0,0,0
2026-07-28 15:14:00,ccf-aiops-武汉,traffic-vm,traffic,ens6,NULL,0,0,0,0,0,0,0,0,0
2026-07-28 15:15:00,ccf-aiops-武汉,br-1,br,ens10,NULL,0,0,0,0,0,0,0,0,0
2026-07-28 15:15:00,ccf-aiops-武汉,br-1,br,ens11,NULL,0,0,0,0,0,0,0,0,0
2026-07-28 15:15:00,ccf-aiops-武汉,br-1,br,ens12,NULL,0,0,0,0,0,0,0,0,0
2026-07-28 15:15:00,ccf-aiops-武汉,br-1,br,ens3,NULL,10.133333333333333,0,0.04444444444444444,0,0,0,0,0,0
2026-07-28 15:15:00,ccf-aiops-武汉,br-1,br,ens4,backbone,3990.8444444444444,3396.3777777777777,32.48888888888889,26.533333333333335,0,0,0,0,0
2026-07-28 15:15:00,ccf-aiops-武汉,br-1,br,ens5,backbone,753.4222222222221,3382.777777777778,6.6,7.666666666666667,0,0,0,0,0
2026-07-28 15:15:00,ccf-aiops-武汉,br-1,br,ens6,NULL,0,0,0,0,0,0,0,0,0
2026-07-28 15:15:00,ccf-aiops-武汉,br-1,br,ens7,NULL,0,0,0,0,0,0,0,0,0
2026-07-28 15:15:00,ccf-aiops-武汉,br-1,br,ens8,NULL,0,0,0,0,0,0,0,0,0
2026-07-28 15:15:00,ccf-aiops-武汉,br-1,br,ens9,NULL,0,0,0,0,0,0,0,0,0
2026-07-28 15:15:00,ccf-aiops-武汉,br-2,br,ens10,NULL,0,0,0,0,0,0,0,0,0
2026-07-28 15:15:00,ccf-aiops-武汉,br-2,br,ens11,NULL,0,0,0,0,0,0,0,0,0
2026-07-28 15:15:00,ccf-aiops-武汉,br-2,br,ens12,NULL,0,0,0,0,0,0,0,0,0
2026-07-28 15:15:00,ccf-aiops-武汉,br-2,br,ens3,NULL,10.133333333333333,0,0.04444444444444444,0,0,0,0,0,0
2026-07-28 15:15:00,ccf-aiops-武汉,br-2,br,ens4,backbone,1869.0444444444443,1529.311111111111,16.11111111111111,12.355555555555554,0,0,0,0,0
2026-07-28 15:15:00,ccf-aiops-武汉,br-2,br,ens5,backbone,977.9777777777778,3597.733333333333,8.355555555555556,7.8,0,0,0,0,0
2026-07-28 15:15:00,ccf-aiops-武汉,br-2,br,ens6,NULL,0,0,0,0,0,0,0,0,0
2026-07-28 15:15:00,ccf-aiops-武汉,br-2,br,ens7,NULL,0,0,0,0,0,0,0,0,0
2026-07-28 15:15:00,ccf-aiops-武汉,br-2,br,ens8,NULL,0,0,0,0,0,0,0,0,0
2026-07-28 15:15:00,ccf-aiops-武汉,br-2,br,ens9,NULL,0,0,0,0,0,0,0,0,0
2026-07-28 15:15:00,ccf-aiops-武汉,cr-1,cr,ens10,NULL,0,0,0,0,0,0,0,0,0
2026-07-28 15:15:00,ccf-aiops-武汉,cr-1,cr,ens11,NULL,0,0,0,0,0,0,0,0,0
2026-07-28 15:15:00,ccf-aiops-武汉,cr-1,cr,ens12,NULL,0,0,0,0,0,0,0,0,0
2026-07-28 15:15:00,ccf-aiops-武汉,cr-1,cr,ens3,NULL,117.77777777777777,114.22222222222221,0.6,0.5555555555555555,0,0,0,0,0
2026-07-28 15:15:00,ccf-aiops-武汉,cr-1,cr,ens4,backbone,1799.4888888888888,778.1111111111111,7.4,6.8,0,0,0,0,0
2026-07-28 15:15:00,ccf-aiops-武汉,cr-1,cr,ens5,backbone,897.4888888888888,4154.777777777777,7.8,8.422222222222222,0,0,0,0,0
2026-07-28 15:15:00,ccf-aiops-武汉,cr-1,cr,ens6,NULL,0,0,0,0,0,0,0,0,0
2026-07-28 15:15:00,ccf-aiops-武汉,cr-1,cr,ens7,NULL,0,0,0,0,0,0,0,0,0
2026-07-28 15:15:00,ccf-aiops-武汉,cr-1,cr,ens8,NULL,0,0,0,0,0,0,0,0,0
2026-07-28 15:15:00,ccf-aiops-武汉,cr-1,cr,ens9,NULL,0,0,0,0,0,0,0,0,0
2026-07-28 15:15:00,ccf-aiops-武汉,cr-2,cr,ens10,NULL,0,0,0,0,0,0,0,0,0
2026-07-28 15:15:00,ccf-aiops-武汉,cr-2,cr,ens11,NULL,0,0,0,0,0,0,0,0,0
2026-07-28 15:15:00,ccf-aiops-武汉,cr-2,cr,ens12,NULL,0,0,0,0,0,0,0,0,0
2026-07-28 15:15:00,ccf-aiops-武汉,cr-2,cr,ens3,NULL,2.533333333333333,0,0.02222222222222222,0,0,0,0,0,0
2026-07-28 15:15:00,ccf-aiops-武汉,cr-2,cr,ens4,backbone,4915.933333333333,634.0444444444444,7.377777777777777,5.466666666666667,0,0,0,0,0
2026-07-28 15:15:00,ccf-aiops-武汉,cr-2,cr,ens5,backbone,758.0888888888888,7082,6.533333333333333,8.244444444444444,0,0,0,0,0
2026-07-28 15:15:00,ccf-aiops-武汉,cr-2,cr,ens6,NULL,0,0,0,0,0,0,0,0,0
2026-07-28 15:15:00,ccf-aiops-武汉,cr-2,cr,ens7,NULL,0,0,0,0,0,0,0,0,0
2026-07-28 15:15:00,ccf-aiops-武汉,cr-2,cr,ens8,NULL,0,0,0,0,0,0,0,0,0
2026-07-28 15:15:00,ccf-aiops-武汉,cr-2,cr,ens9,NULL,0,0,0,0,0,0,0,0,0
2026-07-28 15:15:00,ccf-aiops-武汉,fw,firewall,ens3,NULL,318.1333333333333,170.93333333333334,3.4,1.6888888888888889,0,0,0,0,0
2026-07-28 15:15:00,ccf-aiops-武汉,fw,firewall,ens4,backbone,12577.533333333333,2075.7555555555555,20.977777777777774,17.733333333333334,0,0,0,0,0
2026-07-28 15:15:00,ccf-aiops-武汉,fw,firewall,ens5,business,2141.2,13724.666666666666,18.31111111111111,20.977777777777774,0,0,0,0,0
2026-07-28 15:15:00,ccf-aiops-武汉,fw,firewall,ens6,NULL,0,0,0,0,0,0,0,0,0
2026-07-28 15:15:00,ccf-aiops-武汉,monitor-vm,collector,ens3,NULL,134.13333333333333,68.93333333333334,1.4,0.6888888888888888,0,0,0,0,0
2026-07-28 15:15:00,ccf-aiops-武汉,monitor-vm,collector,ens4,mgmt,31479.82222222222,1048.9555555555555,12.288888888888888,9.31111111111111,0,0,0,0,0
2026-07-28 15:15:00,ccf-aiops-武汉,monitor-vm,collector,ens5,NULL,0,0,0,0,0,0,0,0,0
2026-07-28 15:15:00,ccf-aiops-武汉,monitor-vm,collector,ens6,NULL,0,0,0,0,0,0,0,0,0
2026-07-28 15:15:00,ccf-aiops-武汉,probe-vm,probe,ens3,NULL,10.133333333333333,0,0.04444444444444444,0,0,0,0,0,0
2026-07-28 15:15:00,ccf-aiops-武汉,probe-vm,probe,ens4,business,52.35555555555555,1164.0666666666666,0.4222222222222222,0.26666666666666666,0,0,0,0,0
2026-07-28 15:15:00,ccf-aiops-武汉,probe-vm,probe,ens5,NULL,0,0,0,0,0,0,0,0,0
2026-07-28 15:15:00,ccf-aiops-武汉,probe-vm,probe,ens6,NULL,0,0,0,0,0,0,0,0,0
2026-07-28 15:15:00,ccf-aiops-武汉,service-vm-1,service,ens3,NULL,72.8,34.93333333333333,0.7333333333333333,0.3555555555555555,0,0,0,0,0
2026-07-28 15:15:00,ccf-aiops-武汉,service-vm-1,service,ens4,service,1131.6444444444444,2258.2222222222217,9.511111111111111,9.31111111111111,0,0,0,0,0
2026-07-28 15:15:00,ccf-aiops-武汉,service-vm-1,service,ens5,NULL,0,0,0,0,0,0,0,0,0
2026-07-28 15:15:00,ccf-aiops-武汉,service-vm-1,service,ens6,NULL,0,0,0,0,0,0,0,0,0
2026-07-28 15:15:00,ccf-aiops-武汉,service-vm-2,service,ens3,NULL,2.533333333333333,0,0.02222222222222222,0,0,0,0,0,0
2026-07-28 15:15:00,ccf-aiops-武汉,service-vm-2,service,ens4,service,65.73333333333333,1176.711111111111,0.5777777777777777,0.3555555555555555,0,0,0,0,0
2026-07-28 15:15:00,ccf-aiops-武汉,service-vm-2,service,ens5,NULL,0,0,0,0,0,0,0,0,0
2026-07-28 15:15:00,ccf-aiops-武汉,service-vm-2,service,ens6,NULL,0,0,0,0,0,0,0,0,0
2026-07-28 15:15:00,ccf-aiops-武汉,service-vm-3,service,ens3,NULL,2.533333333333333,0,0.02222222222222222,0,0,0,0,0,0
2026-07-28 15:15:00,ccf-aiops-武汉,service-vm-3,service,ens4,service,67.64444444444445,1180.3777777777775,0.6,0.4,0,0,0,0,0
2026-07-28 15:15:00,ccf-aiops-武汉,service-vm-3,service,ens5,NULL,0,0,0,0,0,0,0,0,0
2026-07-28 15:15:00,ccf-aiops-武汉,service-vm-3,service,ens6,NULL,0,0,0,0,0,0,0,0,0
2026-07-28 15:15:00,ccf-aiops-武汉,traffic-vm,traffic,ens3,NULL,2.533333333333333,0,0.02222222222222222,0,0,0,0,0,0
2026-07-28 15:15:00,ccf-aiops-武汉,traffic-vm,traffic,ens4,business,873.7111111111111,15741.377777777778,7.133333333333334,6.688888888888888,0,0,0,0,0
2026-07-28 15:15:00,ccf-aiops-武汉,traffic-vm,traffic,ens5,NULL,0,0,0,0,0,0,0,0,0
2026-07-28 15:15:00,ccf-aiops-武汉,traffic-vm,traffic,ens6,NULL,0,0,0,0,0,0,0,0,0
2026-07-28 15:16:00,ccf-aiops-武汉,br-1,br,ens10,NULL,0,0,0,0,0,0,0,0,0
2026-07-28 15:16:00,ccf-aiops-武汉,br-1,br,ens11,NULL,0,0,0,0,0,0,0,0,0
2026-07-28 15:16:00,ccf-aiops-武汉,br-1,br,ens12,NULL,0,0,0,0,0,0,0,0,0
2026-07-28 15:16:00,ccf-aiops-武汉,br-1,br,ens3,NULL,20.466666666666665,0,0.1111111111111111,0,0,0,0,0,0
2026-07-28 15:16:00,ccf-aiops-武汉,br-1,br,ens4,backbone,3253.3555555555554,2820.866666666667,26.8,22.333333333333332,0,0,0,0,0
2026-07-28 15:16:00,ccf-aiops-武汉,br-1,br,ens5,backbone,1048.1777777777777,4061.244444444444,8.888888888888888,9.31111111111111,0,0,0,0,0
2026-07-28 15:16:00,ccf-aiops-武汉,br-1,br,ens6,NULL,0,0,0,0,0,0,0,0,0
2026-07-28 15:16:00,ccf-aiops-武汉,br-1,br,ens7,NULL,0,0,0,0,0,0,0,0,0
2026-07-28 15:16:00,ccf-aiops-武汉,br-1,br,ens8,NULL,0,0,0,0,0,0,0,0,0
2026-07-28 15:16:00,ccf-aiops-武汉,br-1,br,ens9,NULL,0,0,0,0,0,0,0,0,0
2026-07-28 15:16:00,ccf-aiops-武汉,br-2,br,ens10,NULL,0,0,0,0,0,0,0,0,0
2026-07-28 15:16:00,ccf-aiops-武汉,br-2,br,ens11,NULL,0,0,0,0,0,0,0,0,0
2026-07-28 15:16:00,ccf-aiops-武汉,br-2,br,ens12,NULL,0,0,0,0,0,0,0,0,0
2026-07-28 15:16:00,ccf-aiops-武汉,br-2,br,ens3,NULL,12.133333333333333,0,0.08888888888888888,0,0,0,0,0,0
2026-07-28 15:16:00,ccf-aiops-武汉,br-2,br,ens4,backbone,1950.4,1418.0666666666666,16.77777777777778,11.666666666666666,0,0,0,0,0
2026-07-28 15:16:00,ccf-aiops-武汉,br-2,br,ens5,backbone,1051.2222222222222,3871.6666666666665,8.888888888888888,9.733333333333333,0,0,0,0,0
2026-07-28 15:16:00,ccf-aiops-武汉,br-2,br,ens6,NULL,0,0,0,0,0,0,0,0,0
2026-07-28 15:16:00,ccf-aiops-武汉,br-2,br,ens7,NULL,0,0,0,0,0,0,0,0,0
2026-07-28 15:16:00,ccf-aiops-武汉,br-2,br,ens8,NULL,0,0,0,0,0,0,0,0,0
2026-07-28 15:16:00,ccf-aiops-武汉,br-2,br,ens9,NULL,0,0,0,0,0,0,0,0,0
2026-07-28 15:16:00,ccf-aiops-武汉,cr-1,cr,ens10,NULL,0,0,0,0,0,0,0,0,0
2026-07-28 15:16:00,ccf-aiops-武汉,cr-1,cr,ens11,NULL,0,0,0,0,0,0,0,0,0
2026-07-28 15:16:00,ccf-aiops-武汉,cr-1,cr,ens12,NULL,0,0,0,0,0,0,0,0,0
2026-07-28 15:16:00,ccf-aiops-武汉,cr-1,cr,ens3,NULL,20.466666666666665,0,0.1111111111111111,0,0,0,0,0,0
2026-07-28 15:16:00,ccf-aiops-武汉,cr-1,cr,ens4,backbone,2586.6,968.2888888888888,10.288888888888888,8.2,0,0,0,0,0
2026-07-28 15:16:00,ccf-aiops-武汉,cr-1,cr,ens5,backbone,1083.3111111111111,4881.244444444444,9.155555555555555,11.288888888888888,0,0,0,0,0
2026-07-28 15:16:00,ccf-aiops-武汉,cr-1,cr,ens6,NULL,0,0,0,0,0,0,0,0,0
2026-07-28 15:16:00,ccf-aiops-武汉,cr-1,cr,ens7,NULL,0,0,0,0,0,0,0,0,0
2026-07-28 15:16:00,ccf-aiops-武汉,cr-1,cr,ens8,NULL,0,0,0,0,0,0,0,0,0
2026-07-28 15:16:00,ccf-aiops-武汉,cr-1,cr,ens9,NULL,0,0,0,0,0,0,0,0,0
2026-07-28 15:16:00,ccf-aiops-武汉,cr-2,cr,ens10,NULL,0,0,0,0,0,0,0,0,0
2026-07-28 15:16:00,ccf-aiops-武汉,cr-2,cr,ens11,NULL,0,0,0,0,0,0,0,0,0
2026-07-28 15:16:00,ccf-aiops-武汉,cr-2,cr,ens12,NULL,0,0,0,0,0,0,0,0,0
2026-07-28 15:16:00,ccf-aiops-武汉,cr-2,cr,ens3,NULL,18.911111111111108,0,0.08888888888888888,0,0,0,0,0,0
2026-07-28 15:16:00,ccf-aiops-武汉,cr-2,cr,ens4,backbone,5414.155555555555,1379.4666666666667,10.977777777777778,11.488888888888887,0,0,0,0,0
2026-07-28 15:16:00,ccf-aiops-武汉,cr-2,cr,ens5,backbone,1493.2444444444443,7710.6,12.444444444444445,11.91111111111111,0,0,0,0,0
2026-07-28 15:16:00,ccf-aiops-武汉,cr-2,cr,ens6,NULL,0,0,0,0,0,0,0,0,0
2026-07-28 15:16:00,ccf-aiops-武汉,cr-2,cr,ens7,NULL,0,0,0,0,0,0,0,0,0
2026-07-28 15:16:00,ccf-aiops-武汉,cr-2,cr,ens8,NULL,0,0,0,0,0,0,0,0,0
2026-07-28 15:16:00,ccf-aiops-武汉,cr-2,cr,ens9,NULL,0,0,0,0,0,0,0,0,0
2026-07-28 15:16:00,ccf-aiops-武汉,fw,firewall,ens3,NULL,329.8,171.86666666666667,3.4888888888888885,1.711111111111111,0,0,0,0,0
2026-07-28 15:16:00,ccf-aiops-武汉,fw,firewall,ens4,backbone,12418.377777777778,2022.622222222222,20.08888888888889,16.91111111111111,0,0,0,0,0
2026-07-28 15:16:00,ccf-aiops-武汉,fw,firewall,ens5,business,2091.8888888888887,13580.844444444443,17.533333333333335,20.244444444444444,0,0,0,0,0
2026-07-28 15:16:00,ccf-aiops-武汉,fw,firewall,ens6,NULL,0,0,0,0,0,0,0,0,0
2026-07-28 15:16:00,ccf-aiops-武汉,monitor-vm,collector,ens3,NULL,127.55555555555556,64.4,1.3555555555555554,0.6444444444444444,0,0,0,0,0
2026-07-28 15:16:00,ccf-aiops-武汉,monitor-vm,collector,ens4,mgmt,31928.177777777775,1058.5111111111112,12.577777777777778,9.42222222222222,0,0,0,0,0
2026-07-28 15:16:00,ccf-aiops-武汉,monitor-vm,collector,ens5,NULL,0,0,0,0,0,0,0,0,0
2026-07-28 15:16:00,ccf-aiops-武汉,monitor-vm,collector,ens6,NULL,0,0,0,0,0,0,0,0,0
2026-07-28 15:16:00,ccf-aiops-武汉,probe-vm,probe,ens3,NULL,73.62222222222222,61.42222222222222,0.3777777777777777,0.28888888888888886,0,0,0,0,0
2026-07-28 15:16:00,ccf-aiops-武汉,probe-vm,probe,ens4,business,58.44444444444444,1175.1333333333334,0.4888888888888889,0.3777777777777777,0,0,0,0,0
2026-07-28 15:16:00,ccf-aiops-武汉,probe-vm,probe,ens5,NULL,0,0,0,0,0,0,0,0,0
2026-07-28 15:16:00,ccf-aiops-武汉,probe-vm,probe,ens6,NULL,0,0,0,0,0,0,0,0,0
2026-07-28 15:16:00,ccf-aiops-武汉,service-vm-1,service,ens3,NULL,136.2888888888889,96.35555555555555,1.0666666666666667,0.6444444444444444,0,0,0,0,0
2026-07-28 15:16:00,ccf-aiops-武汉,service-vm-1,service,ens4,service,1790.3555555555554,2933.777777777778,14.933333333333334,14.577777777777778,0,0,0,0,0
2026-07-28 15:16:00,ccf-aiops-武汉,service-vm-1,service,ens5,NULL,0,0,0,0,0,0,0,0,0
2026-07-28 15:16:00,ccf-aiops-武汉,service-vm-1,service,ens6,NULL,0,0,0,0,0,0,0,0,0
2026-07-28 15:16:00,ccf-aiops-武汉,service-vm-2,service,ens3,NULL,73.4,62.35555555555555,0.3777777777777777,0.31111111111111106,0,0,0,0,0
2026-07-28 15:16:00,ccf-aiops-武汉,service-vm-2,service,ens4,service,64.17777777777778,1179.1111111111109,0.5555555555555555,0.3777777777777777,0,0,0,0,0
2026-07-28 15:16:00,ccf-aiops-武汉,service-vm-2,service,ens5,NULL,0,0,0,0,0,0,0,0,0
2026-07-28 15:16:00,ccf-aiops-武汉,service-vm-2,service,ens6,NULL,0,0,0,0,0,0,0,0,0
2026-07-28 15:16:00,ccf-aiops-武汉,service-vm-3,service,ens3,NULL,20.244444444444444,0.9333333333333333,0.1111111111111111,0.02222222222222222,0,0,0,0,0
2026-07-28 15:16:00,ccf-aiops-武汉,service-vm-3,service,ens4,service,62.266666666666666,1176.7777777777776,0.5333333333333333,0.3555555555555555,0,0,0,0,0
2026-07-28 15:16:00,ccf-aiops-武汉,service-vm-3,service,ens5,NULL,0,0,0,0,0,0,0,0,0
2026-07-28 15:16:00,ccf-aiops-武汉,service-vm-3,service,ens6,NULL,0,0,0,0,0,0,0,0,0
2026-07-28 15:16:00,ccf-aiops-武汉,traffic-vm,traffic,ens3,NULL,73.4,62.35555555555555,0.3777777777777777,0.31111111111111106,0,0,0,0,0
2026-07-28 15:16:00,ccf-aiops-武汉,traffic-vm,traffic,ens4,business,1349.6,16092.466666666667,9.822222222222221,9.466666666666667,0,0,0,0,0
2026-07-28 15:16:00,ccf-aiops-武汉,traffic-vm,traffic,ens5,NULL,0,0,0,0,0,0,0,0,0
2026-07-28 15:16:00,ccf-aiops-武汉,traffic-vm,traffic,ens6,NULL,0,0,0,0,0,0,0,0,0
2026-07-28 15:17:00,ccf-aiops-武汉,br-1,br,ens10,NULL,0,0,0,0,0,0,0,0,0
2026-07-28 15:17:00,ccf-aiops-武汉,br-1,br,ens11,NULL,0,0,0,0,0,0,0,0,0
2026-07-28 15:17:00,ccf-aiops-武汉,br-1,br,ens12,NULL,0,0,0,0,0,0,0,0,0
2026-07-28 15:17:00,ccf-aiops-武汉,br-1,br,ens3,NULL,142.57777777777775,114.22222222222221,0.711111111111111,0.5555555555555555,0,0,0,0,0
2026-07-28 15:17:00,ccf-aiops-武汉,br-1,br,ens4,backbone,2985.911111111111,2455.511111111111,24.911111111111108,19.911111111111108,0,0,0,0,0
2026-07-28 15:17:00,ccf-aiops-武汉,br-1,br,ens5,backbone,951.1111111111111,3463.4444444444443,8.155555555555555,8.31111111111111,0,0,0,0,0
2026-07-28 15:17:00,ccf-aiops-武汉,br-1,br,ens6,NULL,0,0,0,0,0,0,0,0,0
2026-07-28 15:17:00,ccf-aiops-武汉,br-1,br,ens7,NULL,0,0,0,0,0,0,0,0,0
2026-07-28 15:17:00,ccf-aiops-武汉,br-1,br,ens8,NULL,0,0,0,0,0,0,0,0,0
2026-07-28 15:17:00,ccf-aiops-武汉,br-1,br,ens9,NULL,0,0,0,0,0,0,0,0,0
2026-07-28 15:17:00,ccf-aiops-武汉,br-2,br,ens10,NULL,0,0,0,0,0,0,0,0,0
2026-07-28 15:17:00,ccf-aiops-武汉,br-2,br,ens11,NULL,0,0,0,0,0,0,0,0,0
2026-07-28 15:17:00,ccf-aiops-武汉,br-2,br,ens12,NULL,0,0,0,0,0,0,0,0,0
2026-07-28 15:17:00,ccf-aiops-武汉,br-2,br,ens3,NULL,31.51111111111111,0,0.17777777777777776,0,0,0,0,0,0
2026-07-28 15:17:00,ccf-aiops-武汉,br-2,br,ens4,backbone,2180.5333333333333,1730.911111111111,18.355555555555554,13.733333333333333,0,0,0,0,0
2026-07-28 15:17:00,ccf-aiops-武汉,br-2,br,ens5,backbone,863.4444444444445,3038.9777777777776,7.355555555555555,7.044444444444443,0,0,0,0,0
2026-07-28 15:17:00,ccf-aiops-武汉,br-2,br,ens6,NULL,0,0,0,0,0,0,0,0,0
2026-07-28 15:17:00,ccf-aiops-武汉,br-2,br,ens7,NULL,0,0,0,0,0,0,0,0,0
2026-07-28 15:17:00,ccf-aiops-武汉,br-2,br,ens8,NULL,0,0,0,0,0,0,0,0,0
2026-07-28 15:17:00,ccf-aiops-武汉,br-2,br,ens9,NULL,0,0,0,0,0,0,0,0,0
2026-07-28 15:17:00,ccf-aiops-武汉,cr-1,cr,ens10,NULL,0,0,0,0,0,0,0,0,0
2026-07-28 15:17:00,ccf-aiops-武汉,cr-1,cr,ens11,NULL,0,0,0,0,0,0,0,0,0
2026-07-28 15:17:00,ccf-aiops-武汉,cr-1,cr,ens12,NULL,0,0,0,0,0,0,0,0,0
2026-07-28 15:17:00,ccf-aiops-武汉,cr-1,cr,ens3,NULL,34.93333333333333,0,0.15555555555555553,0,0,0,0,0,0
2026-07-28 15:17:00,ccf-aiops-武汉,cr-1,cr,ens4,backbone,1870.6888888888889,898.0444444444444,8.155555555555555,7.622222222222222,0,0,0,0,0
2026-07-28 15:17:00,ccf-aiops-武汉,cr-1,cr,ens5,backbone,1002.5333333333333,3932.288888888889,8.466666666666667,8.888888888888888,0,0,0,0,0
2026-07-28 15:17:00,ccf-aiops-武汉,cr-1,cr,ens6,NULL,0,0,0,0,0,0,0,0,0
2026-07-28 15:17:00,ccf-aiops-武汉,cr-1,cr,ens7,NULL,0,0,0,0,0,0,0,0,0
2026-07-28 15:17:00,ccf-aiops-武汉,cr-1,cr,ens8,NULL,0,0,0,0,0,0,0,0,0
2026-07-28 15:17:00,ccf-aiops-武汉,cr-1,cr,ens9,NULL,0,0,0,0,0,0,0,0,0
2026-07-28 15:17:00,ccf-aiops-武汉,cr-2,cr,ens10,NULL,0,0,0,0,0,0,0,0,0
2026-07-28 15:17:00,ccf-aiops-武汉,cr-2,cr,ens11,NULL,0,0,0,0,0,0,0,0,0
2026-07-28 15:17:00,ccf-aiops-武汉,cr-2,cr,ens12,NULL,0,0,0,0,0,0,0,0,0
2026-07-28 15:17:00,ccf-aiops-武汉,cr-2,cr,ens3,NULL,137.0222222222222,103.68888888888888,0.8666666666666667,0.4444444444444444,0,0,0,0,0
2026-07-28 15:17:00,ccf-aiops-武汉,cr-2,cr,ens4,backbone,4872.8,792.911111111111,8.022222222222222,6.888888888888888,0,0,0,0,0
2026-07-28 15:17:00,ccf-aiops-武汉,cr-2,cr,ens5,backbone,918.6,7029.866666666667,7.977777777777777,8.933333333333334,0,0,0,0,0
2026-07-28 15:17:00,ccf-aiops-武汉,cr-2,cr,ens6,NULL,0,0,0,0,0,0,0,0,0
2026-07-28 15:17:00,ccf-aiops-武汉,cr-2,cr,ens7,NULL,0,0,0,0,0,0,0,0,0
2026-07-28 15:17:00,ccf-aiops-武汉,cr-2,cr,ens8,NULL,0,0,0,0,0,0,0,0,0
2026-07-28 15:17:00,ccf-aiops-武汉,cr-2,cr,ens9,NULL,0,0,0,0,0,0,0,0,0
2026-07-28 15:17:00,ccf-aiops-武汉,fw,firewall,ens3,NULL,392.97777777777776,230.88888888888886,3.7333333333333334,1.9555555555555555,0,0,0,0,0
2026-07-28 15:17:00,ccf-aiops-武汉,fw,firewall,ens4,backbone,11106,2048.3777777777777,19.71111111111111,17.444444444444443,0,0,0,0,0
2026-07-28 15:17:00,ccf-aiops-武汉,fw,firewall,ens5,business,2106.1777777777775,12254.533333333333,17.933333333333334,19.71111111111111,0,0,0,0,0
2026-07-28 15:17:00,ccf-aiops-武汉,fw,firewall,ens6,NULL,0,0,0,0,0,0,0,0,0
2026-07-28 15:17:00,ccf-aiops-武汉,monitor-vm,collector,ens3,NULL,208.97777777777776,127.42222222222222,1.7333333333333334,0.9333333333333333,0,0,0,0,0
2026-07-28 15:17:00,ccf-aiops-武汉,monitor-vm,collector,ens4,mgmt,30375.844444444443,1048.9555555555555,11.6,9.31111111111111,0,0,0,0,0
2026-07-28 15:17:00,ccf-aiops-武汉,monitor-vm,collector,ens5,NULL,0,0,0,0,0,0,0,0,0
2026-07-28 15:17:00,ccf-aiops-武汉,monitor-vm,collector,ens6,NULL,0,0,0,0,0,0,0,0,0
2026-07-28 15:17:00,ccf-aiops-武汉,probe-vm,probe,ens3,NULL,31.82222222222222,0,0.1111111111111111,0,0,0,0,0,0
2026-07-28 15:17:00,ccf-aiops-武汉,probe-vm,probe,ens4,business,56.53333333333333,1171.9777777777776,0.4666666666666667,0.3555555555555555,0,0,0,0,0
2026-07-28 15:17:00,ccf-aiops-武汉,probe-vm,probe,ens5,NULL,0,0,0,0,0,0,0,0,0
2026-07-28 15:17:00,ccf-aiops-武汉,probe-vm,probe,ens6,NULL,0,0,0,0,0,0,0,0,0
2026-07-28 15:17:00,ccf-aiops-武汉,service-vm-1,service,ens3,NULL,150.75555555555553,94.88888888888889,1.111111111111111,0.6222222222222221,0,0,0,0,0
2026-07-28 15:17:00,ccf-aiops-武汉,service-vm-1,service,ens4,service,1101.0888888888887,2224.2222222222217,9.244444444444444,9,0,0,0,0,0
2026-07-28 15:17:00,ccf-aiops-武汉,service-vm-1,service,ens5,NULL,0,0,0,0,0,0,0,0,0
2026-07-28 15:17:00,ccf-aiops-武汉,service-vm-1,service,ens6,NULL,0,0,0,0,0,0,0,0,0
2026-07-28 15:17:00,ccf-aiops-武汉,service-vm-2,service,ens3,NULL,95.42222222222222,62.35555555555555,0.6888888888888888,0.31111111111111106,0,0,0,0,0
2026-07-28 15:17:00,ccf-aiops-武汉,service-vm-2,service,ens4,service,62.266666666666666,1181.3777777777775,0.5333333333333333,0.4,0,0,0,0,0
2026-07-28 15:17:00,ccf-aiops-武汉,service-vm-2,service,ens5,NULL,0,0,0,0,0,0,0,0,0
2026-07-28 15:17:00,ccf-aiops-武汉,service-vm-2,service,ens6,NULL,0,0,0,0,0,0,0,0,0
2026-07-28 15:17:00,ccf-aiops-武汉,service-vm-3,service,ens3,NULL,87.95555555555555,62.35555555555555,0.6666666666666666,0.31111111111111106,0,0,0,0,0
2026-07-28 15:17:00,ccf-aiops-武汉,service-vm-3,service,ens4,service,67.64444444444445,1177.8,0.6,0.3777777777777777,0,0,0,0,0
2026-07-28 15:17:00,ccf-aiops-武汉,service-vm-3,service,ens5,NULL,0,0,0,0,0,0,0,0,0
2026-07-28 15:17:00,ccf-aiops-武汉,service-vm-3,service,ens6,NULL,0,0,0,0,0,0,0,0,0
2026-07-28 15:17:00,ccf-aiops-武汉,traffic-vm,traffic,ens3,NULL,33.46666666666667,0,0.3777777777777777,0,0,0,0,0,0
2026-07-28 15:17:00,ccf-aiops-武汉,traffic-vm,traffic,ens4,business,420.6222222222222,15362.933333333332,3.844444444444444,3.1777777777777776,0,0,0,0,0
2026-07-28 15:17:00,ccf-aiops-武汉,traffic-vm,traffic,ens5,NULL,0,0,0,0,0,0,0,0,0
2026-07-28 15:17:00,ccf-aiops-武汉,traffic-vm,traffic,ens6,NULL,0,0,0,0,0,0,0,0,0
2026-07-28 15:18:00,ccf-aiops-武汉,br-1,br,ens10,NULL,0,0,0,0,0,0,0,0,0
2026-07-28 15:18:00,ccf-aiops-武汉,br-1,br,ens11,NULL,0,0,0,0,0,0,0,0,0
2026-07-28 15:18:00,ccf-aiops-武汉,br-1,br,ens12,NULL,0,0,0,0,0,0,0,0,0
2026-07-28 15:18:00,ccf-aiops-武汉,br-1,br,ens3,NULL,2.8888888888888884,0,0.04444444444444444,0,0,0,0,0,0
2026-07-28 15:18:00,ccf-aiops-武汉,br-1,br,ens4,backbone,4651.177777777777,3827,35.95555555555555,30.933333333333334,0,0,0,0,0
2026-07-28 15:18:00,ccf-aiops-武汉,br-1,br,ens5,backbone,1848.311111111111,4964.022222222222,15.866666666666667,16.88888888888889,0,0,0,0,0
2026-07-28 15:18:00,ccf-aiops-武汉,br-1,br,ens6,NULL,0,0,0,0,0,0,0,0,0
2026-07-28 15:18:00,ccf-aiops-武汉,br-1,br,ens7,NULL,0,0,0,0,0,0,0,0,0
2026-07-28 15:18:00,ccf-aiops-武汉,br-1,br,ens8,NULL,0,0,0,0,0,0,0,0,0
2026-07-28 15:18:00,ccf-aiops-武汉,br-1,br,ens9,NULL,0,0,0,0,0,0,0,0,0
2026-07-28 15:18:00,ccf-aiops-武汉,br-2,br,ens10,NULL,0,0,0,0,0,0,0,0,0
2026-07-28 15:18:00,ccf-aiops-武汉,br-2,br,ens11,NULL,0,0,0,0,0,0,0,0,0
2026-07-28 15:18:00,ccf-aiops-武汉,br-2,br,ens12,NULL,0,0,0,0,0,0,0,0,0
2026-07-28 15:18:00,ccf-aiops-武汉,br-2,br,ens3,NULL,8.755555555555555,10.533333333333333,0.13333333333333333,0.1111111111111111,0,0,0,0,0
2026-07-28 15:18:00,ccf-aiops-武汉,br-2,br,ens4,backbone,4011.822222222222,3329.155555555555,31.355555555555554,27.355555555555554,0,0,0,0,0
2026-07-28 15:18:00,ccf-aiops-武汉,br-2,br,ens5,backbone,2200.555555555555,5232.533333333334,18.6,18.688888888888886,0,0,0,0,0
2026-07-28 15:18:00,ccf-aiops-武汉,br-2,br,ens6,NULL,0,0,0,0,0,0,0,0,0
2026-07-28 15:18:00,ccf-aiops-武汉,br-2,br,ens7,NULL,0,0,0,0,0,0,0,0,0
2026-07-28 15:18:00,ccf-aiops-武汉,br-2,br,ens8,NULL,0,0,0,0,0,0,0,0,0
2026-07-28 15:18:00,ccf-aiops-武汉,br-2,br,ens9,NULL,0,0,0,0,0,0,0,0,0
2026-07-28 15:18:00,ccf-aiops-武汉,cr-1,cr,ens10,NULL,0,0,0,0,0,0,0,0,0
2026-07-28 15:18:00,ccf-aiops-武汉,cr-1,cr,ens11,NULL,0,0,0,0,0,0,0,0,0
2026-07-28 15:18:00,ccf-aiops-武汉,cr-1,cr,ens12,NULL,0,0,0,0,0,0,0,0,0
2026-07-28 15:18:00,ccf-aiops-武汉,cr-1,cr,ens3,NULL,10.088888888888887,10.533333333333333,0.15555555555555553,0.1111111111111111,0,0,0,0,0
2026-07-28 15:18:00,ccf-aiops-武汉,cr-1,cr,ens4,backbone,3586.4666666666667,1942.7777777777776,18.133333333333333,16.711111111111112,0,0,0,0,0
2026-07-28 15:18:00,ccf-aiops-武汉,cr-1,cr,ens5,backbone,2053.8,5815.6,17.62222222222222,19.04444444444444,0,0,0,0,0
2026-07-28 15:18:00,ccf-aiops-武汉,cr-1,cr,ens6,NULL,0,0,0,0,0,0,0,0,0
2026-07-28 15:18:00,ccf-aiops-武汉,cr-1,cr,ens7,NULL,0,0,0,0,0,0,0,0,0
2026-07-28 15:18:00,ccf-aiops-武汉,cr-1,cr,ens8,NULL,0,0,0,0,0,0,0,0,0
2026-07-28 15:18:00,ccf-aiops-武汉,cr-1,cr,ens9,NULL,0,0,0,0,0,0,0,0,0
2026-07-28 15:18:00,ccf-aiops-武汉,cr-2,cr,ens10,NULL,0,0,0,0,0,0,0,0,0
2026-07-28 15:18:00,ccf-aiops-武汉,cr-2,cr,ens11,NULL,0,0,0,0,0,0,0,0,0
2026-07-28 15:18:00,ccf-aiops-武汉,cr-2,cr,ens12,NULL,0,0,0,0,0,0,0,0,0
2026-07-28 15:18:00,ccf-aiops-武汉,cr-2,cr,ens3,NULL,2.888888888888889,0,0.04444444444444444,0,0,0,0,0,0
2026-07-28 15:18:00,ccf-aiops-武汉,cr-2,cr,ens4,backbone,6165.333333333334,2083.4888888888886,17.133333333333333,17.51111111111111,0,0,0,0,0
2026-07-28 15:18:00,ccf-aiops-武汉,cr-2,cr,ens5,backbone,2209.977777777778,8171.044444444444,18.6,17.977777777777774,0,0,0,0,0
2026-07-28 15:18:00,ccf-aiops-武汉,cr-2,cr,ens6,NULL,0,0,0,0,0,0,0,0,0
2026-07-28 15:18:00,ccf-aiops-武汉,cr-2,cr,ens7,NULL,0,0,0,0,0,0,0,0,0
2026-07-28 15:18:00,ccf-aiops-武汉,cr-2,cr,ens8,NULL,0,0,0,0,0,0,0,0,0
2026-07-28 15:18:00,ccf-aiops-武汉,cr-2,cr,ens9,NULL,0,0,0,0,0,0,0,0,0
2026-07-28 15:18:00,ccf-aiops-武汉,fw,firewall,ens3,NULL,311.1555555555555,169.6,3.422222222222222,1.6888888888888889,0,0,0,0,0
2026-07-28 15:18:00,ccf-aiops-武汉,fw,firewall,ens4,backbone,15126.555555555555,4048.244444444444,37.86666666666667,34.4,0,0,0,0,0
2026-07-28 15:18:00,ccf-aiops-武汉,fw,firewall,ens5,business,4113.866666666667,16289.111111111111,34.977777777777774,38.02222222222222,0,0,0,0,0
2026-07-28 15:18:00,ccf-aiops-武汉,fw,firewall,ens6,NULL,0,0,0,0,0,0,0,0,0
2026-07-28 15:18:00,ccf-aiops-武汉,monitor-vm,collector,ens3,NULL,125.55555555555556,68.93333333333334,1.3777777777777775,0.6888888888888888,0,0,0,0,0
2026-07-28 15:18:00,ccf-aiops-武汉,monitor-vm,collector,ens4,mgmt,31404.555555555555,1062.3333333333333,12.177777777777777,9.466666666666667,0,0,0,0,0
2026-07-28 15:18:00,ccf-aiops-武汉,monitor-vm,collector,ens5,NULL,0,0,0,0,0,0,0,0,0
2026-07-28 15:18:00,ccf-aiops-武汉,monitor-vm,collector,ens6,NULL,0,0,0,0,0,0,0,0,0
2026-07-28 15:18:00,ccf-aiops-武汉,probe-vm,probe,ens3,NULL,66.71111111111111,62.35555555555555,0.4666666666666667,0.31111111111111106,0,0,0,0,0
2026-07-28 15:18:00,ccf-aiops-武汉,probe-vm,probe,ens4,business,66.08888888888889,1173.2222222222222,0.5777777777777777,0.3777777777777777,0,0,0,0,0
2026-07-28 15:18:00,ccf-aiops-武汉,probe-vm,probe,ens5,NULL,0,0,0,0,0,0,0,0,0
2026-07-28 15:18:00,ccf-aiops-武汉,probe-vm,probe,ens6,NULL,0,0,0,0,0,0,0,0,0
2026-07-28 15:18:00,ccf-aiops-武汉,service-vm-1,service,ens3,NULL,65.55555555555556,34.93333333333333,0.7333333333333333,0.3555555555555555,0,0,0,0,0
2026-07-28 15:18:00,ccf-aiops-武汉,service-vm-1,service,ens4,service,1666.0222222222221,2809.1777777777775,13.955555555555554,13.555555555555554,0,0,0,0,0
2026-07-28 15:18:00,ccf-aiops-武汉,service-vm-1,service,ens5,NULL,0,0,0,0,0,0,0,0,0
2026-07-28 15:18:00,ccf-aiops-武汉,service-vm-1,service,ens6,NULL,0,0,0,0,0,0,0,0,0
2026-07-28 15:18:00,ccf-aiops-武汉,service-vm-2,service,ens3,NULL,57.37777777777777,62.35555555555555,0.3333333333333333,0.31111111111111106,0,0,0,0,0
2026-07-28 15:18:00,ccf-aiops-武汉,service-vm-2,service,ens4,service,66.08888888888889,1178.5777777777776,0.5777777777777777,0.3777777777777777,0,0,0,0,0
2026-07-28 15:18:00,ccf-aiops-武汉,service-vm-2,service,ens5,NULL,0,0,0,0,0,0,0,0,0
2026-07-28 15:18:00,ccf-aiops-武汉,service-vm-2,service,ens6,NULL,0,0,0,0,0,0,0,0,0
2026-07-28 15:18:00,ccf-aiops-武汉,service-vm-3,service,ens3,NULL,57.37777777777777,62.35555555555555,0.3333333333333333,0.31111111111111106,0,0,0,0,0
2026-07-28 15:18:00,ccf-aiops-武汉,service-vm-3,service,ens4,service,64.17777777777778,1181.2222222222222,0.5555555555555555,0.4,0,0,0,0,0
2026-07-28 15:18:00,ccf-aiops-武汉,service-vm-3,service,ens5,NULL,0,0,0,0,0,0,0,0,0
2026-07-28 15:18:00,ccf-aiops-武汉,service-vm-3,service,ens6,NULL,0,0,0,0,0,0,0,0,0
2026-07-28 15:18:00,ccf-aiops-武汉,traffic-vm,traffic,ens3,NULL,4.222222222222222,0.9333333333333335,0.06666666666666667,0.02222222222222222,0,0,0,0,0
2026-07-28 15:18:00,ccf-aiops-武汉,traffic-vm,traffic,ens4,business,3245.733333333333,17454.68888888889,22.06666666666667,21.488888888888887,0,0,0,0,0
2026-07-28 15:18:00,ccf-aiops-武汉,traffic-vm,traffic,ens5,NULL,0,0,0,0,0,0,0,0,0
2026-07-28 15:18:00,ccf-aiops-武汉,traffic-vm,traffic,ens6,NULL,0,0,0,0,0,0,0,0,0
2026-07-28 15:19:00,ccf-aiops-武汉,br-1,br,ens10,NULL,0,0,0,0,0,0,0,0,0
2026-07-28 15:19:00,ccf-aiops-武汉,br-1,br,ens11,NULL,0,0,0,0,0,0,0,0,0
2026-07-28 15:19:00,ccf-aiops-武汉,br-1,br,ens12,NULL,0,0,0,0,0,0,0,0,0
2026-07-28 15:19:00,ccf-aiops-武汉,br-1,br,ens3,NULL,18.31111111111111,0,0.08888888888888888,0,0,0,0,0,0
2026-07-28 15:19:00,ccf-aiops-武汉,br-1,br,ens4,backbone,2652.0666666666666,2059.644444444444,21,16.955555555555556,0,0,0,0,0
2026-07-28 15:19:00,ccf-aiops-武汉,br-1,br,ens5,backbone,1312.711111111111,5030.333333333333,11.288888888888888,11.955555555555554,0,0,0,0,0
2026-07-28 15:19:00,ccf-aiops-武汉,br-1,br,ens6,NULL,0,0,0,0,0,0,0,0,0
2026-07-28 15:19:00,ccf-aiops-武汉,br-1,br,ens7,NULL,0,0,0,0,0,0,0,0,0
2026-07-28 15:19:00,ccf-aiops-武汉,br-1,br,ens8,NULL,0,0,0,0,0,0,0,0,0
2026-07-28 15:19:00,ccf-aiops-武汉,br-1,br,ens9,NULL,0,0,0,0,0,0,0,0,0
2026-07-28 15:19:00,ccf-aiops-武汉,br-2,br,ens10,NULL,0,0,0,0,0,0,0,0,0
2026-07-28 15:19:00,ccf-aiops-武汉,br-2,br,ens11,NULL,0,0,0,0,0,0,0,0,0
2026-07-28 15:19:00,ccf-aiops-武汉,br-2,br,ens12,NULL,0,0,0,0,0,0,0,0,0
2026-07-28 15:19:00,ccf-aiops-武汉,br-2,br,ens3,NULL,16.755555555555553,0,0.06666666666666667,0,0,0,0,0,0
2026-07-28 15:19:00,ccf-aiops-武汉,br-2,br,ens4,backbone,2356,1783.4888888888888,18.644444444444442,14.755555555555555,0,0,0,0,0
2026-07-28 15:19:00,ccf-aiops-武汉,br-2,br,ens5,backbone,1184.0444444444443,5210.622222222222,10.2,11.244444444444444,0,0,0,0,0
2026-07-28 15:19:00,ccf-aiops-武汉,br-2,br,ens6,NULL,0,0,0,0,0,0,0,0,0
2026-07-28 15:19:00,ccf-aiops-武汉,br-2,br,ens7,NULL,0,0,0,0,0,0,0,0,0
2026-07-28 15:19:00,ccf-aiops-武汉,br-2,br,ens8,NULL,0,0,0,0,0,0,0,0,0
2026-07-28 15:19:00,ccf-aiops-武汉,br-2,br,ens9,NULL,0,0,0,0,0,0,0,0,0
2026-07-28 15:19:00,ccf-aiops-武汉,cr-1,cr,ens10,NULL,0,0,0,0,0,0,0,0,0
2026-07-28 15:19:00,ccf-aiops-武汉,cr-1,cr,ens11,NULL,0,0,0,0,0,0,0,0,0
2026-07-28 15:19:00,ccf-aiops-武汉,cr-1,cr,ens12,NULL,0,0,0,0,0,0,0,0,0
2026-07-28 15:19:00,ccf-aiops-武汉,cr-1,cr,ens3,NULL,18.31111111111111,0,0.08888888888888888,0,0,0,0,0,0
2026-07-28 15:19:00,ccf-aiops-武汉,cr-1,cr,ens4,backbone,3487.4666666666667,1246.311111111111,12.488888888888887,10.577777777777778,0,0,0,0,0
2026-07-28 15:19:00,ccf-aiops-武汉,cr-1,cr,ens5,backbone,1365.1555555555556,6475.266666666666,11.577777777777778,14,0,0,0,0,0
2026-07-28 15:19:00,ccf-aiops-武汉,cr-1,cr,ens6,NULL,0,0,0,0,0,0,0,0,0
2026-07-28 15:19:00,ccf-aiops-武汉,cr-1,cr,ens7,NULL,0,0,0,0,0,0,0,0,0
2026-07-28 15:19:00,ccf-aiops-武汉,cr-1,cr,ens8,NULL,0,0,0,0,0,0,0,0,0
2026-07-28 15:19:00,ccf-aiops-武汉,cr-1,cr,ens9,NULL,0,0,0,0,0,0,0,0,0
2026-07-28 15:19:00,ccf-aiops-武汉,cr-2,cr,ens10,NULL,0,0,0,0,0,0,0,0,0
2026-07-28 15:19:00,ccf-aiops-武汉,cr-2,cr,ens11,NULL,0,0,0,0,0,0,0,0,0
2026-07-28 15:19:00,ccf-aiops-武汉,cr-2,cr,ens12,NULL,0,0,0,0,0,0,0,0,0
2026-07-28 15:19:00,ccf-aiops-武汉,cr-2,cr,ens3,NULL,109.2,114.22222222222221,0.5777777777777777,0.5555555555555555,0,0,0,0,0
2026-07-28 15:19:00,ccf-aiops-武汉,cr-2,cr,ens4,backbone,6788.044444444444,1173.1777777777777,11.688888888888888,10.177777777777777,0,0,0,0,0
2026-07-28 15:19:00,ccf-aiops-武汉,cr-2,cr,ens5,backbone,1299.1333333333334,10060.8,11.266666666666667,13.466666666666667,0,0,0,0,0
2026-07-28 15:19:00,ccf-aiops-武汉,cr-2,cr,ens6,NULL,0,0,0,0,0,0,0,0,0
2026-07-28 15:19:00,ccf-aiops-武汉,cr-2,cr,ens7,NULL,0,0,0,0,0,0,0,0,0
2026-07-28 15:19:00,ccf-aiops-武汉,cr-2,cr,ens8,NULL,0,0,0,0,0,0,0,0,0
2026-07-28 15:19:00,ccf-aiops-武汉,cr-2,cr,ens9,NULL,0,0,0,0,0,0,0,0,0
2026-07-28 15:19:00,ccf-aiops-武汉,fw,firewall,ens3,NULL,379.46666666666664,232.35555555555553,3.711111111111111,1.9777777777777776,0,0,0,0,0
2026-07-28 15:19:00,ccf-aiops-武汉,fw,firewall,ens4,backbone,16639.82222222222,2844.866666666667,29.288888888888888,24.333333333333332,0,0,0,0,0
2026-07-28 15:19:00,ccf-aiops-武汉,fw,firewall,ens5,business,2908.5777777777776,17797.933333333334,24.88888888888889,29.377777777777776,0,0,0,0,0
2026-07-28 15:19:00,ccf-aiops-武汉,fw,firewall,ens6,NULL,0,0,0,0,0,0,0,0,0
2026-07-28 15:19:00,ccf-aiops-武汉,monitor-vm,collector,ens3,NULL,195.46666666666667,130.35555555555555,1.711111111111111,0.9777777777777777,0,0,0,0,0
2026-07-28 15:19:00,ccf-aiops-武汉,monitor-vm,collector,ens4,mgmt,34774.066666666666,1058.7777777777778,14.511111111111111,9.42222222222222,0,0,0,0,0
2026-07-28 15:19:00,ccf-aiops-武汉,monitor-vm,collector,ens5,NULL,0,0,0,0,0,0,0,0,0
2026-07-28 15:19:00,ccf-aiops-武汉,monitor-vm,collector,ens6,NULL,0,0,0,0,0,0,0,0,0
2026-07-28 15:19:00,ccf-aiops-武汉,probe-vm,probe,ens3,NULL,72.8,62.35555555555555,0.3777777777777777,0.31111111111111106,0,0,0,0,0
2026-07-28 15:19:00,ccf-aiops-武汉,probe-vm,probe,ens4,business,62.266666666666666,1174.9555555555555,0.5333333333333333,0.3777777777777777,0,0,0,0,0
2026-07-28 15:19:00,ccf-aiops-武汉,probe-vm,probe,ens5,NULL,0,0,0,0,0,0,0,0,0
2026-07-28 15:19:00,ccf-aiops-武汉,probe-vm,probe,ens6,NULL,0,0,0,0,0,0,0,0,0
2026-07-28 15:19:00,ccf-aiops-武汉,service-vm-1,service,ens3,NULL,80.97777777777777,34.93333333333333,0.7777777777777778,0.3555555555555555,0,0,0,0,0
2026-07-28 15:19:00,ccf-aiops-武汉,service-vm-1,service,ens4,service,1157.6666666666667,2292.777777777778,9.644444444444444,9.488888888888887,0,0,0,0,0
2026-07-28 15:19:00,ccf-aiops-武汉,service-vm-1,service,ens5,NULL,0,0,0,0,0,0,0,0,0
2026-07-28 15:19:00,ccf-aiops-武汉,service-vm-1,service,ens6,NULL,0,0,0,0,0,0,0,0,0
2026-07-28 15:19:00,ccf-aiops-武汉,service-vm-2,service,ens3,NULL,56.044444444444444,62.35555555555555,0.31111111111111106,0.31111111111111106,0,0,0,0,0
2026-07-28 15:19:00,ccf-aiops-武汉,service-vm-2,service,ens4,service,62.266666666666666,1179.5777777777776,0.5333333333333333,0.3777777777777777,0,0,0,0,0
2026-07-28 15:19:00,ccf-aiops-武汉,service-vm-2,service,ens5,NULL,0,0,0,0,0,0,0,0,0
2026-07-28 15:19:00,ccf-aiops-武汉,service-vm-2,service,ens6,NULL,0,0,0,0,0,0,0,0,0
2026-07-28 15:19:00,ccf-aiops-武汉,service-vm-3,service,ens3,NULL,56.044444444444444,63.822222222222216,0.31111111111111106,0.3333333333333333,0,0,0,0,0
2026-07-28 15:19:00,ccf-aiops-武汉,service-vm-3,service,ens4,service,66.08888888888889,1180.6888888888889,0.5777777777777777,0.4,0,0,0,0,0
2026-07-28 15:19:00,ccf-aiops-武汉,service-vm-3,service,ens5,NULL,0,0,0,0,0,0,0,0,0
2026-07-28 15:19:00,ccf-aiops-武汉,service-vm-3,service,ens6,NULL,0,0,0,0,0,0,0,0,0
2026-07-28 15:19:00,ccf-aiops-武汉,traffic-vm,traffic,ens3,NULL,1.5555555555555556,0,0.02222222222222222,0,0,0,0,0,0
2026-07-28 15:19:00,ccf-aiops-武汉,traffic-vm,traffic,ens4,business,2107.4888888888886,16629.644444444442,14.577777777777778,14.244444444444444,0,0,0,0,0
2026-07-28 15:19:00,ccf-aiops-武汉,traffic-vm,traffic,ens5,NULL,0,0,0,0,0,0,0,0,0
2026-07-28 15:19:00,ccf-aiops-武汉,traffic-vm,traffic,ens6,NULL,0,0,0,0,0,0,0,0,0
2026-07-28 15:20:00,ccf-aiops-武汉,br-1,br,ens10,NULL,0,0,0,0,0,0,0,0,0
2026-07-28 15:20:00,ccf-aiops-武汉,br-1,br,ens11,NULL,0,0,0,0,0,0,0,0,0
2026-07-28 15:20:00,ccf-aiops-武汉,br-1,br,ens12,NULL,0,0,0,0,0,0,0,0,0
2026-07-28 15:20:00,ccf-aiops-武汉,br-1,br,ens3,NULL,7.6,0,0.02222222222222222,0,0,0,0,0,0
2026-07-28 15:20:00,ccf-aiops-武汉,br-1,br,ens4,backbone,2451.9333333333334,36471.022222222215,21.133333333333333,40.666666666666664,0,0,0,0,0
2026-07-28 15:20:00,ccf-aiops-武汉,br-1,br,ens5,backbone,35904.444444444445,4051.755555555555,36.06666666666667,12.177777777777777,0,0,0,0,0
2026-07-28 15:20:00,ccf-aiops-武汉,br-1,br,ens6,NULL,0,0,0,0,0,0,0,0,0
2026-07-28 15:20:00,ccf-aiops-武汉,br-1,br,ens7,NULL,0,0,0,0,0,0,0,0,0
2026-07-28 15:20:00,ccf-aiops-武汉,br-1,br,ens8,NULL,0,0,0,0,0,0,0,0,0
2026-07-28 15:20:00,ccf-aiops-武汉,br-1,br,ens9,NULL,0,0,0,0,0,0,0,0,0
2026-07-28 15:20:00,ccf-aiops-武汉,br-2,br,ens10,NULL,0,0,0,0,0,0,0,0,0
2026-07-28 15:20:00,ccf-aiops-武汉,br-2,br,ens11,NULL,0,0,0,0,0,0,0,0,0
2026-07-28 15:20:00,ccf-aiops-武汉,br-2,br,ens12,NULL,0,0,0,0,0,0,0,0,0
2026-07-28 15:20:00,ccf-aiops-武汉,br-2,br,ens3,NULL,7.6,0,0.02222222222222222,0,0,0,0,0,0
2026-07-28 15:20:00,ccf-aiops-武汉,br-2,br,ens4,backbone,2455.9777777777776,1311697.8888888888,20.666666666666668,894.3555555555555,0,0,0,0,0
2026-07-28 15:20:00,ccf-aiops-武汉,br-2,br,ens5,backbone,1311261.822222222,4338.822222222222,890.8666666666667,12.8,0,0,0,0,0
2026-07-28 15:20:00,ccf-aiops-武汉,br-2,br,ens6,NULL,0,0,0,0,0,0,0,0,0
2026-07-28 15:20:00,ccf-aiops-武汉,br-2,br,ens7,NULL,0,0,0,0,0,0,0,0,0
2026-07-28 15:20:00,ccf-aiops-武汉,br-2,br,ens8,NULL,0,0,0,0,0,0,0,0,0
2026-07-28 15:20:00,ccf-aiops-武汉,br-2,br,ens9,NULL,0,0,0,0,0,0,0,0,0
2026-07-28 15:20:00,ccf-aiops-武汉,cr-1,cr,ens10,NULL,0,0,0,0,0,0,0,0,0
2026-07-28 15:20:00,ccf-aiops-武汉,cr-1,cr,ens11,NULL,0,0,0,0,0,0,0,0,0
2026-07-28 15:20:00,ccf-aiops-武汉,cr-1,cr,ens12,NULL,0,0,0,0,0,0,0,0,0
2026-07-28 15:20:00,ccf-aiops-武汉,cr-1,cr,ens3,NULL,7.6,0,0.02222222222222222,0,0,0,0,0,0
2026-07-28 15:20:00,ccf-aiops-武汉,cr-1,cr,ens4,backbone,2467.2222222222217,1184310.3777777776,11.933333333333334,806.4888888888888,0,0,0,0,0
2026-07-28 15:20:00,ccf-aiops-武汉,cr-1,cr,ens5,backbone,1184420.9555555554,5057.31111111111,807.4,13.066666666666666,0,0,0,0,0
2026-07-28 15:20:00,ccf-aiops-武汉,cr-1,cr,ens6,NULL,0,0,0,0,0,0,0,0,0
2026-07-28 15:20:00,ccf-aiops-武汉,cr-1,cr,ens7,NULL,0,0,0,0,0,0,0,0,0
2026-07-28 15:20:00,ccf-aiops-武汉,cr-1,cr,ens8,NULL,0,0,0,0,0,0,0,0,0
2026-07-28 15:20:00,ccf-aiops-武汉,cr-1,cr,ens9,NULL,0,0,0,0,0,0,0,0,0
2026-07-28 15:20:00,ccf-aiops-武汉,cr-2,cr,ens10,NULL,0,0,0,0,0,0,0,0,0
2026-07-28 15:20:00,ccf-aiops-武汉,cr-2,cr,ens11,NULL,0,0,0,0,0,0,0,0,0
2026-07-28 15:20:00,ccf-aiops-武汉,cr-2,cr,ens12,NULL,0,0,0,0,0,0,0,0,0
2026-07-28 15:20:00,ccf-aiops-武汉,cr-2,cr,ens3,NULL,0,0,0,0,0,0,0,0,0
2026-07-28 15:20:00,ccf-aiops-武汉,cr-2,cr,ens4,backbone,5798.0888888888885,110396.9111111111,13.155555555555555,85,0,0,0,0,0
2026-07-28 15:20:00,ccf-aiops-武汉,cr-2,cr,ens5,backbone,110581.35555555555,8245.888888888889,86.04444444444444,14.222222222222221,0,0,0,0,0
2026-07-28 15:20:00,ccf-aiops-武汉,cr-2,cr,ens6,NULL,0,0,0,0,0,0,0,0,0
2026-07-28 15:20:00,ccf-aiops-武汉,cr-2,cr,ens7,NULL,0,0,0,0,0,0,0,0,0
2026-07-28 15:20:00,ccf-aiops-武汉,cr-2,cr,ens8,NULL,0,0,0,0,0,0,0,0,0
2026-07-28 15:20:00,ccf-aiops-武汉,cr-2,cr,ens9,NULL,0,0,0,0,0,0,0,0,0
2026-07-28 15:20:00,ccf-aiops-武汉,fw,firewall,ens3,NULL,316.6666666666667,170.93333333333334,3.3777777777777778,1.6888888888888889,0,0,0,0,0
2026-07-28 15:20:00,ccf-aiops-武汉,fw,firewall,ens4,backbone,13659.511111111111,1062101.5333333334,29.066666666666666,736.6222222222221,0,0,0,0,0
2026-07-28 15:20:00,ccf-aiops-武汉,fw,firewall,ens5,business,1062165.0666666667,14813,737.1777777777777,29.155555555555555,0,0,0,0,0
2026-07-28 15:20:00,ccf-aiops-武汉,fw,firewall,ens6,NULL,0,0,0,0,0,0,0,0,0
2026-07-28 15:20:00,ccf-aiops-武汉,monitor-vm,collector,ens3,NULL,131.6,68.93333333333334,1.3777777777777775,0.6888888888888888,0,0,0,0,0
2026-07-28 15:20:00,ccf-aiops-武汉,monitor-vm,collector,ens4,mgmt,31991.511111111107,1037.7555555555555,12.666666666666666,9.177777777777777,0,0,0,0,0
2026-07-28 15:20:00,ccf-aiops-武汉,monitor-vm,collector,ens5,NULL,0,0,0,0,0,0,0,0,0
2026-07-28 15:20:00,ccf-aiops-武汉,monitor-vm,collector,ens6,NULL,0,0,0,0,0,0,0,0,0
2026-07-28 15:20:00,ccf-aiops-武汉,probe-vm,probe,ens3,NULL,64.62222222222222,60.888888888888886,0.3333333333333333,0.28888888888888886,0,0,0,0,0
2026-07-28 15:20:00,ccf-aiops-武汉,probe-vm,probe,ens4,business,55.42222222222222,1163.4888888888888,0.4444444444444444,0.26666666666666666,0,0,0,0,0
2026-07-28 15:20:00,ccf-aiops-武汉,probe-vm,probe,ens5,NULL,0,0,0,0,0,0,0,0,0
2026-07-28 15:20:00,ccf-aiops-武汉,probe-vm,probe,ens6,NULL,0,0,0,0,0,0,0,0,0
2026-07-28 15:20:00,ccf-aiops-武汉,service-vm-1,service,ens3,NULL,124.75555555555555,97.28888888888888,1,0.6666666666666666,0,0,0,0,0
2026-07-28 15:20:00,ccf-aiops-武汉,service-vm-1,service,ens4,service,1979.1111111111109,3124.244444444444,16.533333333333335,16.42222222222222,0,0,0,0,0
2026-07-28 15:20:00,ccf-aiops-武汉,service-vm-1,service,ens5,NULL,0,0,0,0,0,0,0,0,0
2026-07-28 15:20:00,ccf-aiops-武汉,service-vm-1,service,ens6,NULL,0,0,0,0,0,0,0,0,0
2026-07-28 15:20:00,ccf-aiops-武汉,service-vm-2,service,ens3,NULL,7.6,0,0.02222222222222222,0,0,0,0,0,0
2026-07-28 15:20:00,ccf-aiops-武汉,service-vm-2,service,ens4,service,66.08888888888889,1180.5777777777776,0.5777777777777777,0.4,0,0,0,0,0
2026-07-28 15:20:00,ccf-aiops-武汉,service-vm-2,service,ens5,NULL,0,0,0,0,0,0,0,0,0
2026-07-28 15:20:00,ccf-aiops-武汉,service-vm-2,service,ens6,NULL,0,0,0,0,0,0,0,0,0
2026-07-28 15:20:00,ccf-aiops-武汉,service-vm-3,service,ens3,NULL,0,0,0,0,0,0,0,0,0
2026-07-28 15:20:00,ccf-aiops-武汉,service-vm-3,service,ens4,service,62.266666666666666,1176.7777777777776,0.5333333333333333,0.3555555555555555,0,0,0,0,0
2026-07-28 15:20:00,ccf-aiops-武汉,service-vm-3,service,ens5,NULL,0,0,0,0,0,0,0,0,0
2026-07-28 15:20:00,ccf-aiops-武汉,service-vm-3,service,ens6,NULL,0,0,0,0,0,0,0,0,0
2026-07-28 15:20:00,ccf-aiops-武汉,traffic-vm,traffic,ens3,NULL,54.48888888888889,60.888888888888886,0.28888888888888886,0.28888888888888886,0,0,0,0,0
2026-07-28 15:20:00,ccf-aiops-武汉,traffic-vm,traffic,ens4,business,1352.4888888888888,1818497.6222222222,9.733333333333333,1218.9555555555555,0,0,0,0,0
2026-07-28 15:20:00,ccf-aiops-武汉,traffic-vm,traffic,ens5,NULL,0,0,0,0,0,0,0,0,0
2026-07-28 15:20:00,ccf-aiops-武汉,traffic-vm,traffic,ens6,NULL,0,0,0,0,0,0,0,0,0
2026-07-28 15:21:00,ccf-aiops-武汉,br-1,br,ens10,NULL,0,0,0,0,0,0,0,0,0
2026-07-28 15:21:00,ccf-aiops-武汉,br-1,br,ens11,NULL,0,0,0,0,0,0,0,0,0
2026-07-28 15:21:00,ccf-aiops-武汉,br-1,br,ens12,NULL,0,0,0,0,0,0,0,0,0
2026-07-28 15:21:00,ccf-aiops-武汉,br-1,br,ens3,NULL,25.866666666666667,0,0.1111111111111111,0,0,0,0,0,0
2026-07-28 15:21:00,ccf-aiops-武汉,br-1,br,ens4,backbone,2678.644444444444,180326.97777777776,22.022222222222222,140.6,0,0,0,0,0
2026-07-28 15:21:00,ccf-aiops-武汉,br-1,br,ens5,backbone,179330.1111111111,4046.8888888888887,133.17777777777778,10.755555555555555,0,0,0,0,0
2026-07-28 15:21:00,ccf-aiops-武汉,br-1,br,ens6,NULL,0,0,0,0,0,0,0,0,0
2026-07-28 15:21:00,ccf-aiops-武汉,br-1,br,ens7,NULL,0,0,0,0,0,0,0,0,0
2026-07-28 15:21:00,ccf-aiops-武汉,br-1,br,ens8,NULL,0,0,0,0,0,0,0,0,0
2026-07-28 15:21:00,ccf-aiops-武汉,br-1,br,ens9,NULL,0,0,0,0,0,0,0,0,0
2026-07-28 15:21:00,ccf-aiops-武汉,br-2,br,ens10,NULL,0,0,0,0,0,0,0,0,0
2026-07-28 15:21:00,ccf-aiops-武汉,br-2,br,ens11,NULL,0,0,0,0,0,0,0,0,0
2026-07-28 15:21:00,ccf-aiops-武汉,br-2,br,ens12,NULL,0,0,0,0,0,0,0,0,0
2026-07-28 15:21:00,ccf-aiops-武汉,br-2,br,ens3,NULL,25.866666666666667,0,0.1111111111111111,0,0,0,0,0,0
2026-07-28 15:21:00,ccf-aiops-武汉,br-2,br,ens4,backbone,2832.4444444444443,2426508.555555555,23.577777777777776,1643.9333333333334,0,0,0,0,0
2026-07-28 15:21:00,ccf-aiops-武汉,br-2,br,ens5,backbone,2425957.3111111107,4903.6,1639.888888888889,16.244444444444444,0,0,0,0,0
2026-07-28 15:21:00,ccf-aiops-武汉,br-2,br,ens6,NULL,0,0,0,0,0,0,0,0,0
2026-07-28 15:21:00,ccf-aiops-武汉,br-2,br,ens7,NULL,0,0,0,0,0,0,0,0,0
2026-07-28 15:21:00,ccf-aiops-武汉,br-2,br,ens8,NULL,0,0,0,0,0,0,0,0,0
2026-07-28 15:21:00,ccf-aiops-武汉,br-2,br,ens9,NULL,0,0,0,0,0,0,0,0,0
2026-07-28 15:21:00,ccf-aiops-武汉,cr-1,cr,ens10,NULL,0,0,0,0,0,0,0,0,0
2026-07-28 15:21:00,ccf-aiops-武汉,cr-1,cr,ens11,NULL,0,0,0,0,0,0,0,0,0
2026-07-28 15:21:00,ccf-aiops-武汉,cr-1,cr,ens12,NULL,0,0,0,0,0,0,0,0,0
2026-07-28 15:21:00,ccf-aiops-武汉,cr-1,cr,ens3,NULL,25.866666666666667,0,0.1111111111111111,0,0,0,0,0,0
2026-07-28 15:21:00,ccf-aiops-武汉,cr-1,cr,ens4,backbone,2678.133333333333,2446360.2666666666,12.577777777777778,1651.8444444444442,0,0,0,0,0
2026-07-28 15:21:00,ccf-aiops-武汉,cr-1,cr,ens5,backbone,2446478.3555555553,5199.377777777777,1652.822222222222,13.71111111111111,0,0,0,0,0
2026-07-28 15:21:00,ccf-aiops-武汉,cr-1,cr,ens6,NULL,0,0,0,0,0,0,0,0,0
2026-07-28 15:21:00,ccf-aiops-武汉,cr-1,cr,ens7,NULL,0,0,0,0,0,0,0,0,0
2026-07-28 15:21:00,ccf-aiops-武汉,cr-1,cr,ens8,NULL,0,0,0,0,0,0,0,0,0
2026-07-28 15:21:00,ccf-aiops-武汉,cr-1,cr,ens9,NULL,0,0,0,0,0,0,0,0,0
2026-07-28 15:21:00,ccf-aiops-武汉,cr-2,cr,ens10,NULL,0,0,0,0,0,0,0,0,0
2026-07-28 15:21:00,ccf-aiops-武汉,cr-2,cr,ens11,NULL,0,0,0,0,0,0,0,0,0
2026-07-28 15:21:00,ccf-aiops-武汉,cr-2,cr,ens12,NULL,0,0,0,0,0,0,0,0,0
2026-07-28 15:21:00,ccf-aiops-武汉,cr-2,cr,ens3,NULL,31.6,0,0.17777777777777776,0,0,0,0,0,0
2026-07-28 15:21:00,ccf-aiops-武汉,cr-2,cr,ens4,backbone,5780.666666666667,178660.7111111111,12.733333333333333,131.64444444444445,0,0,0,0,0
2026-07-28 15:21:00,ccf-aiops-武汉,cr-2,cr,ens5,backbone,178781.15555555554,8280.977777777776,132.64444444444445,13.755555555555555,0,0,0,0,0
2026-07-28 15:21:00,ccf-aiops-武汉,cr-2,cr,ens6,NULL,0,0,0,0,0,0,0,0,0
2026-07-28 15:21:00,ccf-aiops-武汉,cr-2,cr,ens7,NULL,0,0,0,0,0,0,0,0,0
2026-07-28 15:21:00,ccf-aiops-武汉,cr-2,cr,ens8,NULL,0,0,0,0,0,0,0,0,0
2026-07-28 15:21:00,ccf-aiops-武汉,cr-2,cr,ens9,NULL,0,0,0,0,0,0,0,0,0
2026-07-28 15:21:00,ccf-aiops-武汉,fw,firewall,ens3,NULL,378.8444444444444,224.88888888888886,3.6444444444444444,1.8888888888888888,0,0,0,0,0
2026-07-28 15:21:00,ccf-aiops-武汉,fw,firewall,ens4,backbone,14264.355555555554,2612051.066666667,32.24444444444444,1779.4666666666667,0,0,0,0,0
2026-07-28 15:21:00,ccf-aiops-武汉,fw,firewall,ens5,business,2612116.8666666667,15396.177777777777,1780.0444444444443,32.17777777777778,0,0,0,0,0
2026-07-28 15:21:00,ccf-aiops-武汉,fw,firewall,ens6,NULL,0,0,0,0,0,0,0,0,0
2026-07-28 15:21:00,ccf-aiops-武汉,monitor-vm,collector,ens3,NULL,203.0222222222222,128.88888888888889,1.7333333333333334,0.9555555555555555,0,0,0,0,0
2026-07-28 15:21:00,ccf-aiops-武汉,monitor-vm,collector,ens4,mgmt,32310.8,1055.2222222222222,13.155555555555555,9.377777777777776,0,0,0,0,0
2026-07-28 15:21:00,ccf-aiops-武汉,monitor-vm,collector,ens5,NULL,0,0,0,0,0,0,0,0,0
2026-07-28 15:21:00,ccf-aiops-武汉,monitor-vm,collector,ens6,NULL,0,0,0,0,0,0,0,0,0
2026-07-28 15:21:00,ccf-aiops-武汉,probe-vm,probe,ens3,NULL,80.35555555555555,62.35555555555555,0.4,0.31111111111111106,0,0,0,0,0
2026-07-28 15:21:00,ccf-aiops-武汉,probe-vm,probe,ens4,business,58.71111111111111,1164.888888888889,0.4888888888888889,0.28888888888888886,0,0,0,0,0
2026-07-28 15:21:00,ccf-aiops-武汉,probe-vm,probe,ens5,NULL,0,0,0,0,0,0,0,0,0
2026-07-28 15:21:00,ccf-aiops-武汉,probe-vm,probe,ens6,NULL,0,0,0,0,0,0,0,0,0
2026-07-28 15:21:00,ccf-aiops-武汉,service-vm-1,service,ens3,NULL,88.53333333333333,34.93333333333333,0.8,0.3555555555555555,0,0,0,0,0
2026-07-28 15:21:00,ccf-aiops-武汉,service-vm-1,service,ens4,service,2391.288888888889,3543.622222222222,20.066666666666666,19.955555555555556,0,0,0,0,0
2026-07-28 15:21:00,ccf-aiops-武汉,service-vm-1,service,ens5,NULL,0,0,0,0,0,0,0,0,0
2026-07-28 15:21:00,ccf-aiops-武汉,service-vm-1,service,ens6,NULL,0,0,0,0,0,0,0,0,0
2026-07-28 15:21:00,ccf-aiops-武汉,service-vm-2,service,ens3,NULL,92.04444444444444,62.35555555555555,0.4666666666666667,0.31111111111111106,0,0,0,0,0
2026-07-28 15:21:00,ccf-aiops-武汉,service-vm-2,service,ens4,service,63.822222222222216,1179.1333333333334,0.5555555555555555,0.3777777777777777,0,0,0,0,0
2026-07-28 15:21:00,ccf-aiops-武汉,service-vm-2,service,ens5,NULL,0,0,0,0,0,0,0,0,0
2026-07-28 15:21:00,ccf-aiops-武汉,service-vm-2,service,ens6,NULL,0,0,0,0,0,0,0,0,0
2026-07-28 15:21:00,ccf-aiops-武汉,service-vm-3,service,ens3,NULL,86.08888888888889,62.35555555555557,0.4666666666666667,0.31111111111111106,0,0,0,0,0
2026-07-28 15:21:00,ccf-aiops-武汉,service-vm-3,service,ens4,service,69.55555555555556,1181.9111111111113,0.6222222222222221,0.4,0,0,0,0,0
2026-07-28 15:21:00,ccf-aiops-武汉,service-vm-3,service,ens5,NULL,0,0,0,0,0,0,0,0,0
2026-07-28 15:21:00,ccf-aiops-武汉,service-vm-3,service,ens6,NULL,0,0,0,0,0,0,0,0,0
2026-07-28 15:21:00,ccf-aiops-武汉,traffic-vm,traffic,ens3,NULL,31.600000000000005,0,0.17777777777777776,0,0,0,0,0,0
2026-07-28 15:21:00,ccf-aiops-武汉,traffic-vm,traffic,ens4,business,603.4444444444446,2624250.9555555554,4.7555555555555555,1755.1333333333334,0,0,0,0,0
2026-07-28 15:21:00,ccf-aiops-武汉,traffic-vm,traffic,ens5,NULL,0,0,0,0,0,0,0,0,0
2026-07-28 15:21:00,ccf-aiops-武汉,traffic-vm,traffic,ens6,NULL,0,0,0,0,0,0,0,0,0
2026-07-28 15:22:00,ccf-aiops-武汉,br-1,br,ens10,NULL,0,0,0,0,0,0,0,0,0
2026-07-28 15:22:00,ccf-aiops-武汉,br-1,br,ens11,NULL,0,0,0,0,0,0,0,0,0
2026-07-28 15:22:00,ccf-aiops-武汉,br-1,br,ens12,NULL,0,0,0,0,0,0,0,0,0
2026-07-28 15:22:00,ccf-aiops-武汉,br-1,br,ens3,NULL,149.37777777777777,115.68888888888888,0.9777777777777777,0.5777777777777777,0,0,0,0,0
2026-07-28 15:22:00,ccf-aiops-武汉,br-1,br,ens4,backbone,429625.0222222222,495245.55555555556,315.93333333333334,355.8444444444444,0,0,0,0,0
2026-07-28 15:22:00,ccf-aiops-武汉,br-1,br,ens5,backbone,67672.35555555555,4297.933333333333,56.42222222222222,12.71111111111111,0,0,0,0,0
2026-07-28 15:22:00,ccf-aiops-武汉,br-1,br,ens6,NULL,0,0,0,0,0,0,0,0,0
2026-07-28 15:22:00,ccf-aiops-武汉,br-1,br,ens7,NULL,0,0,0,0,0,0,0,0,0
2026-07-28 15:22:00,ccf-aiops-武汉,br-1,br,ens8,NULL,0,0,0,0,0,0,0,0,0
2026-07-28 15:22:00,ccf-aiops-武汉,br-1,br,ens9,NULL,0,0,0,0,0,0,0,0,0
2026-07-28 15:22:00,ccf-aiops-武汉,br-2,br,ens10,NULL,0,0,0,0,0,0,0,0,0
2026-07-28 15:22:00,ccf-aiops-武汉,br-2,br,ens11,NULL,0,0,0,0,0,0,0,0,0
2026-07-28 15:22:00,ccf-aiops-武汉,br-2,br,ens12,NULL,0,0,0,0,0,0,0,0,0
2026-07-28 15:22:00,ccf-aiops-武汉,br-2,br,ens3,NULL,31.022222222222222,0,0.3555555555555555,0,0,0,0,0,0
2026-07-28 15:22:00,ccf-aiops-武汉,br-2,br,ens4,backbone,1294712.5555555555,2492009.022222222,890.4,1690.4666666666667,0,0,0,0,0
2026-07-28 15:22:00,ccf-aiops-武汉,br-2,br,ens5,backbone,1199125.5333333334,4274.311111111111,814.5777777777778,10.866666666666667,0,0,0,0,0
2026-07-28 15:22:00,ccf-aiops-武汉,br-2,br,ens6,NULL,0,0,0,0,0,0,0,0,0
2026-07-28 15:22:00,ccf-aiops-武汉,br-2,br,ens7,NULL,0,0,0,0,0,0,0,0,0
2026-07-28 15:22:00,ccf-aiops-武汉,br-2,br,ens8,NULL,0,0,0,0,0,0,0,0,0
2026-07-28 15:22:00,ccf-aiops-武汉,br-2,br,ens9,NULL,0,0,0,0,0,0,0,0,0
2026-07-28 15:22:00,ccf-aiops-武汉,cr-1,cr,ens10,NULL,0,0,0,0,0,0,0,0,0
2026-07-28 15:22:00,ccf-aiops-武汉,cr-1,cr,ens11,NULL,0,0,0,0,0,0,0,0,0
2026-07-28 15:22:00,ccf-aiops-武汉,cr-1,cr,ens12,NULL,0,0,0,0,0,0,0,0,0
2026-07-28 15:22:00,ccf-aiops-武汉,cr-1,cr,ens3,NULL,147.8222222222222,114.22222222222221,0.9555555555555555,0.5555555555555555,0,0,0,0,0
2026-07-28 15:22:00,ccf-aiops-武汉,cr-1,cr,ens4,backbone,2451.644444444444,1324834.1777777777,10.577777777777778,899.4444444444445,0,0,0,0,0
2026-07-28 15:22:00,ccf-aiops-武汉,cr-1,cr,ens5,backbone,1324947.111111111,4883.733333333334,900.3777777777777,11.666666666666666,0,0,0,0,0
2026-07-28 15:22:00,ccf-aiops-武汉,cr-1,cr,ens6,NULL,0,0,0,0,0,0,0,0,0
2026-07-28 15:22:00,ccf-aiops-武汉,cr-1,cr,ens7,NULL,0,0,0,0,0,0,0,0,0
2026-07-28 15:22:00,ccf-aiops-武汉,cr-1,cr,ens8,NULL,0,0,0,0,0,0,0,0,0
2026-07-28 15:22:00,ccf-aiops-武汉,cr-1,cr,ens9,NULL,0,0,0,0,0,0,0,0,0
2026-07-28 15:22:00,ccf-aiops-武汉,cr-2,cr,ens10,NULL,0,0,0,0,0,0,0,0,0
2026-07-28 15:22:00,ccf-aiops-武汉,cr-2,cr,ens11,NULL,0,0,0,0,0,0,0,0,0
2026-07-28 15:22:00,ccf-aiops-武汉,cr-2,cr,ens12,NULL,0,0,0,0,0,0,0,0,0
2026-07-28 15:22:00,ccf-aiops-武汉,cr-2,cr,ens3,NULL,31.022222222222222,0,0.3555555555555555,0,0,0,0,0,0
2026-07-28 15:22:00,ccf-aiops-武汉,cr-2,cr,ens4,backbone,5570.8,53229.422222222216,10.977777777777778,43.42222222222222,0,0,0,0,0
2026-07-28 15:22:00,ccf-aiops-武汉,cr-2,cr,ens5,backbone,53347.73333333333,7992.022222222222,44.42222222222222,12.088888888888887,0,0,0,0,0
2026-07-28 15:22:00,ccf-aiops-武汉,cr-2,cr,ens6,NULL,0,0,0,0,0,0,0,0,0
2026-07-28 15:22:00,ccf-aiops-武汉,cr-2,cr,ens7,NULL,0,0,0,0,0,0,0,0,0
2026-07-28 15:22:00,ccf-aiops-武汉,cr-2,cr,ens8,NULL,0,0,0,0,0,0,0,0,0
2026-07-28 15:22:00,ccf-aiops-武汉,cr-2,cr,ens9,NULL,0,0,0,0,0,0,0,0,0
2026-07-28 15:22:00,ccf-aiops-武汉,fw,firewall,ens3,NULL,402.6666666666667,233.28888888888886,4.044444444444444,2,0,0,0,0,0
2026-07-28 15:22:00,ccf-aiops-武汉,fw,firewall,ens4,backbone,14067.111111111111,1552330.311111111,28,1064.3777777777777,0,0,0,0,0
2026-07-28 15:22:00,ccf-aiops-武汉,fw,firewall,ens5,business,1552394.3777777776,15232.688888888888,1064.9333333333334,28.177777777777774,0,0,0,0,0
2026-07-28 15:22:00,ccf-aiops-武汉,fw,firewall,ens6,NULL,0,0,0,0,0,0,0,0,0
2026-07-28 15:22:00,ccf-aiops-武汉,monitor-vm,collector,ens3,NULL,218.66666666666666,131.2888888888889,2.0444444444444443,1,0,0,0,0,0
2026-07-28 15:22:00,ccf-aiops-武汉,monitor-vm,collector,ens4,mgmt,32099.2,1043.2222222222222,12.577777777777778,9.244444444444444,0,0,0,0,0
2026-07-28 15:22:00,ccf-aiops-武汉,monitor-vm,collector,ens5,NULL,0,0,0,0,0,0,0,0,0
2026-07-28 15:22:00,ccf-aiops-武汉,monitor-vm,collector,ens6,NULL,0,0,0,0,0,0,0,0,0
2026-07-28 15:22:00,ccf-aiops-武汉,probe-vm,probe,ens3,NULL,40.17777777777778,0,0.4,0,0,0,0,0,0
2026-07-28 15:22:00,ccf-aiops-武汉,probe-vm,probe,ens4,business,64.17777777777778,1172.7777777777776,0.5555555555555555,0.3777777777777777,0,0,0,0,0
2026-07-28 15:22:00,ccf-aiops-武汉,probe-vm,probe,ens5,NULL,0,0,0,0,0,0,0,0,0
2026-07-28 15:22:00,ccf-aiops-武汉,probe-vm,probe,ens6,NULL,0,0,0,0,0,0,0,0,0
2026-07-28 15:22:00,ccf-aiops-武汉,service-vm-1,service,ens3,NULL,100.08888888888889,33.6,1.0666666666666667,0.3555555555555555,0,0,0,0,0
2026-07-28 15:22:00,ccf-aiops-武汉,service-vm-1,service,ens4,service,1300.1333333333334,2426.288888888889,10.933333333333334,10.622222222222222,0,0,0,0,0
2026-07-28 15:22:00,ccf-aiops-武汉,service-vm-1,service,ens5,NULL,0,0,0,0,0,0,0,0,0
2026-07-28 15:22:00,ccf-aiops-武汉,service-vm-1,service,ens6,NULL,0,0,0,0,0,0,0,0,0
2026-07-28 15:22:00,ccf-aiops-武汉,service-vm-2,service,ens3,NULL,85.5111111111111,62.35555555555555,0.6444444444444444,0.31111111111111106,0,0,0,0,0
2026-07-28 15:22:00,ccf-aiops-武汉,service-vm-2,service,ens4,service,62.266666666666666,1176.711111111111,0.5333333333333333,0.3555555555555555,0,0,0,0,0
2026-07-28 15:22:00,ccf-aiops-武汉,service-vm-2,service,ens5,NULL,0,0,0,0,0,0,0,0,0
2026-07-28 15:22:00,ccf-aiops-武汉,service-vm-2,service,ens6,NULL,0,0,0,0,0,0,0,0,0
2026-07-28 15:22:00,ccf-aiops-武汉,service-vm-3,service,ens3,NULL,88.62222222222222,62.35555555555555,0.6888888888888888,0.31111111111111106,0,0,0,0,0
2026-07-28 15:22:00,ccf-aiops-武汉,service-vm-3,service,ens4,service,64.17777777777778,1179.4666666666667,0.5555555555555555,0.3777777777777777,0,0,0,0,0
2026-07-28 15:22:00,ccf-aiops-武汉,service-vm-3,service,ens5,NULL,0,0,0,0,0,0,0,0,0
2026-07-28 15:22:00,ccf-aiops-武汉,service-vm-3,service,ens6,NULL,0,0,0,0,0,0,0,0,0
2026-07-28 15:22:00,ccf-aiops-武汉,traffic-vm,traffic,ens3,NULL,87.06666666666666,60.888888888888886,0.6666666666666666,0.28888888888888886,0,0,0,0,0
2026-07-28 15:22:00,ccf-aiops-武汉,traffic-vm,traffic,ens4,business,2270.4444444444443,822876.5555555555,16.266666666666666,556.7111111111111,0,0,0,0,0
2026-07-28 15:22:00,ccf-aiops-武汉,traffic-vm,traffic,ens5,NULL,0,0,0,0,0,0,0,0,0
2026-07-28 15:22:00,ccf-aiops-武汉,traffic-vm,traffic,ens6,NULL,0,0,0,0,0,0,0,0,0
2026-07-28 15:23:00,ccf-aiops-武汉,br-1,br,ens10,NULL,0,0,0,0,0,0,0,0,0
2026-07-28 15:23:00,ccf-aiops-武汉,br-1,br,ens11,NULL,0,0,0,0,0,0,0,0,0
2026-07-28 15:23:00,ccf-aiops-武汉,br-1,br,ens12,NULL,0,0,0,0,0,0,0,0,0
2026-07-28 15:23:00,ccf-aiops-武汉,br-1,br,ens3,NULL,16.688888888888886,0,0.06666666666666667,0,0,0,0,0,0
2026-07-28 15:23:00,ccf-aiops-武汉,br-1,br,ens4,backbone,2579191.111111111,2578671.6,1749.1777777777777,1745.8,0,0,0,0,0
2026-07-28 15:23:00,ccf-aiops-武汉,br-1,br,ens5,backbone,1387.5777777777776,4708.577777777778,11.955555555555554,11.488888888888887,0,0,0,0,0
2026-07-28 15:23:00,ccf-aiops-武汉,br-1,br,ens6,NULL,0,0,0,0,0,0,0,0,0
2026-07-28 15:23:00,ccf-aiops-武汉,br-1,br,ens7,NULL,0,0,0,0,0,0,0,0,0
2026-07-28 15:23:00,ccf-aiops-武汉,br-1,br,ens8,NULL,0,0,0,0,0,0,0,0,0
2026-07-28 15:23:00,ccf-aiops-武汉,br-1,br,ens9,NULL,0,0,0,0,0,0,0,0,0
2026-07-28 15:23:00,ccf-aiops-武汉,br-2,br,ens10,NULL,0,0,0,0,0,0,0,0,0
2026-07-28 15:23:00,ccf-aiops-武汉,br-2,br,ens11,NULL,0,0,0,0,0,0,0,0,0
2026-07-28 15:23:00,ccf-aiops-武汉,br-2,br,ens12,NULL,0,0,0,0,0,0,0,0,0
2026-07-28 15:23:00,ccf-aiops-武汉,br-2,br,ens3,NULL,16.688888888888886,0,0.06666666666666667,0,0,0,0,0,0
2026-07-28 15:23:00,ccf-aiops-武汉,br-2,br,ens4,backbone,10431700.688888887,10431184.777777778,7018.577777777778,7014.0888888888885,0,0,0,0,0
2026-07-28 15:23:00,ccf-aiops-武汉,br-2,br,ens5,backbone,1375.911111111111,4629.177777777777,11.71111111111111,12.622222222222222,0,0,0,0,0
2026-07-28 15:23:00,ccf-aiops-武汉,br-2,br,ens6,NULL,0,0,0,0,0,0,0,0,0
2026-07-28 15:23:00,ccf-aiops-武汉,br-2,br,ens7,NULL,0,0,0,0,0,0,0,0,0
2026-07-28 15:23:00,ccf-aiops-武汉,br-2,br,ens8,NULL,0,0,0,0,0,0,0,0,0
2026-07-28 15:23:00,ccf-aiops-武汉,br-2,br,ens9,NULL,0,0,0,0,0,0,0,0,0
2026-07-28 15:23:00,ccf-aiops-武汉,cr-1,cr,ens10,NULL,0,0,0,0,0,0,0,0,0
2026-07-28 15:23:00,ccf-aiops-武汉,cr-1,cr,ens11,NULL,0,0,0,0,0,0,0,0,0
2026-07-28 15:23:00,ccf-aiops-武汉,cr-1,cr,ens12,NULL,0,0,0,0,0,0,0,0,0
2026-07-28 15:23:00,ccf-aiops-武汉,cr-1,cr,ens3,NULL,16.688888888888886,0,0.06666666666666667,0,0,0,0,0,0
2026-07-28 15:23:00,ccf-aiops-武汉,cr-1,cr,ens4,backbone,3083.0444444444443,1449.8,11.511111111111111,12.511111111111111,0,0,0,0,0
2026-07-28 15:23:00,ccf-aiops-武汉,cr-1,cr,ens5,backbone,1562.7333333333333,5653.155555555555,13.444444444444445,12.688888888888888,0,0,0,0,0
2026-07-28 15:23:00,ccf-aiops-武汉,cr-1,cr,ens6,NULL,0,0,0,0,0,0,0,0,0
2026-07-28 15:23:00,ccf-aiops-武汉,cr-1,cr,ens7,NULL,0,0,0,0,0,0,0,0,0
2026-07-28 15:23:00,ccf-aiops-武汉,cr-1,cr,ens8,NULL,0,0,0,0,0,0,0,0,0
2026-07-28 15:23:00,ccf-aiops-武汉,cr-1,cr,ens9,NULL,0,0,0,0,0,0,0,0,0
2026-07-28 15:23:00,ccf-aiops-武汉,cr-2,cr,ens10,NULL,0,0,0,0,0,0,0,0,0
2026-07-28 15:23:00,ccf-aiops-武汉,cr-2,cr,ens11,NULL,0,0,0,0,0,0,0,0,0
2026-07-28 15:23:00,ccf-aiops-武汉,cr-2,cr,ens12,NULL,0,0,0,0,0,0,0,0,0
2026-07-28 15:23:00,ccf-aiops-武汉,cr-2,cr,ens3,NULL,125.88888888888889,114.22222222222221,0.6444444444444444,0.5555555555555555,0,0,0,0,0
2026-07-28 15:23:00,ccf-aiops-武汉,cr-2,cr,ens4,backbone,6259.51111111111,1201.0444444444443,13.444444444444445,10.266666666666667,0,0,0,0,0
2026-07-28 15:23:00,ccf-aiops-武汉,cr-2,cr,ens5,backbone,1323.1777777777777,8841.444444444443,11.31111111111111,14.71111111111111,0,0,0,0,0
2026-07-28 15:23:00,ccf-aiops-武汉,cr-2,cr,ens6,NULL,0,0,0,0,0,0,0,0,0
2026-07-28 15:23:00,ccf-aiops-武汉,cr-2,cr,ens7,NULL,0,0,0,0,0,0,0,0,0
2026-07-28 15:23:00,ccf-aiops-武汉,cr-2,cr,ens8,NULL,0,0,0,0,0,0,0,0,0
2026-07-28 15:23:00,ccf-aiops-武汉,cr-2,cr,ens9,NULL,0,0,0,0,0,0,0,0,0
2026-07-28 15:23:00,ccf-aiops-武汉,fw,firewall,ens3,NULL,324.68888888888887,170.93333333333334,3.422222222222222,1.6888888888888889,0,0,0,0,0
2026-07-28 15:23:00,ccf-aiops-武汉,fw,firewall,ens4,backbone,14684.866666666667,2773.155555555555,27.644444444444442,23.644444444444442,0,0,0,0,0
2026-07-28 15:23:00,ccf-aiops-武汉,fw,firewall,ens5,business,2838.777777777778,15851.577777777777,24.22222222222222,27.84444444444444,0,0,0,0,0
2026-07-28 15:23:00,ccf-aiops-武汉,fw,firewall,ens6,NULL,0,0,0,0,0,0,0,0,0
2026-07-28 15:23:00,ccf-aiops-武汉,monitor-vm,collector,ens3,NULL,140.68888888888887,68.93333333333334,1.422222222222222,0.6888888888888888,0,0,0,0,0
2026-07-28 15:23:00,ccf-aiops-武汉,monitor-vm,collector,ens4,mgmt,33112.82222222222,1037.4888888888888,13.577777777777778,9.177777777777777,0,0,0,0,0
2026-07-28 15:23:00,ccf-aiops-武汉,monitor-vm,collector,ens5,NULL,0,0,0,0,0,0,0,0,0
2026-07-28 15:23:00,ccf-aiops-武汉,monitor-vm,collector,ens6,NULL,0,0,0,0,0,0,0,0,0
2026-07-28 15:23:00,ccf-aiops-武汉,probe-vm,probe,ens3,NULL,71.17777777777776,60.888888888888886,0.3555555555555555,0.28888888888888886,0,0,0,0,0
2026-07-28 15:23:00,ccf-aiops-武汉,probe-vm,probe,ens4,business,50.8,1164.3777777777775,0.4,0.26666666666666666,0,0,0,0,0
2026-07-28 15:23:00,ccf-aiops-武汉,probe-vm,probe,ens5,NULL,0,0,0,0,0,0,0,0,0
2026-07-28 15:23:00,ccf-aiops-武汉,probe-vm,probe,ens6,NULL,0,0,0,0,0,0,0,0,0
2026-07-28 15:23:00,ccf-aiops-武汉,service-vm-1,service,ens3,NULL,132.5111111111111,96.35555555555555,1.0222222222222221,0.6444444444444444,0,0,0,0,0
2026-07-28 15:23:00,ccf-aiops-武汉,service-vm-1,service,ens4,service,1342.1333333333334,2483.8,11.2,11.133333333333333,0,0,0,0,0
2026-07-28 15:23:00,ccf-aiops-武汉,service-vm-1,service,ens5,NULL,0,0,0,0,0,0,0,0,0
2026-07-28 15:23:00,ccf-aiops-武汉,service-vm-1,service,ens6,NULL,0,0,0,0,0,0,0,0,0
2026-07-28 15:23:00,ccf-aiops-武汉,service-vm-2,service,ens3,NULL,18.244444444444444,0,0.08888888888888888,0,0,0,0,0,0
2026-07-28 15:23:00,ccf-aiops-武汉,service-vm-2,service,ens4,service,64.17777777777778,1178.6,0.5555555555555555,0.3777777777777777,0,0,0,0,0
2026-07-28 15:23:00,ccf-aiops-武汉,service-vm-2,service,ens5,NULL,0,0,0,0,0,0,0,0,0
2026-07-28 15:23:00,ccf-aiops-武汉,service-vm-2,service,ens6,NULL,0,0,0,0,0,0,0,0,0
2026-07-28 15:23:00,ccf-aiops-武汉,service-vm-3,service,ens3,NULL,18.244444444444444,0,0.08888888888888888,0,0,0,0,0,0
2026-07-28 15:23:00,ccf-aiops-武汉,service-vm-3,service,ens4,service,62.266666666666666,1179.8666666666666,0.5333333333333333,0.4,0,0,0,0,0
2026-07-28 15:23:00,ccf-aiops-武汉,service-vm-3,service,ens5,NULL,0,0,0,0,0,0,0,0,0
2026-07-28 15:23:00,ccf-aiops-武汉,service-vm-3,service,ens6,NULL,0,0,0,0,0,0,0,0,0
2026-07-28 15:23:00,ccf-aiops-武汉,traffic-vm,traffic,ens3,NULL,18.244444444444444,0,0.08888888888888888,0,0,0,0,0,0
2026-07-28 15:23:00,ccf-aiops-武汉,traffic-vm,traffic,ens4,business,2089.8444444444444,16565.244444444445,14.31111111111111,13.866666666666667,0,0,0,0,0
2026-07-28 15:23:00,ccf-aiops-武汉,traffic-vm,traffic,ens5,NULL,0,0,0,0,0,0,0,0,0
2026-07-28 15:23:00,ccf-aiops-武汉,traffic-vm,traffic,ens6,NULL,0,0,0,0,0,0,0,0,0
2026-07-28 15:24:00,ccf-aiops-武汉,br-1,br,ens10,NULL,0,0,0,0,0,0,0,0,0
2026-07-28 15:24:00,ccf-aiops-武汉,br-1,br,ens11,NULL,0,0,0,0,0,0,0,0,0
2026-07-28 15:24:00,ccf-aiops-武汉,br-1,br,ens12,NULL,0,0,0,0,0,0,0,0,0
2026-07-28 15:24:00,ccf-aiops-武汉,br-1,br,ens3,NULL,4.7555555555555555,0,0.04444444444444444,0,0,0,0,0,0
2026-07-28 15:24:00,ccf-aiops-武汉,br-1,br,ens4,backbone,2192060.622222222,2191499.4888888886,1491.8444444444442,1488.3555555555554,0,0,0,0,0
2026-07-28 15:24:00,ccf-aiops-武汉,br-1,br,ens5,backbone,1118.9777777777776,3738.555555555555,9.733333333333333,9.444444444444445,0,0,0,0,0
2026-07-28 15:24:00,ccf-aiops-武汉,br-1,br,ens6,NULL,0,0,0,0,0,0,0,0,0
2026-07-28 15:24:00,ccf-aiops-武汉,br-1,br,ens7,NULL,0,0,0,0,0,0,0,0,0
2026-07-28 15:24:00,ccf-aiops-武汉,br-1,br,ens8,NULL,0,0,0,0,0,0,0,0,0
2026-07-28 15:24:00,ccf-aiops-武汉,br-1,br,ens9,NULL,0,0,0,0,0,0,0,0,0
2026-07-28 15:24:00,ccf-aiops-武汉,br-2,br,ens10,NULL,0,0,0,0,0,0,0,0,0
2026-07-28 15:24:00,ccf-aiops-武汉,br-2,br,ens11,NULL,0,0,0,0,0,0,0,0,0
2026-07-28 15:24:00,ccf-aiops-武汉,br-2,br,ens12,NULL,0,0,0,0,0,0,0,0,0
2026-07-28 15:24:00,ccf-aiops-武汉,br-2,br,ens3,NULL,4.7555555555555555,0,0.04444444444444444,0,0,0,0,0,0
2026-07-28 15:24:00,ccf-aiops-武汉,br-2,br,ens4,backbone,8847476.466666667,8846934.377777778,5950.777777777777,5946.888888888889,0,0,0,0,0
2026-07-28 15:24:00,ccf-aiops-武汉,br-2,br,ens5,backbone,1009.2666666666667,3864.622222222222,8.644444444444444,8.866666666666667,0,0,0,0,0
2026-07-28 15:24:00,ccf-aiops-武汉,br-2,br,ens6,NULL,0,0,0,0,0,0,0,0,0
2026-07-28 15:24:00,ccf-aiops-武汉,br-2,br,ens7,NULL,0,0,0,0,0,0,0,0,0
2026-07-28 15:24:00,ccf-aiops-武汉,br-2,br,ens8,NULL,0,0,0,0,0,0,0,0,0
2026-07-28 15:24:00,ccf-aiops-武汉,br-2,br,ens9,NULL,0,0,0,0,0,0,0,0,0
2026-07-28 15:24:00,ccf-aiops-武汉,cr-1,cr,ens10,NULL,0,0,0,0,0,0,0,0,0
2026-07-28 15:24:00,ccf-aiops-武汉,cr-1,cr,ens11,NULL,0,0,0,0,0,0,0,0,0
2026-07-28 15:24:00,ccf-aiops-武汉,cr-1,cr,ens12,NULL,0,0,0,0,0,0,0,0,0
2026-07-28 15:24:00,ccf-aiops-武汉,cr-1,cr,ens3,NULL,4.7555555555555555,0,0.04444444444444444,0,0,0,0,0,0
2026-07-28 15:24:00,ccf-aiops-武汉,cr-1,cr,ens4,backbone,2009.4,990.6888888888888,8.466666666666667,8.622222222222222,0,0,0,0,0
2026-07-28 15:24:00,ccf-aiops-武汉,cr-1,cr,ens5,backbone,1109.3555555555554,4280.2444444444445,9.622222222222222,9.444444444444445,0,0,0,0,0
2026-07-28 15:24:00,ccf-aiops-武汉,cr-1,cr,ens6,NULL,0,0,0,0,0,0,0,0,0
2026-07-28 15:24:00,ccf-aiops-武汉,cr-1,cr,ens7,NULL,0,0,0,0,0,0,0,0,0
2026-07-28 15:24:00,ccf-aiops-武汉,cr-1,cr,ens8,NULL,0,0,0,0,0,0,0,0,0
2026-07-28 15:24:00,ccf-aiops-武汉,cr-1,cr,ens9,NULL,0,0,0,0,0,0,0,0,0
2026-07-28 15:24:00,ccf-aiops-武汉,cr-2,cr,ens10,NULL,0,0,0,0,0,0,0,0,0
2026-07-28 15:24:00,ccf-aiops-武汉,cr-2,cr,ens11,NULL,0,0,0,0,0,0,0,0,0
2026-07-28 15:24:00,ccf-aiops-武汉,cr-2,cr,ens12,NULL,0,0,0,0,0,0,0,0,0
2026-07-28 15:24:00,ccf-aiops-武汉,cr-2,cr,ens3,NULL,4.7555555555555555,0,0.04444444444444444,0,0,0,0,0,0
2026-07-28 15:24:00,ccf-aiops-武汉,cr-2,cr,ens4,backbone,5737.066666666667,1257.6,11.488888888888887,10.688888888888888,0,0,0,0,0
2026-07-28 15:24:00,ccf-aiops-武汉,cr-2,cr,ens5,backbone,1385.4666666666667,8085.644444444444,11.8,12.622222222222222,0,0,0,0,0
2026-07-28 15:24:00,ccf-aiops-武汉,cr-2,cr,ens6,NULL,0,0,0,0,0,0,0,0,0
2026-07-28 15:24:00,ccf-aiops-武汉,cr-2,cr,ens7,NULL,0,0,0,0,0,0,0,0,0
2026-07-28 15:24:00,ccf-aiops-武汉,cr-2,cr,ens8,NULL,0,0,0,0,0,0,0,0,0
2026-07-28 15:24:00,ccf-aiops-武汉,cr-2,cr,ens9,NULL,0,0,0,0,0,0,0,0,0
2026-07-28 15:24:00,ccf-aiops-武汉,fw,firewall,ens3,NULL,365.9111111111111,232.35555555555553,3.6666666666666665,1.9777777777777776,0,0,0,0,0
2026-07-28 15:24:00,ccf-aiops-武汉,fw,firewall,ens4,backbone,12054.933333333332,2254.8444444444444,21.62222222222222,19.377777777777776,0,0,0,0,0
2026-07-28 15:24:00,ccf-aiops-武汉,fw,firewall,ens5,business,2309.8888888888887,13208.466666666667,19.82222222222222,21.666666666666668,0,0,0,0,0
2026-07-28 15:24:00,ccf-aiops-武汉,fw,firewall,ens6,NULL,0,0,0,0,0,0,0,0,0
2026-07-28 15:24:00,ccf-aiops-武汉,monitor-vm,collector,ens3,NULL,175.06666666666666,126.75555555555555,1.6,0.9555555555555555,0,0,0,0,0
2026-07-28 15:24:00,ccf-aiops-武汉,monitor-vm,collector,ens4,mgmt,31055.2,1066.4222222222222,12.355555555555554,9.511111111111111,0,0,0,0,0
2026-07-28 15:24:00,ccf-aiops-武汉,monitor-vm,collector,ens5,NULL,0,0,0,0,0,0,0,0,0
2026-07-28 15:24:00,ccf-aiops-武汉,monitor-vm,collector,ens6,NULL,0,0,0,0,0,0,0,0,0
2026-07-28 15:24:00,ccf-aiops-武汉,probe-vm,probe,ens3,NULL,4.7555555555555555,0,0.04444444444444444,0,0,0,0,0,0
2026-07-28 15:24:00,ccf-aiops-武汉,probe-vm,probe,ens4,business,52.71111111111111,1163.6888888888889,0.4222222222222222,0.26666666666666666,0,0,0,0,0
2026-07-28 15:24:00,ccf-aiops-武汉,probe-vm,probe,ens5,NULL,0,0,0,0,0,0,0,0,0
2026-07-28 15:24:00,ccf-aiops-武汉,probe-vm,probe,ens6,NULL,0,0,0,0,0,0,0,0,0
2026-07-28 15:24:00,ccf-aiops-武汉,service-vm-1,service,ens3,NULL,67.42222222222222,34.93333333333333,0.7333333333333333,0.3555555555555555,0,0,0,0,0
2026-07-28 15:24:00,ccf-aiops-武汉,service-vm-1,service,ens4,service,685.9555555555555,1820.0888888888887,5.733333333333333,5.555555555555555,0,0,0,0,0
2026-07-28 15:24:00,ccf-aiops-武汉,service-vm-1,service,ens5,NULL,0,0,0,0,0,0,0,0,0
2026-07-28 15:24:00,ccf-aiops-武汉,service-vm-1,service,ens6,NULL,0,0,0,0,0,0,0,0,0
2026-07-28 15:24:00,ccf-aiops-武汉,service-vm-2,service,ens3,NULL,59.24444444444444,60.888888888888886,0.3333333333333333,0.28888888888888886,0,0,0,0,0
2026-07-28 15:24:00,ccf-aiops-武汉,service-vm-2,service,ens4,service,64.17777777777778,1182.0666666666666,0.5555555555555555,0.4,0,0,0,0,0
2026-07-28 15:24:00,ccf-aiops-武汉,service-vm-2,service,ens5,NULL,0,0,0,0,0,0,0,0,0
2026-07-28 15:24:00,ccf-aiops-武汉,service-vm-2,service,ens6,NULL,0,0,0,0,0,0,0,0,0
2026-07-28 15:24:00,ccf-aiops-武汉,service-vm-3,service,ens3,NULL,112.4,123.77777777777777,0.6,0.6,0,0,0,0,0
2026-07-28 15:24:00,ccf-aiops-武汉,service-vm-3,service,ens4,service,64.17777777777778,1180.1333333333334,0.5555555555555555,0.4,0,0,0,0,0
2026-07-28 15:24:00,ccf-aiops-武汉,service-vm-3,service,ens5,NULL,0,0,0,0,0,0,0,0,0
2026-07-28 15:24:00,ccf-aiops-武汉,service-vm-3,service,ens6,NULL,0,0,0,0,0,0,0,0,0
2026-07-28 15:24:00,ccf-aiops-武汉,traffic-vm,traffic,ens3,NULL,6.088888888888889,0.9333333333333333,0.06666666666666667,0.02222222222222222,0,0,0,0,0
2026-07-28 15:24:00,ccf-aiops-武汉,traffic-vm,traffic,ens4,business,2265.622222222222,16793.466666666667,15.844444444444443,15.377777777777776,0,0,0,0,0
2026-07-28 15:24:00,ccf-aiops-武汉,traffic-vm,traffic,ens5,NULL,0,0,0,0,0,0,0,0,0
2026-07-28 15:24:00,ccf-aiops-武汉,traffic-vm,traffic,ens6,NULL,0,0,0,0,0,0,0,0,0
2026-07-28 15:25:00,ccf-aiops-武汉,br-1,br,ens10,NULL,0,0,0,0,0,0,0,0,0
2026-07-28 15:25:00,ccf-aiops-武汉,br-1,br,ens11,NULL,0,0,0,0,0,0,0,0,0
2026-07-28 15:25:00,ccf-aiops-武汉,br-1,br,ens12,NULL,0,0,0,0,0,0,0,0,0
2026-07-28 15:25:00,ccf-aiops-武汉,br-1,br,ens3,NULL,15.2,0,0.04444444444444444,0,0,0,0,0,0
2026-07-28 15:25:00,ccf-aiops-武汉,br-1,br,ens4,backbone,6530.8,5869.977777777777,50.62222222222222,46.8,0,0,0,0,0
2026-07-28 15:25:00,ccf-aiops-武汉,br-1,br,ens5,backbone,1724.0888888888887,4721.777777777777,14.977777777777778,15.355555555555554,0,0,0,0,0
2026-07-28 15:25:00,ccf-aiops-武汉,br-1,br,ens6,NULL,0,0,0,0,0,0,0,0,0
2026-07-28 15:25:00,ccf-aiops-武汉,br-1,br,ens7,NULL,0,0,0,0,0,0,0,0,0
2026-07-28 15:25:00,ccf-aiops-武汉,br-1,br,ens8,NULL,0,0,0,0,0,0,0,0,0
2026-07-28 15:25:00,ccf-aiops-武汉,br-1,br,ens9,NULL,0,0,0,0,0,0,0,0,0
2026-07-28 15:25:00,ccf-aiops-武汉,br-2,br,ens10,NULL,0,0,0,0,0,0,0,0,0
2026-07-28 15:25:00,ccf-aiops-武汉,br-2,br,ens11,NULL,0,0,0,0,0,0,0,0,0
2026-07-28 15:25:00,ccf-aiops-武汉,br-2,br,ens12,NULL,0,0,0,0,0,0,0,0,0
2026-07-28 15:25:00,ccf-aiops-武汉,br-2,br,ens3,NULL,122.84444444444443,114.22222222222221,0.6,0.5555555555555555,0,0,0,0,0
2026-07-28 15:25:00,ccf-aiops-武汉,br-2,br,ens4,backbone,5212.333333333333,4513.177777777777,38.35555555555555,35,0,0,0,0,0
2026-07-28 15:25:00,ccf-aiops-武汉,br-2,br,ens5,backbone,1612.7333333333333,4432.822222222222,14,13.866666666666667,0,0,0,0,0
2026-07-28 15:25:00,ccf-aiops-武汉,br-2,br,ens6,NULL,0,0,0,0,0,0,0,0,0
2026-07-28 15:25:00,ccf-aiops-武汉,br-2,br,ens7,NULL,0,0,0,0,0,0,0,0,0
2026-07-28 15:25:00,ccf-aiops-武汉,br-2,br,ens8,NULL,0,0,0,0,0,0,0,0,0
2026-07-28 15:25:00,ccf-aiops-武汉,br-2,br,ens9,NULL,0,0,0,0,0,0,0,0,0
2026-07-28 15:25:00,ccf-aiops-武汉,cr-1,cr,ens10,NULL,0,0,0,0,0,0,0,0,0
2026-07-28 15:25:00,ccf-aiops-武汉,cr-1,cr,ens11,NULL,0,0,0,0,0,0,0,0,0
2026-07-28 15:25:00,ccf-aiops-武汉,cr-1,cr,ens12,NULL,0,0,0,0,0,0,0,0,0
2026-07-28 15:25:00,ccf-aiops-武汉,cr-1,cr,ens3,NULL,122.84444444444443,114.22222222222221,0.6,0.5555555555555555,0,0,0,0,0
2026-07-28 15:25:00,ccf-aiops-武汉,cr-1,cr,ens4,backbone,3045.9777777777776,1774.622222222222,14.288888888888888,15.555555555555554,0,0,0,0,0
2026-07-28 15:25:00,ccf-aiops-武汉,cr-1,cr,ens5,backbone,1885.822222222222,5434.777777777777,16.466666666666665,15.266666666666667,0,0,0,0,0
2026-07-28 15:25:00,ccf-aiops-武汉,cr-1,cr,ens6,NULL,0,0,0,0,0,0,0,0,0
2026-07-28 15:25:00,ccf-aiops-武汉,cr-1,cr,ens7,NULL,0,0,0,0,0,0,0,0,0
2026-07-28 15:25:00,ccf-aiops-武汉,cr-1,cr,ens8,NULL,0,0,0,0,0,0,0,0,0
2026-07-28 15:25:00,ccf-aiops-武汉,cr-1,cr,ens9,NULL,0,0,0,0,0,0,0,0,0
2026-07-28 15:25:00,ccf-aiops-武汉,cr-2,cr,ens10,NULL,0,0,0,0,0,0,0,0,0
2026-07-28 15:25:00,ccf-aiops-武汉,cr-2,cr,ens11,NULL,0,0,0,0,0,0,0,0,0
2026-07-28 15:25:00,ccf-aiops-武汉,cr-2,cr,ens12,NULL,0,0,0,0,0,0,0,0,0
2026-07-28 15:25:00,ccf-aiops-武汉,cr-2,cr,ens3,NULL,15.2,0,0.04444444444444444,0,0,0,0,0,0
2026-07-28 15:25:00,ccf-aiops-武汉,cr-2,cr,ens4,backbone,5828.022222222222,1346.177777777778,14.377777777777776,11.644444444444444,0,0,0,0,0
2026-07-28 15:25:00,ccf-aiops-武汉,cr-2,cr,ens5,backbone,1469.0666666666666,8159.977777777779,12.71111111111111,15.42222222222222,0,0,0,0,0
2026-07-28 15:25:00,ccf-aiops-武汉,cr-2,cr,ens6,NULL,0,0,0,0,0,0,0,0,0
2026-07-28 15:25:00,ccf-aiops-武汉,cr-2,cr,ens7,NULL,0,0,0,0,0,0,0,0,0
2026-07-28 15:25:00,ccf-aiops-武汉,cr-2,cr,ens8,NULL,0,0,0,0,0,0,0,0,0
2026-07-28 15:25:00,ccf-aiops-武汉,cr-2,cr,ens9,NULL,0,0,0,0,0,0,0,0,0
2026-07-28 15:25:00,ccf-aiops-武汉,fw,firewall,ens3,NULL,323.2,170.93333333333334,3.4,1.6888888888888889,0,0,0,0,0
2026-07-28 15:25:00,ccf-aiops-武汉,fw,firewall,ens4,backbone,15096.733333333334,3559.7111111111108,34.31111111111111,30.755555555555553,0,0,0,0,0
2026-07-28 15:25:00,ccf-aiops-武汉,fw,firewall,ens5,business,3629.3333333333335,16244.466666666667,31.377777777777776,34.31111111111111,0,0,0,0,0
2026-07-28 15:25:00,ccf-aiops-武汉,fw,firewall,ens6,NULL,0,0,0,0,0,0,0,0,0
2026-07-28 15:25:00,ccf-aiops-武汉,monitor-vm,collector,ens3,NULL,139.2,68.93333333333334,1.4,0.6888888888888888,0,0,0,0,0
2026-07-28 15:25:00,ccf-aiops-武汉,monitor-vm,collector,ens4,mgmt,31683.533333333333,1058.5111111111112,12.31111111111111,9.42222222222222,0,0,0,0,0
2026-07-28 15:25:00,ccf-aiops-武汉,monitor-vm,collector,ens5,NULL,0,0,0,0,0,0,0,0,0
2026-07-28 15:25:00,ccf-aiops-武汉,monitor-vm,collector,ens6,NULL,0,0,0,0,0,0,0,0,0
2026-07-28 15:25:00,ccf-aiops-武汉,probe-vm,probe,ens3,NULL,69.68888888888888,62.35555555555555,0.3333333333333333,0.31111111111111106,0,0,0,0,0
2026-07-28 15:25:00,ccf-aiops-武汉,probe-vm,probe,ens4,business,54.62222222222222,1168.7333333333333,0.4444444444444444,0.3333333333333333,0,0,0,0,0
2026-07-28 15:25:00,ccf-aiops-武汉,probe-vm,probe,ens5,NULL,0,0,0,0,0,0,0,0,0
2026-07-28 15:25:00,ccf-aiops-武汉,probe-vm,probe,ens6,NULL,0,0,0,0,0,0,0,0,0
2026-07-28 15:25:00,ccf-aiops-武汉,service-vm-1,service,ens3,NULL,131.0222222222222,96.35555555555555,1,0.6444444444444444,0,0,0,0,0
2026-07-28 15:25:00,ccf-aiops-武汉,service-vm-1,service,ens4,service,1328.622222222222,2450.022222222222,11.155555555555555,10.955555555555554,0,0,0,0,0
2026-07-28 15:25:00,ccf-aiops-武汉,service-vm-1,service,ens5,NULL,0,0,0,0,0,0,0,0,0
2026-07-28 15:25:00,ccf-aiops-武汉,service-vm-1,service,ens6,NULL,0,0,0,0,0,0,0,0,0
2026-07-28 15:25:00,ccf-aiops-武汉,service-vm-2,service,ens3,NULL,15.2,0,0.04444444444444444,0,0,0,0,0,0
2026-07-28 15:25:00,ccf-aiops-武汉,service-vm-2,service,ens4,service,64.17777777777778,1181.511111111111,0.5555555555555555,0.4,0,0,0,0,0
2026-07-28 15:25:00,ccf-aiops-武汉,service-vm-2,service,ens5,NULL,0,0,0,0,0,0,0,0,0
2026-07-28 15:25:00,ccf-aiops-武汉,service-vm-2,service,ens6,NULL,0,0,0,0,0,0,0,0,0
2026-07-28 15:25:00,ccf-aiops-武汉,service-vm-3,service,ens3,NULL,15.200000000000001,0,0.04444444444444444,0,0,0,0,0,0
2026-07-28 15:25:00,ccf-aiops-武汉,service-vm-3,service,ens4,service,64.17777777777778,1177.4888888888888,0.5555555555555555,0.3777777777777777,0,0,0,0,0
2026-07-28 15:25:00,ccf-aiops-武汉,service-vm-3,service,ens5,NULL,0,0,0,0,0,0,0,0,0
2026-07-28 15:25:00,ccf-aiops-武汉,service-vm-3,service,ens6,NULL,0,0,0,0,0,0,0,0,0
2026-07-28 15:25:00,ccf-aiops-武汉,traffic-vm,traffic,ens3,NULL,66.88888888888889,59.95555555555555,0.2888888888888889,0.26666666666666666,0,0,0,0,0
2026-07-28 15:25:00,ccf-aiops-武汉,traffic-vm,traffic,ens4,business,2903.5333333333333,17273.666666666668,20.466666666666672,19.955555555555556,0,0,0,0,0
2026-07-28 15:25:00,ccf-aiops-武汉,traffic-vm,traffic,ens5,NULL,0,0,0,0,0,0,0,0,0
2026-07-28 15:25:00,ccf-aiops-武汉,traffic-vm,traffic,ens6,NULL,0,0,0,0,0,0,0,0,0
2026-07-28 15:26:00,ccf-aiops-武汉,br-1,br,ens10,NULL,0,0,0,0,0,0,0,0,0
2026-07-28 15:26:00,ccf-aiops-武汉,br-1,br,ens11,NULL,0,0,0,0,0,0,0,0,0
2026-07-28 15:26:00,ccf-aiops-武汉,br-1,br,ens12,NULL,0,0,0,0,0,0,0,0,0
2026-07-28 15:26:00,ccf-aiops-武汉,br-1,br,ens3,NULL,40.044444444444444,0,0.4888888888888889,0,0,0,0,0,0
2026-07-28 15:26:00,ccf-aiops-武汉,br-1,br,ens4,backbone,8727.133333333333,2512.4444444444443,25.644444444444442,20.84444444444444,0,0,0,0,0
2026-07-28 15:26:00,ccf-aiops-武汉,br-1,br,ens5,backbone,919.3777777777777,10458.377777777778,8.466666666666667,9.155555555555555,0,0,0,0,0
2026-07-28 15:26:00,ccf-aiops-武汉,br-1,br,ens6,NULL,0,0,0,0,0,0,0,0,0
2026-07-28 15:26:00,ccf-aiops-武汉,br-1,br,ens7,NULL,0,0,0,0,0,0,0,0,0
2026-07-28 15:26:00,ccf-aiops-武汉,br-1,br,ens8,NULL,0,0,0,0,0,0,0,0,0
2026-07-28 15:26:00,ccf-aiops-武汉,br-1,br,ens9,NULL,0,0,0,0,0,0,0,0,0
2026-07-28 15:26:00,ccf-aiops-武汉,br-2,br,ens10,NULL,0,0,0,0,0,0,0,0,0
2026-07-28 15:26:00,ccf-aiops-武汉,br-2,br,ens11,NULL,0,0,0,0,0,0,0,0,0
2026-07-28 15:26:00,ccf-aiops-武汉,br-2,br,ens12,NULL,0,0,0,0,0,0,0,0,0
2026-07-28 15:26:00,ccf-aiops-武汉,br-2,br,ens3,NULL,41.68888888888888,0,0.5111111111111111,0,0,0,0,0,0
2026-07-28 15:26:00,ccf-aiops-武汉,br-2,br,ens4,backbone,2487.111111111111,1816.5555555555554,20.533333333333335,14.466666666666667,0,0,0,0,0
2026-07-28 15:26:00,ccf-aiops-武汉,br-2,br,ens5,backbone,660.8,4486.555555555556,5.6,8.177777777777777,0,0,0,0,0
2026-07-28 15:26:00,ccf-aiops-武汉,br-2,br,ens6,NULL,0,0,0,0,0,0,0,0,0
2026-07-28 15:26:00,ccf-aiops-武汉,br-2,br,ens7,NULL,0,0,0,0,0,0,0,0,0
2026-07-28 15:26:00,ccf-aiops-武汉,br-2,br,ens8,NULL,0,0,0,0,0,0,0,0,0
2026-07-28 15:26:00,ccf-aiops-武汉,br-2,br,ens9,NULL,0,0,0,0,0,0,0,0,0
2026-07-28 15:26:00,ccf-aiops-武汉,cr-1,cr,ens10,NULL,0,0,0,0,0,0,0,0,0
2026-07-28 15:26:00,ccf-aiops-武汉,cr-1,cr,ens11,NULL,0,0,0,0,0,0,0,0,0
2026-07-28 15:26:00,ccf-aiops-武汉,cr-1,cr,ens12,NULL,0,0,0,0,0,0,0,0,0
2026-07-28 15:26:00,ccf-aiops-武汉,cr-1,cr,ens3,NULL,40.266666666666666,0,0.4888888888888889,0,0,0,0,0,0
2026-07-28 15:26:00,ccf-aiops-武汉,cr-1,cr,ens4,backbone,2892.155555555555,585.3777777777777,6.444444444444444,5.088888888888889,0,0,0,0,0
2026-07-28 15:26:00,ccf-aiops-武汉,cr-1,cr,ens5,backbone,696.4,5779.666666666667,6,7.844444444444444,0,0,0,0,0
2026-07-28 15:26:00,ccf-aiops-武汉,cr-1,cr,ens6,NULL,0,0,0,0,0,0,0,0,0
2026-07-28 15:26:00,ccf-aiops-武汉,cr-1,cr,ens7,NULL,0,0,0,0,0,0,0,0,0
2026-07-28 15:26:00,ccf-aiops-武汉,cr-1,cr,ens8,NULL,0,0,0,0,0,0,0,0,0
2026-07-28 15:26:00,ccf-aiops-武汉,cr-1,cr,ens9,NULL,0,0,0,0,0,0,0,0,0
2026-07-28 15:26:00,ccf-aiops-武汉,cr-2,cr,ens10,NULL,0,0,0,0,0,0,0,0,0
2026-07-28 15:26:00,ccf-aiops-武汉,cr-2,cr,ens11,NULL,0,0,0,0,0,0,0,0,0
2026-07-28 15:26:00,ccf-aiops-武汉,cr-2,cr,ens12,NULL,0,0,0,0,0,0,0,0,0
2026-07-28 15:26:00,ccf-aiops-武汉,cr-2,cr,ens3,NULL,29.555555555555554,0,0.4222222222222222,0,0,0,0,0,0
2026-07-28 15:26:00,ccf-aiops-武汉,cr-2,cr,ens4,backbone,12235.266666666666,1002.9333333333333,12.733333333333333,9,0,0,0,0,0
2026-07-28 15:26:00,ccf-aiops-武汉,cr-2,cr,ens5,backbone,1126.9777777777776,14999.288888888888,10.066666666666666,12.777777777777777,0,0,0,0,0
2026-07-28 15:26:00,ccf-aiops-武汉,cr-2,cr,ens6,NULL,0,0,0,0,0,0,0,0,0
2026-07-28 15:26:00,ccf-aiops-武汉,cr-2,cr,ens7,NULL,0,0,0,0,0,0,0,0,0
2026-07-28 15:26:00,ccf-aiops-武汉,cr-2,cr,ens8,NULL,0,0,0,0,0,0,0,0,0
2026-07-28 15:26:00,ccf-aiops-武汉,cr-2,cr,ens9,NULL,0,0,0,0,0,0,0,0,0
2026-07-28 15:26:00,ccf-aiops-武汉,fw,firewall,ens3,NULL,402.75555555555553,230.88888888888886,4.133333333333334,1.9555555555555555,0,0,0,0,0
2026-07-28 15:26:00,ccf-aiops-武汉,fw,firewall,ens4,backbone,21577.04444444444,1616.2888888888888,21.8,14.288888888888888,0,0,0,0,0
2026-07-28 15:26:00,ccf-aiops-武汉,fw,firewall,ens5,business,1678.2666666666667,22622.577777777777,14.822222222222221,20.577777777777776,0,0,0,0,0
2026-07-28 15:26:00,ccf-aiops-武汉,fw,firewall,ens6,NULL,0,0,0,0,0,0,0,0,0
2026-07-28 15:26:00,ccf-aiops-武汉,monitor-vm,collector,ens3,NULL,217.2,130.35555555555555,2.111111111111111,0.9777777777777777,0,0,0,0,0
2026-07-28 15:26:00,ccf-aiops-武汉,monitor-vm,collector,ens4,mgmt,34644.86666666667,1054.111111111111,14.577777777777778,9.355555555555554,0,0,0,0,0
2026-07-28 15:26:00,ccf-aiops-武汉,monitor-vm,collector,ens5,NULL,0,0,0,0,0,0,0,0,0
2026-07-28 15:26:00,ccf-aiops-武汉,monitor-vm,collector,ens6,NULL,0,0,0,0,0,0,0,0,0
2026-07-28 15:26:00,ccf-aiops-武汉,probe-vm,probe,ens3,NULL,40.044444444444444,0,0.4888888888888889,0,0,0,0,0,0
2026-07-28 15:26:00,ccf-aiops-武汉,probe-vm,probe,ens4,business,58.977777777777774,1163.311111111111,0.4888888888888889,0.26666666666666666,0,0,0,0,0
2026-07-28 15:26:00,ccf-aiops-武汉,probe-vm,probe,ens5,NULL,0,0,0,0,0,0,0,0,0
2026-07-28 15:26:00,ccf-aiops-武汉,probe-vm,probe,ens6,NULL,0,0,0,0,0,0,0,0,0
2026-07-28 15:26:00,ccf-aiops-武汉,service-vm-1,service,ens3,NULL,154.53333333333333,94.88888888888889,1.422222222222222,0.6222222222222221,0,0,0,0,0
2026-07-28 15:26:00,ccf-aiops-武汉,service-vm-1,service,ens4,service,6890.31111111111,2029.7333333333333,10.133333333333333,7.955555555555555,0,0,0,0,0
2026-07-28 15:26:00,ccf-aiops-武汉,service-vm-1,service,ens5,NULL,0,0,0,0,0,0,0,0,0
2026-07-28 15:26:00,ccf-aiops-武汉,service-vm-1,service,ens6,NULL,0,0,0,0,0,0,0,0,0
2026-07-28 15:26:00,ccf-aiops-武汉,service-vm-2,service,ens3,NULL,84.04444444444444,62.35555555555555,0.711111111111111,0.31111111111111106,0,0,0,0,0
2026-07-28 15:26:00,ccf-aiops-武汉,service-vm-2,service,ens4,service,68,1181.511111111111,0.6,0.4,0,0,0,0,0
2026-07-28 15:26:00,ccf-aiops-武汉,service-vm-2,service,ens5,NULL,0,0,0,0,0,0,0,0,0
2026-07-28 15:26:00,ccf-aiops-武汉,service-vm-2,service,ens6,NULL,0,0,0,0,0,0,0,0,0
2026-07-28 15:26:00,ccf-aiops-武汉,service-vm-3,service,ens3,NULL,84.04444444444444,62.35555555555555,0.711111111111111,0.31111111111111106,0,0,0,0,0
2026-07-28 15:26:00,ccf-aiops-武汉,service-vm-3,service,ens4,service,71.82222222222222,1180.8444444444442,0.6444444444444444,0.4,0,0,0,0,0
2026-07-28 15:26:00,ccf-aiops-武汉,service-vm-3,service,ens5,NULL,0,0,0,0,0,0,0,0,0
2026-07-28 15:26:00,ccf-aiops-武汉,service-vm-3,service,ens6,NULL,0,0,0,0,0,0,0,0,0
2026-07-28 15:26:00,ccf-aiops-武汉,traffic-vm,traffic,ens3,NULL,82.7111111111111,59.95555555555555,0.6888888888888888,0.26666666666666666,0,0,0,0,0
2026-07-28 15:26:00,ccf-aiops-武汉,traffic-vm,traffic,ens4,business,835.5111111111111,15646,6.333333333333333,5.733333333333333,0,0,0,0,0
2026-07-28 15:26:00,ccf-aiops-武汉,traffic-vm,traffic,ens5,NULL,0,0,0,0,0,0,0,0,0
2026-07-28 15:26:00,ccf-aiops-武汉,traffic-vm,traffic,ens6,NULL,0,0,0,0,0,0,0,0,0
2026-07-28 15:27:00,ccf-aiops-武汉,br-1,br,ens10,NULL,0,0,0,0,0,0,0,0,0
2026-07-28 15:27:00,ccf-aiops-武汉,br-1,br,ens11,NULL,0,0,0,0,0,0,0,0,0
2026-07-28 15:27:00,ccf-aiops-武汉,br-1,br,ens12,NULL,0,0,0,0,0,0,0,0,0
2026-07-28 15:27:00,ccf-aiops-武汉,br-1,br,ens3,NULL,119.68888888888888,114.22222222222221,0.6444444444444444,0.5555555555555555,0,0,0,0,0
2026-07-28 15:27:00,ccf-aiops-武汉,br-1,br,ens4,backbone,3104.3333333333335,2612.2,25.533333333333335,20.444444444444443,0,0,0,0,0
2026-07-28 15:27:00,ccf-aiops-武汉,br-1,br,ens5,backbone,868.4888888888888,3437.511111111111,7.4,8.488888888888889,0,0,0,0,0
2026-07-28 15:27:00,ccf-aiops-武汉,br-1,br,ens6,NULL,0,0,0,0,0,0,0,0,0
2026-07-28 15:27:00,ccf-aiops-武汉,br-1,br,ens7,NULL,0,0,0,0,0,0,0,0,0
2026-07-28 15:27:00,ccf-aiops-武汉,br-1,br,ens8,NULL,0,0,0,0,0,0,0,0,0
2026-07-28 15:27:00,ccf-aiops-武汉,br-1,br,ens9,NULL,0,0,0,0,0,0,0,0,0
2026-07-28 15:27:00,ccf-aiops-武汉,br-2,br,ens10,NULL,0,0,0,0,0,0,0,0,0
2026-07-28 15:27:00,ccf-aiops-武汉,br-2,br,ens11,NULL,0,0,0,0,0,0,0,0,0
2026-07-28 15:27:00,ccf-aiops-武汉,br-2,br,ens12,NULL,0,0,0,0,0,0,0,0,0
2026-07-28 15:27:00,ccf-aiops-武汉,br-2,br,ens3,NULL,14.577777777777778,0,0.1111111111111111,0,0,0,0,0,0
2026-07-28 15:27:00,ccf-aiops-武汉,br-2,br,ens4,backbone,1996.4666666666667,1906,16.933333333333334,15.177777777777777,0,0,0,0,0
2026-07-28 15:27:00,ccf-aiops-武汉,br-2,br,ens5,backbone,1012.0666666666667,3140.511111111111,8.511111111111111,6.5777777777777775,0,0,0,0,0
2026-07-28 15:27:00,ccf-aiops-武汉,br-2,br,ens6,NULL,0,0,0,0,0,0,0,0,0
2026-07-28 15:27:00,ccf-aiops-武汉,br-2,br,ens7,NULL,0,0,0,0,0,0,0,0,0
2026-07-28 15:27:00,ccf-aiops-武汉,br-2,br,ens8,NULL,0,0,0,0,0,0,0,0,0
2026-07-28 15:27:00,ccf-aiops-武汉,br-2,br,ens9,NULL,0,0,0,0,0,0,0,0,0
2026-07-28 15:27:00,ccf-aiops-武汉,cr-1,cr,ens10,NULL,0,0,0,0,0,0,0,0,0
2026-07-28 15:27:00,ccf-aiops-武汉,cr-1,cr,ens11,NULL,0,0,0,0,0,0,0,0,0
2026-07-28 15:27:00,ccf-aiops-武汉,cr-1,cr,ens12,NULL,0,0,0,0,0,0,0,0,0
2026-07-28 15:27:00,ccf-aiops-武汉,cr-1,cr,ens3,NULL,12.044444444444444,0,0.08888888888888888,0,0,0,0,0,0
2026-07-28 15:27:00,ccf-aiops-武汉,cr-1,cr,ens4,backbone,1829.5555555555554,944.7555555555555,8.244444444444444,7.9111111111111105,0,0,0,0,0
2026-07-28 15:27:00,ccf-aiops-武汉,cr-1,cr,ens5,backbone,1057.8666666666666,3759.311111111111,8.844444444444443,8.977777777777778,0,0,0,0,0
2026-07-28 15:27:00,ccf-aiops-武汉,cr-1,cr,ens6,NULL,0,0,0,0,0,0,0,0,0
2026-07-28 15:27:00,ccf-aiops-武汉,cr-1,cr,ens7,NULL,0,0,0,0,0,0,0,0,0
2026-07-28 15:27:00,ccf-aiops-武汉,cr-1,cr,ens8,NULL,0,0,0,0,0,0,0,0,0
2026-07-28 15:27:00,ccf-aiops-武汉,cr-1,cr,ens9,NULL,0,0,0,0,0,0,0,0,0
2026-07-28 15:27:00,ccf-aiops-武汉,cr-2,cr,ens10,NULL,0,0,0,0,0,0,0,0,0
2026-07-28 15:27:00,ccf-aiops-武汉,cr-2,cr,ens11,NULL,0,0,0,0,0,0,0,0,0
2026-07-28 15:27:00,ccf-aiops-武汉,cr-2,cr,ens12,NULL,0,0,0,0,0,0,0,0,0
2026-07-28 15:27:00,ccf-aiops-武汉,cr-2,cr,ens3,NULL,120.66666666666667,114.22222222222221,0.6444444444444444,0.5555555555555555,0,0,0,0,0
2026-07-28 15:27:00,ccf-aiops-武汉,cr-2,cr,ens4,backbone,4999.8,769.7333333333333,8.266666666666667,6.555555555555555,0,0,0,0,0
2026-07-28 15:27:00,ccf-aiops-武汉,cr-2,cr,ens5,backbone,886.311111111111,7062.644444444444,7.533333333333333,9.066666666666666,0,0,0,0,0
2026-07-28 15:27:00,ccf-aiops-武汉,cr-2,cr,ens6,NULL,0,0,0,0,0,0,0,0,0
2026-07-28 15:27:00,ccf-aiops-武汉,cr-2,cr,ens7,NULL,0,0,0,0,0,0,0,0,0
2026-07-28 15:27:00,ccf-aiops-武汉,cr-2,cr,ens8,NULL,0,0,0,0,0,0,0,0,0
2026-07-28 15:27:00,ccf-aiops-武汉,cr-2,cr,ens9,NULL,0,0,0,0,0,0,0,0,0
2026-07-28 15:27:00,ccf-aiops-武汉,fw,firewall,ens3,NULL,374.53333333333336,233.28888888888886,3.7333333333333334,2,0,0,0,0,0
2026-07-28 15:27:00,ccf-aiops-武汉,fw,firewall,ens4,backbone,11667.555555555555,2038.5777777777776,19.71111111111111,17.111111111111107,0,0,0,0,0
2026-07-28 15:27:00,ccf-aiops-武汉,fw,firewall,ens5,business,2109.7555555555555,12836.733333333334,17.755555555555553,19.933333333333334,0,0,0,0,0
2026-07-28 15:27:00,ccf-aiops-武汉,fw,firewall,ens6,NULL,0,0,0,0,0,0,0,0,0
2026-07-28 15:27:00,ccf-aiops-武汉,monitor-vm,collector,ens3,NULL,189.2,128.88888888888889,1.711111111111111,0.9555555555555555,0,0,0,0,0
2026-07-28 15:27:00,ccf-aiops-武汉,monitor-vm,collector,ens4,mgmt,30463.733333333334,1035.2666666666667,11.488888888888887,9.133333333333333,0,0,0,0,0
2026-07-28 15:27:00,ccf-aiops-武汉,monitor-vm,collector,ens5,NULL,0,0,0,0,0,0,0,0,0
2026-07-28 15:27:00,ccf-aiops-武汉,monitor-vm,collector,ens6,NULL,0,0,0,0,0,0,0,0,0
2026-07-28 15:27:00,ccf-aiops-武汉,probe-vm,probe,ens3,NULL,10.71111111111111,0,0.06666666666666667,0,0,0,0,0,0
2026-07-28 15:27:00,ccf-aiops-武汉,probe-vm,probe,ens4,business,55.15555555555555,1163.7777777777776,0.4444444444444444,0.26666666666666666,0,0,0,0,0
2026-07-28 15:27:00,ccf-aiops-武汉,probe-vm,probe,ens5,NULL,0,0,0,0,0,0,0,0,0
2026-07-28 15:27:00,ccf-aiops-武汉,probe-vm,probe,ens6,NULL,0,0,0,0,0,0,0,0,0
2026-07-28 15:27:00,ccf-aiops-武汉,service-vm-1,service,ens3,NULL,126.3111111111111,97.9111111111111,1.0222222222222221,0.6666666666666666,0,0,0,0,0
2026-07-28 15:27:00,ccf-aiops-武汉,service-vm-1,service,ens4,service,1492.1111111111109,2627,12.466666666666667,12.31111111111111,0,0,0,0,0
2026-07-28 15:27:00,ccf-aiops-武汉,service-vm-1,service,ens5,NULL,0,0,0,0,0,0,0,0,0
2026-07-28 15:27:00,ccf-aiops-武汉,service-vm-1,service,ens6,NULL,0,0,0,0,0,0,0,0,0
2026-07-28 15:27:00,ccf-aiops-武汉,service-vm-2,service,ens3,NULL,67.5111111111111,62.35555555555555,0.3777777777777777,0.31111111111111106,0,0,0,0,0
2026-07-28 15:27:00,ccf-aiops-武汉,service-vm-2,service,ens4,service,62.8,1176.4222222222222,0.5333333333333333,0.3555555555555555,0,0,0,0,0
2026-07-28 15:27:00,ccf-aiops-武汉,service-vm-2,service,ens5,NULL,0,0,0,0,0,0,0,0,0
2026-07-28 15:27:00,ccf-aiops-武汉,service-vm-2,service,ens6,NULL,0,0,0,0,0,0,0,0,0
2026-07-28 15:27:00,ccf-aiops-武汉,service-vm-3,service,ens3,NULL,67.5111111111111,62.35555555555555,0.3777777777777777,0.31111111111111106,0,0,0,0,0
2026-07-28 15:27:00,ccf-aiops-武汉,service-vm-3,service,ens4,service,73.9111111111111,1190.6888888888889,0.6666666666666666,0.5111111111111111,0,0,0,0,0
2026-07-28 15:27:00,ccf-aiops-武汉,service-vm-3,service,ens5,NULL,0,0,0,0,0,0,0,0,0
2026-07-28 15:27:00,ccf-aiops-武汉,service-vm-3,service,ens6,NULL,0,0,0,0,0,0,0,0,0
2026-07-28 15:27:00,ccf-aiops-武汉,traffic-vm,traffic,ens3,NULL,13.02222222222222,0.9333333333333333,0.08888888888888888,0.02222222222222222,0,0,0,0,0
2026-07-28 15:27:00,ccf-aiops-武汉,traffic-vm,traffic,ens4,business,379.8222222222222,15314.533333333333,3.355555555555555,2.8,0,0,0,0,0
2026-07-28 15:27:00,ccf-aiops-武汉,traffic-vm,traffic,ens5,NULL,0,0,0,0,0,0,0,0,0
2026-07-28 15:27:00,ccf-aiops-武汉,traffic-vm,traffic,ens6,NULL,0,0,0,0,0,0,0,0,0
2026-07-28 15:28:00,ccf-aiops-武汉,br-1,br,ens10,NULL,0,0,0,0,0,0,0,0,0
2026-07-28 15:28:00,ccf-aiops-武汉,br-1,br,ens11,NULL,0,0,0,0,0,0,0,0,0
2026-07-28 15:28:00,ccf-aiops-武汉,br-1,br,ens12,NULL,0,0,0,0,0,0,0,0,0
2026-07-28 15:28:00,ccf-aiops-武汉,br-1,br,ens3,NULL,13.6,0,0.1111111111111111,0,0,0,0,0,0
2026-07-28 15:28:00,ccf-aiops-武汉,br-1,br,ens4,backbone,3379.7111111111108,2607.9333333333334,26.88888888888889,21.444444444444443,0,0,0,0,0
2026-07-28 15:28:00,ccf-aiops-武汉,br-1,br,ens5,backbone,1670.0888888888887,4459.822222222222,14.511111111111111,15.755555555555555,0,0,0,0,0
2026-07-28 15:28:00,ccf-aiops-武汉,br-1,br,ens6,NULL,0,0,0,0,0,0,0,0,0
2026-07-28 15:28:00,ccf-aiops-武汉,br-1,br,ens7,NULL,0,0,0,0,0,0,0,0,0
2026-07-28 15:28:00,ccf-aiops-武汉,br-1,br,ens8,NULL,0,0,0,0,0,0,0,0,0
2026-07-28 15:28:00,ccf-aiops-武汉,br-1,br,ens9,NULL,0,0,0,0,0,0,0,0,0
2026-07-28 15:28:00,ccf-aiops-武汉,br-2,br,ens10,NULL,0,0,0,0,0,0,0,0,0
2026-07-28 15:28:00,ccf-aiops-武汉,br-2,br,ens11,NULL,0,0,0,0,0,0,0,0,0
2026-07-28 15:28:00,ccf-aiops-武汉,br-2,br,ens12,NULL,0,0,0,0,0,0,0,0,0
2026-07-28 15:28:00,ccf-aiops-武汉,br-2,br,ens3,NULL,13.6,0,0.1111111111111111,0,0,0,0,0,0
2026-07-28 15:28:00,ccf-aiops-武汉,br-2,br,ens4,backbone,3428.6,3045.3555555555554,27.333333333333332,24.377777777777776,0,0,0,0,0
2026-07-28 15:28:00,ccf-aiops-武汉,br-2,br,ens5,backbone,2097.8444444444444,4400.666666666667,17.333333333333332,15.733333333333333,0,0,0,0,0
2026-07-28 15:28:00,ccf-aiops-武汉,br-2,br,ens6,NULL,0,0,0,0,0,0,0,0,0
2026-07-28 15:28:00,ccf-aiops-武汉,br-2,br,ens7,NULL,0,0,0,0,0,0,0,0,0
2026-07-28 15:28:00,ccf-aiops-武汉,br-2,br,ens8,NULL,0,0,0,0,0,0,0,0,0
2026-07-28 15:28:00,ccf-aiops-武汉,br-2,br,ens9,NULL,0,0,0,0,0,0,0,0,0
2026-07-28 15:28:00,ccf-aiops-武汉,cr-1,cr,ens10,NULL,0,0,0,0,0,0,0,0,0
2026-07-28 15:28:00,ccf-aiops-武汉,cr-1,cr,ens11,NULL,0,0,0,0,0,0,0,0,0
2026-07-28 15:28:00,ccf-aiops-武汉,cr-1,cr,ens12,NULL,0,0,0,0,0,0,0,0,0
2026-07-28 15:28:00,ccf-aiops-武汉,cr-1,cr,ens3,NULL,14.933333333333334,0.9333333333333333,0.13333333333333333,0.02222222222222222,0,0,0,0,0
2026-07-28 15:28:00,ccf-aiops-武汉,cr-1,cr,ens4,backbone,2741.022222222222,1648.7333333333333,14.333333333333334,14,0,0,0,0,0
2026-07-28 15:28:00,ccf-aiops-武汉,cr-1,cr,ens5,backbone,1771.4888888888888,4855.11111111111,15.044444444444444,15.177777777777777,0,0,0,0,0
2026-07-28 15:28:00,ccf-aiops-武汉,cr-1,cr,ens6,NULL,0,0,0,0,0,0,0,0,0
2026-07-28 15:28:00,ccf-aiops-武汉,cr-1,cr,ens7,NULL,0,0,0,0,0,0,0,0,0
2026-07-28 15:28:00,ccf-aiops-武汉,cr-1,cr,ens8,NULL,0,0,0,0,0,0,0,0,0
2026-07-28 15:28:00,ccf-aiops-武汉,cr-1,cr,ens9,NULL,0,0,0,0,0,0,0,0,0
2026-07-28 15:28:00,ccf-aiops-武汉,cr-2,cr,ens10,NULL,0,0,0,0,0,0,0,0,0
2026-07-28 15:28:00,ccf-aiops-武汉,cr-2,cr,ens11,NULL,0,0,0,0,0,0,0,0,0
2026-07-28 15:28:00,ccf-aiops-武汉,cr-2,cr,ens12,NULL,0,0,0,0,0,0,0,0,0
2026-07-28 15:28:00,ccf-aiops-武汉,cr-2,cr,ens3,NULL,21.31111111111111,0,0.13333333333333333,0,0,0,0,0,0
2026-07-28 15:28:00,ccf-aiops-武汉,cr-2,cr,ens4,backbone,6329.133333333333,2043.8666666666666,19.155555555555555,17.244444444444444,0,0,0,0,0
2026-07-28 15:28:00,ccf-aiops-武汉,cr-2,cr,ens5,backbone,2162.1777777777775,8327.933333333332,18.244444444444444,20,0,0,0,0,0
2026-07-28 15:28:00,ccf-aiops-武汉,cr-2,cr,ens6,NULL,0,0,0,0,0,0,0,0,0
2026-07-28 15:28:00,ccf-aiops-武汉,cr-2,cr,ens7,NULL,0,0,0,0,0,0,0,0,0
2026-07-28 15:28:00,ccf-aiops-武汉,cr-2,cr,ens8,NULL,0,0,0,0,0,0,0,0,0
2026-07-28 15:28:00,ccf-aiops-武汉,cr-2,cr,ens9,NULL,0,0,0,0,0,0,0,0,0
2026-07-28 15:28:00,ccf-aiops-武汉,fw,firewall,ens3,NULL,313.4222222222222,166.4,3.3777777777777778,1.6444444444444444,0,0,0,0,0
2026-07-28 15:28:00,ccf-aiops-武汉,fw,firewall,ens4,backbone,13362.888888888887,3736.622222222222,34.13333333333333,31.42222222222222,0,0,0,0,0
2026-07-28 15:28:00,ccf-aiops-武汉,fw,firewall,ens5,business,3794.777777777778,14491.244444444445,31.911111111111108,33.93333333333333,0,0,0,0,0
2026-07-28 15:28:00,ccf-aiops-武汉,fw,firewall,ens6,NULL,0,0,0,0,0,0,0,0,0
2026-07-28 15:28:00,ccf-aiops-武汉,monitor-vm,collector,ens3,NULL,187.95555555555555,128.88888888888889,1.6888888888888889,0.9555555555555555,0,0,0,0,0
2026-07-28 15:28:00,ccf-aiops-武汉,monitor-vm,collector,ens4,mgmt,30620.377777777776,1045.6666666666667,11.6,9.266666666666667,0,0,0,0,0
2026-07-28 15:28:00,ccf-aiops-武汉,monitor-vm,collector,ens5,NULL,0,0,0,0,0,0,0,0,0
2026-07-28 15:28:00,ccf-aiops-武汉,monitor-vm,collector,ens6,NULL,0,0,0,0,0,0,0,0,0
2026-07-28 15:28:00,ccf-aiops-武汉,probe-vm,probe,ens3,NULL,68.08888888888889,60.888888888888886,0.4,0.28888888888888886,0,0,0,0,0
2026-07-28 15:28:00,ccf-aiops-武汉,probe-vm,probe,ens4,business,53.24444444444444,1164.0222222222221,0.4222222222222222,0.26666666666666666,0,0,0,0,0
2026-07-28 15:28:00,ccf-aiops-武汉,probe-vm,probe,ens5,NULL,0,0,0,0,0,0,0,0,0
2026-07-28 15:28:00,ccf-aiops-武汉,probe-vm,probe,ens6,NULL,0,0,0,0,0,0,0,0,0
2026-07-28 15:28:00,ccf-aiops-武汉,service-vm-1,service,ens3,NULL,76.26666666666667,34.93333333333333,0.8,0.3555555555555555,0,0,0,0,0
2026-07-28 15:28:00,ccf-aiops-武汉,service-vm-1,service,ens4,service,2404.644444444444,3576.9333333333334,20.04444444444444,19.755555555555553,0,0,0,0,0
2026-07-28 15:28:00,ccf-aiops-武汉,service-vm-1,service,ens5,NULL,0,0,0,0,0,0,0,0,0
2026-07-28 15:28:00,ccf-aiops-武汉,service-vm-1,service,ens6,NULL,0,0,0,0,0,0,0,0,0
2026-07-28 15:28:00,ccf-aiops-武汉,service-vm-2,service,ens3,NULL,75.57777777777777,63.91111111111111,0.4222222222222222,0.3333333333333333,0,0,0,0,0
2026-07-28 15:28:00,ccf-aiops-武汉,service-vm-2,service,ens4,service,66.08888888888889,1180.2666666666667,0.5777777777777777,0.4,0,0,0,0,0
2026-07-28 15:28:00,ccf-aiops-武汉,service-vm-2,service,ens5,NULL,0,0,0,0,0,0,0,0,0
2026-07-28 15:28:00,ccf-aiops-武汉,service-vm-2,service,ens6,NULL,0,0,0,0,0,0,0,0,0
2026-07-28 15:28:00,ccf-aiops-武汉,service-vm-3,service,ens3,NULL,22.644444444444442,0,0.15555555555555553,0,0,0,0,0,0
2026-07-28 15:28:00,ccf-aiops-武汉,service-vm-3,service,ens4,service,64.17777777777778,1177.711111111111,0.5555555555555555,0.3777777777777777,0,0,0,0,0
2026-07-28 15:28:00,ccf-aiops-武汉,service-vm-3,service,ens5,NULL,0,0,0,0,0,0,0,0,0
2026-07-28 15:28:00,ccf-aiops-武汉,service-vm-3,service,ens6,NULL,0,0,0,0,0,0,0,0,0
2026-07-28 15:28:00,ccf-aiops-武汉,traffic-vm,traffic,ens3,NULL,77.13333333333334,60.888888888888886,0.4444444444444444,0.28888888888888886,0,0,0,0,0
2026-07-28 15:28:00,ccf-aiops-武汉,traffic-vm,traffic,ens4,business,3058.8444444444444,17395.17777777778,21.333333333333332,20.666666666666668,0,0,0,0,0
2026-07-28 15:28:00,ccf-aiops-武汉,traffic-vm,traffic,ens5,NULL,0,0,0,0,0,0,0,0,0
2026-07-28 15:28:00,ccf-aiops-武汉,traffic-vm,traffic,ens6,NULL,0,0,0,0,0,0,0,0,0
2026-07-28 15:29:00,ccf-aiops-武汉,br-1,br,ens10,NULL,0,0,0,0,0,0,0,0,0
2026-07-28 15:29:00,ccf-aiops-武汉,br-1,br,ens11,NULL,0,0,0,0,0,0,0,0,0
2026-07-28 15:29:00,ccf-aiops-武汉,br-1,br,ens12,NULL,0,0,0,0,0,0,0,0,0
2026-07-28 15:29:00,ccf-aiops-武汉,br-1,br,ens3,NULL,22.666666666666668,0,0.06666666666666667,0,0,0,0,0,0
2026-07-28 15:29:00,ccf-aiops-武汉,br-1,br,ens4,backbone,3211.288888888889,2544.911111111111,25.62222222222222,20.022222222222222,0,0,0,0,0
2026-07-28 15:29:00,ccf-aiops-武汉,br-1,br,ens5,backbone,901.8222222222222,4183.377777777778,7.688888888888888,8.333333333333334,0,0,0,0,0
2026-07-28 15:29:00,ccf-aiops-武汉,br-1,br,ens6,NULL,0,0,0,0,0,0,0,0,0
2026-07-28 15:29:00,ccf-aiops-武汉,br-1,br,ens7,NULL,0,0,0,0,0,0,0,0,0
2026-07-28 15:29:00,ccf-aiops-武汉,br-1,br,ens8,NULL,0,0,0,0,0,0,0,0,0
2026-07-28 15:29:00,ccf-aiops-武汉,br-1,br,ens9,NULL,0,0,0,0,0,0,0,0,0
2026-07-28 15:29:00,ccf-aiops-武汉,br-2,br,ens10,NULL,0,0,0,0,0,0,0,0,0
2026-07-28 15:29:00,ccf-aiops-武汉,br-2,br,ens11,NULL,0,0,0,0,0,0,0,0,0
2026-07-28 15:29:00,ccf-aiops-武汉,br-2,br,ens12,NULL,0,0,0,0,0,0,0,0,0
2026-07-28 15:29:00,ccf-aiops-武汉,br-2,br,ens3,NULL,22.666666666666668,0,0.06666666666666667,0,0,0,0,0,0
2026-07-28 15:29:00,ccf-aiops-武汉,br-2,br,ens4,backbone,2680.822222222222,2134.822222222222,22.08888888888889,16.8,0,0,0,0,0
2026-07-28 15:29:00,ccf-aiops-武汉,br-2,br,ens5,backbone,684.311111111111,4093.511111111111,5.888888888888888,6.666666666666667,0,0,0,0,0
2026-07-28 15:29:00,ccf-aiops-武汉,br-2,br,ens6,NULL,0,0,0,0,0,0,0,0,0
2026-07-28 15:29:00,ccf-aiops-武汉,br-2,br,ens7,NULL,0,0,0,0,0,0,0,0,0
2026-07-28 15:29:00,ccf-aiops-武汉,br-2,br,ens8,NULL,0,0,0,0,0,0,0,0,0
2026-07-28 15:29:00,ccf-aiops-武汉,br-2,br,ens9,NULL,0,0,0,0,0,0,0,0,0
2026-07-28 15:29:00,ccf-aiops-武汉,cr-1,cr,ens10,NULL,0,0,0,0,0,0,0,0,0
2026-07-28 15:29:00,ccf-aiops-武汉,cr-1,cr,ens11,NULL,0,0,0,0,0,0,0,0,0
2026-07-28 15:29:00,ccf-aiops-武汉,cr-1,cr,ens12,NULL,0,0,0,0,0,0,0,0,0
2026-07-28 15:29:00,ccf-aiops-武汉,cr-1,cr,ens3,NULL,22.666666666666668,0,0.06666666666666667,0,0,0,0,0,0
2026-07-28 15:29:00,ccf-aiops-武汉,cr-1,cr,ens4,backbone,2403.8,877.8888888888888,7.2,7.555555555555555,0,0,0,0,0
2026-07-28 15:29:00,ccf-aiops-武汉,cr-1,cr,ens5,backbone,988.911111111111,5063.6,8.466666666666667,8.422222222222222,0,0,0,0,0
2026-07-28 15:29:00,ccf-aiops-武汉,cr-1,cr,ens6,NULL,0,0,0,0,0,0,0,0,0
2026-07-28 15:29:00,ccf-aiops-武汉,cr-1,cr,ens7,NULL,0,0,0,0,0,0,0,0,0
2026-07-28 15:29:00,ccf-aiops-武汉,cr-1,cr,ens8,NULL,0,0,0,0,0,0,0,0,0
2026-07-28 15:29:00,ccf-aiops-武汉,cr-1,cr,ens9,NULL,0,0,0,0,0,0,0,0,0
2026-07-28 15:29:00,ccf-aiops-武汉,cr-2,cr,ens10,NULL,0,0,0,0,0,0,0,0,0
2026-07-28 15:29:00,ccf-aiops-武汉,cr-2,cr,ens11,NULL,0,0,0,0,0,0,0,0,0
2026-07-28 15:29:00,ccf-aiops-武汉,cr-2,cr,ens12,NULL,0,0,0,0,0,0,0,0,0
2026-07-28 15:29:00,ccf-aiops-武汉,cr-2,cr,ens3,NULL,26.84444444444444,0,0.1111111111111111,0,0,0,0,0,0
2026-07-28 15:29:00,ccf-aiops-武汉,cr-2,cr,ens4,backbone,5630.8,549.5555555555554,7.777777777777777,4.644444444444445,0,0,0,0,0
2026-07-28 15:29:00,ccf-aiops-武汉,cr-2,cr,ens5,backbone,667.3333333333334,8579.577777777777,5.644444444444444,9.222222222222223,0,0,0,0,0
2026-07-28 15:29:00,ccf-aiops-武汉,cr-2,cr,ens6,NULL,0,0,0,0,0,0,0,0,0
2026-07-28 15:29:00,ccf-aiops-武汉,cr-2,cr,ens7,NULL,0,0,0,0,0,0,0,0,0
2026-07-28 15:29:00,ccf-aiops-武汉,cr-2,cr,ens8,NULL,0,0,0,0,0,0,0,0,0
2026-07-28 15:29:00,ccf-aiops-武汉,cr-2,cr,ens9,NULL,0,0,0,0,0,0,0,0,0
2026-07-28 15:29:00,ccf-aiops-武汉,fw,firewall,ens3,NULL,323.8222222222222,167.33333333333334,3.355555555555555,1.6666666666666667,0,0,0,0,0
2026-07-28 15:29:00,ccf-aiops-武汉,fw,firewall,ens4,backbone,13651.8,1824.911111111111,19.51111111111111,15.533333333333333,0,0,0,0,0
2026-07-28 15:29:00,ccf-aiops-武汉,fw,firewall,ens5,business,1881.511111111111,14799.4,16,19.466666666666665,0,0,0,0,0
2026-07-28 15:29:00,ccf-aiops-武汉,fw,firewall,ens6,NULL,0,0,0,0,0,0,0,0,0
2026-07-28 15:29:00,ccf-aiops-武汉,monitor-vm,collector,ens3,NULL,146.66666666666666,68.93333333333334,1.422222222222222,0.6888888888888888,0,0,0,0,0
2026-07-28 15:29:00,ccf-aiops-武汉,monitor-vm,collector,ens4,mgmt,33073.02222222222,1065.0444444444445,13.622222222222222,9.488888888888887,0,0,0,0,0
2026-07-28 15:29:00,ccf-aiops-武汉,monitor-vm,collector,ens5,NULL,0,0,0,0,0,0,0,0,0
2026-07-28 15:29:00,ccf-aiops-武汉,monitor-vm,collector,ens6,NULL,0,0,0,0,0,0,0,0,0
2026-07-28 15:29:00,ccf-aiops-武汉,probe-vm,probe,ens3,NULL,77.15555555555555,60.888888888888886,0.3555555555555555,0.28888888888888886,0,0,0,0,0
2026-07-28 15:29:00,ccf-aiops-武汉,probe-vm,probe,ens4,business,52.71111111111111,1165.3555555555554,0.4222222222222222,0.26666666666666666,0,0,0,0,0
2026-07-28 15:29:00,ccf-aiops-武汉,probe-vm,probe,ens5,NULL,0,0,0,0,0,0,0,0,0
2026-07-28 15:29:00,ccf-aiops-武汉,probe-vm,probe,ens6,NULL,0,0,0,0,0,0,0,0,0
2026-07-28 15:29:00,ccf-aiops-武汉,service-vm-1,service,ens3,NULL,191.64444444444445,156.3111111111111,1.2888888888888888,0.9111111111111111,0,0,0,0,0
2026-07-28 15:29:00,ccf-aiops-武汉,service-vm-1,service,ens4,service,472.6666666666667,1603.4,3.9555555555555553,3.7777777777777777,0,0,0,0,0
2026-07-28 15:29:00,ccf-aiops-武汉,service-vm-1,service,ens5,NULL,0,0,0,0,0,0,0,0,0
2026-07-28 15:29:00,ccf-aiops-武汉,service-vm-1,service,ens6,NULL,0,0,0,0,0,0,0,0,0
2026-07-28 15:29:00,ccf-aiops-武汉,service-vm-2,service,ens3,NULL,25.2,0,0.08888888888888889,0,0,0,0,0,0
2026-07-28 15:29:00,ccf-aiops-武汉,service-vm-2,service,ens4,service,59.24444444444444,1175.8444444444442,0.48888888888888893,0.3333333333333333,0,0,0,0,0
2026-07-28 15:29:00,ccf-aiops-武汉,service-vm-2,service,ens5,NULL,0,0,0,0,0,0,0,0,0
2026-07-28 15:29:00,ccf-aiops-武汉,service-vm-2,service,ens6,NULL,0,0,0,0,0,0,0,0,0
2026-07-28 15:29:00,ccf-aiops-武汉,service-vm-3,service,ens3,NULL,79.68888888888888,62.35555555555555,0.3777777777777778,0.31111111111111106,0,0,0,0,0
2026-07-28 15:29:00,ccf-aiops-武汉,service-vm-3,service,ens4,service,64.17777777777778,1177.8666666666666,0.5555555555555556,0.3777777777777777,0,0,0,0,0
2026-07-28 15:29:00,ccf-aiops-武汉,service-vm-3,service,ens5,NULL,0,0,0,0,0,0,0,0,0
2026-07-28 15:29:00,ccf-aiops-武汉,service-vm-3,service,ens6,NULL,0,0,0,0,0,0,0,0,0
2026-07-28 15:29:00,ccf-aiops-武汉,traffic-vm,traffic,ens3,NULL,25.2,0,0.08888888888888888,0,0,0,0,0,0
2026-07-28 15:29:00,ccf-aiops-武汉,traffic-vm,traffic,ens4,business,650.6222222222221,15511.444444444443,5.088888888888889,4.488888888888889,0,0,0,0,0
2026-07-28 15:29:00,ccf-aiops-武汉,traffic-vm,traffic,ens5,NULL,0,0,0,0,0,0,0,0,0
2026-07-28 15:29:00,ccf-aiops-武汉,traffic-vm,traffic,ens6,NULL,0,0,0,0,0,0,0,0,0
