timestamp,region,node,node_type,metric_name,label,value
2026-07-28 15:11:00,ccf-aiops-武汉,br-1,br,bgp_command_success,"command=""bgp_summary""",1
2026-07-28 15:11:00,ccf-aiops-武汉,br-1,br,bgp_peer_count,,6
2026-07-28 15:11:00,ccf-aiops-武汉,br-1,br,bgp_peer_prefix_received,"peer=""fd00:100:10::1"",remote_as=""65001"",state=""Established""",5
2026-07-28 15:11:00,ccf-aiops-武汉,br-1,br,bgp_peer_prefix_received,"peer=""fd00:100:10::21"",remote_as=""65003"",state=""Established""",4
2026-07-28 15:11:00,ccf-aiops-武汉,br-1,br,bgp_peer_prefix_received,"peer=""fd00:100:10::31"",remote_as=""65004"",state=""Established""",2
2026-07-28 15:11:00,ccf-aiops-武汉,br-1,br,bgp_peer_prefix_received,"peer=""fd00:100:10::51"",remote_as=""65006"",state=""Established""",5
2026-07-28 15:11:00,ccf-aiops-武汉,br-1,br,bgp_peer_prefix_received,"peer=""fd00:100:10::61"",remote_as=""65007"",state=""Established""",4
2026-07-28 15:11:00,ccf-aiops-武汉,br-1,br,bgp_peer_prefix_received,"peer=""fd00:100:10::71"",remote_as=""65008"",state=""Established""",4
2026-07-28 15:11:00,ccf-aiops-武汉,br-1,br,bgp_peer_prefix_sent,"peer=""fd00:100:10::21"",remote_as=""65003"",state=""Established""",8
2026-07-28 15:11:00,ccf-aiops-武汉,br-1,br,bgp_peer_prefix_sent,"peer=""fd00:100:10::71"",remote_as=""65008"",state=""Established""",8
2026-07-28 15:11:00,ccf-aiops-武汉,br-1,br,bgp_peer_prefix_sent,"peer=""fd00:100:10::61"",remote_as=""65007"",state=""Established""",8
2026-07-28 15:11:00,ccf-aiops-武汉,br-1,br,bgp_peer_prefix_sent,"peer=""fd00:100:10::51"",remote_as=""65006"",state=""Established""",8
2026-07-28 15:11:00,ccf-aiops-武汉,br-1,br,bgp_peer_prefix_sent,"peer=""fd00:100:10::31"",remote_as=""65004"",state=""Established""",8
2026-07-28 15:11:00,ccf-aiops-武汉,br-1,br,bgp_peer_prefix_sent,"peer=""fd00:100:10::1"",remote_as=""65001"",state=""Established""",8
2026-07-28 15:11:00,ccf-aiops-武汉,br-1,br,bgp_peer_up,"peer=""fd00:100:10::71"",remote_as=""65008"",state=""Established""",1
2026-07-28 15:11:00,ccf-aiops-武汉,br-1,br,bgp_peer_up,"peer=""fd00:100:10::61"",remote_as=""65007"",state=""Established""",1
2026-07-28 15:11:00,ccf-aiops-武汉,br-1,br,bgp_peer_up,"peer=""fd00:100:10::51"",remote_as=""65006"",state=""Established""",1
2026-07-28 15:11:00,ccf-aiops-武汉,br-1,br,bgp_peer_up,"peer=""fd00:100:10::31"",remote_as=""65004"",state=""Established""",1
2026-07-28 15:11:00,ccf-aiops-武汉,br-1,br,bgp_peer_up,"peer=""fd00:100:10::21"",remote_as=""65003"",state=""Established""",1
2026-07-28 15:11:00,ccf-aiops-武汉,br-1,br,bgp_peer_up,"peer=""fd00:100:10::1"",remote_as=""65001"",state=""Established""",1
2026-07-28 15:11:00,ccf-aiops-武汉,br-1,br,bgp_peer_uptime_seconds,"peer=""fd00:100:10::71"",remote_as=""65008"",state=""Established""",2421888
2026-07-28 15:11:00,ccf-aiops-武汉,br-1,br,bgp_peer_uptime_seconds,"peer=""fd00:100:10::61"",remote_as=""65007"",state=""Established""",2422013
2026-07-28 15:11:00,ccf-aiops-武汉,br-1,br,bgp_peer_uptime_seconds,"peer=""fd00:100:10::51"",remote_as=""65006"",state=""Established""",2422121
2026-07-28 15:11:00,ccf-aiops-武汉,br-1,br,bgp_peer_uptime_seconds,"peer=""fd00:100:10::31"",remote_as=""65004"",state=""Established""",2422209
2026-07-28 15:11:00,ccf-aiops-武汉,br-1,br,bgp_peer_uptime_seconds,"peer=""fd00:100:10::21"",remote_as=""65003"",state=""Established""",1734847
2026-07-28 15:11:00,ccf-aiops-武汉,br-1,br,bgp_peer_uptime_seconds,"peer=""fd00:100:10::1"",remote_as=""65001"",state=""Established""",2422209
2026-07-28 15:11:00,ccf-aiops-武汉,br-1,br,ipv6_default_route_changed_total,,0
2026-07-28 15:11:00,ccf-aiops-武汉,br-1,br,ipv6_default_route_info,"next_hop=""240a:a023::1"",dev=""ens4"",protocol=""unknown"",metric=""1024"",route_index=""0"",nh_index=""0""",1
2026-07-28 15:11:00,ccf-aiops-武汉,br-1,br,ipv6_route_change_total,"prefix=""fd00:8:40::/64""",0
2026-07-28 15:11:00,ccf-aiops-武汉,br-1,br,ipv6_route_change_total,"prefix=""fd00:7:40::/64""",8
2026-07-28 15:11:00,ccf-aiops-武汉,br-1,br,ipv6_route_change_total,"prefix=""fd00:6:40::/64""",0
2026-07-28 15:11:00,ccf-aiops-武汉,br-1,br,ipv6_route_change_total,"prefix=""fd00:5:40::/64""",0
2026-07-28 15:11:00,ccf-aiops-武汉,br-1,br,ipv6_route_change_total,"prefix=""fd00:4:40::/64""",0
2026-07-28 15:11:00,ccf-aiops-武汉,br-1,br,ipv6_route_change_total,"prefix=""fd00:3:40::/64""",0
2026-07-28 15:11:00,ccf-aiops-武汉,br-1,br,ipv6_route_change_total,"prefix=""fd00:2:40::/64""",2
2026-07-28 15:11:00,ccf-aiops-武汉,br-1,br,ipv6_route_change_total,"prefix=""fd00:1:40::/64""",0
2026-07-28 15:11:00,ccf-aiops-武汉,br-1,br,ipv6_route_change_total,"prefix=""::/0""",0
2026-07-28 15:11:00,ccf-aiops-武汉,br-1,br,ipv6_route_count,"protocol=""kernel""",7
2026-07-28 15:11:00,ccf-aiops-武汉,br-1,br,ipv6_route_count,"protocol=""unknown""",1
2026-07-28 15:11:00,ccf-aiops-武汉,br-1,br,ipv6_route_count,"protocol=""ospf""",2
2026-07-28 15:11:00,ccf-aiops-武汉,br-1,br,ipv6_route_count,"protocol=""all""",17
2026-07-28 15:11:00,ccf-aiops-武汉,br-1,br,ipv6_route_count,"protocol=""bgp""",7
2026-07-28 15:11:00,ccf-aiops-武汉,br-1,br,ipv6_route_exists,"prefix=""fd00:2:40::/64""",1
2026-07-28 15:11:00,ccf-aiops-武汉,br-1,br,ipv6_route_exists,"prefix=""fd00:8:40::/64""",1
2026-07-28 15:11:00,ccf-aiops-武汉,br-1,br,ipv6_route_exists,"prefix=""fd00:7:40::/64""",1
2026-07-28 15:11:00,ccf-aiops-武汉,br-1,br,ipv6_route_exists,"prefix=""fd00:6:40::/64""",1
2026-07-28 15:11:00,ccf-aiops-武汉,br-1,br,ipv6_route_exists,"prefix=""fd00:5:40::/64""",1
2026-07-28 15:11:00,ccf-aiops-武汉,br-1,br,ipv6_route_exists,"prefix=""fd00:4:40::/64""",1
2026-07-28 15:11:00,ccf-aiops-武汉,br-1,br,ipv6_route_exists,"prefix=""::/0""",1
2026-07-28 15:11:00,ccf-aiops-武汉,br-1,br,ipv6_route_exists,"prefix=""fd00:1:40::/64""",1
2026-07-28 15:11:00,ccf-aiops-武汉,br-1,br,ipv6_route_exists,"prefix=""fd00:3:40::/64""",1
2026-07-28 15:11:00,ccf-aiops-武汉,br-1,br,ipv6_route_nexthop_info,"prefix=""fd00:5:40::/64"",next_hop=""fe80::5:20:12"",dev=""ens5"",protocol=""ospf"",metric=""20"",route_index=""0"",nh_index=""1""",1
2026-07-28 15:11:00,ccf-aiops-武汉,br-1,br,ipv6_route_nexthop_info,"prefix=""fd00:5:40::/64"",next_hop=""fe80::5:20:11"",dev=""ens5"",protocol=""ospf"",metric=""20"",route_index=""0"",nh_index=""0""",1
2026-07-28 15:11:00,ccf-aiops-武汉,br-1,br,ipv6_route_nexthop_info,"prefix=""fd00:8:40::/64"",next_hop=""fe80::100:10:71"",dev=""ens4"",protocol=""bgp"",metric=""20"",route_index=""0"",nh_index=""0""",1
2026-07-28 15:11:00,ccf-aiops-武汉,br-1,br,ipv6_route_nexthop_info,"prefix=""fd00:7:40::/64"",next_hop=""fe80::100:10:61"",dev=""ens4"",protocol=""bgp"",metric=""20"",route_index=""0"",nh_index=""0""",1
2026-07-28 15:11:00,ccf-aiops-武汉,br-1,br,ipv6_route_nexthop_info,"prefix=""fd00:6:40::/64"",next_hop=""fe80::100:10:51"",dev=""ens4"",protocol=""bgp"",metric=""20"",route_index=""0"",nh_index=""0""",1
2026-07-28 15:11:00,ccf-aiops-武汉,br-1,br,ipv6_route_nexthop_info,"prefix=""fd00:4:40::/64"",next_hop=""fe80::100:10:31"",dev=""ens4"",protocol=""bgp"",metric=""20"",route_index=""0"",nh_index=""0""",1
2026-07-28 15:11:00,ccf-aiops-武汉,br-1,br,ipv6_route_nexthop_info,"prefix=""fd00:3:40::/64"",next_hop=""fe80::100:10:21"",dev=""ens4"",protocol=""bgp"",metric=""20"",route_index=""0"",nh_index=""0""",1
2026-07-28 15:11:00,ccf-aiops-武汉,br-1,br,ipv6_route_nexthop_info,"prefix=""fd00:2:40::/64"",next_hop=""fe80::100:10:1"",dev=""ens4"",protocol=""bgp"",metric=""20"",route_index=""0"",nh_index=""0""",1
2026-07-28 15:11:00,ccf-aiops-武汉,br-1,br,ipv6_route_nexthop_info,"prefix=""fd00:1:40::/64"",next_hop=""fe80::100:10:1"",dev=""ens4"",protocol=""bgp"",metric=""20"",route_index=""0"",nh_index=""0""",1
2026-07-28 15:11:00,ccf-aiops-武汉,br-1,br,ipv6_route_nexthop_info,"prefix=""::/0"",next_hop=""240a:a023::1"",dev=""ens4"",protocol=""unknown"",metric=""1024"",route_index=""0"",nh_index=""0""",1
2026-07-28 15:11:00,ccf-aiops-武汉,br-1,br,ospf6_interface_cost,"interface=""ens5""",1
2026-07-28 15:11:00,ccf-aiops-武汉,br-1,br,ospf6_interface_enabled,"interface=""ens10""",1
2026-07-28 15:11:00,ccf-aiops-武汉,br-1,br,ospf6_interface_enabled,"interface=""ens11""",1
2026-07-28 15:11:00,ccf-aiops-武汉,br-1,br,ospf6_interface_enabled,"interface=""ens12""",1
2026-07-28 15:11:00,ccf-aiops-武汉,br-1,br,ospf6_interface_enabled,"interface=""ens3""",1
2026-07-28 15:11:00,ccf-aiops-武汉,br-1,br,ospf6_interface_enabled,"interface=""ens4""",1
2026-07-28 15:11:00,ccf-aiops-武汉,br-1,br,ospf6_interface_enabled,"interface=""ens5""",1
2026-07-28 15:11:00,ccf-aiops-武汉,br-1,br,ospf6_interface_enabled,"interface=""ens6""",1
2026-07-28 15:11:00,ccf-aiops-武汉,br-1,br,ospf6_interface_enabled,"interface=""ens7""",1
2026-07-28 15:11:00,ccf-aiops-武汉,br-1,br,ospf6_interface_enabled,"interface=""ens8""",1
2026-07-28 15:11:00,ccf-aiops-武汉,br-1,br,ospf6_interface_enabled,"interface=""ens9""",1
2026-07-28 15:11:00,ccf-aiops-武汉,br-1,br,ospf6_interface_enabled,"interface=""lo""",1
2026-07-28 15:11:00,ccf-aiops-武汉,br-1,br,ospf6_interface_enabled,"interface=""virbr0""",0
2026-07-28 15:11:00,ccf-aiops-武汉,br-1,br,ospf6_neighbor_state_code,"state=""Full"",interface=""ens5"",neighbor_id=""5.5.5.11""",6
2026-07-28 15:11:00,ccf-aiops-武汉,br-1,br,ospf6_neighbor_state_code,"state=""Twoway"",interface=""ens5"",neighbor_id=""5.5.5.2""",2
2026-07-28 15:11:00,ccf-aiops-武汉,br-1,br,ospf6_neighbor_state_code,"state=""Full"",interface=""ens5"",neighbor_id=""5.5.5.12""",6
2026-07-28 15:11:00,ccf-aiops-武汉,br-2,br,bgp_command_success,"command=""bgp_summary""",1
2026-07-28 15:11:00,ccf-aiops-武汉,br-2,br,bgp_peer_count,,6
2026-07-28 15:11:00,ccf-aiops-武汉,br-2,br,bgp_peer_prefix_received,"peer=""fd00:100:10::72"",remote_as=""65008"",state=""Established""",3
2026-07-28 15:11:00,ccf-aiops-武汉,br-2,br,bgp_peer_prefix_received,"peer=""fd00:100:10::62"",remote_as=""65007"",state=""Established""",4
2026-07-28 15:11:00,ccf-aiops-武汉,br-2,br,bgp_peer_prefix_received,"peer=""fd00:100:10::52"",remote_as=""65006"",state=""Established""",6
2026-07-28 15:11:00,ccf-aiops-武汉,br-2,br,bgp_peer_prefix_received,"peer=""fd00:100:10::32"",remote_as=""65004"",state=""Established""",3
2026-07-28 15:11:00,ccf-aiops-武汉,br-2,br,bgp_peer_prefix_received,"peer=""fd00:100:10::22"",remote_as=""65003"",state=""Established""",5
2026-07-28 15:11:00,ccf-aiops-武汉,br-2,br,bgp_peer_prefix_received,"peer=""fd00:100:10::2"",remote_as=""65001"",state=""Established""",4
2026-07-28 15:11:00,ccf-aiops-武汉,br-2,br,bgp_peer_prefix_sent,"peer=""fd00:100:10::62"",remote_as=""65007"",state=""Established""",8
2026-07-28 15:11:00,ccf-aiops-武汉,br-2,br,bgp_peer_prefix_sent,"peer=""fd00:100:10::52"",remote_as=""65006"",state=""Established""",8
2026-07-28 15:11:00,ccf-aiops-武汉,br-2,br,bgp_peer_prefix_sent,"peer=""fd00:100:10::32"",remote_as=""65004"",state=""Established""",8
2026-07-28 15:11:00,ccf-aiops-武汉,br-2,br,bgp_peer_prefix_sent,"peer=""fd00:100:10::22"",remote_as=""65003"",state=""Established""",8
2026-07-28 15:11:00,ccf-aiops-武汉,br-2,br,bgp_peer_prefix_sent,"peer=""fd00:100:10::72"",remote_as=""65008"",state=""Established""",8
2026-07-28 15:11:00,ccf-aiops-武汉,br-2,br,bgp_peer_prefix_sent,"peer=""fd00:100:10::2"",remote_as=""65001"",state=""Established""",8
2026-07-28 15:11:00,ccf-aiops-武汉,br-2,br,bgp_peer_up,"peer=""fd00:100:10::72"",remote_as=""65008"",state=""Established""",1
2026-07-28 15:11:00,ccf-aiops-武汉,br-2,br,bgp_peer_up,"peer=""fd00:100:10::62"",remote_as=""65007"",state=""Established""",1
2026-07-28 15:11:00,ccf-aiops-武汉,br-2,br,bgp_peer_up,"peer=""fd00:100:10::52"",remote_as=""65006"",state=""Established""",1
2026-07-28 15:11:00,ccf-aiops-武汉,br-2,br,bgp_peer_up,"peer=""fd00:100:10::32"",remote_as=""65004"",state=""Established""",1
2026-07-28 15:11:00,ccf-aiops-武汉,br-2,br,bgp_peer_up,"peer=""fd00:100:10::22"",remote_as=""65003"",state=""Established""",1
2026-07-28 15:11:00,ccf-aiops-武汉,br-2,br,bgp_peer_up,"peer=""fd00:100:10::2"",remote_as=""65001"",state=""Established""",1
2026-07-28 15:11:00,ccf-aiops-武汉,br-2,br,bgp_peer_uptime_seconds,"peer=""fd00:100:10::2"",remote_as=""65001"",state=""Established""",2422190
2026-07-28 15:11:00,ccf-aiops-武汉,br-2,br,bgp_peer_uptime_seconds,"peer=""fd00:100:10::22"",remote_as=""65003"",state=""Established""",704581
2026-07-28 15:11:00,ccf-aiops-武汉,br-2,br,bgp_peer_uptime_seconds,"peer=""fd00:100:10::32"",remote_as=""65004"",state=""Established""",2422190
2026-07-28 15:11:00,ccf-aiops-武汉,br-2,br,bgp_peer_uptime_seconds,"peer=""fd00:100:10::52"",remote_as=""65006"",state=""Established""",2422097
2026-07-28 15:11:00,ccf-aiops-武汉,br-2,br,bgp_peer_uptime_seconds,"peer=""fd00:100:10::72"",remote_as=""65008"",state=""Established""",2421869
2026-07-28 15:11:00,ccf-aiops-武汉,br-2,br,bgp_peer_uptime_seconds,"peer=""fd00:100:10::62"",remote_as=""65007"",state=""Established""",2421986
2026-07-28 15:11:00,ccf-aiops-武汉,br-2,br,ipv6_default_route_changed_total,,0
2026-07-28 15:11:00,ccf-aiops-武汉,br-2,br,ipv6_default_route_info,"next_hop=""240a:a023::1"",dev=""ens4"",protocol=""unknown"",metric=""1024"",route_index=""0"",nh_index=""0""",1
2026-07-28 15:11:00,ccf-aiops-武汉,br-2,br,ipv6_route_change_total,"prefix=""fd00:8:40::/64""",0
2026-07-28 15:11:00,ccf-aiops-武汉,br-2,br,ipv6_route_change_total,"prefix=""::/0""",0
2026-07-28 15:11:00,ccf-aiops-武汉,br-2,br,ipv6_route_change_total,"prefix=""fd00:1:40::/64""",0
2026-07-28 15:11:00,ccf-aiops-武汉,br-2,br,ipv6_route_change_total,"prefix=""fd00:2:40::/64""",2
2026-07-28 15:11:00,ccf-aiops-武汉,br-2,br,ipv6_route_change_total,"prefix=""fd00:3:40::/64""",0
2026-07-28 15:11:00,ccf-aiops-武汉,br-2,br,ipv6_route_change_total,"prefix=""fd00:4:40::/64""",0
2026-07-28 15:11:00,ccf-aiops-武汉,br-2,br,ipv6_route_change_total,"prefix=""fd00:5:40::/64""",0
2026-07-28 15:11:00,ccf-aiops-武汉,br-2,br,ipv6_route_change_total,"prefix=""fd00:6:40::/64""",0
2026-07-28 15:11:00,ccf-aiops-武汉,br-2,br,ipv6_route_change_total,"prefix=""fd00:7:40::/64""",4
2026-07-28 15:11:00,ccf-aiops-武汉,br-2,br,ipv6_route_count,"protocol=""all""",17
2026-07-28 15:11:00,ccf-aiops-武汉,br-2,br,ipv6_route_count,"protocol=""bgp""",7
2026-07-28 15:11:00,ccf-aiops-武汉,br-2,br,ipv6_route_count,"protocol=""kernel""",7
2026-07-28 15:11:00,ccf-aiops-武汉,br-2,br,ipv6_route_count,"protocol=""ospf""",2
2026-07-28 15:11:00,ccf-aiops-武汉,br-2,br,ipv6_route_count,"protocol=""unknown""",1
2026-07-28 15:11:00,ccf-aiops-武汉,br-2,br,ipv6_route_exists,"prefix=""fd00:8:40::/64""",1
2026-07-28 15:11:00,ccf-aiops-武汉,br-2,br,ipv6_route_exists,"prefix=""fd00:7:40::/64""",1
2026-07-28 15:11:00,ccf-aiops-武汉,br-2,br,ipv6_route_exists,"prefix=""fd00:6:40::/64""",1
2026-07-28 15:11:00,ccf-aiops-武汉,br-2,br,ipv6_route_exists,"prefix=""fd00:5:40::/64""",1
2026-07-28 15:11:00,ccf-aiops-武汉,br-2,br,ipv6_route_exists,"prefix=""fd00:4:40::/64""",1
2026-07-28 15:11:00,ccf-aiops-武汉,br-2,br,ipv6_route_exists,"prefix=""fd00:3:40::/64""",1
2026-07-28 15:11:00,ccf-aiops-武汉,br-2,br,ipv6_route_exists,"prefix=""fd00:2:40::/64""",1
2026-07-28 15:11:00,ccf-aiops-武汉,br-2,br,ipv6_route_exists,"prefix=""::/0""",1
2026-07-28 15:11:00,ccf-aiops-武汉,br-2,br,ipv6_route_exists,"prefix=""fd00:1:40::/64""",1
2026-07-28 15:11:00,ccf-aiops-武汉,br-2,br,ipv6_route_nexthop_info,"prefix=""::/0"",next_hop=""240a:a023::1"",dev=""ens4"",protocol=""unknown"",metric=""1024"",route_index=""0"",nh_index=""0""",1
2026-07-28 15:11:00,ccf-aiops-武汉,br-2,br,ipv6_route_nexthop_info,"prefix=""fd00:1:40::/64"",next_hop=""fe80::100:10:2"",dev=""ens4"",protocol=""bgp"",metric=""20"",route_index=""0"",nh_index=""0""",1
2026-07-28 15:11:00,ccf-aiops-武汉,br-2,br,ipv6_route_nexthop_info,"prefix=""fd00:2:40::/64"",next_hop=""fe80::100:10:2"",dev=""ens4"",protocol=""bgp"",metric=""20"",route_index=""0"",nh_index=""0""",1
2026-07-28 15:11:00,ccf-aiops-武汉,br-2,br,ipv6_route_nexthop_info,"prefix=""fd00:3:40::/64"",next_hop=""fe80::100:10:22"",dev=""ens4"",protocol=""bgp"",metric=""20"",route_index=""0"",nh_index=""0""",1
2026-07-28 15:11:00,ccf-aiops-武汉,br-2,br,ipv6_route_nexthop_info,"prefix=""fd00:4:40::/64"",next_hop=""fe80::100:10:32"",dev=""ens4"",protocol=""bgp"",metric=""20"",route_index=""0"",nh_index=""0""",1
2026-07-28 15:11:00,ccf-aiops-武汉,br-2,br,ipv6_route_nexthop_info,"prefix=""fd00:6:40::/64"",next_hop=""fe80::100:10:52"",dev=""ens4"",protocol=""bgp"",metric=""20"",route_index=""0"",nh_index=""0""",1
2026-07-28 15:11:00,ccf-aiops-武汉,br-2,br,ipv6_route_nexthop_info,"prefix=""fd00:7:40::/64"",next_hop=""fe80::100:10:62"",dev=""ens4"",protocol=""bgp"",metric=""20"",route_index=""0"",nh_index=""0""",1
2026-07-28 15:11:00,ccf-aiops-武汉,br-2,br,ipv6_route_nexthop_info,"prefix=""fd00:8:40::/64"",next_hop=""fe80::100:10:72"",dev=""ens4"",protocol=""bgp"",metric=""20"",route_index=""0"",nh_index=""0""",1
2026-07-28 15:11:00,ccf-aiops-武汉,br-2,br,ipv6_route_nexthop_info,"prefix=""fd00:5:40::/64"",next_hop=""fe80::5:20:11"",dev=""ens5"",protocol=""ospf"",metric=""20"",route_index=""0"",nh_index=""0""",1
2026-07-28 15:11:00,ccf-aiops-武汉,br-2,br,ipv6_route_nexthop_info,"prefix=""fd00:5:40::/64"",next_hop=""fe80::5:20:12"",dev=""ens5"",protocol=""ospf"",metric=""20"",route_index=""0"",nh_index=""1""",1
2026-07-28 15:11:00,ccf-aiops-武汉,br-2,br,ospf6_interface_cost,"interface=""ens5""",1
2026-07-28 15:11:00,ccf-aiops-武汉,br-2,br,ospf6_interface_enabled,"interface=""ens12""",1
2026-07-28 15:11:00,ccf-aiops-武汉,br-2,br,ospf6_interface_enabled,"interface=""ens10""",1
2026-07-28 15:11:00,ccf-aiops-武汉,br-2,br,ospf6_interface_enabled,"interface=""virbr0""",0
2026-07-28 15:11:00,ccf-aiops-武汉,br-2,br,ospf6_interface_enabled,"interface=""ens11""",1
2026-07-28 15:11:00,ccf-aiops-武汉,br-2,br,ospf6_interface_enabled,"interface=""ens3""",1
2026-07-28 15:11:00,ccf-aiops-武汉,br-2,br,ospf6_interface_enabled,"interface=""lo""",1
2026-07-28 15:11:00,ccf-aiops-武汉,br-2,br,ospf6_interface_enabled,"interface=""ens9""",1
2026-07-28 15:11:00,ccf-aiops-武汉,br-2,br,ospf6_interface_enabled,"interface=""ens8""",1
2026-07-28 15:11:00,ccf-aiops-武汉,br-2,br,ospf6_interface_enabled,"interface=""ens7""",1
2026-07-28 15:11:00,ccf-aiops-武汉,br-2,br,ospf6_interface_enabled,"interface=""ens6""",1
2026-07-28 15:11:00,ccf-aiops-武汉,br-2,br,ospf6_interface_enabled,"interface=""ens5""",1
2026-07-28 15:11:00,ccf-aiops-武汉,br-2,br,ospf6_interface_enabled,"interface=""ens4""",1
2026-07-28 15:11:00,ccf-aiops-武汉,br-2,br,ospf6_neighbor_state_code,"state=""Full"",interface=""ens5"",neighbor_id=""5.5.5.12""",6
2026-07-28 15:11:00,ccf-aiops-武汉,br-2,br,ospf6_neighbor_state_code,"state=""Twoway"",interface=""ens5"",neighbor_id=""5.5.5.1""",2
2026-07-28 15:11:00,ccf-aiops-武汉,br-2,br,ospf6_neighbor_state_code,"state=""Full"",interface=""ens5"",neighbor_id=""5.5.5.11""",6
2026-07-28 15:11:00,ccf-aiops-武汉,cr-1,cr,ipv6_default_route_changed_total,,0
2026-07-28 15:11:00,ccf-aiops-武汉,cr-1,cr,ipv6_default_route_info,"next_hop=""fd00:5:20::1"",dev=""ens4"",protocol=""196"",metric=""20"",route_index=""0"",nh_index=""0""",1
2026-07-28 15:11:00,ccf-aiops-武汉,cr-1,cr,ipv6_default_route_info,"next_hop=""fd00:5:20::2"",dev=""ens4"",protocol=""196"",metric=""20"",route_index=""0"",nh_index=""1""",1
2026-07-28 15:11:00,ccf-aiops-武汉,cr-1,cr,ipv6_route_change_total,"prefix=""fd00:5:40::/64""",0
2026-07-28 15:11:00,ccf-aiops-武汉,cr-1,cr,ipv6_route_change_total,"prefix=""fd00:7:40::/64""",0
2026-07-28 15:11:00,ccf-aiops-武汉,cr-1,cr,ipv6_route_change_total,"prefix=""fd00:8:40::/64""",0
2026-07-28 15:11:00,ccf-aiops-武汉,cr-1,cr,ipv6_route_change_total,"prefix=""fd00:6:40::/64""",0
2026-07-28 15:11:00,ccf-aiops-武汉,cr-1,cr,ipv6_route_change_total,"prefix=""fd00:4:40::/64""",0
2026-07-28 15:11:00,ccf-aiops-武汉,cr-1,cr,ipv6_route_change_total,"prefix=""fd00:3:40::/64""",0
2026-07-28 15:11:00,ccf-aiops-武汉,cr-1,cr,ipv6_route_change_total,"prefix=""fd00:2:40::/64""",0
2026-07-28 15:11:00,ccf-aiops-武汉,cr-1,cr,ipv6_route_change_total,"prefix=""::/0""",0
2026-07-28 15:11:00,ccf-aiops-武汉,cr-1,cr,ipv6_route_change_total,"prefix=""fd00:1:40::/64""",0
2026-07-28 15:11:00,ccf-aiops-武汉,cr-1,cr,ipv6_route_count,"protocol=""196""",2
2026-07-28 15:11:00,ccf-aiops-武汉,cr-1,cr,ipv6_route_count,"protocol=""ospf""",7
2026-07-28 15:11:00,ccf-aiops-武汉,cr-1,cr,ipv6_route_count,"protocol=""kernel""",6
2026-07-28 15:11:00,ccf-aiops-武汉,cr-1,cr,ipv6_route_count,"protocol=""all""",15
2026-07-28 15:11:00,ccf-aiops-武汉,cr-1,cr,ipv6_route_exists,"prefix=""::/0""",1
2026-07-28 15:11:00,ccf-aiops-武汉,cr-1,cr,ipv6_route_exists,"prefix=""fd00:1:40::/64""",1
2026-07-28 15:11:00,ccf-aiops-武汉,cr-1,cr,ipv6_route_exists,"prefix=""fd00:2:40::/64""",1
2026-07-28 15:11:00,ccf-aiops-武汉,cr-1,cr,ipv6_route_exists,"prefix=""fd00:3:40::/64""",1
2026-07-28 15:11:00,ccf-aiops-武汉,cr-1,cr,ipv6_route_exists,"prefix=""fd00:4:40::/64""",1
2026-07-28 15:11:00,ccf-aiops-武汉,cr-1,cr,ipv6_route_exists,"prefix=""fd00:5:40::/64""",1
2026-07-28 15:11:00,ccf-aiops-武汉,cr-1,cr,ipv6_route_exists,"prefix=""fd00:6:40::/64""",1
2026-07-28 15:11:00,ccf-aiops-武汉,cr-1,cr,ipv6_route_exists,"prefix=""fd00:7:40::/64""",1
2026-07-28 15:11:00,ccf-aiops-武汉,cr-1,cr,ipv6_route_exists,"prefix=""fd00:8:40::/64""",1
2026-07-28 15:11:00,ccf-aiops-武汉,cr-1,cr,ipv6_route_nexthop_info,"prefix=""fd00:3:40::/64"",next_hop=""fe80::5:20:1"",dev=""ens4"",protocol=""ospf"",metric=""20"",route_index=""0"",nh_index=""0""",1
2026-07-28 15:11:00,ccf-aiops-武汉,cr-1,cr,ipv6_route_nexthop_info,"prefix=""fd00:5:40::/64"",next_hop=""fd00:5:30::254"",dev=""ens5"",protocol=""196"",metric=""20"",route_index=""0"",nh_index=""0""",1
2026-07-28 15:11:00,ccf-aiops-武汉,cr-1,cr,ipv6_route_nexthop_info,"prefix=""fd00:3:40::/64"",next_hop=""fe80::5:20:2"",dev=""ens4"",protocol=""ospf"",metric=""20"",route_index=""0"",nh_index=""1""",1
2026-07-28 15:11:00,ccf-aiops-武汉,cr-1,cr,ipv6_route_nexthop_info,"prefix=""::/0"",next_hop=""fd00:5:20::1"",dev=""ens4"",protocol=""196"",metric=""20"",route_index=""0"",nh_index=""0""",1
2026-07-28 15:11:00,ccf-aiops-武汉,cr-1,cr,ipv6_route_nexthop_info,"prefix=""::/0"",next_hop=""fd00:5:20::2"",dev=""ens4"",protocol=""196"",metric=""20"",route_index=""0"",nh_index=""1""",1
2026-07-28 15:11:00,ccf-aiops-武汉,cr-1,cr,ipv6_route_nexthop_info,"prefix=""fd00:1:40::/64"",next_hop=""fe80::5:20:1"",dev=""ens4"",protocol=""ospf"",metric=""20"",route_index=""0"",nh_index=""0""",1
2026-07-28 15:11:00,ccf-aiops-武汉,cr-1,cr,ipv6_route_nexthop_info,"prefix=""fd00:2:40::/64"",next_hop=""fe80::5:20:1"",dev=""ens4"",protocol=""ospf"",metric=""20"",route_index=""0"",nh_index=""0""",1
2026-07-28 15:11:00,ccf-aiops-武汉,cr-1,cr,ipv6_route_nexthop_info,"prefix=""fd00:4:40::/64"",next_hop=""fe80::5:20:1"",dev=""ens4"",protocol=""ospf"",metric=""20"",route_index=""0"",nh_index=""0""",1
2026-07-28 15:11:00,ccf-aiops-武汉,cr-1,cr,ipv6_route_nexthop_info,"prefix=""fd00:6:40::/64"",next_hop=""fe80::5:20:1"",dev=""ens4"",protocol=""ospf"",metric=""20"",route_index=""0"",nh_index=""0""",1
2026-07-28 15:11:00,ccf-aiops-武汉,cr-1,cr,ipv6_route_nexthop_info,"prefix=""fd00:7:40::/64"",next_hop=""fe80::5:20:1"",dev=""ens4"",protocol=""ospf"",metric=""20"",route_index=""0"",nh_index=""0""",1
2026-07-28 15:11:00,ccf-aiops-武汉,cr-1,cr,ipv6_route_nexthop_info,"prefix=""fd00:8:40::/64"",next_hop=""fe80::5:20:1"",dev=""ens4"",protocol=""ospf"",metric=""20"",route_index=""0"",nh_index=""0""",1
2026-07-28 15:11:00,ccf-aiops-武汉,cr-1,cr,ipv6_route_nexthop_info,"prefix=""fd00:1:40::/64"",next_hop=""fe80::5:20:2"",dev=""ens4"",protocol=""ospf"",metric=""20"",route_index=""0"",nh_index=""1""",1
2026-07-28 15:11:00,ccf-aiops-武汉,cr-1,cr,ipv6_route_nexthop_info,"prefix=""fd00:2:40::/64"",next_hop=""fe80::5:20:2"",dev=""ens4"",protocol=""ospf"",metric=""20"",route_index=""0"",nh_index=""1""",1
2026-07-28 15:11:00,ccf-aiops-武汉,cr-1,cr,ipv6_route_nexthop_info,"prefix=""fd00:8:40::/64"",next_hop=""fe80::5:20:2"",dev=""ens4"",protocol=""ospf"",metric=""20"",route_index=""0"",nh_index=""1""",1
2026-07-28 15:11:00,ccf-aiops-武汉,cr-1,cr,ipv6_route_nexthop_info,"prefix=""fd00:7:40::/64"",next_hop=""fe80::5:20:2"",dev=""ens4"",protocol=""ospf"",metric=""20"",route_index=""0"",nh_index=""1""",1
2026-07-28 15:11:00,ccf-aiops-武汉,cr-1,cr,ipv6_route_nexthop_info,"prefix=""fd00:6:40::/64"",next_hop=""fe80::5:20:2"",dev=""ens4"",protocol=""ospf"",metric=""20"",route_index=""0"",nh_index=""1""",1
2026-07-28 15:11:00,ccf-aiops-武汉,cr-1,cr,ipv6_route_nexthop_info,"prefix=""fd00:4:40::/64"",next_hop=""fe80::5:20:2"",dev=""ens4"",protocol=""ospf"",metric=""20"",route_index=""0"",nh_index=""1""",1
2026-07-28 15:11:00,ccf-aiops-武汉,cr-1,cr,ospf6_interface_cost,"interface=""ens5""",1
2026-07-28 15:11:00,ccf-aiops-武汉,cr-1,cr,ospf6_interface_cost,"interface=""ens4""",1
2026-07-28 15:11:00,ccf-aiops-武汉,cr-1,cr,ospf6_interface_enabled,"interface=""ens5""",1
2026-07-28 15:11:00,ccf-aiops-武汉,cr-1,cr,ospf6_interface_enabled,"interface=""virbr0""",0
2026-07-28 15:11:00,ccf-aiops-武汉,cr-1,cr,ospf6_interface_enabled,"interface=""ens10""",1
2026-07-28 15:11:00,ccf-aiops-武汉,cr-1,cr,ospf6_interface_enabled,"interface=""lo""",1
2026-07-28 15:11:00,ccf-aiops-武汉,cr-1,cr,ospf6_interface_enabled,"interface=""ens11""",1
2026-07-28 15:11:00,ccf-aiops-武汉,cr-1,cr,ospf6_interface_enabled,"interface=""ens9""",1
2026-07-28 15:11:00,ccf-aiops-武汉,cr-1,cr,ospf6_interface_enabled,"interface=""ens8""",1
2026-07-28 15:11:00,ccf-aiops-武汉,cr-1,cr,ospf6_interface_enabled,"interface=""ens12""",1
2026-07-28 15:11:00,ccf-aiops-武汉,cr-1,cr,ospf6_interface_enabled,"interface=""ens3""",1
2026-07-28 15:11:00,ccf-aiops-武汉,cr-1,cr,ospf6_interface_enabled,"interface=""ens4""",1
2026-07-28 15:11:00,ccf-aiops-武汉,cr-1,cr,ospf6_interface_enabled,"interface=""ens6""",1
2026-07-28 15:11:00,ccf-aiops-武汉,cr-1,cr,ospf6_interface_enabled,"interface=""ens7""",1
2026-07-28 15:11:00,ccf-aiops-武汉,cr-1,cr,ospf6_neighbor_state_code,"state=""Full"",interface=""ens5"",neighbor_id=""5.5.5.12""",6
2026-07-28 15:11:00,ccf-aiops-武汉,cr-1,cr,ospf6_neighbor_state_code,"state=""Full"",interface=""ens4"",neighbor_id=""5.5.5.2""",6
2026-07-28 15:11:00,ccf-aiops-武汉,cr-1,cr,ospf6_neighbor_state_code,"state=""Full"",interface=""ens4"",neighbor_id=""5.5.5.12""",6
2026-07-28 15:11:00,ccf-aiops-武汉,cr-1,cr,ospf6_neighbor_state_code,"state=""Full"",interface=""ens4"",neighbor_id=""5.5.5.1""",6
2026-07-28 15:11:00,ccf-aiops-武汉,cr-1,cr,bgp_command_success,,
2026-07-28 15:11:00,ccf-aiops-武汉,cr-1,cr,bgp_peer_up,,
2026-07-28 15:11:00,ccf-aiops-武汉,cr-1,cr,bgp_peer_uptime_seconds,,
2026-07-28 15:11:00,ccf-aiops-武汉,cr-1,cr,bgp_peer_prefix_received,,
2026-07-28 15:11:00,ccf-aiops-武汉,cr-1,cr,bgp_peer_prefix_sent,,
2026-07-28 15:11:00,ccf-aiops-武汉,cr-1,cr,bgp_peer_count,,
2026-07-28 15:11:00,ccf-aiops-武汉,cr-2,cr,ipv6_default_route_changed_total,,0
2026-07-28 15:11:00,ccf-aiops-武汉,cr-2,cr,ipv6_default_route_info,"next_hop=""fd00:5:20::1"",dev=""ens4"",protocol=""196"",metric=""20"",route_index=""0"",nh_index=""0""",1
2026-07-28 15:11:00,ccf-aiops-武汉,cr-2,cr,ipv6_default_route_info,"next_hop=""fd00:5:20::2"",dev=""ens4"",protocol=""196"",metric=""20"",route_index=""0"",nh_index=""1""",1
2026-07-28 15:11:00,ccf-aiops-武汉,cr-2,cr,ipv6_route_change_total,"prefix=""fd00:7:40::/64""",0
2026-07-28 15:11:00,ccf-aiops-武汉,cr-2,cr,ipv6_route_change_total,"prefix=""fd00:8:40::/64""",0
2026-07-28 15:11:00,ccf-aiops-武汉,cr-2,cr,ipv6_route_change_total,"prefix=""::/0""",0
2026-07-28 15:11:00,ccf-aiops-武汉,cr-2,cr,ipv6_route_change_total,"prefix=""fd00:1:40::/64""",0
2026-07-28 15:11:00,ccf-aiops-武汉,cr-2,cr,ipv6_route_change_total,"prefix=""fd00:2:40::/64""",0
2026-07-28 15:11:00,ccf-aiops-武汉,cr-2,cr,ipv6_route_change_total,"prefix=""fd00:3:40::/64""",0
2026-07-28 15:11:00,ccf-aiops-武汉,cr-2,cr,ipv6_route_change_total,"prefix=""fd00:4:40::/64""",0
2026-07-28 15:11:00,ccf-aiops-武汉,cr-2,cr,ipv6_route_change_total,"prefix=""fd00:5:40::/64""",0
2026-07-28 15:11:00,ccf-aiops-武汉,cr-2,cr,ipv6_route_change_total,"prefix=""fd00:6:40::/64""",0
2026-07-28 15:11:00,ccf-aiops-武汉,cr-2,cr,ipv6_route_count,"protocol=""ospf""",7
2026-07-28 15:11:00,ccf-aiops-武汉,cr-2,cr,ipv6_route_count,"protocol=""kernel""",6
2026-07-28 15:11:00,ccf-aiops-武汉,cr-2,cr,ipv6_route_count,"protocol=""all""",15
2026-07-28 15:11:00,ccf-aiops-武汉,cr-2,cr,ipv6_route_count,"protocol=""196""",2
2026-07-28 15:11:00,ccf-aiops-武汉,cr-2,cr,ipv6_route_exists,"prefix=""::/0""",1
2026-07-28 15:11:00,ccf-aiops-武汉,cr-2,cr,ipv6_route_exists,"prefix=""fd00:1:40::/64""",1
2026-07-28 15:11:00,ccf-aiops-武汉,cr-2,cr,ipv6_route_exists,"prefix=""fd00:2:40::/64""",1
2026-07-28 15:11:00,ccf-aiops-武汉,cr-2,cr,ipv6_route_exists,"prefix=""fd00:3:40::/64""",1
2026-07-28 15:11:00,ccf-aiops-武汉,cr-2,cr,ipv6_route_exists,"prefix=""fd00:8:40::/64""",1
2026-07-28 15:11:00,ccf-aiops-武汉,cr-2,cr,ipv6_route_exists,"prefix=""fd00:7:40::/64""",1
2026-07-28 15:11:00,ccf-aiops-武汉,cr-2,cr,ipv6_route_exists,"prefix=""fd00:6:40::/64""",1
2026-07-28 15:11:00,ccf-aiops-武汉,cr-2,cr,ipv6_route_exists,"prefix=""fd00:5:40::/64""",1
2026-07-28 15:11:00,ccf-aiops-武汉,cr-2,cr,ipv6_route_exists,"prefix=""fd00:4:40::/64""",1
2026-07-28 15:11:00,ccf-aiops-武汉,cr-2,cr,ipv6_route_nexthop_info,"prefix=""fd00:8:40::/64"",next_hop=""fe80::5:20:2"",dev=""ens4"",protocol=""ospf"",metric=""20"",route_index=""0"",nh_index=""1""",1
2026-07-28 15:11:00,ccf-aiops-武汉,cr-2,cr,ipv6_route_nexthop_info,"prefix=""::/0"",next_hop=""fd00:5:20::2"",dev=""ens4"",protocol=""196"",metric=""20"",route_index=""0"",nh_index=""1""",1
2026-07-28 15:11:00,ccf-aiops-武汉,cr-2,cr,ipv6_route_nexthop_info,"prefix=""fd00:5:40::/64"",next_hop=""fd00:5:30::254"",dev=""ens5"",protocol=""196"",metric=""20"",route_index=""0"",nh_index=""0""",1
2026-07-28 15:11:00,ccf-aiops-武汉,cr-2,cr,ipv6_route_nexthop_info,"prefix=""fd00:7:40::/64"",next_hop=""fe80::5:20:2"",dev=""ens4"",protocol=""ospf"",metric=""20"",route_index=""0"",nh_index=""1""",1
2026-07-28 15:11:00,ccf-aiops-武汉,cr-2,cr,ipv6_route_nexthop_info,"prefix=""fd00:6:40::/64"",next_hop=""fe80::5:20:2"",dev=""ens4"",protocol=""ospf"",metric=""20"",route_index=""0"",nh_index=""1""",1
2026-07-28 15:11:00,ccf-aiops-武汉,cr-2,cr,ipv6_route_nexthop_info,"prefix=""fd00:4:40::/64"",next_hop=""fe80::5:20:2"",dev=""ens4"",protocol=""ospf"",metric=""20"",route_index=""0"",nh_index=""1""",1
2026-07-28 15:11:00,ccf-aiops-武汉,cr-2,cr,ipv6_route_nexthop_info,"prefix=""fd00:3:40::/64"",next_hop=""fe80::5:20:2"",dev=""ens4"",protocol=""ospf"",metric=""20"",route_index=""0"",nh_index=""1""",1
2026-07-28 15:11:00,ccf-aiops-武汉,cr-2,cr,ipv6_route_nexthop_info,"prefix=""fd00:2:40::/64"",next_hop=""fe80::5:20:2"",dev=""ens4"",protocol=""ospf"",metric=""20"",route_index=""0"",nh_index=""1""",1
2026-07-28 15:11:00,ccf-aiops-武汉,cr-2,cr,ipv6_route_nexthop_info,"prefix=""fd00:1:40::/64"",next_hop=""fe80::5:20:2"",dev=""ens4"",protocol=""ospf"",metric=""20"",route_index=""0"",nh_index=""1""",1
2026-07-28 15:11:00,ccf-aiops-武汉,cr-2,cr,ipv6_route_nexthop_info,"prefix=""fd00:8:40::/64"",next_hop=""fe80::5:20:1"",dev=""ens4"",protocol=""ospf"",metric=""20"",route_index=""0"",nh_index=""0""",1
2026-07-28 15:11:00,ccf-aiops-武汉,cr-2,cr,ipv6_route_nexthop_info,"prefix=""fd00:7:40::/64"",next_hop=""fe80::5:20:1"",dev=""ens4"",protocol=""ospf"",metric=""20"",route_index=""0"",nh_index=""0""",1
2026-07-28 15:11:00,ccf-aiops-武汉,cr-2,cr,ipv6_route_nexthop_info,"prefix=""fd00:6:40::/64"",next_hop=""fe80::5:20:1"",dev=""ens4"",protocol=""ospf"",metric=""20"",route_index=""0"",nh_index=""0""",1
2026-07-28 15:11:00,ccf-aiops-武汉,cr-2,cr,ipv6_route_nexthop_info,"prefix=""fd00:4:40::/64"",next_hop=""fe80::5:20:1"",dev=""ens4"",protocol=""ospf"",metric=""20"",route_index=""0"",nh_index=""0""",1
2026-07-28 15:11:00,ccf-aiops-武汉,cr-2,cr,ipv6_route_nexthop_info,"prefix=""fd00:3:40::/64"",next_hop=""fe80::5:20:1"",dev=""ens4"",protocol=""ospf"",metric=""20"",route_index=""0"",nh_index=""0""",1
2026-07-28 15:11:00,ccf-aiops-武汉,cr-2,cr,ipv6_route_nexthop_info,"prefix=""fd00:2:40::/64"",next_hop=""fe80::5:20:1"",dev=""ens4"",protocol=""ospf"",metric=""20"",route_index=""0"",nh_index=""0""",1
2026-07-28 15:11:00,ccf-aiops-武汉,cr-2,cr,ipv6_route_nexthop_info,"prefix=""fd00:1:40::/64"",next_hop=""fe80::5:20:1"",dev=""ens4"",protocol=""ospf"",metric=""20"",route_index=""0"",nh_index=""0""",1
2026-07-28 15:11:00,ccf-aiops-武汉,cr-2,cr,ipv6_route_nexthop_info,"prefix=""::/0"",next_hop=""fd00:5:20::1"",dev=""ens4"",protocol=""196"",metric=""20"",route_index=""0"",nh_index=""0""",1
2026-07-28 15:11:00,ccf-aiops-武汉,cr-2,cr,ospf6_interface_cost,"interface=""ens5""",1
2026-07-28 15:11:00,ccf-aiops-武汉,cr-2,cr,ospf6_interface_cost,"interface=""ens4""",1
2026-07-28 15:11:00,ccf-aiops-武汉,cr-2,cr,ospf6_interface_enabled,"interface=""lo""",1
2026-07-28 15:11:00,ccf-aiops-武汉,cr-2,cr,ospf6_interface_enabled,"interface=""ens9""",1
2026-07-28 15:11:00,ccf-aiops-武汉,cr-2,cr,ospf6_interface_enabled,"interface=""ens10""",1
2026-07-28 15:11:00,ccf-aiops-武汉,cr-2,cr,ospf6_interface_enabled,"interface=""ens11""",1
2026-07-28 15:11:00,ccf-aiops-武汉,cr-2,cr,ospf6_interface_enabled,"interface=""ens12""",1
2026-07-28 15:11:00,ccf-aiops-武汉,cr-2,cr,ospf6_interface_enabled,"interface=""ens3""",1
2026-07-28 15:11:00,ccf-aiops-武汉,cr-2,cr,ospf6_interface_enabled,"interface=""ens4""",1
2026-07-28 15:11:00,ccf-aiops-武汉,cr-2,cr,ospf6_interface_enabled,"interface=""ens5""",1
2026-07-28 15:11:00,ccf-aiops-武汉,cr-2,cr,ospf6_interface_enabled,"interface=""ens6""",1
2026-07-28 15:11:00,ccf-aiops-武汉,cr-2,cr,ospf6_interface_enabled,"interface=""ens7""",1
2026-07-28 15:11:00,ccf-aiops-武汉,cr-2,cr,ospf6_interface_enabled,"interface=""ens8""",1
2026-07-28 15:11:00,ccf-aiops-武汉,cr-2,cr,ospf6_interface_enabled,"interface=""virbr0""",0
2026-07-28 15:11:00,ccf-aiops-武汉,cr-2,cr,ospf6_neighbor_state_code,"state=""Full"",interface=""ens4"",neighbor_id=""5.5.5.1""",6
2026-07-28 15:11:00,ccf-aiops-武汉,cr-2,cr,ospf6_neighbor_state_code,"state=""Full"",interface=""ens4"",neighbor_id=""5.5.5.11""",6
2026-07-28 15:11:00,ccf-aiops-武汉,cr-2,cr,ospf6_neighbor_state_code,"state=""Full"",interface=""ens4"",neighbor_id=""5.5.5.2""",6
2026-07-28 15:11:00,ccf-aiops-武汉,cr-2,cr,ospf6_neighbor_state_code,"state=""Full"",interface=""ens5"",neighbor_id=""5.5.5.11""",6
2026-07-28 15:11:00,ccf-aiops-武汉,cr-2,cr,bgp_command_success,,
2026-07-28 15:11:00,ccf-aiops-武汉,cr-2,cr,bgp_peer_up,,
2026-07-28 15:11:00,ccf-aiops-武汉,cr-2,cr,bgp_peer_uptime_seconds,,
2026-07-28 15:11:00,ccf-aiops-武汉,cr-2,cr,bgp_peer_prefix_received,,
2026-07-28 15:11:00,ccf-aiops-武汉,cr-2,cr,bgp_peer_prefix_sent,,
2026-07-28 15:11:00,ccf-aiops-武汉,cr-2,cr,bgp_peer_count,,
2026-07-28 15:12:00,ccf-aiops-武汉,br-1,br,bgp_command_success,"command=""bgp_summary""",1
2026-07-28 15:12:00,ccf-aiops-武汉,br-1,br,bgp_peer_count,,6
2026-07-28 15:12:00,ccf-aiops-武汉,br-1,br,bgp_peer_prefix_received,"peer=""fd00:100:10::1"",remote_as=""65001"",state=""Established""",5
2026-07-28 15:12:00,ccf-aiops-武汉,br-1,br,bgp_peer_prefix_received,"peer=""fd00:100:10::71"",remote_as=""65008"",state=""Established""",4
2026-07-28 15:12:00,ccf-aiops-武汉,br-1,br,bgp_peer_prefix_received,"peer=""fd00:100:10::61"",remote_as=""65007"",state=""Established""",4
2026-07-28 15:12:00,ccf-aiops-武汉,br-1,br,bgp_peer_prefix_received,"peer=""fd00:100:10::51"",remote_as=""65006"",state=""Established""",5
2026-07-28 15:12:00,ccf-aiops-武汉,br-1,br,bgp_peer_prefix_received,"peer=""fd00:100:10::21"",remote_as=""65003"",state=""Established""",4
2026-07-28 15:12:00,ccf-aiops-武汉,br-1,br,bgp_peer_prefix_received,"peer=""fd00:100:10::31"",remote_as=""65004"",state=""Established""",2
2026-07-28 15:12:00,ccf-aiops-武汉,br-1,br,bgp_peer_prefix_sent,"peer=""fd00:100:10::1"",remote_as=""65001"",state=""Established""",8
2026-07-28 15:12:00,ccf-aiops-武汉,br-1,br,bgp_peer_prefix_sent,"peer=""fd00:100:10::71"",remote_as=""65008"",state=""Established""",8
2026-07-28 15:12:00,ccf-aiops-武汉,br-1,br,bgp_peer_prefix_sent,"peer=""fd00:100:10::61"",remote_as=""65007"",state=""Established""",8
2026-07-28 15:12:00,ccf-aiops-武汉,br-1,br,bgp_peer_prefix_sent,"peer=""fd00:100:10::51"",remote_as=""65006"",state=""Established""",8
2026-07-28 15:12:00,ccf-aiops-武汉,br-1,br,bgp_peer_prefix_sent,"peer=""fd00:100:10::31"",remote_as=""65004"",state=""Established""",8
2026-07-28 15:12:00,ccf-aiops-武汉,br-1,br,bgp_peer_prefix_sent,"peer=""fd00:100:10::21"",remote_as=""65003"",state=""Established""",8
2026-07-28 15:12:00,ccf-aiops-武汉,br-1,br,bgp_peer_up,"peer=""fd00:100:10::71"",remote_as=""65008"",state=""Established""",1
2026-07-28 15:12:00,ccf-aiops-武汉,br-1,br,bgp_peer_up,"peer=""fd00:100:10::61"",remote_as=""65007"",state=""Established""",1
2026-07-28 15:12:00,ccf-aiops-武汉,br-1,br,bgp_peer_up,"peer=""fd00:100:10::51"",remote_as=""65006"",state=""Established""",1
2026-07-28 15:12:00,ccf-aiops-武汉,br-1,br,bgp_peer_up,"peer=""fd00:100:10::31"",remote_as=""65004"",state=""Established""",1
2026-07-28 15:12:00,ccf-aiops-武汉,br-1,br,bgp_peer_up,"peer=""fd00:100:10::21"",remote_as=""65003"",state=""Established""",1
2026-07-28 15:12:00,ccf-aiops-武汉,br-1,br,bgp_peer_up,"peer=""fd00:100:10::1"",remote_as=""65001"",state=""Established""",1
2026-07-28 15:12:00,ccf-aiops-武汉,br-1,br,bgp_peer_uptime_seconds,"peer=""fd00:100:10::71"",remote_as=""65008"",state=""Established""",2421949
2026-07-28 15:12:00,ccf-aiops-武汉,br-1,br,bgp_peer_uptime_seconds,"peer=""fd00:100:10::21"",remote_as=""65003"",state=""Established""",1734908
2026-07-28 15:12:00,ccf-aiops-武汉,br-1,br,bgp_peer_uptime_seconds,"peer=""fd00:100:10::31"",remote_as=""65004"",state=""Established""",2422270
2026-07-28 15:12:00,ccf-aiops-武汉,br-1,br,bgp_peer_uptime_seconds,"peer=""fd00:100:10::51"",remote_as=""65006"",state=""Established""",2422182
2026-07-28 15:12:00,ccf-aiops-武汉,br-1,br,bgp_peer_uptime_seconds,"peer=""fd00:100:10::61"",remote_as=""65007"",state=""Established""",2422074
2026-07-28 15:12:00,ccf-aiops-武汉,br-1,br,bgp_peer_uptime_seconds,"peer=""fd00:100:10::1"",remote_as=""65001"",state=""Established""",2422270
2026-07-28 15:12:00,ccf-aiops-武汉,br-1,br,ipv6_default_route_changed_total,,0
2026-07-28 15:12:00,ccf-aiops-武汉,br-1,br,ipv6_default_route_info,"next_hop=""240a:a023::1"",dev=""ens4"",protocol=""unknown"",metric=""1024"",route_index=""0"",nh_index=""0""",1
2026-07-28 15:12:00,ccf-aiops-武汉,br-1,br,ipv6_route_change_total,"prefix=""fd00:8:40::/64""",0
2026-07-28 15:12:00,ccf-aiops-武汉,br-1,br,ipv6_route_change_total,"prefix=""fd00:7:40::/64""",8
2026-07-28 15:12:00,ccf-aiops-武汉,br-1,br,ipv6_route_change_total,"prefix=""fd00:6:40::/64""",0
2026-07-28 15:12:00,ccf-aiops-武汉,br-1,br,ipv6_route_change_total,"prefix=""fd00:5:40::/64""",0
2026-07-28 15:12:00,ccf-aiops-武汉,br-1,br,ipv6_route_change_total,"prefix=""fd00:4:40::/64""",0
2026-07-28 15:12:00,ccf-aiops-武汉,br-1,br,ipv6_route_change_total,"prefix=""fd00:3:40::/64""",0
2026-07-28 15:12:00,ccf-aiops-武汉,br-1,br,ipv6_route_change_total,"prefix=""fd00:2:40::/64""",2
2026-07-28 15:12:00,ccf-aiops-武汉,br-1,br,ipv6_route_change_total,"prefix=""fd00:1:40::/64""",0
2026-07-28 15:12:00,ccf-aiops-武汉,br-1,br,ipv6_route_change_total,"prefix=""::/0""",0
2026-07-28 15:12:00,ccf-aiops-武汉,br-1,br,ipv6_route_count,"protocol=""all""",17
2026-07-28 15:12:00,ccf-aiops-武汉,br-1,br,ipv6_route_count,"protocol=""bgp""",7
2026-07-28 15:12:00,ccf-aiops-武汉,br-1,br,ipv6_route_count,"protocol=""kernel""",7
2026-07-28 15:12:00,ccf-aiops-武汉,br-1,br,ipv6_route_count,"protocol=""ospf""",2
2026-07-28 15:12:00,ccf-aiops-武汉,br-1,br,ipv6_route_count,"protocol=""unknown""",1
2026-07-28 15:12:00,ccf-aiops-武汉,br-1,br,ipv6_route_exists,"prefix=""::/0""",1
2026-07-28 15:12:00,ccf-aiops-武汉,br-1,br,ipv6_route_exists,"prefix=""fd00:3:40::/64""",1
2026-07-28 15:12:00,ccf-aiops-武汉,br-1,br,ipv6_route_exists,"prefix=""fd00:4:40::/64""",1
2026-07-28 15:12:00,ccf-aiops-武汉,br-1,br,ipv6_route_exists,"prefix=""fd00:5:40::/64""",1
2026-07-28 15:12:00,ccf-aiops-武汉,br-1,br,ipv6_route_exists,"prefix=""fd00:6:40::/64""",1
2026-07-28 15:12:00,ccf-aiops-武汉,br-1,br,ipv6_route_exists,"prefix=""fd00:7:40::/64""",1
2026-07-28 15:12:00,ccf-aiops-武汉,br-1,br,ipv6_route_exists,"prefix=""fd00:8:40::/64""",1
2026-07-28 15:12:00,ccf-aiops-武汉,br-1,br,ipv6_route_exists,"prefix=""fd00:2:40::/64""",1
2026-07-28 15:12:00,ccf-aiops-武汉,br-1,br,ipv6_route_exists,"prefix=""fd00:1:40::/64""",1
2026-07-28 15:12:00,ccf-aiops-武汉,br-1,br,ipv6_route_nexthop_info,"prefix=""::/0"",next_hop=""240a:a023::1"",dev=""ens4"",protocol=""unknown"",metric=""1024"",route_index=""0"",nh_index=""0""",1
2026-07-28 15:12:00,ccf-aiops-武汉,br-1,br,ipv6_route_nexthop_info,"prefix=""fd00:3:40::/64"",next_hop=""fe80::100:10:21"",dev=""ens4"",protocol=""bgp"",metric=""20"",route_index=""0"",nh_index=""0""",1
2026-07-28 15:12:00,ccf-aiops-武汉,br-1,br,ipv6_route_nexthop_info,"prefix=""fd00:4:40::/64"",next_hop=""fe80::100:10:31"",dev=""ens4"",protocol=""bgp"",metric=""20"",route_index=""0"",nh_index=""0""",1
2026-07-28 15:12:00,ccf-aiops-武汉,br-1,br,ipv6_route_nexthop_info,"prefix=""fd00:6:40::/64"",next_hop=""fe80::100:10:51"",dev=""ens4"",protocol=""bgp"",metric=""20"",route_index=""0"",nh_index=""0""",1
2026-07-28 15:12:00,ccf-aiops-武汉,br-1,br,ipv6_route_nexthop_info,"prefix=""fd00:7:40::/64"",next_hop=""fe80::100:10:61"",dev=""ens4"",protocol=""bgp"",metric=""20"",route_index=""0"",nh_index=""0""",1
2026-07-28 15:12:00,ccf-aiops-武汉,br-1,br,ipv6_route_nexthop_info,"prefix=""fd00:8:40::/64"",next_hop=""fe80::100:10:71"",dev=""ens4"",protocol=""bgp"",metric=""20"",route_index=""0"",nh_index=""0""",1
2026-07-28 15:12:00,ccf-aiops-武汉,br-1,br,ipv6_route_nexthop_info,"prefix=""fd00:5:40::/64"",next_hop=""fe80::5:20:11"",dev=""ens5"",protocol=""ospf"",metric=""20"",route_index=""0"",nh_index=""0""",1
2026-07-28 15:12:00,ccf-aiops-武汉,br-1,br,ipv6_route_nexthop_info,"prefix=""fd00:5:40::/64"",next_hop=""fe80::5:20:12"",dev=""ens5"",protocol=""ospf"",metric=""20"",route_index=""0"",nh_index=""1""",1
2026-07-28 15:12:00,ccf-aiops-武汉,br-1,br,ipv6_route_nexthop_info,"prefix=""fd00:2:40::/64"",next_hop=""fe80::100:10:1"",dev=""ens4"",protocol=""bgp"",metric=""20"",route_index=""0"",nh_index=""0""",1
2026-07-28 15:12:00,ccf-aiops-武汉,br-1,br,ipv6_route_nexthop_info,"prefix=""fd00:1:40::/64"",next_hop=""fe80::100:10:1"",dev=""ens4"",protocol=""bgp"",metric=""20"",route_index=""0"",nh_index=""0""",1
2026-07-28 15:12:00,ccf-aiops-武汉,br-1,br,ospf6_interface_cost,"interface=""ens5""",1
2026-07-28 15:12:00,ccf-aiops-武汉,br-1,br,ospf6_interface_enabled,"interface=""ens11""",1
2026-07-28 15:12:00,ccf-aiops-武汉,br-1,br,ospf6_interface_enabled,"interface=""lo""",1
2026-07-28 15:12:00,ccf-aiops-武汉,br-1,br,ospf6_interface_enabled,"interface=""ens9""",1
2026-07-28 15:12:00,ccf-aiops-武汉,br-1,br,ospf6_interface_enabled,"interface=""ens8""",1
2026-07-28 15:12:00,ccf-aiops-武汉,br-1,br,ospf6_interface_enabled,"interface=""ens7""",1
2026-07-28 15:12:00,ccf-aiops-武汉,br-1,br,ospf6_interface_enabled,"interface=""ens6""",1
2026-07-28 15:12:00,ccf-aiops-武汉,br-1,br,ospf6_interface_enabled,"interface=""ens5""",1
2026-07-28 15:12:00,ccf-aiops-武汉,br-1,br,ospf6_interface_enabled,"interface=""ens10""",1
2026-07-28 15:12:00,ccf-aiops-武汉,br-1,br,ospf6_interface_enabled,"interface=""ens12""",1
2026-07-28 15:12:00,ccf-aiops-武汉,br-1,br,ospf6_interface_enabled,"interface=""ens4""",1
2026-07-28 15:12:00,ccf-aiops-武汉,br-1,br,ospf6_interface_enabled,"interface=""ens3""",1
2026-07-28 15:12:00,ccf-aiops-武汉,br-1,br,ospf6_interface_enabled,"interface=""virbr0""",0
2026-07-28 15:12:00,ccf-aiops-武汉,br-1,br,ospf6_neighbor_state_code,"state=""Full"",interface=""ens5"",neighbor_id=""5.5.5.11""",6
2026-07-28 15:12:00,ccf-aiops-武汉,br-1,br,ospf6_neighbor_state_code,"state=""Full"",interface=""ens5"",neighbor_id=""5.5.5.12""",6
2026-07-28 15:12:00,ccf-aiops-武汉,br-1,br,ospf6_neighbor_state_code,"state=""Twoway"",interface=""ens5"",neighbor_id=""5.5.5.2""",2
2026-07-28 15:12:00,ccf-aiops-武汉,br-2,br,bgp_command_success,"command=""bgp_summary""",1
2026-07-28 15:12:00,ccf-aiops-武汉,br-2,br,bgp_peer_count,,6
2026-07-28 15:12:00,ccf-aiops-武汉,br-2,br,bgp_peer_prefix_received,"peer=""fd00:100:10::2"",remote_as=""65001"",state=""Established""",4
2026-07-28 15:12:00,ccf-aiops-武汉,br-2,br,bgp_peer_prefix_received,"peer=""fd00:100:10::22"",remote_as=""65003"",state=""Established""",5
2026-07-28 15:12:00,ccf-aiops-武汉,br-2,br,bgp_peer_prefix_received,"peer=""fd00:100:10::72"",remote_as=""65008"",state=""Established""",3
2026-07-28 15:12:00,ccf-aiops-武汉,br-2,br,bgp_peer_prefix_received,"peer=""fd00:100:10::62"",remote_as=""65007"",state=""Established""",4
2026-07-28 15:12:00,ccf-aiops-武汉,br-2,br,bgp_peer_prefix_received,"peer=""fd00:100:10::52"",remote_as=""65006"",state=""Established""",6
2026-07-28 15:12:00,ccf-aiops-武汉,br-2,br,bgp_peer_prefix_received,"peer=""fd00:100:10::32"",remote_as=""65004"",state=""Established""",3
2026-07-28 15:12:00,ccf-aiops-武汉,br-2,br,bgp_peer_prefix_sent,"peer=""fd00:100:10::62"",remote_as=""65007"",state=""Established""",8
2026-07-28 15:12:00,ccf-aiops-武汉,br-2,br,bgp_peer_prefix_sent,"peer=""fd00:100:10::22"",remote_as=""65003"",state=""Established""",8
2026-07-28 15:12:00,ccf-aiops-武汉,br-2,br,bgp_peer_prefix_sent,"peer=""fd00:100:10::32"",remote_as=""65004"",state=""Established""",8
2026-07-28 15:12:00,ccf-aiops-武汉,br-2,br,bgp_peer_prefix_sent,"peer=""fd00:100:10::52"",remote_as=""65006"",state=""Established""",8
2026-07-28 15:12:00,ccf-aiops-武汉,br-2,br,bgp_peer_prefix_sent,"peer=""fd00:100:10::72"",remote_as=""65008"",state=""Established""",8
2026-07-28 15:12:00,ccf-aiops-武汉,br-2,br,bgp_peer_prefix_sent,"peer=""fd00:100:10::2"",remote_as=""65001"",state=""Established""",8
2026-07-28 15:12:00,ccf-aiops-武汉,br-2,br,bgp_peer_up,"peer=""fd00:100:10::2"",remote_as=""65001"",state=""Established""",1
2026-07-28 15:12:00,ccf-aiops-武汉,br-2,br,bgp_peer_up,"peer=""fd00:100:10::22"",remote_as=""65003"",state=""Established""",1
2026-07-28 15:12:00,ccf-aiops-武汉,br-2,br,bgp_peer_up,"peer=""fd00:100:10::32"",remote_as=""65004"",state=""Established""",1
2026-07-28 15:12:00,ccf-aiops-武汉,br-2,br,bgp_peer_up,"peer=""fd00:100:10::52"",remote_as=""65006"",state=""Established""",1
2026-07-28 15:12:00,ccf-aiops-武汉,br-2,br,bgp_peer_up,"peer=""fd00:100:10::62"",remote_as=""65007"",state=""Established""",1
2026-07-28 15:12:00,ccf-aiops-武汉,br-2,br,bgp_peer_up,"peer=""fd00:100:10::72"",remote_as=""65008"",state=""Established""",1
2026-07-28 15:12:00,ccf-aiops-武汉,br-2,br,bgp_peer_uptime_seconds,"peer=""fd00:100:10::62"",remote_as=""65007"",state=""Established""",2422047
2026-07-28 15:12:00,ccf-aiops-武汉,br-2,br,bgp_peer_uptime_seconds,"peer=""fd00:100:10::52"",remote_as=""65006"",state=""Established""",2422158
2026-07-28 15:12:00,ccf-aiops-武汉,br-2,br,bgp_peer_uptime_seconds,"peer=""fd00:100:10::32"",remote_as=""65004"",state=""Established""",2422251
2026-07-28 15:12:00,ccf-aiops-武汉,br-2,br,bgp_peer_uptime_seconds,"peer=""fd00:100:10::22"",remote_as=""65003"",state=""Established""",704642
2026-07-28 15:12:00,ccf-aiops-武汉,br-2,br,bgp_peer_uptime_seconds,"peer=""fd00:100:10::72"",remote_as=""65008"",state=""Established""",2421930
2026-07-28 15:12:00,ccf-aiops-武汉,br-2,br,bgp_peer_uptime_seconds,"peer=""fd00:100:10::2"",remote_as=""65001"",state=""Established""",2422251
2026-07-28 15:12:00,ccf-aiops-武汉,br-2,br,ipv6_default_route_changed_total,,0
2026-07-28 15:12:00,ccf-aiops-武汉,br-2,br,ipv6_default_route_info,"next_hop=""240a:a023::1"",dev=""ens4"",protocol=""unknown"",metric=""1024"",route_index=""0"",nh_index=""0""",1
2026-07-28 15:12:00,ccf-aiops-武汉,br-2,br,ipv6_route_change_total,"prefix=""fd00:4:40::/64""",0
2026-07-28 15:12:00,ccf-aiops-武汉,br-2,br,ipv6_route_change_total,"prefix=""fd00:5:40::/64""",0
2026-07-28 15:12:00,ccf-aiops-武汉,br-2,br,ipv6_route_change_total,"prefix=""fd00:6:40::/64""",0
2026-07-28 15:12:00,ccf-aiops-武汉,br-2,br,ipv6_route_change_total,"prefix=""fd00:7:40::/64""",4
2026-07-28 15:12:00,ccf-aiops-武汉,br-2,br,ipv6_route_change_total,"prefix=""fd00:8:40::/64""",0
2026-07-28 15:12:00,ccf-aiops-武汉,br-2,br,ipv6_route_change_total,"prefix=""::/0""",0
2026-07-28 15:12:00,ccf-aiops-武汉,br-2,br,ipv6_route_change_total,"prefix=""fd00:1:40::/64""",0
2026-07-28 15:12:00,ccf-aiops-武汉,br-2,br,ipv6_route_change_total,"prefix=""fd00:2:40::/64""",2
2026-07-28 15:12:00,ccf-aiops-武汉,br-2,br,ipv6_route_change_total,"prefix=""fd00:3:40::/64""",0
2026-07-28 15:12:00,ccf-aiops-武汉,br-2,br,ipv6_route_count,"protocol=""ospf""",2
2026-07-28 15:12:00,ccf-aiops-武汉,br-2,br,ipv6_route_count,"protocol=""kernel""",7
2026-07-28 15:12:00,ccf-aiops-武汉,br-2,br,ipv6_route_count,"protocol=""bgp""",7
2026-07-28 15:12:00,ccf-aiops-武汉,br-2,br,ipv6_route_count,"protocol=""all""",17
2026-07-28 15:12:00,ccf-aiops-武汉,br-2,br,ipv6_route_count,"protocol=""unknown""",1
2026-07-28 15:12:00,ccf-aiops-武汉,br-2,br,ipv6_route_exists,"prefix=""fd00:4:40::/64""",1
2026-07-28 15:12:00,ccf-aiops-武汉,br-2,br,ipv6_route_exists,"prefix=""fd00:8:40::/64""",1
2026-07-28 15:12:00,ccf-aiops-武汉,br-2,br,ipv6_route_exists,"prefix=""fd00:7:40::/64""",1
2026-07-28 15:12:00,ccf-aiops-武汉,br-2,br,ipv6_route_exists,"prefix=""fd00:6:40::/64""",1
2026-07-28 15:12:00,ccf-aiops-武汉,br-2,br,ipv6_route_exists,"prefix=""fd00:5:40::/64""",1
2026-07-28 15:12:00,ccf-aiops-武汉,br-2,br,ipv6_route_exists,"prefix=""fd00:3:40::/64""",1
2026-07-28 15:12:00,ccf-aiops-武汉,br-2,br,ipv6_route_exists,"prefix=""fd00:2:40::/64""",1
2026-07-28 15:12:00,ccf-aiops-武汉,br-2,br,ipv6_route_exists,"prefix=""::/0""",1
2026-07-28 15:12:00,ccf-aiops-武汉,br-2,br,ipv6_route_exists,"prefix=""fd00:1:40::/64""",1
2026-07-28 15:12:00,ccf-aiops-武汉,br-2,br,ipv6_route_nexthop_info,"prefix=""fd00:7:40::/64"",next_hop=""fe80::100:10:62"",dev=""ens4"",protocol=""bgp"",metric=""20"",route_index=""0"",nh_index=""0""",1
2026-07-28 15:12:00,ccf-aiops-武汉,br-2,br,ipv6_route_nexthop_info,"prefix=""fd00:8:40::/64"",next_hop=""fe80::100:10:72"",dev=""ens4"",protocol=""bgp"",metric=""20"",route_index=""0"",nh_index=""0""",1
2026-07-28 15:12:00,ccf-aiops-武汉,br-2,br,ipv6_route_nexthop_info,"prefix=""fd00:2:40::/64"",next_hop=""fe80::100:10:2"",dev=""ens4"",protocol=""bgp"",metric=""20"",route_index=""0"",nh_index=""0""",1
2026-07-28 15:12:00,ccf-aiops-武汉,br-2,br,ipv6_route_nexthop_info,"prefix=""fd00:1:40::/64"",next_hop=""fe80::100:10:2"",dev=""ens4"",protocol=""bgp"",metric=""20"",route_index=""0"",nh_index=""0""",1
2026-07-28 15:12:00,ccf-aiops-武汉,br-2,br,ipv6_route_nexthop_info,"prefix=""::/0"",next_hop=""240a:a023::1"",dev=""ens4"",protocol=""unknown"",metric=""1024"",route_index=""0"",nh_index=""0""",1
2026-07-28 15:12:00,ccf-aiops-武汉,br-2,br,ipv6_route_nexthop_info,"prefix=""fd00:6:40::/64"",next_hop=""fe80::100:10:52"",dev=""ens4"",protocol=""bgp"",metric=""20"",route_index=""0"",nh_index=""0""",1
2026-07-28 15:12:00,ccf-aiops-武汉,br-2,br,ipv6_route_nexthop_info,"prefix=""fd00:3:40::/64"",next_hop=""fe80::100:10:22"",dev=""ens4"",protocol=""bgp"",metric=""20"",route_index=""0"",nh_index=""0""",1
2026-07-28 15:12:00,ccf-aiops-武汉,br-2,br,ipv6_route_nexthop_info,"prefix=""fd00:5:40::/64"",next_hop=""fe80::5:20:11"",dev=""ens5"",protocol=""ospf"",metric=""20"",route_index=""0"",nh_index=""0""",1
2026-07-28 15:12:00,ccf-aiops-武汉,br-2,br,ipv6_route_nexthop_info,"prefix=""fd00:5:40::/64"",next_hop=""fe80::5:20:12"",dev=""ens5"",protocol=""ospf"",metric=""20"",route_index=""0"",nh_index=""1""",1
2026-07-28 15:12:00,ccf-aiops-武汉,br-2,br,ipv6_route_nexthop_info,"prefix=""fd00:4:40::/64"",next_hop=""fe80::100:10:32"",dev=""ens4"",protocol=""bgp"",metric=""20"",route_index=""0"",nh_index=""0""",1
2026-07-28 15:12:00,ccf-aiops-武汉,br-2,br,ospf6_interface_cost,"interface=""ens5""",1
2026-07-28 15:12:00,ccf-aiops-武汉,br-2,br,ospf6_interface_enabled,"interface=""ens3""",1
2026-07-28 15:12:00,ccf-aiops-武汉,br-2,br,ospf6_interface_enabled,"interface=""ens12""",1
2026-07-28 15:12:00,ccf-aiops-武汉,br-2,br,ospf6_interface_enabled,"interface=""ens11""",1
2026-07-28 15:12:00,ccf-aiops-武汉,br-2,br,ospf6_interface_enabled,"interface=""ens10""",1
2026-07-28 15:12:00,ccf-aiops-武汉,br-2,br,ospf6_interface_enabled,"interface=""lo""",1
2026-07-28 15:12:00,ccf-aiops-武汉,br-2,br,ospf6_interface_enabled,"interface=""ens4""",1
2026-07-28 15:12:00,ccf-aiops-武汉,br-2,br,ospf6_interface_enabled,"interface=""ens5""",1
2026-07-28 15:12:00,ccf-aiops-武汉,br-2,br,ospf6_interface_enabled,"interface=""virbr0""",0
2026-07-28 15:12:00,ccf-aiops-武汉,br-2,br,ospf6_interface_enabled,"interface=""ens6""",1
2026-07-28 15:12:00,ccf-aiops-武汉,br-2,br,ospf6_interface_enabled,"interface=""ens7""",1
2026-07-28 15:12:00,ccf-aiops-武汉,br-2,br,ospf6_interface_enabled,"interface=""ens8""",1
2026-07-28 15:12:00,ccf-aiops-武汉,br-2,br,ospf6_interface_enabled,"interface=""ens9""",1
2026-07-28 15:12:00,ccf-aiops-武汉,br-2,br,ospf6_neighbor_state_code,"state=""Full"",interface=""ens5"",neighbor_id=""5.5.5.11""",6
2026-07-28 15:12:00,ccf-aiops-武汉,br-2,br,ospf6_neighbor_state_code,"state=""Full"",interface=""ens5"",neighbor_id=""5.5.5.12""",6
2026-07-28 15:12:00,ccf-aiops-武汉,br-2,br,ospf6_neighbor_state_code,"state=""Twoway"",interface=""ens5"",neighbor_id=""5.5.5.1""",2
2026-07-28 15:12:00,ccf-aiops-武汉,cr-1,cr,ipv6_default_route_changed_total,,0
2026-07-28 15:12:00,ccf-aiops-武汉,cr-1,cr,ipv6_default_route_info,"next_hop=""fd00:5:20::1"",dev=""ens4"",protocol=""196"",metric=""20"",route_index=""0"",nh_index=""0""",1
2026-07-28 15:12:00,ccf-aiops-武汉,cr-1,cr,ipv6_default_route_info,"next_hop=""fd00:5:20::2"",dev=""ens4"",protocol=""196"",metric=""20"",route_index=""0"",nh_index=""1""",1
2026-07-28 15:12:00,ccf-aiops-武汉,cr-1,cr,ipv6_route_change_total,"prefix=""::/0""",0
2026-07-28 15:12:00,ccf-aiops-武汉,cr-1,cr,ipv6_route_change_total,"prefix=""fd00:1:40::/64""",0
2026-07-28 15:12:00,ccf-aiops-武汉,cr-1,cr,ipv6_route_change_total,"prefix=""fd00:2:40::/64""",0
2026-07-28 15:12:00,ccf-aiops-武汉,cr-1,cr,ipv6_route_change_total,"prefix=""fd00:3:40::/64""",0
2026-07-28 15:12:00,ccf-aiops-武汉,cr-1,cr,ipv6_route_change_total,"prefix=""fd00:4:40::/64""",0
2026-07-28 15:12:00,ccf-aiops-武汉,cr-1,cr,ipv6_route_change_total,"prefix=""fd00:5:40::/64""",0
2026-07-28 15:12:00,ccf-aiops-武汉,cr-1,cr,ipv6_route_change_total,"prefix=""fd00:6:40::/64""",0
2026-07-28 15:12:00,ccf-aiops-武汉,cr-1,cr,ipv6_route_change_total,"prefix=""fd00:7:40::/64""",0
2026-07-28 15:12:00,ccf-aiops-武汉,cr-1,cr,ipv6_route_change_total,"prefix=""fd00:8:40::/64""",0
2026-07-28 15:12:00,ccf-aiops-武汉,cr-1,cr,ipv6_route_count,"protocol=""196""",2
2026-07-28 15:12:00,ccf-aiops-武汉,cr-1,cr,ipv6_route_count,"protocol=""all""",15
2026-07-28 15:12:00,ccf-aiops-武汉,cr-1,cr,ipv6_route_count,"protocol=""kernel""",6
2026-07-28 15:12:00,ccf-aiops-武汉,cr-1,cr,ipv6_route_count,"protocol=""ospf""",7
2026-07-28 15:12:00,ccf-aiops-武汉,cr-1,cr,ipv6_route_exists,"prefix=""fd00:6:40::/64""",1
2026-07-28 15:12:00,ccf-aiops-武汉,cr-1,cr,ipv6_route_exists,"prefix=""fd00:8:40::/64""",1
2026-07-28 15:12:00,ccf-aiops-武汉,cr-1,cr,ipv6_route_exists,"prefix=""fd00:7:40::/64""",1
2026-07-28 15:12:00,ccf-aiops-武汉,cr-1,cr,ipv6_route_exists,"prefix=""fd00:5:40::/64""",1
2026-07-28 15:12:00,ccf-aiops-武汉,cr-1,cr,ipv6_route_exists,"prefix=""fd00:4:40::/64""",1
2026-07-28 15:12:00,ccf-aiops-武汉,cr-1,cr,ipv6_route_exists,"prefix=""fd00:3:40::/64""",1
2026-07-28 15:12:00,ccf-aiops-武汉,cr-1,cr,ipv6_route_exists,"prefix=""fd00:2:40::/64""",1
2026-07-28 15:12:00,ccf-aiops-武汉,cr-1,cr,ipv6_route_exists,"prefix=""fd00:1:40::/64""",1
2026-07-28 15:12:00,ccf-aiops-武汉,cr-1,cr,ipv6_route_exists,"prefix=""::/0""",1
2026-07-28 15:12:00,ccf-aiops-武汉,cr-1,cr,ipv6_route_nexthop_info,"prefix=""fd00:1:40::/64"",next_hop=""fe80::5:20:2"",dev=""ens4"",protocol=""ospf"",metric=""20"",route_index=""0"",nh_index=""1""",1
2026-07-28 15:12:00,ccf-aiops-武汉,cr-1,cr,ipv6_route_nexthop_info,"prefix=""fd00:5:40::/64"",next_hop=""fd00:5:30::254"",dev=""ens5"",protocol=""196"",metric=""20"",route_index=""0"",nh_index=""0""",1
2026-07-28 15:12:00,ccf-aiops-武汉,cr-1,cr,ipv6_route_nexthop_info,"prefix=""fd00:8:40::/64"",next_hop=""fe80::5:20:2"",dev=""ens4"",protocol=""ospf"",metric=""20"",route_index=""0"",nh_index=""1""",1
2026-07-28 15:12:00,ccf-aiops-武汉,cr-1,cr,ipv6_route_nexthop_info,"prefix=""fd00:6:40::/64"",next_hop=""fe80::5:20:2"",dev=""ens4"",protocol=""ospf"",metric=""20"",route_index=""0"",nh_index=""1""",1
2026-07-28 15:12:00,ccf-aiops-武汉,cr-1,cr,ipv6_route_nexthop_info,"prefix=""fd00:1:40::/64"",next_hop=""fe80::5:20:1"",dev=""ens4"",protocol=""ospf"",metric=""20"",route_index=""0"",nh_index=""0""",1
2026-07-28 15:12:00,ccf-aiops-武汉,cr-1,cr,ipv6_route_nexthop_info,"prefix=""fd00:2:40::/64"",next_hop=""fe80::5:20:1"",dev=""ens4"",protocol=""ospf"",metric=""20"",route_index=""0"",nh_index=""0""",1
2026-07-28 15:12:00,ccf-aiops-武汉,cr-1,cr,ipv6_route_nexthop_info,"prefix=""fd00:3:40::/64"",next_hop=""fe80::5:20:1"",dev=""ens4"",protocol=""ospf"",metric=""20"",route_index=""0"",nh_index=""0""",1
2026-07-28 15:12:00,ccf-aiops-武汉,cr-1,cr,ipv6_route_nexthop_info,"prefix=""::/0"",next_hop=""fd00:5:20::2"",dev=""ens4"",protocol=""196"",metric=""20"",route_index=""0"",nh_index=""1""",1
2026-07-28 15:12:00,ccf-aiops-武汉,cr-1,cr,ipv6_route_nexthop_info,"prefix=""fd00:4:40::/64"",next_hop=""fe80::5:20:1"",dev=""ens4"",protocol=""ospf"",metric=""20"",route_index=""0"",nh_index=""0""",1
2026-07-28 15:12:00,ccf-aiops-武汉,cr-1,cr,ipv6_route_nexthop_info,"prefix=""fd00:6:40::/64"",next_hop=""fe80::5:20:1"",dev=""ens4"",protocol=""ospf"",metric=""20"",route_index=""0"",nh_index=""0""",1
2026-07-28 15:12:00,ccf-aiops-武汉,cr-1,cr,ipv6_route_nexthop_info,"prefix=""fd00:7:40::/64"",next_hop=""fe80::5:20:1"",dev=""ens4"",protocol=""ospf"",metric=""20"",route_index=""0"",nh_index=""0""",1
2026-07-28 15:12:00,ccf-aiops-武汉,cr-1,cr,ipv6_route_nexthop_info,"prefix=""::/0"",next_hop=""fd00:5:20::1"",dev=""ens4"",protocol=""196"",metric=""20"",route_index=""0"",nh_index=""0""",1
2026-07-28 15:12:00,ccf-aiops-武汉,cr-1,cr,ipv6_route_nexthop_info,"prefix=""fd00:8:40::/64"",next_hop=""fe80::5:20:1"",dev=""ens4"",protocol=""ospf"",metric=""20"",route_index=""0"",nh_index=""0""",1
2026-07-28 15:12:00,ccf-aiops-武汉,cr-1,cr,ipv6_route_nexthop_info,"prefix=""fd00:7:40::/64"",next_hop=""fe80::5:20:2"",dev=""ens4"",protocol=""ospf"",metric=""20"",route_index=""0"",nh_index=""1""",1
2026-07-28 15:12:00,ccf-aiops-武汉,cr-1,cr,ipv6_route_nexthop_info,"prefix=""fd00:2:40::/64"",next_hop=""fe80::5:20:2"",dev=""ens4"",protocol=""ospf"",metric=""20"",route_index=""0"",nh_index=""1""",1
2026-07-28 15:12:00,ccf-aiops-武汉,cr-1,cr,ipv6_route_nexthop_info,"prefix=""fd00:3:40::/64"",next_hop=""fe80::5:20:2"",dev=""ens4"",protocol=""ospf"",metric=""20"",route_index=""0"",nh_index=""1""",1
2026-07-28 15:12:00,ccf-aiops-武汉,cr-1,cr,ipv6_route_nexthop_info,"prefix=""fd00:4:40::/64"",next_hop=""fe80::5:20:2"",dev=""ens4"",protocol=""ospf"",metric=""20"",route_index=""0"",nh_index=""1""",1
2026-07-28 15:12:00,ccf-aiops-武汉,cr-1,cr,ospf6_interface_cost,"interface=""ens5""",1
2026-07-28 15:12:00,ccf-aiops-武汉,cr-1,cr,ospf6_interface_cost,"interface=""ens4""",1
2026-07-28 15:12:00,ccf-aiops-武汉,cr-1,cr,ospf6_interface_enabled,"interface=""ens11""",1
2026-07-28 15:12:00,ccf-aiops-武汉,cr-1,cr,ospf6_interface_enabled,"interface=""virbr0""",0
2026-07-28 15:12:00,ccf-aiops-武汉,cr-1,cr,ospf6_interface_enabled,"interface=""lo""",1
2026-07-28 15:12:00,ccf-aiops-武汉,cr-1,cr,ospf6_interface_enabled,"interface=""ens9""",1
2026-07-28 15:12:00,ccf-aiops-武汉,cr-1,cr,ospf6_interface_enabled,"interface=""ens8""",1
2026-07-28 15:12:00,ccf-aiops-武汉,cr-1,cr,ospf6_interface_enabled,"interface=""ens7""",1
2026-07-28 15:12:00,ccf-aiops-武汉,cr-1,cr,ospf6_interface_enabled,"interface=""ens6""",1
2026-07-28 15:12:00,ccf-aiops-武汉,cr-1,cr,ospf6_interface_enabled,"interface=""ens5""",1
2026-07-28 15:12:00,ccf-aiops-武汉,cr-1,cr,ospf6_interface_enabled,"interface=""ens4""",1
2026-07-28 15:12:00,ccf-aiops-武汉,cr-1,cr,ospf6_interface_enabled,"interface=""ens3""",1
2026-07-28 15:12:00,ccf-aiops-武汉,cr-1,cr,ospf6_interface_enabled,"interface=""ens10""",1
2026-07-28 15:12:00,ccf-aiops-武汉,cr-1,cr,ospf6_interface_enabled,"interface=""ens12""",1
2026-07-28 15:12:00,ccf-aiops-武汉,cr-1,cr,ospf6_neighbor_state_code,"state=""Full"",interface=""ens5"",neighbor_id=""5.5.5.12""",6
2026-07-28 15:12:00,ccf-aiops-武汉,cr-1,cr,ospf6_neighbor_state_code,"state=""Full"",interface=""ens4"",neighbor_id=""5.5.5.2""",6
2026-07-28 15:12:00,ccf-aiops-武汉,cr-1,cr,ospf6_neighbor_state_code,"state=""Full"",interface=""ens4"",neighbor_id=""5.5.5.12""",6
2026-07-28 15:12:00,ccf-aiops-武汉,cr-1,cr,ospf6_neighbor_state_code,"state=""Full"",interface=""ens4"",neighbor_id=""5.5.5.1""",6
2026-07-28 15:12:00,ccf-aiops-武汉,cr-1,cr,bgp_command_success,,
2026-07-28 15:12:00,ccf-aiops-武汉,cr-1,cr,bgp_peer_up,,
2026-07-28 15:12:00,ccf-aiops-武汉,cr-1,cr,bgp_peer_uptime_seconds,,
2026-07-28 15:12:00,ccf-aiops-武汉,cr-1,cr,bgp_peer_prefix_received,,
2026-07-28 15:12:00,ccf-aiops-武汉,cr-1,cr,bgp_peer_prefix_sent,,
2026-07-28 15:12:00,ccf-aiops-武汉,cr-1,cr,bgp_peer_count,,
2026-07-28 15:12:00,ccf-aiops-武汉,cr-2,cr,ipv6_default_route_changed_total,,0
2026-07-28 15:12:00,ccf-aiops-武汉,cr-2,cr,ipv6_default_route_info,"next_hop=""fd00:5:20::2"",dev=""ens4"",protocol=""196"",metric=""20"",route_index=""0"",nh_index=""1""",1
2026-07-28 15:12:00,ccf-aiops-武汉,cr-2,cr,ipv6_default_route_info,"next_hop=""fd00:5:20::1"",dev=""ens4"",protocol=""196"",metric=""20"",route_index=""0"",nh_index=""0""",1
2026-07-28 15:12:00,ccf-aiops-武汉,cr-2,cr,ipv6_route_change_total,"prefix=""fd00:7:40::/64""",0
2026-07-28 15:12:00,ccf-aiops-武汉,cr-2,cr,ipv6_route_change_total,"prefix=""fd00:6:40::/64""",0
2026-07-28 15:12:00,ccf-aiops-武汉,cr-2,cr,ipv6_route_change_total,"prefix=""fd00:5:40::/64""",0
2026-07-28 15:12:00,ccf-aiops-武汉,cr-2,cr,ipv6_route_change_total,"prefix=""fd00:4:40::/64""",0
2026-07-28 15:12:00,ccf-aiops-武汉,cr-2,cr,ipv6_route_change_total,"prefix=""fd00:3:40::/64""",0
2026-07-28 15:12:00,ccf-aiops-武汉,cr-2,cr,ipv6_route_change_total,"prefix=""fd00:2:40::/64""",0
2026-07-28 15:12:00,ccf-aiops-武汉,cr-2,cr,ipv6_route_change_total,"prefix=""fd00:1:40::/64""",0
2026-07-28 15:12:00,ccf-aiops-武汉,cr-2,cr,ipv6_route_change_total,"prefix=""::/0""",0
2026-07-28 15:12:00,ccf-aiops-武汉,cr-2,cr,ipv6_route_change_total,"prefix=""fd00:8:40::/64""",0
2026-07-28 15:12:00,ccf-aiops-武汉,cr-2,cr,ipv6_route_count,"protocol=""196""",2
2026-07-28 15:12:00,ccf-aiops-武汉,cr-2,cr,ipv6_route_count,"protocol=""all""",15
2026-07-28 15:12:00,ccf-aiops-武汉,cr-2,cr,ipv6_route_count,"protocol=""kernel""",6
2026-07-28 15:12:00,ccf-aiops-武汉,cr-2,cr,ipv6_route_count,"protocol=""ospf""",7
2026-07-28 15:12:00,ccf-aiops-武汉,cr-2,cr,ipv6_route_exists,"prefix=""fd00:3:40::/64""",1
2026-07-28 15:12:00,ccf-aiops-武汉,cr-2,cr,ipv6_route_exists,"prefix=""fd00:8:40::/64""",1
2026-07-28 15:12:00,ccf-aiops-武汉,cr-2,cr,ipv6_route_exists,"prefix=""fd00:7:40::/64""",1
2026-07-28 15:12:00,ccf-aiops-武汉,cr-2,cr,ipv6_route_exists,"prefix=""fd00:4:40::/64""",1
2026-07-28 15:12:00,ccf-aiops-武汉,cr-2,cr,ipv6_route_exists,"prefix=""fd00:5:40::/64""",1
2026-07-28 15:12:00,ccf-aiops-武汉,cr-2,cr,ipv6_route_exists,"prefix=""fd00:2:40::/64""",1
2026-07-28 15:12:00,ccf-aiops-武汉,cr-2,cr,ipv6_route_exists,"prefix=""fd00:1:40::/64""",1
2026-07-28 15:12:00,ccf-aiops-武汉,cr-2,cr,ipv6_route_exists,"prefix=""::/0""",1
2026-07-28 15:12:00,ccf-aiops-武汉,cr-2,cr,ipv6_route_exists,"prefix=""fd00:6:40::/64""",1
2026-07-28 15:12:00,ccf-aiops-武汉,cr-2,cr,ipv6_route_nexthop_info,"prefix=""fd00:4:40::/64"",next_hop=""fe80::5:20:1"",dev=""ens4"",protocol=""ospf"",metric=""20"",route_index=""0"",nh_index=""0""",1
2026-07-28 15:12:00,ccf-aiops-武汉,cr-2,cr,ipv6_route_nexthop_info,"prefix=""fd00:5:40::/64"",next_hop=""fd00:5:30::254"",dev=""ens5"",protocol=""196"",metric=""20"",route_index=""0"",nh_index=""0""",1
2026-07-28 15:12:00,ccf-aiops-武汉,cr-2,cr,ipv6_route_nexthop_info,"prefix=""::/0"",next_hop=""fd00:5:20::1"",dev=""ens4"",protocol=""196"",metric=""20"",route_index=""0"",nh_index=""0""",1
2026-07-28 15:12:00,ccf-aiops-武汉,cr-2,cr,ipv6_route_nexthop_info,"prefix=""::/0"",next_hop=""fd00:5:20::2"",dev=""ens4"",protocol=""196"",metric=""20"",route_index=""0"",nh_index=""1""",1
2026-07-28 15:12:00,ccf-aiops-武汉,cr-2,cr,ipv6_route_nexthop_info,"prefix=""fd00:1:40::/64"",next_hop=""fe80::5:20:1"",dev=""ens4"",protocol=""ospf"",metric=""20"",route_index=""0"",nh_index=""0""",1
2026-07-28 15:12:00,ccf-aiops-武汉,cr-2,cr,ipv6_route_nexthop_info,"prefix=""fd00:2:40::/64"",next_hop=""fe80::5:20:1"",dev=""ens4"",protocol=""ospf"",metric=""20"",route_index=""0"",nh_index=""0""",1
2026-07-28 15:12:00,ccf-aiops-武汉,cr-2,cr,ipv6_route_nexthop_info,"prefix=""fd00:3:40::/64"",next_hop=""fe80::5:20:1"",dev=""ens4"",protocol=""ospf"",metric=""20"",route_index=""0"",nh_index=""0""",1
2026-07-28 15:12:00,ccf-aiops-武汉,cr-2,cr,ipv6_route_nexthop_info,"prefix=""fd00:6:40::/64"",next_hop=""fe80::5:20:1"",dev=""ens4"",protocol=""ospf"",metric=""20"",route_index=""0"",nh_index=""0""",1
2026-07-28 15:12:00,ccf-aiops-武汉,cr-2,cr,ipv6_route_nexthop_info,"prefix=""fd00:7:40::/64"",next_hop=""fe80::5:20:1"",dev=""ens4"",protocol=""ospf"",metric=""20"",route_index=""0"",nh_index=""0""",1
2026-07-28 15:12:00,ccf-aiops-武汉,cr-2,cr,ipv6_route_nexthop_info,"prefix=""fd00:8:40::/64"",next_hop=""fe80::5:20:1"",dev=""ens4"",protocol=""ospf"",metric=""20"",route_index=""0"",nh_index=""0""",1
2026-07-28 15:12:00,ccf-aiops-武汉,cr-2,cr,ipv6_route_nexthop_info,"prefix=""fd00:1:40::/64"",next_hop=""fe80::5:20:2"",dev=""ens4"",protocol=""ospf"",metric=""20"",route_index=""0"",nh_index=""1""",1
2026-07-28 15:12:00,ccf-aiops-武汉,cr-2,cr,ipv6_route_nexthop_info,"prefix=""fd00:2:40::/64"",next_hop=""fe80::5:20:2"",dev=""ens4"",protocol=""ospf"",metric=""20"",route_index=""0"",nh_index=""1""",1
2026-07-28 15:12:00,ccf-aiops-武汉,cr-2,cr,ipv6_route_nexthop_info,"prefix=""fd00:3:40::/64"",next_hop=""fe80::5:20:2"",dev=""ens4"",protocol=""ospf"",metric=""20"",route_index=""0"",nh_index=""1""",1
2026-07-28 15:12:00,ccf-aiops-武汉,cr-2,cr,ipv6_route_nexthop_info,"prefix=""fd00:4:40::/64"",next_hop=""fe80::5:20:2"",dev=""ens4"",protocol=""ospf"",metric=""20"",route_index=""0"",nh_index=""1""",1
2026-07-28 15:12:00,ccf-aiops-武汉,cr-2,cr,ipv6_route_nexthop_info,"prefix=""fd00:6:40::/64"",next_hop=""fe80::5:20:2"",dev=""ens4"",protocol=""ospf"",metric=""20"",route_index=""0"",nh_index=""1""",1
2026-07-28 15:12:00,ccf-aiops-武汉,cr-2,cr,ipv6_route_nexthop_info,"prefix=""fd00:7:40::/64"",next_hop=""fe80::5:20:2"",dev=""ens4"",protocol=""ospf"",metric=""20"",route_index=""0"",nh_index=""1""",1
2026-07-28 15:12:00,ccf-aiops-武汉,cr-2,cr,ipv6_route_nexthop_info,"prefix=""fd00:8:40::/64"",next_hop=""fe80::5:20:2"",dev=""ens4"",protocol=""ospf"",metric=""20"",route_index=""0"",nh_index=""1""",1
2026-07-28 15:12:00,ccf-aiops-武汉,cr-2,cr,ospf6_interface_cost,"interface=""ens5""",1
2026-07-28 15:12:00,ccf-aiops-武汉,cr-2,cr,ospf6_interface_cost,"interface=""ens4""",1
2026-07-28 15:12:00,ccf-aiops-武汉,cr-2,cr,ospf6_interface_enabled,"interface=""lo""",1
2026-07-28 15:12:00,ccf-aiops-武汉,cr-2,cr,ospf6_interface_enabled,"interface=""virbr0""",0
2026-07-28 15:12:00,ccf-aiops-武汉,cr-2,cr,ospf6_interface_enabled,"interface=""ens8""",1
2026-07-28 15:12:00,ccf-aiops-武汉,cr-2,cr,ospf6_interface_enabled,"interface=""ens7""",1
2026-07-28 15:12:00,ccf-aiops-武汉,cr-2,cr,ospf6_interface_enabled,"interface=""ens6""",1
2026-07-28 15:12:00,ccf-aiops-武汉,cr-2,cr,ospf6_interface_enabled,"interface=""ens5""",1
2026-07-28 15:12:00,ccf-aiops-武汉,cr-2,cr,ospf6_interface_enabled,"interface=""ens4""",1
2026-07-28 15:12:00,ccf-aiops-武汉,cr-2,cr,ospf6_interface_enabled,"interface=""ens3""",1
2026-07-28 15:12:00,ccf-aiops-武汉,cr-2,cr,ospf6_interface_enabled,"interface=""ens12""",1
2026-07-28 15:12:00,ccf-aiops-武汉,cr-2,cr,ospf6_interface_enabled,"interface=""ens11""",1
2026-07-28 15:12:00,ccf-aiops-武汉,cr-2,cr,ospf6_interface_enabled,"interface=""ens10""",1
2026-07-28 15:12:00,ccf-aiops-武汉,cr-2,cr,ospf6_interface_enabled,"interface=""ens9""",1
2026-07-28 15:12:00,ccf-aiops-武汉,cr-2,cr,ospf6_neighbor_state_code,"state=""Full"",interface=""ens4"",neighbor_id=""5.5.5.2""",6
2026-07-28 15:12:00,ccf-aiops-武汉,cr-2,cr,ospf6_neighbor_state_code,"state=""Full"",interface=""ens5"",neighbor_id=""5.5.5.11""",6
2026-07-28 15:12:00,ccf-aiops-武汉,cr-2,cr,ospf6_neighbor_state_code,"state=""Full"",interface=""ens4"",neighbor_id=""5.5.5.11""",6
2026-07-28 15:12:00,ccf-aiops-武汉,cr-2,cr,ospf6_neighbor_state_code,"state=""Full"",interface=""ens4"",neighbor_id=""5.5.5.1""",6
2026-07-28 15:12:00,ccf-aiops-武汉,cr-2,cr,bgp_command_success,,
2026-07-28 15:12:00,ccf-aiops-武汉,cr-2,cr,bgp_peer_up,,
2026-07-28 15:12:00,ccf-aiops-武汉,cr-2,cr,bgp_peer_uptime_seconds,,
2026-07-28 15:12:00,ccf-aiops-武汉,cr-2,cr,bgp_peer_prefix_received,,
2026-07-28 15:12:00,ccf-aiops-武汉,cr-2,cr,bgp_peer_prefix_sent,,
2026-07-28 15:12:00,ccf-aiops-武汉,cr-2,cr,bgp_peer_count,,
2026-07-28 15:13:00,ccf-aiops-武汉,br-1,br,bgp_command_success,"command=""bgp_summary""",1
2026-07-28 15:13:00,ccf-aiops-武汉,br-1,br,bgp_peer_count,,6
2026-07-28 15:13:00,ccf-aiops-武汉,br-1,br,bgp_peer_prefix_received,"peer=""fd00:100:10::1"",remote_as=""65001"",state=""Established""",5
2026-07-28 15:13:00,ccf-aiops-武汉,br-1,br,bgp_peer_prefix_received,"peer=""fd00:100:10::21"",remote_as=""65003"",state=""Established""",4
2026-07-28 15:13:00,ccf-aiops-武汉,br-1,br,bgp_peer_prefix_received,"peer=""fd00:100:10::31"",remote_as=""65004"",state=""Established""",2
2026-07-28 15:13:00,ccf-aiops-武汉,br-1,br,bgp_peer_prefix_received,"peer=""fd00:100:10::51"",remote_as=""65006"",state=""Established""",5
2026-07-28 15:13:00,ccf-aiops-武汉,br-1,br,bgp_peer_prefix_received,"peer=""fd00:100:10::61"",remote_as=""65007"",state=""Established""",4
2026-07-28 15:13:00,ccf-aiops-武汉,br-1,br,bgp_peer_prefix_received,"peer=""fd00:100:10::71"",remote_as=""65008"",state=""Established""",4
2026-07-28 15:13:00,ccf-aiops-武汉,br-1,br,bgp_peer_prefix_sent,"peer=""fd00:100:10::21"",remote_as=""65003"",state=""Established""",8
2026-07-28 15:13:00,ccf-aiops-武汉,br-1,br,bgp_peer_prefix_sent,"peer=""fd00:100:10::71"",remote_as=""65008"",state=""Established""",8
2026-07-28 15:13:00,ccf-aiops-武汉,br-1,br,bgp_peer_prefix_sent,"peer=""fd00:100:10::61"",remote_as=""65007"",state=""Established""",8
2026-07-28 15:13:00,ccf-aiops-武汉,br-1,br,bgp_peer_prefix_sent,"peer=""fd00:100:10::51"",remote_as=""65006"",state=""Established""",8
2026-07-28 15:13:00,ccf-aiops-武汉,br-1,br,bgp_peer_prefix_sent,"peer=""fd00:100:10::31"",remote_as=""65004"",state=""Established""",8
2026-07-28 15:13:00,ccf-aiops-武汉,br-1,br,bgp_peer_prefix_sent,"peer=""fd00:100:10::1"",remote_as=""65001"",state=""Established""",8
2026-07-28 15:13:00,ccf-aiops-武汉,br-1,br,bgp_peer_up,"peer=""fd00:100:10::71"",remote_as=""65008"",state=""Established""",1
2026-07-28 15:13:00,ccf-aiops-武汉,br-1,br,bgp_peer_up,"peer=""fd00:100:10::61"",remote_as=""65007"",state=""Established""",1
2026-07-28 15:13:00,ccf-aiops-武汉,br-1,br,bgp_peer_up,"peer=""fd00:100:10::51"",remote_as=""65006"",state=""Established""",1
2026-07-28 15:13:00,ccf-aiops-武汉,br-1,br,bgp_peer_up,"peer=""fd00:100:10::31"",remote_as=""65004"",state=""Established""",1
2026-07-28 15:13:00,ccf-aiops-武汉,br-1,br,bgp_peer_up,"peer=""fd00:100:10::21"",remote_as=""65003"",state=""Established""",1
2026-07-28 15:13:00,ccf-aiops-武汉,br-1,br,bgp_peer_up,"peer=""fd00:100:10::1"",remote_as=""65001"",state=""Established""",1
2026-07-28 15:13:00,ccf-aiops-武汉,br-1,br,bgp_peer_uptime_seconds,"peer=""fd00:100:10::71"",remote_as=""65008"",state=""Established""",2422010
2026-07-28 15:13:00,ccf-aiops-武汉,br-1,br,bgp_peer_uptime_seconds,"peer=""fd00:100:10::61"",remote_as=""65007"",state=""Established""",2422135
2026-07-28 15:13:00,ccf-aiops-武汉,br-1,br,bgp_peer_uptime_seconds,"peer=""fd00:100:10::51"",remote_as=""65006"",state=""Established""",2422243
2026-07-28 15:13:00,ccf-aiops-武汉,br-1,br,bgp_peer_uptime_seconds,"peer=""fd00:100:10::31"",remote_as=""65004"",state=""Established""",2422331
2026-07-28 15:13:00,ccf-aiops-武汉,br-1,br,bgp_peer_uptime_seconds,"peer=""fd00:100:10::21"",remote_as=""65003"",state=""Established""",1734969
2026-07-28 15:13:00,ccf-aiops-武汉,br-1,br,bgp_peer_uptime_seconds,"peer=""fd00:100:10::1"",remote_as=""65001"",state=""Established""",2422331
2026-07-28 15:13:00,ccf-aiops-武汉,br-1,br,ipv6_default_route_changed_total,,0
2026-07-28 15:13:00,ccf-aiops-武汉,br-1,br,ipv6_default_route_info,"next_hop=""240a:a023::1"",dev=""ens4"",protocol=""unknown"",metric=""1024"",route_index=""0"",nh_index=""0""",1
2026-07-28 15:13:00,ccf-aiops-武汉,br-1,br,ipv6_route_change_total,"prefix=""::/0""",0
2026-07-28 15:13:00,ccf-aiops-武汉,br-1,br,ipv6_route_change_total,"prefix=""fd00:1:40::/64""",0
2026-07-28 15:13:00,ccf-aiops-武汉,br-1,br,ipv6_route_change_total,"prefix=""fd00:2:40::/64""",2
2026-07-28 15:13:00,ccf-aiops-武汉,br-1,br,ipv6_route_change_total,"prefix=""fd00:3:40::/64""",0
2026-07-28 15:13:00,ccf-aiops-武汉,br-1,br,ipv6_route_change_total,"prefix=""fd00:4:40::/64""",0
2026-07-28 15:13:00,ccf-aiops-武汉,br-1,br,ipv6_route_change_total,"prefix=""fd00:8:40::/64""",0
2026-07-28 15:13:00,ccf-aiops-武汉,br-1,br,ipv6_route_change_total,"prefix=""fd00:7:40::/64""",8
2026-07-28 15:13:00,ccf-aiops-武汉,br-1,br,ipv6_route_change_total,"prefix=""fd00:6:40::/64""",0
2026-07-28 15:13:00,ccf-aiops-武汉,br-1,br,ipv6_route_change_total,"prefix=""fd00:5:40::/64""",0
2026-07-28 15:13:00,ccf-aiops-武汉,br-1,br,ipv6_route_count,"protocol=""bgp""",7
2026-07-28 15:13:00,ccf-aiops-武汉,br-1,br,ipv6_route_count,"protocol=""unknown""",1
2026-07-28 15:13:00,ccf-aiops-武汉,br-1,br,ipv6_route_count,"protocol=""ospf""",2
2026-07-28 15:13:00,ccf-aiops-武汉,br-1,br,ipv6_route_count,"protocol=""kernel""",7
2026-07-28 15:13:00,ccf-aiops-武汉,br-1,br,ipv6_route_count,"protocol=""all""",17
2026-07-28 15:13:00,ccf-aiops-武汉,br-1,br,ipv6_route_exists,"prefix=""fd00:8:40::/64""",1
2026-07-28 15:13:00,ccf-aiops-武汉,br-1,br,ipv6_route_exists,"prefix=""::/0""",1
2026-07-28 15:13:00,ccf-aiops-武汉,br-1,br,ipv6_route_exists,"prefix=""fd00:7:40::/64""",1
2026-07-28 15:13:00,ccf-aiops-武汉,br-1,br,ipv6_route_exists,"prefix=""fd00:6:40::/64""",1
2026-07-28 15:13:00,ccf-aiops-武汉,br-1,br,ipv6_route_exists,"prefix=""fd00:5:40::/64""",1
2026-07-28 15:13:00,ccf-aiops-武汉,br-1,br,ipv6_route_exists,"prefix=""fd00:4:40::/64""",1
2026-07-28 15:13:00,ccf-aiops-武汉,br-1,br,ipv6_route_exists,"prefix=""fd00:3:40::/64""",1
2026-07-28 15:13:00,ccf-aiops-武汉,br-1,br,ipv6_route_exists,"prefix=""fd00:1:40::/64""",1
2026-07-28 15:13:00,ccf-aiops-武汉,br-1,br,ipv6_route_exists,"prefix=""fd00:2:40::/64""",1
2026-07-28 15:13:00,ccf-aiops-武汉,br-1,br,ipv6_route_nexthop_info,"prefix=""fd00:5:40::/64"",next_hop=""fe80::5:20:12"",dev=""ens5"",protocol=""ospf"",metric=""20"",route_index=""0"",nh_index=""1""",1
2026-07-28 15:13:00,ccf-aiops-武汉,br-1,br,ipv6_route_nexthop_info,"prefix=""fd00:5:40::/64"",next_hop=""fe80::5:20:11"",dev=""ens5"",protocol=""ospf"",metric=""20"",route_index=""0"",nh_index=""0""",1
2026-07-28 15:13:00,ccf-aiops-武汉,br-1,br,ipv6_route_nexthop_info,"prefix=""fd00:8:40::/64"",next_hop=""fe80::100:10:71"",dev=""ens4"",protocol=""bgp"",metric=""20"",route_index=""0"",nh_index=""0""",1
2026-07-28 15:13:00,ccf-aiops-武汉,br-1,br,ipv6_route_nexthop_info,"prefix=""fd00:7:40::/64"",next_hop=""fe80::100:10:61"",dev=""ens4"",protocol=""bgp"",metric=""20"",route_index=""0"",nh_index=""0""",1
2026-07-28 15:13:00,ccf-aiops-武汉,br-1,br,ipv6_route_nexthop_info,"prefix=""fd00:6:40::/64"",next_hop=""fe80::100:10:51"",dev=""ens4"",protocol=""bgp"",metric=""20"",route_index=""0"",nh_index=""0""",1
2026-07-28 15:13:00,ccf-aiops-武汉,br-1,br,ipv6_route_nexthop_info,"prefix=""fd00:4:40::/64"",next_hop=""fe80::100:10:31"",dev=""ens4"",protocol=""bgp"",metric=""20"",route_index=""0"",nh_index=""0""",1
2026-07-28 15:13:00,ccf-aiops-武汉,br-1,br,ipv6_route_nexthop_info,"prefix=""::/0"",next_hop=""240a:a023::1"",dev=""ens4"",protocol=""unknown"",metric=""1024"",route_index=""0"",nh_index=""0""",1
2026-07-28 15:13:00,ccf-aiops-武汉,br-1,br,ipv6_route_nexthop_info,"prefix=""fd00:1:40::/64"",next_hop=""fe80::100:10:1"",dev=""ens4"",protocol=""bgp"",metric=""20"",route_index=""0"",nh_index=""0""",1
2026-07-28 15:13:00,ccf-aiops-武汉,br-1,br,ipv6_route_nexthop_info,"prefix=""fd00:2:40::/64"",next_hop=""fe80::100:10:1"",dev=""ens4"",protocol=""bgp"",metric=""20"",route_index=""0"",nh_index=""0""",1
2026-07-28 15:13:00,ccf-aiops-武汉,br-1,br,ipv6_route_nexthop_info,"prefix=""fd00:3:40::/64"",next_hop=""fe80::100:10:21"",dev=""ens4"",protocol=""bgp"",metric=""20"",route_index=""0"",nh_index=""0""",1
2026-07-28 15:13:00,ccf-aiops-武汉,br-1,br,ospf6_interface_cost,"interface=""ens5""",1
2026-07-28 15:13:00,ccf-aiops-武汉,br-1,br,ospf6_interface_enabled,"interface=""ens9""",1
2026-07-28 15:13:00,ccf-aiops-武汉,br-1,br,ospf6_interface_enabled,"interface=""lo""",1
2026-07-28 15:13:00,ccf-aiops-武汉,br-1,br,ospf6_interface_enabled,"interface=""ens10""",1
2026-07-28 15:13:00,ccf-aiops-武汉,br-1,br,ospf6_interface_enabled,"interface=""ens11""",1
2026-07-28 15:13:00,ccf-aiops-武汉,br-1,br,ospf6_interface_enabled,"interface=""ens12""",1
2026-07-28 15:13:00,ccf-aiops-武汉,br-1,br,ospf6_interface_enabled,"interface=""ens3""",1
2026-07-28 15:13:00,ccf-aiops-武汉,br-1,br,ospf6_interface_enabled,"interface=""ens4""",1
2026-07-28 15:13:00,ccf-aiops-武汉,br-1,br,ospf6_interface_enabled,"interface=""ens5""",1
2026-07-28 15:13:00,ccf-aiops-武汉,br-1,br,ospf6_interface_enabled,"interface=""ens6""",1
2026-07-28 15:13:00,ccf-aiops-武汉,br-1,br,ospf6_interface_enabled,"interface=""ens7""",1
2026-07-28 15:13:00,ccf-aiops-武汉,br-1,br,ospf6_interface_enabled,"interface=""ens8""",1
2026-07-28 15:13:00,ccf-aiops-武汉,br-1,br,ospf6_interface_enabled,"interface=""virbr0""",0
2026-07-28 15:13:00,ccf-aiops-武汉,br-1,br,ospf6_neighbor_state_code,"state=""Twoway"",interface=""ens5"",neighbor_id=""5.5.5.2""",2
2026-07-28 15:13:00,ccf-aiops-武汉,br-1,br,ospf6_neighbor_state_code,"state=""Full"",interface=""ens5"",neighbor_id=""5.5.5.12""",6
2026-07-28 15:13:00,ccf-aiops-武汉,br-1,br,ospf6_neighbor_state_code,"state=""Full"",interface=""ens5"",neighbor_id=""5.5.5.11""",6
2026-07-28 15:13:00,ccf-aiops-武汉,br-2,br,bgp_command_success,"command=""bgp_summary""",1
2026-07-28 15:13:00,ccf-aiops-武汉,br-2,br,bgp_peer_count,,6
2026-07-28 15:13:00,ccf-aiops-武汉,br-2,br,bgp_peer_prefix_received,"peer=""fd00:100:10::72"",remote_as=""65008"",state=""Established""",3
2026-07-28 15:13:00,ccf-aiops-武汉,br-2,br,bgp_peer_prefix_received,"peer=""fd00:100:10::2"",remote_as=""65001"",state=""Established""",4
2026-07-28 15:13:00,ccf-aiops-武汉,br-2,br,bgp_peer_prefix_received,"peer=""fd00:100:10::22"",remote_as=""65003"",state=""Established""",5
2026-07-28 15:13:00,ccf-aiops-武汉,br-2,br,bgp_peer_prefix_received,"peer=""fd00:100:10::62"",remote_as=""65007"",state=""Established""",4
2026-07-28 15:13:00,ccf-aiops-武汉,br-2,br,bgp_peer_prefix_received,"peer=""fd00:100:10::52"",remote_as=""65006"",state=""Established""",6
2026-07-28 15:13:00,ccf-aiops-武汉,br-2,br,bgp_peer_prefix_received,"peer=""fd00:100:10::32"",remote_as=""65004"",state=""Established""",3
2026-07-28 15:13:00,ccf-aiops-武汉,br-2,br,bgp_peer_prefix_sent,"peer=""fd00:100:10::52"",remote_as=""65006"",state=""Established""",8
2026-07-28 15:13:00,ccf-aiops-武汉,br-2,br,bgp_peer_prefix_sent,"peer=""fd00:100:10::62"",remote_as=""65007"",state=""Established""",8
2026-07-28 15:13:00,ccf-aiops-武汉,br-2,br,bgp_peer_prefix_sent,"peer=""fd00:100:10::72"",remote_as=""65008"",state=""Established""",8
2026-07-28 15:13:00,ccf-aiops-武汉,br-2,br,bgp_peer_prefix_sent,"peer=""fd00:100:10::32"",remote_as=""65004"",state=""Established""",8
2026-07-28 15:13:00,ccf-aiops-武汉,br-2,br,bgp_peer_prefix_sent,"peer=""fd00:100:10::22"",remote_as=""65003"",state=""Established""",8
2026-07-28 15:13:00,ccf-aiops-武汉,br-2,br,bgp_peer_prefix_sent,"peer=""fd00:100:10::2"",remote_as=""65001"",state=""Established""",8
2026-07-28 15:13:00,ccf-aiops-武汉,br-2,br,bgp_peer_up,"peer=""fd00:100:10::52"",remote_as=""65006"",state=""Established""",1
2026-07-28 15:13:00,ccf-aiops-武汉,br-2,br,bgp_peer_up,"peer=""fd00:100:10::72"",remote_as=""65008"",state=""Established""",1
2026-07-28 15:13:00,ccf-aiops-武汉,br-2,br,bgp_peer_up,"peer=""fd00:100:10::62"",remote_as=""65007"",state=""Established""",1
2026-07-28 15:13:00,ccf-aiops-武汉,br-2,br,bgp_peer_up,"peer=""fd00:100:10::32"",remote_as=""65004"",state=""Established""",1
2026-07-28 15:13:00,ccf-aiops-武汉,br-2,br,bgp_peer_up,"peer=""fd00:100:10::22"",remote_as=""65003"",state=""Established""",1
2026-07-28 15:13:00,ccf-aiops-武汉,br-2,br,bgp_peer_up,"peer=""fd00:100:10::2"",remote_as=""65001"",state=""Established""",1
2026-07-28 15:13:00,ccf-aiops-武汉,br-2,br,bgp_peer_uptime_seconds,"peer=""fd00:100:10::62"",remote_as=""65007"",state=""Established""",2422109
2026-07-28 15:13:00,ccf-aiops-武汉,br-2,br,bgp_peer_uptime_seconds,"peer=""fd00:100:10::32"",remote_as=""65004"",state=""Established""",2422313
2026-07-28 15:13:00,ccf-aiops-武汉,br-2,br,bgp_peer_uptime_seconds,"peer=""fd00:100:10::22"",remote_as=""65003"",state=""Established""",704704
2026-07-28 15:13:00,ccf-aiops-武汉,br-2,br,bgp_peer_uptime_seconds,"peer=""fd00:100:10::2"",remote_as=""65001"",state=""Established""",2422313
2026-07-28 15:13:00,ccf-aiops-武汉,br-2,br,bgp_peer_uptime_seconds,"peer=""fd00:100:10::52"",remote_as=""65006"",state=""Established""",2422220
2026-07-28 15:13:00,ccf-aiops-武汉,br-2,br,bgp_peer_uptime_seconds,"peer=""fd00:100:10::72"",remote_as=""65008"",state=""Established""",2421992
2026-07-28 15:13:00,ccf-aiops-武汉,br-2,br,ipv6_default_route_changed_total,,0
2026-07-28 15:13:00,ccf-aiops-武汉,br-2,br,ipv6_default_route_info,"next_hop=""240a:a023::1"",dev=""ens4"",protocol=""unknown"",metric=""1024"",route_index=""0"",nh_index=""0""",1
2026-07-28 15:13:00,ccf-aiops-武汉,br-2,br,ipv6_route_change_total,"prefix=""fd00:3:40::/64""",0
2026-07-28 15:13:00,ccf-aiops-武汉,br-2,br,ipv6_route_change_total,"prefix=""::/0""",0
2026-07-28 15:13:00,ccf-aiops-武汉,br-2,br,ipv6_route_change_total,"prefix=""fd00:1:40::/64""",0
2026-07-28 15:13:00,ccf-aiops-武汉,br-2,br,ipv6_route_change_total,"prefix=""fd00:2:40::/64""",2
2026-07-28 15:13:00,ccf-aiops-武汉,br-2,br,ipv6_route_change_total,"prefix=""fd00:4:40::/64""",0
2026-07-28 15:13:00,ccf-aiops-武汉,br-2,br,ipv6_route_change_total,"prefix=""fd00:5:40::/64""",0
2026-07-28 15:13:00,ccf-aiops-武汉,br-2,br,ipv6_route_change_total,"prefix=""fd00:6:40::/64""",0
2026-07-28 15:13:00,ccf-aiops-武汉,br-2,br,ipv6_route_change_total,"prefix=""fd00:7:40::/64""",4
2026-07-28 15:13:00,ccf-aiops-武汉,br-2,br,ipv6_route_change_total,"prefix=""fd00:8:40::/64""",0
2026-07-28 15:13:00,ccf-aiops-武汉,br-2,br,ipv6_route_count,"protocol=""unknown""",1
2026-07-28 15:13:00,ccf-aiops-武汉,br-2,br,ipv6_route_count,"protocol=""ospf""",2
2026-07-28 15:13:00,ccf-aiops-武汉,br-2,br,ipv6_route_count,"protocol=""kernel""",7
2026-07-28 15:13:00,ccf-aiops-武汉,br-2,br,ipv6_route_count,"protocol=""bgp""",7
2026-07-28 15:13:00,ccf-aiops-武汉,br-2,br,ipv6_route_count,"protocol=""all""",17
2026-07-28 15:13:00,ccf-aiops-武汉,br-2,br,ipv6_route_exists,"prefix=""fd00:2:40::/64""",1
2026-07-28 15:13:00,ccf-aiops-武汉,br-2,br,ipv6_route_exists,"prefix=""fd00:3:40::/64""",1
2026-07-28 15:13:00,ccf-aiops-武汉,br-2,br,ipv6_route_exists,"prefix=""fd00:4:40::/64""",1
2026-07-28 15:13:00,ccf-aiops-武汉,br-2,br,ipv6_route_exists,"prefix=""fd00:5:40::/64""",1
2026-07-28 15:13:00,ccf-aiops-武汉,br-2,br,ipv6_route_exists,"prefix=""fd00:6:40::/64""",1
2026-07-28 15:13:00,ccf-aiops-武汉,br-2,br,ipv6_route_exists,"prefix=""fd00:7:40::/64""",1
2026-07-28 15:13:00,ccf-aiops-武汉,br-2,br,ipv6_route_exists,"prefix=""fd00:8:40::/64""",1
2026-07-28 15:13:00,ccf-aiops-武汉,br-2,br,ipv6_route_exists,"prefix=""::/0""",1
2026-07-28 15:13:00,ccf-aiops-武汉,br-2,br,ipv6_route_exists,"prefix=""fd00:1:40::/64""",1
2026-07-28 15:13:00,ccf-aiops-武汉,br-2,br,ipv6_route_nexthop_info,"prefix=""fd00:6:40::/64"",next_hop=""fe80::100:10:52"",dev=""ens4"",protocol=""bgp"",metric=""20"",route_index=""0"",nh_index=""0""",1
2026-07-28 15:13:00,ccf-aiops-武汉,br-2,br,ipv6_route_nexthop_info,"prefix=""fd00:5:40::/64"",next_hop=""fe80::5:20:12"",dev=""ens5"",protocol=""ospf"",metric=""20"",route_index=""0"",nh_index=""1""",1
2026-07-28 15:13:00,ccf-aiops-武汉,br-2,br,ipv6_route_nexthop_info,"prefix=""fd00:5:40::/64"",next_hop=""fe80::5:20:11"",dev=""ens5"",protocol=""ospf"",metric=""20"",route_index=""0"",nh_index=""0""",1
2026-07-28 15:13:00,ccf-aiops-武汉,br-2,br,ipv6_route_nexthop_info,"prefix=""fd00:8:40::/64"",next_hop=""fe80::100:10:72"",dev=""ens4"",protocol=""bgp"",metric=""20"",route_index=""0"",nh_index=""0""",1
2026-07-28 15:13:00,ccf-aiops-武汉,br-2,br,ipv6_route_nexthop_info,"prefix=""fd00:7:40::/64"",next_hop=""fe80::100:10:62"",dev=""ens4"",protocol=""bgp"",metric=""20"",route_index=""0"",nh_index=""0""",1
2026-07-28 15:13:00,ccf-aiops-武汉,br-2,br,ipv6_route_nexthop_info,"prefix=""fd00:4:40::/64"",next_hop=""fe80::100:10:32"",dev=""ens4"",protocol=""bgp"",metric=""20"",route_index=""0"",nh_index=""0""",1
2026-07-28 15:13:00,ccf-aiops-武汉,br-2,br,ipv6_route_nexthop_info,"prefix=""fd00:3:40::/64"",next_hop=""fe80::100:10:22"",dev=""ens4"",protocol=""bgp"",metric=""20"",route_index=""0"",nh_index=""0""",1
2026-07-28 15:13:00,ccf-aiops-武汉,br-2,br,ipv6_route_nexthop_info,"prefix=""fd00:2:40::/64"",next_hop=""fe80::100:10:2"",dev=""ens4"",protocol=""bgp"",metric=""20"",route_index=""0"",nh_index=""0""",1
2026-07-28 15:13:00,ccf-aiops-武汉,br-2,br,ipv6_route_nexthop_info,"prefix=""fd00:1:40::/64"",next_hop=""fe80::100:10:2"",dev=""ens4"",protocol=""bgp"",metric=""20"",route_index=""0"",nh_index=""0""",1
2026-07-28 15:13:00,ccf-aiops-武汉,br-2,br,ipv6_route_nexthop_info,"prefix=""::/0"",next_hop=""240a:a023::1"",dev=""ens4"",protocol=""unknown"",metric=""1024"",route_index=""0"",nh_index=""0""",1
2026-07-28 15:13:00,ccf-aiops-武汉,br-2,br,ospf6_interface_cost,"interface=""ens5""",1
2026-07-28 15:13:00,ccf-aiops-武汉,br-2,br,ospf6_interface_enabled,"interface=""ens4""",1
2026-07-28 15:13:00,ccf-aiops-武汉,br-2,br,ospf6_interface_enabled,"interface=""virbr0""",0
2026-07-28 15:13:00,ccf-aiops-武汉,br-2,br,ospf6_interface_enabled,"interface=""lo""",1
2026-07-28 15:13:00,ccf-aiops-武汉,br-2,br,ospf6_interface_enabled,"interface=""ens9""",1
2026-07-28 15:13:00,ccf-aiops-武汉,br-2,br,ospf6_interface_enabled,"interface=""ens8""",1
2026-07-28 15:13:00,ccf-aiops-武汉,br-2,br,ospf6_interface_enabled,"interface=""ens7""",1
2026-07-28 15:13:00,ccf-aiops-武汉,br-2,br,ospf6_interface_enabled,"interface=""ens6""",1
2026-07-28 15:13:00,ccf-aiops-武汉,br-2,br,ospf6_interface_enabled,"interface=""ens5""",1
2026-07-28 15:13:00,ccf-aiops-武汉,br-2,br,ospf6_interface_enabled,"interface=""ens3""",1
2026-07-28 15:13:00,ccf-aiops-武汉,br-2,br,ospf6_interface_enabled,"interface=""ens12""",1
2026-07-28 15:13:00,ccf-aiops-武汉,br-2,br,ospf6_interface_enabled,"interface=""ens11""",1
2026-07-28 15:13:00,ccf-aiops-武汉,br-2,br,ospf6_interface_enabled,"interface=""ens10""",1
2026-07-28 15:13:00,ccf-aiops-武汉,br-2,br,ospf6_neighbor_state_code,"state=""Full"",interface=""ens5"",neighbor_id=""5.5.5.12""",6
2026-07-28 15:13:00,ccf-aiops-武汉,br-2,br,ospf6_neighbor_state_code,"state=""Twoway"",interface=""ens5"",neighbor_id=""5.5.5.1""",2
2026-07-28 15:13:00,ccf-aiops-武汉,br-2,br,ospf6_neighbor_state_code,"state=""Full"",interface=""ens5"",neighbor_id=""5.5.5.11""",6
2026-07-28 15:13:00,ccf-aiops-武汉,cr-1,cr,ipv6_default_route_changed_total,,0
2026-07-28 15:13:00,ccf-aiops-武汉,cr-1,cr,ipv6_default_route_info,"next_hop=""fd00:5:20::2"",dev=""ens4"",protocol=""196"",metric=""20"",route_index=""0"",nh_index=""1""",1
2026-07-28 15:13:00,ccf-aiops-武汉,cr-1,cr,ipv6_default_route_info,"next_hop=""fd00:5:20::1"",dev=""ens4"",protocol=""196"",metric=""20"",route_index=""0"",nh_index=""0""",1
2026-07-28 15:13:00,ccf-aiops-武汉,cr-1,cr,ipv6_route_change_total,"prefix=""fd00:8:40::/64""",0
2026-07-28 15:13:00,ccf-aiops-武汉,cr-1,cr,ipv6_route_change_total,"prefix=""fd00:3:40::/64""",0
2026-07-28 15:13:00,ccf-aiops-武汉,cr-1,cr,ipv6_route_change_total,"prefix=""fd00:4:40::/64""",0
2026-07-28 15:13:00,ccf-aiops-武汉,cr-1,cr,ipv6_route_change_total,"prefix=""fd00:5:40::/64""",0
2026-07-28 15:13:00,ccf-aiops-武汉,cr-1,cr,ipv6_route_change_total,"prefix=""fd00:6:40::/64""",0
2026-07-28 15:13:00,ccf-aiops-武汉,cr-1,cr,ipv6_route_change_total,"prefix=""fd00:7:40::/64""",0
2026-07-28 15:13:00,ccf-aiops-武汉,cr-1,cr,ipv6_route_change_total,"prefix=""::/0""",0
2026-07-28 15:13:00,ccf-aiops-武汉,cr-1,cr,ipv6_route_change_total,"prefix=""fd00:1:40::/64""",0
2026-07-28 15:13:00,ccf-aiops-武汉,cr-1,cr,ipv6_route_change_total,"prefix=""fd00:2:40::/64""",0
2026-07-28 15:13:00,ccf-aiops-武汉,cr-1,cr,ipv6_route_count,"protocol=""kernel""",6
2026-07-28 15:13:00,ccf-aiops-武汉,cr-1,cr,ipv6_route_count,"protocol=""ospf""",7
2026-07-28 15:13:00,ccf-aiops-武汉,cr-1,cr,ipv6_route_count,"protocol=""196""",2
2026-07-28 15:13:00,ccf-aiops-武汉,cr-1,cr,ipv6_route_count,"protocol=""all""",15
2026-07-28 15:13:00,ccf-aiops-武汉,cr-1,cr,ipv6_route_exists,"prefix=""fd00:5:40::/64""",1
2026-07-28 15:13:00,ccf-aiops-武汉,cr-1,cr,ipv6_route_exists,"prefix=""fd00:4:40::/64""",1
2026-07-28 15:13:00,ccf-aiops-武汉,cr-1,cr,ipv6_route_exists,"prefix=""::/0""",1
2026-07-28 15:13:00,ccf-aiops-武汉,cr-1,cr,ipv6_route_exists,"prefix=""fd00:1:40::/64""",1
2026-07-28 15:13:00,ccf-aiops-武汉,cr-1,cr,ipv6_route_exists,"prefix=""fd00:2:40::/64""",1
2026-07-28 15:13:00,ccf-aiops-武汉,cr-1,cr,ipv6_route_exists,"prefix=""fd00:3:40::/64""",1
2026-07-28 15:13:00,ccf-aiops-武汉,cr-1,cr,ipv6_route_exists,"prefix=""fd00:8:40::/64""",1
2026-07-28 15:13:00,ccf-aiops-武汉,cr-1,cr,ipv6_route_exists,"prefix=""fd00:7:40::/64""",1
2026-07-28 15:13:00,ccf-aiops-武汉,cr-1,cr,ipv6_route_exists,"prefix=""fd00:6:40::/64""",1
2026-07-28 15:13:00,ccf-aiops-武汉,cr-1,cr,ipv6_route_nexthop_info,"prefix=""fd00:5:40::/64"",next_hop=""fd00:5:30::254"",dev=""ens5"",protocol=""196"",metric=""20"",route_index=""0"",nh_index=""0""",1
2026-07-28 15:13:00,ccf-aiops-武汉,cr-1,cr,ipv6_route_nexthop_info,"prefix=""fd00:8:40::/64"",next_hop=""fe80::5:20:2"",dev=""ens4"",protocol=""ospf"",metric=""20"",route_index=""0"",nh_index=""1""",1
2026-07-28 15:13:00,ccf-aiops-武汉,cr-1,cr,ipv6_route_nexthop_info,"prefix=""fd00:7:40::/64"",next_hop=""fe80::5:20:2"",dev=""ens4"",protocol=""ospf"",metric=""20"",route_index=""0"",nh_index=""1""",1
2026-07-28 15:13:00,ccf-aiops-武汉,cr-1,cr,ipv6_route_nexthop_info,"prefix=""fd00:4:40::/64"",next_hop=""fe80::5:20:2"",dev=""ens4"",protocol=""ospf"",metric=""20"",route_index=""0"",nh_index=""1""",1
2026-07-28 15:13:00,ccf-aiops-武汉,cr-1,cr,ipv6_route_nexthop_info,"prefix=""::/0"",next_hop=""fd00:5:20::1"",dev=""ens4"",protocol=""196"",metric=""20"",route_index=""0"",nh_index=""0""",1
2026-07-28 15:13:00,ccf-aiops-武汉,cr-1,cr,ipv6_route_nexthop_info,"prefix=""::/0"",next_hop=""fd00:5:20::2"",dev=""ens4"",protocol=""196"",metric=""20"",route_index=""0"",nh_index=""1""",1
2026-07-28 15:13:00,ccf-aiops-武汉,cr-1,cr,ipv6_route_nexthop_info,"prefix=""fd00:1:40::/64"",next_hop=""fe80::5:20:1"",dev=""ens4"",protocol=""ospf"",metric=""20"",route_index=""0"",nh_index=""0""",1
2026-07-28 15:13:00,ccf-aiops-武汉,cr-1,cr,ipv6_route_nexthop_info,"prefix=""fd00:2:40::/64"",next_hop=""fe80::5:20:1"",dev=""ens4"",protocol=""ospf"",metric=""20"",route_index=""0"",nh_index=""0""",1
2026-07-28 15:13:00,ccf-aiops-武汉,cr-1,cr,ipv6_route_nexthop_info,"prefix=""fd00:3:40::/64"",next_hop=""fe80::5:20:1"",dev=""ens4"",protocol=""ospf"",metric=""20"",route_index=""0"",nh_index=""0""",1
2026-07-28 15:13:00,ccf-aiops-武汉,cr-1,cr,ipv6_route_nexthop_info,"prefix=""fd00:4:40::/64"",next_hop=""fe80::5:20:1"",dev=""ens4"",protocol=""ospf"",metric=""20"",route_index=""0"",nh_index=""0""",1
2026-07-28 15:13:00,ccf-aiops-武汉,cr-1,cr,ipv6_route_nexthop_info,"prefix=""fd00:6:40::/64"",next_hop=""fe80::5:20:1"",dev=""ens4"",protocol=""ospf"",metric=""20"",route_index=""0"",nh_index=""0""",1
2026-07-28 15:13:00,ccf-aiops-武汉,cr-1,cr,ipv6_route_nexthop_info,"prefix=""fd00:7:40::/64"",next_hop=""fe80::5:20:1"",dev=""ens4"",protocol=""ospf"",metric=""20"",route_index=""0"",nh_index=""0""",1
2026-07-28 15:13:00,ccf-aiops-武汉,cr-1,cr,ipv6_route_nexthop_info,"prefix=""fd00:8:40::/64"",next_hop=""fe80::5:20:1"",dev=""ens4"",protocol=""ospf"",metric=""20"",route_index=""0"",nh_index=""0""",1
2026-07-28 15:13:00,ccf-aiops-武汉,cr-1,cr,ipv6_route_nexthop_info,"prefix=""fd00:1:40::/64"",next_hop=""fe80::5:20:2"",dev=""ens4"",protocol=""ospf"",metric=""20"",route_index=""0"",nh_index=""1""",1
2026-07-28 15:13:00,ccf-aiops-武汉,cr-1,cr,ipv6_route_nexthop_info,"prefix=""fd00:2:40::/64"",next_hop=""fe80::5:20:2"",dev=""ens4"",protocol=""ospf"",metric=""20"",route_index=""0"",nh_index=""1""",1
2026-07-28 15:13:00,ccf-aiops-武汉,cr-1,cr,ipv6_route_nexthop_info,"prefix=""fd00:3:40::/64"",next_hop=""fe80::5:20:2"",dev=""ens4"",protocol=""ospf"",metric=""20"",route_index=""0"",nh_index=""1""",1
2026-07-28 15:13:00,ccf-aiops-武汉,cr-1,cr,ipv6_route_nexthop_info,"prefix=""fd00:6:40::/64"",next_hop=""fe80::5:20:2"",dev=""ens4"",protocol=""ospf"",metric=""20"",route_index=""0"",nh_index=""1""",1
2026-07-28 15:13:00,ccf-aiops-武汉,cr-1,cr,ospf6_interface_cost,"interface=""ens5""",1
2026-07-28 15:13:00,ccf-aiops-武汉,cr-1,cr,ospf6_interface_cost,"interface=""ens4""",1
2026-07-28 15:13:00,ccf-aiops-武汉,cr-1,cr,ospf6_interface_enabled,"interface=""ens10""",1
2026-07-28 15:13:00,ccf-aiops-武汉,cr-1,cr,ospf6_interface_enabled,"interface=""ens11""",1
2026-07-28 15:13:00,ccf-aiops-武汉,cr-1,cr,ospf6_interface_enabled,"interface=""ens5""",1
2026-07-28 15:13:00,ccf-aiops-武汉,cr-1,cr,ospf6_interface_enabled,"interface=""ens4""",1
2026-07-28 15:13:00,ccf-aiops-武汉,cr-1,cr,ospf6_interface_enabled,"interface=""ens6""",1
2026-07-28 15:13:00,ccf-aiops-武汉,cr-1,cr,ospf6_interface_enabled,"interface=""ens12""",1
2026-07-28 15:13:00,ccf-aiops-武汉,cr-1,cr,ospf6_interface_enabled,"interface=""ens3""",1
2026-07-28 15:13:00,ccf-aiops-武汉,cr-1,cr,ospf6_interface_enabled,"interface=""ens8""",1
2026-07-28 15:13:00,ccf-aiops-武汉,cr-1,cr,ospf6_interface_enabled,"interface=""ens9""",1
2026-07-28 15:13:00,ccf-aiops-武汉,cr-1,cr,ospf6_interface_enabled,"interface=""lo""",1
2026-07-28 15:13:00,ccf-aiops-武汉,cr-1,cr,ospf6_interface_enabled,"interface=""virbr0""",0
2026-07-28 15:13:00,ccf-aiops-武汉,cr-1,cr,ospf6_interface_enabled,"interface=""ens7""",1
2026-07-28 15:13:00,ccf-aiops-武汉,cr-1,cr,ospf6_neighbor_state_code,"state=""Full"",interface=""ens4"",neighbor_id=""5.5.5.1""",6
2026-07-28 15:13:00,ccf-aiops-武汉,cr-1,cr,ospf6_neighbor_state_code,"state=""Full"",interface=""ens4"",neighbor_id=""5.5.5.12""",6
2026-07-28 15:13:00,ccf-aiops-武汉,cr-1,cr,ospf6_neighbor_state_code,"state=""Full"",interface=""ens4"",neighbor_id=""5.5.5.2""",6
2026-07-28 15:13:00,ccf-aiops-武汉,cr-1,cr,ospf6_neighbor_state_code,"state=""Full"",interface=""ens5"",neighbor_id=""5.5.5.12""",6
2026-07-28 15:13:00,ccf-aiops-武汉,cr-1,cr,bgp_command_success,,
2026-07-28 15:13:00,ccf-aiops-武汉,cr-1,cr,bgp_peer_up,,
2026-07-28 15:13:00,ccf-aiops-武汉,cr-1,cr,bgp_peer_uptime_seconds,,
2026-07-28 15:13:00,ccf-aiops-武汉,cr-1,cr,bgp_peer_prefix_received,,
2026-07-28 15:13:00,ccf-aiops-武汉,cr-1,cr,bgp_peer_prefix_sent,,
2026-07-28 15:13:00,ccf-aiops-武汉,cr-1,cr,bgp_peer_count,,
2026-07-28 15:13:00,ccf-aiops-武汉,cr-2,cr,ipv6_default_route_changed_total,,0
2026-07-28 15:13:00,ccf-aiops-武汉,cr-2,cr,ipv6_default_route_info,"next_hop=""fd00:5:20::1"",dev=""ens4"",protocol=""196"",metric=""20"",route_index=""0"",nh_index=""0""",1
2026-07-28 15:13:00,ccf-aiops-武汉,cr-2,cr,ipv6_default_route_info,"next_hop=""fd00:5:20::2"",dev=""ens4"",protocol=""196"",metric=""20"",route_index=""0"",nh_index=""1""",1
2026-07-28 15:13:00,ccf-aiops-武汉,cr-2,cr,ipv6_route_change_total,"prefix=""fd00:5:40::/64""",0
2026-07-28 15:13:00,ccf-aiops-武汉,cr-2,cr,ipv6_route_change_total,"prefix=""fd00:6:40::/64""",0
2026-07-28 15:13:00,ccf-aiops-武汉,cr-2,cr,ipv6_route_change_total,"prefix=""fd00:7:40::/64""",0
2026-07-28 15:13:00,ccf-aiops-武汉,cr-2,cr,ipv6_route_change_total,"prefix=""fd00:8:40::/64""",0
2026-07-28 15:13:00,ccf-aiops-武汉,cr-2,cr,ipv6_route_change_total,"prefix=""fd00:4:40::/64""",0
2026-07-28 15:13:00,ccf-aiops-武汉,cr-2,cr,ipv6_route_change_total,"prefix=""fd00:3:40::/64""",0
2026-07-28 15:13:00,ccf-aiops-武汉,cr-2,cr,ipv6_route_change_total,"prefix=""fd00:2:40::/64""",0
2026-07-28 15:13:00,ccf-aiops-武汉,cr-2,cr,ipv6_route_change_total,"prefix=""fd00:1:40::/64""",0
2026-07-28 15:13:00,ccf-aiops-武汉,cr-2,cr,ipv6_route_change_total,"prefix=""::/0""",0
2026-07-28 15:13:00,ccf-aiops-武汉,cr-2,cr,ipv6_route_count,"protocol=""ospf""",7
2026-07-28 15:13:00,ccf-aiops-武汉,cr-2,cr,ipv6_route_count,"protocol=""kernel""",6
2026-07-28 15:13:00,ccf-aiops-武汉,cr-2,cr,ipv6_route_count,"protocol=""all""",15
2026-07-28 15:13:00,ccf-aiops-武汉,cr-2,cr,ipv6_route_count,"protocol=""196""",2
2026-07-28 15:13:00,ccf-aiops-武汉,cr-2,cr,ipv6_route_exists,"prefix=""::/0""",1
2026-07-28 15:13:00,ccf-aiops-武汉,cr-2,cr,ipv6_route_exists,"prefix=""fd00:1:40::/64""",1
2026-07-28 15:13:00,ccf-aiops-武汉,cr-2,cr,ipv6_route_exists,"prefix=""fd00:2:40::/64""",1
2026-07-28 15:13:00,ccf-aiops-武汉,cr-2,cr,ipv6_route_exists,"prefix=""fd00:3:40::/64""",1
2026-07-28 15:13:00,ccf-aiops-武汉,cr-2,cr,ipv6_route_exists,"prefix=""fd00:4:40::/64""",1
2026-07-28 15:13:00,ccf-aiops-武汉,cr-2,cr,ipv6_route_exists,"prefix=""fd00:5:40::/64""",1
2026-07-28 15:13:00,ccf-aiops-武汉,cr-2,cr,ipv6_route_exists,"prefix=""fd00:6:40::/64""",1
2026-07-28 15:13:00,ccf-aiops-武汉,cr-2,cr,ipv6_route_exists,"prefix=""fd00:7:40::/64""",1
2026-07-28 15:13:00,ccf-aiops-武汉,cr-2,cr,ipv6_route_exists,"prefix=""fd00:8:40::/64""",1
2026-07-28 15:13:00,ccf-aiops-武汉,cr-2,cr,ipv6_route_nexthop_info,"prefix=""fd00:3:40::/64"",next_hop=""fe80::5:20:1"",dev=""ens4"",protocol=""ospf"",metric=""20"",route_index=""0"",nh_index=""0""",1
2026-07-28 15:13:00,ccf-aiops-武汉,cr-2,cr,ipv6_route_nexthop_info,"prefix=""fd00:1:40::/64"",next_hop=""fe80::5:20:1"",dev=""ens4"",protocol=""ospf"",metric=""20"",route_index=""0"",nh_index=""0""",1
2026-07-28 15:13:00,ccf-aiops-武汉,cr-2,cr,ipv6_route_nexthop_info,"prefix=""fd00:2:40::/64"",next_hop=""fe80::5:20:2"",dev=""ens4"",protocol=""ospf"",metric=""20"",route_index=""0"",nh_index=""1""",1
2026-07-28 15:13:00,ccf-aiops-武汉,cr-2,cr,ipv6_route_nexthop_info,"prefix=""fd00:1:40::/64"",next_hop=""fe80::5:20:2"",dev=""ens4"",protocol=""ospf"",metric=""20"",route_index=""0"",nh_index=""1""",1
2026-07-28 15:13:00,ccf-aiops-武汉,cr-2,cr,ipv6_route_nexthop_info,"prefix=""fd00:8:40::/64"",next_hop=""fe80::5:20:1"",dev=""ens4"",protocol=""ospf"",metric=""20"",route_index=""0"",nh_index=""0""",1
2026-07-28 15:13:00,ccf-aiops-武汉,cr-2,cr,ipv6_route_nexthop_info,"prefix=""fd00:7:40::/64"",next_hop=""fe80::5:20:1"",dev=""ens4"",protocol=""ospf"",metric=""20"",route_index=""0"",nh_index=""0""",1
2026-07-28 15:13:00,ccf-aiops-武汉,cr-2,cr,ipv6_route_nexthop_info,"prefix=""fd00:6:40::/64"",next_hop=""fe80::5:20:1"",dev=""ens4"",protocol=""ospf"",metric=""20"",route_index=""0"",nh_index=""0""",1
2026-07-28 15:13:00,ccf-aiops-武汉,cr-2,cr,ipv6_route_nexthop_info,"prefix=""fd00:4:40::/64"",next_hop=""fe80::5:20:1"",dev=""ens4"",protocol=""ospf"",metric=""20"",route_index=""0"",nh_index=""0""",1
2026-07-28 15:13:00,ccf-aiops-武汉,cr-2,cr,ipv6_route_nexthop_info,"prefix=""::/0"",next_hop=""fd00:5:20::1"",dev=""ens4"",protocol=""196"",metric=""20"",route_index=""0"",nh_index=""0""",1
2026-07-28 15:13:00,ccf-aiops-武汉,cr-2,cr,ipv6_route_nexthop_info,"prefix=""fd00:2:40::/64"",next_hop=""fe80::5:20:1"",dev=""ens4"",protocol=""ospf"",metric=""20"",route_index=""0"",nh_index=""0""",1
2026-07-28 15:13:00,ccf-aiops-武汉,cr-2,cr,ipv6_route_nexthop_info,"prefix=""::/0"",next_hop=""fd00:5:20::2"",dev=""ens4"",protocol=""196"",metric=""20"",route_index=""0"",nh_index=""1""",1
2026-07-28 15:13:00,ccf-aiops-武汉,cr-2,cr,ipv6_route_nexthop_info,"prefix=""fd00:3:40::/64"",next_hop=""fe80::5:20:2"",dev=""ens4"",protocol=""ospf"",metric=""20"",route_index=""0"",nh_index=""1""",1
2026-07-28 15:13:00,ccf-aiops-武汉,cr-2,cr,ipv6_route_nexthop_info,"prefix=""fd00:4:40::/64"",next_hop=""fe80::5:20:2"",dev=""ens4"",protocol=""ospf"",metric=""20"",route_index=""0"",nh_index=""1""",1
2026-07-28 15:13:00,ccf-aiops-武汉,cr-2,cr,ipv6_route_nexthop_info,"prefix=""fd00:6:40::/64"",next_hop=""fe80::5:20:2"",dev=""ens4"",protocol=""ospf"",metric=""20"",route_index=""0"",nh_index=""1""",1
2026-07-28 15:13:00,ccf-aiops-武汉,cr-2,cr,ipv6_route_nexthop_info,"prefix=""fd00:7:40::/64"",next_hop=""fe80::5:20:2"",dev=""ens4"",protocol=""ospf"",metric=""20"",route_index=""0"",nh_index=""1""",1
2026-07-28 15:13:00,ccf-aiops-武汉,cr-2,cr,ipv6_route_nexthop_info,"prefix=""fd00:8:40::/64"",next_hop=""fe80::5:20:2"",dev=""ens4"",protocol=""ospf"",metric=""20"",route_index=""0"",nh_index=""1""",1
2026-07-28 15:13:00,ccf-aiops-武汉,cr-2,cr,ipv6_route_nexthop_info,"prefix=""fd00:5:40::/64"",next_hop=""fd00:5:30::254"",dev=""ens5"",protocol=""196"",metric=""20"",route_index=""0"",nh_index=""0""",1
2026-07-28 15:13:00,ccf-aiops-武汉,cr-2,cr,ospf6_interface_cost,"interface=""ens4""",1
2026-07-28 15:13:00,ccf-aiops-武汉,cr-2,cr,ospf6_interface_cost,"interface=""ens5""",1
2026-07-28 15:13:00,ccf-aiops-武汉,cr-2,cr,ospf6_interface_enabled,"interface=""virbr0""",0
2026-07-28 15:13:00,ccf-aiops-武汉,cr-2,cr,ospf6_interface_enabled,"interface=""ens10""",1
2026-07-28 15:13:00,ccf-aiops-武汉,cr-2,cr,ospf6_interface_enabled,"interface=""ens11""",1
2026-07-28 15:13:00,ccf-aiops-武汉,cr-2,cr,ospf6_interface_enabled,"interface=""ens12""",1
2026-07-28 15:13:00,ccf-aiops-武汉,cr-2,cr,ospf6_interface_enabled,"interface=""ens3""",1
2026-07-28 15:13:00,ccf-aiops-武汉,cr-2,cr,ospf6_interface_enabled,"interface=""ens4""",1
2026-07-28 15:13:00,ccf-aiops-武汉,cr-2,cr,ospf6_interface_enabled,"interface=""ens5""",1
2026-07-28 15:13:00,ccf-aiops-武汉,cr-2,cr,ospf6_interface_enabled,"interface=""ens6""",1
2026-07-28 15:13:00,ccf-aiops-武汉,cr-2,cr,ospf6_interface_enabled,"interface=""ens7""",1
2026-07-28 15:13:00,ccf-aiops-武汉,cr-2,cr,ospf6_interface_enabled,"interface=""ens8""",1
2026-07-28 15:13:00,ccf-aiops-武汉,cr-2,cr,ospf6_interface_enabled,"interface=""ens9""",1
2026-07-28 15:13:00,ccf-aiops-武汉,cr-2,cr,ospf6_interface_enabled,"interface=""lo""",1
2026-07-28 15:13:00,ccf-aiops-武汉,cr-2,cr,ospf6_neighbor_state_code,"state=""Full"",interface=""ens4"",neighbor_id=""5.5.5.1""",6
2026-07-28 15:13:00,ccf-aiops-武汉,cr-2,cr,ospf6_neighbor_state_code,"state=""Full"",interface=""ens4"",neighbor_id=""5.5.5.11""",6
2026-07-28 15:13:00,ccf-aiops-武汉,cr-2,cr,ospf6_neighbor_state_code,"state=""Full"",interface=""ens4"",neighbor_id=""5.5.5.2""",6
2026-07-28 15:13:00,ccf-aiops-武汉,cr-2,cr,ospf6_neighbor_state_code,"state=""Full"",interface=""ens5"",neighbor_id=""5.5.5.11""",6
2026-07-28 15:13:00,ccf-aiops-武汉,cr-2,cr,bgp_command_success,,
2026-07-28 15:13:00,ccf-aiops-武汉,cr-2,cr,bgp_peer_up,,
2026-07-28 15:13:00,ccf-aiops-武汉,cr-2,cr,bgp_peer_uptime_seconds,,
2026-07-28 15:13:00,ccf-aiops-武汉,cr-2,cr,bgp_peer_prefix_received,,
2026-07-28 15:13:00,ccf-aiops-武汉,cr-2,cr,bgp_peer_prefix_sent,,
2026-07-28 15:13:00,ccf-aiops-武汉,cr-2,cr,bgp_peer_count,,
2026-07-28 15:14:00,ccf-aiops-武汉,br-1,br,bgp_command_success,"command=""bgp_summary""",1
2026-07-28 15:14:00,ccf-aiops-武汉,br-1,br,bgp_peer_count,,6
2026-07-28 15:14:00,ccf-aiops-武汉,br-1,br,bgp_peer_prefix_received,"peer=""fd00:100:10::71"",remote_as=""65008"",state=""Established""",4
2026-07-28 15:14:00,ccf-aiops-武汉,br-1,br,bgp_peer_prefix_received,"peer=""fd00:100:10::61"",remote_as=""65007"",state=""Established""",4
2026-07-28 15:14:00,ccf-aiops-武汉,br-1,br,bgp_peer_prefix_received,"peer=""fd00:100:10::51"",remote_as=""65006"",state=""Established""",5
2026-07-28 15:14:00,ccf-aiops-武汉,br-1,br,bgp_peer_prefix_received,"peer=""fd00:100:10::31"",remote_as=""65004"",state=""Established""",2
2026-07-28 15:14:00,ccf-aiops-武汉,br-1,br,bgp_peer_prefix_received,"peer=""fd00:100:10::1"",remote_as=""65001"",state=""Established""",5
2026-07-28 15:14:00,ccf-aiops-武汉,br-1,br,bgp_peer_prefix_received,"peer=""fd00:100:10::21"",remote_as=""65003"",state=""Established""",4
2026-07-28 15:14:00,ccf-aiops-武汉,br-1,br,bgp_peer_prefix_sent,"peer=""fd00:100:10::71"",remote_as=""65008"",state=""Established""",8
2026-07-28 15:14:00,ccf-aiops-武汉,br-1,br,bgp_peer_prefix_sent,"peer=""fd00:100:10::61"",remote_as=""65007"",state=""Established""",8
2026-07-28 15:14:00,ccf-aiops-武汉,br-1,br,bgp_peer_prefix_sent,"peer=""fd00:100:10::1"",remote_as=""65001"",state=""Established""",8
2026-07-28 15:14:00,ccf-aiops-武汉,br-1,br,bgp_peer_prefix_sent,"peer=""fd00:100:10::21"",remote_as=""65003"",state=""Established""",8
2026-07-28 15:14:00,ccf-aiops-武汉,br-1,br,bgp_peer_prefix_sent,"peer=""fd00:100:10::31"",remote_as=""65004"",state=""Established""",8
2026-07-28 15:14:00,ccf-aiops-武汉,br-1,br,bgp_peer_prefix_sent,"peer=""fd00:100:10::51"",remote_as=""65006"",state=""Established""",8
2026-07-28 15:14:00,ccf-aiops-武汉,br-1,br,bgp_peer_up,"peer=""fd00:100:10::1"",remote_as=""65001"",state=""Established""",1
2026-07-28 15:14:00,ccf-aiops-武汉,br-1,br,bgp_peer_up,"peer=""fd00:100:10::71"",remote_as=""65008"",state=""Established""",1
2026-07-28 15:14:00,ccf-aiops-武汉,br-1,br,bgp_peer_up,"peer=""fd00:100:10::61"",remote_as=""65007"",state=""Established""",1
2026-07-28 15:14:00,ccf-aiops-武汉,br-1,br,bgp_peer_up,"peer=""fd00:100:10::51"",remote_as=""65006"",state=""Established""",1
2026-07-28 15:14:00,ccf-aiops-武汉,br-1,br,bgp_peer_up,"peer=""fd00:100:10::31"",remote_as=""65004"",state=""Established""",1
2026-07-28 15:14:00,ccf-aiops-武汉,br-1,br,bgp_peer_up,"peer=""fd00:100:10::21"",remote_as=""65003"",state=""Established""",1
2026-07-28 15:14:00,ccf-aiops-武汉,br-1,br,bgp_peer_uptime_seconds,"peer=""fd00:100:10::71"",remote_as=""65008"",state=""Established""",2422071
2026-07-28 15:14:00,ccf-aiops-武汉,br-1,br,bgp_peer_uptime_seconds,"peer=""fd00:100:10::61"",remote_as=""65007"",state=""Established""",2422196
2026-07-28 15:14:00,ccf-aiops-武汉,br-1,br,bgp_peer_uptime_seconds,"peer=""fd00:100:10::51"",remote_as=""65006"",state=""Established""",2422304
2026-07-28 15:14:00,ccf-aiops-武汉,br-1,br,bgp_peer_uptime_seconds,"peer=""fd00:100:10::31"",remote_as=""65004"",state=""Established""",2422392
2026-07-28 15:14:00,ccf-aiops-武汉,br-1,br,bgp_peer_uptime_seconds,"peer=""fd00:100:10::21"",remote_as=""65003"",state=""Established""",1735030
2026-07-28 15:14:00,ccf-aiops-武汉,br-1,br,bgp_peer_uptime_seconds,"peer=""fd00:100:10::1"",remote_as=""65001"",state=""Established""",2422392
2026-07-28 15:14:00,ccf-aiops-武汉,br-1,br,ipv6_default_route_changed_total,,0
2026-07-28 15:14:00,ccf-aiops-武汉,br-1,br,ipv6_default_route_info,"next_hop=""240a:a023::1"",dev=""ens4"",protocol=""unknown"",metric=""1024"",route_index=""0"",nh_index=""0""",1
2026-07-28 15:14:00,ccf-aiops-武汉,br-1,br,ipv6_route_change_total,"prefix=""fd00:7:40::/64""",8
2026-07-28 15:14:00,ccf-aiops-武汉,br-1,br,ipv6_route_change_total,"prefix=""::/0""",0
2026-07-28 15:14:00,ccf-aiops-武汉,br-1,br,ipv6_route_change_total,"prefix=""fd00:1:40::/64""",0
2026-07-28 15:14:00,ccf-aiops-武汉,br-1,br,ipv6_route_change_total,"prefix=""fd00:2:40::/64""",2
2026-07-28 15:14:00,ccf-aiops-武汉,br-1,br,ipv6_route_change_total,"prefix=""fd00:3:40::/64""",0
2026-07-28 15:14:00,ccf-aiops-武汉,br-1,br,ipv6_route_change_total,"prefix=""fd00:4:40::/64""",0
2026-07-28 15:14:00,ccf-aiops-武汉,br-1,br,ipv6_route_change_total,"prefix=""fd00:5:40::/64""",0
2026-07-28 15:14:00,ccf-aiops-武汉,br-1,br,ipv6_route_change_total,"prefix=""fd00:6:40::/64""",0
2026-07-28 15:14:00,ccf-aiops-武汉,br-1,br,ipv6_route_change_total,"prefix=""fd00:8:40::/64""",0
2026-07-28 15:14:00,ccf-aiops-武汉,br-1,br,ipv6_route_count,"protocol=""all""",17
2026-07-28 15:14:00,ccf-aiops-武汉,br-1,br,ipv6_route_count,"protocol=""bgp""",7
2026-07-28 15:14:00,ccf-aiops-武汉,br-1,br,ipv6_route_count,"protocol=""kernel""",7
2026-07-28 15:14:00,ccf-aiops-武汉,br-1,br,ipv6_route_count,"protocol=""ospf""",2
2026-07-28 15:14:00,ccf-aiops-武汉,br-1,br,ipv6_route_count,"protocol=""unknown""",1
2026-07-28 15:14:00,ccf-aiops-武汉,br-1,br,ipv6_route_exists,"prefix=""fd00:1:40::/64""",1
2026-07-28 15:14:00,ccf-aiops-武汉,br-1,br,ipv6_route_exists,"prefix=""fd00:7:40::/64""",1
2026-07-28 15:14:00,ccf-aiops-武汉,br-1,br,ipv6_route_exists,"prefix=""fd00:8:40::/64""",1
2026-07-28 15:14:00,ccf-aiops-武汉,br-1,br,ipv6_route_exists,"prefix=""fd00:6:40::/64""",1
2026-07-28 15:14:00,ccf-aiops-武汉,br-1,br,ipv6_route_exists,"prefix=""fd00:5:40::/64""",1
2026-07-28 15:14:00,ccf-aiops-武汉,br-1,br,ipv6_route_exists,"prefix=""fd00:4:40::/64""",1
2026-07-28 15:14:00,ccf-aiops-武汉,br-1,br,ipv6_route_exists,"prefix=""fd00:3:40::/64""",1
2026-07-28 15:14:00,ccf-aiops-武汉,br-1,br,ipv6_route_exists,"prefix=""::/0""",1
2026-07-28 15:14:00,ccf-aiops-武汉,br-1,br,ipv6_route_exists,"prefix=""fd00:2:40::/64""",1
2026-07-28 15:14:00,ccf-aiops-武汉,br-1,br,ipv6_route_nexthop_info,"prefix=""::/0"",next_hop=""240a:a023::1"",dev=""ens4"",protocol=""unknown"",metric=""1024"",route_index=""0"",nh_index=""0""",1
2026-07-28 15:14:00,ccf-aiops-武汉,br-1,br,ipv6_route_nexthop_info,"prefix=""fd00:1:40::/64"",next_hop=""fe80::100:10:1"",dev=""ens4"",protocol=""bgp"",metric=""20"",route_index=""0"",nh_index=""0""",1
2026-07-28 15:14:00,ccf-aiops-武汉,br-1,br,ipv6_route_nexthop_info,"prefix=""fd00:2:40::/64"",next_hop=""fe80::100:10:1"",dev=""ens4"",protocol=""bgp"",metric=""20"",route_index=""0"",nh_index=""0""",1
2026-07-28 15:14:00,ccf-aiops-武汉,br-1,br,ipv6_route_nexthop_info,"prefix=""fd00:3:40::/64"",next_hop=""fe80::100:10:21"",dev=""ens4"",protocol=""bgp"",metric=""20"",route_index=""0"",nh_index=""0""",1
2026-07-28 15:14:00,ccf-aiops-武汉,br-1,br,ipv6_route_nexthop_info,"prefix=""fd00:4:40::/64"",next_hop=""fe80::100:10:31"",dev=""ens4"",protocol=""bgp"",metric=""20"",route_index=""0"",nh_index=""0""",1
2026-07-28 15:14:00,ccf-aiops-武汉,br-1,br,ipv6_route_nexthop_info,"prefix=""fd00:6:40::/64"",next_hop=""fe80::100:10:51"",dev=""ens4"",protocol=""bgp"",metric=""20"",route_index=""0"",nh_index=""0""",1
2026-07-28 15:14:00,ccf-aiops-武汉,br-1,br,ipv6_route_nexthop_info,"prefix=""fd00:7:40::/64"",next_hop=""fe80::100:10:61"",dev=""ens4"",protocol=""bgp"",metric=""20"",route_index=""0"",nh_index=""0""",1
2026-07-28 15:14:00,ccf-aiops-武汉,br-1,br,ipv6_route_nexthop_info,"prefix=""fd00:8:40::/64"",next_hop=""fe80::100:10:71"",dev=""ens4"",protocol=""bgp"",metric=""20"",route_index=""0"",nh_index=""0""",1
2026-07-28 15:14:00,ccf-aiops-武汉,br-1,br,ipv6_route_nexthop_info,"prefix=""fd00:5:40::/64"",next_hop=""fe80::5:20:11"",dev=""ens5"",protocol=""ospf"",metric=""20"",route_index=""0"",nh_index=""0""",1
2026-07-28 15:14:00,ccf-aiops-武汉,br-1,br,ipv6_route_nexthop_info,"prefix=""fd00:5:40::/64"",next_hop=""fe80::5:20:12"",dev=""ens5"",protocol=""ospf"",metric=""20"",route_index=""0"",nh_index=""1""",1
2026-07-28 15:14:00,ccf-aiops-武汉,br-1,br,ospf6_interface_cost,"interface=""ens5""",1
2026-07-28 15:14:00,ccf-aiops-武汉,br-1,br,ospf6_interface_enabled,"interface=""ens11""",1
2026-07-28 15:14:00,ccf-aiops-武汉,br-1,br,ospf6_interface_enabled,"interface=""ens10""",1
2026-07-28 15:14:00,ccf-aiops-武汉,br-1,br,ospf6_interface_enabled,"interface=""ens12""",1
2026-07-28 15:14:00,ccf-aiops-武汉,br-1,br,ospf6_interface_enabled,"interface=""ens3""",1
2026-07-28 15:14:00,ccf-aiops-武汉,br-1,br,ospf6_interface_enabled,"interface=""ens4""",1
2026-07-28 15:14:00,ccf-aiops-武汉,br-1,br,ospf6_interface_enabled,"interface=""ens5""",1
2026-07-28 15:14:00,ccf-aiops-武汉,br-1,br,ospf6_interface_enabled,"interface=""ens6""",1
2026-07-28 15:14:00,ccf-aiops-武汉,br-1,br,ospf6_interface_enabled,"interface=""ens7""",1
2026-07-28 15:14:00,ccf-aiops-武汉,br-1,br,ospf6_interface_enabled,"interface=""ens8""",1
2026-07-28 15:14:00,ccf-aiops-武汉,br-1,br,ospf6_interface_enabled,"interface=""ens9""",1
2026-07-28 15:14:00,ccf-aiops-武汉,br-1,br,ospf6_interface_enabled,"interface=""lo""",1
2026-07-28 15:14:00,ccf-aiops-武汉,br-1,br,ospf6_interface_enabled,"interface=""virbr0""",0
2026-07-28 15:14:00,ccf-aiops-武汉,br-1,br,ospf6_neighbor_state_code,"state=""Full"",interface=""ens5"",neighbor_id=""5.5.5.11""",6
2026-07-28 15:14:00,ccf-aiops-武汉,br-1,br,ospf6_neighbor_state_code,"state=""Twoway"",interface=""ens5"",neighbor_id=""5.5.5.2""",2
2026-07-28 15:14:00,ccf-aiops-武汉,br-1,br,ospf6_neighbor_state_code,"state=""Full"",interface=""ens5"",neighbor_id=""5.5.5.12""",6
2026-07-28 15:14:00,ccf-aiops-武汉,br-2,br,bgp_command_success,"command=""bgp_summary""",1
2026-07-28 15:14:00,ccf-aiops-武汉,br-2,br,bgp_peer_count,,6
2026-07-28 15:14:00,ccf-aiops-武汉,br-2,br,bgp_peer_prefix_received,"peer=""fd00:100:10::22"",remote_as=""65003"",state=""Established""",5
2026-07-28 15:14:00,ccf-aiops-武汉,br-2,br,bgp_peer_prefix_received,"peer=""fd00:100:10::72"",remote_as=""65008"",state=""Established""",3
2026-07-28 15:14:00,ccf-aiops-武汉,br-2,br,bgp_peer_prefix_received,"peer=""fd00:100:10::62"",remote_as=""65007"",state=""Established""",4
2026-07-28 15:14:00,ccf-aiops-武汉,br-2,br,bgp_peer_prefix_received,"peer=""fd00:100:10::52"",remote_as=""65006"",state=""Established""",6
2026-07-28 15:14:00,ccf-aiops-武汉,br-2,br,bgp_peer_prefix_received,"peer=""fd00:100:10::32"",remote_as=""65004"",state=""Established""",3
2026-07-28 15:14:00,ccf-aiops-武汉,br-2,br,bgp_peer_prefix_received,"peer=""fd00:100:10::2"",remote_as=""65001"",state=""Established""",4
2026-07-28 15:14:00,ccf-aiops-武汉,br-2,br,bgp_peer_prefix_sent,"peer=""fd00:100:10::2"",remote_as=""65001"",state=""Established""",8
2026-07-28 15:14:00,ccf-aiops-武汉,br-2,br,bgp_peer_prefix_sent,"peer=""fd00:100:10::22"",remote_as=""65003"",state=""Established""",8
2026-07-28 15:14:00,ccf-aiops-武汉,br-2,br,bgp_peer_prefix_sent,"peer=""fd00:100:10::32"",remote_as=""65004"",state=""Established""",8
2026-07-28 15:14:00,ccf-aiops-武汉,br-2,br,bgp_peer_prefix_sent,"peer=""fd00:100:10::52"",remote_as=""65006"",state=""Established""",8
2026-07-28 15:14:00,ccf-aiops-武汉,br-2,br,bgp_peer_prefix_sent,"peer=""fd00:100:10::62"",remote_as=""65007"",state=""Established""",8
2026-07-28 15:14:00,ccf-aiops-武汉,br-2,br,bgp_peer_prefix_sent,"peer=""fd00:100:10::72"",remote_as=""65008"",state=""Established""",8
2026-07-28 15:14:00,ccf-aiops-武汉,br-2,br,bgp_peer_up,"peer=""fd00:100:10::22"",remote_as=""65003"",state=""Established""",1
2026-07-28 15:14:00,ccf-aiops-武汉,br-2,br,bgp_peer_up,"peer=""fd00:100:10::2"",remote_as=""65001"",state=""Established""",1
2026-07-28 15:14:00,ccf-aiops-武汉,br-2,br,bgp_peer_up,"peer=""fd00:100:10::72"",remote_as=""65008"",state=""Established""",1
2026-07-28 15:14:00,ccf-aiops-武汉,br-2,br,bgp_peer_up,"peer=""fd00:100:10::62"",remote_as=""65007"",state=""Established""",1
2026-07-28 15:14:00,ccf-aiops-武汉,br-2,br,bgp_peer_up,"peer=""fd00:100:10::52"",remote_as=""65006"",state=""Established""",1
2026-07-28 15:14:00,ccf-aiops-武汉,br-2,br,bgp_peer_up,"peer=""fd00:100:10::32"",remote_as=""65004"",state=""Established""",1
2026-07-28 15:14:00,ccf-aiops-武汉,br-2,br,bgp_peer_uptime_seconds,"peer=""fd00:100:10::32"",remote_as=""65004"",state=""Established""",2422374
2026-07-28 15:14:00,ccf-aiops-武汉,br-2,br,bgp_peer_uptime_seconds,"peer=""fd00:100:10::52"",remote_as=""65006"",state=""Established""",2422281
2026-07-28 15:14:00,ccf-aiops-武汉,br-2,br,bgp_peer_uptime_seconds,"peer=""fd00:100:10::72"",remote_as=""65008"",state=""Established""",2422053
2026-07-28 15:14:00,ccf-aiops-武汉,br-2,br,bgp_peer_uptime_seconds,"peer=""fd00:100:10::62"",remote_as=""65007"",state=""Established""",2422170
2026-07-28 15:14:00,ccf-aiops-武汉,br-2,br,bgp_peer_uptime_seconds,"peer=""fd00:100:10::2"",remote_as=""65001"",state=""Established""",2422374
2026-07-28 15:14:00,ccf-aiops-武汉,br-2,br,bgp_peer_uptime_seconds,"peer=""fd00:100:10::22"",remote_as=""65003"",state=""Established""",704765
2026-07-28 15:14:00,ccf-aiops-武汉,br-2,br,ipv6_default_route_changed_total,,0
2026-07-28 15:14:00,ccf-aiops-武汉,br-2,br,ipv6_default_route_info,"next_hop=""240a:a023::1"",dev=""ens4"",protocol=""unknown"",metric=""1024"",route_index=""0"",nh_index=""0""",1
2026-07-28 15:14:00,ccf-aiops-武汉,br-2,br,ipv6_route_change_total,"prefix=""fd00:7:40::/64""",4
2026-07-28 15:14:00,ccf-aiops-武汉,br-2,br,ipv6_route_change_total,"prefix=""fd00:5:40::/64""",0
2026-07-28 15:14:00,ccf-aiops-武汉,br-2,br,ipv6_route_change_total,"prefix=""fd00:8:40::/64""",0
2026-07-28 15:14:00,ccf-aiops-武汉,br-2,br,ipv6_route_change_total,"prefix=""fd00:6:40::/64""",0
2026-07-28 15:14:00,ccf-aiops-武汉,br-2,br,ipv6_route_change_total,"prefix=""::/0""",0
2026-07-28 15:14:00,ccf-aiops-武汉,br-2,br,ipv6_route_change_total,"prefix=""fd00:1:40::/64""",0
2026-07-28 15:14:00,ccf-aiops-武汉,br-2,br,ipv6_route_change_total,"prefix=""fd00:2:40::/64""",2
2026-07-28 15:14:00,ccf-aiops-武汉,br-2,br,ipv6_route_change_total,"prefix=""fd00:3:40::/64""",0
2026-07-28 15:14:00,ccf-aiops-武汉,br-2,br,ipv6_route_change_total,"prefix=""fd00:4:40::/64""",0
2026-07-28 15:14:00,ccf-aiops-武汉,br-2,br,ipv6_route_count,"protocol=""ospf""",2
2026-07-28 15:14:00,ccf-aiops-武汉,br-2,br,ipv6_route_count,"protocol=""all""",17
2026-07-28 15:14:00,ccf-aiops-武汉,br-2,br,ipv6_route_count,"protocol=""bgp""",7
2026-07-28 15:14:00,ccf-aiops-武汉,br-2,br,ipv6_route_count,"protocol=""kernel""",7
2026-07-28 15:14:00,ccf-aiops-武汉,br-2,br,ipv6_route_count,"protocol=""unknown""",1
2026-07-28 15:14:00,ccf-aiops-武汉,br-2,br,ipv6_route_exists,"prefix=""fd00:3:40::/64""",1
2026-07-28 15:14:00,ccf-aiops-武汉,br-2,br,ipv6_route_exists,"prefix=""fd00:5:40::/64""",1
2026-07-28 15:14:00,ccf-aiops-武汉,br-2,br,ipv6_route_exists,"prefix=""fd00:6:40::/64""",1
2026-07-28 15:14:00,ccf-aiops-武汉,br-2,br,ipv6_route_exists,"prefix=""fd00:7:40::/64""",1
2026-07-28 15:14:00,ccf-aiops-武汉,br-2,br,ipv6_route_exists,"prefix=""fd00:8:40::/64""",1
2026-07-28 15:14:00,ccf-aiops-武汉,br-2,br,ipv6_route_exists,"prefix=""fd00:4:40::/64""",1
2026-07-28 15:14:00,ccf-aiops-武汉,br-2,br,ipv6_route_exists,"prefix=""fd00:2:40::/64""",1
2026-07-28 15:14:00,ccf-aiops-武汉,br-2,br,ipv6_route_exists,"prefix=""::/0""",1
2026-07-28 15:14:00,ccf-aiops-武汉,br-2,br,ipv6_route_exists,"prefix=""fd00:1:40::/64""",1
2026-07-28 15:14:00,ccf-aiops-武汉,br-2,br,ipv6_route_nexthop_info,"prefix=""fd00:3:40::/64"",next_hop=""fe80::100:10:22"",dev=""ens4"",protocol=""bgp"",metric=""20"",route_index=""0"",nh_index=""0""",1
2026-07-28 15:14:00,ccf-aiops-武汉,br-2,br,ipv6_route_nexthop_info,"prefix=""::/0"",next_hop=""240a:a023::1"",dev=""ens4"",protocol=""unknown"",metric=""1024"",route_index=""0"",nh_index=""0""",1
2026-07-28 15:14:00,ccf-aiops-武汉,br-2,br,ipv6_route_nexthop_info,"prefix=""fd00:1:40::/64"",next_hop=""fe80::100:10:2"",dev=""ens4"",protocol=""bgp"",metric=""20"",route_index=""0"",nh_index=""0""",1
2026-07-28 15:14:00,ccf-aiops-武汉,br-2,br,ipv6_route_nexthop_info,"prefix=""fd00:2:40::/64"",next_hop=""fe80::100:10:2"",dev=""ens4"",protocol=""bgp"",metric=""20"",route_index=""0"",nh_index=""0""",1
2026-07-28 15:14:00,ccf-aiops-武汉,br-2,br,ipv6_route_nexthop_info,"prefix=""fd00:4:40::/64"",next_hop=""fe80::100:10:32"",dev=""ens4"",protocol=""bgp"",metric=""20"",route_index=""0"",nh_index=""0""",1
2026-07-28 15:14:00,ccf-aiops-武汉,br-2,br,ipv6_route_nexthop_info,"prefix=""fd00:6:40::/64"",next_hop=""fe80::100:10:52"",dev=""ens4"",protocol=""bgp"",metric=""20"",route_index=""0"",nh_index=""0""",1
2026-07-28 15:14:00,ccf-aiops-武汉,br-2,br,ipv6_route_nexthop_info,"prefix=""fd00:7:40::/64"",next_hop=""fe80::100:10:62"",dev=""ens4"",protocol=""bgp"",metric=""20"",route_index=""0"",nh_index=""0""",1
2026-07-28 15:14:00,ccf-aiops-武汉,br-2,br,ipv6_route_nexthop_info,"prefix=""fd00:8:40::/64"",next_hop=""fe80::100:10:72"",dev=""ens4"",protocol=""bgp"",metric=""20"",route_index=""0"",nh_index=""0""",1
2026-07-28 15:14:00,ccf-aiops-武汉,br-2,br,ipv6_route_nexthop_info,"prefix=""fd00:5:40::/64"",next_hop=""fe80::5:20:12"",dev=""ens5"",protocol=""ospf"",metric=""20"",route_index=""0"",nh_index=""1""",1
2026-07-28 15:14:00,ccf-aiops-武汉,br-2,br,ipv6_route_nexthop_info,"prefix=""fd00:5:40::/64"",next_hop=""fe80::5:20:11"",dev=""ens5"",protocol=""ospf"",metric=""20"",route_index=""0"",nh_index=""0""",1
2026-07-28 15:14:00,ccf-aiops-武汉,br-2,br,ospf6_interface_cost,"interface=""ens5""",1
2026-07-28 15:14:00,ccf-aiops-武汉,br-2,br,ospf6_interface_enabled,"interface=""lo""",1
2026-07-28 15:14:00,ccf-aiops-武汉,br-2,br,ospf6_interface_enabled,"interface=""virbr0""",0
2026-07-28 15:14:00,ccf-aiops-武汉,br-2,br,ospf6_interface_enabled,"interface=""ens9""",1
2026-07-28 15:14:00,ccf-aiops-武汉,br-2,br,ospf6_interface_enabled,"interface=""ens10""",1
2026-07-28 15:14:00,ccf-aiops-武汉,br-2,br,ospf6_interface_enabled,"interface=""ens11""",1
2026-07-28 15:14:00,ccf-aiops-武汉,br-2,br,ospf6_interface_enabled,"interface=""ens12""",1
2026-07-28 15:14:00,ccf-aiops-武汉,br-2,br,ospf6_interface_enabled,"interface=""ens4""",1
2026-07-28 15:14:00,ccf-aiops-武汉,br-2,br,ospf6_interface_enabled,"interface=""ens7""",1
2026-07-28 15:14:00,ccf-aiops-武汉,br-2,br,ospf6_interface_enabled,"interface=""ens8""",1
2026-07-28 15:14:00,ccf-aiops-武汉,br-2,br,ospf6_interface_enabled,"interface=""ens3""",1
2026-07-28 15:14:00,ccf-aiops-武汉,br-2,br,ospf6_interface_enabled,"interface=""ens6""",1
2026-07-28 15:14:00,ccf-aiops-武汉,br-2,br,ospf6_interface_enabled,"interface=""ens5""",1
2026-07-28 15:14:00,ccf-aiops-武汉,br-2,br,ospf6_neighbor_state_code,"state=""Twoway"",interface=""ens5"",neighbor_id=""5.5.5.1""",2
2026-07-28 15:14:00,ccf-aiops-武汉,br-2,br,ospf6_neighbor_state_code,"state=""Full"",interface=""ens5"",neighbor_id=""5.5.5.11""",6
2026-07-28 15:14:00,ccf-aiops-武汉,br-2,br,ospf6_neighbor_state_code,"state=""Full"",interface=""ens5"",neighbor_id=""5.5.5.12""",6
2026-07-28 15:14:00,ccf-aiops-武汉,cr-1,cr,ipv6_default_route_changed_total,,0
2026-07-28 15:14:00,ccf-aiops-武汉,cr-1,cr,ipv6_default_route_info,"next_hop=""fd00:5:20::2"",dev=""ens4"",protocol=""196"",metric=""20"",route_index=""0"",nh_index=""1""",1
2026-07-28 15:14:00,ccf-aiops-武汉,cr-1,cr,ipv6_default_route_info,"next_hop=""fd00:5:20::1"",dev=""ens4"",protocol=""196"",metric=""20"",route_index=""0"",nh_index=""0""",1
2026-07-28 15:14:00,ccf-aiops-武汉,cr-1,cr,ipv6_route_change_total,"prefix=""fd00:4:40::/64""",0
2026-07-28 15:14:00,ccf-aiops-武汉,cr-1,cr,ipv6_route_change_total,"prefix=""fd00:6:40::/64""",0
2026-07-28 15:14:00,ccf-aiops-武汉,cr-1,cr,ipv6_route_change_total,"prefix=""fd00:7:40::/64""",0
2026-07-28 15:14:00,ccf-aiops-武汉,cr-1,cr,ipv6_route_change_total,"prefix=""::/0""",0
2026-07-28 15:14:00,ccf-aiops-武汉,cr-1,cr,ipv6_route_change_total,"prefix=""fd00:5:40::/64""",0
2026-07-28 15:14:00,ccf-aiops-武汉,cr-1,cr,ipv6_route_change_total,"prefix=""fd00:1:40::/64""",0
2026-07-28 15:14:00,ccf-aiops-武汉,cr-1,cr,ipv6_route_change_total,"prefix=""fd00:3:40::/64""",0
2026-07-28 15:14:00,ccf-aiops-武汉,cr-1,cr,ipv6_route_change_total,"prefix=""fd00:8:40::/64""",0
2026-07-28 15:14:00,ccf-aiops-武汉,cr-1,cr,ipv6_route_change_total,"prefix=""fd00:2:40::/64""",0
2026-07-28 15:14:00,ccf-aiops-武汉,cr-1,cr,ipv6_route_count,"protocol=""kernel""",6
2026-07-28 15:14:00,ccf-aiops-武汉,cr-1,cr,ipv6_route_count,"protocol=""ospf""",7
2026-07-28 15:14:00,ccf-aiops-武汉,cr-1,cr,ipv6_route_count,"protocol=""all""",15
2026-07-28 15:14:00,ccf-aiops-武汉,cr-1,cr,ipv6_route_count,"protocol=""196""",2
2026-07-28 15:14:00,ccf-aiops-武汉,cr-1,cr,ipv6_route_exists,"prefix=""fd00:1:40::/64""",1
2026-07-28 15:14:00,ccf-aiops-武汉,cr-1,cr,ipv6_route_exists,"prefix=""::/0""",1
2026-07-28 15:14:00,ccf-aiops-武汉,cr-1,cr,ipv6_route_exists,"prefix=""fd00:2:40::/64""",1
2026-07-28 15:14:00,ccf-aiops-武汉,cr-1,cr,ipv6_route_exists,"prefix=""fd00:3:40::/64""",1
2026-07-28 15:14:00,ccf-aiops-武汉,cr-1,cr,ipv6_route_exists,"prefix=""fd00:4:40::/64""",1
2026-07-28 15:14:00,ccf-aiops-武汉,cr-1,cr,ipv6_route_exists,"prefix=""fd00:5:40::/64""",1
2026-07-28 15:14:00,ccf-aiops-武汉,cr-1,cr,ipv6_route_exists,"prefix=""fd00:6:40::/64""",1
2026-07-28 15:14:00,ccf-aiops-武汉,cr-1,cr,ipv6_route_exists,"prefix=""fd00:7:40::/64""",1
2026-07-28 15:14:00,ccf-aiops-武汉,cr-1,cr,ipv6_route_exists,"prefix=""fd00:8:40::/64""",1
2026-07-28 15:14:00,ccf-aiops-武汉,cr-1,cr,ipv6_route_nexthop_info,"prefix=""fd00:5:40::/64"",next_hop=""fd00:5:30::254"",dev=""ens5"",protocol=""196"",metric=""20"",route_index=""0"",nh_index=""0""",1
2026-07-28 15:14:00,ccf-aiops-武汉,cr-1,cr,ipv6_route_nexthop_info,"prefix=""::/0"",next_hop=""fd00:5:20::1"",dev=""ens4"",protocol=""196"",metric=""20"",route_index=""0"",nh_index=""0""",1
2026-07-28 15:14:00,ccf-aiops-武汉,cr-1,cr,ipv6_route_nexthop_info,"prefix=""fd00:8:40::/64"",next_hop=""fe80::5:20:2"",dev=""ens4"",protocol=""ospf"",metric=""20"",route_index=""0"",nh_index=""1""",1
2026-07-28 15:14:00,ccf-aiops-武汉,cr-1,cr,ipv6_route_nexthop_info,"prefix=""fd00:6:40::/64"",next_hop=""fe80::5:20:2"",dev=""ens4"",protocol=""ospf"",metric=""20"",route_index=""0"",nh_index=""1""",1
2026-07-28 15:14:00,ccf-aiops-武汉,cr-1,cr,ipv6_route_nexthop_info,"prefix=""fd00:7:40::/64"",next_hop=""fe80::5:20:2"",dev=""ens4"",protocol=""ospf"",metric=""20"",route_index=""0"",nh_index=""1""",1
2026-07-28 15:14:00,ccf-aiops-武汉,cr-1,cr,ipv6_route_nexthop_info,"prefix=""::/0"",next_hop=""fd00:5:20::2"",dev=""ens4"",protocol=""196"",metric=""20"",route_index=""0"",nh_index=""1""",1
2026-07-28 15:14:00,ccf-aiops-武汉,cr-1,cr,ipv6_route_nexthop_info,"prefix=""fd00:1:40::/64"",next_hop=""fe80::5:20:1"",dev=""ens4"",protocol=""ospf"",metric=""20"",route_index=""0"",nh_index=""0""",1
2026-07-28 15:14:00,ccf-aiops-武汉,cr-1,cr,ipv6_route_nexthop_info,"prefix=""fd00:2:40::/64"",next_hop=""fe80::5:20:1"",dev=""ens4"",protocol=""ospf"",metric=""20"",route_index=""0"",nh_index=""0""",1
2026-07-28 15:14:00,ccf-aiops-武汉,cr-1,cr,ipv6_route_nexthop_info,"prefix=""fd00:3:40::/64"",next_hop=""fe80::5:20:1"",dev=""ens4"",protocol=""ospf"",metric=""20"",route_index=""0"",nh_index=""0""",1
2026-07-28 15:14:00,ccf-aiops-武汉,cr-1,cr,ipv6_route_nexthop_info,"prefix=""fd00:4:40::/64"",next_hop=""fe80::5:20:1"",dev=""ens4"",protocol=""ospf"",metric=""20"",route_index=""0"",nh_index=""0""",1
2026-07-28 15:14:00,ccf-aiops-武汉,cr-1,cr,ipv6_route_nexthop_info,"prefix=""fd00:6:40::/64"",next_hop=""fe80::5:20:1"",dev=""ens4"",protocol=""ospf"",metric=""20"",route_index=""0"",nh_index=""0""",1
2026-07-28 15:14:00,ccf-aiops-武汉,cr-1,cr,ipv6_route_nexthop_info,"prefix=""fd00:7:40::/64"",next_hop=""fe80::5:20:1"",dev=""ens4"",protocol=""ospf"",metric=""20"",route_index=""0"",nh_index=""0""",1
2026-07-28 15:14:00,ccf-aiops-武汉,cr-1,cr,ipv6_route_nexthop_info,"prefix=""fd00:8:40::/64"",next_hop=""fe80::5:20:1"",dev=""ens4"",protocol=""ospf"",metric=""20"",route_index=""0"",nh_index=""0""",1
2026-07-28 15:14:00,ccf-aiops-武汉,cr-1,cr,ipv6_route_nexthop_info,"prefix=""fd00:1:40::/64"",next_hop=""fe80::5:20:2"",dev=""ens4"",protocol=""ospf"",metric=""20"",route_index=""0"",nh_index=""1""",1
2026-07-28 15:14:00,ccf-aiops-武汉,cr-1,cr,ipv6_route_nexthop_info,"prefix=""fd00:2:40::/64"",next_hop=""fe80::5:20:2"",dev=""ens4"",protocol=""ospf"",metric=""20"",route_index=""0"",nh_index=""1""",1
2026-07-28 15:14:00,ccf-aiops-武汉,cr-1,cr,ipv6_route_nexthop_info,"prefix=""fd00:3:40::/64"",next_hop=""fe80::5:20:2"",dev=""ens4"",protocol=""ospf"",metric=""20"",route_index=""0"",nh_index=""1""",1
2026-07-28 15:14:00,ccf-aiops-武汉,cr-1,cr,ipv6_route_nexthop_info,"prefix=""fd00:4:40::/64"",next_hop=""fe80::5:20:2"",dev=""ens4"",protocol=""ospf"",metric=""20"",route_index=""0"",nh_index=""1""",1
2026-07-28 15:14:00,ccf-aiops-武汉,cr-1,cr,ospf6_interface_cost,"interface=""ens5""",1
2026-07-28 15:14:00,ccf-aiops-武汉,cr-1,cr,ospf6_interface_cost,"interface=""ens4""",1
2026-07-28 15:14:00,ccf-aiops-武汉,cr-1,cr,ospf6_interface_enabled,"interface=""ens11""",1
2026-07-28 15:14:00,ccf-aiops-武汉,cr-1,cr,ospf6_interface_enabled,"interface=""ens12""",1
2026-07-28 15:14:00,ccf-aiops-武汉,cr-1,cr,ospf6_interface_enabled,"interface=""ens10""",1
2026-07-28 15:14:00,ccf-aiops-武汉,cr-1,cr,ospf6_interface_enabled,"interface=""ens9""",1
2026-07-28 15:14:00,ccf-aiops-武汉,cr-1,cr,ospf6_interface_enabled,"interface=""ens3""",1
2026-07-28 15:14:00,ccf-aiops-武汉,cr-1,cr,ospf6_interface_enabled,"interface=""ens4""",1
2026-07-28 15:14:00,ccf-aiops-武汉,cr-1,cr,ospf6_interface_enabled,"interface=""ens5""",1
2026-07-28 15:14:00,ccf-aiops-武汉,cr-1,cr,ospf6_interface_enabled,"interface=""virbr0""",0
2026-07-28 15:14:00,ccf-aiops-武汉,cr-1,cr,ospf6_interface_enabled,"interface=""lo""",1
2026-07-28 15:14:00,ccf-aiops-武汉,cr-1,cr,ospf6_interface_enabled,"interface=""ens6""",1
2026-07-28 15:14:00,ccf-aiops-武汉,cr-1,cr,ospf6_interface_enabled,"interface=""ens7""",1
2026-07-28 15:14:00,ccf-aiops-武汉,cr-1,cr,ospf6_interface_enabled,"interface=""ens8""",1
2026-07-28 15:14:00,ccf-aiops-武汉,cr-1,cr,ospf6_neighbor_state_code,"state=""Full"",interface=""ens4"",neighbor_id=""5.5.5.12""",6
2026-07-28 15:14:00,ccf-aiops-武汉,cr-1,cr,ospf6_neighbor_state_code,"state=""Full"",interface=""ens4"",neighbor_id=""5.5.5.1""",6
2026-07-28 15:14:00,ccf-aiops-武汉,cr-1,cr,ospf6_neighbor_state_code,"state=""Full"",interface=""ens4"",neighbor_id=""5.5.5.2""",6
2026-07-28 15:14:00,ccf-aiops-武汉,cr-1,cr,ospf6_neighbor_state_code,"state=""Full"",interface=""ens5"",neighbor_id=""5.5.5.12""",6
2026-07-28 15:14:00,ccf-aiops-武汉,cr-1,cr,bgp_command_success,,
2026-07-28 15:14:00,ccf-aiops-武汉,cr-1,cr,bgp_peer_up,,
2026-07-28 15:14:00,ccf-aiops-武汉,cr-1,cr,bgp_peer_uptime_seconds,,
2026-07-28 15:14:00,ccf-aiops-武汉,cr-1,cr,bgp_peer_prefix_received,,
2026-07-28 15:14:00,ccf-aiops-武汉,cr-1,cr,bgp_peer_prefix_sent,,
2026-07-28 15:14:00,ccf-aiops-武汉,cr-1,cr,bgp_peer_count,,
2026-07-28 15:14:00,ccf-aiops-武汉,cr-2,cr,ipv6_default_route_changed_total,,0
2026-07-28 15:14:00,ccf-aiops-武汉,cr-2,cr,ipv6_default_route_info,"next_hop=""fd00:5:20::2"",dev=""ens4"",protocol=""196"",metric=""20"",route_index=""0"",nh_index=""1""",1
2026-07-28 15:14:00,ccf-aiops-武汉,cr-2,cr,ipv6_default_route_info,"next_hop=""fd00:5:20::1"",dev=""ens4"",protocol=""196"",metric=""20"",route_index=""0"",nh_index=""0""",1
2026-07-28 15:14:00,ccf-aiops-武汉,cr-2,cr,ipv6_route_change_total,"prefix=""fd00:8:40::/64""",0
2026-07-28 15:14:00,ccf-aiops-武汉,cr-2,cr,ipv6_route_change_total,"prefix=""fd00:7:40::/64""",0
2026-07-28 15:14:00,ccf-aiops-武汉,cr-2,cr,ipv6_route_change_total,"prefix=""fd00:6:40::/64""",0
2026-07-28 15:14:00,ccf-aiops-武汉,cr-2,cr,ipv6_route_change_total,"prefix=""fd00:3:40::/64""",0
2026-07-28 15:14:00,ccf-aiops-武汉,cr-2,cr,ipv6_route_change_total,"prefix=""::/0""",0
2026-07-28 15:14:00,ccf-aiops-武汉,cr-2,cr,ipv6_route_change_total,"prefix=""fd00:1:40::/64""",0
2026-07-28 15:14:00,ccf-aiops-武汉,cr-2,cr,ipv6_route_change_total,"prefix=""fd00:2:40::/64""",0
2026-07-28 15:14:00,ccf-aiops-武汉,cr-2,cr,ipv6_route_change_total,"prefix=""fd00:4:40::/64""",0
2026-07-28 15:14:00,ccf-aiops-武汉,cr-2,cr,ipv6_route_change_total,"prefix=""fd00:5:40::/64""",0
2026-07-28 15:14:00,ccf-aiops-武汉,cr-2,cr,ipv6_route_count,"protocol=""196""",2
2026-07-28 15:14:00,ccf-aiops-武汉,cr-2,cr,ipv6_route_count,"protocol=""all""",15
2026-07-28 15:14:00,ccf-aiops-武汉,cr-2,cr,ipv6_route_count,"protocol=""ospf""",7
2026-07-28 15:14:00,ccf-aiops-武汉,cr-2,cr,ipv6_route_count,"protocol=""kernel""",6
2026-07-28 15:14:00,ccf-aiops-武汉,cr-2,cr,ipv6_route_exists,"prefix=""fd00:7:40::/64""",1
2026-07-28 15:14:00,ccf-aiops-武汉,cr-2,cr,ipv6_route_exists,"prefix=""fd00:1:40::/64""",1
2026-07-28 15:14:00,ccf-aiops-武汉,cr-2,cr,ipv6_route_exists,"prefix=""fd00:2:40::/64""",1
2026-07-28 15:14:00,ccf-aiops-武汉,cr-2,cr,ipv6_route_exists,"prefix=""fd00:3:40::/64""",1
2026-07-28 15:14:00,ccf-aiops-武汉,cr-2,cr,ipv6_route_exists,"prefix=""fd00:4:40::/64""",1
2026-07-28 15:14:00,ccf-aiops-武汉,cr-2,cr,ipv6_route_exists,"prefix=""fd00:5:40::/64""",1
2026-07-28 15:14:00,ccf-aiops-武汉,cr-2,cr,ipv6_route_exists,"prefix=""fd00:6:40::/64""",1
2026-07-28 15:14:00,ccf-aiops-武汉,cr-2,cr,ipv6_route_exists,"prefix=""fd00:8:40::/64""",1
2026-07-28 15:14:00,ccf-aiops-武汉,cr-2,cr,ipv6_route_exists,"prefix=""::/0""",1
2026-07-28 15:14:00,ccf-aiops-武汉,cr-2,cr,ipv6_route_nexthop_info,"prefix=""fd00:8:40::/64"",next_hop=""fe80::5:20:1"",dev=""ens4"",protocol=""ospf"",metric=""20"",route_index=""0"",nh_index=""0""",1
2026-07-28 15:14:00,ccf-aiops-武汉,cr-2,cr,ipv6_route_nexthop_info,"prefix=""fd00:4:40::/64"",next_hop=""fe80::5:20:2"",dev=""ens4"",protocol=""ospf"",metric=""20"",route_index=""0"",nh_index=""1""",1
2026-07-28 15:14:00,ccf-aiops-武汉,cr-2,cr,ipv6_route_nexthop_info,"prefix=""fd00:7:40::/64"",next_hop=""fe80::5:20:1"",dev=""ens4"",protocol=""ospf"",metric=""20"",route_index=""0"",nh_index=""0""",1
2026-07-28 15:14:00,ccf-aiops-武汉,cr-2,cr,ipv6_route_nexthop_info,"prefix=""fd00:6:40::/64"",next_hop=""fe80::5:20:1"",dev=""ens4"",protocol=""ospf"",metric=""20"",route_index=""0"",nh_index=""0""",1
2026-07-28 15:14:00,ccf-aiops-武汉,cr-2,cr,ipv6_route_nexthop_info,"prefix=""fd00:4:40::/64"",next_hop=""fe80::5:20:1"",dev=""ens4"",protocol=""ospf"",metric=""20"",route_index=""0"",nh_index=""0""",1
2026-07-28 15:14:00,ccf-aiops-武汉,cr-2,cr,ipv6_route_nexthop_info,"prefix=""fd00:3:40::/64"",next_hop=""fe80::5:20:1"",dev=""ens4"",protocol=""ospf"",metric=""20"",route_index=""0"",nh_index=""0""",1
2026-07-28 15:14:00,ccf-aiops-武汉,cr-2,cr,ipv6_route_nexthop_info,"prefix=""fd00:2:40::/64"",next_hop=""fe80::5:20:1"",dev=""ens4"",protocol=""ospf"",metric=""20"",route_index=""0"",nh_index=""0""",1
2026-07-28 15:14:00,ccf-aiops-武汉,cr-2,cr,ipv6_route_nexthop_info,"prefix=""fd00:1:40::/64"",next_hop=""fe80::5:20:1"",dev=""ens4"",protocol=""ospf"",metric=""20"",route_index=""0"",nh_index=""0""",1
2026-07-28 15:14:00,ccf-aiops-武汉,cr-2,cr,ipv6_route_nexthop_info,"prefix=""::/0"",next_hop=""fd00:5:20::2"",dev=""ens4"",protocol=""196"",metric=""20"",route_index=""0"",nh_index=""1""",1
2026-07-28 15:14:00,ccf-aiops-武汉,cr-2,cr,ipv6_route_nexthop_info,"prefix=""::/0"",next_hop=""fd00:5:20::1"",dev=""ens4"",protocol=""196"",metric=""20"",route_index=""0"",nh_index=""0""",1
2026-07-28 15:14:00,ccf-aiops-武汉,cr-2,cr,ipv6_route_nexthop_info,"prefix=""fd00:1:40::/64"",next_hop=""fe80::5:20:2"",dev=""ens4"",protocol=""ospf"",metric=""20"",route_index=""0"",nh_index=""1""",1
2026-07-28 15:14:00,ccf-aiops-武汉,cr-2,cr,ipv6_route_nexthop_info,"prefix=""fd00:2:40::/64"",next_hop=""fe80::5:20:2"",dev=""ens4"",protocol=""ospf"",metric=""20"",route_index=""0"",nh_index=""1""",1
2026-07-28 15:14:00,ccf-aiops-武汉,cr-2,cr,ipv6_route_nexthop_info,"prefix=""fd00:3:40::/64"",next_hop=""fe80::5:20:2"",dev=""ens4"",protocol=""ospf"",metric=""20"",route_index=""0"",nh_index=""1""",1
2026-07-28 15:14:00,ccf-aiops-武汉,cr-2,cr,ipv6_route_nexthop_info,"prefix=""fd00:6:40::/64"",next_hop=""fe80::5:20:2"",dev=""ens4"",protocol=""ospf"",metric=""20"",route_index=""0"",nh_index=""1""",1
2026-07-28 15:14:00,ccf-aiops-武汉,cr-2,cr,ipv6_route_nexthop_info,"prefix=""fd00:7:40::/64"",next_hop=""fe80::5:20:2"",dev=""ens4"",protocol=""ospf"",metric=""20"",route_index=""0"",nh_index=""1""",1
2026-07-28 15:14:00,ccf-aiops-武汉,cr-2,cr,ipv6_route_nexthop_info,"prefix=""fd00:8:40::/64"",next_hop=""fe80::5:20:2"",dev=""ens4"",protocol=""ospf"",metric=""20"",route_index=""0"",nh_index=""1""",1
2026-07-28 15:14:00,ccf-aiops-武汉,cr-2,cr,ipv6_route_nexthop_info,"prefix=""fd00:5:40::/64"",next_hop=""fd00:5:30::254"",dev=""ens5"",protocol=""196"",metric=""20"",route_index=""0"",nh_index=""0""",1
2026-07-28 15:14:00,ccf-aiops-武汉,cr-2,cr,ospf6_interface_cost,"interface=""ens4""",1
2026-07-28 15:14:00,ccf-aiops-武汉,cr-2,cr,ospf6_interface_cost,"interface=""ens5""",1
2026-07-28 15:14:00,ccf-aiops-武汉,cr-2,cr,ospf6_interface_enabled,"interface=""ens5""",1
2026-07-28 15:14:00,ccf-aiops-武汉,cr-2,cr,ospf6_interface_enabled,"interface=""lo""",1
2026-07-28 15:14:00,ccf-aiops-武汉,cr-2,cr,ospf6_interface_enabled,"interface=""ens9""",1
2026-07-28 15:14:00,ccf-aiops-武汉,cr-2,cr,ospf6_interface_enabled,"interface=""ens8""",1
2026-07-28 15:14:00,ccf-aiops-武汉,cr-2,cr,ospf6_interface_enabled,"interface=""ens7""",1
2026-07-28 15:14:00,ccf-aiops-武汉,cr-2,cr,ospf6_interface_enabled,"interface=""ens6""",1
2026-07-28 15:14:00,ccf-aiops-武汉,cr-2,cr,ospf6_interface_enabled,"interface=""ens4""",1
2026-07-28 15:14:00,ccf-aiops-武汉,cr-2,cr,ospf6_interface_enabled,"interface=""ens3""",1
2026-07-28 15:14:00,ccf-aiops-武汉,cr-2,cr,ospf6_interface_enabled,"interface=""ens12""",1
2026-07-28 15:14:00,ccf-aiops-武汉,cr-2,cr,ospf6_interface_enabled,"interface=""ens11""",1
2026-07-28 15:14:00,ccf-aiops-武汉,cr-2,cr,ospf6_interface_enabled,"interface=""ens10""",1
2026-07-28 15:14:00,ccf-aiops-武汉,cr-2,cr,ospf6_interface_enabled,"interface=""virbr0""",0
2026-07-28 15:14:00,ccf-aiops-武汉,cr-2,cr,ospf6_neighbor_state_code,"state=""Full"",interface=""ens5"",neighbor_id=""5.5.5.11""",6
2026-07-28 15:14:00,ccf-aiops-武汉,cr-2,cr,ospf6_neighbor_state_code,"state=""Full"",interface=""ens4"",neighbor_id=""5.5.5.2""",6
2026-07-28 15:14:00,ccf-aiops-武汉,cr-2,cr,ospf6_neighbor_state_code,"state=""Full"",interface=""ens4"",neighbor_id=""5.5.5.11""",6
2026-07-28 15:14:00,ccf-aiops-武汉,cr-2,cr,ospf6_neighbor_state_code,"state=""Full"",interface=""ens4"",neighbor_id=""5.5.5.1""",6
2026-07-28 15:14:00,ccf-aiops-武汉,cr-2,cr,bgp_command_success,,
2026-07-28 15:14:00,ccf-aiops-武汉,cr-2,cr,bgp_peer_up,,
2026-07-28 15:14:00,ccf-aiops-武汉,cr-2,cr,bgp_peer_uptime_seconds,,
2026-07-28 15:14:00,ccf-aiops-武汉,cr-2,cr,bgp_peer_prefix_received,,
2026-07-28 15:14:00,ccf-aiops-武汉,cr-2,cr,bgp_peer_prefix_sent,,
2026-07-28 15:14:00,ccf-aiops-武汉,cr-2,cr,bgp_peer_count,,
2026-07-28 15:15:00,ccf-aiops-武汉,br-1,br,bgp_command_success,"command=""bgp_summary""",1
2026-07-28 15:15:00,ccf-aiops-武汉,br-1,br,bgp_peer_count,,6
2026-07-28 15:15:00,ccf-aiops-武汉,br-1,br,bgp_peer_prefix_received,"peer=""fd00:100:10::1"",remote_as=""65001"",state=""Established""",5
2026-07-28 15:15:00,ccf-aiops-武汉,br-1,br,bgp_peer_prefix_received,"peer=""fd00:100:10::21"",remote_as=""65003"",state=""Established""",4
2026-07-28 15:15:00,ccf-aiops-武汉,br-1,br,bgp_peer_prefix_received,"peer=""fd00:100:10::31"",remote_as=""65004"",state=""Established""",2
2026-07-28 15:15:00,ccf-aiops-武汉,br-1,br,bgp_peer_prefix_received,"peer=""fd00:100:10::51"",remote_as=""65006"",state=""Established""",5
2026-07-28 15:15:00,ccf-aiops-武汉,br-1,br,bgp_peer_prefix_received,"peer=""fd00:100:10::61"",remote_as=""65007"",state=""Established""",4
2026-07-28 15:15:00,ccf-aiops-武汉,br-1,br,bgp_peer_prefix_received,"peer=""fd00:100:10::71"",remote_as=""65008"",state=""Established""",4
2026-07-28 15:15:00,ccf-aiops-武汉,br-1,br,bgp_peer_prefix_sent,"peer=""fd00:100:10::31"",remote_as=""65004"",state=""Established""",8
2026-07-28 15:15:00,ccf-aiops-武汉,br-1,br,bgp_peer_prefix_sent,"peer=""fd00:100:10::71"",remote_as=""65008"",state=""Established""",8
2026-07-28 15:15:00,ccf-aiops-武汉,br-1,br,bgp_peer_prefix_sent,"peer=""fd00:100:10::61"",remote_as=""65007"",state=""Established""",8
2026-07-28 15:15:00,ccf-aiops-武汉,br-1,br,bgp_peer_prefix_sent,"peer=""fd00:100:10::51"",remote_as=""65006"",state=""Established""",8
2026-07-28 15:15:00,ccf-aiops-武汉,br-1,br,bgp_peer_prefix_sent,"peer=""fd00:100:10::21"",remote_as=""65003"",state=""Established""",8
2026-07-28 15:15:00,ccf-aiops-武汉,br-1,br,bgp_peer_prefix_sent,"peer=""fd00:100:10::1"",remote_as=""65001"",state=""Established""",8
2026-07-28 15:15:00,ccf-aiops-武汉,br-1,br,bgp_peer_up,"peer=""fd00:100:10::71"",remote_as=""65008"",state=""Established""",1
2026-07-28 15:15:00,ccf-aiops-武汉,br-1,br,bgp_peer_up,"peer=""fd00:100:10::61"",remote_as=""65007"",state=""Established""",1
2026-07-28 15:15:00,ccf-aiops-武汉,br-1,br,bgp_peer_up,"peer=""fd00:100:10::51"",remote_as=""65006"",state=""Established""",1
2026-07-28 15:15:00,ccf-aiops-武汉,br-1,br,bgp_peer_up,"peer=""fd00:100:10::31"",remote_as=""65004"",state=""Established""",1
2026-07-28 15:15:00,ccf-aiops-武汉,br-1,br,bgp_peer_up,"peer=""fd00:100:10::21"",remote_as=""65003"",state=""Established""",1
2026-07-28 15:15:00,ccf-aiops-武汉,br-1,br,bgp_peer_up,"peer=""fd00:100:10::1"",remote_as=""65001"",state=""Established""",1
2026-07-28 15:15:00,ccf-aiops-武汉,br-1,br,bgp_peer_uptime_seconds,"peer=""fd00:100:10::71"",remote_as=""65008"",state=""Established""",2422132
2026-07-28 15:15:00,ccf-aiops-武汉,br-1,br,bgp_peer_uptime_seconds,"peer=""fd00:100:10::61"",remote_as=""65007"",state=""Established""",2422257
2026-07-28 15:15:00,ccf-aiops-武汉,br-1,br,bgp_peer_uptime_seconds,"peer=""fd00:100:10::51"",remote_as=""65006"",state=""Established""",2422365
2026-07-28 15:15:00,ccf-aiops-武汉,br-1,br,bgp_peer_uptime_seconds,"peer=""fd00:100:10::31"",remote_as=""65004"",state=""Established""",2422453
2026-07-28 15:15:00,ccf-aiops-武汉,br-1,br,bgp_peer_uptime_seconds,"peer=""fd00:100:10::21"",remote_as=""65003"",state=""Established""",1735091
2026-07-28 15:15:00,ccf-aiops-武汉,br-1,br,bgp_peer_uptime_seconds,"peer=""fd00:100:10::1"",remote_as=""65001"",state=""Established""",2422453
2026-07-28 15:15:00,ccf-aiops-武汉,br-1,br,ipv6_default_route_changed_total,,0
2026-07-28 15:15:00,ccf-aiops-武汉,br-1,br,ipv6_default_route_info,"next_hop=""240a:a023::1"",dev=""ens4"",protocol=""unknown"",metric=""1024"",route_index=""0"",nh_index=""0""",1
2026-07-28 15:15:00,ccf-aiops-武汉,br-1,br,ipv6_route_change_total,"prefix=""::/0""",0
2026-07-28 15:15:00,ccf-aiops-武汉,br-1,br,ipv6_route_change_total,"prefix=""fd00:1:40::/64""",0
2026-07-28 15:15:00,ccf-aiops-武汉,br-1,br,ipv6_route_change_total,"prefix=""fd00:2:40::/64""",2
2026-07-28 15:15:00,ccf-aiops-武汉,br-1,br,ipv6_route_change_total,"prefix=""fd00:3:40::/64""",0
2026-07-28 15:15:00,ccf-aiops-武汉,br-1,br,ipv6_route_change_total,"prefix=""fd00:4:40::/64""",0
2026-07-28 15:15:00,ccf-aiops-武汉,br-1,br,ipv6_route_change_total,"prefix=""fd00:8:40::/64""",0
2026-07-28 15:15:00,ccf-aiops-武汉,br-1,br,ipv6_route_change_total,"prefix=""fd00:7:40::/64""",8
2026-07-28 15:15:00,ccf-aiops-武汉,br-1,br,ipv6_route_change_total,"prefix=""fd00:6:40::/64""",0
2026-07-28 15:15:00,ccf-aiops-武汉,br-1,br,ipv6_route_change_total,"prefix=""fd00:5:40::/64""",0
2026-07-28 15:15:00,ccf-aiops-武汉,br-1,br,ipv6_route_count,"protocol=""all""",17
2026-07-28 15:15:00,ccf-aiops-武汉,br-1,br,ipv6_route_count,"protocol=""unknown""",1
2026-07-28 15:15:00,ccf-aiops-武汉,br-1,br,ipv6_route_count,"protocol=""ospf""",2
2026-07-28 15:15:00,ccf-aiops-武汉,br-1,br,ipv6_route_count,"protocol=""kernel""",7
2026-07-28 15:15:00,ccf-aiops-武汉,br-1,br,ipv6_route_count,"protocol=""bgp""",7
2026-07-28 15:15:00,ccf-aiops-武汉,br-1,br,ipv6_route_exists,"prefix=""fd00:3:40::/64""",1
2026-07-28 15:15:00,ccf-aiops-武汉,br-1,br,ipv6_route_exists,"prefix=""fd00:2:40::/64""",1
2026-07-28 15:15:00,ccf-aiops-武汉,br-1,br,ipv6_route_exists,"prefix=""fd00:1:40::/64""",1
2026-07-28 15:15:00,ccf-aiops-武汉,br-1,br,ipv6_route_exists,"prefix=""fd00:5:40::/64""",1
2026-07-28 15:15:00,ccf-aiops-武汉,br-1,br,ipv6_route_exists,"prefix=""::/0""",1
2026-07-28 15:15:00,ccf-aiops-武汉,br-1,br,ipv6_route_exists,"prefix=""fd00:6:40::/64""",1
2026-07-28 15:15:00,ccf-aiops-武汉,br-1,br,ipv6_route_exists,"prefix=""fd00:8:40::/64""",1
2026-07-28 15:15:00,ccf-aiops-武汉,br-1,br,ipv6_route_exists,"prefix=""fd00:4:40::/64""",1
2026-07-28 15:15:00,ccf-aiops-武汉,br-1,br,ipv6_route_exists,"prefix=""fd00:7:40::/64""",1
2026-07-28 15:15:00,ccf-aiops-武汉,br-1,br,ipv6_route_nexthop_info,"prefix=""::/0"",next_hop=""240a:a023::1"",dev=""ens4"",protocol=""unknown"",metric=""1024"",route_index=""0"",nh_index=""0""",1
2026-07-28 15:15:00,ccf-aiops-武汉,br-1,br,ipv6_route_nexthop_info,"prefix=""fd00:1:40::/64"",next_hop=""fe80::100:10:1"",dev=""ens4"",protocol=""bgp"",metric=""20"",route_index=""0"",nh_index=""0""",1
2026-07-28 15:15:00,ccf-aiops-武汉,br-1,br,ipv6_route_nexthop_info,"prefix=""fd00:2:40::/64"",next_hop=""fe80::100:10:1"",dev=""ens4"",protocol=""bgp"",metric=""20"",route_index=""0"",nh_index=""0""",1
2026-07-28 15:15:00,ccf-aiops-武汉,br-1,br,ipv6_route_nexthop_info,"prefix=""fd00:3:40::/64"",next_hop=""fe80::100:10:21"",dev=""ens4"",protocol=""bgp"",metric=""20"",route_index=""0"",nh_index=""0""",1
2026-07-28 15:15:00,ccf-aiops-武汉,br-1,br,ipv6_route_nexthop_info,"prefix=""fd00:4:40::/64"",next_hop=""fe80::100:10:31"",dev=""ens4"",protocol=""bgp"",metric=""20"",route_index=""0"",nh_index=""0""",1
2026-07-28 15:15:00,ccf-aiops-武汉,br-1,br,ipv6_route_nexthop_info,"prefix=""fd00:6:40::/64"",next_hop=""fe80::100:10:51"",dev=""ens4"",protocol=""bgp"",metric=""20"",route_index=""0"",nh_index=""0""",1
2026-07-28 15:15:00,ccf-aiops-武汉,br-1,br,ipv6_route_nexthop_info,"prefix=""fd00:7:40::/64"",next_hop=""fe80::100:10:61"",dev=""ens4"",protocol=""bgp"",metric=""20"",route_index=""0"",nh_index=""0""",1
2026-07-28 15:15:00,ccf-aiops-武汉,br-1,br,ipv6_route_nexthop_info,"prefix=""fd00:8:40::/64"",next_hop=""fe80::100:10:71"",dev=""ens4"",protocol=""bgp"",metric=""20"",route_index=""0"",nh_index=""0""",1
2026-07-28 15:15:00,ccf-aiops-武汉,br-1,br,ipv6_route_nexthop_info,"prefix=""fd00:5:40::/64"",next_hop=""fe80::5:20:12"",dev=""ens5"",protocol=""ospf"",metric=""20"",route_index=""0"",nh_index=""1""",1
2026-07-28 15:15:00,ccf-aiops-武汉,br-1,br,ipv6_route_nexthop_info,"prefix=""fd00:5:40::/64"",next_hop=""fe80::5:20:11"",dev=""ens5"",protocol=""ospf"",metric=""20"",route_index=""0"",nh_index=""0""",1
2026-07-28 15:15:00,ccf-aiops-武汉,br-1,br,ospf6_interface_cost,"interface=""ens5""",1
2026-07-28 15:15:00,ccf-aiops-武汉,br-1,br,ospf6_interface_enabled,"interface=""ens7""",1
2026-07-28 15:15:00,ccf-aiops-武汉,br-1,br,ospf6_interface_enabled,"interface=""ens6""",1
2026-07-28 15:15:00,ccf-aiops-武汉,br-1,br,ospf6_interface_enabled,"interface=""ens5""",1
2026-07-28 15:15:00,ccf-aiops-武汉,br-1,br,ospf6_interface_enabled,"interface=""ens4""",1
2026-07-28 15:15:00,ccf-aiops-武汉,br-1,br,ospf6_interface_enabled,"interface=""ens3""",1
2026-07-28 15:15:00,ccf-aiops-武汉,br-1,br,ospf6_interface_enabled,"interface=""ens12""",1
2026-07-28 15:15:00,ccf-aiops-武汉,br-1,br,ospf6_interface_enabled,"interface=""ens11""",1
2026-07-28 15:15:00,ccf-aiops-武汉,br-1,br,ospf6_interface_enabled,"interface=""ens10""",1
2026-07-28 15:15:00,ccf-aiops-武汉,br-1,br,ospf6_interface_enabled,"interface=""ens8""",1
2026-07-28 15:15:00,ccf-aiops-武汉,br-1,br,ospf6_interface_enabled,"interface=""ens9""",1
2026-07-28 15:15:00,ccf-aiops-武汉,br-1,br,ospf6_interface_enabled,"interface=""lo""",1
2026-07-28 15:15:00,ccf-aiops-武汉,br-1,br,ospf6_interface_enabled,"interface=""virbr0""",0
2026-07-28 15:15:00,ccf-aiops-武汉,br-1,br,ospf6_neighbor_state_code,"state=""Twoway"",interface=""ens5"",neighbor_id=""5.5.5.2""",2
2026-07-28 15:15:00,ccf-aiops-武汉,br-1,br,ospf6_neighbor_state_code,"state=""Full"",interface=""ens5"",neighbor_id=""5.5.5.12""",6
2026-07-28 15:15:00,ccf-aiops-武汉,br-1,br,ospf6_neighbor_state_code,"state=""Full"",interface=""ens5"",neighbor_id=""5.5.5.11""",6
2026-07-28 15:15:00,ccf-aiops-武汉,br-2,br,bgp_command_success,"command=""bgp_summary""",1
2026-07-28 15:15:00,ccf-aiops-武汉,br-2,br,bgp_peer_count,,6
2026-07-28 15:15:00,ccf-aiops-武汉,br-2,br,bgp_peer_prefix_received,"peer=""fd00:100:10::72"",remote_as=""65008"",state=""Established""",3
2026-07-28 15:15:00,ccf-aiops-武汉,br-2,br,bgp_peer_prefix_received,"peer=""fd00:100:10::62"",remote_as=""65007"",state=""Established""",4
2026-07-28 15:15:00,ccf-aiops-武汉,br-2,br,bgp_peer_prefix_received,"peer=""fd00:100:10::52"",remote_as=""65006"",state=""Established""",6
2026-07-28 15:15:00,ccf-aiops-武汉,br-2,br,bgp_peer_prefix_received,"peer=""fd00:100:10::32"",remote_as=""65004"",state=""Established""",3
2026-07-28 15:15:00,ccf-aiops-武汉,br-2,br,bgp_peer_prefix_received,"peer=""fd00:100:10::22"",remote_as=""65003"",state=""Established""",5
2026-07-28 15:15:00,ccf-aiops-武汉,br-2,br,bgp_peer_prefix_received,"peer=""fd00:100:10::2"",remote_as=""65001"",state=""Established""",4
2026-07-28 15:15:00,ccf-aiops-武汉,br-2,br,bgp_peer_prefix_sent,"peer=""fd00:100:10::72"",remote_as=""65008"",state=""Established""",8
2026-07-28 15:15:00,ccf-aiops-武汉,br-2,br,bgp_peer_prefix_sent,"peer=""fd00:100:10::62"",remote_as=""65007"",state=""Established""",8
2026-07-28 15:15:00,ccf-aiops-武汉,br-2,br,bgp_peer_prefix_sent,"peer=""fd00:100:10::52"",remote_as=""65006"",state=""Established""",8
2026-07-28 15:15:00,ccf-aiops-武汉,br-2,br,bgp_peer_prefix_sent,"peer=""fd00:100:10::32"",remote_as=""65004"",state=""Established""",8
2026-07-28 15:15:00,ccf-aiops-武汉,br-2,br,bgp_peer_prefix_sent,"peer=""fd00:100:10::22"",remote_as=""65003"",state=""Established""",8
2026-07-28 15:15:00,ccf-aiops-武汉,br-2,br,bgp_peer_prefix_sent,"peer=""fd00:100:10::2"",remote_as=""65001"",state=""Established""",8
2026-07-28 15:15:00,ccf-aiops-武汉,br-2,br,bgp_peer_up,"peer=""fd00:100:10::32"",remote_as=""65004"",state=""Established""",1
2026-07-28 15:15:00,ccf-aiops-武汉,br-2,br,bgp_peer_up,"peer=""fd00:100:10::22"",remote_as=""65003"",state=""Established""",1
2026-07-28 15:15:00,ccf-aiops-武汉,br-2,br,bgp_peer_up,"peer=""fd00:100:10::2"",remote_as=""65001"",state=""Established""",1
2026-07-28 15:15:00,ccf-aiops-武汉,br-2,br,bgp_peer_up,"peer=""fd00:100:10::52"",remote_as=""65006"",state=""Established""",1
2026-07-28 15:15:00,ccf-aiops-武汉,br-2,br,bgp_peer_up,"peer=""fd00:100:10::62"",remote_as=""65007"",state=""Established""",1
2026-07-28 15:15:00,ccf-aiops-武汉,br-2,br,bgp_peer_up,"peer=""fd00:100:10::72"",remote_as=""65008"",state=""Established""",1
2026-07-28 15:15:00,ccf-aiops-武汉,br-2,br,bgp_peer_uptime_seconds,"peer=""fd00:100:10::62"",remote_as=""65007"",state=""Established""",2422231
2026-07-28 15:15:00,ccf-aiops-武汉,br-2,br,bgp_peer_uptime_seconds,"peer=""fd00:100:10::72"",remote_as=""65008"",state=""Established""",2422114
2026-07-28 15:15:00,ccf-aiops-武汉,br-2,br,bgp_peer_uptime_seconds,"peer=""fd00:100:10::32"",remote_as=""65004"",state=""Established""",2422435
2026-07-28 15:15:00,ccf-aiops-武汉,br-2,br,bgp_peer_uptime_seconds,"peer=""fd00:100:10::52"",remote_as=""65006"",state=""Established""",2422342
2026-07-28 15:15:00,ccf-aiops-武汉,br-2,br,bgp_peer_uptime_seconds,"peer=""fd00:100:10::22"",remote_as=""65003"",state=""Established""",704826
2026-07-28 15:15:00,ccf-aiops-武汉,br-2,br,bgp_peer_uptime_seconds,"peer=""fd00:100:10::2"",remote_as=""65001"",state=""Established""",2422435
2026-07-28 15:15:00,ccf-aiops-武汉,br-2,br,ipv6_default_route_changed_total,,0
2026-07-28 15:15:00,ccf-aiops-武汉,br-2,br,ipv6_default_route_info,"next_hop=""240a:a023::1"",dev=""ens4"",protocol=""unknown"",metric=""1024"",route_index=""0"",nh_index=""0""",1
2026-07-28 15:15:00,ccf-aiops-武汉,br-2,br,ipv6_route_change_total,"prefix=""fd00:1:40::/64""",0
2026-07-28 15:15:00,ccf-aiops-武汉,br-2,br,ipv6_route_change_total,"prefix=""::/0""",0
2026-07-28 15:15:00,ccf-aiops-武汉,br-2,br,ipv6_route_change_total,"prefix=""fd00:2:40::/64""",2
2026-07-28 15:15:00,ccf-aiops-武汉,br-2,br,ipv6_route_change_total,"prefix=""fd00:3:40::/64""",0
2026-07-28 15:15:00,ccf-aiops-武汉,br-2,br,ipv6_route_change_total,"prefix=""fd00:4:40::/64""",0
2026-07-28 15:15:00,ccf-aiops-武汉,br-2,br,ipv6_route_change_total,"prefix=""fd00:5:40::/64""",0
2026-07-28 15:15:00,ccf-aiops-武汉,br-2,br,ipv6_route_change_total,"prefix=""fd00:6:40::/64""",0
2026-07-28 15:15:00,ccf-aiops-武汉,br-2,br,ipv6_route_change_total,"prefix=""fd00:7:40::/64""",4
2026-07-28 15:15:00,ccf-aiops-武汉,br-2,br,ipv6_route_change_total,"prefix=""fd00:8:40::/64""",0
2026-07-28 15:15:00,ccf-aiops-武汉,br-2,br,ipv6_route_count,"protocol=""unknown""",1
2026-07-28 15:15:00,ccf-aiops-武汉,br-2,br,ipv6_route_count,"protocol=""ospf""",2
2026-07-28 15:15:00,ccf-aiops-武汉,br-2,br,ipv6_route_count,"protocol=""kernel""",7
2026-07-28 15:15:00,ccf-aiops-武汉,br-2,br,ipv6_route_count,"protocol=""all""",17
2026-07-28 15:15:00,ccf-aiops-武汉,br-2,br,ipv6_route_count,"protocol=""bgp""",7
2026-07-28 15:15:00,ccf-aiops-武汉,br-2,br,ipv6_route_exists,"prefix=""fd00:1:40::/64""",1
2026-07-28 15:15:00,ccf-aiops-武汉,br-2,br,ipv6_route_exists,"prefix=""fd00:3:40::/64""",1
2026-07-28 15:15:00,ccf-aiops-武汉,br-2,br,ipv6_route_exists,"prefix=""fd00:4:40::/64""",1
2026-07-28 15:15:00,ccf-aiops-武汉,br-2,br,ipv6_route_exists,"prefix=""fd00:2:40::/64""",1
2026-07-28 15:15:00,ccf-aiops-武汉,br-2,br,ipv6_route_exists,"prefix=""::/0""",1
2026-07-28 15:15:00,ccf-aiops-武汉,br-2,br,ipv6_route_exists,"prefix=""fd00:5:40::/64""",1
2026-07-28 15:15:00,ccf-aiops-武汉,br-2,br,ipv6_route_exists,"prefix=""fd00:6:40::/64""",1
2026-07-28 15:15:00,ccf-aiops-武汉,br-2,br,ipv6_route_exists,"prefix=""fd00:7:40::/64""",1
2026-07-28 15:15:00,ccf-aiops-武汉,br-2,br,ipv6_route_exists,"prefix=""fd00:8:40::/64""",1
2026-07-28 15:15:00,ccf-aiops-武汉,br-2,br,ipv6_route_nexthop_info,"prefix=""fd00:8:40::/64"",next_hop=""fe80::100:10:72"",dev=""ens4"",protocol=""bgp"",metric=""20"",route_index=""0"",nh_index=""0""",1
2026-07-28 15:15:00,ccf-aiops-武汉,br-2,br,ipv6_route_nexthop_info,"prefix=""fd00:3:40::/64"",next_hop=""fe80::100:10:22"",dev=""ens4"",protocol=""bgp"",metric=""20"",route_index=""0"",nh_index=""0""",1
2026-07-28 15:15:00,ccf-aiops-武汉,br-2,br,ipv6_route_nexthop_info,"prefix=""fd00:7:40::/64"",next_hop=""fe80::100:10:62"",dev=""ens4"",protocol=""bgp"",metric=""20"",route_index=""0"",nh_index=""0""",1
2026-07-28 15:15:00,ccf-aiops-武汉,br-2,br,ipv6_route_nexthop_info,"prefix=""fd00:6:40::/64"",next_hop=""fe80::100:10:52"",dev=""ens4"",protocol=""bgp"",metric=""20"",route_index=""0"",nh_index=""0""",1
2026-07-28 15:15:00,ccf-aiops-武汉,br-2,br,ipv6_route_nexthop_info,"prefix=""::/0"",next_hop=""240a:a023::1"",dev=""ens4"",protocol=""unknown"",metric=""1024"",route_index=""0"",nh_index=""0""",1
2026-07-28 15:15:00,ccf-aiops-武汉,br-2,br,ipv6_route_nexthop_info,"prefix=""fd00:1:40::/64"",next_hop=""fe80::100:10:2"",dev=""ens4"",protocol=""bgp"",metric=""20"",route_index=""0"",nh_index=""0""",1
2026-07-28 15:15:00,ccf-aiops-武汉,br-2,br,ipv6_route_nexthop_info,"prefix=""fd00:2:40::/64"",next_hop=""fe80::100:10:2"",dev=""ens4"",protocol=""bgp"",metric=""20"",route_index=""0"",nh_index=""0""",1
2026-07-28 15:15:00,ccf-aiops-武汉,br-2,br,ipv6_route_nexthop_info,"prefix=""fd00:4:40::/64"",next_hop=""fe80::100:10:32"",dev=""ens4"",protocol=""bgp"",metric=""20"",route_index=""0"",nh_index=""0""",1
2026-07-28 15:15:00,ccf-aiops-武汉,br-2,br,ipv6_route_nexthop_info,"prefix=""fd00:5:40::/64"",next_hop=""fe80::5:20:11"",dev=""ens5"",protocol=""ospf"",metric=""20"",route_index=""0"",nh_index=""0""",1
2026-07-28 15:15:00,ccf-aiops-武汉,br-2,br,ipv6_route_nexthop_info,"prefix=""fd00:5:40::/64"",next_hop=""fe80::5:20:12"",dev=""ens5"",protocol=""ospf"",metric=""20"",route_index=""0"",nh_index=""1""",1
2026-07-28 15:15:00,ccf-aiops-武汉,br-2,br,ospf6_interface_cost,"interface=""ens5""",1
2026-07-28 15:15:00,ccf-aiops-武汉,br-2,br,ospf6_interface_enabled,"interface=""ens3""",1
2026-07-28 15:15:00,ccf-aiops-武汉,br-2,br,ospf6_interface_enabled,"interface=""virbr0""",0
2026-07-28 15:15:00,ccf-aiops-武汉,br-2,br,ospf6_interface_enabled,"interface=""lo""",1
2026-07-28 15:15:00,ccf-aiops-武汉,br-2,br,ospf6_interface_enabled,"interface=""ens9""",1
2026-07-28 15:15:00,ccf-aiops-武汉,br-2,br,ospf6_interface_enabled,"interface=""ens8""",1
2026-07-28 15:15:00,ccf-aiops-武汉,br-2,br,ospf6_interface_enabled,"interface=""ens7""",1
2026-07-28 15:15:00,ccf-aiops-武汉,br-2,br,ospf6_interface_enabled,"interface=""ens10""",1
2026-07-28 15:15:00,ccf-aiops-武汉,br-2,br,ospf6_interface_enabled,"interface=""ens11""",1
2026-07-28 15:15:00,ccf-aiops-武汉,br-2,br,ospf6_interface_enabled,"interface=""ens6""",1
2026-07-28 15:15:00,ccf-aiops-武汉,br-2,br,ospf6_interface_enabled,"interface=""ens5""",1
2026-07-28 15:15:00,ccf-aiops-武汉,br-2,br,ospf6_interface_enabled,"interface=""ens12""",1
2026-07-28 15:15:00,ccf-aiops-武汉,br-2,br,ospf6_interface_enabled,"interface=""ens4""",1
2026-07-28 15:15:00,ccf-aiops-武汉,br-2,br,ospf6_neighbor_state_code,"state=""Twoway"",interface=""ens5"",neighbor_id=""5.5.5.1""",2
2026-07-28 15:15:00,ccf-aiops-武汉,br-2,br,ospf6_neighbor_state_code,"state=""Full"",interface=""ens5"",neighbor_id=""5.5.5.11""",6
2026-07-28 15:15:00,ccf-aiops-武汉,br-2,br,ospf6_neighbor_state_code,"state=""Full"",interface=""ens5"",neighbor_id=""5.5.5.12""",6
2026-07-28 15:15:00,ccf-aiops-武汉,cr-1,cr,ipv6_default_route_changed_total,,0
2026-07-28 15:15:00,ccf-aiops-武汉,cr-1,cr,ipv6_default_route_info,"next_hop=""fd00:5:20::2"",dev=""ens4"",protocol=""196"",metric=""20"",route_index=""0"",nh_index=""1""",1
2026-07-28 15:15:00,ccf-aiops-武汉,cr-1,cr,ipv6_default_route_info,"next_hop=""fd00:5:20::1"",dev=""ens4"",protocol=""196"",metric=""20"",route_index=""0"",nh_index=""0""",1
2026-07-28 15:15:00,ccf-aiops-武汉,cr-1,cr,ipv6_route_change_total,"prefix=""fd00:3:40::/64""",0
2026-07-28 15:15:00,ccf-aiops-武汉,cr-1,cr,ipv6_route_change_total,"prefix=""fd00:5:40::/64""",0
2026-07-28 15:15:00,ccf-aiops-武汉,cr-1,cr,ipv6_route_change_total,"prefix=""fd00:6:40::/64""",0
2026-07-28 15:15:00,ccf-aiops-武汉,cr-1,cr,ipv6_route_change_total,"prefix=""fd00:7:40::/64""",0
2026-07-28 15:15:00,ccf-aiops-武汉,cr-1,cr,ipv6_route_change_total,"prefix=""fd00:8:40::/64""",0
2026-07-28 15:15:00,ccf-aiops-武汉,cr-1,cr,ipv6_route_change_total,"prefix=""fd00:4:40::/64""",0
2026-07-28 15:15:00,ccf-aiops-武汉,cr-1,cr,ipv6_route_change_total,"prefix=""fd00:2:40::/64""",0
2026-07-28 15:15:00,ccf-aiops-武汉,cr-1,cr,ipv6_route_change_total,"prefix=""fd00:1:40::/64""",0
2026-07-28 15:15:00,ccf-aiops-武汉,cr-1,cr,ipv6_route_change_total,"prefix=""::/0""",0
2026-07-28 15:15:00,ccf-aiops-武汉,cr-1,cr,ipv6_route_count,"protocol=""ospf""",7
2026-07-28 15:15:00,ccf-aiops-武汉,cr-1,cr,ipv6_route_count,"protocol=""kernel""",6
2026-07-28 15:15:00,ccf-aiops-武汉,cr-1,cr,ipv6_route_count,"protocol=""all""",15
2026-07-28 15:15:00,ccf-aiops-武汉,cr-1,cr,ipv6_route_count,"protocol=""196""",2
2026-07-28 15:15:00,ccf-aiops-武汉,cr-1,cr,ipv6_route_exists,"prefix=""fd00:7:40::/64""",1
2026-07-28 15:15:00,ccf-aiops-武汉,cr-1,cr,ipv6_route_exists,"prefix=""fd00:8:40::/64""",1
2026-07-28 15:15:00,ccf-aiops-武汉,cr-1,cr,ipv6_route_exists,"prefix=""fd00:6:40::/64""",1
2026-07-28 15:15:00,ccf-aiops-武汉,cr-1,cr,ipv6_route_exists,"prefix=""fd00:5:40::/64""",1
2026-07-28 15:15:00,ccf-aiops-武汉,cr-1,cr,ipv6_route_exists,"prefix=""fd00:3:40::/64""",1
2026-07-28 15:15:00,ccf-aiops-武汉,cr-1,cr,ipv6_route_exists,"prefix=""fd00:2:40::/64""",1
2026-07-28 15:15:00,ccf-aiops-武汉,cr-1,cr,ipv6_route_exists,"prefix=""fd00:4:40::/64""",1
2026-07-28 15:15:00,ccf-aiops-武汉,cr-1,cr,ipv6_route_exists,"prefix=""fd00:1:40::/64""",1
2026-07-28 15:15:00,ccf-aiops-武汉,cr-1,cr,ipv6_route_exists,"prefix=""::/0""",1
2026-07-28 15:15:00,ccf-aiops-武汉,cr-1,cr,ipv6_route_nexthop_info,"prefix=""fd00:6:40::/64"",next_hop=""fe80::5:20:2"",dev=""ens4"",protocol=""ospf"",metric=""20"",route_index=""0"",nh_index=""1""",1
2026-07-28 15:15:00,ccf-aiops-武汉,cr-1,cr,ipv6_route_nexthop_info,"prefix=""fd00:4:40::/64"",next_hop=""fe80::5:20:2"",dev=""ens4"",protocol=""ospf"",metric=""20"",route_index=""0"",nh_index=""1""",1
2026-07-28 15:15:00,ccf-aiops-武汉,cr-1,cr,ipv6_route_nexthop_info,"prefix=""fd00:3:40::/64"",next_hop=""fe80::5:20:2"",dev=""ens4"",protocol=""ospf"",metric=""20"",route_index=""0"",nh_index=""1""",1
2026-07-28 15:15:00,ccf-aiops-武汉,cr-1,cr,ipv6_route_nexthop_info,"prefix=""fd00:2:40::/64"",next_hop=""fe80::5:20:2"",dev=""ens4"",protocol=""ospf"",metric=""20"",route_index=""0"",nh_index=""1""",1
2026-07-28 15:15:00,ccf-aiops-武汉,cr-1,cr,ipv6_route_nexthop_info,"prefix=""fd00:1:40::/64"",next_hop=""fe80::5:20:2"",dev=""ens4"",protocol=""ospf"",metric=""20"",route_index=""0"",nh_index=""1""",1
2026-07-28 15:15:00,ccf-aiops-武汉,cr-1,cr,ipv6_route_nexthop_info,"prefix=""fd00:8:40::/64"",next_hop=""fe80::5:20:1"",dev=""ens4"",protocol=""ospf"",metric=""20"",route_index=""0"",nh_index=""0""",1
2026-07-28 15:15:00,ccf-aiops-武汉,cr-1,cr,ipv6_route_nexthop_info,"prefix=""fd00:7:40::/64"",next_hop=""fe80::5:20:1"",dev=""ens4"",protocol=""ospf"",metric=""20"",route_index=""0"",nh_index=""0""",1
2026-07-28 15:15:00,ccf-aiops-武汉,cr-1,cr,ipv6_route_nexthop_info,"prefix=""::/0"",next_hop=""fd00:5:20::1"",dev=""ens4"",protocol=""196"",metric=""20"",route_index=""0"",nh_index=""0""",1
2026-07-28 15:15:00,ccf-aiops-武汉,cr-1,cr,ipv6_route_nexthop_info,"prefix=""::/0"",next_hop=""fd00:5:20::2"",dev=""ens4"",protocol=""196"",metric=""20"",route_index=""0"",nh_index=""1""",1
2026-07-28 15:15:00,ccf-aiops-武汉,cr-1,cr,ipv6_route_nexthop_info,"prefix=""fd00:1:40::/64"",next_hop=""fe80::5:20:1"",dev=""ens4"",protocol=""ospf"",metric=""20"",route_index=""0"",nh_index=""0""",1
2026-07-28 15:15:00,ccf-aiops-武汉,cr-1,cr,ipv6_route_nexthop_info,"prefix=""fd00:2:40::/64"",next_hop=""fe80::5:20:1"",dev=""ens4"",protocol=""ospf"",metric=""20"",route_index=""0"",nh_index=""0""",1
2026-07-28 15:15:00,ccf-aiops-武汉,cr-1,cr,ipv6_route_nexthop_info,"prefix=""fd00:3:40::/64"",next_hop=""fe80::5:20:1"",dev=""ens4"",protocol=""ospf"",metric=""20"",route_index=""0"",nh_index=""0""",1
2026-07-28 15:15:00,ccf-aiops-武汉,cr-1,cr,ipv6_route_nexthop_info,"prefix=""fd00:4:40::/64"",next_hop=""fe80::5:20:1"",dev=""ens4"",protocol=""ospf"",metric=""20"",route_index=""0"",nh_index=""0""",1
2026-07-28 15:15:00,ccf-aiops-武汉,cr-1,cr,ipv6_route_nexthop_info,"prefix=""fd00:6:40::/64"",next_hop=""fe80::5:20:1"",dev=""ens4"",protocol=""ospf"",metric=""20"",route_index=""0"",nh_index=""0""",1
2026-07-28 15:15:00,ccf-aiops-武汉,cr-1,cr,ipv6_route_nexthop_info,"prefix=""fd00:7:40::/64"",next_hop=""fe80::5:20:2"",dev=""ens4"",protocol=""ospf"",metric=""20"",route_index=""0"",nh_index=""1""",1
2026-07-28 15:15:00,ccf-aiops-武汉,cr-1,cr,ipv6_route_nexthop_info,"prefix=""fd00:8:40::/64"",next_hop=""fe80::5:20:2"",dev=""ens4"",protocol=""ospf"",metric=""20"",route_index=""0"",nh_index=""1""",1
2026-07-28 15:15:00,ccf-aiops-武汉,cr-1,cr,ipv6_route_nexthop_info,"prefix=""fd00:5:40::/64"",next_hop=""fd00:5:30::254"",dev=""ens5"",protocol=""196"",metric=""20"",route_index=""0"",nh_index=""0""",1
2026-07-28 15:15:00,ccf-aiops-武汉,cr-1,cr,ospf6_interface_cost,"interface=""ens5""",1
2026-07-28 15:15:00,ccf-aiops-武汉,cr-1,cr,ospf6_interface_cost,"interface=""ens4""",1
2026-07-28 15:15:00,ccf-aiops-武汉,cr-1,cr,ospf6_interface_enabled,"interface=""ens8""",1
2026-07-28 15:15:00,ccf-aiops-武汉,cr-1,cr,ospf6_interface_enabled,"interface=""ens7""",1
2026-07-28 15:15:00,ccf-aiops-武汉,cr-1,cr,ospf6_interface_enabled,"interface=""ens6""",1
2026-07-28 15:15:00,ccf-aiops-武汉,cr-1,cr,ospf6_interface_enabled,"interface=""ens5""",1
2026-07-28 15:15:00,ccf-aiops-武汉,cr-1,cr,ospf6_interface_enabled,"interface=""ens4""",1
2026-07-28 15:15:00,ccf-aiops-武汉,cr-1,cr,ospf6_interface_enabled,"interface=""ens3""",1
2026-07-28 15:15:00,ccf-aiops-武汉,cr-1,cr,ospf6_interface_enabled,"interface=""ens12""",1
2026-07-28 15:15:00,ccf-aiops-武汉,cr-1,cr,ospf6_interface_enabled,"interface=""ens11""",1
2026-07-28 15:15:00,ccf-aiops-武汉,cr-1,cr,ospf6_interface_enabled,"interface=""ens10""",1
2026-07-28 15:15:00,ccf-aiops-武汉,cr-1,cr,ospf6_interface_enabled,"interface=""virbr0""",0
2026-07-28 15:15:00,ccf-aiops-武汉,cr-1,cr,ospf6_interface_enabled,"interface=""lo""",1
2026-07-28 15:15:00,ccf-aiops-武汉,cr-1,cr,ospf6_interface_enabled,"interface=""ens9""",1
2026-07-28 15:15:00,ccf-aiops-武汉,cr-1,cr,ospf6_neighbor_state_code,"state=""Full"",interface=""ens5"",neighbor_id=""5.5.5.12""",6
2026-07-28 15:15:00,ccf-aiops-武汉,cr-1,cr,ospf6_neighbor_state_code,"state=""Full"",interface=""ens4"",neighbor_id=""5.5.5.2""",6
2026-07-28 15:15:00,ccf-aiops-武汉,cr-1,cr,ospf6_neighbor_state_code,"state=""Full"",interface=""ens4"",neighbor_id=""5.5.5.12""",6
2026-07-28 15:15:00,ccf-aiops-武汉,cr-1,cr,ospf6_neighbor_state_code,"state=""Full"",interface=""ens4"",neighbor_id=""5.5.5.1""",6
2026-07-28 15:15:00,ccf-aiops-武汉,cr-1,cr,bgp_command_success,,
2026-07-28 15:15:00,ccf-aiops-武汉,cr-1,cr,bgp_peer_up,,
2026-07-28 15:15:00,ccf-aiops-武汉,cr-1,cr,bgp_peer_uptime_seconds,,
2026-07-28 15:15:00,ccf-aiops-武汉,cr-1,cr,bgp_peer_prefix_received,,
2026-07-28 15:15:00,ccf-aiops-武汉,cr-1,cr,bgp_peer_prefix_sent,,
2026-07-28 15:15:00,ccf-aiops-武汉,cr-1,cr,bgp_peer_count,,
2026-07-28 15:15:00,ccf-aiops-武汉,cr-2,cr,ipv6_default_route_changed_total,,0
2026-07-28 15:15:00,ccf-aiops-武汉,cr-2,cr,ipv6_default_route_info,"next_hop=""fd00:5:20::1"",dev=""ens4"",protocol=""196"",metric=""20"",route_index=""0"",nh_index=""0""",1
2026-07-28 15:15:00,ccf-aiops-武汉,cr-2,cr,ipv6_default_route_info,"next_hop=""fd00:5:20::2"",dev=""ens4"",protocol=""196"",metric=""20"",route_index=""0"",nh_index=""1""",1
2026-07-28 15:15:00,ccf-aiops-武汉,cr-2,cr,ipv6_route_change_total,"prefix=""fd00:4:40::/64""",0
2026-07-28 15:15:00,ccf-aiops-武汉,cr-2,cr,ipv6_route_change_total,"prefix=""fd00:1:40::/64""",0
2026-07-28 15:15:00,ccf-aiops-武汉,cr-2,cr,ipv6_route_change_total,"prefix=""fd00:2:40::/64""",0
2026-07-28 15:15:00,ccf-aiops-武汉,cr-2,cr,ipv6_route_change_total,"prefix=""fd00:3:40::/64""",0
2026-07-28 15:15:00,ccf-aiops-武汉,cr-2,cr,ipv6_route_change_total,"prefix=""::/0""",0
2026-07-28 15:15:00,ccf-aiops-武汉,cr-2,cr,ipv6_route_change_total,"prefix=""fd00:8:40::/64""",0
2026-07-28 15:15:00,ccf-aiops-武汉,cr-2,cr,ipv6_route_change_total,"prefix=""fd00:7:40::/64""",0
2026-07-28 15:15:00,ccf-aiops-武汉,cr-2,cr,ipv6_route_change_total,"prefix=""fd00:6:40::/64""",0
2026-07-28 15:15:00,ccf-aiops-武汉,cr-2,cr,ipv6_route_change_total,"prefix=""fd00:5:40::/64""",0
2026-07-28 15:15:00,ccf-aiops-武汉,cr-2,cr,ipv6_route_count,"protocol=""kernel""",6
2026-07-28 15:15:00,ccf-aiops-武汉,cr-2,cr,ipv6_route_count,"protocol=""all""",15
2026-07-28 15:15:00,ccf-aiops-武汉,cr-2,cr,ipv6_route_count,"protocol=""196""",2
2026-07-28 15:15:00,ccf-aiops-武汉,cr-2,cr,ipv6_route_count,"protocol=""ospf""",7
2026-07-28 15:15:00,ccf-aiops-武汉,cr-2,cr,ipv6_route_exists,"prefix=""fd00:2:40::/64""",1
2026-07-28 15:15:00,ccf-aiops-武汉,cr-2,cr,ipv6_route_exists,"prefix=""fd00:1:40::/64""",1
2026-07-28 15:15:00,ccf-aiops-武汉,cr-2,cr,ipv6_route_exists,"prefix=""::/0""",1
2026-07-28 15:15:00,ccf-aiops-武汉,cr-2,cr,ipv6_route_exists,"prefix=""fd00:3:40::/64""",1
2026-07-28 15:15:00,ccf-aiops-武汉,cr-2,cr,ipv6_route_exists,"prefix=""fd00:4:40::/64""",1
2026-07-28 15:15:00,ccf-aiops-武汉,cr-2,cr,ipv6_route_exists,"prefix=""fd00:5:40::/64""",1
2026-07-28 15:15:00,ccf-aiops-武汉,cr-2,cr,ipv6_route_exists,"prefix=""fd00:6:40::/64""",1
2026-07-28 15:15:00,ccf-aiops-武汉,cr-2,cr,ipv6_route_exists,"prefix=""fd00:7:40::/64""",1
2026-07-28 15:15:00,ccf-aiops-武汉,cr-2,cr,ipv6_route_exists,"prefix=""fd00:8:40::/64""",1
2026-07-28 15:15:00,ccf-aiops-武汉,cr-2,cr,ipv6_route_nexthop_info,"prefix=""fd00:4:40::/64"",next_hop=""fe80::5:20:1"",dev=""ens4"",protocol=""ospf"",metric=""20"",route_index=""0"",nh_index=""0""",1
2026-07-28 15:15:00,ccf-aiops-武汉,cr-2,cr,ipv6_route_nexthop_info,"prefix=""::/0"",next_hop=""fd00:5:20::1"",dev=""ens4"",protocol=""196"",metric=""20"",route_index=""0"",nh_index=""0""",1
2026-07-28 15:15:00,ccf-aiops-武汉,cr-2,cr,ipv6_route_nexthop_info,"prefix=""::/0"",next_hop=""fd00:5:20::2"",dev=""ens4"",protocol=""196"",metric=""20"",route_index=""0"",nh_index=""1""",1
2026-07-28 15:15:00,ccf-aiops-武汉,cr-2,cr,ipv6_route_nexthop_info,"prefix=""fd00:1:40::/64"",next_hop=""fe80::5:20:1"",dev=""ens4"",protocol=""ospf"",metric=""20"",route_index=""0"",nh_index=""0""",1
2026-07-28 15:15:00,ccf-aiops-武汉,cr-2,cr,ipv6_route_nexthop_info,"prefix=""fd00:2:40::/64"",next_hop=""fe80::5:20:1"",dev=""ens4"",protocol=""ospf"",metric=""20"",route_index=""0"",nh_index=""0""",1
2026-07-28 15:15:00,ccf-aiops-武汉,cr-2,cr,ipv6_route_nexthop_info,"prefix=""fd00:3:40::/64"",next_hop=""fe80::5:20:1"",dev=""ens4"",protocol=""ospf"",metric=""20"",route_index=""0"",nh_index=""0""",1
2026-07-28 15:15:00,ccf-aiops-武汉,cr-2,cr,ipv6_route_nexthop_info,"prefix=""fd00:6:40::/64"",next_hop=""fe80::5:20:1"",dev=""ens4"",protocol=""ospf"",metric=""20"",route_index=""0"",nh_index=""0""",1
2026-07-28 15:15:00,ccf-aiops-武汉,cr-2,cr,ipv6_route_nexthop_info,"prefix=""fd00:7:40::/64"",next_hop=""fe80::5:20:1"",dev=""ens4"",protocol=""ospf"",metric=""20"",route_index=""0"",nh_index=""0""",1
2026-07-28 15:15:00,ccf-aiops-武汉,cr-2,cr,ipv6_route_nexthop_info,"prefix=""fd00:8:40::/64"",next_hop=""fe80::5:20:1"",dev=""ens4"",protocol=""ospf"",metric=""20"",route_index=""0"",nh_index=""0""",1
2026-07-28 15:15:00,ccf-aiops-武汉,cr-2,cr,ipv6_route_nexthop_info,"prefix=""fd00:1:40::/64"",next_hop=""fe80::5:20:2"",dev=""ens4"",protocol=""ospf"",metric=""20"",route_index=""0"",nh_index=""1""",1
2026-07-28 15:15:00,ccf-aiops-武汉,cr-2,cr,ipv6_route_nexthop_info,"prefix=""fd00:2:40::/64"",next_hop=""fe80::5:20:2"",dev=""ens4"",protocol=""ospf"",metric=""20"",route_index=""0"",nh_index=""1""",1
2026-07-28 15:15:00,ccf-aiops-武汉,cr-2,cr,ipv6_route_nexthop_info,"prefix=""fd00:3:40::/64"",next_hop=""fe80::5:20:2"",dev=""ens4"",protocol=""ospf"",metric=""20"",route_index=""0"",nh_index=""1""",1
2026-07-28 15:15:00,ccf-aiops-武汉,cr-2,cr,ipv6_route_nexthop_info,"prefix=""fd00:4:40::/64"",next_hop=""fe80::5:20:2"",dev=""ens4"",protocol=""ospf"",metric=""20"",route_index=""0"",nh_index=""1""",1
2026-07-28 15:15:00,ccf-aiops-武汉,cr-2,cr,ipv6_route_nexthop_info,"prefix=""fd00:6:40::/64"",next_hop=""fe80::5:20:2"",dev=""ens4"",protocol=""ospf"",metric=""20"",route_index=""0"",nh_index=""1""",1
2026-07-28 15:15:00,ccf-aiops-武汉,cr-2,cr,ipv6_route_nexthop_info,"prefix=""fd00:7:40::/64"",next_hop=""fe80::5:20:2"",dev=""ens4"",protocol=""ospf"",metric=""20"",route_index=""0"",nh_index=""1""",1
2026-07-28 15:15:00,ccf-aiops-武汉,cr-2,cr,ipv6_route_nexthop_info,"prefix=""fd00:8:40::/64"",next_hop=""fe80::5:20:2"",dev=""ens4"",protocol=""ospf"",metric=""20"",route_index=""0"",nh_index=""1""",1
2026-07-28 15:15:00,ccf-aiops-武汉,cr-2,cr,ipv6_route_nexthop_info,"prefix=""fd00:5:40::/64"",next_hop=""fd00:5:30::254"",dev=""ens5"",protocol=""196"",metric=""20"",route_index=""0"",nh_index=""0""",1
2026-07-28 15:15:00,ccf-aiops-武汉,cr-2,cr,ospf6_interface_cost,"interface=""ens5""",1
2026-07-28 15:15:00,ccf-aiops-武汉,cr-2,cr,ospf6_interface_cost,"interface=""ens4""",1
2026-07-28 15:15:00,ccf-aiops-武汉,cr-2,cr,ospf6_interface_enabled,"interface=""ens12""",1
2026-07-28 15:15:00,ccf-aiops-武汉,cr-2,cr,ospf6_interface_enabled,"interface=""lo""",1
2026-07-28 15:15:00,ccf-aiops-武汉,cr-2,cr,ospf6_interface_enabled,"interface=""ens10""",1
2026-07-28 15:15:00,ccf-aiops-武汉,cr-2,cr,ospf6_interface_enabled,"interface=""ens11""",1
2026-07-28 15:15:00,ccf-aiops-武汉,cr-2,cr,ospf6_interface_enabled,"interface=""ens3""",1
2026-07-28 15:15:00,ccf-aiops-武汉,cr-2,cr,ospf6_interface_enabled,"interface=""ens4""",1
2026-07-28 15:15:00,ccf-aiops-武汉,cr-2,cr,ospf6_interface_enabled,"interface=""ens5""",1
2026-07-28 15:15:00,ccf-aiops-武汉,cr-2,cr,ospf6_interface_enabled,"interface=""ens6""",1
2026-07-28 15:15:00,ccf-aiops-武汉,cr-2,cr,ospf6_interface_enabled,"interface=""ens7""",1
2026-07-28 15:15:00,ccf-aiops-武汉,cr-2,cr,ospf6_interface_enabled,"interface=""ens8""",1
2026-07-28 15:15:00,ccf-aiops-武汉,cr-2,cr,ospf6_interface_enabled,"interface=""ens9""",1
2026-07-28 15:15:00,ccf-aiops-武汉,cr-2,cr,ospf6_interface_enabled,"interface=""virbr0""",0
2026-07-28 15:15:00,ccf-aiops-武汉,cr-2,cr,ospf6_neighbor_state_code,"state=""Full"",interface=""ens4"",neighbor_id=""5.5.5.1""",6
2026-07-28 15:15:00,ccf-aiops-武汉,cr-2,cr,ospf6_neighbor_state_code,"state=""Full"",interface=""ens4"",neighbor_id=""5.5.5.11""",6
2026-07-28 15:15:00,ccf-aiops-武汉,cr-2,cr,ospf6_neighbor_state_code,"state=""Full"",interface=""ens4"",neighbor_id=""5.5.5.2""",6
2026-07-28 15:15:00,ccf-aiops-武汉,cr-2,cr,ospf6_neighbor_state_code,"state=""Full"",interface=""ens5"",neighbor_id=""5.5.5.11""",6
2026-07-28 15:15:00,ccf-aiops-武汉,cr-2,cr,bgp_command_success,,
2026-07-28 15:15:00,ccf-aiops-武汉,cr-2,cr,bgp_peer_up,,
2026-07-28 15:15:00,ccf-aiops-武汉,cr-2,cr,bgp_peer_uptime_seconds,,
2026-07-28 15:15:00,ccf-aiops-武汉,cr-2,cr,bgp_peer_prefix_received,,
2026-07-28 15:15:00,ccf-aiops-武汉,cr-2,cr,bgp_peer_prefix_sent,,
2026-07-28 15:15:00,ccf-aiops-武汉,cr-2,cr,bgp_peer_count,,
2026-07-28 15:16:00,ccf-aiops-武汉,br-1,br,bgp_command_success,"command=""bgp_summary""",1
2026-07-28 15:16:00,ccf-aiops-武汉,br-1,br,bgp_peer_count,,6
2026-07-28 15:16:00,ccf-aiops-武汉,br-1,br,bgp_peer_prefix_received,"peer=""fd00:100:10::51"",remote_as=""65006"",state=""Established""",5
2026-07-28 15:16:00,ccf-aiops-武汉,br-1,br,bgp_peer_prefix_received,"peer=""fd00:100:10::71"",remote_as=""65008"",state=""Established""",4
2026-07-28 15:16:00,ccf-aiops-武汉,br-1,br,bgp_peer_prefix_received,"peer=""fd00:100:10::61"",remote_as=""65007"",state=""Established""",4
2026-07-28 15:16:00,ccf-aiops-武汉,br-1,br,bgp_peer_prefix_received,"peer=""fd00:100:10::31"",remote_as=""65004"",state=""Established""",2
2026-07-28 15:16:00,ccf-aiops-武汉,br-1,br,bgp_peer_prefix_received,"peer=""fd00:100:10::21"",remote_as=""65003"",state=""Established""",4
2026-07-28 15:16:00,ccf-aiops-武汉,br-1,br,bgp_peer_prefix_received,"peer=""fd00:100:10::1"",remote_as=""65001"",state=""Established""",5
2026-07-28 15:16:00,ccf-aiops-武汉,br-1,br,bgp_peer_prefix_sent,"peer=""fd00:100:10::71"",remote_as=""65008"",state=""Established""",8
2026-07-28 15:16:00,ccf-aiops-武汉,br-1,br,bgp_peer_prefix_sent,"peer=""fd00:100:10::61"",remote_as=""65007"",state=""Established""",8
2026-07-28 15:16:00,ccf-aiops-武汉,br-1,br,bgp_peer_prefix_sent,"peer=""fd00:100:10::1"",remote_as=""65001"",state=""Established""",8
2026-07-28 15:16:00,ccf-aiops-武汉,br-1,br,bgp_peer_prefix_sent,"peer=""fd00:100:10::21"",remote_as=""65003"",state=""Established""",8
2026-07-28 15:16:00,ccf-aiops-武汉,br-1,br,bgp_peer_prefix_sent,"peer=""fd00:100:10::31"",remote_as=""65004"",state=""Established""",8
2026-07-28 15:16:00,ccf-aiops-武汉,br-1,br,bgp_peer_prefix_sent,"peer=""fd00:100:10::51"",remote_as=""65006"",state=""Established""",8
2026-07-28 15:16:00,ccf-aiops-武汉,br-1,br,bgp_peer_up,"peer=""fd00:100:10::1"",remote_as=""65001"",state=""Established""",1
2026-07-28 15:16:00,ccf-aiops-武汉,br-1,br,bgp_peer_up,"peer=""fd00:100:10::71"",remote_as=""65008"",state=""Established""",1
2026-07-28 15:16:00,ccf-aiops-武汉,br-1,br,bgp_peer_up,"peer=""fd00:100:10::61"",remote_as=""65007"",state=""Established""",1
2026-07-28 15:16:00,ccf-aiops-武汉,br-1,br,bgp_peer_up,"peer=""fd00:100:10::51"",remote_as=""65006"",state=""Established""",1
2026-07-28 15:16:00,ccf-aiops-武汉,br-1,br,bgp_peer_up,"peer=""fd00:100:10::31"",remote_as=""65004"",state=""Established""",1
2026-07-28 15:16:00,ccf-aiops-武汉,br-1,br,bgp_peer_up,"peer=""fd00:100:10::21"",remote_as=""65003"",state=""Established""",1
2026-07-28 15:16:00,ccf-aiops-武汉,br-1,br,bgp_peer_uptime_seconds,"peer=""fd00:100:10::71"",remote_as=""65008"",state=""Established""",2422194
2026-07-28 15:16:00,ccf-aiops-武汉,br-1,br,bgp_peer_uptime_seconds,"peer=""fd00:100:10::61"",remote_as=""65007"",state=""Established""",2422319
2026-07-28 15:16:00,ccf-aiops-武汉,br-1,br,bgp_peer_uptime_seconds,"peer=""fd00:100:10::51"",remote_as=""65006"",state=""Established""",2422427
2026-07-28 15:16:00,ccf-aiops-武汉,br-1,br,bgp_peer_uptime_seconds,"peer=""fd00:100:10::31"",remote_as=""65004"",state=""Established""",2422515
2026-07-28 15:16:00,ccf-aiops-武汉,br-1,br,bgp_peer_uptime_seconds,"peer=""fd00:100:10::21"",remote_as=""65003"",state=""Established""",1735153
2026-07-28 15:16:00,ccf-aiops-武汉,br-1,br,bgp_peer_uptime_seconds,"peer=""fd00:100:10::1"",remote_as=""65001"",state=""Established""",2422515
2026-07-28 15:16:00,ccf-aiops-武汉,br-1,br,ipv6_default_route_changed_total,,0
2026-07-28 15:16:00,ccf-aiops-武汉,br-1,br,ipv6_default_route_info,"next_hop=""240a:a023::1"",dev=""ens4"",protocol=""unknown"",metric=""1024"",route_index=""0"",nh_index=""0""",1
2026-07-28 15:16:00,ccf-aiops-武汉,br-1,br,ipv6_route_change_total,"prefix=""fd00:7:40::/64""",8
2026-07-28 15:16:00,ccf-aiops-武汉,br-1,br,ipv6_route_change_total,"prefix=""::/0""",0
2026-07-28 15:16:00,ccf-aiops-武汉,br-1,br,ipv6_route_change_total,"prefix=""fd00:1:40::/64""",0
2026-07-28 15:16:00,ccf-aiops-武汉,br-1,br,ipv6_route_change_total,"prefix=""fd00:2:40::/64""",2
2026-07-28 15:16:00,ccf-aiops-武汉,br-1,br,ipv6_route_change_total,"prefix=""fd00:3:40::/64""",0
2026-07-28 15:16:00,ccf-aiops-武汉,br-1,br,ipv6_route_change_total,"prefix=""fd00:4:40::/64""",0
2026-07-28 15:16:00,ccf-aiops-武汉,br-1,br,ipv6_route_change_total,"prefix=""fd00:5:40::/64""",0
2026-07-28 15:16:00,ccf-aiops-武汉,br-1,br,ipv6_route_change_total,"prefix=""fd00:6:40::/64""",0
2026-07-28 15:16:00,ccf-aiops-武汉,br-1,br,ipv6_route_change_total,"prefix=""fd00:8:40::/64""",0
2026-07-28 15:16:00,ccf-aiops-武汉,br-1,br,ipv6_route_count,"protocol=""all""",17
2026-07-28 15:16:00,ccf-aiops-武汉,br-1,br,ipv6_route_count,"protocol=""unknown""",1
2026-07-28 15:16:00,ccf-aiops-武汉,br-1,br,ipv6_route_count,"protocol=""ospf""",2
2026-07-28 15:16:00,ccf-aiops-武汉,br-1,br,ipv6_route_count,"protocol=""kernel""",7
2026-07-28 15:16:00,ccf-aiops-武汉,br-1,br,ipv6_route_count,"protocol=""bgp""",7
2026-07-28 15:16:00,ccf-aiops-武汉,br-1,br,ipv6_route_exists,"prefix=""fd00:1:40::/64""",1
2026-07-28 15:16:00,ccf-aiops-武汉,br-1,br,ipv6_route_exists,"prefix=""fd00:2:40::/64""",1
2026-07-28 15:16:00,ccf-aiops-武汉,br-1,br,ipv6_route_exists,"prefix=""::/0""",1
2026-07-28 15:16:00,ccf-aiops-武汉,br-1,br,ipv6_route_exists,"prefix=""fd00:8:40::/64""",1
2026-07-28 15:16:00,ccf-aiops-武汉,br-1,br,ipv6_route_exists,"prefix=""fd00:7:40::/64""",1
2026-07-28 15:16:00,ccf-aiops-武汉,br-1,br,ipv6_route_exists,"prefix=""fd00:6:40::/64""",1
2026-07-28 15:16:00,ccf-aiops-武汉,br-1,br,ipv6_route_exists,"prefix=""fd00:5:40::/64""",1
2026-07-28 15:16:00,ccf-aiops-武汉,br-1,br,ipv6_route_exists,"prefix=""fd00:4:40::/64""",1
2026-07-28 15:16:00,ccf-aiops-武汉,br-1,br,ipv6_route_exists,"prefix=""fd00:3:40::/64""",1
2026-07-28 15:16:00,ccf-aiops-武汉,br-1,br,ipv6_route_nexthop_info,"prefix=""fd00:8:40::/64"",next_hop=""fe80::100:10:71"",dev=""ens4"",protocol=""bgp"",metric=""20"",route_index=""0"",nh_index=""0""",1
2026-07-28 15:16:00,ccf-aiops-武汉,br-1,br,ipv6_route_nexthop_info,"prefix=""fd00:5:40::/64"",next_hop=""fe80::5:20:12"",dev=""ens5"",protocol=""ospf"",metric=""20"",route_index=""0"",nh_index=""1""",1
2026-07-28 15:16:00,ccf-aiops-武汉,br-1,br,ipv6_route_nexthop_info,"prefix=""fd00:5:40::/64"",next_hop=""fe80::5:20:11"",dev=""ens5"",protocol=""ospf"",metric=""20"",route_index=""0"",nh_index=""0""",1
2026-07-28 15:16:00,ccf-aiops-武汉,br-1,br,ipv6_route_nexthop_info,"prefix=""fd00:7:40::/64"",next_hop=""fe80::100:10:61"",dev=""ens4"",protocol=""bgp"",metric=""20"",route_index=""0"",nh_index=""0""",1
2026-07-28 15:16:00,ccf-aiops-武汉,br-1,br,ipv6_route_nexthop_info,"prefix=""fd00:6:40::/64"",next_hop=""fe80::100:10:51"",dev=""ens4"",protocol=""bgp"",metric=""20"",route_index=""0"",nh_index=""0""",1
2026-07-28 15:16:00,ccf-aiops-武汉,br-1,br,ipv6_route_nexthop_info,"prefix=""fd00:4:40::/64"",next_hop=""fe80::100:10:31"",dev=""ens4"",protocol=""bgp"",metric=""20"",route_index=""0"",nh_index=""0""",1
2026-07-28 15:16:00,ccf-aiops-武汉,br-1,br,ipv6_route_nexthop_info,"prefix=""fd00:3:40::/64"",next_hop=""fe80::100:10:21"",dev=""ens4"",protocol=""bgp"",metric=""20"",route_index=""0"",nh_index=""0""",1
2026-07-28 15:16:00,ccf-aiops-武汉,br-1,br,ipv6_route_nexthop_info,"prefix=""::/0"",next_hop=""240a:a023::1"",dev=""ens4"",protocol=""unknown"",metric=""1024"",route_index=""0"",nh_index=""0""",1
2026-07-28 15:16:00,ccf-aiops-武汉,br-1,br,ipv6_route_nexthop_info,"prefix=""fd00:2:40::/64"",next_hop=""fe80::100:10:1"",dev=""ens4"",protocol=""bgp"",metric=""20"",route_index=""0"",nh_index=""0""",1
2026-07-28 15:16:00,ccf-aiops-武汉,br-1,br,ipv6_route_nexthop_info,"prefix=""fd00:1:40::/64"",next_hop=""fe80::100:10:1"",dev=""ens4"",protocol=""bgp"",metric=""20"",route_index=""0"",nh_index=""0""",1
2026-07-28 15:16:00,ccf-aiops-武汉,br-1,br,ospf6_interface_cost,"interface=""ens5""",1
2026-07-28 15:16:00,ccf-aiops-武汉,br-1,br,ospf6_interface_enabled,"interface=""ens9""",1
2026-07-28 15:16:00,ccf-aiops-武汉,br-1,br,ospf6_interface_enabled,"interface=""ens10""",1
2026-07-28 15:16:00,ccf-aiops-武汉,br-1,br,ospf6_interface_enabled,"interface=""ens11""",1
2026-07-28 15:16:00,ccf-aiops-武汉,br-1,br,ospf6_interface_enabled,"interface=""ens12""",1
2026-07-28 15:16:00,ccf-aiops-武汉,br-1,br,ospf6_interface_enabled,"interface=""ens3""",1
2026-07-28 15:16:00,ccf-aiops-武汉,br-1,br,ospf6_interface_enabled,"interface=""ens4""",1
2026-07-28 15:16:00,ccf-aiops-武汉,br-1,br,ospf6_interface_enabled,"interface=""ens5""",1
2026-07-28 15:16:00,ccf-aiops-武汉,br-1,br,ospf6_interface_enabled,"interface=""virbr0""",0
2026-07-28 15:16:00,ccf-aiops-武汉,br-1,br,ospf6_interface_enabled,"interface=""lo""",1
2026-07-28 15:16:00,ccf-aiops-武汉,br-1,br,ospf6_interface_enabled,"interface=""ens6""",1
2026-07-28 15:16:00,ccf-aiops-武汉,br-1,br,ospf6_interface_enabled,"interface=""ens7""",1
2026-07-28 15:16:00,ccf-aiops-武汉,br-1,br,ospf6_interface_enabled,"interface=""ens8""",1
2026-07-28 15:16:00,ccf-aiops-武汉,br-1,br,ospf6_neighbor_state_code,"state=""Full"",interface=""ens5"",neighbor_id=""5.5.5.11""",6
2026-07-28 15:16:00,ccf-aiops-武汉,br-1,br,ospf6_neighbor_state_code,"state=""Full"",interface=""ens5"",neighbor_id=""5.5.5.12""",6
2026-07-28 15:16:00,ccf-aiops-武汉,br-1,br,ospf6_neighbor_state_code,"state=""Twoway"",interface=""ens5"",neighbor_id=""5.5.5.2""",2
2026-07-28 15:16:00,ccf-aiops-武汉,br-2,br,bgp_command_success,"command=""bgp_summary""",1
2026-07-28 15:16:00,ccf-aiops-武汉,br-2,br,bgp_peer_count,,6
2026-07-28 15:16:00,ccf-aiops-武汉,br-2,br,bgp_peer_prefix_received,"peer=""fd00:100:10::72"",remote_as=""65008"",state=""Established""",3
2026-07-28 15:16:00,ccf-aiops-武汉,br-2,br,bgp_peer_prefix_received,"peer=""fd00:100:10::62"",remote_as=""65007"",state=""Established""",4
2026-07-28 15:16:00,ccf-aiops-武汉,br-2,br,bgp_peer_prefix_received,"peer=""fd00:100:10::52"",remote_as=""65006"",state=""Established""",6
2026-07-28 15:16:00,ccf-aiops-武汉,br-2,br,bgp_peer_prefix_received,"peer=""fd00:100:10::32"",remote_as=""65004"",state=""Established""",3
2026-07-28 15:16:00,ccf-aiops-武汉,br-2,br,bgp_peer_prefix_received,"peer=""fd00:100:10::22"",remote_as=""65003"",state=""Established""",5
2026-07-28 15:16:00,ccf-aiops-武汉,br-2,br,bgp_peer_prefix_received,"peer=""fd00:100:10::2"",remote_as=""65001"",state=""Established""",4
2026-07-28 15:16:00,ccf-aiops-武汉,br-2,br,bgp_peer_prefix_sent,"peer=""fd00:100:10::2"",remote_as=""65001"",state=""Established""",8
2026-07-28 15:16:00,ccf-aiops-武汉,br-2,br,bgp_peer_prefix_sent,"peer=""fd00:100:10::22"",remote_as=""65003"",state=""Established""",8
2026-07-28 15:16:00,ccf-aiops-武汉,br-2,br,bgp_peer_prefix_sent,"peer=""fd00:100:10::32"",remote_as=""65004"",state=""Established""",8
2026-07-28 15:16:00,ccf-aiops-武汉,br-2,br,bgp_peer_prefix_sent,"peer=""fd00:100:10::52"",remote_as=""65006"",state=""Established""",8
2026-07-28 15:16:00,ccf-aiops-武汉,br-2,br,bgp_peer_prefix_sent,"peer=""fd00:100:10::62"",remote_as=""65007"",state=""Established""",8
2026-07-28 15:16:00,ccf-aiops-武汉,br-2,br,bgp_peer_prefix_sent,"peer=""fd00:100:10::72"",remote_as=""65008"",state=""Established""",8
2026-07-28 15:16:00,ccf-aiops-武汉,br-2,br,bgp_peer_up,"peer=""fd00:100:10::72"",remote_as=""65008"",state=""Established""",1
2026-07-28 15:16:00,ccf-aiops-武汉,br-2,br,bgp_peer_up,"peer=""fd00:100:10::62"",remote_as=""65007"",state=""Established""",1
2026-07-28 15:16:00,ccf-aiops-武汉,br-2,br,bgp_peer_up,"peer=""fd00:100:10::52"",remote_as=""65006"",state=""Established""",1
2026-07-28 15:16:00,ccf-aiops-武汉,br-2,br,bgp_peer_up,"peer=""fd00:100:10::32"",remote_as=""65004"",state=""Established""",1
2026-07-28 15:16:00,ccf-aiops-武汉,br-2,br,bgp_peer_up,"peer=""fd00:100:10::22"",remote_as=""65003"",state=""Established""",1
2026-07-28 15:16:00,ccf-aiops-武汉,br-2,br,bgp_peer_up,"peer=""fd00:100:10::2"",remote_as=""65001"",state=""Established""",1
2026-07-28 15:16:00,ccf-aiops-武汉,br-2,br,bgp_peer_uptime_seconds,"peer=""fd00:100:10::62"",remote_as=""65007"",state=""Established""",2422292
2026-07-28 15:16:00,ccf-aiops-武汉,br-2,br,bgp_peer_uptime_seconds,"peer=""fd00:100:10::2"",remote_as=""65001"",state=""Established""",2422496
2026-07-28 15:16:00,ccf-aiops-武汉,br-2,br,bgp_peer_uptime_seconds,"peer=""fd00:100:10::22"",remote_as=""65003"",state=""Established""",704887
2026-07-28 15:16:00,ccf-aiops-武汉,br-2,br,bgp_peer_uptime_seconds,"peer=""fd00:100:10::32"",remote_as=""65004"",state=""Established""",2422496
2026-07-28 15:16:00,ccf-aiops-武汉,br-2,br,bgp_peer_uptime_seconds,"peer=""fd00:100:10::52"",remote_as=""65006"",state=""Established""",2422403
2026-07-28 15:16:00,ccf-aiops-武汉,br-2,br,bgp_peer_uptime_seconds,"peer=""fd00:100:10::72"",remote_as=""65008"",state=""Established""",2422175
2026-07-28 15:16:00,ccf-aiops-武汉,br-2,br,ipv6_default_route_changed_total,,0
2026-07-28 15:16:00,ccf-aiops-武汉,br-2,br,ipv6_default_route_info,"next_hop=""240a:a023::1"",dev=""ens4"",protocol=""unknown"",metric=""1024"",route_index=""0"",nh_index=""0""",1
2026-07-28 15:16:00,ccf-aiops-武汉,br-2,br,ipv6_route_change_total,"prefix=""fd00:3:40::/64""",0
2026-07-28 15:16:00,ccf-aiops-武汉,br-2,br,ipv6_route_change_total,"prefix=""fd00:6:40::/64""",0
2026-07-28 15:16:00,ccf-aiops-武汉,br-2,br,ipv6_route_change_total,"prefix=""fd00:8:40::/64""",0
2026-07-28 15:16:00,ccf-aiops-武汉,br-2,br,ipv6_route_change_total,"prefix=""fd00:7:40::/64""",4
2026-07-28 15:16:00,ccf-aiops-武汉,br-2,br,ipv6_route_change_total,"prefix=""::/0""",0
2026-07-28 15:16:00,ccf-aiops-武汉,br-2,br,ipv6_route_change_total,"prefix=""fd00:1:40::/64""",0
2026-07-28 15:16:00,ccf-aiops-武汉,br-2,br,ipv6_route_change_total,"prefix=""fd00:2:40::/64""",2
2026-07-28 15:16:00,ccf-aiops-武汉,br-2,br,ipv6_route_change_total,"prefix=""fd00:4:40::/64""",0
2026-07-28 15:16:00,ccf-aiops-武汉,br-2,br,ipv6_route_change_total,"prefix=""fd00:5:40::/64""",0
2026-07-28 15:16:00,ccf-aiops-武汉,br-2,br,ipv6_route_count,"protocol=""unknown""",1
2026-07-28 15:16:00,ccf-aiops-武汉,br-2,br,ipv6_route_count,"protocol=""all""",17
2026-07-28 15:16:00,ccf-aiops-武汉,br-2,br,ipv6_route_count,"protocol=""bgp""",7
2026-07-28 15:16:00,ccf-aiops-武汉,br-2,br,ipv6_route_count,"protocol=""kernel""",7
2026-07-28 15:16:00,ccf-aiops-武汉,br-2,br,ipv6_route_count,"protocol=""ospf""",2
2026-07-28 15:16:00,ccf-aiops-武汉,br-2,br,ipv6_route_exists,"prefix=""fd00:8:40::/64""",1
2026-07-28 15:16:00,ccf-aiops-武汉,br-2,br,ipv6_route_exists,"prefix=""fd00:7:40::/64""",1
2026-07-28 15:16:00,ccf-aiops-武汉,br-2,br,ipv6_route_exists,"prefix=""fd00:6:40::/64""",1
2026-07-28 15:16:00,ccf-aiops-武汉,br-2,br,ipv6_route_exists,"prefix=""fd00:5:40::/64""",1
2026-07-28 15:16:00,ccf-aiops-武汉,br-2,br,ipv6_route_exists,"prefix=""fd00:4:40::/64""",1
2026-07-28 15:16:00,ccf-aiops-武汉,br-2,br,ipv6_route_exists,"prefix=""::/0""",1
2026-07-28 15:16:00,ccf-aiops-武汉,br-2,br,ipv6_route_exists,"prefix=""fd00:1:40::/64""",1
2026-07-28 15:16:00,ccf-aiops-武汉,br-2,br,ipv6_route_exists,"prefix=""fd00:2:40::/64""",1
2026-07-28 15:16:00,ccf-aiops-武汉,br-2,br,ipv6_route_exists,"prefix=""fd00:3:40::/64""",1
2026-07-28 15:16:00,ccf-aiops-武汉,br-2,br,ipv6_route_nexthop_info,"prefix=""::/0"",next_hop=""240a:a023::1"",dev=""ens4"",protocol=""unknown"",metric=""1024"",route_index=""0"",nh_index=""0""",1
2026-07-28 15:16:00,ccf-aiops-武汉,br-2,br,ipv6_route_nexthop_info,"prefix=""fd00:1:40::/64"",next_hop=""fe80::100:10:2"",dev=""ens4"",protocol=""bgp"",metric=""20"",route_index=""0"",nh_index=""0""",1
2026-07-28 15:16:00,ccf-aiops-武汉,br-2,br,ipv6_route_nexthop_info,"prefix=""fd00:2:40::/64"",next_hop=""fe80::100:10:2"",dev=""ens4"",protocol=""bgp"",metric=""20"",route_index=""0"",nh_index=""0""",1
2026-07-28 15:16:00,ccf-aiops-武汉,br-2,br,ipv6_route_nexthop_info,"prefix=""fd00:3:40::/64"",next_hop=""fe80::100:10:22"",dev=""ens4"",protocol=""bgp"",metric=""20"",route_index=""0"",nh_index=""0""",1
2026-07-28 15:16:00,ccf-aiops-武汉,br-2,br,ipv6_route_nexthop_info,"prefix=""fd00:4:40::/64"",next_hop=""fe80::100:10:32"",dev=""ens4"",protocol=""bgp"",metric=""20"",route_index=""0"",nh_index=""0""",1
2026-07-28 15:16:00,ccf-aiops-武汉,br-2,br,ipv6_route_nexthop_info,"prefix=""fd00:6:40::/64"",next_hop=""fe80::100:10:52"",dev=""ens4"",protocol=""bgp"",metric=""20"",route_index=""0"",nh_index=""0""",1
2026-07-28 15:16:00,ccf-aiops-武汉,br-2,br,ipv6_route_nexthop_info,"prefix=""fd00:7:40::/64"",next_hop=""fe80::100:10:62"",dev=""ens4"",protocol=""bgp"",metric=""20"",route_index=""0"",nh_index=""0""",1
2026-07-28 15:16:00,ccf-aiops-武汉,br-2,br,ipv6_route_nexthop_info,"prefix=""fd00:8:40::/64"",next_hop=""fe80::100:10:72"",dev=""ens4"",protocol=""bgp"",metric=""20"",route_index=""0"",nh_index=""0""",1
2026-07-28 15:16:00,ccf-aiops-武汉,br-2,br,ipv6_route_nexthop_info,"prefix=""fd00:5:40::/64"",next_hop=""fe80::5:20:12"",dev=""ens5"",protocol=""ospf"",metric=""20"",route_index=""0"",nh_index=""1""",1
2026-07-28 15:16:00,ccf-aiops-武汉,br-2,br,ipv6_route_nexthop_info,"prefix=""fd00:5:40::/64"",next_hop=""fe80::5:20:11"",dev=""ens5"",protocol=""ospf"",metric=""20"",route_index=""0"",nh_index=""0""",1
2026-07-28 15:16:00,ccf-aiops-武汉,br-2,br,ospf6_interface_cost,"interface=""ens5""",1
2026-07-28 15:16:00,ccf-aiops-武汉,br-2,br,ospf6_interface_enabled,"interface=""ens10""",1
2026-07-28 15:16:00,ccf-aiops-武汉,br-2,br,ospf6_interface_enabled,"interface=""ens11""",1
2026-07-28 15:16:00,ccf-aiops-武汉,br-2,br,ospf6_interface_enabled,"interface=""virbr0""",0
2026-07-28 15:16:00,ccf-aiops-武汉,br-2,br,ospf6_interface_enabled,"interface=""ens3""",1
2026-07-28 15:16:00,ccf-aiops-武汉,br-2,br,ospf6_interface_enabled,"interface=""ens4""",1
2026-07-28 15:16:00,ccf-aiops-武汉,br-2,br,ospf6_interface_enabled,"interface=""ens5""",1
2026-07-28 15:16:00,ccf-aiops-武汉,br-2,br,ospf6_interface_enabled,"interface=""ens12""",1
2026-07-28 15:16:00,ccf-aiops-武汉,br-2,br,ospf6_interface_enabled,"interface=""ens6""",1
2026-07-28 15:16:00,ccf-aiops-武汉,br-2,br,ospf6_interface_enabled,"interface=""ens7""",1
2026-07-28 15:16:00,ccf-aiops-武汉,br-2,br,ospf6_interface_enabled,"interface=""ens8""",1
2026-07-28 15:16:00,ccf-aiops-武汉,br-2,br,ospf6_interface_enabled,"interface=""ens9""",1
2026-07-28 15:16:00,ccf-aiops-武汉,br-2,br,ospf6_interface_enabled,"interface=""lo""",1
2026-07-28 15:16:00,ccf-aiops-武汉,br-2,br,ospf6_neighbor_state_code,"state=""Twoway"",interface=""ens5"",neighbor_id=""5.5.5.1""",2
2026-07-28 15:16:00,ccf-aiops-武汉,br-2,br,ospf6_neighbor_state_code,"state=""Full"",interface=""ens5"",neighbor_id=""5.5.5.11""",6
2026-07-28 15:16:00,ccf-aiops-武汉,br-2,br,ospf6_neighbor_state_code,"state=""Full"",interface=""ens5"",neighbor_id=""5.5.5.12""",6
2026-07-28 15:16:00,ccf-aiops-武汉,cr-1,cr,ipv6_default_route_changed_total,,0
2026-07-28 15:16:00,ccf-aiops-武汉,cr-1,cr,ipv6_default_route_info,"next_hop=""fd00:5:20::2"",dev=""ens4"",protocol=""196"",metric=""20"",route_index=""0"",nh_index=""1""",1
2026-07-28 15:16:00,ccf-aiops-武汉,cr-1,cr,ipv6_default_route_info,"next_hop=""fd00:5:20::1"",dev=""ens4"",protocol=""196"",metric=""20"",route_index=""0"",nh_index=""0""",1
2026-07-28 15:16:00,ccf-aiops-武汉,cr-1,cr,ipv6_route_change_total,"prefix=""fd00:3:40::/64""",0
2026-07-28 15:16:00,ccf-aiops-武汉,cr-1,cr,ipv6_route_change_total,"prefix=""fd00:4:40::/64""",0
2026-07-28 15:16:00,ccf-aiops-武汉,cr-1,cr,ipv6_route_change_total,"prefix=""fd00:5:40::/64""",0
2026-07-28 15:16:00,ccf-aiops-武汉,cr-1,cr,ipv6_route_change_total,"prefix=""fd00:6:40::/64""",0
2026-07-28 15:16:00,ccf-aiops-武汉,cr-1,cr,ipv6_route_change_total,"prefix=""fd00:7:40::/64""",0
2026-07-28 15:16:00,ccf-aiops-武汉,cr-1,cr,ipv6_route_change_total,"prefix=""fd00:8:40::/64""",0
2026-07-28 15:16:00,ccf-aiops-武汉,cr-1,cr,ipv6_route_change_total,"prefix=""::/0""",0
2026-07-28 15:16:00,ccf-aiops-武汉,cr-1,cr,ipv6_route_change_total,"prefix=""fd00:1:40::/64""",0
2026-07-28 15:16:00,ccf-aiops-武汉,cr-1,cr,ipv6_route_change_total,"prefix=""fd00:2:40::/64""",0
2026-07-28 15:16:00,ccf-aiops-武汉,cr-1,cr,ipv6_route_count,"protocol=""all""",15
2026-07-28 15:16:00,ccf-aiops-武汉,cr-1,cr,ipv6_route_count,"protocol=""196""",2
2026-07-28 15:16:00,ccf-aiops-武汉,cr-1,cr,ipv6_route_count,"protocol=""kernel""",6
2026-07-28 15:16:00,ccf-aiops-武汉,cr-1,cr,ipv6_route_count,"protocol=""ospf""",7
2026-07-28 15:16:00,ccf-aiops-武汉,cr-1,cr,ipv6_route_exists,"prefix=""fd00:8:40::/64""",1
2026-07-28 15:16:00,ccf-aiops-武汉,cr-1,cr,ipv6_route_exists,"prefix=""::/0""",1
2026-07-28 15:16:00,ccf-aiops-武汉,cr-1,cr,ipv6_route_exists,"prefix=""fd00:1:40::/64""",1
2026-07-28 15:16:00,ccf-aiops-武汉,cr-1,cr,ipv6_route_exists,"prefix=""fd00:2:40::/64""",1
2026-07-28 15:16:00,ccf-aiops-武汉,cr-1,cr,ipv6_route_exists,"prefix=""fd00:3:40::/64""",1
2026-07-28 15:16:00,ccf-aiops-武汉,cr-1,cr,ipv6_route_exists,"prefix=""fd00:4:40::/64""",1
2026-07-28 15:16:00,ccf-aiops-武汉,cr-1,cr,ipv6_route_exists,"prefix=""fd00:5:40::/64""",1
2026-07-28 15:16:00,ccf-aiops-武汉,cr-1,cr,ipv6_route_exists,"prefix=""fd00:6:40::/64""",1
2026-07-28 15:16:00,ccf-aiops-武汉,cr-1,cr,ipv6_route_exists,"prefix=""fd00:7:40::/64""",1
2026-07-28 15:16:00,ccf-aiops-武汉,cr-1,cr,ipv6_route_nexthop_info,"prefix=""fd00:5:40::/64"",next_hop=""fd00:5:30::254"",dev=""ens5"",protocol=""196"",metric=""20"",route_index=""0"",nh_index=""0""",1
2026-07-28 15:16:00,ccf-aiops-武汉,cr-1,cr,ipv6_route_nexthop_info,"prefix=""fd00:4:40::/64"",next_hop=""fe80::5:20:1"",dev=""ens4"",protocol=""ospf"",metric=""20"",route_index=""0"",nh_index=""0""",1
2026-07-28 15:16:00,ccf-aiops-武汉,cr-1,cr,ipv6_route_nexthop_info,"prefix=""fd00:8:40::/64"",next_hop=""fe80::5:20:2"",dev=""ens4"",protocol=""ospf"",metric=""20"",route_index=""0"",nh_index=""1""",1
2026-07-28 15:16:00,ccf-aiops-武汉,cr-1,cr,ipv6_route_nexthop_info,"prefix=""fd00:7:40::/64"",next_hop=""fe80::5:20:1"",dev=""ens4"",protocol=""ospf"",metric=""20"",route_index=""0"",nh_index=""0""",1
2026-07-28 15:16:00,ccf-aiops-武汉,cr-1,cr,ipv6_route_nexthop_info,"prefix=""::/0"",next_hop=""fd00:5:20::1"",dev=""ens4"",protocol=""196"",metric=""20"",route_index=""0"",nh_index=""0""",1
2026-07-28 15:16:00,ccf-aiops-武汉,cr-1,cr,ipv6_route_nexthop_info,"prefix=""::/0"",next_hop=""fd00:5:20::2"",dev=""ens4"",protocol=""196"",metric=""20"",route_index=""0"",nh_index=""1""",1
2026-07-28 15:16:00,ccf-aiops-武汉,cr-1,cr,ipv6_route_nexthop_info,"prefix=""fd00:1:40::/64"",next_hop=""fe80::5:20:1"",dev=""ens4"",protocol=""ospf"",metric=""20"",route_index=""0"",nh_index=""0""",1
2026-07-28 15:16:00,ccf-aiops-武汉,cr-1,cr,ipv6_route_nexthop_info,"prefix=""fd00:2:40::/64"",next_hop=""fe80::5:20:1"",dev=""ens4"",protocol=""ospf"",metric=""20"",route_index=""0"",nh_index=""0""",1
2026-07-28 15:16:00,ccf-aiops-武汉,cr-1,cr,ipv6_route_nexthop_info,"prefix=""fd00:3:40::/64"",next_hop=""fe80::5:20:1"",dev=""ens4"",protocol=""ospf"",metric=""20"",route_index=""0"",nh_index=""0""",1
2026-07-28 15:16:00,ccf-aiops-武汉,cr-1,cr,ipv6_route_nexthop_info,"prefix=""fd00:6:40::/64"",next_hop=""fe80::5:20:1"",dev=""ens4"",protocol=""ospf"",metric=""20"",route_index=""0"",nh_index=""0""",1
2026-07-28 15:16:00,ccf-aiops-武汉,cr-1,cr,ipv6_route_nexthop_info,"prefix=""fd00:8:40::/64"",next_hop=""fe80::5:20:1"",dev=""ens4"",protocol=""ospf"",metric=""20"",route_index=""0"",nh_index=""0""",1
2026-07-28 15:16:00,ccf-aiops-武汉,cr-1,cr,ipv6_route_nexthop_info,"prefix=""fd00:1:40::/64"",next_hop=""fe80::5:20:2"",dev=""ens4"",protocol=""ospf"",metric=""20"",route_index=""0"",nh_index=""1""",1
2026-07-28 15:16:00,ccf-aiops-武汉,cr-1,cr,ipv6_route_nexthop_info,"prefix=""fd00:2:40::/64"",next_hop=""fe80::5:20:2"",dev=""ens4"",protocol=""ospf"",metric=""20"",route_index=""0"",nh_index=""1""",1
2026-07-28 15:16:00,ccf-aiops-武汉,cr-1,cr,ipv6_route_nexthop_info,"prefix=""fd00:3:40::/64"",next_hop=""fe80::5:20:2"",dev=""ens4"",protocol=""ospf"",metric=""20"",route_index=""0"",nh_index=""1""",1
2026-07-28 15:16:00,ccf-aiops-武汉,cr-1,cr,ipv6_route_nexthop_info,"prefix=""fd00:7:40::/64"",next_hop=""fe80::5:20:2"",dev=""ens4"",protocol=""ospf"",metric=""20"",route_index=""0"",nh_index=""1""",1
2026-07-28 15:16:00,ccf-aiops-武汉,cr-1,cr,ipv6_route_nexthop_info,"prefix=""fd00:4:40::/64"",next_hop=""fe80::5:20:2"",dev=""ens4"",protocol=""ospf"",metric=""20"",route_index=""0"",nh_index=""1""",1
2026-07-28 15:16:00,ccf-aiops-武汉,cr-1,cr,ipv6_route_nexthop_info,"prefix=""fd00:6:40::/64"",next_hop=""fe80::5:20:2"",dev=""ens4"",protocol=""ospf"",metric=""20"",route_index=""0"",nh_index=""1""",1
2026-07-28 15:16:00,ccf-aiops-武汉,cr-1,cr,ospf6_interface_cost,"interface=""ens5""",1
2026-07-28 15:16:00,ccf-aiops-武汉,cr-1,cr,ospf6_interface_cost,"interface=""ens4""",1
2026-07-28 15:16:00,ccf-aiops-武汉,cr-1,cr,ospf6_interface_enabled,"interface=""ens3""",1
2026-07-28 15:16:00,ccf-aiops-武汉,cr-1,cr,ospf6_interface_enabled,"interface=""ens10""",1
2026-07-28 15:16:00,ccf-aiops-武汉,cr-1,cr,ospf6_interface_enabled,"interface=""ens4""",1
2026-07-28 15:16:00,ccf-aiops-武汉,cr-1,cr,ospf6_interface_enabled,"interface=""ens5""",1
2026-07-28 15:16:00,ccf-aiops-武汉,cr-1,cr,ospf6_interface_enabled,"interface=""ens6""",1
2026-07-28 15:16:00,ccf-aiops-武汉,cr-1,cr,ospf6_interface_enabled,"interface=""ens11""",1
2026-07-28 15:16:00,ccf-aiops-武汉,cr-1,cr,ospf6_interface_enabled,"interface=""ens12""",1
2026-07-28 15:16:00,ccf-aiops-武汉,cr-1,cr,ospf6_interface_enabled,"interface=""ens8""",1
2026-07-28 15:16:00,ccf-aiops-武汉,cr-1,cr,ospf6_interface_enabled,"interface=""ens9""",1
2026-07-28 15:16:00,ccf-aiops-武汉,cr-1,cr,ospf6_interface_enabled,"interface=""lo""",1
2026-07-28 15:16:00,ccf-aiops-武汉,cr-1,cr,ospf6_interface_enabled,"interface=""virbr0""",0
2026-07-28 15:16:00,ccf-aiops-武汉,cr-1,cr,ospf6_interface_enabled,"interface=""ens7""",1
2026-07-28 15:16:00,ccf-aiops-武汉,cr-1,cr,ospf6_neighbor_state_code,"state=""Full"",interface=""ens5"",neighbor_id=""5.5.5.12""",6
2026-07-28 15:16:00,ccf-aiops-武汉,cr-1,cr,ospf6_neighbor_state_code,"state=""Full"",interface=""ens4"",neighbor_id=""5.5.5.2""",6
2026-07-28 15:16:00,ccf-aiops-武汉,cr-1,cr,ospf6_neighbor_state_code,"state=""Full"",interface=""ens4"",neighbor_id=""5.5.5.12""",6
2026-07-28 15:16:00,ccf-aiops-武汉,cr-1,cr,ospf6_neighbor_state_code,"state=""Full"",interface=""ens4"",neighbor_id=""5.5.5.1""",6
2026-07-28 15:16:00,ccf-aiops-武汉,cr-1,cr,bgp_command_success,,
2026-07-28 15:16:00,ccf-aiops-武汉,cr-1,cr,bgp_peer_up,,
2026-07-28 15:16:00,ccf-aiops-武汉,cr-1,cr,bgp_peer_uptime_seconds,,
2026-07-28 15:16:00,ccf-aiops-武汉,cr-1,cr,bgp_peer_prefix_received,,
2026-07-28 15:16:00,ccf-aiops-武汉,cr-1,cr,bgp_peer_prefix_sent,,
2026-07-28 15:16:00,ccf-aiops-武汉,cr-1,cr,bgp_peer_count,,
2026-07-28 15:16:00,ccf-aiops-武汉,cr-2,cr,ipv6_default_route_changed_total,,0
2026-07-28 15:16:00,ccf-aiops-武汉,cr-2,cr,ipv6_default_route_info,"next_hop=""fd00:5:20::2"",dev=""ens4"",protocol=""196"",metric=""20"",route_index=""0"",nh_index=""1""",1
2026-07-28 15:16:00,ccf-aiops-武汉,cr-2,cr,ipv6_default_route_info,"next_hop=""fd00:5:20::1"",dev=""ens4"",protocol=""196"",metric=""20"",route_index=""0"",nh_index=""0""",1
2026-07-28 15:16:00,ccf-aiops-武汉,cr-2,cr,ipv6_route_change_total,"prefix=""fd00:4:40::/64""",0
2026-07-28 15:16:00,ccf-aiops-武汉,cr-2,cr,ipv6_route_change_total,"prefix=""::/0""",0
2026-07-28 15:16:00,ccf-aiops-武汉,cr-2,cr,ipv6_route_change_total,"prefix=""fd00:1:40::/64""",0
2026-07-28 15:16:00,ccf-aiops-武汉,cr-2,cr,ipv6_route_change_total,"prefix=""fd00:2:40::/64""",0
2026-07-28 15:16:00,ccf-aiops-武汉,cr-2,cr,ipv6_route_change_total,"prefix=""fd00:8:40::/64""",0
2026-07-28 15:16:00,ccf-aiops-武汉,cr-2,cr,ipv6_route_change_total,"prefix=""fd00:7:40::/64""",0
2026-07-28 15:16:00,ccf-aiops-武汉,cr-2,cr,ipv6_route_change_total,"prefix=""fd00:6:40::/64""",0
2026-07-28 15:16:00,ccf-aiops-武汉,cr-2,cr,ipv6_route_change_total,"prefix=""fd00:5:40::/64""",0
2026-07-28 15:16:00,ccf-aiops-武汉,cr-2,cr,ipv6_route_change_total,"prefix=""fd00:3:40::/64""",0
2026-07-28 15:16:00,ccf-aiops-武汉,cr-2,cr,ipv6_route_count,"protocol=""ospf""",7
2026-07-28 15:16:00,ccf-aiops-武汉,cr-2,cr,ipv6_route_count,"protocol=""kernel""",6
2026-07-28 15:16:00,ccf-aiops-武汉,cr-2,cr,ipv6_route_count,"protocol=""all""",15
2026-07-28 15:16:00,ccf-aiops-武汉,cr-2,cr,ipv6_route_count,"protocol=""196""",2
2026-07-28 15:16:00,ccf-aiops-武汉,cr-2,cr,ipv6_route_exists,"prefix=""::/0""",1
2026-07-28 15:16:00,ccf-aiops-武汉,cr-2,cr,ipv6_route_exists,"prefix=""fd00:7:40::/64""",1
2026-07-28 15:16:00,ccf-aiops-武汉,cr-2,cr,ipv6_route_exists,"prefix=""fd00:1:40::/64""",1
2026-07-28 15:16:00,ccf-aiops-武汉,cr-2,cr,ipv6_route_exists,"prefix=""fd00:2:40::/64""",1
2026-07-28 15:16:00,ccf-aiops-武汉,cr-2,cr,ipv6_route_exists,"prefix=""fd00:3:40::/64""",1
2026-07-28 15:16:00,ccf-aiops-武汉,cr-2,cr,ipv6_route_exists,"prefix=""fd00:8:40::/64""",1
2026-07-28 15:16:00,ccf-aiops-武汉,cr-2,cr,ipv6_route_exists,"prefix=""fd00:4:40::/64""",1
2026-07-28 15:16:00,ccf-aiops-武汉,cr-2,cr,ipv6_route_exists,"prefix=""fd00:5:40::/64""",1
2026-07-28 15:16:00,ccf-aiops-武汉,cr-2,cr,ipv6_route_exists,"prefix=""fd00:6:40::/64""",1
2026-07-28 15:16:00,ccf-aiops-武汉,cr-2,cr,ipv6_route_nexthop_info,"prefix=""fd00:4:40::/64"",next_hop=""fe80::5:20:2"",dev=""ens4"",protocol=""ospf"",metric=""20"",route_index=""0"",nh_index=""1""",1
2026-07-28 15:16:00,ccf-aiops-武汉,cr-2,cr,ipv6_route_nexthop_info,"prefix=""fd00:1:40::/64"",next_hop=""fe80::5:20:1"",dev=""ens4"",protocol=""ospf"",metric=""20"",route_index=""0"",nh_index=""0""",1
2026-07-28 15:16:00,ccf-aiops-武汉,cr-2,cr,ipv6_route_nexthop_info,"prefix=""fd00:2:40::/64"",next_hop=""fe80::5:20:2"",dev=""ens4"",protocol=""ospf"",metric=""20"",route_index=""0"",nh_index=""1""",1
2026-07-28 15:16:00,ccf-aiops-武汉,cr-2,cr,ipv6_route_nexthop_info,"prefix=""fd00:1:40::/64"",next_hop=""fe80::5:20:2"",dev=""ens4"",protocol=""ospf"",metric=""20"",route_index=""0"",nh_index=""1""",1
2026-07-28 15:16:00,ccf-aiops-武汉,cr-2,cr,ipv6_route_nexthop_info,"prefix=""fd00:8:40::/64"",next_hop=""fe80::5:20:1"",dev=""ens4"",protocol=""ospf"",metric=""20"",route_index=""0"",nh_index=""0""",1
2026-07-28 15:16:00,ccf-aiops-武汉,cr-2,cr,ipv6_route_nexthop_info,"prefix=""fd00:7:40::/64"",next_hop=""fe80::5:20:1"",dev=""ens4"",protocol=""ospf"",metric=""20"",route_index=""0"",nh_index=""0""",1
2026-07-28 15:16:00,ccf-aiops-武汉,cr-2,cr,ipv6_route_nexthop_info,"prefix=""fd00:6:40::/64"",next_hop=""fe80::5:20:1"",dev=""ens4"",protocol=""ospf"",metric=""20"",route_index=""0"",nh_index=""0""",1
2026-07-28 15:16:00,ccf-aiops-武汉,cr-2,cr,ipv6_route_nexthop_info,"prefix=""fd00:4:40::/64"",next_hop=""fe80::5:20:1"",dev=""ens4"",protocol=""ospf"",metric=""20"",route_index=""0"",nh_index=""0""",1
2026-07-28 15:16:00,ccf-aiops-武汉,cr-2,cr,ipv6_route_nexthop_info,"prefix=""fd00:3:40::/64"",next_hop=""fe80::5:20:1"",dev=""ens4"",protocol=""ospf"",metric=""20"",route_index=""0"",nh_index=""0""",1
2026-07-28 15:16:00,ccf-aiops-武汉,cr-2,cr,ipv6_route_nexthop_info,"prefix=""fd00:2:40::/64"",next_hop=""fe80::5:20:1"",dev=""ens4"",protocol=""ospf"",metric=""20"",route_index=""0"",nh_index=""0""",1
2026-07-28 15:16:00,ccf-aiops-武汉,cr-2,cr,ipv6_route_nexthop_info,"prefix=""::/0"",next_hop=""fd00:5:20::2"",dev=""ens4"",protocol=""196"",metric=""20"",route_index=""0"",nh_index=""1""",1
2026-07-28 15:16:00,ccf-aiops-武汉,cr-2,cr,ipv6_route_nexthop_info,"prefix=""fd00:3:40::/64"",next_hop=""fe80::5:20:2"",dev=""ens4"",protocol=""ospf"",metric=""20"",route_index=""0"",nh_index=""1""",1
2026-07-28 15:16:00,ccf-aiops-武汉,cr-2,cr,ipv6_route_nexthop_info,"prefix=""::/0"",next_hop=""fd00:5:20::1"",dev=""ens4"",protocol=""196"",metric=""20"",route_index=""0"",nh_index=""0""",1
2026-07-28 15:16:00,ccf-aiops-武汉,cr-2,cr,ipv6_route_nexthop_info,"prefix=""fd00:6:40::/64"",next_hop=""fe80::5:20:2"",dev=""ens4"",protocol=""ospf"",metric=""20"",route_index=""0"",nh_index=""1""",1
2026-07-28 15:16:00,ccf-aiops-武汉,cr-2,cr,ipv6_route_nexthop_info,"prefix=""fd00:7:40::/64"",next_hop=""fe80::5:20:2"",dev=""ens4"",protocol=""ospf"",metric=""20"",route_index=""0"",nh_index=""1""",1
2026-07-28 15:16:00,ccf-aiops-武汉,cr-2,cr,ipv6_route_nexthop_info,"prefix=""fd00:8:40::/64"",next_hop=""fe80::5:20:2"",dev=""ens4"",protocol=""ospf"",metric=""20"",route_index=""0"",nh_index=""1""",1
2026-07-28 15:16:00,ccf-aiops-武汉,cr-2,cr,ipv6_route_nexthop_info,"prefix=""fd00:5:40::/64"",next_hop=""fd00:5:30::254"",dev=""ens5"",protocol=""196"",metric=""20"",route_index=""0"",nh_index=""0""",1
2026-07-28 15:16:00,ccf-aiops-武汉,cr-2,cr,ospf6_interface_cost,"interface=""ens4""",1
2026-07-28 15:16:00,ccf-aiops-武汉,cr-2,cr,ospf6_interface_cost,"interface=""ens5""",1
2026-07-28 15:16:00,ccf-aiops-武汉,cr-2,cr,ospf6_interface_enabled,"interface=""virbr0""",0
2026-07-28 15:16:00,ccf-aiops-武汉,cr-2,cr,ospf6_interface_enabled,"interface=""lo""",1
2026-07-28 15:16:00,ccf-aiops-武汉,cr-2,cr,ospf6_interface_enabled,"interface=""ens10""",1
2026-07-28 15:16:00,ccf-aiops-武汉,cr-2,cr,ospf6_interface_enabled,"interface=""ens11""",1
2026-07-28 15:16:00,ccf-aiops-武汉,cr-2,cr,ospf6_interface_enabled,"interface=""ens12""",1
2026-07-28 15:16:00,ccf-aiops-武汉,cr-2,cr,ospf6_interface_enabled,"interface=""ens3""",1
2026-07-28 15:16:00,ccf-aiops-武汉,cr-2,cr,ospf6_interface_enabled,"interface=""ens4""",1
2026-07-28 15:16:00,ccf-aiops-武汉,cr-2,cr,ospf6_interface_enabled,"interface=""ens5""",1
2026-07-28 15:16:00,ccf-aiops-武汉,cr-2,cr,ospf6_interface_enabled,"interface=""ens6""",1
2026-07-28 15:16:00,ccf-aiops-武汉,cr-2,cr,ospf6_interface_enabled,"interface=""ens7""",1
2026-07-28 15:16:00,ccf-aiops-武汉,cr-2,cr,ospf6_interface_enabled,"interface=""ens8""",1
2026-07-28 15:16:00,ccf-aiops-武汉,cr-2,cr,ospf6_interface_enabled,"interface=""ens9""",1
2026-07-28 15:16:00,ccf-aiops-武汉,cr-2,cr,ospf6_neighbor_state_code,"state=""Full"",interface=""ens4"",neighbor_id=""5.5.5.1""",6
2026-07-28 15:16:00,ccf-aiops-武汉,cr-2,cr,ospf6_neighbor_state_code,"state=""Full"",interface=""ens4"",neighbor_id=""5.5.5.11""",6
2026-07-28 15:16:00,ccf-aiops-武汉,cr-2,cr,ospf6_neighbor_state_code,"state=""Full"",interface=""ens4"",neighbor_id=""5.5.5.2""",6
2026-07-28 15:16:00,ccf-aiops-武汉,cr-2,cr,ospf6_neighbor_state_code,"state=""Full"",interface=""ens5"",neighbor_id=""5.5.5.11""",6
2026-07-28 15:16:00,ccf-aiops-武汉,cr-2,cr,bgp_command_success,,
2026-07-28 15:16:00,ccf-aiops-武汉,cr-2,cr,bgp_peer_up,,
2026-07-28 15:16:00,ccf-aiops-武汉,cr-2,cr,bgp_peer_uptime_seconds,,
2026-07-28 15:16:00,ccf-aiops-武汉,cr-2,cr,bgp_peer_prefix_received,,
2026-07-28 15:16:00,ccf-aiops-武汉,cr-2,cr,bgp_peer_prefix_sent,,
2026-07-28 15:16:00,ccf-aiops-武汉,cr-2,cr,bgp_peer_count,,
2026-07-28 15:17:00,ccf-aiops-武汉,br-1,br,bgp_command_success,"command=""bgp_summary""",1
2026-07-28 15:17:00,ccf-aiops-武汉,br-1,br,bgp_peer_count,,6
2026-07-28 15:17:00,ccf-aiops-武汉,br-1,br,bgp_peer_prefix_received,"peer=""fd00:100:10::1"",remote_as=""65001"",state=""Established""",5
2026-07-28 15:17:00,ccf-aiops-武汉,br-1,br,bgp_peer_prefix_received,"peer=""fd00:100:10::71"",remote_as=""65008"",state=""Established""",4
2026-07-28 15:17:00,ccf-aiops-武汉,br-1,br,bgp_peer_prefix_received,"peer=""fd00:100:10::61"",remote_as=""65007"",state=""Established""",4
2026-07-28 15:17:00,ccf-aiops-武汉,br-1,br,bgp_peer_prefix_received,"peer=""fd00:100:10::51"",remote_as=""65006"",state=""Established""",5
2026-07-28 15:17:00,ccf-aiops-武汉,br-1,br,bgp_peer_prefix_received,"peer=""fd00:100:10::21"",remote_as=""65003"",state=""Established""",4
2026-07-28 15:17:00,ccf-aiops-武汉,br-1,br,bgp_peer_prefix_received,"peer=""fd00:100:10::31"",remote_as=""65004"",state=""Established""",2
2026-07-28 15:17:00,ccf-aiops-武汉,br-1,br,bgp_peer_prefix_sent,"peer=""fd00:100:10::71"",remote_as=""65008"",state=""Established""",8
2026-07-28 15:17:00,ccf-aiops-武汉,br-1,br,bgp_peer_prefix_sent,"peer=""fd00:100:10::61"",remote_as=""65007"",state=""Established""",8
2026-07-28 15:17:00,ccf-aiops-武汉,br-1,br,bgp_peer_prefix_sent,"peer=""fd00:100:10::51"",remote_as=""65006"",state=""Established""",8
2026-07-28 15:17:00,ccf-aiops-武汉,br-1,br,bgp_peer_prefix_sent,"peer=""fd00:100:10::31"",remote_as=""65004"",state=""Established""",8
2026-07-28 15:17:00,ccf-aiops-武汉,br-1,br,bgp_peer_prefix_sent,"peer=""fd00:100:10::21"",remote_as=""65003"",state=""Established""",8
2026-07-28 15:17:00,ccf-aiops-武汉,br-1,br,bgp_peer_prefix_sent,"peer=""fd00:100:10::1"",remote_as=""65001"",state=""Established""",8
2026-07-28 15:17:00,ccf-aiops-武汉,br-1,br,bgp_peer_up,"peer=""fd00:100:10::21"",remote_as=""65003"",state=""Established""",1
2026-07-28 15:17:00,ccf-aiops-武汉,br-1,br,bgp_peer_up,"peer=""fd00:100:10::1"",remote_as=""65001"",state=""Established""",1
2026-07-28 15:17:00,ccf-aiops-武汉,br-1,br,bgp_peer_up,"peer=""fd00:100:10::31"",remote_as=""65004"",state=""Established""",1
2026-07-28 15:17:00,ccf-aiops-武汉,br-1,br,bgp_peer_up,"peer=""fd00:100:10::51"",remote_as=""65006"",state=""Established""",1
2026-07-28 15:17:00,ccf-aiops-武汉,br-1,br,bgp_peer_up,"peer=""fd00:100:10::61"",remote_as=""65007"",state=""Established""",1
2026-07-28 15:17:00,ccf-aiops-武汉,br-1,br,bgp_peer_up,"peer=""fd00:100:10::71"",remote_as=""65008"",state=""Established""",1
2026-07-28 15:17:00,ccf-aiops-武汉,br-1,br,bgp_peer_uptime_seconds,"peer=""fd00:100:10::31"",remote_as=""65004"",state=""Established""",2422576
2026-07-28 15:17:00,ccf-aiops-武汉,br-1,br,bgp_peer_uptime_seconds,"peer=""fd00:100:10::21"",remote_as=""65003"",state=""Established""",1735214
2026-07-28 15:17:00,ccf-aiops-武汉,br-1,br,bgp_peer_uptime_seconds,"peer=""fd00:100:10::1"",remote_as=""65001"",state=""Established""",2422576
2026-07-28 15:17:00,ccf-aiops-武汉,br-1,br,bgp_peer_uptime_seconds,"peer=""fd00:100:10::51"",remote_as=""65006"",state=""Established""",2422488
2026-07-28 15:17:00,ccf-aiops-武汉,br-1,br,bgp_peer_uptime_seconds,"peer=""fd00:100:10::61"",remote_as=""65007"",state=""Established""",2422380
2026-07-28 15:17:00,ccf-aiops-武汉,br-1,br,bgp_peer_uptime_seconds,"peer=""fd00:100:10::71"",remote_as=""65008"",state=""Established""",2422255
2026-07-28 15:17:00,ccf-aiops-武汉,br-1,br,ipv6_default_route_changed_total,,0
2026-07-28 15:17:00,ccf-aiops-武汉,br-1,br,ipv6_default_route_info,"next_hop=""240a:a023::1"",dev=""ens4"",protocol=""unknown"",metric=""1024"",route_index=""0"",nh_index=""0""",1
2026-07-28 15:17:00,ccf-aiops-武汉,br-1,br,ipv6_route_change_total,"prefix=""fd00:1:40::/64""",0
2026-07-28 15:17:00,ccf-aiops-武汉,br-1,br,ipv6_route_change_total,"prefix=""fd00:2:40::/64""",2
2026-07-28 15:17:00,ccf-aiops-武汉,br-1,br,ipv6_route_change_total,"prefix=""fd00:3:40::/64""",0
2026-07-28 15:17:00,ccf-aiops-武汉,br-1,br,ipv6_route_change_total,"prefix=""fd00:4:40::/64""",0
2026-07-28 15:17:00,ccf-aiops-武汉,br-1,br,ipv6_route_change_total,"prefix=""fd00:5:40::/64""",0
2026-07-28 15:17:00,ccf-aiops-武汉,br-1,br,ipv6_route_change_total,"prefix=""fd00:6:40::/64""",0
2026-07-28 15:17:00,ccf-aiops-武汉,br-1,br,ipv6_route_change_total,"prefix=""fd00:7:40::/64""",8
2026-07-28 15:17:00,ccf-aiops-武汉,br-1,br,ipv6_route_change_total,"prefix=""fd00:8:40::/64""",0
2026-07-28 15:17:00,ccf-aiops-武汉,br-1,br,ipv6_route_change_total,"prefix=""::/0""",0
2026-07-28 15:17:00,ccf-aiops-武汉,br-1,br,ipv6_route_count,"protocol=""kernel""",7
2026-07-28 15:17:00,ccf-aiops-武汉,br-1,br,ipv6_route_count,"protocol=""ospf""",2
2026-07-28 15:17:00,ccf-aiops-武汉,br-1,br,ipv6_route_count,"protocol=""unknown""",1
2026-07-28 15:17:00,ccf-aiops-武汉,br-1,br,ipv6_route_count,"protocol=""bgp""",7
2026-07-28 15:17:00,ccf-aiops-武汉,br-1,br,ipv6_route_count,"protocol=""all""",17
2026-07-28 15:17:00,ccf-aiops-武汉,br-1,br,ipv6_route_exists,"prefix=""fd00:5:40::/64""",1
2026-07-28 15:17:00,ccf-aiops-武汉,br-1,br,ipv6_route_exists,"prefix=""::/0""",1
2026-07-28 15:17:00,ccf-aiops-武汉,br-1,br,ipv6_route_exists,"prefix=""fd00:1:40::/64""",1
2026-07-28 15:17:00,ccf-aiops-武汉,br-1,br,ipv6_route_exists,"prefix=""fd00:2:40::/64""",1
2026-07-28 15:17:00,ccf-aiops-武汉,br-1,br,ipv6_route_exists,"prefix=""fd00:3:40::/64""",1
2026-07-28 15:17:00,ccf-aiops-武汉,br-1,br,ipv6_route_exists,"prefix=""fd00:4:40::/64""",1
2026-07-28 15:17:00,ccf-aiops-武汉,br-1,br,ipv6_route_exists,"prefix=""fd00:6:40::/64""",1
2026-07-28 15:17:00,ccf-aiops-武汉,br-1,br,ipv6_route_exists,"prefix=""fd00:7:40::/64""",1
2026-07-28 15:17:00,ccf-aiops-武汉,br-1,br,ipv6_route_exists,"prefix=""fd00:8:40::/64""",1
2026-07-28 15:17:00,ccf-aiops-武汉,br-1,br,ipv6_route_nexthop_info,"prefix=""fd00:8:40::/64"",next_hop=""fe80::100:10:71"",dev=""ens4"",protocol=""bgp"",metric=""20"",route_index=""0"",nh_index=""0""",1
2026-07-28 15:17:00,ccf-aiops-武汉,br-1,br,ipv6_route_nexthop_info,"prefix=""fd00:7:40::/64"",next_hop=""fe80::100:10:61"",dev=""ens4"",protocol=""bgp"",metric=""20"",route_index=""0"",nh_index=""0""",1
2026-07-28 15:17:00,ccf-aiops-武汉,br-1,br,ipv6_route_nexthop_info,"prefix=""::/0"",next_hop=""240a:a023::1"",dev=""ens4"",protocol=""unknown"",metric=""1024"",route_index=""0"",nh_index=""0""",1
2026-07-28 15:17:00,ccf-aiops-武汉,br-1,br,ipv6_route_nexthop_info,"prefix=""fd00:5:40::/64"",next_hop=""fe80::5:20:12"",dev=""ens5"",protocol=""ospf"",metric=""20"",route_index=""0"",nh_index=""1""",1
2026-07-28 15:17:00,ccf-aiops-武汉,br-1,br,ipv6_route_nexthop_info,"prefix=""fd00:5:40::/64"",next_hop=""fe80::5:20:11"",dev=""ens5"",protocol=""ospf"",metric=""20"",route_index=""0"",nh_index=""0""",1
2026-07-28 15:17:00,ccf-aiops-武汉,br-1,br,ipv6_route_nexthop_info,"prefix=""fd00:1:40::/64"",next_hop=""fe80::100:10:1"",dev=""ens4"",protocol=""bgp"",metric=""20"",route_index=""0"",nh_index=""0""",1
2026-07-28 15:17:00,ccf-aiops-武汉,br-1,br,ipv6_route_nexthop_info,"prefix=""fd00:2:40::/64"",next_hop=""fe80::100:10:1"",dev=""ens4"",protocol=""bgp"",metric=""20"",route_index=""0"",nh_index=""0""",1
2026-07-28 15:17:00,ccf-aiops-武汉,br-1,br,ipv6_route_nexthop_info,"prefix=""fd00:3:40::/64"",next_hop=""fe80::100:10:21"",dev=""ens4"",protocol=""bgp"",metric=""20"",route_index=""0"",nh_index=""0""",1
2026-07-28 15:17:00,ccf-aiops-武汉,br-1,br,ipv6_route_nexthop_info,"prefix=""fd00:4:40::/64"",next_hop=""fe80::100:10:31"",dev=""ens4"",protocol=""bgp"",metric=""20"",route_index=""0"",nh_index=""0""",1
2026-07-28 15:17:00,ccf-aiops-武汉,br-1,br,ipv6_route_nexthop_info,"prefix=""fd00:6:40::/64"",next_hop=""fe80::100:10:51"",dev=""ens4"",protocol=""bgp"",metric=""20"",route_index=""0"",nh_index=""0""",1
2026-07-28 15:17:00,ccf-aiops-武汉,br-1,br,ospf6_interface_cost,"interface=""ens5""",1
2026-07-28 15:17:00,ccf-aiops-武汉,br-1,br,ospf6_interface_enabled,"interface=""ens8""",1
2026-07-28 15:17:00,ccf-aiops-武汉,br-1,br,ospf6_interface_enabled,"interface=""ens9""",1
2026-07-28 15:17:00,ccf-aiops-武汉,br-1,br,ospf6_interface_enabled,"interface=""ens6""",1
2026-07-28 15:17:00,ccf-aiops-武汉,br-1,br,ospf6_interface_enabled,"interface=""ens5""",1
2026-07-28 15:17:00,ccf-aiops-武汉,br-1,br,ospf6_interface_enabled,"interface=""ens4""",1
2026-07-28 15:17:00,ccf-aiops-武汉,br-1,br,ospf6_interface_enabled,"interface=""ens3""",1
2026-07-28 15:17:00,ccf-aiops-武汉,br-1,br,ospf6_interface_enabled,"interface=""ens12""",1
2026-07-28 15:17:00,ccf-aiops-武汉,br-1,br,ospf6_interface_enabled,"interface=""ens11""",1
2026-07-28 15:17:00,ccf-aiops-武汉,br-1,br,ospf6_interface_enabled,"interface=""lo""",1
2026-07-28 15:17:00,ccf-aiops-武汉,br-1,br,ospf6_interface_enabled,"interface=""virbr0""",0
2026-07-28 15:17:00,ccf-aiops-武汉,br-1,br,ospf6_interface_enabled,"interface=""ens10""",1
2026-07-28 15:17:00,ccf-aiops-武汉,br-1,br,ospf6_interface_enabled,"interface=""ens7""",1
2026-07-28 15:17:00,ccf-aiops-武汉,br-1,br,ospf6_neighbor_state_code,"state=""Full"",interface=""ens5"",neighbor_id=""5.5.5.11""",6
2026-07-28 15:17:00,ccf-aiops-武汉,br-1,br,ospf6_neighbor_state_code,"state=""Full"",interface=""ens5"",neighbor_id=""5.5.5.12""",6
2026-07-28 15:17:00,ccf-aiops-武汉,br-1,br,ospf6_neighbor_state_code,"state=""Twoway"",interface=""ens5"",neighbor_id=""5.5.5.2""",2
2026-07-28 15:17:00,ccf-aiops-武汉,br-2,br,bgp_command_success,"command=""bgp_summary""",1
2026-07-28 15:17:00,ccf-aiops-武汉,br-2,br,bgp_peer_count,,6
2026-07-28 15:17:00,ccf-aiops-武汉,br-2,br,bgp_peer_prefix_received,"peer=""fd00:100:10::62"",remote_as=""65007"",state=""Established""",4
2026-07-28 15:17:00,ccf-aiops-武汉,br-2,br,bgp_peer_prefix_received,"peer=""fd00:100:10::32"",remote_as=""65004"",state=""Established""",3
2026-07-28 15:17:00,ccf-aiops-武汉,br-2,br,bgp_peer_prefix_received,"peer=""fd00:100:10::22"",remote_as=""65003"",state=""Established""",5
2026-07-28 15:17:00,ccf-aiops-武汉,br-2,br,bgp_peer_prefix_received,"peer=""fd00:100:10::2"",remote_as=""65001"",state=""Established""",4
2026-07-28 15:17:00,ccf-aiops-武汉,br-2,br,bgp_peer_prefix_received,"peer=""fd00:100:10::52"",remote_as=""65006"",state=""Established""",6
2026-07-28 15:17:00,ccf-aiops-武汉,br-2,br,bgp_peer_prefix_received,"peer=""fd00:100:10::72"",remote_as=""65008"",state=""Established""",3
2026-07-28 15:17:00,ccf-aiops-武汉,br-2,br,bgp_peer_prefix_sent,"peer=""fd00:100:10::52"",remote_as=""65006"",state=""Established""",8
2026-07-28 15:17:00,ccf-aiops-武汉,br-2,br,bgp_peer_prefix_sent,"peer=""fd00:100:10::62"",remote_as=""65007"",state=""Established""",8
2026-07-28 15:17:00,ccf-aiops-武汉,br-2,br,bgp_peer_prefix_sent,"peer=""fd00:100:10::72"",remote_as=""65008"",state=""Established""",8
2026-07-28 15:17:00,ccf-aiops-武汉,br-2,br,bgp_peer_prefix_sent,"peer=""fd00:100:10::2"",remote_as=""65001"",state=""Established""",8
2026-07-28 15:17:00,ccf-aiops-武汉,br-2,br,bgp_peer_prefix_sent,"peer=""fd00:100:10::32"",remote_as=""65004"",state=""Established""",8
2026-07-28 15:17:00,ccf-aiops-武汉,br-2,br,bgp_peer_prefix_sent,"peer=""fd00:100:10::22"",remote_as=""65003"",state=""Established""",8
2026-07-28 15:17:00,ccf-aiops-武汉,br-2,br,bgp_peer_up,"peer=""fd00:100:10::62"",remote_as=""65007"",state=""Established""",1
2026-07-28 15:17:00,ccf-aiops-武汉,br-2,br,bgp_peer_up,"peer=""fd00:100:10::52"",remote_as=""65006"",state=""Established""",1
2026-07-28 15:17:00,ccf-aiops-武汉,br-2,br,bgp_peer_up,"peer=""fd00:100:10::2"",remote_as=""65001"",state=""Established""",1
2026-07-28 15:17:00,ccf-aiops-武汉,br-2,br,bgp_peer_up,"peer=""fd00:100:10::22"",remote_as=""65003"",state=""Established""",1
2026-07-28 15:17:00,ccf-aiops-武汉,br-2,br,bgp_peer_up,"peer=""fd00:100:10::32"",remote_as=""65004"",state=""Established""",1
2026-07-28 15:17:00,ccf-aiops-武汉,br-2,br,bgp_peer_up,"peer=""fd00:100:10::72"",remote_as=""65008"",state=""Established""",1
2026-07-28 15:17:00,ccf-aiops-武汉,br-2,br,bgp_peer_uptime_seconds,"peer=""fd00:100:10::22"",remote_as=""65003"",state=""Established""",704948
2026-07-28 15:17:00,ccf-aiops-武汉,br-2,br,bgp_peer_uptime_seconds,"peer=""fd00:100:10::32"",remote_as=""65004"",state=""Established""",2422557
2026-07-28 15:17:00,ccf-aiops-武汉,br-2,br,bgp_peer_uptime_seconds,"peer=""fd00:100:10::2"",remote_as=""65001"",state=""Established""",2422557
2026-07-28 15:17:00,ccf-aiops-武汉,br-2,br,bgp_peer_uptime_seconds,"peer=""fd00:100:10::52"",remote_as=""65006"",state=""Established""",2422464
2026-07-28 15:17:00,ccf-aiops-武汉,br-2,br,bgp_peer_uptime_seconds,"peer=""fd00:100:10::62"",remote_as=""65007"",state=""Established""",2422353
2026-07-28 15:17:00,ccf-aiops-武汉,br-2,br,bgp_peer_uptime_seconds,"peer=""fd00:100:10::72"",remote_as=""65008"",state=""Established""",2422236
2026-07-28 15:17:00,ccf-aiops-武汉,br-2,br,ipv6_default_route_changed_total,,0
2026-07-28 15:17:00,ccf-aiops-武汉,br-2,br,ipv6_default_route_info,"next_hop=""240a:a023::1"",dev=""ens4"",protocol=""unknown"",metric=""1024"",route_index=""0"",nh_index=""0""",1
2026-07-28 15:17:00,ccf-aiops-武汉,br-2,br,ipv6_route_change_total,"prefix=""fd00:4:40::/64""",0
2026-07-28 15:17:00,ccf-aiops-武汉,br-2,br,ipv6_route_change_total,"prefix=""fd00:3:40::/64""",0
2026-07-28 15:17:00,ccf-aiops-武汉,br-2,br,ipv6_route_change_total,"prefix=""fd00:5:40::/64""",0
2026-07-28 15:17:00,ccf-aiops-武汉,br-2,br,ipv6_route_change_total,"prefix=""fd00:6:40::/64""",0
2026-07-28 15:17:00,ccf-aiops-武汉,br-2,br,ipv6_route_change_total,"prefix=""fd00:7:40::/64""",4
2026-07-28 15:17:00,ccf-aiops-武汉,br-2,br,ipv6_route_change_total,"prefix=""fd00:8:40::/64""",0
2026-07-28 15:17:00,ccf-aiops-武汉,br-2,br,ipv6_route_change_total,"prefix=""fd00:2:40::/64""",2
2026-07-28 15:17:00,ccf-aiops-武汉,br-2,br,ipv6_route_change_total,"prefix=""fd00:1:40::/64""",0
2026-07-28 15:17:00,ccf-aiops-武汉,br-2,br,ipv6_route_change_total,"prefix=""::/0""",0
2026-07-28 15:17:00,ccf-aiops-武汉,br-2,br,ipv6_route_count,"protocol=""unknown""",1
2026-07-28 15:17:00,ccf-aiops-武汉,br-2,br,ipv6_route_count,"protocol=""all""",17
2026-07-28 15:17:00,ccf-aiops-武汉,br-2,br,ipv6_route_count,"protocol=""ospf""",2
2026-07-28 15:17:00,ccf-aiops-武汉,br-2,br,ipv6_route_count,"protocol=""kernel""",7
2026-07-28 15:17:00,ccf-aiops-武汉,br-2,br,ipv6_route_count,"protocol=""bgp""",7
2026-07-28 15:17:00,ccf-aiops-武汉,br-2,br,ipv6_route_exists,"prefix=""fd00:1:40::/64""",1
2026-07-28 15:17:00,ccf-aiops-武汉,br-2,br,ipv6_route_exists,"prefix=""fd00:8:40::/64""",1
2026-07-28 15:17:00,ccf-aiops-武汉,br-2,br,ipv6_route_exists,"prefix=""fd00:7:40::/64""",1
2026-07-28 15:17:00,ccf-aiops-武汉,br-2,br,ipv6_route_exists,"prefix=""fd00:6:40::/64""",1
2026-07-28 15:17:00,ccf-aiops-武汉,br-2,br,ipv6_route_exists,"prefix=""fd00:5:40::/64""",1
2026-07-28 15:17:00,ccf-aiops-武汉,br-2,br,ipv6_route_exists,"prefix=""fd00:4:40::/64""",1
2026-07-28 15:17:00,ccf-aiops-武汉,br-2,br,ipv6_route_exists,"prefix=""fd00:3:40::/64""",1
2026-07-28 15:17:00,ccf-aiops-武汉,br-2,br,ipv6_route_exists,"prefix=""fd00:2:40::/64""",1
2026-07-28 15:17:00,ccf-aiops-武汉,br-2,br,ipv6_route_exists,"prefix=""::/0""",1
2026-07-28 15:17:00,ccf-aiops-武汉,br-2,br,ipv6_route_nexthop_info,"prefix=""fd00:6:40::/64"",next_hop=""fe80::100:10:52"",dev=""ens4"",protocol=""bgp"",metric=""20"",route_index=""0"",nh_index=""0""",1
2026-07-28 15:17:00,ccf-aiops-武汉,br-2,br,ipv6_route_nexthop_info,"prefix=""fd00:3:40::/64"",next_hop=""fe80::100:10:22"",dev=""ens4"",protocol=""bgp"",metric=""20"",route_index=""0"",nh_index=""0""",1
2026-07-28 15:17:00,ccf-aiops-武汉,br-2,br,ipv6_route_nexthop_info,"prefix=""fd00:2:40::/64"",next_hop=""fe80::100:10:2"",dev=""ens4"",protocol=""bgp"",metric=""20"",route_index=""0"",nh_index=""0""",1
2026-07-28 15:17:00,ccf-aiops-武汉,br-2,br,ipv6_route_nexthop_info,"prefix=""fd00:1:40::/64"",next_hop=""fe80::100:10:2"",dev=""ens4"",protocol=""bgp"",metric=""20"",route_index=""0"",nh_index=""0""",1
2026-07-28 15:17:00,ccf-aiops-武汉,br-2,br,ipv6_route_nexthop_info,"prefix=""::/0"",next_hop=""240a:a023::1"",dev=""ens4"",protocol=""unknown"",metric=""1024"",route_index=""0"",nh_index=""0""",1
2026-07-28 15:17:00,ccf-aiops-武汉,br-2,br,ipv6_route_nexthop_info,"prefix=""fd00:5:40::/64"",next_hop=""fe80::5:20:12"",dev=""ens5"",protocol=""ospf"",metric=""20"",route_index=""0"",nh_index=""1""",1
2026-07-28 15:17:00,ccf-aiops-武汉,br-2,br,ipv6_route_nexthop_info,"prefix=""fd00:4:40::/64"",next_hop=""fe80::100:10:32"",dev=""ens4"",protocol=""bgp"",metric=""20"",route_index=""0"",nh_index=""0""",1
2026-07-28 15:17:00,ccf-aiops-武汉,br-2,br,ipv6_route_nexthop_info,"prefix=""fd00:7:40::/64"",next_hop=""fe80::100:10:62"",dev=""ens4"",protocol=""bgp"",metric=""20"",route_index=""0"",nh_index=""0""",1
2026-07-28 15:17:00,ccf-aiops-武汉,br-2,br,ipv6_route_nexthop_info,"prefix=""fd00:5:40::/64"",next_hop=""fe80::5:20:11"",dev=""ens5"",protocol=""ospf"",metric=""20"",route_index=""0"",nh_index=""0""",1
2026-07-28 15:17:00,ccf-aiops-武汉,br-2,br,ipv6_route_nexthop_info,"prefix=""fd00:8:40::/64"",next_hop=""fe80::100:10:72"",dev=""ens4"",protocol=""bgp"",metric=""20"",route_index=""0"",nh_index=""0""",1
2026-07-28 15:17:00,ccf-aiops-武汉,br-2,br,ospf6_interface_cost,"interface=""ens5""",1
2026-07-28 15:17:00,ccf-aiops-武汉,br-2,br,ospf6_interface_enabled,"interface=""ens9""",1
2026-07-28 15:17:00,ccf-aiops-武汉,br-2,br,ospf6_interface_enabled,"interface=""ens3""",1
2026-07-28 15:17:00,ccf-aiops-武汉,br-2,br,ospf6_interface_enabled,"interface=""ens10""",1
2026-07-28 15:17:00,ccf-aiops-武汉,br-2,br,ospf6_interface_enabled,"interface=""ens5""",1
2026-07-28 15:17:00,ccf-aiops-武汉,br-2,br,ospf6_interface_enabled,"interface=""ens6""",1
2026-07-28 15:17:00,ccf-aiops-武汉,br-2,br,ospf6_interface_enabled,"interface=""ens7""",1
2026-07-28 15:17:00,ccf-aiops-武汉,br-2,br,ospf6_interface_enabled,"interface=""ens8""",1
2026-07-28 15:17:00,ccf-aiops-武汉,br-2,br,ospf6_interface_enabled,"interface=""lo""",1
2026-07-28 15:17:00,ccf-aiops-武汉,br-2,br,ospf6_interface_enabled,"interface=""virbr0""",0
2026-07-28 15:17:00,ccf-aiops-武汉,br-2,br,ospf6_interface_enabled,"interface=""ens11""",1
2026-07-28 15:17:00,ccf-aiops-武汉,br-2,br,ospf6_interface_enabled,"interface=""ens12""",1
2026-07-28 15:17:00,ccf-aiops-武汉,br-2,br,ospf6_interface_enabled,"interface=""ens4""",1
2026-07-28 15:17:00,ccf-aiops-武汉,br-2,br,ospf6_neighbor_state_code,"state=""Twoway"",interface=""ens5"",neighbor_id=""5.5.5.1""",2
2026-07-28 15:17:00,ccf-aiops-武汉,br-2,br,ospf6_neighbor_state_code,"state=""Full"",interface=""ens5"",neighbor_id=""5.5.5.12""",6
2026-07-28 15:17:00,ccf-aiops-武汉,br-2,br,ospf6_neighbor_state_code,"state=""Full"",interface=""ens5"",neighbor_id=""5.5.5.11""",6
2026-07-28 15:17:00,ccf-aiops-武汉,cr-1,cr,ipv6_default_route_changed_total,,0
2026-07-28 15:17:00,ccf-aiops-武汉,cr-1,cr,ipv6_default_route_info,"next_hop=""fd00:5:20::2"",dev=""ens4"",protocol=""196"",metric=""20"",route_index=""0"",nh_index=""1""",1
2026-07-28 15:17:00,ccf-aiops-武汉,cr-1,cr,ipv6_default_route_info,"next_hop=""fd00:5:20::1"",dev=""ens4"",protocol=""196"",metric=""20"",route_index=""0"",nh_index=""0""",1
2026-07-28 15:17:00,ccf-aiops-武汉,cr-1,cr,ipv6_route_change_total,"prefix=""fd00:8:40::/64""",0
2026-07-28 15:17:00,ccf-aiops-武汉,cr-1,cr,ipv6_route_change_total,"prefix=""fd00:7:40::/64""",0
2026-07-28 15:17:00,ccf-aiops-武汉,cr-1,cr,ipv6_route_change_total,"prefix=""::/0""",0
2026-07-28 15:17:00,ccf-aiops-武汉,cr-1,cr,ipv6_route_change_total,"prefix=""fd00:1:40::/64""",0
2026-07-28 15:17:00,ccf-aiops-武汉,cr-1,cr,ipv6_route_change_total,"prefix=""fd00:2:40::/64""",0
2026-07-28 15:17:00,ccf-aiops-武汉,cr-1,cr,ipv6_route_change_total,"prefix=""fd00:3:40::/64""",0
2026-07-28 15:17:00,ccf-aiops-武汉,cr-1,cr,ipv6_route_change_total,"prefix=""fd00:4:40::/64""",0
2026-07-28 15:17:00,ccf-aiops-武汉,cr-1,cr,ipv6_route_change_total,"prefix=""fd00:5:40::/64""",0
2026-07-28 15:17:00,ccf-aiops-武汉,cr-1,cr,ipv6_route_change_total,"prefix=""fd00:6:40::/64""",0
2026-07-28 15:17:00,ccf-aiops-武汉,cr-1,cr,ipv6_route_count,"protocol=""196""",2
2026-07-28 15:17:00,ccf-aiops-武汉,cr-1,cr,ipv6_route_count,"protocol=""all""",15
2026-07-28 15:17:00,ccf-aiops-武汉,cr-1,cr,ipv6_route_count,"protocol=""kernel""",6
2026-07-28 15:17:00,ccf-aiops-武汉,cr-1,cr,ipv6_route_count,"protocol=""ospf""",7
2026-07-28 15:17:00,ccf-aiops-武汉,cr-1,cr,ipv6_route_exists,"prefix=""fd00:2:40::/64""",1
2026-07-28 15:17:00,ccf-aiops-武汉,cr-1,cr,ipv6_route_exists,"prefix=""fd00:1:40::/64""",1
2026-07-28 15:17:00,ccf-aiops-武汉,cr-1,cr,ipv6_route_exists,"prefix=""fd00:3:40::/64""",1
2026-07-28 15:17:00,ccf-aiops-武汉,cr-1,cr,ipv6_route_exists,"prefix=""fd00:4:40::/64""",1
2026-07-28 15:17:00,ccf-aiops-武汉,cr-1,cr,ipv6_route_exists,"prefix=""fd00:5:40::/64""",1
2026-07-28 15:17:00,ccf-aiops-武汉,cr-1,cr,ipv6_route_exists,"prefix=""fd00:6:40::/64""",1
2026-07-28 15:17:00,ccf-aiops-武汉,cr-1,cr,ipv6_route_exists,"prefix=""fd00:7:40::/64""",1
2026-07-28 15:17:00,ccf-aiops-武汉,cr-1,cr,ipv6_route_exists,"prefix=""fd00:8:40::/64""",1
2026-07-28 15:17:00,ccf-aiops-武汉,cr-1,cr,ipv6_route_exists,"prefix=""::/0""",1
2026-07-28 15:17:00,ccf-aiops-武汉,cr-1,cr,ipv6_route_nexthop_info,"prefix=""fd00:5:40::/64"",next_hop=""fd00:5:30::254"",dev=""ens5"",protocol=""196"",metric=""20"",route_index=""0"",nh_index=""0""",1
2026-07-28 15:17:00,ccf-aiops-武汉,cr-1,cr,ipv6_route_nexthop_info,"prefix=""fd00:2:40::/64"",next_hop=""fe80::5:20:2"",dev=""ens4"",protocol=""ospf"",metric=""20"",route_index=""0"",nh_index=""1""",1
2026-07-28 15:17:00,ccf-aiops-武汉,cr-1,cr,ipv6_route_nexthop_info,"prefix=""fd00:8:40::/64"",next_hop=""fe80::5:20:2"",dev=""ens4"",protocol=""ospf"",metric=""20"",route_index=""0"",nh_index=""1""",1
2026-07-28 15:17:00,ccf-aiops-武汉,cr-1,cr,ipv6_route_nexthop_info,"prefix=""fd00:7:40::/64"",next_hop=""fe80::5:20:2"",dev=""ens4"",protocol=""ospf"",metric=""20"",route_index=""0"",nh_index=""1""",1
2026-07-28 15:17:00,ccf-aiops-武汉,cr-1,cr,ipv6_route_nexthop_info,"prefix=""fd00:6:40::/64"",next_hop=""fe80::5:20:2"",dev=""ens4"",protocol=""ospf"",metric=""20"",route_index=""0"",nh_index=""1""",1
2026-07-28 15:17:00,ccf-aiops-武汉,cr-1,cr,ipv6_route_nexthop_info,"prefix=""fd00:4:40::/64"",next_hop=""fe80::5:20:2"",dev=""ens4"",protocol=""ospf"",metric=""20"",route_index=""0"",nh_index=""1""",1
2026-07-28 15:17:00,ccf-aiops-武汉,cr-1,cr,ipv6_route_nexthop_info,"prefix=""fd00:3:40::/64"",next_hop=""fe80::5:20:2"",dev=""ens4"",protocol=""ospf"",metric=""20"",route_index=""0"",nh_index=""1""",1
2026-07-28 15:17:00,ccf-aiops-武汉,cr-1,cr,ipv6_route_nexthop_info,"prefix=""fd00:1:40::/64"",next_hop=""fe80::5:20:2"",dev=""ens4"",protocol=""ospf"",metric=""20"",route_index=""0"",nh_index=""1""",1
2026-07-28 15:17:00,ccf-aiops-武汉,cr-1,cr,ipv6_route_nexthop_info,"prefix=""fd00:8:40::/64"",next_hop=""fe80::5:20:1"",dev=""ens4"",protocol=""ospf"",metric=""20"",route_index=""0"",nh_index=""0""",1
2026-07-28 15:17:00,ccf-aiops-武汉,cr-1,cr,ipv6_route_nexthop_info,"prefix=""fd00:7:40::/64"",next_hop=""fe80::5:20:1"",dev=""ens4"",protocol=""ospf"",metric=""20"",route_index=""0"",nh_index=""0""",1
2026-07-28 15:17:00,ccf-aiops-武汉,cr-1,cr,ipv6_route_nexthop_info,"prefix=""fd00:6:40::/64"",next_hop=""fe80::5:20:1"",dev=""ens4"",protocol=""ospf"",metric=""20"",route_index=""0"",nh_index=""0""",1
2026-07-28 15:17:00,ccf-aiops-武汉,cr-1,cr,ipv6_route_nexthop_info,"prefix=""fd00:4:40::/64"",next_hop=""fe80::5:20:1"",dev=""ens4"",protocol=""ospf"",metric=""20"",route_index=""0"",nh_index=""0""",1
2026-07-28 15:17:00,ccf-aiops-武汉,cr-1,cr,ipv6_route_nexthop_info,"prefix=""fd00:3:40::/64"",next_hop=""fe80::5:20:1"",dev=""ens4"",protocol=""ospf"",metric=""20"",route_index=""0"",nh_index=""0""",1
2026-07-28 15:17:00,ccf-aiops-武汉,cr-1,cr,ipv6_route_nexthop_info,"prefix=""fd00:2:40::/64"",next_hop=""fe80::5:20:1"",dev=""ens4"",protocol=""ospf"",metric=""20"",route_index=""0"",nh_index=""0""",1
2026-07-28 15:17:00,ccf-aiops-武汉,cr-1,cr,ipv6_route_nexthop_info,"prefix=""fd00:1:40::/64"",next_hop=""fe80::5:20:1"",dev=""ens4"",protocol=""ospf"",metric=""20"",route_index=""0"",nh_index=""0""",1
2026-07-28 15:17:00,ccf-aiops-武汉,cr-1,cr,ipv6_route_nexthop_info,"prefix=""::/0"",next_hop=""fd00:5:20::2"",dev=""ens4"",protocol=""196"",metric=""20"",route_index=""0"",nh_index=""1""",1
2026-07-28 15:17:00,ccf-aiops-武汉,cr-1,cr,ipv6_route_nexthop_info,"prefix=""::/0"",next_hop=""fd00:5:20::1"",dev=""ens4"",protocol=""196"",metric=""20"",route_index=""0"",nh_index=""0""",1
2026-07-28 15:17:00,ccf-aiops-武汉,cr-1,cr,ospf6_interface_cost,"interface=""ens5""",1
2026-07-28 15:17:00,ccf-aiops-武汉,cr-1,cr,ospf6_interface_cost,"interface=""ens4""",1
2026-07-28 15:17:00,ccf-aiops-武汉,cr-1,cr,ospf6_interface_enabled,"interface=""virbr0""",0
2026-07-28 15:17:00,ccf-aiops-武汉,cr-1,cr,ospf6_interface_enabled,"interface=""lo""",1
2026-07-28 15:17:00,ccf-aiops-武汉,cr-1,cr,ospf6_interface_enabled,"interface=""ens8""",1
2026-07-28 15:17:00,ccf-aiops-武汉,cr-1,cr,ospf6_interface_enabled,"interface=""ens7""",1
2026-07-28 15:17:00,ccf-aiops-武汉,cr-1,cr,ospf6_interface_enabled,"interface=""ens6""",1
2026-07-28 15:17:00,ccf-aiops-武汉,cr-1,cr,ospf6_interface_enabled,"interface=""ens5""",1
2026-07-28 15:17:00,ccf-aiops-武汉,cr-1,cr,ospf6_interface_enabled,"interface=""ens4""",1
2026-07-28 15:17:00,ccf-aiops-武汉,cr-1,cr,ospf6_interface_enabled,"interface=""ens3""",1
2026-07-28 15:17:00,ccf-aiops-武汉,cr-1,cr,ospf6_interface_enabled,"interface=""ens12""",1
2026-07-28 15:17:00,ccf-aiops-武汉,cr-1,cr,ospf6_interface_enabled,"interface=""ens9""",1
2026-07-28 15:17:00,ccf-aiops-武汉,cr-1,cr,ospf6_interface_enabled,"interface=""ens11""",1
2026-07-28 15:17:00,ccf-aiops-武汉,cr-1,cr,ospf6_interface_enabled,"interface=""ens10""",1
2026-07-28 15:17:00,ccf-aiops-武汉,cr-1,cr,ospf6_neighbor_state_code,"state=""Full"",interface=""ens4"",neighbor_id=""5.5.5.1""",6
2026-07-28 15:17:00,ccf-aiops-武汉,cr-1,cr,ospf6_neighbor_state_code,"state=""Full"",interface=""ens4"",neighbor_id=""5.5.5.12""",6
2026-07-28 15:17:00,ccf-aiops-武汉,cr-1,cr,ospf6_neighbor_state_code,"state=""Full"",interface=""ens4"",neighbor_id=""5.5.5.2""",6
2026-07-28 15:17:00,ccf-aiops-武汉,cr-1,cr,ospf6_neighbor_state_code,"state=""Full"",interface=""ens5"",neighbor_id=""5.5.5.12""",6
2026-07-28 15:17:00,ccf-aiops-武汉,cr-1,cr,bgp_command_success,,
2026-07-28 15:17:00,ccf-aiops-武汉,cr-1,cr,bgp_peer_up,,
2026-07-28 15:17:00,ccf-aiops-武汉,cr-1,cr,bgp_peer_uptime_seconds,,
2026-07-28 15:17:00,ccf-aiops-武汉,cr-1,cr,bgp_peer_prefix_received,,
2026-07-28 15:17:00,ccf-aiops-武汉,cr-1,cr,bgp_peer_prefix_sent,,
2026-07-28 15:17:00,ccf-aiops-武汉,cr-1,cr,bgp_peer_count,,
2026-07-28 15:17:00,ccf-aiops-武汉,cr-2,cr,ipv6_default_route_changed_total,,0
2026-07-28 15:17:00,ccf-aiops-武汉,cr-2,cr,ipv6_default_route_info,"next_hop=""fd00:5:20::2"",dev=""ens4"",protocol=""196"",metric=""20"",route_index=""0"",nh_index=""1""",1
2026-07-28 15:17:00,ccf-aiops-武汉,cr-2,cr,ipv6_default_route_info,"next_hop=""fd00:5:20::1"",dev=""ens4"",protocol=""196"",metric=""20"",route_index=""0"",nh_index=""0""",1
2026-07-28 15:17:00,ccf-aiops-武汉,cr-2,cr,ipv6_route_change_total,"prefix=""fd00:2:40::/64""",0
2026-07-28 15:17:00,ccf-aiops-武汉,cr-2,cr,ipv6_route_change_total,"prefix=""fd00:8:40::/64""",0
2026-07-28 15:17:00,ccf-aiops-武汉,cr-2,cr,ipv6_route_change_total,"prefix=""fd00:7:40::/64""",0
2026-07-28 15:17:00,ccf-aiops-武汉,cr-2,cr,ipv6_route_change_total,"prefix=""fd00:6:40::/64""",0
2026-07-28 15:17:00,ccf-aiops-武汉,cr-2,cr,ipv6_route_change_total,"prefix=""fd00:5:40::/64""",0
2026-07-28 15:17:00,ccf-aiops-武汉,cr-2,cr,ipv6_route_change_total,"prefix=""fd00:4:40::/64""",0
2026-07-28 15:17:00,ccf-aiops-武汉,cr-2,cr,ipv6_route_change_total,"prefix=""fd00:3:40::/64""",0
2026-07-28 15:17:00,ccf-aiops-武汉,cr-2,cr,ipv6_route_change_total,"prefix=""::/0""",0
2026-07-28 15:17:00,ccf-aiops-武汉,cr-2,cr,ipv6_route_change_total,"prefix=""fd00:1:40::/64""",0
2026-07-28 15:17:00,ccf-aiops-武汉,cr-2,cr,ipv6_route_count,"protocol=""196""",2
2026-07-28 15:17:00,ccf-aiops-武汉,cr-2,cr,ipv6_route_count,"protocol=""all""",15
2026-07-28 15:17:00,ccf-aiops-武汉,cr-2,cr,ipv6_route_count,"protocol=""kernel""",6
2026-07-28 15:17:00,ccf-aiops-武汉,cr-2,cr,ipv6_route_count,"protocol=""ospf""",7
2026-07-28 15:17:00,ccf-aiops-武汉,cr-2,cr,ipv6_route_exists,"prefix=""fd00:3:40::/64""",1
2026-07-28 15:17:00,ccf-aiops-武汉,cr-2,cr,ipv6_route_exists,"prefix=""::/0""",1
2026-07-28 15:17:00,ccf-aiops-武汉,cr-2,cr,ipv6_route_exists,"prefix=""fd00:1:40::/64""",1
2026-07-28 15:17:00,ccf-aiops-武汉,cr-2,cr,ipv6_route_exists,"prefix=""fd00:2:40::/64""",1
2026-07-28 15:17:00,ccf-aiops-武汉,cr-2,cr,ipv6_route_exists,"prefix=""fd00:4:40::/64""",1
2026-07-28 15:17:00,ccf-aiops-武汉,cr-2,cr,ipv6_route_exists,"prefix=""fd00:5:40::/64""",1
2026-07-28 15:17:00,ccf-aiops-武汉,cr-2,cr,ipv6_route_exists,"prefix=""fd00:6:40::/64""",1
2026-07-28 15:17:00,ccf-aiops-武汉,cr-2,cr,ipv6_route_exists,"prefix=""fd00:7:40::/64""",1
2026-07-28 15:17:00,ccf-aiops-武汉,cr-2,cr,ipv6_route_exists,"prefix=""fd00:8:40::/64""",1
2026-07-28 15:17:00,ccf-aiops-武汉,cr-2,cr,ipv6_route_nexthop_info,"prefix=""fd00:6:40::/64"",next_hop=""fe80::5:20:1"",dev=""ens4"",protocol=""ospf"",metric=""20"",route_index=""0"",nh_index=""0""",1
2026-07-28 15:17:00,ccf-aiops-武汉,cr-2,cr,ipv6_route_nexthop_info,"prefix=""fd00:5:40::/64"",next_hop=""fd00:5:30::254"",dev=""ens5"",protocol=""196"",metric=""20"",route_index=""0"",nh_index=""0""",1
2026-07-28 15:17:00,ccf-aiops-武汉,cr-2,cr,ipv6_route_nexthop_info,"prefix=""fd00:8:40::/64"",next_hop=""fe80::5:20:2"",dev=""ens4"",protocol=""ospf"",metric=""20"",route_index=""0"",nh_index=""1""",1
2026-07-28 15:17:00,ccf-aiops-武汉,cr-2,cr,ipv6_route_nexthop_info,"prefix=""fd00:7:40::/64"",next_hop=""fe80::5:20:2"",dev=""ens4"",protocol=""ospf"",metric=""20"",route_index=""0"",nh_index=""1""",1
2026-07-28 15:17:00,ccf-aiops-武汉,cr-2,cr,ipv6_route_nexthop_info,"prefix=""fd00:6:40::/64"",next_hop=""fe80::5:20:2"",dev=""ens4"",protocol=""ospf"",metric=""20"",route_index=""0"",nh_index=""1""",1
2026-07-28 15:17:00,ccf-aiops-武汉,cr-2,cr,ipv6_route_nexthop_info,"prefix=""fd00:4:40::/64"",next_hop=""fe80::5:20:2"",dev=""ens4"",protocol=""ospf"",metric=""20"",route_index=""0"",nh_index=""1""",1
2026-07-28 15:17:00,ccf-aiops-武汉,cr-2,cr,ipv6_route_nexthop_info,"prefix=""fd00:3:40::/64"",next_hop=""fe80::5:20:2"",dev=""ens4"",protocol=""ospf"",metric=""20"",route_index=""0"",nh_index=""1""",1
2026-07-28 15:17:00,ccf-aiops-武汉,cr-2,cr,ipv6_route_nexthop_info,"prefix=""fd00:2:40::/64"",next_hop=""fe80::5:20:2"",dev=""ens4"",protocol=""ospf"",metric=""20"",route_index=""0"",nh_index=""1""",1
2026-07-28 15:17:00,ccf-aiops-武汉,cr-2,cr,ipv6_route_nexthop_info,"prefix=""fd00:1:40::/64"",next_hop=""fe80::5:20:2"",dev=""ens4"",protocol=""ospf"",metric=""20"",route_index=""0"",nh_index=""1""",1
2026-07-28 15:17:00,ccf-aiops-武汉,cr-2,cr,ipv6_route_nexthop_info,"prefix=""fd00:8:40::/64"",next_hop=""fe80::5:20:1"",dev=""ens4"",protocol=""ospf"",metric=""20"",route_index=""0"",nh_index=""0""",1
2026-07-28 15:17:00,ccf-aiops-武汉,cr-2,cr,ipv6_route_nexthop_info,"prefix=""fd00:7:40::/64"",next_hop=""fe80::5:20:1"",dev=""ens4"",protocol=""ospf"",metric=""20"",route_index=""0"",nh_index=""0""",1
2026-07-28 15:17:00,ccf-aiops-武汉,cr-2,cr,ipv6_route_nexthop_info,"prefix=""fd00:4:40::/64"",next_hop=""fe80::5:20:1"",dev=""ens4"",protocol=""ospf"",metric=""20"",route_index=""0"",nh_index=""0""",1
2026-07-28 15:17:00,ccf-aiops-武汉,cr-2,cr,ipv6_route_nexthop_info,"prefix=""fd00:3:40::/64"",next_hop=""fe80::5:20:1"",dev=""ens4"",protocol=""ospf"",metric=""20"",route_index=""0"",nh_index=""0""",1
2026-07-28 15:17:00,ccf-aiops-武汉,cr-2,cr,ipv6_route_nexthop_info,"prefix=""fd00:2:40::/64"",next_hop=""fe80::5:20:1"",dev=""ens4"",protocol=""ospf"",metric=""20"",route_index=""0"",nh_index=""0""",1
2026-07-28 15:17:00,ccf-aiops-武汉,cr-2,cr,ipv6_route_nexthop_info,"prefix=""fd00:1:40::/64"",next_hop=""fe80::5:20:1"",dev=""ens4"",protocol=""ospf"",metric=""20"",route_index=""0"",nh_index=""0""",1
2026-07-28 15:17:00,ccf-aiops-武汉,cr-2,cr,ipv6_route_nexthop_info,"prefix=""::/0"",next_hop=""fd00:5:20::2"",dev=""ens4"",protocol=""196"",metric=""20"",route_index=""0"",nh_index=""1""",1
2026-07-28 15:17:00,ccf-aiops-武汉,cr-2,cr,ipv6_route_nexthop_info,"prefix=""::/0"",next_hop=""fd00:5:20::1"",dev=""ens4"",protocol=""196"",metric=""20"",route_index=""0"",nh_index=""0""",1
2026-07-28 15:17:00,ccf-aiops-武汉,cr-2,cr,ospf6_interface_cost,"interface=""ens5""",1
2026-07-28 15:17:00,ccf-aiops-武汉,cr-2,cr,ospf6_interface_cost,"interface=""ens4""",1
2026-07-28 15:17:00,ccf-aiops-武汉,cr-2,cr,ospf6_interface_enabled,"interface=""virbr0""",0
2026-07-28 15:17:00,ccf-aiops-武汉,cr-2,cr,ospf6_interface_enabled,"interface=""ens9""",1
2026-07-28 15:17:00,ccf-aiops-武汉,cr-2,cr,ospf6_interface_enabled,"interface=""ens8""",1
2026-07-28 15:17:00,ccf-aiops-武汉,cr-2,cr,ospf6_interface_enabled,"interface=""ens7""",1
2026-07-28 15:17:00,ccf-aiops-武汉,cr-2,cr,ospf6_interface_enabled,"interface=""ens6""",1
2026-07-28 15:17:00,ccf-aiops-武汉,cr-2,cr,ospf6_interface_enabled,"interface=""ens5""",1
2026-07-28 15:17:00,ccf-aiops-武汉,cr-2,cr,ospf6_interface_enabled,"interface=""ens4""",1
2026-07-28 15:17:00,ccf-aiops-武汉,cr-2,cr,ospf6_interface_enabled,"interface=""ens3""",1
2026-07-28 15:17:00,ccf-aiops-武汉,cr-2,cr,ospf6_interface_enabled,"interface=""ens12""",1
2026-07-28 15:17:00,ccf-aiops-武汉,cr-2,cr,ospf6_interface_enabled,"interface=""ens11""",1
2026-07-28 15:17:00,ccf-aiops-武汉,cr-2,cr,ospf6_interface_enabled,"interface=""ens10""",1
2026-07-28 15:17:00,ccf-aiops-武汉,cr-2,cr,ospf6_interface_enabled,"interface=""lo""",1
2026-07-28 15:17:00,ccf-aiops-武汉,cr-2,cr,ospf6_neighbor_state_code,"state=""Full"",interface=""ens5"",neighbor_id=""5.5.5.11""",6
2026-07-28 15:17:00,ccf-aiops-武汉,cr-2,cr,ospf6_neighbor_state_code,"state=""Full"",interface=""ens4"",neighbor_id=""5.5.5.2""",6
2026-07-28 15:17:00,ccf-aiops-武汉,cr-2,cr,ospf6_neighbor_state_code,"state=""Full"",interface=""ens4"",neighbor_id=""5.5.5.11""",6
2026-07-28 15:17:00,ccf-aiops-武汉,cr-2,cr,ospf6_neighbor_state_code,"state=""Full"",interface=""ens4"",neighbor_id=""5.5.5.1""",6
2026-07-28 15:17:00,ccf-aiops-武汉,cr-2,cr,bgp_command_success,,
2026-07-28 15:17:00,ccf-aiops-武汉,cr-2,cr,bgp_peer_up,,
2026-07-28 15:17:00,ccf-aiops-武汉,cr-2,cr,bgp_peer_uptime_seconds,,
2026-07-28 15:17:00,ccf-aiops-武汉,cr-2,cr,bgp_peer_prefix_received,,
2026-07-28 15:17:00,ccf-aiops-武汉,cr-2,cr,bgp_peer_prefix_sent,,
2026-07-28 15:17:00,ccf-aiops-武汉,cr-2,cr,bgp_peer_count,,
2026-07-28 15:18:00,ccf-aiops-武汉,br-1,br,bgp_command_success,"command=""bgp_summary""",1
2026-07-28 15:18:00,ccf-aiops-武汉,br-1,br,bgp_peer_count,,6
2026-07-28 15:18:00,ccf-aiops-武汉,br-1,br,bgp_peer_prefix_received,"peer=""fd00:100:10::1"",remote_as=""65001"",state=""Established""",5
2026-07-28 15:18:00,ccf-aiops-武汉,br-1,br,bgp_peer_prefix_received,"peer=""fd00:100:10::21"",remote_as=""65003"",state=""Established""",4
2026-07-28 15:18:00,ccf-aiops-武汉,br-1,br,bgp_peer_prefix_received,"peer=""fd00:100:10::31"",remote_as=""65004"",state=""Established""",2
2026-07-28 15:18:00,ccf-aiops-武汉,br-1,br,bgp_peer_prefix_received,"peer=""fd00:100:10::51"",remote_as=""65006"",state=""Established""",5
2026-07-28 15:18:00,ccf-aiops-武汉,br-1,br,bgp_peer_prefix_received,"peer=""fd00:100:10::61"",remote_as=""65007"",state=""Established""",4
2026-07-28 15:18:00,ccf-aiops-武汉,br-1,br,bgp_peer_prefix_received,"peer=""fd00:100:10::71"",remote_as=""65008"",state=""Established""",4
2026-07-28 15:18:00,ccf-aiops-武汉,br-1,br,bgp_peer_prefix_sent,"peer=""fd00:100:10::21"",remote_as=""65003"",state=""Established""",8
2026-07-28 15:18:00,ccf-aiops-武汉,br-1,br,bgp_peer_prefix_sent,"peer=""fd00:100:10::71"",remote_as=""65008"",state=""Established""",8
2026-07-28 15:18:00,ccf-aiops-武汉,br-1,br,bgp_peer_prefix_sent,"peer=""fd00:100:10::61"",remote_as=""65007"",state=""Established""",8
2026-07-28 15:18:00,ccf-aiops-武汉,br-1,br,bgp_peer_prefix_sent,"peer=""fd00:100:10::51"",remote_as=""65006"",state=""Established""",8
2026-07-28 15:18:00,ccf-aiops-武汉,br-1,br,bgp_peer_prefix_sent,"peer=""fd00:100:10::31"",remote_as=""65004"",state=""Established""",8
2026-07-28 15:18:00,ccf-aiops-武汉,br-1,br,bgp_peer_prefix_sent,"peer=""fd00:100:10::1"",remote_as=""65001"",state=""Established""",8
2026-07-28 15:18:00,ccf-aiops-武汉,br-1,br,bgp_peer_up,"peer=""fd00:100:10::71"",remote_as=""65008"",state=""Established""",1
2026-07-28 15:18:00,ccf-aiops-武汉,br-1,br,bgp_peer_up,"peer=""fd00:100:10::61"",remote_as=""65007"",state=""Established""",1
2026-07-28 15:18:00,ccf-aiops-武汉,br-1,br,bgp_peer_up,"peer=""fd00:100:10::51"",remote_as=""65006"",state=""Established""",1
2026-07-28 15:18:00,ccf-aiops-武汉,br-1,br,bgp_peer_up,"peer=""fd00:100:10::31"",remote_as=""65004"",state=""Established""",1
2026-07-28 15:18:00,ccf-aiops-武汉,br-1,br,bgp_peer_up,"peer=""fd00:100:10::21"",remote_as=""65003"",state=""Established""",1
2026-07-28 15:18:00,ccf-aiops-武汉,br-1,br,bgp_peer_up,"peer=""fd00:100:10::1"",remote_as=""65001"",state=""Established""",1
2026-07-28 15:18:00,ccf-aiops-武汉,br-1,br,bgp_peer_uptime_seconds,"peer=""fd00:100:10::71"",remote_as=""65008"",state=""Established""",2422300
2026-07-28 15:18:00,ccf-aiops-武汉,br-1,br,bgp_peer_uptime_seconds,"peer=""fd00:100:10::61"",remote_as=""65007"",state=""Established""",2422425
2026-07-28 15:18:00,ccf-aiops-武汉,br-1,br,bgp_peer_uptime_seconds,"peer=""fd00:100:10::51"",remote_as=""65006"",state=""Established""",2422533
2026-07-28 15:18:00,ccf-aiops-武汉,br-1,br,bgp_peer_uptime_seconds,"peer=""fd00:100:10::31"",remote_as=""65004"",state=""Established""",2422621
2026-07-28 15:18:00,ccf-aiops-武汉,br-1,br,bgp_peer_uptime_seconds,"peer=""fd00:100:10::21"",remote_as=""65003"",state=""Established""",1735259
2026-07-28 15:18:00,ccf-aiops-武汉,br-1,br,bgp_peer_uptime_seconds,"peer=""fd00:100:10::1"",remote_as=""65001"",state=""Established""",2422621
2026-07-28 15:18:00,ccf-aiops-武汉,br-1,br,ipv6_default_route_changed_total,,0
2026-07-28 15:18:00,ccf-aiops-武汉,br-1,br,ipv6_default_route_info,"next_hop=""240a:a023::1"",dev=""ens4"",protocol=""unknown"",metric=""1024"",route_index=""0"",nh_index=""0""",1
2026-07-28 15:18:00,ccf-aiops-武汉,br-1,br,ipv6_route_change_total,"prefix=""::/0""",0
2026-07-28 15:18:00,ccf-aiops-武汉,br-1,br,ipv6_route_change_total,"prefix=""fd00:1:40::/64""",0
2026-07-28 15:18:00,ccf-aiops-武汉,br-1,br,ipv6_route_change_total,"prefix=""fd00:2:40::/64""",2
2026-07-28 15:18:00,ccf-aiops-武汉,br-1,br,ipv6_route_change_total,"prefix=""fd00:3:40::/64""",0
2026-07-28 15:18:00,ccf-aiops-武汉,br-1,br,ipv6_route_change_total,"prefix=""fd00:4:40::/64""",0
2026-07-28 15:18:00,ccf-aiops-武汉,br-1,br,ipv6_route_change_total,"prefix=""fd00:8:40::/64""",0
2026-07-28 15:18:00,ccf-aiops-武汉,br-1,br,ipv6_route_change_total,"prefix=""fd00:7:40::/64""",8
2026-07-28 15:18:00,ccf-aiops-武汉,br-1,br,ipv6_route_change_total,"prefix=""fd00:6:40::/64""",0
2026-07-28 15:18:00,ccf-aiops-武汉,br-1,br,ipv6_route_change_total,"prefix=""fd00:5:40::/64""",0
2026-07-28 15:18:00,ccf-aiops-武汉,br-1,br,ipv6_route_count,"protocol=""bgp""",7
2026-07-28 15:18:00,ccf-aiops-武汉,br-1,br,ipv6_route_count,"protocol=""unknown""",1
2026-07-28 15:18:00,ccf-aiops-武汉,br-1,br,ipv6_route_count,"protocol=""ospf""",2
2026-07-28 15:18:00,ccf-aiops-武汉,br-1,br,ipv6_route_count,"protocol=""kernel""",7
2026-07-28 15:18:00,ccf-aiops-武汉,br-1,br,ipv6_route_count,"protocol=""all""",17
2026-07-28 15:18:00,ccf-aiops-武汉,br-1,br,ipv6_route_exists,"prefix=""fd00:8:40::/64""",1
2026-07-28 15:18:00,ccf-aiops-武汉,br-1,br,ipv6_route_exists,"prefix=""::/0""",1
2026-07-28 15:18:00,ccf-aiops-武汉,br-1,br,ipv6_route_exists,"prefix=""fd00:7:40::/64""",1
2026-07-28 15:18:00,ccf-aiops-武汉,br-1,br,ipv6_route_exists,"prefix=""fd00:6:40::/64""",1
2026-07-28 15:18:00,ccf-aiops-武汉,br-1,br,ipv6_route_exists,"prefix=""fd00:4:40::/64""",1
2026-07-28 15:18:00,ccf-aiops-武汉,br-1,br,ipv6_route_exists,"prefix=""fd00:5:40::/64""",1
2026-07-28 15:18:00,ccf-aiops-武汉,br-1,br,ipv6_route_exists,"prefix=""fd00:3:40::/64""",1
2026-07-28 15:18:00,ccf-aiops-武汉,br-1,br,ipv6_route_exists,"prefix=""fd00:1:40::/64""",1
2026-07-28 15:18:00,ccf-aiops-武汉,br-1,br,ipv6_route_exists,"prefix=""fd00:2:40::/64""",1
2026-07-28 15:18:00,ccf-aiops-武汉,br-1,br,ipv6_route_nexthop_info,"prefix=""::/0"",next_hop=""240a:a023::1"",dev=""ens4"",protocol=""unknown"",metric=""1024"",route_index=""0"",nh_index=""0""",1
2026-07-28 15:18:00,ccf-aiops-武汉,br-1,br,ipv6_route_nexthop_info,"prefix=""fd00:5:40::/64"",next_hop=""fe80::5:20:12"",dev=""ens5"",protocol=""ospf"",metric=""20"",route_index=""0"",nh_index=""1""",1
2026-07-28 15:18:00,ccf-aiops-武汉,br-1,br,ipv6_route_nexthop_info,"prefix=""fd00:5:40::/64"",next_hop=""fe80::5:20:11"",dev=""ens5"",protocol=""ospf"",metric=""20"",route_index=""0"",nh_index=""0""",1
2026-07-28 15:18:00,ccf-aiops-武汉,br-1,br,ipv6_route_nexthop_info,"prefix=""fd00:8:40::/64"",next_hop=""fe80::100:10:71"",dev=""ens4"",protocol=""bgp"",metric=""20"",route_index=""0"",nh_index=""0""",1
2026-07-28 15:18:00,ccf-aiops-武汉,br-1,br,ipv6_route_nexthop_info,"prefix=""fd00:7:40::/64"",next_hop=""fe80::100:10:61"",dev=""ens4"",protocol=""bgp"",metric=""20"",route_index=""0"",nh_index=""0""",1
2026-07-28 15:18:00,ccf-aiops-武汉,br-1,br,ipv6_route_nexthop_info,"prefix=""fd00:6:40::/64"",next_hop=""fe80::100:10:51"",dev=""ens4"",protocol=""bgp"",metric=""20"",route_index=""0"",nh_index=""0""",1
2026-07-28 15:18:00,ccf-aiops-武汉,br-1,br,ipv6_route_nexthop_info,"prefix=""fd00:4:40::/64"",next_hop=""fe80::100:10:31"",dev=""ens4"",protocol=""bgp"",metric=""20"",route_index=""0"",nh_index=""0""",1
2026-07-28 15:18:00,ccf-aiops-武汉,br-1,br,ipv6_route_nexthop_info,"prefix=""fd00:3:40::/64"",next_hop=""fe80::100:10:21"",dev=""ens4"",protocol=""bgp"",metric=""20"",route_index=""0"",nh_index=""0""",1
2026-07-28 15:18:00,ccf-aiops-武汉,br-1,br,ipv6_route_nexthop_info,"prefix=""fd00:2:40::/64"",next_hop=""fe80::100:10:1"",dev=""ens4"",protocol=""bgp"",metric=""20"",route_index=""0"",nh_index=""0""",1
2026-07-28 15:18:00,ccf-aiops-武汉,br-1,br,ipv6_route_nexthop_info,"prefix=""fd00:1:40::/64"",next_hop=""fe80::100:10:1"",dev=""ens4"",protocol=""bgp"",metric=""20"",route_index=""0"",nh_index=""0""",1
2026-07-28 15:18:00,ccf-aiops-武汉,br-1,br,ospf6_interface_cost,"interface=""ens5""",1
2026-07-28 15:18:00,ccf-aiops-武汉,br-1,br,ospf6_interface_enabled,"interface=""ens7""",1
2026-07-28 15:18:00,ccf-aiops-武汉,br-1,br,ospf6_interface_enabled,"interface=""ens6""",1
2026-07-28 15:18:00,ccf-aiops-武汉,br-1,br,ospf6_interface_enabled,"interface=""ens5""",1
2026-07-28 15:18:00,ccf-aiops-武汉,br-1,br,ospf6_interface_enabled,"interface=""ens4""",1
2026-07-28 15:18:00,ccf-aiops-武汉,br-1,br,ospf6_interface_enabled,"interface=""ens3""",1
2026-07-28 15:18:00,ccf-aiops-武汉,br-1,br,ospf6_interface_enabled,"interface=""ens12""",1
2026-07-28 15:18:00,ccf-aiops-武汉,br-1,br,ospf6_interface_enabled,"interface=""ens8""",1
2026-07-28 15:18:00,ccf-aiops-武汉,br-1,br,ospf6_interface_enabled,"interface=""ens9""",1
2026-07-28 15:18:00,ccf-aiops-武汉,br-1,br,ospf6_interface_enabled,"interface=""lo""",1
2026-07-28 15:18:00,ccf-aiops-武汉,br-1,br,ospf6_interface_enabled,"interface=""virbr0""",0
2026-07-28 15:18:00,ccf-aiops-武汉,br-1,br,ospf6_interface_enabled,"interface=""ens11""",1
2026-07-28 15:18:00,ccf-aiops-武汉,br-1,br,ospf6_interface_enabled,"interface=""ens10""",1
2026-07-28 15:18:00,ccf-aiops-武汉,br-1,br,ospf6_neighbor_state_code,"state=""Full"",interface=""ens5"",neighbor_id=""5.5.5.11""",6
2026-07-28 15:18:00,ccf-aiops-武汉,br-1,br,ospf6_neighbor_state_code,"state=""Twoway"",interface=""ens5"",neighbor_id=""5.5.5.2""",2
2026-07-28 15:18:00,ccf-aiops-武汉,br-1,br,ospf6_neighbor_state_code,"state=""Full"",interface=""ens5"",neighbor_id=""5.5.5.12""",6
2026-07-28 15:18:00,ccf-aiops-武汉,br-2,br,bgp_command_success,"command=""bgp_summary""",1
2026-07-28 15:18:00,ccf-aiops-武汉,br-2,br,bgp_peer_count,,6
2026-07-28 15:18:00,ccf-aiops-武汉,br-2,br,bgp_peer_prefix_received,"peer=""fd00:100:10::72"",remote_as=""65008"",state=""Established""",3
2026-07-28 15:18:00,ccf-aiops-武汉,br-2,br,bgp_peer_prefix_received,"peer=""fd00:100:10::2"",remote_as=""65001"",state=""Established""",4
2026-07-28 15:18:00,ccf-aiops-武汉,br-2,br,bgp_peer_prefix_received,"peer=""fd00:100:10::22"",remote_as=""65003"",state=""Established""",5
2026-07-28 15:18:00,ccf-aiops-武汉,br-2,br,bgp_peer_prefix_received,"peer=""fd00:100:10::32"",remote_as=""65004"",state=""Established""",3
2026-07-28 15:18:00,ccf-aiops-武汉,br-2,br,bgp_peer_prefix_received,"peer=""fd00:100:10::52"",remote_as=""65006"",state=""Established""",6
2026-07-28 15:18:00,ccf-aiops-武汉,br-2,br,bgp_peer_prefix_received,"peer=""fd00:100:10::62"",remote_as=""65007"",state=""Established""",4
2026-07-28 15:18:00,ccf-aiops-武汉,br-2,br,bgp_peer_prefix_sent,"peer=""fd00:100:10::72"",remote_as=""65008"",state=""Established""",8
2026-07-28 15:18:00,ccf-aiops-武汉,br-2,br,bgp_peer_prefix_sent,"peer=""fd00:100:10::62"",remote_as=""65007"",state=""Established""",8
2026-07-28 15:18:00,ccf-aiops-武汉,br-2,br,bgp_peer_prefix_sent,"peer=""fd00:100:10::52"",remote_as=""65006"",state=""Established""",8
2026-07-28 15:18:00,ccf-aiops-武汉,br-2,br,bgp_peer_prefix_sent,"peer=""fd00:100:10::32"",remote_as=""65004"",state=""Established""",8
2026-07-28 15:18:00,ccf-aiops-武汉,br-2,br,bgp_peer_prefix_sent,"peer=""fd00:100:10::22"",remote_as=""65003"",state=""Established""",8
2026-07-28 15:18:00,ccf-aiops-武汉,br-2,br,bgp_peer_prefix_sent,"peer=""fd00:100:10::2"",remote_as=""65001"",state=""Established""",8
2026-07-28 15:18:00,ccf-aiops-武汉,br-2,br,bgp_peer_up,"peer=""fd00:100:10::72"",remote_as=""65008"",state=""Established""",1
2026-07-28 15:18:00,ccf-aiops-武汉,br-2,br,bgp_peer_up,"peer=""fd00:100:10::62"",remote_as=""65007"",state=""Established""",1
2026-07-28 15:18:00,ccf-aiops-武汉,br-2,br,bgp_peer_up,"peer=""fd00:100:10::52"",remote_as=""65006"",state=""Established""",1
2026-07-28 15:18:00,ccf-aiops-武汉,br-2,br,bgp_peer_up,"peer=""fd00:100:10::32"",remote_as=""65004"",state=""Established""",1
2026-07-28 15:18:00,ccf-aiops-武汉,br-2,br,bgp_peer_up,"peer=""fd00:100:10::22"",remote_as=""65003"",state=""Established""",1
2026-07-28 15:18:00,ccf-aiops-武汉,br-2,br,bgp_peer_up,"peer=""fd00:100:10::2"",remote_as=""65001"",state=""Established""",1
2026-07-28 15:18:00,ccf-aiops-武汉,br-2,br,bgp_peer_uptime_seconds,"peer=""fd00:100:10::62"",remote_as=""65007"",state=""Established""",2422415
2026-07-28 15:18:00,ccf-aiops-武汉,br-2,br,bgp_peer_uptime_seconds,"peer=""fd00:100:10::72"",remote_as=""65008"",state=""Established""",2422298
2026-07-28 15:18:00,ccf-aiops-武汉,br-2,br,bgp_peer_uptime_seconds,"peer=""fd00:100:10::32"",remote_as=""65004"",state=""Established""",2422619
2026-07-28 15:18:00,ccf-aiops-武汉,br-2,br,bgp_peer_uptime_seconds,"peer=""fd00:100:10::22"",remote_as=""65003"",state=""Established""",705010
2026-07-28 15:18:00,ccf-aiops-武汉,br-2,br,bgp_peer_uptime_seconds,"peer=""fd00:100:10::2"",remote_as=""65001"",state=""Established""",2422619
2026-07-28 15:18:00,ccf-aiops-武汉,br-2,br,bgp_peer_uptime_seconds,"peer=""fd00:100:10::52"",remote_as=""65006"",state=""Established""",2422526
2026-07-28 15:18:00,ccf-aiops-武汉,br-2,br,ipv6_default_route_changed_total,,0
2026-07-28 15:18:00,ccf-aiops-武汉,br-2,br,ipv6_default_route_info,"next_hop=""240a:a023::1"",dev=""ens4"",protocol=""unknown"",metric=""1024"",route_index=""0"",nh_index=""0""",1
2026-07-28 15:18:00,ccf-aiops-武汉,br-2,br,ipv6_route_change_total,"prefix=""fd00:6:40::/64""",0
2026-07-28 15:18:00,ccf-aiops-武汉,br-2,br,ipv6_route_change_total,"prefix=""::/0""",0
2026-07-28 15:18:00,ccf-aiops-武汉,br-2,br,ipv6_route_change_total,"prefix=""fd00:1:40::/64""",0
2026-07-28 15:18:00,ccf-aiops-武汉,br-2,br,ipv6_route_change_total,"prefix=""fd00:2:40::/64""",2
2026-07-28 15:18:00,ccf-aiops-武汉,br-2,br,ipv6_route_change_total,"prefix=""fd00:3:40::/64""",0
2026-07-28 15:18:00,ccf-aiops-武汉,br-2,br,ipv6_route_change_total,"prefix=""fd00:4:40::/64""",0
2026-07-28 15:18:00,ccf-aiops-武汉,br-2,br,ipv6_route_change_total,"prefix=""fd00:5:40::/64""",0
2026-07-28 15:18:00,ccf-aiops-武汉,br-2,br,ipv6_route_change_total,"prefix=""fd00:7:40::/64""",4
2026-07-28 15:18:00,ccf-aiops-武汉,br-2,br,ipv6_route_change_total,"prefix=""fd00:8:40::/64""",0
2026-07-28 15:18:00,ccf-aiops-武汉,br-2,br,ipv6_route_count,"protocol=""bgp""",7
2026-07-28 15:18:00,ccf-aiops-武汉,br-2,br,ipv6_route_count,"protocol=""all""",17
2026-07-28 15:18:00,ccf-aiops-武汉,br-2,br,ipv6_route_count,"protocol=""ospf""",2
2026-07-28 15:18:00,ccf-aiops-武汉,br-2,br,ipv6_route_count,"protocol=""unknown""",1
2026-07-28 15:18:00,ccf-aiops-武汉,br-2,br,ipv6_route_count,"protocol=""kernel""",7
2026-07-28 15:18:00,ccf-aiops-武汉,br-2,br,ipv6_route_exists,"prefix=""fd00:7:40::/64""",1
2026-07-28 15:18:00,ccf-aiops-武汉,br-2,br,ipv6_route_exists,"prefix=""fd00:6:40::/64""",1
2026-07-28 15:18:00,ccf-aiops-武汉,br-2,br,ipv6_route_exists,"prefix=""fd00:5:40::/64""",1
2026-07-28 15:18:00,ccf-aiops-武汉,br-2,br,ipv6_route_exists,"prefix=""fd00:4:40::/64""",1
2026-07-28 15:18:00,ccf-aiops-武汉,br-2,br,ipv6_route_exists,"prefix=""fd00:8:40::/64""",1
2026-07-28 15:18:00,ccf-aiops-武汉,br-2,br,ipv6_route_exists,"prefix=""::/0""",1
2026-07-28 15:18:00,ccf-aiops-武汉,br-2,br,ipv6_route_exists,"prefix=""fd00:1:40::/64""",1
2026-07-28 15:18:00,ccf-aiops-武汉,br-2,br,ipv6_route_exists,"prefix=""fd00:2:40::/64""",1
2026-07-28 15:18:00,ccf-aiops-武汉,br-2,br,ipv6_route_exists,"prefix=""fd00:3:40::/64""",1
2026-07-28 15:18:00,ccf-aiops-武汉,br-2,br,ipv6_route_nexthop_info,"prefix=""fd00:2:40::/64"",next_hop=""fe80::100:10:2"",dev=""ens4"",protocol=""bgp"",metric=""20"",route_index=""0"",nh_index=""0""",1
2026-07-28 15:18:00,ccf-aiops-武汉,br-2,br,ipv6_route_nexthop_info,"prefix=""fd00:7:40::/64"",next_hop=""fe80::100:10:62"",dev=""ens4"",protocol=""bgp"",metric=""20"",route_index=""0"",nh_index=""0""",1
2026-07-28 15:18:00,ccf-aiops-武汉,br-2,br,ipv6_route_nexthop_info,"prefix=""fd00:3:40::/64"",next_hop=""fe80::100:10:22"",dev=""ens4"",protocol=""bgp"",metric=""20"",route_index=""0"",nh_index=""0""",1
2026-07-28 15:18:00,ccf-aiops-武汉,br-2,br,ipv6_route_nexthop_info,"prefix=""fd00:4:40::/64"",next_hop=""fe80::100:10:32"",dev=""ens4"",protocol=""bgp"",metric=""20"",route_index=""0"",nh_index=""0""",1
2026-07-28 15:18:00,ccf-aiops-武汉,br-2,br,ipv6_route_nexthop_info,"prefix=""fd00:6:40::/64"",next_hop=""fe80::100:10:52"",dev=""ens4"",protocol=""bgp"",metric=""20"",route_index=""0"",nh_index=""0""",1
2026-07-28 15:18:00,ccf-aiops-武汉,br-2,br,ipv6_route_nexthop_info,"prefix=""fd00:1:40::/64"",next_hop=""fe80::100:10:2"",dev=""ens4"",protocol=""bgp"",metric=""20"",route_index=""0"",nh_index=""0""",1
2026-07-28 15:18:00,ccf-aiops-武汉,br-2,br,ipv6_route_nexthop_info,"prefix=""::/0"",next_hop=""240a:a023::1"",dev=""ens4"",protocol=""unknown"",metric=""1024"",route_index=""0"",nh_index=""0""",1
2026-07-28 15:18:00,ccf-aiops-武汉,br-2,br,ipv6_route_nexthop_info,"prefix=""fd00:5:40::/64"",next_hop=""fe80::5:20:11"",dev=""ens5"",protocol=""ospf"",metric=""20"",route_index=""0"",nh_index=""0""",1
2026-07-28 15:18:00,ccf-aiops-武汉,br-2,br,ipv6_route_nexthop_info,"prefix=""fd00:5:40::/64"",next_hop=""fe80::5:20:12"",dev=""ens5"",protocol=""ospf"",metric=""20"",route_index=""0"",nh_index=""1""",1
2026-07-28 15:18:00,ccf-aiops-武汉,br-2,br,ipv6_route_nexthop_info,"prefix=""fd00:8:40::/64"",next_hop=""fe80::100:10:72"",dev=""ens4"",protocol=""bgp"",metric=""20"",route_index=""0"",nh_index=""0""",1
2026-07-28 15:18:00,ccf-aiops-武汉,br-2,br,ospf6_interface_cost,"interface=""ens5""",1
2026-07-28 15:18:00,ccf-aiops-武汉,br-2,br,ospf6_interface_enabled,"interface=""ens12""",1
2026-07-28 15:18:00,ccf-aiops-武汉,br-2,br,ospf6_interface_enabled,"interface=""virbr0""",0
2026-07-28 15:18:00,ccf-aiops-武汉,br-2,br,ospf6_interface_enabled,"interface=""lo""",1
2026-07-28 15:18:00,ccf-aiops-武汉,br-2,br,ospf6_interface_enabled,"interface=""ens9""",1
2026-07-28 15:18:00,ccf-aiops-武汉,br-2,br,ospf6_interface_enabled,"interface=""ens8""",1
2026-07-28 15:18:00,ccf-aiops-武汉,br-2,br,ospf6_interface_enabled,"interface=""ens7""",1
2026-07-28 15:18:00,ccf-aiops-武汉,br-2,br,ospf6_interface_enabled,"interface=""ens6""",1
2026-07-28 15:18:00,ccf-aiops-武汉,br-2,br,ospf6_interface_enabled,"interface=""ens5""",1
2026-07-28 15:18:00,ccf-aiops-武汉,br-2,br,ospf6_interface_enabled,"interface=""ens4""",1
2026-07-28 15:18:00,ccf-aiops-武汉,br-2,br,ospf6_interface_enabled,"interface=""ens3""",1
2026-07-28 15:18:00,ccf-aiops-武汉,br-2,br,ospf6_interface_enabled,"interface=""ens11""",1
2026-07-28 15:18:00,ccf-aiops-武汉,br-2,br,ospf6_interface_enabled,"interface=""ens10""",1
2026-07-28 15:18:00,ccf-aiops-武汉,br-2,br,ospf6_neighbor_state_code,"state=""Twoway"",interface=""ens5"",neighbor_id=""5.5.5.1""",2
2026-07-28 15:18:00,ccf-aiops-武汉,br-2,br,ospf6_neighbor_state_code,"state=""Full"",interface=""ens5"",neighbor_id=""5.5.5.11""",6
2026-07-28 15:18:00,ccf-aiops-武汉,br-2,br,ospf6_neighbor_state_code,"state=""Full"",interface=""ens5"",neighbor_id=""5.5.5.12""",6
2026-07-28 15:18:00,ccf-aiops-武汉,cr-1,cr,ipv6_default_route_changed_total,,0
2026-07-28 15:18:00,ccf-aiops-武汉,cr-1,cr,ipv6_default_route_info,"next_hop=""fd00:5:20::2"",dev=""ens4"",protocol=""196"",metric=""20"",route_index=""0"",nh_index=""1""",1
2026-07-28 15:18:00,ccf-aiops-武汉,cr-1,cr,ipv6_default_route_info,"next_hop=""fd00:5:20::1"",dev=""ens4"",protocol=""196"",metric=""20"",route_index=""0"",nh_index=""0""",1
2026-07-28 15:18:00,ccf-aiops-武汉,cr-1,cr,ipv6_route_change_total,"prefix=""fd00:1:40::/64""",0
2026-07-28 15:18:00,ccf-aiops-武汉,cr-1,cr,ipv6_route_change_total,"prefix=""fd00:8:40::/64""",0
2026-07-28 15:18:00,ccf-aiops-武汉,cr-1,cr,ipv6_route_change_total,"prefix=""fd00:7:40::/64""",0
2026-07-28 15:18:00,ccf-aiops-武汉,cr-1,cr,ipv6_route_change_total,"prefix=""fd00:6:40::/64""",0
2026-07-28 15:18:00,ccf-aiops-武汉,cr-1,cr,ipv6_route_change_total,"prefix=""fd00:5:40::/64""",0
2026-07-28 15:18:00,ccf-aiops-武汉,cr-1,cr,ipv6_route_change_total,"prefix=""fd00:4:40::/64""",0
2026-07-28 15:18:00,ccf-aiops-武汉,cr-1,cr,ipv6_route_change_total,"prefix=""::/0""",0
2026-07-28 15:18:00,ccf-aiops-武汉,cr-1,cr,ipv6_route_change_total,"prefix=""fd00:2:40::/64""",0
2026-07-28 15:18:00,ccf-aiops-武汉,cr-1,cr,ipv6_route_change_total,"prefix=""fd00:3:40::/64""",0
2026-07-28 15:18:00,ccf-aiops-武汉,cr-1,cr,ipv6_route_count,"protocol=""ospf""",7
2026-07-28 15:18:00,ccf-aiops-武汉,cr-1,cr,ipv6_route_count,"protocol=""196""",2
2026-07-28 15:18:00,ccf-aiops-武汉,cr-1,cr,ipv6_route_count,"protocol=""all""",15
2026-07-28 15:18:00,ccf-aiops-武汉,cr-1,cr,ipv6_route_count,"protocol=""kernel""",6
2026-07-28 15:18:00,ccf-aiops-武汉,cr-1,cr,ipv6_route_exists,"prefix=""fd00:7:40::/64""",1
2026-07-28 15:18:00,ccf-aiops-武汉,cr-1,cr,ipv6_route_exists,"prefix=""::/0""",1
2026-07-28 15:18:00,ccf-aiops-武汉,cr-1,cr,ipv6_route_exists,"prefix=""fd00:1:40::/64""",1
2026-07-28 15:18:00,ccf-aiops-武汉,cr-1,cr,ipv6_route_exists,"prefix=""fd00:2:40::/64""",1
2026-07-28 15:18:00,ccf-aiops-武汉,cr-1,cr,ipv6_route_exists,"prefix=""fd00:3:40::/64""",1
2026-07-28 15:18:00,ccf-aiops-武汉,cr-1,cr,ipv6_route_exists,"prefix=""fd00:4:40::/64""",1
2026-07-28 15:18:00,ccf-aiops-武汉,cr-1,cr,ipv6_route_exists,"prefix=""fd00:5:40::/64""",1
2026-07-28 15:18:00,ccf-aiops-武汉,cr-1,cr,ipv6_route_exists,"prefix=""fd00:6:40::/64""",1
2026-07-28 15:18:00,ccf-aiops-武汉,cr-1,cr,ipv6_route_exists,"prefix=""fd00:8:40::/64""",1
2026-07-28 15:18:00,ccf-aiops-武汉,cr-1,cr,ipv6_route_nexthop_info,"prefix=""fd00:4:40::/64"",next_hop=""fe80::5:20:2"",dev=""ens4"",protocol=""ospf"",metric=""20"",route_index=""0"",nh_index=""1""",1
2026-07-28 15:18:00,ccf-aiops-武汉,cr-1,cr,ipv6_route_nexthop_info,"prefix=""::/0"",next_hop=""fd00:5:20::1"",dev=""ens4"",protocol=""196"",metric=""20"",route_index=""0"",nh_index=""0""",1
2026-07-28 15:18:00,ccf-aiops-武汉,cr-1,cr,ipv6_route_nexthop_info,"prefix=""::/0"",next_hop=""fd00:5:20::2"",dev=""ens4"",protocol=""196"",metric=""20"",route_index=""0"",nh_index=""1""",1
2026-07-28 15:18:00,ccf-aiops-武汉,cr-1,cr,ipv6_route_nexthop_info,"prefix=""fd00:1:40::/64"",next_hop=""fe80::5:20:1"",dev=""ens4"",protocol=""ospf"",metric=""20"",route_index=""0"",nh_index=""0""",1
2026-07-28 15:18:00,ccf-aiops-武汉,cr-1,cr,ipv6_route_nexthop_info,"prefix=""fd00:5:40::/64"",next_hop=""fd00:5:30::254"",dev=""ens5"",protocol=""196"",metric=""20"",route_index=""0"",nh_index=""0""",1
2026-07-28 15:18:00,ccf-aiops-武汉,cr-1,cr,ipv6_route_nexthop_info,"prefix=""fd00:2:40::/64"",next_hop=""fe80::5:20:1"",dev=""ens4"",protocol=""ospf"",metric=""20"",route_index=""0"",nh_index=""0""",1
2026-07-28 15:18:00,ccf-aiops-武汉,cr-1,cr,ipv6_route_nexthop_info,"prefix=""fd00:3:40::/64"",next_hop=""fe80::5:20:1"",dev=""ens4"",protocol=""ospf"",metric=""20"",route_index=""0"",nh_index=""0""",1
2026-07-28 15:18:00,ccf-aiops-武汉,cr-1,cr,ipv6_route_nexthop_info,"prefix=""fd00:4:40::/64"",next_hop=""fe80::5:20:1"",dev=""ens4"",protocol=""ospf"",metric=""20"",route_index=""0"",nh_index=""0""",1
2026-07-28 15:18:00,ccf-aiops-武汉,cr-1,cr,ipv6_route_nexthop_info,"prefix=""fd00:6:40::/64"",next_hop=""fe80::5:20:1"",dev=""ens4"",protocol=""ospf"",metric=""20"",route_index=""0"",nh_index=""0""",1
2026-07-28 15:18:00,ccf-aiops-武汉,cr-1,cr,ipv6_route_nexthop_info,"prefix=""fd00:7:40::/64"",next_hop=""fe80::5:20:1"",dev=""ens4"",protocol=""ospf"",metric=""20"",route_index=""0"",nh_index=""0""",1
2026-07-28 15:18:00,ccf-aiops-武汉,cr-1,cr,ipv6_route_nexthop_info,"prefix=""fd00:8:40::/64"",next_hop=""fe80::5:20:1"",dev=""ens4"",protocol=""ospf"",metric=""20"",route_index=""0"",nh_index=""0""",1
2026-07-28 15:18:00,ccf-aiops-武汉,cr-1,cr,ipv6_route_nexthop_info,"prefix=""fd00:1:40::/64"",next_hop=""fe80::5:20:2"",dev=""ens4"",protocol=""ospf"",metric=""20"",route_index=""0"",nh_index=""1""",1
2026-07-28 15:18:00,ccf-aiops-武汉,cr-1,cr,ipv6_route_nexthop_info,"prefix=""fd00:2:40::/64"",next_hop=""fe80::5:20:2"",dev=""ens4"",protocol=""ospf"",metric=""20"",route_index=""0"",nh_index=""1""",1
2026-07-28 15:18:00,ccf-aiops-武汉,cr-1,cr,ipv6_route_nexthop_info,"prefix=""fd00:3:40::/64"",next_hop=""fe80::5:20:2"",dev=""ens4"",protocol=""ospf"",metric=""20"",route_index=""0"",nh_index=""1""",1
2026-07-28 15:18:00,ccf-aiops-武汉,cr-1,cr,ipv6_route_nexthop_info,"prefix=""fd00:8:40::/64"",next_hop=""fe80::5:20:2"",dev=""ens4"",protocol=""ospf"",metric=""20"",route_index=""0"",nh_index=""1""",1
2026-07-28 15:18:00,ccf-aiops-武汉,cr-1,cr,ipv6_route_nexthop_info,"prefix=""fd00:7:40::/64"",next_hop=""fe80::5:20:2"",dev=""ens4"",protocol=""ospf"",metric=""20"",route_index=""0"",nh_index=""1""",1
2026-07-28 15:18:00,ccf-aiops-武汉,cr-1,cr,ipv6_route_nexthop_info,"prefix=""fd00:6:40::/64"",next_hop=""fe80::5:20:2"",dev=""ens4"",protocol=""ospf"",metric=""20"",route_index=""0"",nh_index=""1""",1
2026-07-28 15:18:00,ccf-aiops-武汉,cr-1,cr,ospf6_interface_cost,"interface=""ens4""",1
2026-07-28 15:18:00,ccf-aiops-武汉,cr-1,cr,ospf6_interface_cost,"interface=""ens5""",1
2026-07-28 15:18:00,ccf-aiops-武汉,cr-1,cr,ospf6_interface_enabled,"interface=""virbr0""",0
2026-07-28 15:18:00,ccf-aiops-武汉,cr-1,cr,ospf6_interface_enabled,"interface=""ens6""",1
2026-07-28 15:18:00,ccf-aiops-武汉,cr-1,cr,ospf6_interface_enabled,"interface=""ens5""",1
2026-07-28 15:18:00,ccf-aiops-武汉,cr-1,cr,ospf6_interface_enabled,"interface=""lo""",1
2026-07-28 15:18:00,ccf-aiops-武汉,cr-1,cr,ospf6_interface_enabled,"interface=""ens7""",1
2026-07-28 15:18:00,ccf-aiops-武汉,cr-1,cr,ospf6_interface_enabled,"interface=""ens8""",1
2026-07-28 15:18:00,ccf-aiops-武汉,cr-1,cr,ospf6_interface_enabled,"interface=""ens11""",1
2026-07-28 15:18:00,ccf-aiops-武汉,cr-1,cr,ospf6_interface_enabled,"interface=""ens12""",1
2026-07-28 15:18:00,ccf-aiops-武汉,cr-1,cr,ospf6_interface_enabled,"interface=""ens3""",1
2026-07-28 15:18:00,ccf-aiops-武汉,cr-1,cr,ospf6_interface_enabled,"interface=""ens4""",1
2026-07-28 15:18:00,ccf-aiops-武汉,cr-1,cr,ospf6_interface_enabled,"interface=""ens9""",1
2026-07-28 15:18:00,ccf-aiops-武汉,cr-1,cr,ospf6_interface_enabled,"interface=""ens10""",1
2026-07-28 15:18:00,ccf-aiops-武汉,cr-1,cr,ospf6_neighbor_state_code,"state=""Full"",interface=""ens4"",neighbor_id=""5.5.5.12""",6
2026-07-28 15:18:00,ccf-aiops-武汉,cr-1,cr,ospf6_neighbor_state_code,"state=""Full"",interface=""ens5"",neighbor_id=""5.5.5.12""",6
2026-07-28 15:18:00,ccf-aiops-武汉,cr-1,cr,ospf6_neighbor_state_code,"state=""Full"",interface=""ens4"",neighbor_id=""5.5.5.2""",6
2026-07-28 15:18:00,ccf-aiops-武汉,cr-1,cr,ospf6_neighbor_state_code,"state=""Full"",interface=""ens4"",neighbor_id=""5.5.5.1""",6
2026-07-28 15:18:00,ccf-aiops-武汉,cr-1,cr,bgp_command_success,,
2026-07-28 15:18:00,ccf-aiops-武汉,cr-1,cr,bgp_peer_up,,
2026-07-28 15:18:00,ccf-aiops-武汉,cr-1,cr,bgp_peer_uptime_seconds,,
2026-07-28 15:18:00,ccf-aiops-武汉,cr-1,cr,bgp_peer_prefix_received,,
2026-07-28 15:18:00,ccf-aiops-武汉,cr-1,cr,bgp_peer_prefix_sent,,
2026-07-28 15:18:00,ccf-aiops-武汉,cr-1,cr,bgp_peer_count,,
2026-07-28 15:18:00,ccf-aiops-武汉,cr-2,cr,ipv6_default_route_changed_total,,0
2026-07-28 15:18:00,ccf-aiops-武汉,cr-2,cr,ipv6_default_route_info,"next_hop=""fd00:5:20::1"",dev=""ens4"",protocol=""196"",metric=""20"",route_index=""0"",nh_index=""0""",1
2026-07-28 15:18:00,ccf-aiops-武汉,cr-2,cr,ipv6_default_route_info,"next_hop=""fd00:5:20::2"",dev=""ens4"",protocol=""196"",metric=""20"",route_index=""0"",nh_index=""1""",1
2026-07-28 15:18:00,ccf-aiops-武汉,cr-2,cr,ipv6_route_change_total,"prefix=""fd00:7:40::/64""",0
2026-07-28 15:18:00,ccf-aiops-武汉,cr-2,cr,ipv6_route_change_total,"prefix=""fd00:8:40::/64""",0
2026-07-28 15:18:00,ccf-aiops-武汉,cr-2,cr,ipv6_route_change_total,"prefix=""fd00:6:40::/64""",0
2026-07-28 15:18:00,ccf-aiops-武汉,cr-2,cr,ipv6_route_change_total,"prefix=""fd00:5:40::/64""",0
2026-07-28 15:18:00,ccf-aiops-武汉,cr-2,cr,ipv6_route_change_total,"prefix=""fd00:4:40::/64""",0
2026-07-28 15:18:00,ccf-aiops-武汉,cr-2,cr,ipv6_route_change_total,"prefix=""fd00:3:40::/64""",0
2026-07-28 15:18:00,ccf-aiops-武汉,cr-2,cr,ipv6_route_change_total,"prefix=""fd00:2:40::/64""",0
2026-07-28 15:18:00,ccf-aiops-武汉,cr-2,cr,ipv6_route_change_total,"prefix=""fd00:1:40::/64""",0
2026-07-28 15:18:00,ccf-aiops-武汉,cr-2,cr,ipv6_route_change_total,"prefix=""::/0""",0
2026-07-28 15:18:00,ccf-aiops-武汉,cr-2,cr,ipv6_route_count,"protocol=""196""",2
2026-07-28 15:18:00,ccf-aiops-武汉,cr-2,cr,ipv6_route_count,"protocol=""all""",15
2026-07-28 15:18:00,ccf-aiops-武汉,cr-2,cr,ipv6_route_count,"protocol=""kernel""",6
2026-07-28 15:18:00,ccf-aiops-武汉,cr-2,cr,ipv6_route_count,"protocol=""ospf""",7
2026-07-28 15:18:00,ccf-aiops-武汉,cr-2,cr,ipv6_route_exists,"prefix=""::/0""",1
2026-07-28 15:18:00,ccf-aiops-武汉,cr-2,cr,ipv6_route_exists,"prefix=""fd00:1:40::/64""",1
2026-07-28 15:18:00,ccf-aiops-武汉,cr-2,cr,ipv6_route_exists,"prefix=""fd00:2:40::/64""",1
2026-07-28 15:18:00,ccf-aiops-武汉,cr-2,cr,ipv6_route_exists,"prefix=""fd00:3:40::/64""",1
2026-07-28 15:18:00,ccf-aiops-武汉,cr-2,cr,ipv6_route_exists,"prefix=""fd00:4:40::/64""",1
2026-07-28 15:18:00,ccf-aiops-武汉,cr-2,cr,ipv6_route_exists,"prefix=""fd00:5:40::/64""",1
2026-07-28 15:18:00,ccf-aiops-武汉,cr-2,cr,ipv6_route_exists,"prefix=""fd00:8:40::/64""",1
2026-07-28 15:18:00,ccf-aiops-武汉,cr-2,cr,ipv6_route_exists,"prefix=""fd00:7:40::/64""",1
2026-07-28 15:18:00,ccf-aiops-武汉,cr-2,cr,ipv6_route_exists,"prefix=""fd00:6:40::/64""",1
2026-07-28 15:18:00,ccf-aiops-武汉,cr-2,cr,ipv6_route_nexthop_info,"prefix=""fd00:3:40::/64"",next_hop=""fe80::5:20:2"",dev=""ens4"",protocol=""ospf"",metric=""20"",route_index=""0"",nh_index=""1""",1
2026-07-28 15:18:00,ccf-aiops-武汉,cr-2,cr,ipv6_route_nexthop_info,"prefix=""fd00:1:40::/64"",next_hop=""fe80::5:20:2"",dev=""ens4"",protocol=""ospf"",metric=""20"",route_index=""0"",nh_index=""1""",1
2026-07-28 15:18:00,ccf-aiops-武汉,cr-2,cr,ipv6_route_nexthop_info,"prefix=""fd00:4:40::/64"",next_hop=""fe80::5:20:2"",dev=""ens4"",protocol=""ospf"",metric=""20"",route_index=""0"",nh_index=""1""",1
2026-07-28 15:18:00,ccf-aiops-武汉,cr-2,cr,ipv6_route_nexthop_info,"prefix=""fd00:6:40::/64"",next_hop=""fe80::5:20:2"",dev=""ens4"",protocol=""ospf"",metric=""20"",route_index=""0"",nh_index=""1""",1
2026-07-28 15:18:00,ccf-aiops-武汉,cr-2,cr,ipv6_route_nexthop_info,"prefix=""fd00:7:40::/64"",next_hop=""fe80::5:20:2"",dev=""ens4"",protocol=""ospf"",metric=""20"",route_index=""0"",nh_index=""1""",1
2026-07-28 15:18:00,ccf-aiops-武汉,cr-2,cr,ipv6_route_nexthop_info,"prefix=""fd00:8:40::/64"",next_hop=""fe80::5:20:2"",dev=""ens4"",protocol=""ospf"",metric=""20"",route_index=""0"",nh_index=""1""",1
2026-07-28 15:18:00,ccf-aiops-武汉,cr-2,cr,ipv6_route_nexthop_info,"prefix=""fd00:5:40::/64"",next_hop=""fd00:5:30::254"",dev=""ens5"",protocol=""196"",metric=""20"",route_index=""0"",nh_index=""0""",1
2026-07-28 15:18:00,ccf-aiops-武汉,cr-2,cr,ipv6_route_nexthop_info,"prefix=""::/0"",next_hop=""fd00:5:20::1"",dev=""ens4"",protocol=""196"",metric=""20"",route_index=""0"",nh_index=""0""",1
2026-07-28 15:18:00,ccf-aiops-武汉,cr-2,cr,ipv6_route_nexthop_info,"prefix=""::/0"",next_hop=""fd00:5:20::2"",dev=""ens4"",protocol=""196"",metric=""20"",route_index=""0"",nh_index=""1""",1
2026-07-28 15:18:00,ccf-aiops-武汉,cr-2,cr,ipv6_route_nexthop_info,"prefix=""fd00:1:40::/64"",next_hop=""fe80::5:20:1"",dev=""ens4"",protocol=""ospf"",metric=""20"",route_index=""0"",nh_index=""0""",1
2026-07-28 15:18:00,ccf-aiops-武汉,cr-2,cr,ipv6_route_nexthop_info,"prefix=""fd00:2:40::/64"",next_hop=""fe80::5:20:1"",dev=""ens4"",protocol=""ospf"",metric=""20"",route_index=""0"",nh_index=""0""",1
2026-07-28 15:18:00,ccf-aiops-武汉,cr-2,cr,ipv6_route_nexthop_info,"prefix=""fd00:3:40::/64"",next_hop=""fe80::5:20:1"",dev=""ens4"",protocol=""ospf"",metric=""20"",route_index=""0"",nh_index=""0""",1
2026-07-28 15:18:00,ccf-aiops-武汉,cr-2,cr,ipv6_route_nexthop_info,"prefix=""fd00:4:40::/64"",next_hop=""fe80::5:20:1"",dev=""ens4"",protocol=""ospf"",metric=""20"",route_index=""0"",nh_index=""0""",1
2026-07-28 15:18:00,ccf-aiops-武汉,cr-2,cr,ipv6_route_nexthop_info,"prefix=""fd00:6:40::/64"",next_hop=""fe80::5:20:1"",dev=""ens4"",protocol=""ospf"",metric=""20"",route_index=""0"",nh_index=""0""",1
2026-07-28 15:18:00,ccf-aiops-武汉,cr-2,cr,ipv6_route_nexthop_info,"prefix=""fd00:7:40::/64"",next_hop=""fe80::5:20:1"",dev=""ens4"",protocol=""ospf"",metric=""20"",route_index=""0"",nh_index=""0""",1
2026-07-28 15:18:00,ccf-aiops-武汉,cr-2,cr,ipv6_route_nexthop_info,"prefix=""fd00:8:40::/64"",next_hop=""fe80::5:20:1"",dev=""ens4"",protocol=""ospf"",metric=""20"",route_index=""0"",nh_index=""0""",1
2026-07-28 15:18:00,ccf-aiops-武汉,cr-2,cr,ipv6_route_nexthop_info,"prefix=""fd00:2:40::/64"",next_hop=""fe80::5:20:2"",dev=""ens4"",protocol=""ospf"",metric=""20"",route_index=""0"",nh_index=""1""",1
2026-07-28 15:18:00,ccf-aiops-武汉,cr-2,cr,ospf6_interface_cost,"interface=""ens4""",1
2026-07-28 15:18:00,ccf-aiops-武汉,cr-2,cr,ospf6_interface_cost,"interface=""ens5""",1
2026-07-28 15:18:00,ccf-aiops-武汉,cr-2,cr,ospf6_interface_enabled,"interface=""virbr0""",0
2026-07-28 15:18:00,ccf-aiops-武汉,cr-2,cr,ospf6_interface_enabled,"interface=""ens9""",1
2026-07-28 15:18:00,ccf-aiops-武汉,cr-2,cr,ospf6_interface_enabled,"interface=""lo""",1
2026-07-28 15:18:00,ccf-aiops-武汉,cr-2,cr,ospf6_interface_enabled,"interface=""ens10""",1
2026-07-28 15:18:00,ccf-aiops-武汉,cr-2,cr,ospf6_interface_enabled,"interface=""ens11""",1
2026-07-28 15:18:00,ccf-aiops-武汉,cr-2,cr,ospf6_interface_enabled,"interface=""ens12""",1
2026-07-28 15:18:00,ccf-aiops-武汉,cr-2,cr,ospf6_interface_enabled,"interface=""ens3""",1
2026-07-28 15:18:00,ccf-aiops-武汉,cr-2,cr,ospf6_interface_enabled,"interface=""ens4""",1
2026-07-28 15:18:00,ccf-aiops-武汉,cr-2,cr,ospf6_interface_enabled,"interface=""ens5""",1
2026-07-28 15:18:00,ccf-aiops-武汉,cr-2,cr,ospf6_interface_enabled,"interface=""ens6""",1
2026-07-28 15:18:00,ccf-aiops-武汉,cr-2,cr,ospf6_interface_enabled,"interface=""ens7""",1
2026-07-28 15:18:00,ccf-aiops-武汉,cr-2,cr,ospf6_interface_enabled,"interface=""ens8""",1
2026-07-28 15:18:00,ccf-aiops-武汉,cr-2,cr,ospf6_neighbor_state_code,"state=""Full"",interface=""ens4"",neighbor_id=""5.5.5.1""",6
2026-07-28 15:18:00,ccf-aiops-武汉,cr-2,cr,ospf6_neighbor_state_code,"state=""Full"",interface=""ens4"",neighbor_id=""5.5.5.11""",6
2026-07-28 15:18:00,ccf-aiops-武汉,cr-2,cr,ospf6_neighbor_state_code,"state=""Full"",interface=""ens4"",neighbor_id=""5.5.5.2""",6
2026-07-28 15:18:00,ccf-aiops-武汉,cr-2,cr,ospf6_neighbor_state_code,"state=""Full"",interface=""ens5"",neighbor_id=""5.5.5.11""",6
2026-07-28 15:18:00,ccf-aiops-武汉,cr-2,cr,bgp_command_success,,
2026-07-28 15:18:00,ccf-aiops-武汉,cr-2,cr,bgp_peer_up,,
2026-07-28 15:18:00,ccf-aiops-武汉,cr-2,cr,bgp_peer_uptime_seconds,,
2026-07-28 15:18:00,ccf-aiops-武汉,cr-2,cr,bgp_peer_prefix_received,,
2026-07-28 15:18:00,ccf-aiops-武汉,cr-2,cr,bgp_peer_prefix_sent,,
2026-07-28 15:18:00,ccf-aiops-武汉,cr-2,cr,bgp_peer_count,,
2026-07-28 15:19:00,ccf-aiops-武汉,br-1,br,bgp_command_success,"command=""bgp_summary""",1
2026-07-28 15:19:00,ccf-aiops-武汉,br-1,br,bgp_peer_count,,6
2026-07-28 15:19:00,ccf-aiops-武汉,br-1,br,bgp_peer_prefix_received,"peer=""fd00:100:10::21"",remote_as=""65003"",state=""Established""",4
2026-07-28 15:19:00,ccf-aiops-武汉,br-1,br,bgp_peer_prefix_received,"peer=""fd00:100:10::71"",remote_as=""65008"",state=""Established""",4
2026-07-28 15:19:00,ccf-aiops-武汉,br-1,br,bgp_peer_prefix_received,"peer=""fd00:100:10::61"",remote_as=""65007"",state=""Established""",4
2026-07-28 15:19:00,ccf-aiops-武汉,br-1,br,bgp_peer_prefix_received,"peer=""fd00:100:10::51"",remote_as=""65006"",state=""Established""",5
2026-07-28 15:19:00,ccf-aiops-武汉,br-1,br,bgp_peer_prefix_received,"peer=""fd00:100:10::31"",remote_as=""65004"",state=""Established""",2
2026-07-28 15:19:00,ccf-aiops-武汉,br-1,br,bgp_peer_prefix_received,"peer=""fd00:100:10::1"",remote_as=""65001"",state=""Established""",5
2026-07-28 15:19:00,ccf-aiops-武汉,br-1,br,bgp_peer_prefix_sent,"peer=""fd00:100:10::1"",remote_as=""65001"",state=""Established""",8
2026-07-28 15:19:00,ccf-aiops-武汉,br-1,br,bgp_peer_prefix_sent,"peer=""fd00:100:10::21"",remote_as=""65003"",state=""Established""",8
2026-07-28 15:19:00,ccf-aiops-武汉,br-1,br,bgp_peer_prefix_sent,"peer=""fd00:100:10::31"",remote_as=""65004"",state=""Established""",8
2026-07-28 15:19:00,ccf-aiops-武汉,br-1,br,bgp_peer_prefix_sent,"peer=""fd00:100:10::51"",remote_as=""65006"",state=""Established""",8
2026-07-28 15:19:00,ccf-aiops-武汉,br-1,br,bgp_peer_prefix_sent,"peer=""fd00:100:10::61"",remote_as=""65007"",state=""Established""",8
2026-07-28 15:19:00,ccf-aiops-武汉,br-1,br,bgp_peer_prefix_sent,"peer=""fd00:100:10::71"",remote_as=""65008"",state=""Established""",8
2026-07-28 15:19:00,ccf-aiops-武汉,br-1,br,bgp_peer_up,"peer=""fd00:100:10::1"",remote_as=""65001"",state=""Established""",1
2026-07-28 15:19:00,ccf-aiops-武汉,br-1,br,bgp_peer_up,"peer=""fd00:100:10::71"",remote_as=""65008"",state=""Established""",1
2026-07-28 15:19:00,ccf-aiops-武汉,br-1,br,bgp_peer_up,"peer=""fd00:100:10::61"",remote_as=""65007"",state=""Established""",1
2026-07-28 15:19:00,ccf-aiops-武汉,br-1,br,bgp_peer_up,"peer=""fd00:100:10::51"",remote_as=""65006"",state=""Established""",1
2026-07-28 15:19:00,ccf-aiops-武汉,br-1,br,bgp_peer_up,"peer=""fd00:100:10::31"",remote_as=""65004"",state=""Established""",1
2026-07-28 15:19:00,ccf-aiops-武汉,br-1,br,bgp_peer_up,"peer=""fd00:100:10::21"",remote_as=""65003"",state=""Established""",1
2026-07-28 15:19:00,ccf-aiops-武汉,br-1,br,bgp_peer_uptime_seconds,"peer=""fd00:100:10::61"",remote_as=""65007"",state=""Established""",2422487
2026-07-28 15:19:00,ccf-aiops-武汉,br-1,br,bgp_peer_uptime_seconds,"peer=""fd00:100:10::51"",remote_as=""65006"",state=""Established""",2422595
2026-07-28 15:19:00,ccf-aiops-武汉,br-1,br,bgp_peer_uptime_seconds,"peer=""fd00:100:10::31"",remote_as=""65004"",state=""Established""",2422683
2026-07-28 15:19:00,ccf-aiops-武汉,br-1,br,bgp_peer_uptime_seconds,"peer=""fd00:100:10::21"",remote_as=""65003"",state=""Established""",1735321
2026-07-28 15:19:00,ccf-aiops-武汉,br-1,br,bgp_peer_uptime_seconds,"peer=""fd00:100:10::1"",remote_as=""65001"",state=""Established""",2422683
2026-07-28 15:19:00,ccf-aiops-武汉,br-1,br,bgp_peer_uptime_seconds,"peer=""fd00:100:10::71"",remote_as=""65008"",state=""Established""",2422362
2026-07-28 15:19:00,ccf-aiops-武汉,br-1,br,ipv6_default_route_changed_total,,0
2026-07-28 15:19:00,ccf-aiops-武汉,br-1,br,ipv6_default_route_info,"next_hop=""240a:a023::1"",dev=""ens4"",protocol=""unknown"",metric=""1024"",route_index=""0"",nh_index=""0""",1
2026-07-28 15:19:00,ccf-aiops-武汉,br-1,br,ipv6_route_change_total,"prefix=""::/0""",0
2026-07-28 15:19:00,ccf-aiops-武汉,br-1,br,ipv6_route_change_total,"prefix=""fd00:1:40::/64""",0
2026-07-28 15:19:00,ccf-aiops-武汉,br-1,br,ipv6_route_change_total,"prefix=""fd00:2:40::/64""",2
2026-07-28 15:19:00,ccf-aiops-武汉,br-1,br,ipv6_route_change_total,"prefix=""fd00:3:40::/64""",0
2026-07-28 15:19:00,ccf-aiops-武汉,br-1,br,ipv6_route_change_total,"prefix=""fd00:4:40::/64""",0
2026-07-28 15:19:00,ccf-aiops-武汉,br-1,br,ipv6_route_change_total,"prefix=""fd00:5:40::/64""",0
2026-07-28 15:19:00,ccf-aiops-武汉,br-1,br,ipv6_route_change_total,"prefix=""fd00:7:40::/64""",8
2026-07-28 15:19:00,ccf-aiops-武汉,br-1,br,ipv6_route_change_total,"prefix=""fd00:8:40::/64""",0
2026-07-28 15:19:00,ccf-aiops-武汉,br-1,br,ipv6_route_change_total,"prefix=""fd00:6:40::/64""",0
2026-07-28 15:19:00,ccf-aiops-武汉,br-1,br,ipv6_route_count,"protocol=""unknown""",1
2026-07-28 15:19:00,ccf-aiops-武汉,br-1,br,ipv6_route_count,"protocol=""ospf""",2
2026-07-28 15:19:00,ccf-aiops-武汉,br-1,br,ipv6_route_count,"protocol=""kernel""",7
2026-07-28 15:19:00,ccf-aiops-武汉,br-1,br,ipv6_route_count,"protocol=""all""",17
2026-07-28 15:19:00,ccf-aiops-武汉,br-1,br,ipv6_route_count,"protocol=""bgp""",7
2026-07-28 15:19:00,ccf-aiops-武汉,br-1,br,ipv6_route_exists,"prefix=""fd00:8:40::/64""",1
2026-07-28 15:19:00,ccf-aiops-武汉,br-1,br,ipv6_route_exists,"prefix=""::/0""",1
2026-07-28 15:19:00,ccf-aiops-武汉,br-1,br,ipv6_route_exists,"prefix=""fd00:1:40::/64""",1
2026-07-28 15:19:00,ccf-aiops-武汉,br-1,br,ipv6_route_exists,"prefix=""fd00:2:40::/64""",1
2026-07-28 15:19:00,ccf-aiops-武汉,br-1,br,ipv6_route_exists,"prefix=""fd00:3:40::/64""",1
2026-07-28 15:19:00,ccf-aiops-武汉,br-1,br,ipv6_route_exists,"prefix=""fd00:4:40::/64""",1
2026-07-28 15:19:00,ccf-aiops-武汉,br-1,br,ipv6_route_exists,"prefix=""fd00:5:40::/64""",1
2026-07-28 15:19:00,ccf-aiops-武汉,br-1,br,ipv6_route_exists,"prefix=""fd00:6:40::/64""",1
2026-07-28 15:19:00,ccf-aiops-武汉,br-1,br,ipv6_route_exists,"prefix=""fd00:7:40::/64""",1
2026-07-28 15:19:00,ccf-aiops-武汉,br-1,br,ipv6_route_nexthop_info,"prefix=""fd00:8:40::/64"",next_hop=""fe80::100:10:71"",dev=""ens4"",protocol=""bgp"",metric=""20"",route_index=""0"",nh_index=""0""",1
2026-07-28 15:19:00,ccf-aiops-武汉,br-1,br,ipv6_route_nexthop_info,"prefix=""fd00:7:40::/64"",next_hop=""fe80::100:10:61"",dev=""ens4"",protocol=""bgp"",metric=""20"",route_index=""0"",nh_index=""0""",1
2026-07-28 15:19:00,ccf-aiops-武汉,br-1,br,ipv6_route_nexthop_info,"prefix=""fd00:6:40::/64"",next_hop=""fe80::100:10:51"",dev=""ens4"",protocol=""bgp"",metric=""20"",route_index=""0"",nh_index=""0""",1
2026-07-28 15:19:00,ccf-aiops-武汉,br-1,br,ipv6_route_nexthop_info,"prefix=""fd00:4:40::/64"",next_hop=""fe80::100:10:31"",dev=""ens4"",protocol=""bgp"",metric=""20"",route_index=""0"",nh_index=""0""",1
2026-07-28 15:19:00,ccf-aiops-武汉,br-1,br,ipv6_route_nexthop_info,"prefix=""fd00:3:40::/64"",next_hop=""fe80::100:10:21"",dev=""ens4"",protocol=""bgp"",metric=""20"",route_index=""0"",nh_index=""0""",1
2026-07-28 15:19:00,ccf-aiops-武汉,br-1,br,ipv6_route_nexthop_info,"prefix=""fd00:5:40::/64"",next_hop=""fe80::5:20:11"",dev=""ens5"",protocol=""ospf"",metric=""20"",route_index=""0"",nh_index=""0""",1
2026-07-28 15:19:00,ccf-aiops-武汉,br-1,br,ipv6_route_nexthop_info,"prefix=""fd00:5:40::/64"",next_hop=""fe80::5:20:12"",dev=""ens5"",protocol=""ospf"",metric=""20"",route_index=""0"",nh_index=""1""",1
2026-07-28 15:19:00,ccf-aiops-武汉,br-1,br,ipv6_route_nexthop_info,"prefix=""fd00:2:40::/64"",next_hop=""fe80::100:10:1"",dev=""ens4"",protocol=""bgp"",metric=""20"",route_index=""0"",nh_index=""0""",1
2026-07-28 15:19:00,ccf-aiops-武汉,br-1,br,ipv6_route_nexthop_info,"prefix=""fd00:1:40::/64"",next_hop=""fe80::100:10:1"",dev=""ens4"",protocol=""bgp"",metric=""20"",route_index=""0"",nh_index=""0""",1
2026-07-28 15:19:00,ccf-aiops-武汉,br-1,br,ipv6_route_nexthop_info,"prefix=""::/0"",next_hop=""240a:a023::1"",dev=""ens4"",protocol=""unknown"",metric=""1024"",route_index=""0"",nh_index=""0""",1
2026-07-28 15:19:00,ccf-aiops-武汉,br-1,br,ospf6_interface_cost,"interface=""ens5""",1
2026-07-28 15:19:00,ccf-aiops-武汉,br-1,br,ospf6_interface_enabled,"interface=""ens6""",1
2026-07-28 15:19:00,ccf-aiops-武汉,br-1,br,ospf6_interface_enabled,"interface=""virbr0""",0
2026-07-28 15:19:00,ccf-aiops-武汉,br-1,br,ospf6_interface_enabled,"interface=""lo""",1
2026-07-28 15:19:00,ccf-aiops-武汉,br-1,br,ospf6_interface_enabled,"interface=""ens9""",1
2026-07-28 15:19:00,ccf-aiops-武汉,br-1,br,ospf6_interface_enabled,"interface=""ens8""",1
2026-07-28 15:19:00,ccf-aiops-武汉,br-1,br,ospf6_interface_enabled,"interface=""ens7""",1
2026-07-28 15:19:00,ccf-aiops-武汉,br-1,br,ospf6_interface_enabled,"interface=""ens5""",1
2026-07-28 15:19:00,ccf-aiops-武汉,br-1,br,ospf6_interface_enabled,"interface=""ens4""",1
2026-07-28 15:19:00,ccf-aiops-武汉,br-1,br,ospf6_interface_enabled,"interface=""ens3""",1
2026-07-28 15:19:00,ccf-aiops-武汉,br-1,br,ospf6_interface_enabled,"interface=""ens12""",1
2026-07-28 15:19:00,ccf-aiops-武汉,br-1,br,ospf6_interface_enabled,"interface=""ens11""",1
2026-07-28 15:19:00,ccf-aiops-武汉,br-1,br,ospf6_interface_enabled,"interface=""ens10""",1
2026-07-28 15:19:00,ccf-aiops-武汉,br-1,br,ospf6_neighbor_state_code,"state=""Twoway"",interface=""ens5"",neighbor_id=""5.5.5.2""",2
2026-07-28 15:19:00,ccf-aiops-武汉,br-1,br,ospf6_neighbor_state_code,"state=""Full"",interface=""ens5"",neighbor_id=""5.5.5.12""",6
2026-07-28 15:19:00,ccf-aiops-武汉,br-1,br,ospf6_neighbor_state_code,"state=""Full"",interface=""ens5"",neighbor_id=""5.5.5.11""",6
2026-07-28 15:19:00,ccf-aiops-武汉,br-2,br,bgp_command_success,"command=""bgp_summary""",1
2026-07-28 15:19:00,ccf-aiops-武汉,br-2,br,bgp_peer_count,,6
2026-07-28 15:19:00,ccf-aiops-武汉,br-2,br,bgp_peer_prefix_received,"peer=""fd00:100:10::72"",remote_as=""65008"",state=""Established""",3
2026-07-28 15:19:00,ccf-aiops-武汉,br-2,br,bgp_peer_prefix_received,"peer=""fd00:100:10::62"",remote_as=""65007"",state=""Established""",4
2026-07-28 15:19:00,ccf-aiops-武汉,br-2,br,bgp_peer_prefix_received,"peer=""fd00:100:10::52"",remote_as=""65006"",state=""Established""",6
2026-07-28 15:19:00,ccf-aiops-武汉,br-2,br,bgp_peer_prefix_received,"peer=""fd00:100:10::32"",remote_as=""65004"",state=""Established""",3
2026-07-28 15:19:00,ccf-aiops-武汉,br-2,br,bgp_peer_prefix_received,"peer=""fd00:100:10::22"",remote_as=""65003"",state=""Established""",5
2026-07-28 15:19:00,ccf-aiops-武汉,br-2,br,bgp_peer_prefix_received,"peer=""fd00:100:10::2"",remote_as=""65001"",state=""Established""",4
2026-07-28 15:19:00,ccf-aiops-武汉,br-2,br,bgp_peer_prefix_sent,"peer=""fd00:100:10::2"",remote_as=""65001"",state=""Established""",8
2026-07-28 15:19:00,ccf-aiops-武汉,br-2,br,bgp_peer_prefix_sent,"peer=""fd00:100:10::22"",remote_as=""65003"",state=""Established""",8
2026-07-28 15:19:00,ccf-aiops-武汉,br-2,br,bgp_peer_prefix_sent,"peer=""fd00:100:10::32"",remote_as=""65004"",state=""Established""",8
2026-07-28 15:19:00,ccf-aiops-武汉,br-2,br,bgp_peer_prefix_sent,"peer=""fd00:100:10::52"",remote_as=""65006"",state=""Established""",8
2026-07-28 15:19:00,ccf-aiops-武汉,br-2,br,bgp_peer_prefix_sent,"peer=""fd00:100:10::62"",remote_as=""65007"",state=""Established""",8
2026-07-28 15:19:00,ccf-aiops-武汉,br-2,br,bgp_peer_prefix_sent,"peer=""fd00:100:10::72"",remote_as=""65008"",state=""Established""",8
2026-07-28 15:19:00,ccf-aiops-武汉,br-2,br,bgp_peer_up,"peer=""fd00:100:10::62"",remote_as=""65007"",state=""Established""",1
2026-07-28 15:19:00,ccf-aiops-武汉,br-2,br,bgp_peer_up,"peer=""fd00:100:10::52"",remote_as=""65006"",state=""Established""",1
2026-07-28 15:19:00,ccf-aiops-武汉,br-2,br,bgp_peer_up,"peer=""fd00:100:10::72"",remote_as=""65008"",state=""Established""",1
2026-07-28 15:19:00,ccf-aiops-武汉,br-2,br,bgp_peer_up,"peer=""fd00:100:10::2"",remote_as=""65001"",state=""Established""",1
2026-07-28 15:19:00,ccf-aiops-武汉,br-2,br,bgp_peer_up,"peer=""fd00:100:10::22"",remote_as=""65003"",state=""Established""",1
2026-07-28 15:19:00,ccf-aiops-武汉,br-2,br,bgp_peer_up,"peer=""fd00:100:10::32"",remote_as=""65004"",state=""Established""",1
2026-07-28 15:19:00,ccf-aiops-武汉,br-2,br,bgp_peer_uptime_seconds,"peer=""fd00:100:10::2"",remote_as=""65001"",state=""Established""",2422680
2026-07-28 15:19:00,ccf-aiops-武汉,br-2,br,bgp_peer_uptime_seconds,"peer=""fd00:100:10::72"",remote_as=""65008"",state=""Established""",2422359
2026-07-28 15:19:00,ccf-aiops-武汉,br-2,br,bgp_peer_uptime_seconds,"peer=""fd00:100:10::62"",remote_as=""65007"",state=""Established""",2422476
2026-07-28 15:19:00,ccf-aiops-武汉,br-2,br,bgp_peer_uptime_seconds,"peer=""fd00:100:10::52"",remote_as=""65006"",state=""Established""",2422587
2026-07-28 15:19:00,ccf-aiops-武汉,br-2,br,bgp_peer_uptime_seconds,"peer=""fd00:100:10::32"",remote_as=""65004"",state=""Established""",2422680
2026-07-28 15:19:00,ccf-aiops-武汉,br-2,br,bgp_peer_uptime_seconds,"peer=""fd00:100:10::22"",remote_as=""65003"",state=""Established""",705071
2026-07-28 15:19:00,ccf-aiops-武汉,br-2,br,ipv6_default_route_changed_total,,0
2026-07-28 15:19:00,ccf-aiops-武汉,br-2,br,ipv6_default_route_info,"next_hop=""240a:a023::1"",dev=""ens4"",protocol=""unknown"",metric=""1024"",route_index=""0"",nh_index=""0""",1
2026-07-28 15:19:00,ccf-aiops-武汉,br-2,br,ipv6_route_change_total,"prefix=""fd00:8:40::/64""",0
2026-07-28 15:19:00,ccf-aiops-武汉,br-2,br,ipv6_route_change_total,"prefix=""fd00:7:40::/64""",4
2026-07-28 15:19:00,ccf-aiops-武汉,br-2,br,ipv6_route_change_total,"prefix=""fd00:6:40::/64""",0
2026-07-28 15:19:00,ccf-aiops-武汉,br-2,br,ipv6_route_change_total,"prefix=""fd00:2:40::/64""",2
2026-07-28 15:19:00,ccf-aiops-武汉,br-2,br,ipv6_route_change_total,"prefix=""fd00:1:40::/64""",0
2026-07-28 15:19:00,ccf-aiops-武汉,br-2,br,ipv6_route_change_total,"prefix=""fd00:3:40::/64""",0
2026-07-28 15:19:00,ccf-aiops-武汉,br-2,br,ipv6_route_change_total,"prefix=""fd00:4:40::/64""",0
2026-07-28 15:19:00,ccf-aiops-武汉,br-2,br,ipv6_route_change_total,"prefix=""::/0""",0
2026-07-28 15:19:00,ccf-aiops-武汉,br-2,br,ipv6_route_change_total,"prefix=""fd00:5:40::/64""",0
2026-07-28 15:19:00,ccf-aiops-武汉,br-2,br,ipv6_route_count,"protocol=""bgp""",7
2026-07-28 15:19:00,ccf-aiops-武汉,br-2,br,ipv6_route_count,"protocol=""unknown""",1
2026-07-28 15:19:00,ccf-aiops-武汉,br-2,br,ipv6_route_count,"protocol=""ospf""",2
2026-07-28 15:19:00,ccf-aiops-武汉,br-2,br,ipv6_route_count,"protocol=""kernel""",7
2026-07-28 15:19:00,ccf-aiops-武汉,br-2,br,ipv6_route_count,"protocol=""all""",17
2026-07-28 15:19:00,ccf-aiops-武汉,br-2,br,ipv6_route_exists,"prefix=""fd00:8:40::/64""",1
2026-07-28 15:19:00,ccf-aiops-武汉,br-2,br,ipv6_route_exists,"prefix=""fd00:7:40::/64""",1
2026-07-28 15:19:00,ccf-aiops-武汉,br-2,br,ipv6_route_exists,"prefix=""fd00:6:40::/64""",1
2026-07-28 15:19:00,ccf-aiops-武汉,br-2,br,ipv6_route_exists,"prefix=""fd00:5:40::/64""",1
2026-07-28 15:19:00,ccf-aiops-武汉,br-2,br,ipv6_route_exists,"prefix=""fd00:4:40::/64""",1
2026-07-28 15:19:00,ccf-aiops-武汉,br-2,br,ipv6_route_exists,"prefix=""::/0""",1
2026-07-28 15:19:00,ccf-aiops-武汉,br-2,br,ipv6_route_exists,"prefix=""fd00:1:40::/64""",1
2026-07-28 15:19:00,ccf-aiops-武汉,br-2,br,ipv6_route_exists,"prefix=""fd00:2:40::/64""",1
2026-07-28 15:19:00,ccf-aiops-武汉,br-2,br,ipv6_route_exists,"prefix=""fd00:3:40::/64""",1
2026-07-28 15:19:00,ccf-aiops-武汉,br-2,br,ipv6_route_nexthop_info,"prefix=""fd00:6:40::/64"",next_hop=""fe80::100:10:52"",dev=""ens4"",protocol=""bgp"",metric=""20"",route_index=""0"",nh_index=""0""",1
2026-07-28 15:19:00,ccf-aiops-武汉,br-2,br,ipv6_route_nexthop_info,"prefix=""fd00:1:40::/64"",next_hop=""fe80::100:10:2"",dev=""ens4"",protocol=""bgp"",metric=""20"",route_index=""0"",nh_index=""0""",1
2026-07-28 15:19:00,ccf-aiops-武汉,br-2,br,ipv6_route_nexthop_info,"prefix=""fd00:4:40::/64"",next_hop=""fe80::100:10:32"",dev=""ens4"",protocol=""bgp"",metric=""20"",route_index=""0"",nh_index=""0""",1
2026-07-28 15:19:00,ccf-aiops-武汉,br-2,br,ipv6_route_nexthop_info,"prefix=""fd00:3:40::/64"",next_hop=""fe80::100:10:22"",dev=""ens4"",protocol=""bgp"",metric=""20"",route_index=""0"",nh_index=""0""",1
2026-07-28 15:19:00,ccf-aiops-武汉,br-2,br,ipv6_route_nexthop_info,"prefix=""fd00:2:40::/64"",next_hop=""fe80::100:10:2"",dev=""ens4"",protocol=""bgp"",metric=""20"",route_index=""0"",nh_index=""0""",1
2026-07-28 15:19:00,ccf-aiops-武汉,br-2,br,ipv6_route_nexthop_info,"prefix=""fd00:8:40::/64"",next_hop=""fe80::100:10:72"",dev=""ens4"",protocol=""bgp"",metric=""20"",route_index=""0"",nh_index=""0""",1
2026-07-28 15:19:00,ccf-aiops-武汉,br-2,br,ipv6_route_nexthop_info,"prefix=""fd00:7:40::/64"",next_hop=""fe80::100:10:62"",dev=""ens4"",protocol=""bgp"",metric=""20"",route_index=""0"",nh_index=""0""",1
2026-07-28 15:19:00,ccf-aiops-武汉,br-2,br,ipv6_route_nexthop_info,"prefix=""::/0"",next_hop=""240a:a023::1"",dev=""ens4"",protocol=""unknown"",metric=""1024"",route_index=""0"",nh_index=""0""",1
2026-07-28 15:19:00,ccf-aiops-武汉,br-2,br,ipv6_route_nexthop_info,"prefix=""fd00:5:40::/64"",next_hop=""fe80::5:20:12"",dev=""ens5"",protocol=""ospf"",metric=""20"",route_index=""0"",nh_index=""1""",1
2026-07-28 15:19:00,ccf-aiops-武汉,br-2,br,ipv6_route_nexthop_info,"prefix=""fd00:5:40::/64"",next_hop=""fe80::5:20:11"",dev=""ens5"",protocol=""ospf"",metric=""20"",route_index=""0"",nh_index=""0""",1
2026-07-28 15:19:00,ccf-aiops-武汉,br-2,br,ospf6_interface_cost,"interface=""ens5""",1
2026-07-28 15:19:00,ccf-aiops-武汉,br-2,br,ospf6_interface_enabled,"interface=""ens4""",1
2026-07-28 15:19:00,ccf-aiops-武汉,br-2,br,ospf6_interface_enabled,"interface=""ens5""",1
2026-07-28 15:19:00,ccf-aiops-武汉,br-2,br,ospf6_interface_enabled,"interface=""ens7""",1
2026-07-28 15:19:00,ccf-aiops-武汉,br-2,br,ospf6_interface_enabled,"interface=""ens3""",1
2026-07-28 15:19:00,ccf-aiops-武汉,br-2,br,ospf6_interface_enabled,"interface=""ens12""",1
2026-07-28 15:19:00,ccf-aiops-武汉,br-2,br,ospf6_interface_enabled,"interface=""ens11""",1
2026-07-28 15:19:00,ccf-aiops-武汉,br-2,br,ospf6_interface_enabled,"interface=""ens10""",1
2026-07-28 15:19:00,ccf-aiops-武汉,br-2,br,ospf6_interface_enabled,"interface=""ens6""",1
2026-07-28 15:19:00,ccf-aiops-武汉,br-2,br,ospf6_interface_enabled,"interface=""virbr0""",0
2026-07-28 15:19:00,ccf-aiops-武汉,br-2,br,ospf6_interface_enabled,"interface=""lo""",1
2026-07-28 15:19:00,ccf-aiops-武汉,br-2,br,ospf6_interface_enabled,"interface=""ens9""",1
2026-07-28 15:19:00,ccf-aiops-武汉,br-2,br,ospf6_interface_enabled,"interface=""ens8""",1
2026-07-28 15:19:00,ccf-aiops-武汉,br-2,br,ospf6_neighbor_state_code,"state=""Full"",interface=""ens5"",neighbor_id=""5.5.5.11""",6
2026-07-28 15:19:00,ccf-aiops-武汉,br-2,br,ospf6_neighbor_state_code,"state=""Full"",interface=""ens5"",neighbor_id=""5.5.5.12""",6
2026-07-28 15:19:00,ccf-aiops-武汉,br-2,br,ospf6_neighbor_state_code,"state=""Twoway"",interface=""ens5"",neighbor_id=""5.5.5.1""",2
2026-07-28 15:19:00,ccf-aiops-武汉,cr-1,cr,ipv6_default_route_changed_total,,0
2026-07-28 15:19:00,ccf-aiops-武汉,cr-1,cr,ipv6_default_route_info,"next_hop=""fd00:5:20::1"",dev=""ens4"",protocol=""196"",metric=""20"",route_index=""0"",nh_index=""0""",1
2026-07-28 15:19:00,ccf-aiops-武汉,cr-1,cr,ipv6_default_route_info,"next_hop=""fd00:5:20::2"",dev=""ens4"",protocol=""196"",metric=""20"",route_index=""0"",nh_index=""1""",1
2026-07-28 15:19:00,ccf-aiops-武汉,cr-1,cr,ipv6_route_change_total,"prefix=""fd00:2:40::/64""",0
2026-07-28 15:19:00,ccf-aiops-武汉,cr-1,cr,ipv6_route_change_total,"prefix=""fd00:3:40::/64""",0
2026-07-28 15:19:00,ccf-aiops-武汉,cr-1,cr,ipv6_route_change_total,"prefix=""fd00:1:40::/64""",0
2026-07-28 15:19:00,ccf-aiops-武汉,cr-1,cr,ipv6_route_change_total,"prefix=""fd00:4:40::/64""",0
2026-07-28 15:19:00,ccf-aiops-武汉,cr-1,cr,ipv6_route_change_total,"prefix=""fd00:5:40::/64""",0
2026-07-28 15:19:00,ccf-aiops-武汉,cr-1,cr,ipv6_route_change_total,"prefix=""fd00:6:40::/64""",0
2026-07-28 15:19:00,ccf-aiops-武汉,cr-1,cr,ipv6_route_change_total,"prefix=""fd00:7:40::/64""",0
2026-07-28 15:19:00,ccf-aiops-武汉,cr-1,cr,ipv6_route_change_total,"prefix=""fd00:8:40::/64""",0
2026-07-28 15:19:00,ccf-aiops-武汉,cr-1,cr,ipv6_route_change_total,"prefix=""::/0""",0
2026-07-28 15:19:00,ccf-aiops-武汉,cr-1,cr,ipv6_route_count,"protocol=""196""",2
2026-07-28 15:19:00,ccf-aiops-武汉,cr-1,cr,ipv6_route_count,"protocol=""all""",15
2026-07-28 15:19:00,ccf-aiops-武汉,cr-1,cr,ipv6_route_count,"protocol=""kernel""",6
2026-07-28 15:19:00,ccf-aiops-武汉,cr-1,cr,ipv6_route_count,"protocol=""ospf""",7
2026-07-28 15:19:00,ccf-aiops-武汉,cr-1,cr,ipv6_route_exists,"prefix=""fd00:8:40::/64""",1
2026-07-28 15:19:00,ccf-aiops-武汉,cr-1,cr,ipv6_route_exists,"prefix=""fd00:7:40::/64""",1
2026-07-28 15:19:00,ccf-aiops-武汉,cr-1,cr,ipv6_route_exists,"prefix=""fd00:6:40::/64""",1
2026-07-28 15:19:00,ccf-aiops-武汉,cr-1,cr,ipv6_route_exists,"prefix=""fd00:5:40::/64""",1
2026-07-28 15:19:00,ccf-aiops-武汉,cr-1,cr,ipv6_route_exists,"prefix=""fd00:4:40::/64""",1
2026-07-28 15:19:00,ccf-aiops-武汉,cr-1,cr,ipv6_route_exists,"prefix=""fd00:3:40::/64""",1
2026-07-28 15:19:00,ccf-aiops-武汉,cr-1,cr,ipv6_route_exists,"prefix=""fd00:2:40::/64""",1
2026-07-28 15:19:00,ccf-aiops-武汉,cr-1,cr,ipv6_route_exists,"prefix=""fd00:1:40::/64""",1
2026-07-28 15:19:00,ccf-aiops-武汉,cr-1,cr,ipv6_route_exists,"prefix=""::/0""",1
2026-07-28 15:19:00,ccf-aiops-武汉,cr-1,cr,ipv6_route_nexthop_info,"prefix=""fd00:2:40::/64"",next_hop=""fe80::5:20:1"",dev=""ens4"",protocol=""ospf"",metric=""20"",route_index=""0"",nh_index=""0""",1
2026-07-28 15:19:00,ccf-aiops-武汉,cr-1,cr,ipv6_route_nexthop_info,"prefix=""fd00:5:40::/64"",next_hop=""fd00:5:30::254"",dev=""ens5"",protocol=""196"",metric=""20"",route_index=""0"",nh_index=""0""",1
2026-07-28 15:19:00,ccf-aiops-武汉,cr-1,cr,ipv6_route_nexthop_info,"prefix=""::/0"",next_hop=""fd00:5:20::1"",dev=""ens4"",protocol=""196"",metric=""20"",route_index=""0"",nh_index=""0""",1
2026-07-28 15:19:00,ccf-aiops-武汉,cr-1,cr,ipv6_route_nexthop_info,"prefix=""::/0"",next_hop=""fd00:5:20::2"",dev=""ens4"",protocol=""196"",metric=""20"",route_index=""0"",nh_index=""1""",1
2026-07-28 15:19:00,ccf-aiops-武汉,cr-1,cr,ipv6_route_nexthop_info,"prefix=""fd00:8:40::/64"",next_hop=""fe80::5:20:2"",dev=""ens4"",protocol=""ospf"",metric=""20"",route_index=""0"",nh_index=""1""",1
2026-07-28 15:19:00,ccf-aiops-武汉,cr-1,cr,ipv6_route_nexthop_info,"prefix=""fd00:7:40::/64"",next_hop=""fe80::5:20:2"",dev=""ens4"",protocol=""ospf"",metric=""20"",route_index=""0"",nh_index=""1""",1
2026-07-28 15:19:00,ccf-aiops-武汉,cr-1,cr,ipv6_route_nexthop_info,"prefix=""fd00:6:40::/64"",next_hop=""fe80::5:20:2"",dev=""ens4"",protocol=""ospf"",metric=""20"",route_index=""0"",nh_index=""1""",1
2026-07-28 15:19:00,ccf-aiops-武汉,cr-1,cr,ipv6_route_nexthop_info,"prefix=""fd00:4:40::/64"",next_hop=""fe80::5:20:2"",dev=""ens4"",protocol=""ospf"",metric=""20"",route_index=""0"",nh_index=""1""",1
2026-07-28 15:19:00,ccf-aiops-武汉,cr-1,cr,ipv6_route_nexthop_info,"prefix=""fd00:3:40::/64"",next_hop=""fe80::5:20:2"",dev=""ens4"",protocol=""ospf"",metric=""20"",route_index=""0"",nh_index=""1""",1
2026-07-28 15:19:00,ccf-aiops-武汉,cr-1,cr,ipv6_route_nexthop_info,"prefix=""fd00:2:40::/64"",next_hop=""fe80::5:20:2"",dev=""ens4"",protocol=""ospf"",metric=""20"",route_index=""0"",nh_index=""1""",1
2026-07-28 15:19:00,ccf-aiops-武汉,cr-1,cr,ipv6_route_nexthop_info,"prefix=""fd00:1:40::/64"",next_hop=""fe80::5:20:2"",dev=""ens4"",protocol=""ospf"",metric=""20"",route_index=""0"",nh_index=""1""",1
2026-07-28 15:19:00,ccf-aiops-武汉,cr-1,cr,ipv6_route_nexthop_info,"prefix=""fd00:8:40::/64"",next_hop=""fe80::5:20:1"",dev=""ens4"",protocol=""ospf"",metric=""20"",route_index=""0"",nh_index=""0""",1
2026-07-28 15:19:00,ccf-aiops-武汉,cr-1,cr,ipv6_route_nexthop_info,"prefix=""fd00:7:40::/64"",next_hop=""fe80::5:20:1"",dev=""ens4"",protocol=""ospf"",metric=""20"",route_index=""0"",nh_index=""0""",1
2026-07-28 15:19:00,ccf-aiops-武汉,cr-1,cr,ipv6_route_nexthop_info,"prefix=""fd00:6:40::/64"",next_hop=""fe80::5:20:1"",dev=""ens4"",protocol=""ospf"",metric=""20"",route_index=""0"",nh_index=""0""",1
2026-07-28 15:19:00,ccf-aiops-武汉,cr-1,cr,ipv6_route_nexthop_info,"prefix=""fd00:4:40::/64"",next_hop=""fe80::5:20:1"",dev=""ens4"",protocol=""ospf"",metric=""20"",route_index=""0"",nh_index=""0""",1
2026-07-28 15:19:00,ccf-aiops-武汉,cr-1,cr,ipv6_route_nexthop_info,"prefix=""fd00:3:40::/64"",next_hop=""fe80::5:20:1"",dev=""ens4"",protocol=""ospf"",metric=""20"",route_index=""0"",nh_index=""0""",1
2026-07-28 15:19:00,ccf-aiops-武汉,cr-1,cr,ipv6_route_nexthop_info,"prefix=""fd00:1:40::/64"",next_hop=""fe80::5:20:1"",dev=""ens4"",protocol=""ospf"",metric=""20"",route_index=""0"",nh_index=""0""",1
2026-07-28 15:19:00,ccf-aiops-武汉,cr-1,cr,ospf6_interface_cost,"interface=""ens5""",1
2026-07-28 15:19:00,ccf-aiops-武汉,cr-1,cr,ospf6_interface_cost,"interface=""ens4""",1
2026-07-28 15:19:00,ccf-aiops-武汉,cr-1,cr,ospf6_interface_enabled,"interface=""ens6""",1
2026-07-28 15:19:00,ccf-aiops-武汉,cr-1,cr,ospf6_interface_enabled,"interface=""ens10""",1
2026-07-28 15:19:00,ccf-aiops-武汉,cr-1,cr,ospf6_interface_enabled,"interface=""virbr0""",0
2026-07-28 15:19:00,ccf-aiops-武汉,cr-1,cr,ospf6_interface_enabled,"interface=""lo""",1
2026-07-28 15:19:00,ccf-aiops-武汉,cr-1,cr,ospf6_interface_enabled,"interface=""ens9""",1
2026-07-28 15:19:00,ccf-aiops-武汉,cr-1,cr,ospf6_interface_enabled,"interface=""ens8""",1
2026-07-28 15:19:00,ccf-aiops-武汉,cr-1,cr,ospf6_interface_enabled,"interface=""ens7""",1
2026-07-28 15:19:00,ccf-aiops-武汉,cr-1,cr,ospf6_interface_enabled,"interface=""ens5""",1
2026-07-28 15:19:00,ccf-aiops-武汉,cr-1,cr,ospf6_interface_enabled,"interface=""ens4""",1
2026-07-28 15:19:00,ccf-aiops-武汉,cr-1,cr,ospf6_interface_enabled,"interface=""ens11""",1
2026-07-28 15:19:00,ccf-aiops-武汉,cr-1,cr,ospf6_interface_enabled,"interface=""ens12""",1
2026-07-28 15:19:00,ccf-aiops-武汉,cr-1,cr,ospf6_interface_enabled,"interface=""ens3""",1
2026-07-28 15:19:00,ccf-aiops-武汉,cr-1,cr,ospf6_neighbor_state_code,"state=""Full"",interface=""ens4"",neighbor_id=""5.5.5.2""",6
2026-07-28 15:19:00,ccf-aiops-武汉,cr-1,cr,ospf6_neighbor_state_code,"state=""Full"",interface=""ens5"",neighbor_id=""5.5.5.12""",6
2026-07-28 15:19:00,ccf-aiops-武汉,cr-1,cr,ospf6_neighbor_state_code,"state=""Full"",interface=""ens4"",neighbor_id=""5.5.5.12""",6
2026-07-28 15:19:00,ccf-aiops-武汉,cr-1,cr,ospf6_neighbor_state_code,"state=""Full"",interface=""ens4"",neighbor_id=""5.5.5.1""",6
2026-07-28 15:19:00,ccf-aiops-武汉,cr-1,cr,bgp_command_success,,
2026-07-28 15:19:00,ccf-aiops-武汉,cr-1,cr,bgp_peer_up,,
2026-07-28 15:19:00,ccf-aiops-武汉,cr-1,cr,bgp_peer_uptime_seconds,,
2026-07-28 15:19:00,ccf-aiops-武汉,cr-1,cr,bgp_peer_prefix_received,,
2026-07-28 15:19:00,ccf-aiops-武汉,cr-1,cr,bgp_peer_prefix_sent,,
2026-07-28 15:19:00,ccf-aiops-武汉,cr-1,cr,bgp_peer_count,,
2026-07-28 15:19:00,ccf-aiops-武汉,cr-2,cr,ipv6_default_route_changed_total,,0
2026-07-28 15:19:00,ccf-aiops-武汉,cr-2,cr,ipv6_default_route_info,"next_hop=""fd00:5:20::2"",dev=""ens4"",protocol=""196"",metric=""20"",route_index=""0"",nh_index=""1""",1
2026-07-28 15:19:00,ccf-aiops-武汉,cr-2,cr,ipv6_default_route_info,"next_hop=""fd00:5:20::1"",dev=""ens4"",protocol=""196"",metric=""20"",route_index=""0"",nh_index=""0""",1
2026-07-28 15:19:00,ccf-aiops-武汉,cr-2,cr,ipv6_route_change_total,"prefix=""::/0""",0
2026-07-28 15:19:00,ccf-aiops-武汉,cr-2,cr,ipv6_route_change_total,"prefix=""fd00:1:40::/64""",0
2026-07-28 15:19:00,ccf-aiops-武汉,cr-2,cr,ipv6_route_change_total,"prefix=""fd00:8:40::/64""",0
2026-07-28 15:19:00,ccf-aiops-武汉,cr-2,cr,ipv6_route_change_total,"prefix=""fd00:2:40::/64""",0
2026-07-28 15:19:00,ccf-aiops-武汉,cr-2,cr,ipv6_route_change_total,"prefix=""fd00:3:40::/64""",0
2026-07-28 15:19:00,ccf-aiops-武汉,cr-2,cr,ipv6_route_change_total,"prefix=""fd00:5:40::/64""",0
2026-07-28 15:19:00,ccf-aiops-武汉,cr-2,cr,ipv6_route_change_total,"prefix=""fd00:4:40::/64""",0
2026-07-28 15:19:00,ccf-aiops-武汉,cr-2,cr,ipv6_route_change_total,"prefix=""fd00:7:40::/64""",0
2026-07-28 15:19:00,ccf-aiops-武汉,cr-2,cr,ipv6_route_change_total,"prefix=""fd00:6:40::/64""",0
2026-07-28 15:19:00,ccf-aiops-武汉,cr-2,cr,ipv6_route_count,"protocol=""196""",2
2026-07-28 15:19:00,ccf-aiops-武汉,cr-2,cr,ipv6_route_count,"protocol=""ospf""",7
2026-07-28 15:19:00,ccf-aiops-武汉,cr-2,cr,ipv6_route_count,"protocol=""kernel""",6
2026-07-28 15:19:00,ccf-aiops-武汉,cr-2,cr,ipv6_route_count,"protocol=""all""",15
2026-07-28 15:19:00,ccf-aiops-武汉,cr-2,cr,ipv6_route_exists,"prefix=""fd00:3:40::/64""",1
2026-07-28 15:19:00,ccf-aiops-武汉,cr-2,cr,ipv6_route_exists,"prefix=""::/0""",1
2026-07-28 15:19:00,ccf-aiops-武汉,cr-2,cr,ipv6_route_exists,"prefix=""fd00:8:40::/64""",1
2026-07-28 15:19:00,ccf-aiops-武汉,cr-2,cr,ipv6_route_exists,"prefix=""fd00:7:40::/64""",1
2026-07-28 15:19:00,ccf-aiops-武汉,cr-2,cr,ipv6_route_exists,"prefix=""fd00:6:40::/64""",1
2026-07-28 15:19:00,ccf-aiops-武汉,cr-2,cr,ipv6_route_exists,"prefix=""fd00:5:40::/64""",1
2026-07-28 15:19:00,ccf-aiops-武汉,cr-2,cr,ipv6_route_exists,"prefix=""fd00:4:40::/64""",1
2026-07-28 15:19:00,ccf-aiops-武汉,cr-2,cr,ipv6_route_exists,"prefix=""fd00:2:40::/64""",1
2026-07-28 15:19:00,ccf-aiops-武汉,cr-2,cr,ipv6_route_exists,"prefix=""fd00:1:40::/64""",1
2026-07-28 15:19:00,ccf-aiops-武汉,cr-2,cr,ipv6_route_nexthop_info,"prefix=""::/0"",next_hop=""fd00:5:20::2"",dev=""ens4"",protocol=""196"",metric=""20"",route_index=""0"",nh_index=""1""",1
2026-07-28 15:19:00,ccf-aiops-武汉,cr-2,cr,ipv6_route_nexthop_info,"prefix=""::/0"",next_hop=""fd00:5:20::1"",dev=""ens4"",protocol=""196"",metric=""20"",route_index=""0"",nh_index=""0""",1
2026-07-28 15:19:00,ccf-aiops-武汉,cr-2,cr,ipv6_route_nexthop_info,"prefix=""fd00:1:40::/64"",next_hop=""fe80::5:20:1"",dev=""ens4"",protocol=""ospf"",metric=""20"",route_index=""0"",nh_index=""0""",1
2026-07-28 15:19:00,ccf-aiops-武汉,cr-2,cr,ipv6_route_nexthop_info,"prefix=""fd00:2:40::/64"",next_hop=""fe80::5:20:1"",dev=""ens4"",protocol=""ospf"",metric=""20"",route_index=""0"",nh_index=""0""",1
2026-07-28 15:19:00,ccf-aiops-武汉,cr-2,cr,ipv6_route_nexthop_info,"prefix=""fd00:3:40::/64"",next_hop=""fe80::5:20:1"",dev=""ens4"",protocol=""ospf"",metric=""20"",route_index=""0"",nh_index=""0""",1
2026-07-28 15:19:00,ccf-aiops-武汉,cr-2,cr,ipv6_route_nexthop_info,"prefix=""fd00:4:40::/64"",next_hop=""fe80::5:20:1"",dev=""ens4"",protocol=""ospf"",metric=""20"",route_index=""0"",nh_index=""0""",1
2026-07-28 15:19:00,ccf-aiops-武汉,cr-2,cr,ipv6_route_nexthop_info,"prefix=""fd00:6:40::/64"",next_hop=""fe80::5:20:1"",dev=""ens4"",protocol=""ospf"",metric=""20"",route_index=""0"",nh_index=""0""",1
2026-07-28 15:19:00,ccf-aiops-武汉,cr-2,cr,ipv6_route_nexthop_info,"prefix=""fd00:7:40::/64"",next_hop=""fe80::5:20:1"",dev=""ens4"",protocol=""ospf"",metric=""20"",route_index=""0"",nh_index=""0""",1
2026-07-28 15:19:00,ccf-aiops-武汉,cr-2,cr,ipv6_route_nexthop_info,"prefix=""fd00:8:40::/64"",next_hop=""fe80::5:20:1"",dev=""ens4"",protocol=""ospf"",metric=""20"",route_index=""0"",nh_index=""0""",1
2026-07-28 15:19:00,ccf-aiops-武汉,cr-2,cr,ipv6_route_nexthop_info,"prefix=""fd00:1:40::/64"",next_hop=""fe80::5:20:2"",dev=""ens4"",protocol=""ospf"",metric=""20"",route_index=""0"",nh_index=""1""",1
2026-07-28 15:19:00,ccf-aiops-武汉,cr-2,cr,ipv6_route_nexthop_info,"prefix=""fd00:2:40::/64"",next_hop=""fe80::5:20:2"",dev=""ens4"",protocol=""ospf"",metric=""20"",route_index=""0"",nh_index=""1""",1
2026-07-28 15:19:00,ccf-aiops-武汉,cr-2,cr,ipv6_route_nexthop_info,"prefix=""fd00:3:40::/64"",next_hop=""fe80::5:20:2"",dev=""ens4"",protocol=""ospf"",metric=""20"",route_index=""0"",nh_index=""1""",1
2026-07-28 15:19:00,ccf-aiops-武汉,cr-2,cr,ipv6_route_nexthop_info,"prefix=""fd00:4:40::/64"",next_hop=""fe80::5:20:2"",dev=""ens4"",protocol=""ospf"",metric=""20"",route_index=""0"",nh_index=""1""",1
2026-07-28 15:19:00,ccf-aiops-武汉,cr-2,cr,ipv6_route_nexthop_info,"prefix=""fd00:6:40::/64"",next_hop=""fe80::5:20:2"",dev=""ens4"",protocol=""ospf"",metric=""20"",route_index=""0"",nh_index=""1""",1
2026-07-28 15:19:00,ccf-aiops-武汉,cr-2,cr,ipv6_route_nexthop_info,"prefix=""fd00:7:40::/64"",next_hop=""fe80::5:20:2"",dev=""ens4"",protocol=""ospf"",metric=""20"",route_index=""0"",nh_index=""1""",1
2026-07-28 15:19:00,ccf-aiops-武汉,cr-2,cr,ipv6_route_nexthop_info,"prefix=""fd00:8:40::/64"",next_hop=""fe80::5:20:2"",dev=""ens4"",protocol=""ospf"",metric=""20"",route_index=""0"",nh_index=""1""",1
2026-07-28 15:19:00,ccf-aiops-武汉,cr-2,cr,ipv6_route_nexthop_info,"prefix=""fd00:5:40::/64"",next_hop=""fd00:5:30::254"",dev=""ens5"",protocol=""196"",metric=""20"",route_index=""0"",nh_index=""0""",1
2026-07-28 15:19:00,ccf-aiops-武汉,cr-2,cr,ospf6_interface_cost,"interface=""ens4""",1
2026-07-28 15:19:00,ccf-aiops-武汉,cr-2,cr,ospf6_interface_cost,"interface=""ens5""",1
2026-07-28 15:19:00,ccf-aiops-武汉,cr-2,cr,ospf6_interface_enabled,"interface=""lo""",1
2026-07-28 15:19:00,ccf-aiops-武汉,cr-2,cr,ospf6_interface_enabled,"interface=""ens9""",1
2026-07-28 15:19:00,ccf-aiops-武汉,cr-2,cr,ospf6_interface_enabled,"interface=""ens10""",1
2026-07-28 15:19:00,ccf-aiops-武汉,cr-2,cr,ospf6_interface_enabled,"interface=""ens11""",1
2026-07-28 15:19:00,ccf-aiops-武汉,cr-2,cr,ospf6_interface_enabled,"interface=""ens12""",1
2026-07-28 15:19:00,ccf-aiops-武汉,cr-2,cr,ospf6_interface_enabled,"interface=""ens3""",1
2026-07-28 15:19:00,ccf-aiops-武汉,cr-2,cr,ospf6_interface_enabled,"interface=""ens4""",1
2026-07-28 15:19:00,ccf-aiops-武汉,cr-2,cr,ospf6_interface_enabled,"interface=""ens5""",1
2026-07-28 15:19:00,ccf-aiops-武汉,cr-2,cr,ospf6_interface_enabled,"interface=""ens6""",1
2026-07-28 15:19:00,ccf-aiops-武汉,cr-2,cr,ospf6_interface_enabled,"interface=""ens7""",1
2026-07-28 15:19:00,ccf-aiops-武汉,cr-2,cr,ospf6_interface_enabled,"interface=""ens8""",1
2026-07-28 15:19:00,ccf-aiops-武汉,cr-2,cr,ospf6_interface_enabled,"interface=""virbr0""",0
2026-07-28 15:19:00,ccf-aiops-武汉,cr-2,cr,ospf6_neighbor_state_code,"state=""Full"",interface=""ens4"",neighbor_id=""5.5.5.1""",6
2026-07-28 15:19:00,ccf-aiops-武汉,cr-2,cr,ospf6_neighbor_state_code,"state=""Full"",interface=""ens4"",neighbor_id=""5.5.5.11""",6
2026-07-28 15:19:00,ccf-aiops-武汉,cr-2,cr,ospf6_neighbor_state_code,"state=""Full"",interface=""ens4"",neighbor_id=""5.5.5.2""",6
2026-07-28 15:19:00,ccf-aiops-武汉,cr-2,cr,ospf6_neighbor_state_code,"state=""Full"",interface=""ens5"",neighbor_id=""5.5.5.11""",6
2026-07-28 15:19:00,ccf-aiops-武汉,cr-2,cr,bgp_command_success,,
2026-07-28 15:19:00,ccf-aiops-武汉,cr-2,cr,bgp_peer_up,,
2026-07-28 15:19:00,ccf-aiops-武汉,cr-2,cr,bgp_peer_uptime_seconds,,
2026-07-28 15:19:00,ccf-aiops-武汉,cr-2,cr,bgp_peer_prefix_received,,
2026-07-28 15:19:00,ccf-aiops-武汉,cr-2,cr,bgp_peer_prefix_sent,,
2026-07-28 15:19:00,ccf-aiops-武汉,cr-2,cr,bgp_peer_count,,
2026-07-28 15:20:00,ccf-aiops-武汉,br-1,br,bgp_command_success,"command=""bgp_summary""",1
2026-07-28 15:20:00,ccf-aiops-武汉,br-1,br,bgp_peer_count,,6
2026-07-28 15:20:00,ccf-aiops-武汉,br-1,br,bgp_peer_prefix_received,"peer=""fd00:100:10::71"",remote_as=""65008"",state=""Established""",4
2026-07-28 15:20:00,ccf-aiops-武汉,br-1,br,bgp_peer_prefix_received,"peer=""fd00:100:10::61"",remote_as=""65007"",state=""Established""",4
2026-07-28 15:20:00,ccf-aiops-武汉,br-1,br,bgp_peer_prefix_received,"peer=""fd00:100:10::51"",remote_as=""65006"",state=""Established""",5
2026-07-28 15:20:00,ccf-aiops-武汉,br-1,br,bgp_peer_prefix_received,"peer=""fd00:100:10::31"",remote_as=""65004"",state=""Established""",2
2026-07-28 15:20:00,ccf-aiops-武汉,br-1,br,bgp_peer_prefix_received,"peer=""fd00:100:10::1"",remote_as=""65001"",state=""Established""",5
2026-07-28 15:20:00,ccf-aiops-武汉,br-1,br,bgp_peer_prefix_received,"peer=""fd00:100:10::21"",remote_as=""65003"",state=""Established""",4
2026-07-28 15:20:00,ccf-aiops-武汉,br-1,br,bgp_peer_prefix_sent,"peer=""fd00:100:10::61"",remote_as=""65007"",state=""Established""",8
2026-07-28 15:20:00,ccf-aiops-武汉,br-1,br,bgp_peer_prefix_sent,"peer=""fd00:100:10::71"",remote_as=""65008"",state=""Established""",8
2026-07-28 15:20:00,ccf-aiops-武汉,br-1,br,bgp_peer_prefix_sent,"peer=""fd00:100:10::51"",remote_as=""65006"",state=""Established""",8
2026-07-28 15:20:00,ccf-aiops-武汉,br-1,br,bgp_peer_prefix_sent,"peer=""fd00:100:10::31"",remote_as=""65004"",state=""Established""",8
2026-07-28 15:20:00,ccf-aiops-武汉,br-1,br,bgp_peer_prefix_sent,"peer=""fd00:100:10::21"",remote_as=""65003"",state=""Established""",8
2026-07-28 15:20:00,ccf-aiops-武汉,br-1,br,bgp_peer_prefix_sent,"peer=""fd00:100:10::1"",remote_as=""65001"",state=""Established""",8
2026-07-28 15:20:00,ccf-aiops-武汉,br-1,br,bgp_peer_up,"peer=""fd00:100:10::71"",remote_as=""65008"",state=""Established""",1
2026-07-28 15:20:00,ccf-aiops-武汉,br-1,br,bgp_peer_up,"peer=""fd00:100:10::61"",remote_as=""65007"",state=""Established""",1
2026-07-28 15:20:00,ccf-aiops-武汉,br-1,br,bgp_peer_up,"peer=""fd00:100:10::51"",remote_as=""65006"",state=""Established""",1
2026-07-28 15:20:00,ccf-aiops-武汉,br-1,br,bgp_peer_up,"peer=""fd00:100:10::31"",remote_as=""65004"",state=""Established""",1
2026-07-28 15:20:00,ccf-aiops-武汉,br-1,br,bgp_peer_up,"peer=""fd00:100:10::21"",remote_as=""65003"",state=""Established""",1
2026-07-28 15:20:00,ccf-aiops-武汉,br-1,br,bgp_peer_up,"peer=""fd00:100:10::1"",remote_as=""65001"",state=""Established""",1
2026-07-28 15:20:00,ccf-aiops-武汉,br-1,br,bgp_peer_uptime_seconds,"peer=""fd00:100:10::71"",remote_as=""65008"",state=""Established""",2422423
2026-07-28 15:20:00,ccf-aiops-武汉,br-1,br,bgp_peer_uptime_seconds,"peer=""fd00:100:10::61"",remote_as=""65007"",state=""Established""",2422548
2026-07-28 15:20:00,ccf-aiops-武汉,br-1,br,bgp_peer_uptime_seconds,"peer=""fd00:100:10::51"",remote_as=""65006"",state=""Established""",2422656
2026-07-28 15:20:00,ccf-aiops-武汉,br-1,br,bgp_peer_uptime_seconds,"peer=""fd00:100:10::31"",remote_as=""65004"",state=""Established""",2422744
2026-07-28 15:20:00,ccf-aiops-武汉,br-1,br,bgp_peer_uptime_seconds,"peer=""fd00:100:10::1"",remote_as=""65001"",state=""Established""",2422744
2026-07-28 15:20:00,ccf-aiops-武汉,br-1,br,bgp_peer_uptime_seconds,"peer=""fd00:100:10::21"",remote_as=""65003"",state=""Established""",1735382
2026-07-28 15:20:00,ccf-aiops-武汉,br-1,br,ipv6_default_route_changed_total,,0
2026-07-28 15:20:00,ccf-aiops-武汉,br-1,br,ipv6_default_route_info,"next_hop=""240a:a023::1"",dev=""ens4"",protocol=""unknown"",metric=""1024"",route_index=""0"",nh_index=""0""",1
2026-07-28 15:20:00,ccf-aiops-武汉,br-1,br,ipv6_route_change_total,"prefix=""fd00:8:40::/64""",0
2026-07-28 15:20:00,ccf-aiops-武汉,br-1,br,ipv6_route_change_total,"prefix=""fd00:7:40::/64""",8
2026-07-28 15:20:00,ccf-aiops-武汉,br-1,br,ipv6_route_change_total,"prefix=""fd00:6:40::/64""",0
2026-07-28 15:20:00,ccf-aiops-武汉,br-1,br,ipv6_route_change_total,"prefix=""fd00:5:40::/64""",0
2026-07-28 15:20:00,ccf-aiops-武汉,br-1,br,ipv6_route_change_total,"prefix=""fd00:4:40::/64""",0
2026-07-28 15:20:00,ccf-aiops-武汉,br-1,br,ipv6_route_change_total,"prefix=""fd00:3:40::/64""",0
2026-07-28 15:20:00,ccf-aiops-武汉,br-1,br,ipv6_route_change_total,"prefix=""fd00:2:40::/64""",2
2026-07-28 15:20:00,ccf-aiops-武汉,br-1,br,ipv6_route_change_total,"prefix=""fd00:1:40::/64""",0
2026-07-28 15:20:00,ccf-aiops-武汉,br-1,br,ipv6_route_change_total,"prefix=""::/0""",0
2026-07-28 15:20:00,ccf-aiops-武汉,br-1,br,ipv6_route_count,"protocol=""unknown""",1
2026-07-28 15:20:00,ccf-aiops-武汉,br-1,br,ipv6_route_count,"protocol=""ospf""",2
2026-07-28 15:20:00,ccf-aiops-武汉,br-1,br,ipv6_route_count,"protocol=""kernel""",7
2026-07-28 15:20:00,ccf-aiops-武汉,br-1,br,ipv6_route_count,"protocol=""bgp""",7
2026-07-28 15:20:00,ccf-aiops-武汉,br-1,br,ipv6_route_count,"protocol=""all""",17
2026-07-28 15:20:00,ccf-aiops-武汉,br-1,br,ipv6_route_exists,"prefix=""::/0""",1
2026-07-28 15:20:00,ccf-aiops-武汉,br-1,br,ipv6_route_exists,"prefix=""fd00:8:40::/64""",1
2026-07-28 15:20:00,ccf-aiops-武汉,br-1,br,ipv6_route_exists,"prefix=""fd00:7:40::/64""",1
2026-07-28 15:20:00,ccf-aiops-武汉,br-1,br,ipv6_route_exists,"prefix=""fd00:6:40::/64""",1
2026-07-28 15:20:00,ccf-aiops-武汉,br-1,br,ipv6_route_exists,"prefix=""fd00:5:40::/64""",1
2026-07-28 15:20:00,ccf-aiops-武汉,br-1,br,ipv6_route_exists,"prefix=""fd00:4:40::/64""",1
2026-07-28 15:20:00,ccf-aiops-武汉,br-1,br,ipv6_route_exists,"prefix=""fd00:3:40::/64""",1
2026-07-28 15:20:00,ccf-aiops-武汉,br-1,br,ipv6_route_exists,"prefix=""fd00:2:40::/64""",1
2026-07-28 15:20:00,ccf-aiops-武汉,br-1,br,ipv6_route_exists,"prefix=""fd00:1:40::/64""",1
2026-07-28 15:20:00,ccf-aiops-武汉,br-1,br,ipv6_route_nexthop_info,"prefix=""fd00:5:40::/64"",next_hop=""fe80::5:20:11"",dev=""ens5"",protocol=""ospf"",metric=""20"",route_index=""0"",nh_index=""0""",1
2026-07-28 15:20:00,ccf-aiops-武汉,br-1,br,ipv6_route_nexthop_info,"prefix=""fd00:5:40::/64"",next_hop=""fe80::5:20:12"",dev=""ens5"",protocol=""ospf"",metric=""20"",route_index=""0"",nh_index=""1""",1
2026-07-28 15:20:00,ccf-aiops-武汉,br-1,br,ipv6_route_nexthop_info,"prefix=""::/0"",next_hop=""240a:a023::1"",dev=""ens4"",protocol=""unknown"",metric=""1024"",route_index=""0"",nh_index=""0""",1
2026-07-28 15:20:00,ccf-aiops-武汉,br-1,br,ipv6_route_nexthop_info,"prefix=""fd00:1:40::/64"",next_hop=""fe80::100:10:1"",dev=""ens4"",protocol=""bgp"",metric=""20"",route_index=""0"",nh_index=""0""",1
2026-07-28 15:20:00,ccf-aiops-武汉,br-1,br,ipv6_route_nexthop_info,"prefix=""fd00:8:40::/64"",next_hop=""fe80::100:10:71"",dev=""ens4"",protocol=""bgp"",metric=""20"",route_index=""0"",nh_index=""0""",1
2026-07-28 15:20:00,ccf-aiops-武汉,br-1,br,ipv6_route_nexthop_info,"prefix=""fd00:7:40::/64"",next_hop=""fe80::100:10:61"",dev=""ens4"",protocol=""bgp"",metric=""20"",route_index=""0"",nh_index=""0""",1
2026-07-28 15:20:00,ccf-aiops-武汉,br-1,br,ipv6_route_nexthop_info,"prefix=""fd00:6:40::/64"",next_hop=""fe80::100:10:51"",dev=""ens4"",protocol=""bgp"",metric=""20"",route_index=""0"",nh_index=""0""",1
2026-07-28 15:20:00,ccf-aiops-武汉,br-1,br,ipv6_route_nexthop_info,"prefix=""fd00:4:40::/64"",next_hop=""fe80::100:10:31"",dev=""ens4"",protocol=""bgp"",metric=""20"",route_index=""0"",nh_index=""0""",1
2026-07-28 15:20:00,ccf-aiops-武汉,br-1,br,ipv6_route_nexthop_info,"prefix=""fd00:3:40::/64"",next_hop=""fe80::100:10:21"",dev=""ens4"",protocol=""bgp"",metric=""20"",route_index=""0"",nh_index=""0""",1
2026-07-28 15:20:00,ccf-aiops-武汉,br-1,br,ipv6_route_nexthop_info,"prefix=""fd00:2:40::/64"",next_hop=""fe80::100:10:1"",dev=""ens4"",protocol=""bgp"",metric=""20"",route_index=""0"",nh_index=""0""",1
2026-07-28 15:20:00,ccf-aiops-武汉,br-1,br,ospf6_interface_cost,"interface=""ens5""",1
2026-07-28 15:20:00,ccf-aiops-武汉,br-1,br,ospf6_interface_enabled,"interface=""ens11""",1
2026-07-28 15:20:00,ccf-aiops-武汉,br-1,br,ospf6_interface_enabled,"interface=""virbr0""",0
2026-07-28 15:20:00,ccf-aiops-武汉,br-1,br,ospf6_interface_enabled,"interface=""lo""",1
2026-07-28 15:20:00,ccf-aiops-武汉,br-1,br,ospf6_interface_enabled,"interface=""ens9""",1
2026-07-28 15:20:00,ccf-aiops-武汉,br-1,br,ospf6_interface_enabled,"interface=""ens8""",1
2026-07-28 15:20:00,ccf-aiops-武汉,br-1,br,ospf6_interface_enabled,"interface=""ens7""",1
2026-07-28 15:20:00,ccf-aiops-武汉,br-1,br,ospf6_interface_enabled,"interface=""ens6""",1
2026-07-28 15:20:00,ccf-aiops-武汉,br-1,br,ospf6_interface_enabled,"interface=""ens5""",1
2026-07-28 15:20:00,ccf-aiops-武汉,br-1,br,ospf6_interface_enabled,"interface=""ens4""",1
2026-07-28 15:20:00,ccf-aiops-武汉,br-1,br,ospf6_interface_enabled,"interface=""ens3""",1
2026-07-28 15:20:00,ccf-aiops-武汉,br-1,br,ospf6_interface_enabled,"interface=""ens10""",1
2026-07-28 15:20:00,ccf-aiops-武汉,br-1,br,ospf6_interface_enabled,"interface=""ens12""",1
2026-07-28 15:20:00,ccf-aiops-武汉,br-1,br,ospf6_neighbor_state_code,"state=""Full"",interface=""ens5"",neighbor_id=""5.5.5.11""",6
2026-07-28 15:20:00,ccf-aiops-武汉,br-1,br,ospf6_neighbor_state_code,"state=""Full"",interface=""ens5"",neighbor_id=""5.5.5.12""",6
2026-07-28 15:20:00,ccf-aiops-武汉,br-1,br,ospf6_neighbor_state_code,"state=""Twoway"",interface=""ens5"",neighbor_id=""5.5.5.2""",2
2026-07-28 15:20:00,ccf-aiops-武汉,br-2,br,bgp_command_success,"command=""bgp_summary""",1
2026-07-28 15:20:00,ccf-aiops-武汉,br-2,br,bgp_peer_count,,6
2026-07-28 15:20:00,ccf-aiops-武汉,br-2,br,bgp_peer_prefix_received,"peer=""fd00:100:10::72"",remote_as=""65008"",state=""Established""",3
2026-07-28 15:20:00,ccf-aiops-武汉,br-2,br,bgp_peer_prefix_received,"peer=""fd00:100:10::2"",remote_as=""65001"",state=""Established""",4
2026-07-28 15:20:00,ccf-aiops-武汉,br-2,br,bgp_peer_prefix_received,"peer=""fd00:100:10::22"",remote_as=""65003"",state=""Established""",5
2026-07-28 15:20:00,ccf-aiops-武汉,br-2,br,bgp_peer_prefix_received,"peer=""fd00:100:10::32"",remote_as=""65004"",state=""Established""",3
2026-07-28 15:20:00,ccf-aiops-武汉,br-2,br,bgp_peer_prefix_received,"peer=""fd00:100:10::52"",remote_as=""65006"",state=""Established""",6
2026-07-28 15:20:00,ccf-aiops-武汉,br-2,br,bgp_peer_prefix_received,"peer=""fd00:100:10::62"",remote_as=""65007"",state=""Established""",4
2026-07-28 15:20:00,ccf-aiops-武汉,br-2,br,bgp_peer_prefix_sent,"peer=""fd00:100:10::22"",remote_as=""65003"",state=""Established""",8
2026-07-28 15:20:00,ccf-aiops-武汉,br-2,br,bgp_peer_prefix_sent,"peer=""fd00:100:10::32"",remote_as=""65004"",state=""Established""",8
2026-07-28 15:20:00,ccf-aiops-武汉,br-2,br,bgp_peer_prefix_sent,"peer=""fd00:100:10::52"",remote_as=""65006"",state=""Established""",8
2026-07-28 15:20:00,ccf-aiops-武汉,br-2,br,bgp_peer_prefix_sent,"peer=""fd00:100:10::62"",remote_as=""65007"",state=""Established""",8
2026-07-28 15:20:00,ccf-aiops-武汉,br-2,br,bgp_peer_prefix_sent,"peer=""fd00:100:10::72"",remote_as=""65008"",state=""Established""",8
2026-07-28 15:20:00,ccf-aiops-武汉,br-2,br,bgp_peer_prefix_sent,"peer=""fd00:100:10::2"",remote_as=""65001"",state=""Established""",8
2026-07-28 15:20:00,ccf-aiops-武汉,br-2,br,bgp_peer_up,"peer=""fd00:100:10::2"",remote_as=""65001"",state=""Established""",1
2026-07-28 15:20:00,ccf-aiops-武汉,br-2,br,bgp_peer_up,"peer=""fd00:100:10::22"",remote_as=""65003"",state=""Established""",1
2026-07-28 15:20:00,ccf-aiops-武汉,br-2,br,bgp_peer_up,"peer=""fd00:100:10::72"",remote_as=""65008"",state=""Established""",1
2026-07-28 15:20:00,ccf-aiops-武汉,br-2,br,bgp_peer_up,"peer=""fd00:100:10::62"",remote_as=""65007"",state=""Established""",1
2026-07-28 15:20:00,ccf-aiops-武汉,br-2,br,bgp_peer_up,"peer=""fd00:100:10::52"",remote_as=""65006"",state=""Established""",1
2026-07-28 15:20:00,ccf-aiops-武汉,br-2,br,bgp_peer_up,"peer=""fd00:100:10::32"",remote_as=""65004"",state=""Established""",1
2026-07-28 15:20:00,ccf-aiops-武汉,br-2,br,bgp_peer_uptime_seconds,"peer=""fd00:100:10::52"",remote_as=""65006"",state=""Established""",2422648
2026-07-28 15:20:00,ccf-aiops-武汉,br-2,br,bgp_peer_uptime_seconds,"peer=""fd00:100:10::72"",remote_as=""65008"",state=""Established""",2422420
2026-07-28 15:20:00,ccf-aiops-武汉,br-2,br,bgp_peer_uptime_seconds,"peer=""fd00:100:10::2"",remote_as=""65001"",state=""Established""",2422741
2026-07-28 15:20:00,ccf-aiops-武汉,br-2,br,bgp_peer_uptime_seconds,"peer=""fd00:100:10::22"",remote_as=""65003"",state=""Established""",705132
2026-07-28 15:20:00,ccf-aiops-武汉,br-2,br,bgp_peer_uptime_seconds,"peer=""fd00:100:10::32"",remote_as=""65004"",state=""Established""",2422741
2026-07-28 15:20:00,ccf-aiops-武汉,br-2,br,bgp_peer_uptime_seconds,"peer=""fd00:100:10::62"",remote_as=""65007"",state=""Established""",2422537
2026-07-28 15:20:00,ccf-aiops-武汉,br-2,br,ipv6_default_route_changed_total,,0
2026-07-28 15:20:00,ccf-aiops-武汉,br-2,br,ipv6_default_route_info,"next_hop=""240a:a023::1"",dev=""ens4"",protocol=""unknown"",metric=""1024"",route_index=""0"",nh_index=""0""",1
2026-07-28 15:20:00,ccf-aiops-武汉,br-2,br,ipv6_route_change_total,"prefix=""fd00:4:40::/64""",0
2026-07-28 15:20:00,ccf-aiops-武汉,br-2,br,ipv6_route_change_total,"prefix=""::/0""",0
2026-07-28 15:20:00,ccf-aiops-武汉,br-2,br,ipv6_route_change_total,"prefix=""fd00:1:40::/64""",0
2026-07-28 15:20:00,ccf-aiops-武汉,br-2,br,ipv6_route_change_total,"prefix=""fd00:2:40::/64""",2
2026-07-28 15:20:00,ccf-aiops-武汉,br-2,br,ipv6_route_change_total,"prefix=""fd00:3:40::/64""",0
2026-07-28 15:20:00,ccf-aiops-武汉,br-2,br,ipv6_route_change_total,"prefix=""fd00:5:40::/64""",0
2026-07-28 15:20:00,ccf-aiops-武汉,br-2,br,ipv6_route_change_total,"prefix=""fd00:6:40::/64""",0
2026-07-28 15:20:00,ccf-aiops-武汉,br-2,br,ipv6_route_change_total,"prefix=""fd00:7:40::/64""",4
2026-07-28 15:20:00,ccf-aiops-武汉,br-2,br,ipv6_route_change_total,"prefix=""fd00:8:40::/64""",0
2026-07-28 15:20:00,ccf-aiops-武汉,br-2,br,ipv6_route_count,"protocol=""all""",17
2026-07-28 15:20:00,ccf-aiops-武汉,br-2,br,ipv6_route_count,"protocol=""unknown""",1
2026-07-28 15:20:00,ccf-aiops-武汉,br-2,br,ipv6_route_count,"protocol=""ospf""",2
2026-07-28 15:20:00,ccf-aiops-武汉,br-2,br,ipv6_route_count,"protocol=""kernel""",7
2026-07-28 15:20:00,ccf-aiops-武汉,br-2,br,ipv6_route_count,"protocol=""bgp""",7
2026-07-28 15:20:00,ccf-aiops-武汉,br-2,br,ipv6_route_exists,"prefix=""fd00:1:40::/64""",1
2026-07-28 15:20:00,ccf-aiops-武汉,br-2,br,ipv6_route_exists,"prefix=""fd00:8:40::/64""",1
2026-07-28 15:20:00,ccf-aiops-武汉,br-2,br,ipv6_route_exists,"prefix=""fd00:7:40::/64""",1
2026-07-28 15:20:00,ccf-aiops-武汉,br-2,br,ipv6_route_exists,"prefix=""fd00:6:40::/64""",1
2026-07-28 15:20:00,ccf-aiops-武汉,br-2,br,ipv6_route_exists,"prefix=""fd00:5:40::/64""",1
2026-07-28 15:20:00,ccf-aiops-武汉,br-2,br,ipv6_route_exists,"prefix=""fd00:4:40::/64""",1
2026-07-28 15:20:00,ccf-aiops-武汉,br-2,br,ipv6_route_exists,"prefix=""fd00:3:40::/64""",1
2026-07-28 15:20:00,ccf-aiops-武汉,br-2,br,ipv6_route_exists,"prefix=""fd00:2:40::/64""",1
2026-07-28 15:20:00,ccf-aiops-武汉,br-2,br,ipv6_route_exists,"prefix=""::/0""",1
2026-07-28 15:20:00,ccf-aiops-武汉,br-2,br,ipv6_route_nexthop_info,"prefix=""fd00:5:40::/64"",next_hop=""fe80::5:20:11"",dev=""ens5"",protocol=""ospf"",metric=""20"",route_index=""0"",nh_index=""0""",1
2026-07-28 15:20:00,ccf-aiops-武汉,br-2,br,ipv6_route_nexthop_info,"prefix=""fd00:3:40::/64"",next_hop=""fe80::100:10:22"",dev=""ens4"",protocol=""bgp"",metric=""20"",route_index=""0"",nh_index=""0""",1
2026-07-28 15:20:00,ccf-aiops-武汉,br-2,br,ipv6_route_nexthop_info,"prefix=""fd00:2:40::/64"",next_hop=""fe80::100:10:2"",dev=""ens4"",protocol=""bgp"",metric=""20"",route_index=""0"",nh_index=""0""",1
2026-07-28 15:20:00,ccf-aiops-武汉,br-2,br,ipv6_route_nexthop_info,"prefix=""fd00:1:40::/64"",next_hop=""fe80::100:10:2"",dev=""ens4"",protocol=""bgp"",metric=""20"",route_index=""0"",nh_index=""0""",1
2026-07-28 15:20:00,ccf-aiops-武汉,br-2,br,ipv6_route_nexthop_info,"prefix=""::/0"",next_hop=""240a:a023::1"",dev=""ens4"",protocol=""unknown"",metric=""1024"",route_index=""0"",nh_index=""0""",1
2026-07-28 15:20:00,ccf-aiops-武汉,br-2,br,ipv6_route_nexthop_info,"prefix=""fd00:5:40::/64"",next_hop=""fe80::5:20:12"",dev=""ens5"",protocol=""ospf"",metric=""20"",route_index=""0"",nh_index=""1""",1
2026-07-28 15:20:00,ccf-aiops-武汉,br-2,br,ipv6_route_nexthop_info,"prefix=""fd00:4:40::/64"",next_hop=""fe80::100:10:32"",dev=""ens4"",protocol=""bgp"",metric=""20"",route_index=""0"",nh_index=""0""",1
2026-07-28 15:20:00,ccf-aiops-武汉,br-2,br,ipv6_route_nexthop_info,"prefix=""fd00:6:40::/64"",next_hop=""fe80::100:10:52"",dev=""ens4"",protocol=""bgp"",metric=""20"",route_index=""0"",nh_index=""0""",1
2026-07-28 15:20:00,ccf-aiops-武汉,br-2,br,ipv6_route_nexthop_info,"prefix=""fd00:7:40::/64"",next_hop=""fe80::100:10:62"",dev=""ens4"",protocol=""bgp"",metric=""20"",route_index=""0"",nh_index=""0""",1
2026-07-28 15:20:00,ccf-aiops-武汉,br-2,br,ipv6_route_nexthop_info,"prefix=""fd00:8:40::/64"",next_hop=""fe80::100:10:72"",dev=""ens4"",protocol=""bgp"",metric=""20"",route_index=""0"",nh_index=""0""",1
2026-07-28 15:20:00,ccf-aiops-武汉,br-2,br,ospf6_interface_cost,"interface=""ens5""",1
2026-07-28 15:20:00,ccf-aiops-武汉,br-2,br,ospf6_interface_enabled,"interface=""virbr0""",0
2026-07-28 15:20:00,ccf-aiops-武汉,br-2,br,ospf6_interface_enabled,"interface=""ens10""",1
2026-07-28 15:20:00,ccf-aiops-武汉,br-2,br,ospf6_interface_enabled,"interface=""ens11""",1
2026-07-28 15:20:00,ccf-aiops-武汉,br-2,br,ospf6_interface_enabled,"interface=""ens12""",1
2026-07-28 15:20:00,ccf-aiops-武汉,br-2,br,ospf6_interface_enabled,"interface=""ens3""",1
2026-07-28 15:20:00,ccf-aiops-武汉,br-2,br,ospf6_interface_enabled,"interface=""ens4""",1
2026-07-28 15:20:00,ccf-aiops-武汉,br-2,br,ospf6_interface_enabled,"interface=""ens5""",1
2026-07-28 15:20:00,ccf-aiops-武汉,br-2,br,ospf6_interface_enabled,"interface=""ens6""",1
2026-07-28 15:20:00,ccf-aiops-武汉,br-2,br,ospf6_interface_enabled,"interface=""ens7""",1
2026-07-28 15:20:00,ccf-aiops-武汉,br-2,br,ospf6_interface_enabled,"interface=""ens8""",1
2026-07-28 15:20:00,ccf-aiops-武汉,br-2,br,ospf6_interface_enabled,"interface=""ens9""",1
2026-07-28 15:20:00,ccf-aiops-武汉,br-2,br,ospf6_interface_enabled,"interface=""lo""",1
2026-07-28 15:20:00,ccf-aiops-武汉,br-2,br,ospf6_neighbor_state_code,"state=""Full"",interface=""ens5"",neighbor_id=""5.5.5.12""",6
2026-07-28 15:20:00,ccf-aiops-武汉,br-2,br,ospf6_neighbor_state_code,"state=""Full"",interface=""ens5"",neighbor_id=""5.5.5.11""",6
2026-07-28 15:20:00,ccf-aiops-武汉,br-2,br,ospf6_neighbor_state_code,"state=""Twoway"",interface=""ens5"",neighbor_id=""5.5.5.1""",2
2026-07-28 15:20:00,ccf-aiops-武汉,cr-1,cr,ipv6_default_route_changed_total,,0
2026-07-28 15:20:00,ccf-aiops-武汉,cr-1,cr,ipv6_default_route_info,"next_hop=""fd00:5:20::2"",dev=""ens4"",protocol=""196"",metric=""20"",route_index=""0"",nh_index=""1""",1
2026-07-28 15:20:00,ccf-aiops-武汉,cr-1,cr,ipv6_default_route_info,"next_hop=""fd00:5:20::1"",dev=""ens4"",protocol=""196"",metric=""20"",route_index=""0"",nh_index=""0""",1
2026-07-28 15:20:00,ccf-aiops-武汉,cr-1,cr,ipv6_route_change_total,"prefix=""fd00:8:40::/64""",0
2026-07-28 15:20:00,ccf-aiops-武汉,cr-1,cr,ipv6_route_change_total,"prefix=""fd00:7:40::/64""",0
2026-07-28 15:20:00,ccf-aiops-武汉,cr-1,cr,ipv6_route_change_total,"prefix=""fd00:6:40::/64""",0
2026-07-28 15:20:00,ccf-aiops-武汉,cr-1,cr,ipv6_route_change_total,"prefix=""fd00:5:40::/64""",0
2026-07-28 15:20:00,ccf-aiops-武汉,cr-1,cr,ipv6_route_change_total,"prefix=""fd00:4:40::/64""",0
2026-07-28 15:20:00,ccf-aiops-武汉,cr-1,cr,ipv6_route_change_total,"prefix=""fd00:3:40::/64""",0
2026-07-28 15:20:00,ccf-aiops-武汉,cr-1,cr,ipv6_route_change_total,"prefix=""fd00:2:40::/64""",0
2026-07-28 15:20:00,ccf-aiops-武汉,cr-1,cr,ipv6_route_change_total,"prefix=""fd00:1:40::/64""",0
2026-07-28 15:20:00,ccf-aiops-武汉,cr-1,cr,ipv6_route_change_total,"prefix=""::/0""",0
2026-07-28 15:20:00,ccf-aiops-武汉,cr-1,cr,ipv6_route_count,"protocol=""all""",15
2026-07-28 15:20:00,ccf-aiops-武汉,cr-1,cr,ipv6_route_count,"protocol=""ospf""",7
2026-07-28 15:20:00,ccf-aiops-武汉,cr-1,cr,ipv6_route_count,"protocol=""196""",2
2026-07-28 15:20:00,ccf-aiops-武汉,cr-1,cr,ipv6_route_count,"protocol=""kernel""",6
2026-07-28 15:20:00,ccf-aiops-武汉,cr-1,cr,ipv6_route_exists,"prefix=""fd00:8:40::/64""",1
2026-07-28 15:20:00,ccf-aiops-武汉,cr-1,cr,ipv6_route_exists,"prefix=""fd00:7:40::/64""",1
2026-07-28 15:20:00,ccf-aiops-武汉,cr-1,cr,ipv6_route_exists,"prefix=""fd00:6:40::/64""",1
2026-07-28 15:20:00,ccf-aiops-武汉,cr-1,cr,ipv6_route_exists,"prefix=""fd00:5:40::/64""",1
2026-07-28 15:20:00,ccf-aiops-武汉,cr-1,cr,ipv6_route_exists,"prefix=""fd00:4:40::/64""",1
2026-07-28 15:20:00,ccf-aiops-武汉,cr-1,cr,ipv6_route_exists,"prefix=""::/0""",1
2026-07-28 15:20:00,ccf-aiops-武汉,cr-1,cr,ipv6_route_exists,"prefix=""fd00:1:40::/64""",1
2026-07-28 15:20:00,ccf-aiops-武汉,cr-1,cr,ipv6_route_exists,"prefix=""fd00:2:40::/64""",1
2026-07-28 15:20:00,ccf-aiops-武汉,cr-1,cr,ipv6_route_exists,"prefix=""fd00:3:40::/64""",1
2026-07-28 15:20:00,ccf-aiops-武汉,cr-1,cr,ipv6_route_nexthop_info,"prefix=""fd00:8:40::/64"",next_hop=""fe80::5:20:2"",dev=""ens4"",protocol=""ospf"",metric=""20"",route_index=""0"",nh_index=""1""",1
2026-07-28 15:20:00,ccf-aiops-武汉,cr-1,cr,ipv6_route_nexthop_info,"prefix=""fd00:5:40::/64"",next_hop=""fd00:5:30::254"",dev=""ens5"",protocol=""196"",metric=""20"",route_index=""0"",nh_index=""0""",1
2026-07-28 15:20:00,ccf-aiops-武汉,cr-1,cr,ipv6_route_nexthop_info,"prefix=""::/0"",next_hop=""fd00:5:20::1"",dev=""ens4"",protocol=""196"",metric=""20"",route_index=""0"",nh_index=""0""",1
2026-07-28 15:20:00,ccf-aiops-武汉,cr-1,cr,ipv6_route_nexthop_info,"prefix=""fd00:6:40::/64"",next_hop=""fe80::5:20:1"",dev=""ens4"",protocol=""ospf"",metric=""20"",route_index=""0"",nh_index=""0""",1
2026-07-28 15:20:00,ccf-aiops-武汉,cr-1,cr,ipv6_route_nexthop_info,"prefix=""::/0"",next_hop=""fd00:5:20::2"",dev=""ens4"",protocol=""196"",metric=""20"",route_index=""0"",nh_index=""1""",1
2026-07-28 15:20:00,ccf-aiops-武汉,cr-1,cr,ipv6_route_nexthop_info,"prefix=""fd00:1:40::/64"",next_hop=""fe80::5:20:1"",dev=""ens4"",protocol=""ospf"",metric=""20"",route_index=""0"",nh_index=""0""",1
2026-07-28 15:20:00,ccf-aiops-武汉,cr-1,cr,ipv6_route_nexthop_info,"prefix=""fd00:2:40::/64"",next_hop=""fe80::5:20:1"",dev=""ens4"",protocol=""ospf"",metric=""20"",route_index=""0"",nh_index=""0""",1
2026-07-28 15:20:00,ccf-aiops-武汉,cr-1,cr,ipv6_route_nexthop_info,"prefix=""fd00:3:40::/64"",next_hop=""fe80::5:20:1"",dev=""ens4"",protocol=""ospf"",metric=""20"",route_index=""0"",nh_index=""0""",1
2026-07-28 15:20:00,ccf-aiops-武汉,cr-1,cr,ipv6_route_nexthop_info,"prefix=""fd00:4:40::/64"",next_hop=""fe80::5:20:1"",dev=""ens4"",protocol=""ospf"",metric=""20"",route_index=""0"",nh_index=""0""",1
2026-07-28 15:20:00,ccf-aiops-武汉,cr-1,cr,ipv6_route_nexthop_info,"prefix=""fd00:7:40::/64"",next_hop=""fe80::5:20:2"",dev=""ens4"",protocol=""ospf"",metric=""20"",route_index=""0"",nh_index=""1""",1
2026-07-28 15:20:00,ccf-aiops-武汉,cr-1,cr,ipv6_route_nexthop_info,"prefix=""fd00:7:40::/64"",next_hop=""fe80::5:20:1"",dev=""ens4"",protocol=""ospf"",metric=""20"",route_index=""0"",nh_index=""0""",1
2026-07-28 15:20:00,ccf-aiops-武汉,cr-1,cr,ipv6_route_nexthop_info,"prefix=""fd00:8:40::/64"",next_hop=""fe80::5:20:1"",dev=""ens4"",protocol=""ospf"",metric=""20"",route_index=""0"",nh_index=""0""",1
2026-07-28 15:20:00,ccf-aiops-武汉,cr-1,cr,ipv6_route_nexthop_info,"prefix=""fd00:1:40::/64"",next_hop=""fe80::5:20:2"",dev=""ens4"",protocol=""ospf"",metric=""20"",route_index=""0"",nh_index=""1""",1
2026-07-28 15:20:00,ccf-aiops-武汉,cr-1,cr,ipv6_route_nexthop_info,"prefix=""fd00:2:40::/64"",next_hop=""fe80::5:20:2"",dev=""ens4"",protocol=""ospf"",metric=""20"",route_index=""0"",nh_index=""1""",1
2026-07-28 15:20:00,ccf-aiops-武汉,cr-1,cr,ipv6_route_nexthop_info,"prefix=""fd00:3:40::/64"",next_hop=""fe80::5:20:2"",dev=""ens4"",protocol=""ospf"",metric=""20"",route_index=""0"",nh_index=""1""",1
2026-07-28 15:20:00,ccf-aiops-武汉,cr-1,cr,ipv6_route_nexthop_info,"prefix=""fd00:4:40::/64"",next_hop=""fe80::5:20:2"",dev=""ens4"",protocol=""ospf"",metric=""20"",route_index=""0"",nh_index=""1""",1
2026-07-28 15:20:00,ccf-aiops-武汉,cr-1,cr,ipv6_route_nexthop_info,"prefix=""fd00:6:40::/64"",next_hop=""fe80::5:20:2"",dev=""ens4"",protocol=""ospf"",metric=""20"",route_index=""0"",nh_index=""1""",1
2026-07-28 15:20:00,ccf-aiops-武汉,cr-1,cr,ospf6_interface_cost,"interface=""ens5""",1
2026-07-28 15:20:00,ccf-aiops-武汉,cr-1,cr,ospf6_interface_cost,"interface=""ens4""",1
2026-07-28 15:20:00,ccf-aiops-武汉,cr-1,cr,ospf6_interface_enabled,"interface=""lo""",1
2026-07-28 15:20:00,ccf-aiops-武汉,cr-1,cr,ospf6_interface_enabled,"interface=""ens10""",1
2026-07-28 15:20:00,ccf-aiops-武汉,cr-1,cr,ospf6_interface_enabled,"interface=""virbr0""",0
2026-07-28 15:20:00,ccf-aiops-武汉,cr-1,cr,ospf6_interface_enabled,"interface=""ens11""",1
2026-07-28 15:20:00,ccf-aiops-武汉,cr-1,cr,ospf6_interface_enabled,"interface=""ens12""",1
2026-07-28 15:20:00,ccf-aiops-武汉,cr-1,cr,ospf6_interface_enabled,"interface=""ens3""",1
2026-07-28 15:20:00,ccf-aiops-武汉,cr-1,cr,ospf6_interface_enabled,"interface=""ens4""",1
2026-07-28 15:20:00,ccf-aiops-武汉,cr-1,cr,ospf6_interface_enabled,"interface=""ens5""",1
2026-07-28 15:20:00,ccf-aiops-武汉,cr-1,cr,ospf6_interface_enabled,"interface=""ens6""",1
2026-07-28 15:20:00,ccf-aiops-武汉,cr-1,cr,ospf6_interface_enabled,"interface=""ens7""",1
2026-07-28 15:20:00,ccf-aiops-武汉,cr-1,cr,ospf6_interface_enabled,"interface=""ens8""",1
2026-07-28 15:20:00,ccf-aiops-武汉,cr-1,cr,ospf6_interface_enabled,"interface=""ens9""",1
2026-07-28 15:20:00,ccf-aiops-武汉,cr-1,cr,ospf6_neighbor_state_code,"state=""Full"",interface=""ens5"",neighbor_id=""5.5.5.12""",6
2026-07-28 15:20:00,ccf-aiops-武汉,cr-1,cr,ospf6_neighbor_state_code,"state=""Full"",interface=""ens4"",neighbor_id=""5.5.5.2""",6
2026-07-28 15:20:00,ccf-aiops-武汉,cr-1,cr,ospf6_neighbor_state_code,"state=""Full"",interface=""ens4"",neighbor_id=""5.5.5.12""",6
2026-07-28 15:20:00,ccf-aiops-武汉,cr-1,cr,ospf6_neighbor_state_code,"state=""Full"",interface=""ens4"",neighbor_id=""5.5.5.1""",6
2026-07-28 15:20:00,ccf-aiops-武汉,cr-1,cr,bgp_command_success,,
2026-07-28 15:20:00,ccf-aiops-武汉,cr-1,cr,bgp_peer_up,,
2026-07-28 15:20:00,ccf-aiops-武汉,cr-1,cr,bgp_peer_uptime_seconds,,
2026-07-28 15:20:00,ccf-aiops-武汉,cr-1,cr,bgp_peer_prefix_received,,
2026-07-28 15:20:00,ccf-aiops-武汉,cr-1,cr,bgp_peer_prefix_sent,,
2026-07-28 15:20:00,ccf-aiops-武汉,cr-1,cr,bgp_peer_count,,
2026-07-28 15:20:00,ccf-aiops-武汉,cr-2,cr,ipv6_default_route_changed_total,,0
2026-07-28 15:20:00,ccf-aiops-武汉,cr-2,cr,ipv6_default_route_info,"next_hop=""fd00:5:20::1"",dev=""ens4"",protocol=""196"",metric=""20"",route_index=""0"",nh_index=""0""",1
2026-07-28 15:20:00,ccf-aiops-武汉,cr-2,cr,ipv6_default_route_info,"next_hop=""fd00:5:20::2"",dev=""ens4"",protocol=""196"",metric=""20"",route_index=""0"",nh_index=""1""",1
2026-07-28 15:20:00,ccf-aiops-武汉,cr-2,cr,ipv6_route_change_total,"prefix=""fd00:5:40::/64""",0
2026-07-28 15:20:00,ccf-aiops-武汉,cr-2,cr,ipv6_route_change_total,"prefix=""::/0""",0
2026-07-28 15:20:00,ccf-aiops-武汉,cr-2,cr,ipv6_route_change_total,"prefix=""fd00:1:40::/64""",0
2026-07-28 15:20:00,ccf-aiops-武汉,cr-2,cr,ipv6_route_change_total,"prefix=""fd00:2:40::/64""",0
2026-07-28 15:20:00,ccf-aiops-武汉,cr-2,cr,ipv6_route_change_total,"prefix=""fd00:3:40::/64""",0
2026-07-28 15:20:00,ccf-aiops-武汉,cr-2,cr,ipv6_route_change_total,"prefix=""fd00:8:40::/64""",0
2026-07-28 15:20:00,ccf-aiops-武汉,cr-2,cr,ipv6_route_change_total,"prefix=""fd00:7:40::/64""",0
2026-07-28 15:20:00,ccf-aiops-武汉,cr-2,cr,ipv6_route_change_total,"prefix=""fd00:6:40::/64""",0
2026-07-28 15:20:00,ccf-aiops-武汉,cr-2,cr,ipv6_route_change_total,"prefix=""fd00:4:40::/64""",0
2026-07-28 15:20:00,ccf-aiops-武汉,cr-2,cr,ipv6_route_count,"protocol=""all""",15
2026-07-28 15:20:00,ccf-aiops-武汉,cr-2,cr,ipv6_route_count,"protocol=""ospf""",7
2026-07-28 15:20:00,ccf-aiops-武汉,cr-2,cr,ipv6_route_count,"protocol=""kernel""",6
2026-07-28 15:20:00,ccf-aiops-武汉,cr-2,cr,ipv6_route_count,"protocol=""196""",2
2026-07-28 15:20:00,ccf-aiops-武汉,cr-2,cr,ipv6_route_exists,"prefix=""fd00:7:40::/64""",1
2026-07-28 15:20:00,ccf-aiops-武汉,cr-2,cr,ipv6_route_exists,"prefix=""::/0""",1
2026-07-28 15:20:00,ccf-aiops-武汉,cr-2,cr,ipv6_route_exists,"prefix=""fd00:1:40::/64""",1
2026-07-28 15:20:00,ccf-aiops-武汉,cr-2,cr,ipv6_route_exists,"prefix=""fd00:2:40::/64""",1
2026-07-28 15:20:00,ccf-aiops-武汉,cr-2,cr,ipv6_route_exists,"prefix=""fd00:3:40::/64""",1
2026-07-28 15:20:00,ccf-aiops-武汉,cr-2,cr,ipv6_route_exists,"prefix=""fd00:4:40::/64""",1
2026-07-28 15:20:00,ccf-aiops-武汉,cr-2,cr,ipv6_route_exists,"prefix=""fd00:5:40::/64""",1
2026-07-28 15:20:00,ccf-aiops-武汉,cr-2,cr,ipv6_route_exists,"prefix=""fd00:6:40::/64""",1
2026-07-28 15:20:00,ccf-aiops-武汉,cr-2,cr,ipv6_route_exists,"prefix=""fd00:8:40::/64""",1
2026-07-28 15:20:00,ccf-aiops-武汉,cr-2,cr,ipv6_route_nexthop_info,"prefix=""fd00:8:40::/64"",next_hop=""fe80::5:20:2"",dev=""ens4"",protocol=""ospf"",metric=""20"",route_index=""0"",nh_index=""1""",1
2026-07-28 15:20:00,ccf-aiops-武汉,cr-2,cr,ipv6_route_nexthop_info,"prefix=""fd00:7:40::/64"",next_hop=""fe80::5:20:2"",dev=""ens4"",protocol=""ospf"",metric=""20"",route_index=""0"",nh_index=""1""",1
2026-07-28 15:20:00,ccf-aiops-武汉,cr-2,cr,ipv6_route_nexthop_info,"prefix=""fd00:6:40::/64"",next_hop=""fe80::5:20:2"",dev=""ens4"",protocol=""ospf"",metric=""20"",route_index=""0"",nh_index=""1""",1
2026-07-28 15:20:00,ccf-aiops-武汉,cr-2,cr,ipv6_route_nexthop_info,"prefix=""fd00:4:40::/64"",next_hop=""fe80::5:20:2"",dev=""ens4"",protocol=""ospf"",metric=""20"",route_index=""0"",nh_index=""1""",1
2026-07-28 15:20:00,ccf-aiops-武汉,cr-2,cr,ipv6_route_nexthop_info,"prefix=""fd00:3:40::/64"",next_hop=""fe80::5:20:2"",dev=""ens4"",protocol=""ospf"",metric=""20"",route_index=""0"",nh_index=""1""",1
2026-07-28 15:20:00,ccf-aiops-武汉,cr-2,cr,ipv6_route_nexthop_info,"prefix=""fd00:2:40::/64"",next_hop=""fe80::5:20:2"",dev=""ens4"",protocol=""ospf"",metric=""20"",route_index=""0"",nh_index=""1""",1
2026-07-28 15:20:00,ccf-aiops-武汉,cr-2,cr,ipv6_route_nexthop_info,"prefix=""fd00:1:40::/64"",next_hop=""fe80::5:20:2"",dev=""ens4"",protocol=""ospf"",metric=""20"",route_index=""0"",nh_index=""1""",1
2026-07-28 15:20:00,ccf-aiops-武汉,cr-2,cr,ipv6_route_nexthop_info,"prefix=""fd00:8:40::/64"",next_hop=""fe80::5:20:1"",dev=""ens4"",protocol=""ospf"",metric=""20"",route_index=""0"",nh_index=""0""",1
2026-07-28 15:20:00,ccf-aiops-武汉,cr-2,cr,ipv6_route_nexthop_info,"prefix=""fd00:5:40::/64"",next_hop=""fd00:5:30::254"",dev=""ens5"",protocol=""196"",metric=""20"",route_index=""0"",nh_index=""0""",1
2026-07-28 15:20:00,ccf-aiops-武汉,cr-2,cr,ipv6_route_nexthop_info,"prefix=""fd00:7:40::/64"",next_hop=""fe80::5:20:1"",dev=""ens4"",protocol=""ospf"",metric=""20"",route_index=""0"",nh_index=""0""",1
2026-07-28 15:20:00,ccf-aiops-武汉,cr-2,cr,ipv6_route_nexthop_info,"prefix=""fd00:6:40::/64"",next_hop=""fe80::5:20:1"",dev=""ens4"",protocol=""ospf"",metric=""20"",route_index=""0"",nh_index=""0""",1
2026-07-28 15:20:00,ccf-aiops-武汉,cr-2,cr,ipv6_route_nexthop_info,"prefix=""fd00:4:40::/64"",next_hop=""fe80::5:20:1"",dev=""ens4"",protocol=""ospf"",metric=""20"",route_index=""0"",nh_index=""0""",1
2026-07-28 15:20:00,ccf-aiops-武汉,cr-2,cr,ipv6_route_nexthop_info,"prefix=""fd00:3:40::/64"",next_hop=""fe80::5:20:1"",dev=""ens4"",protocol=""ospf"",metric=""20"",route_index=""0"",nh_index=""0""",1
2026-07-28 15:20:00,ccf-aiops-武汉,cr-2,cr,ipv6_route_nexthop_info,"prefix=""fd00:2:40::/64"",next_hop=""fe80::5:20:1"",dev=""ens4"",protocol=""ospf"",metric=""20"",route_index=""0"",nh_index=""0""",1
2026-07-28 15:20:00,ccf-aiops-武汉,cr-2,cr,ipv6_route_nexthop_info,"prefix=""fd00:1:40::/64"",next_hop=""fe80::5:20:1"",dev=""ens4"",protocol=""ospf"",metric=""20"",route_index=""0"",nh_index=""0""",1
2026-07-28 15:20:00,ccf-aiops-武汉,cr-2,cr,ipv6_route_nexthop_info,"prefix=""::/0"",next_hop=""fd00:5:20::2"",dev=""ens4"",protocol=""196"",metric=""20"",route_index=""0"",nh_index=""1""",1
2026-07-28 15:20:00,ccf-aiops-武汉,cr-2,cr,ipv6_route_nexthop_info,"prefix=""::/0"",next_hop=""fd00:5:20::1"",dev=""ens4"",protocol=""196"",metric=""20"",route_index=""0"",nh_index=""0""",1
2026-07-28 15:20:00,ccf-aiops-武汉,cr-2,cr,ospf6_interface_cost,"interface=""ens4""",1
2026-07-28 15:20:00,ccf-aiops-武汉,cr-2,cr,ospf6_interface_cost,"interface=""ens5""",1
2026-07-28 15:20:00,ccf-aiops-武汉,cr-2,cr,ospf6_interface_enabled,"interface=""ens5""",1
2026-07-28 15:20:00,ccf-aiops-武汉,cr-2,cr,ospf6_interface_enabled,"interface=""lo""",1
2026-07-28 15:20:00,ccf-aiops-武汉,cr-2,cr,ospf6_interface_enabled,"interface=""ens9""",1
2026-07-28 15:20:00,ccf-aiops-武汉,cr-2,cr,ospf6_interface_enabled,"interface=""ens8""",1
2026-07-28 15:20:00,ccf-aiops-武汉,cr-2,cr,ospf6_interface_enabled,"interface=""ens7""",1
2026-07-28 15:20:00,ccf-aiops-武汉,cr-2,cr,ospf6_interface_enabled,"interface=""ens6""",1
2026-07-28 15:20:00,ccf-aiops-武汉,cr-2,cr,ospf6_interface_enabled,"interface=""ens10""",1
2026-07-28 15:20:00,ccf-aiops-武汉,cr-2,cr,ospf6_interface_enabled,"interface=""ens4""",1
2026-07-28 15:20:00,ccf-aiops-武汉,cr-2,cr,ospf6_interface_enabled,"interface=""ens3""",1
2026-07-28 15:20:00,ccf-aiops-武汉,cr-2,cr,ospf6_interface_enabled,"interface=""ens12""",1
2026-07-28 15:20:00,ccf-aiops-武汉,cr-2,cr,ospf6_interface_enabled,"interface=""ens11""",1
2026-07-28 15:20:00,ccf-aiops-武汉,cr-2,cr,ospf6_interface_enabled,"interface=""virbr0""",0
2026-07-28 15:20:00,ccf-aiops-武汉,cr-2,cr,ospf6_neighbor_state_code,"state=""Full"",interface=""ens5"",neighbor_id=""5.5.5.11""",6
2026-07-28 15:20:00,ccf-aiops-武汉,cr-2,cr,ospf6_neighbor_state_code,"state=""Full"",interface=""ens4"",neighbor_id=""5.5.5.2""",6
2026-07-28 15:20:00,ccf-aiops-武汉,cr-2,cr,ospf6_neighbor_state_code,"state=""Full"",interface=""ens4"",neighbor_id=""5.5.5.11""",6
2026-07-28 15:20:00,ccf-aiops-武汉,cr-2,cr,ospf6_neighbor_state_code,"state=""Full"",interface=""ens4"",neighbor_id=""5.5.5.1""",6
2026-07-28 15:20:00,ccf-aiops-武汉,cr-2,cr,bgp_command_success,,
2026-07-28 15:20:00,ccf-aiops-武汉,cr-2,cr,bgp_peer_up,,
2026-07-28 15:20:00,ccf-aiops-武汉,cr-2,cr,bgp_peer_uptime_seconds,,
2026-07-28 15:20:00,ccf-aiops-武汉,cr-2,cr,bgp_peer_prefix_received,,
2026-07-28 15:20:00,ccf-aiops-武汉,cr-2,cr,bgp_peer_prefix_sent,,
2026-07-28 15:20:00,ccf-aiops-武汉,cr-2,cr,bgp_peer_count,,
2026-07-28 15:21:00,ccf-aiops-武汉,br-1,br,bgp_command_success,"command=""bgp_summary""",1
2026-07-28 15:21:00,ccf-aiops-武汉,br-1,br,bgp_peer_count,,6
2026-07-28 15:21:00,ccf-aiops-武汉,br-1,br,bgp_peer_prefix_received,"peer=""fd00:100:10::1"",remote_as=""65001"",state=""Established""",5
2026-07-28 15:21:00,ccf-aiops-武汉,br-1,br,bgp_peer_prefix_received,"peer=""fd00:100:10::21"",remote_as=""65003"",state=""Established""",4
2026-07-28 15:21:00,ccf-aiops-武汉,br-1,br,bgp_peer_prefix_received,"peer=""fd00:100:10::31"",remote_as=""65004"",state=""Established""",2
2026-07-28 15:21:00,ccf-aiops-武汉,br-1,br,bgp_peer_prefix_received,"peer=""fd00:100:10::51"",remote_as=""65006"",state=""Established""",5
2026-07-28 15:21:00,ccf-aiops-武汉,br-1,br,bgp_peer_prefix_received,"peer=""fd00:100:10::61"",remote_as=""65007"",state=""Established""",4
2026-07-28 15:21:00,ccf-aiops-武汉,br-1,br,bgp_peer_prefix_received,"peer=""fd00:100:10::71"",remote_as=""65008"",state=""Established""",4
2026-07-28 15:21:00,ccf-aiops-武汉,br-1,br,bgp_peer_prefix_sent,"peer=""fd00:100:10::71"",remote_as=""65008"",state=""Established""",8
2026-07-28 15:21:00,ccf-aiops-武汉,br-1,br,bgp_peer_prefix_sent,"peer=""fd00:100:10::61"",remote_as=""65007"",state=""Established""",8
2026-07-28 15:21:00,ccf-aiops-武汉,br-1,br,bgp_peer_prefix_sent,"peer=""fd00:100:10::51"",remote_as=""65006"",state=""Established""",8
2026-07-28 15:21:00,ccf-aiops-武汉,br-1,br,bgp_peer_prefix_sent,"peer=""fd00:100:10::31"",remote_as=""65004"",state=""Established""",8
2026-07-28 15:21:00,ccf-aiops-武汉,br-1,br,bgp_peer_prefix_sent,"peer=""fd00:100:10::21"",remote_as=""65003"",state=""Established""",8
2026-07-28 15:21:00,ccf-aiops-武汉,br-1,br,bgp_peer_prefix_sent,"peer=""fd00:100:10::1"",remote_as=""65001"",state=""Established""",8
2026-07-28 15:21:00,ccf-aiops-武汉,br-1,br,bgp_peer_up,"peer=""fd00:100:10::71"",remote_as=""65008"",state=""Established""",1
2026-07-28 15:21:00,ccf-aiops-武汉,br-1,br,bgp_peer_up,"peer=""fd00:100:10::61"",remote_as=""65007"",state=""Established""",1
2026-07-28 15:21:00,ccf-aiops-武汉,br-1,br,bgp_peer_up,"peer=""fd00:100:10::51"",remote_as=""65006"",state=""Established""",1
2026-07-28 15:21:00,ccf-aiops-武汉,br-1,br,bgp_peer_up,"peer=""fd00:100:10::31"",remote_as=""65004"",state=""Established""",1
2026-07-28 15:21:00,ccf-aiops-武汉,br-1,br,bgp_peer_up,"peer=""fd00:100:10::21"",remote_as=""65003"",state=""Established""",1
2026-07-28 15:21:00,ccf-aiops-武汉,br-1,br,bgp_peer_up,"peer=""fd00:100:10::1"",remote_as=""65001"",state=""Established""",1
2026-07-28 15:21:00,ccf-aiops-武汉,br-1,br,bgp_peer_uptime_seconds,"peer=""fd00:100:10::71"",remote_as=""65008"",state=""Established""",2422484
2026-07-28 15:21:00,ccf-aiops-武汉,br-1,br,bgp_peer_uptime_seconds,"peer=""fd00:100:10::1"",remote_as=""65001"",state=""Established""",2422805
2026-07-28 15:21:00,ccf-aiops-武汉,br-1,br,bgp_peer_uptime_seconds,"peer=""fd00:100:10::21"",remote_as=""65003"",state=""Established""",1735443
2026-07-28 15:21:00,ccf-aiops-武汉,br-1,br,bgp_peer_uptime_seconds,"peer=""fd00:100:10::31"",remote_as=""65004"",state=""Established""",2422805
2026-07-28 15:21:00,ccf-aiops-武汉,br-1,br,bgp_peer_uptime_seconds,"peer=""fd00:100:10::51"",remote_as=""65006"",state=""Established""",2422717
2026-07-28 15:21:00,ccf-aiops-武汉,br-1,br,bgp_peer_uptime_seconds,"peer=""fd00:100:10::61"",remote_as=""65007"",state=""Established""",2422609
2026-07-28 15:21:00,ccf-aiops-武汉,br-1,br,ipv6_default_route_changed_total,,0
2026-07-28 15:21:00,ccf-aiops-武汉,br-1,br,ipv6_default_route_info,"next_hop=""240a:a023::1"",dev=""ens4"",protocol=""unknown"",metric=""1024"",route_index=""0"",nh_index=""0""",1
2026-07-28 15:21:00,ccf-aiops-武汉,br-1,br,ipv6_route_change_total,"prefix=""fd00:8:40::/64""",0
2026-07-28 15:21:00,ccf-aiops-武汉,br-1,br,ipv6_route_change_total,"prefix=""fd00:7:40::/64""",8
2026-07-28 15:21:00,ccf-aiops-武汉,br-1,br,ipv6_route_change_total,"prefix=""fd00:6:40::/64""",0
2026-07-28 15:21:00,ccf-aiops-武汉,br-1,br,ipv6_route_change_total,"prefix=""fd00:5:40::/64""",0
2026-07-28 15:21:00,ccf-aiops-武汉,br-1,br,ipv6_route_change_total,"prefix=""fd00:4:40::/64""",0
2026-07-28 15:21:00,ccf-aiops-武汉,br-1,br,ipv6_route_change_total,"prefix=""fd00:3:40::/64""",0
2026-07-28 15:21:00,ccf-aiops-武汉,br-1,br,ipv6_route_change_total,"prefix=""fd00:2:40::/64""",2
2026-07-28 15:21:00,ccf-aiops-武汉,br-1,br,ipv6_route_change_total,"prefix=""fd00:1:40::/64""",0
2026-07-28 15:21:00,ccf-aiops-武汉,br-1,br,ipv6_route_change_total,"prefix=""::/0""",0
2026-07-28 15:21:00,ccf-aiops-武汉,br-1,br,ipv6_route_count,"protocol=""all""",17
2026-07-28 15:21:00,ccf-aiops-武汉,br-1,br,ipv6_route_count,"protocol=""kernel""",7
2026-07-28 15:21:00,ccf-aiops-武汉,br-1,br,ipv6_route_count,"protocol=""unknown""",1
2026-07-28 15:21:00,ccf-aiops-武汉,br-1,br,ipv6_route_count,"protocol=""ospf""",2
2026-07-28 15:21:00,ccf-aiops-武汉,br-1,br,ipv6_route_count,"protocol=""bgp""",7
2026-07-28 15:21:00,ccf-aiops-武汉,br-1,br,ipv6_route_exists,"prefix=""fd00:8:40::/64""",1
2026-07-28 15:21:00,ccf-aiops-武汉,br-1,br,ipv6_route_exists,"prefix=""fd00:7:40::/64""",1
2026-07-28 15:21:00,ccf-aiops-武汉,br-1,br,ipv6_route_exists,"prefix=""fd00:6:40::/64""",1
2026-07-28 15:21:00,ccf-aiops-武汉,br-1,br,ipv6_route_exists,"prefix=""fd00:5:40::/64""",1
2026-07-28 15:21:00,ccf-aiops-武汉,br-1,br,ipv6_route_exists,"prefix=""fd00:4:40::/64""",1
2026-07-28 15:21:00,ccf-aiops-武汉,br-1,br,ipv6_route_exists,"prefix=""fd00:3:40::/64""",1
2026-07-28 15:21:00,ccf-aiops-武汉,br-1,br,ipv6_route_exists,"prefix=""fd00:2:40::/64""",1
2026-07-28 15:21:00,ccf-aiops-武汉,br-1,br,ipv6_route_exists,"prefix=""fd00:1:40::/64""",1
2026-07-28 15:21:00,ccf-aiops-武汉,br-1,br,ipv6_route_exists,"prefix=""::/0""",1
2026-07-28 15:21:00,ccf-aiops-武汉,br-1,br,ipv6_route_nexthop_info,"prefix=""fd00:5:40::/64"",next_hop=""fe80::5:20:12"",dev=""ens5"",protocol=""ospf"",metric=""20"",route_index=""0"",nh_index=""1""",1
2026-07-28 15:21:00,ccf-aiops-武汉,br-1,br,ipv6_route_nexthop_info,"prefix=""fd00:4:40::/64"",next_hop=""fe80::100:10:31"",dev=""ens4"",protocol=""bgp"",metric=""20"",route_index=""0"",nh_index=""0""",1
2026-07-28 15:21:00,ccf-aiops-武汉,br-1,br,ipv6_route_nexthop_info,"prefix=""fd00:5:40::/64"",next_hop=""fe80::5:20:11"",dev=""ens5"",protocol=""ospf"",metric=""20"",route_index=""0"",nh_index=""0""",1
2026-07-28 15:21:00,ccf-aiops-武汉,br-1,br,ipv6_route_nexthop_info,"prefix=""fd00:8:40::/64"",next_hop=""fe80::100:10:71"",dev=""ens4"",protocol=""bgp"",metric=""20"",route_index=""0"",nh_index=""0""",1
2026-07-28 15:21:00,ccf-aiops-武汉,br-1,br,ipv6_route_nexthop_info,"prefix=""fd00:7:40::/64"",next_hop=""fe80::100:10:61"",dev=""ens4"",protocol=""bgp"",metric=""20"",route_index=""0"",nh_index=""0""",1
2026-07-28 15:21:00,ccf-aiops-武汉,br-1,br,ipv6_route_nexthop_info,"prefix=""fd00:6:40::/64"",next_hop=""fe80::100:10:51"",dev=""ens4"",protocol=""bgp"",metric=""20"",route_index=""0"",nh_index=""0""",1
2026-07-28 15:21:00,ccf-aiops-武汉,br-1,br,ipv6_route_nexthop_info,"prefix=""::/0"",next_hop=""240a:a023::1"",dev=""ens4"",protocol=""unknown"",metric=""1024"",route_index=""0"",nh_index=""0""",1
2026-07-28 15:21:00,ccf-aiops-武汉,br-1,br,ipv6_route_nexthop_info,"prefix=""fd00:1:40::/64"",next_hop=""fe80::100:10:1"",dev=""ens4"",protocol=""bgp"",metric=""20"",route_index=""0"",nh_index=""0""",1
2026-07-28 15:21:00,ccf-aiops-武汉,br-1,br,ipv6_route_nexthop_info,"prefix=""fd00:2:40::/64"",next_hop=""fe80::100:10:1"",dev=""ens4"",protocol=""bgp"",metric=""20"",route_index=""0"",nh_index=""0""",1
2026-07-28 15:21:00,ccf-aiops-武汉,br-1,br,ipv6_route_nexthop_info,"prefix=""fd00:3:40::/64"",next_hop=""fe80::100:10:21"",dev=""ens4"",protocol=""bgp"",metric=""20"",route_index=""0"",nh_index=""0""",1
2026-07-28 15:21:00,ccf-aiops-武汉,br-1,br,ospf6_interface_cost,"interface=""ens5""",1
2026-07-28 15:21:00,ccf-aiops-武汉,br-1,br,ospf6_interface_enabled,"interface=""ens3""",1
2026-07-28 15:21:00,ccf-aiops-武汉,br-1,br,ospf6_interface_enabled,"interface=""ens11""",1
2026-07-28 15:21:00,ccf-aiops-武汉,br-1,br,ospf6_interface_enabled,"interface=""ens12""",1
2026-07-28 15:21:00,ccf-aiops-武汉,br-1,br,ospf6_interface_enabled,"interface=""ens10""",1
2026-07-28 15:21:00,ccf-aiops-武汉,br-1,br,ospf6_interface_enabled,"interface=""ens4""",1
2026-07-28 15:21:00,ccf-aiops-武汉,br-1,br,ospf6_interface_enabled,"interface=""ens5""",1
2026-07-28 15:21:00,ccf-aiops-武汉,br-1,br,ospf6_interface_enabled,"interface=""ens6""",1
2026-07-28 15:21:00,ccf-aiops-武汉,br-1,br,ospf6_interface_enabled,"interface=""ens7""",1
2026-07-28 15:21:00,ccf-aiops-武汉,br-1,br,ospf6_interface_enabled,"interface=""ens8""",1
2026-07-28 15:21:00,ccf-aiops-武汉,br-1,br,ospf6_interface_enabled,"interface=""ens9""",1
2026-07-28 15:21:00,ccf-aiops-武汉,br-1,br,ospf6_interface_enabled,"interface=""lo""",1
2026-07-28 15:21:00,ccf-aiops-武汉,br-1,br,ospf6_interface_enabled,"interface=""virbr0""",0
2026-07-28 15:21:00,ccf-aiops-武汉,br-1,br,ospf6_neighbor_state_code,"state=""Twoway"",interface=""ens5"",neighbor_id=""5.5.5.2""",2
2026-07-28 15:21:00,ccf-aiops-武汉,br-1,br,ospf6_neighbor_state_code,"state=""Full"",interface=""ens5"",neighbor_id=""5.5.5.12""",6
2026-07-28 15:21:00,ccf-aiops-武汉,br-1,br,ospf6_neighbor_state_code,"state=""Full"",interface=""ens5"",neighbor_id=""5.5.5.11""",6
2026-07-28 15:21:00,ccf-aiops-武汉,br-2,br,bgp_command_success,"command=""bgp_summary""",1
2026-07-28 15:21:00,ccf-aiops-武汉,br-2,br,bgp_peer_count,,6
2026-07-28 15:21:00,ccf-aiops-武汉,br-2,br,bgp_peer_prefix_received,"peer=""fd00:100:10::62"",remote_as=""65007"",state=""Established""",4
2026-07-28 15:21:00,ccf-aiops-武汉,br-2,br,bgp_peer_prefix_received,"peer=""fd00:100:10::2"",remote_as=""65001"",state=""Established""",4
2026-07-28 15:21:00,ccf-aiops-武汉,br-2,br,bgp_peer_prefix_received,"peer=""fd00:100:10::22"",remote_as=""65003"",state=""Established""",5
2026-07-28 15:21:00,ccf-aiops-武汉,br-2,br,bgp_peer_prefix_received,"peer=""fd00:100:10::32"",remote_as=""65004"",state=""Established""",3
2026-07-28 15:21:00,ccf-aiops-武汉,br-2,br,bgp_peer_prefix_received,"peer=""fd00:100:10::52"",remote_as=""65006"",state=""Established""",6
2026-07-28 15:21:00,ccf-aiops-武汉,br-2,br,bgp_peer_prefix_received,"peer=""fd00:100:10::72"",remote_as=""65008"",state=""Established""",3
2026-07-28 15:21:00,ccf-aiops-武汉,br-2,br,bgp_peer_prefix_sent,"peer=""fd00:100:10::72"",remote_as=""65008"",state=""Established""",8
2026-07-28 15:21:00,ccf-aiops-武汉,br-2,br,bgp_peer_prefix_sent,"peer=""fd00:100:10::62"",remote_as=""65007"",state=""Established""",8
2026-07-28 15:21:00,ccf-aiops-武汉,br-2,br,bgp_peer_prefix_sent,"peer=""fd00:100:10::52"",remote_as=""65006"",state=""Established""",8
2026-07-28 15:21:00,ccf-aiops-武汉,br-2,br,bgp_peer_prefix_sent,"peer=""fd00:100:10::32"",remote_as=""65004"",state=""Established""",8
2026-07-28 15:21:00,ccf-aiops-武汉,br-2,br,bgp_peer_prefix_sent,"peer=""fd00:100:10::22"",remote_as=""65003"",state=""Established""",8
2026-07-28 15:21:00,ccf-aiops-武汉,br-2,br,bgp_peer_prefix_sent,"peer=""fd00:100:10::2"",remote_as=""65001"",state=""Established""",8
2026-07-28 15:21:00,ccf-aiops-武汉,br-2,br,bgp_peer_up,"peer=""fd00:100:10::62"",remote_as=""65007"",state=""Established""",1
2026-07-28 15:21:00,ccf-aiops-武汉,br-2,br,bgp_peer_up,"peer=""fd00:100:10::2"",remote_as=""65001"",state=""Established""",1
2026-07-28 15:21:00,ccf-aiops-武汉,br-2,br,bgp_peer_up,"peer=""fd00:100:10::72"",remote_as=""65008"",state=""Established""",1
2026-07-28 15:21:00,ccf-aiops-武汉,br-2,br,bgp_peer_up,"peer=""fd00:100:10::52"",remote_as=""65006"",state=""Established""",1
2026-07-28 15:21:00,ccf-aiops-武汉,br-2,br,bgp_peer_up,"peer=""fd00:100:10::32"",remote_as=""65004"",state=""Established""",1
2026-07-28 15:21:00,ccf-aiops-武汉,br-2,br,bgp_peer_up,"peer=""fd00:100:10::22"",remote_as=""65003"",state=""Established""",1
2026-07-28 15:21:00,ccf-aiops-武汉,br-2,br,bgp_peer_uptime_seconds,"peer=""fd00:100:10::62"",remote_as=""65007"",state=""Established""",2422583
2026-07-28 15:21:00,ccf-aiops-武汉,br-2,br,bgp_peer_uptime_seconds,"peer=""fd00:100:10::72"",remote_as=""65008"",state=""Established""",2422466
2026-07-28 15:21:00,ccf-aiops-武汉,br-2,br,bgp_peer_uptime_seconds,"peer=""fd00:100:10::52"",remote_as=""65006"",state=""Established""",2422694
2026-07-28 15:21:00,ccf-aiops-武汉,br-2,br,bgp_peer_uptime_seconds,"peer=""fd00:100:10::32"",remote_as=""65004"",state=""Established""",2422787
2026-07-28 15:21:00,ccf-aiops-武汉,br-2,br,bgp_peer_uptime_seconds,"peer=""fd00:100:10::22"",remote_as=""65003"",state=""Established""",705178
2026-07-28 15:21:00,ccf-aiops-武汉,br-2,br,bgp_peer_uptime_seconds,"peer=""fd00:100:10::2"",remote_as=""65001"",state=""Established""",2422787
2026-07-28 15:21:00,ccf-aiops-武汉,br-2,br,ipv6_default_route_changed_total,,0
2026-07-28 15:21:00,ccf-aiops-武汉,br-2,br,ipv6_default_route_info,"next_hop=""240a:a023::1"",dev=""ens4"",protocol=""unknown"",metric=""1024"",route_index=""0"",nh_index=""0""",1
2026-07-28 15:21:00,ccf-aiops-武汉,br-2,br,ipv6_route_change_total,"prefix=""::/0""",0
2026-07-28 15:21:00,ccf-aiops-武汉,br-2,br,ipv6_route_change_total,"prefix=""fd00:6:40::/64""",0
2026-07-28 15:21:00,ccf-aiops-武汉,br-2,br,ipv6_route_change_total,"prefix=""fd00:5:40::/64""",0
2026-07-28 15:21:00,ccf-aiops-武汉,br-2,br,ipv6_route_change_total,"prefix=""fd00:4:40::/64""",0
2026-07-28 15:21:00,ccf-aiops-武汉,br-2,br,ipv6_route_change_total,"prefix=""fd00:3:40::/64""",0
2026-07-28 15:21:00,ccf-aiops-武汉,br-2,br,ipv6_route_change_total,"prefix=""fd00:7:40::/64""",4
2026-07-28 15:21:00,ccf-aiops-武汉,br-2,br,ipv6_route_change_total,"prefix=""fd00:8:40::/64""",0
2026-07-28 15:21:00,ccf-aiops-武汉,br-2,br,ipv6_route_change_total,"prefix=""fd00:2:40::/64""",2
2026-07-28 15:21:00,ccf-aiops-武汉,br-2,br,ipv6_route_change_total,"prefix=""fd00:1:40::/64""",0
2026-07-28 15:21:00,ccf-aiops-武汉,br-2,br,ipv6_route_count,"protocol=""bgp""",7
2026-07-28 15:21:00,ccf-aiops-武汉,br-2,br,ipv6_route_count,"protocol=""kernel""",7
2026-07-28 15:21:00,ccf-aiops-武汉,br-2,br,ipv6_route_count,"protocol=""ospf""",2
2026-07-28 15:21:00,ccf-aiops-武汉,br-2,br,ipv6_route_count,"protocol=""unknown""",1
2026-07-28 15:21:00,ccf-aiops-武汉,br-2,br,ipv6_route_count,"protocol=""all""",17
2026-07-28 15:21:00,ccf-aiops-武汉,br-2,br,ipv6_route_exists,"prefix=""fd00:1:40::/64""",1
2026-07-28 15:21:00,ccf-aiops-武汉,br-2,br,ipv6_route_exists,"prefix=""fd00:8:40::/64""",1
2026-07-28 15:21:00,ccf-aiops-武汉,br-2,br,ipv6_route_exists,"prefix=""fd00:7:40::/64""",1
2026-07-28 15:21:00,ccf-aiops-武汉,br-2,br,ipv6_route_exists,"prefix=""fd00:6:40::/64""",1
2026-07-28 15:21:00,ccf-aiops-武汉,br-2,br,ipv6_route_exists,"prefix=""fd00:5:40::/64""",1
2026-07-28 15:21:00,ccf-aiops-武汉,br-2,br,ipv6_route_exists,"prefix=""fd00:4:40::/64""",1
2026-07-28 15:21:00,ccf-aiops-武汉,br-2,br,ipv6_route_exists,"prefix=""fd00:3:40::/64""",1
2026-07-28 15:21:00,ccf-aiops-武汉,br-2,br,ipv6_route_exists,"prefix=""fd00:2:40::/64""",1
2026-07-28 15:21:00,ccf-aiops-武汉,br-2,br,ipv6_route_exists,"prefix=""::/0""",1
2026-07-28 15:21:00,ccf-aiops-武汉,br-2,br,ipv6_route_nexthop_info,"prefix=""fd00:6:40::/64"",next_hop=""fe80::100:10:52"",dev=""ens4"",protocol=""bgp"",metric=""20"",route_index=""0"",nh_index=""0""",1
2026-07-28 15:21:00,ccf-aiops-武汉,br-2,br,ipv6_route_nexthop_info,"prefix=""fd00:5:40::/64"",next_hop=""fe80::5:20:12"",dev=""ens5"",protocol=""ospf"",metric=""20"",route_index=""0"",nh_index=""1""",1
2026-07-28 15:21:00,ccf-aiops-武汉,br-2,br,ipv6_route_nexthop_info,"prefix=""fd00:5:40::/64"",next_hop=""fe80::5:20:11"",dev=""ens5"",protocol=""ospf"",metric=""20"",route_index=""0"",nh_index=""0""",1
2026-07-28 15:21:00,ccf-aiops-武汉,br-2,br,ipv6_route_nexthop_info,"prefix=""fd00:8:40::/64"",next_hop=""fe80::100:10:72"",dev=""ens4"",protocol=""bgp"",metric=""20"",route_index=""0"",nh_index=""0""",1
2026-07-28 15:21:00,ccf-aiops-武汉,br-2,br,ipv6_route_nexthop_info,"prefix=""fd00:7:40::/64"",next_hop=""fe80::100:10:62"",dev=""ens4"",protocol=""bgp"",metric=""20"",route_index=""0"",nh_index=""0""",1
2026-07-28 15:21:00,ccf-aiops-武汉,br-2,br,ipv6_route_nexthop_info,"prefix=""::/0"",next_hop=""240a:a023::1"",dev=""ens4"",protocol=""unknown"",metric=""1024"",route_index=""0"",nh_index=""0""",1
2026-07-28 15:21:00,ccf-aiops-武汉,br-2,br,ipv6_route_nexthop_info,"prefix=""fd00:1:40::/64"",next_hop=""fe80::100:10:2"",dev=""ens4"",protocol=""bgp"",metric=""20"",route_index=""0"",nh_index=""0""",1
2026-07-28 15:21:00,ccf-aiops-武汉,br-2,br,ipv6_route_nexthop_info,"prefix=""fd00:2:40::/64"",next_hop=""fe80::100:10:2"",dev=""ens4"",protocol=""bgp"",metric=""20"",route_index=""0"",nh_index=""0""",1
2026-07-28 15:21:00,ccf-aiops-武汉,br-2,br,ipv6_route_nexthop_info,"prefix=""fd00:3:40::/64"",next_hop=""fe80::100:10:22"",dev=""ens4"",protocol=""bgp"",metric=""20"",route_index=""0"",nh_index=""0""",1
2026-07-28 15:21:00,ccf-aiops-武汉,br-2,br,ipv6_route_nexthop_info,"prefix=""fd00:4:40::/64"",next_hop=""fe80::100:10:32"",dev=""ens4"",protocol=""bgp"",metric=""20"",route_index=""0"",nh_index=""0""",1
2026-07-28 15:21:00,ccf-aiops-武汉,br-2,br,ospf6_interface_cost,"interface=""ens5""",1
2026-07-28 15:21:00,ccf-aiops-武汉,br-2,br,ospf6_interface_enabled,"interface=""ens4""",1
2026-07-28 15:21:00,ccf-aiops-武汉,br-2,br,ospf6_interface_enabled,"interface=""ens3""",1
2026-07-28 15:21:00,ccf-aiops-武汉,br-2,br,ospf6_interface_enabled,"interface=""ens12""",1
2026-07-28 15:21:00,ccf-aiops-武汉,br-2,br,ospf6_interface_enabled,"interface=""ens11""",1
2026-07-28 15:21:00,ccf-aiops-武汉,br-2,br,ospf6_interface_enabled,"interface=""ens10""",1
2026-07-28 15:21:00,ccf-aiops-武汉,br-2,br,ospf6_interface_enabled,"interface=""ens5""",1
2026-07-28 15:21:00,ccf-aiops-武汉,br-2,br,ospf6_interface_enabled,"interface=""ens6""",1
2026-07-28 15:21:00,ccf-aiops-武汉,br-2,br,ospf6_interface_enabled,"interface=""ens7""",1
2026-07-28 15:21:00,ccf-aiops-武汉,br-2,br,ospf6_interface_enabled,"interface=""ens8""",1
2026-07-28 15:21:00,ccf-aiops-武汉,br-2,br,ospf6_interface_enabled,"interface=""virbr0""",0
2026-07-28 15:21:00,ccf-aiops-武汉,br-2,br,ospf6_interface_enabled,"interface=""lo""",1
2026-07-28 15:21:00,ccf-aiops-武汉,br-2,br,ospf6_interface_enabled,"interface=""ens9""",1
2026-07-28 15:21:00,ccf-aiops-武汉,br-2,br,ospf6_neighbor_state_code,"state=""Twoway"",interface=""ens5"",neighbor_id=""5.5.5.1""",2
2026-07-28 15:21:00,ccf-aiops-武汉,br-2,br,ospf6_neighbor_state_code,"state=""Full"",interface=""ens5"",neighbor_id=""5.5.5.11""",6
2026-07-28 15:21:00,ccf-aiops-武汉,br-2,br,ospf6_neighbor_state_code,"state=""Full"",interface=""ens5"",neighbor_id=""5.5.5.12""",6
2026-07-28 15:21:00,ccf-aiops-武汉,cr-1,cr,ipv6_default_route_changed_total,,0
2026-07-28 15:21:00,ccf-aiops-武汉,cr-1,cr,ipv6_default_route_info,"next_hop=""fd00:5:20::2"",dev=""ens4"",protocol=""196"",metric=""20"",route_index=""0"",nh_index=""1""",1
2026-07-28 15:21:00,ccf-aiops-武汉,cr-1,cr,ipv6_default_route_info,"next_hop=""fd00:5:20::1"",dev=""ens4"",protocol=""196"",metric=""20"",route_index=""0"",nh_index=""0""",1
2026-07-28 15:21:00,ccf-aiops-武汉,cr-1,cr,ipv6_route_change_total,"prefix=""fd00:3:40::/64""",0
2026-07-28 15:21:00,ccf-aiops-武汉,cr-1,cr,ipv6_route_change_total,"prefix=""fd00:7:40::/64""",0
2026-07-28 15:21:00,ccf-aiops-武汉,cr-1,cr,ipv6_route_change_total,"prefix=""fd00:8:40::/64""",0
2026-07-28 15:21:00,ccf-aiops-武汉,cr-1,cr,ipv6_route_change_total,"prefix=""fd00:6:40::/64""",0
2026-07-28 15:21:00,ccf-aiops-武汉,cr-1,cr,ipv6_route_change_total,"prefix=""fd00:5:40::/64""",0
2026-07-28 15:21:00,ccf-aiops-武汉,cr-1,cr,ipv6_route_change_total,"prefix=""fd00:4:40::/64""",0
2026-07-28 15:21:00,ccf-aiops-武汉,cr-1,cr,ipv6_route_change_total,"prefix=""fd00:2:40::/64""",0
2026-07-28 15:21:00,ccf-aiops-武汉,cr-1,cr,ipv6_route_change_total,"prefix=""fd00:1:40::/64""",0
2026-07-28 15:21:00,ccf-aiops-武汉,cr-1,cr,ipv6_route_change_total,"prefix=""::/0""",0
2026-07-28 15:21:00,ccf-aiops-武汉,cr-1,cr,ipv6_route_count,"protocol=""196""",2
2026-07-28 15:21:00,ccf-aiops-武汉,cr-1,cr,ipv6_route_count,"protocol=""all""",15
2026-07-28 15:21:00,ccf-aiops-武汉,cr-1,cr,ipv6_route_count,"protocol=""ospf""",7
2026-07-28 15:21:00,ccf-aiops-武汉,cr-1,cr,ipv6_route_count,"protocol=""kernel""",6
2026-07-28 15:21:00,ccf-aiops-武汉,cr-1,cr,ipv6_route_exists,"prefix=""fd00:5:40::/64""",1
2026-07-28 15:21:00,ccf-aiops-武汉,cr-1,cr,ipv6_route_exists,"prefix=""fd00:4:40::/64""",1
2026-07-28 15:21:00,ccf-aiops-武汉,cr-1,cr,ipv6_route_exists,"prefix=""::/0""",1
2026-07-28 15:21:00,ccf-aiops-武汉,cr-1,cr,ipv6_route_exists,"prefix=""fd00:1:40::/64""",1
2026-07-28 15:21:00,ccf-aiops-武汉,cr-1,cr,ipv6_route_exists,"prefix=""fd00:2:40::/64""",1
2026-07-28 15:21:00,ccf-aiops-武汉,cr-1,cr,ipv6_route_exists,"prefix=""fd00:3:40::/64""",1
2026-07-28 15:21:00,ccf-aiops-武汉,cr-1,cr,ipv6_route_exists,"prefix=""fd00:8:40::/64""",1
2026-07-28 15:21:00,ccf-aiops-武汉,cr-1,cr,ipv6_route_exists,"prefix=""fd00:7:40::/64""",1
2026-07-28 15:21:00,ccf-aiops-武汉,cr-1,cr,ipv6_route_exists,"prefix=""fd00:6:40::/64""",1
2026-07-28 15:21:00,ccf-aiops-武汉,cr-1,cr,ipv6_route_nexthop_info,"prefix=""fd00:5:40::/64"",next_hop=""fd00:5:30::254"",dev=""ens5"",protocol=""196"",metric=""20"",route_index=""0"",nh_index=""0""",1
2026-07-28 15:21:00,ccf-aiops-武汉,cr-1,cr,ipv6_route_nexthop_info,"prefix=""fd00:2:40::/64"",next_hop=""fe80::5:20:2"",dev=""ens4"",protocol=""ospf"",metric=""20"",route_index=""0"",nh_index=""1""",1
2026-07-28 15:21:00,ccf-aiops-武汉,cr-1,cr,ipv6_route_nexthop_info,"prefix=""fd00:8:40::/64"",next_hop=""fe80::5:20:2"",dev=""ens4"",protocol=""ospf"",metric=""20"",route_index=""0"",nh_index=""1""",1
2026-07-28 15:21:00,ccf-aiops-武汉,cr-1,cr,ipv6_route_nexthop_info,"prefix=""fd00:6:40::/64"",next_hop=""fe80::5:20:2"",dev=""ens4"",protocol=""ospf"",metric=""20"",route_index=""0"",nh_index=""1""",1
2026-07-28 15:21:00,ccf-aiops-武汉,cr-1,cr,ipv6_route_nexthop_info,"prefix=""fd00:7:40::/64"",next_hop=""fe80::5:20:2"",dev=""ens4"",protocol=""ospf"",metric=""20"",route_index=""0"",nh_index=""1""",1
2026-07-28 15:21:00,ccf-aiops-武汉,cr-1,cr,ipv6_route_nexthop_info,"prefix=""::/0"",next_hop=""fd00:5:20::1"",dev=""ens4"",protocol=""196"",metric=""20"",route_index=""0"",nh_index=""0""",1
2026-07-28 15:21:00,ccf-aiops-武汉,cr-1,cr,ipv6_route_nexthop_info,"prefix=""::/0"",next_hop=""fd00:5:20::2"",dev=""ens4"",protocol=""196"",metric=""20"",route_index=""0"",nh_index=""1""",1
2026-07-28 15:21:00,ccf-aiops-武汉,cr-1,cr,ipv6_route_nexthop_info,"prefix=""fd00:1:40::/64"",next_hop=""fe80::5:20:1"",dev=""ens4"",protocol=""ospf"",metric=""20"",route_index=""0"",nh_index=""0""",1
2026-07-28 15:21:00,ccf-aiops-武汉,cr-1,cr,ipv6_route_nexthop_info,"prefix=""fd00:2:40::/64"",next_hop=""fe80::5:20:1"",dev=""ens4"",protocol=""ospf"",metric=""20"",route_index=""0"",nh_index=""0""",1
2026-07-28 15:21:00,ccf-aiops-武汉,cr-1,cr,ipv6_route_nexthop_info,"prefix=""fd00:3:40::/64"",next_hop=""fe80::5:20:1"",dev=""ens4"",protocol=""ospf"",metric=""20"",route_index=""0"",nh_index=""0""",1
2026-07-28 15:21:00,ccf-aiops-武汉,cr-1,cr,ipv6_route_nexthop_info,"prefix=""fd00:4:40::/64"",next_hop=""fe80::5:20:1"",dev=""ens4"",protocol=""ospf"",metric=""20"",route_index=""0"",nh_index=""0""",1
2026-07-28 15:21:00,ccf-aiops-武汉,cr-1,cr,ipv6_route_nexthop_info,"prefix=""fd00:6:40::/64"",next_hop=""fe80::5:20:1"",dev=""ens4"",protocol=""ospf"",metric=""20"",route_index=""0"",nh_index=""0""",1
2026-07-28 15:21:00,ccf-aiops-武汉,cr-1,cr,ipv6_route_nexthop_info,"prefix=""fd00:7:40::/64"",next_hop=""fe80::5:20:1"",dev=""ens4"",protocol=""ospf"",metric=""20"",route_index=""0"",nh_index=""0""",1
2026-07-28 15:21:00,ccf-aiops-武汉,cr-1,cr,ipv6_route_nexthop_info,"prefix=""fd00:8:40::/64"",next_hop=""fe80::5:20:1"",dev=""ens4"",protocol=""ospf"",metric=""20"",route_index=""0"",nh_index=""0""",1
2026-07-28 15:21:00,ccf-aiops-武汉,cr-1,cr,ipv6_route_nexthop_info,"prefix=""fd00:1:40::/64"",next_hop=""fe80::5:20:2"",dev=""ens4"",protocol=""ospf"",metric=""20"",route_index=""0"",nh_index=""1""",1
2026-07-28 15:21:00,ccf-aiops-武汉,cr-1,cr,ipv6_route_nexthop_info,"prefix=""fd00:3:40::/64"",next_hop=""fe80::5:20:2"",dev=""ens4"",protocol=""ospf"",metric=""20"",route_index=""0"",nh_index=""1""",1
2026-07-28 15:21:00,ccf-aiops-武汉,cr-1,cr,ipv6_route_nexthop_info,"prefix=""fd00:4:40::/64"",next_hop=""fe80::5:20:2"",dev=""ens4"",protocol=""ospf"",metric=""20"",route_index=""0"",nh_index=""1""",1
2026-07-28 15:21:00,ccf-aiops-武汉,cr-1,cr,ospf6_interface_cost,"interface=""ens5""",1
2026-07-28 15:21:00,ccf-aiops-武汉,cr-1,cr,ospf6_interface_cost,"interface=""ens4""",1
2026-07-28 15:21:00,ccf-aiops-武汉,cr-1,cr,ospf6_interface_enabled,"interface=""ens8""",1
2026-07-28 15:21:00,ccf-aiops-武汉,cr-1,cr,ospf6_interface_enabled,"interface=""ens9""",1
2026-07-28 15:21:00,ccf-aiops-武汉,cr-1,cr,ospf6_interface_enabled,"interface=""lo""",1
2026-07-28 15:21:00,ccf-aiops-武汉,cr-1,cr,ospf6_interface_enabled,"interface=""ens7""",1
2026-07-28 15:21:00,ccf-aiops-武汉,cr-1,cr,ospf6_interface_enabled,"interface=""ens6""",1
2026-07-28 15:21:00,ccf-aiops-武汉,cr-1,cr,ospf6_interface_enabled,"interface=""ens5""",1
2026-07-28 15:21:00,ccf-aiops-武汉,cr-1,cr,ospf6_interface_enabled,"interface=""ens4""",1
2026-07-28 15:21:00,ccf-aiops-武汉,cr-1,cr,ospf6_interface_enabled,"interface=""ens3""",1
2026-07-28 15:21:00,ccf-aiops-武汉,cr-1,cr,ospf6_interface_enabled,"interface=""ens12""",1
2026-07-28 15:21:00,ccf-aiops-武汉,cr-1,cr,ospf6_interface_enabled,"interface=""virbr0""",0
2026-07-28 15:21:00,ccf-aiops-武汉,cr-1,cr,ospf6_interface_enabled,"interface=""ens10""",1
2026-07-28 15:21:00,ccf-aiops-武汉,cr-1,cr,ospf6_interface_enabled,"interface=""ens11""",1
2026-07-28 15:21:00,ccf-aiops-武汉,cr-1,cr,ospf6_neighbor_state_code,"state=""Full"",interface=""ens4"",neighbor_id=""5.5.5.1""",6
2026-07-28 15:21:00,ccf-aiops-武汉,cr-1,cr,ospf6_neighbor_state_code,"state=""Full"",interface=""ens5"",neighbor_id=""5.5.5.12""",6
2026-07-28 15:21:00,ccf-aiops-武汉,cr-1,cr,ospf6_neighbor_state_code,"state=""Full"",interface=""ens4"",neighbor_id=""5.5.5.12""",6
2026-07-28 15:21:00,ccf-aiops-武汉,cr-1,cr,ospf6_neighbor_state_code,"state=""Full"",interface=""ens4"",neighbor_id=""5.5.5.2""",6
2026-07-28 15:21:00,ccf-aiops-武汉,cr-1,cr,bgp_command_success,,
2026-07-28 15:21:00,ccf-aiops-武汉,cr-1,cr,bgp_peer_up,,
2026-07-28 15:21:00,ccf-aiops-武汉,cr-1,cr,bgp_peer_uptime_seconds,,
2026-07-28 15:21:00,ccf-aiops-武汉,cr-1,cr,bgp_peer_prefix_received,,
2026-07-28 15:21:00,ccf-aiops-武汉,cr-1,cr,bgp_peer_prefix_sent,,
2026-07-28 15:21:00,ccf-aiops-武汉,cr-1,cr,bgp_peer_count,,
2026-07-28 15:21:00,ccf-aiops-武汉,cr-2,cr,ipv6_default_route_changed_total,,0
2026-07-28 15:21:00,ccf-aiops-武汉,cr-2,cr,ipv6_default_route_info,"next_hop=""fd00:5:20::1"",dev=""ens4"",protocol=""196"",metric=""20"",route_index=""0"",nh_index=""0""",1
2026-07-28 15:21:00,ccf-aiops-武汉,cr-2,cr,ipv6_default_route_info,"next_hop=""fd00:5:20::2"",dev=""ens4"",protocol=""196"",metric=""20"",route_index=""0"",nh_index=""1""",1
2026-07-28 15:21:00,ccf-aiops-武汉,cr-2,cr,ipv6_route_change_total,"prefix=""fd00:4:40::/64""",0
2026-07-28 15:21:00,ccf-aiops-武汉,cr-2,cr,ipv6_route_change_total,"prefix=""fd00:3:40::/64""",0
2026-07-28 15:21:00,ccf-aiops-武汉,cr-2,cr,ipv6_route_change_total,"prefix=""::/0""",0
2026-07-28 15:21:00,ccf-aiops-武汉,cr-2,cr,ipv6_route_change_total,"prefix=""fd00:5:40::/64""",0
2026-07-28 15:21:00,ccf-aiops-武汉,cr-2,cr,ipv6_route_change_total,"prefix=""fd00:1:40::/64""",0
2026-07-28 15:21:00,ccf-aiops-武汉,cr-2,cr,ipv6_route_change_total,"prefix=""fd00:2:40::/64""",0
2026-07-28 15:21:00,ccf-aiops-武汉,cr-2,cr,ipv6_route_change_total,"prefix=""fd00:8:40::/64""",0
2026-07-28 15:21:00,ccf-aiops-武汉,cr-2,cr,ipv6_route_change_total,"prefix=""fd00:7:40::/64""",0
2026-07-28 15:21:00,ccf-aiops-武汉,cr-2,cr,ipv6_route_change_total,"prefix=""fd00:6:40::/64""",0
2026-07-28 15:21:00,ccf-aiops-武汉,cr-2,cr,ipv6_route_count,"protocol=""kernel""",6
2026-07-28 15:21:00,ccf-aiops-武汉,cr-2,cr,ipv6_route_count,"protocol=""all""",15
2026-07-28 15:21:00,ccf-aiops-武汉,cr-2,cr,ipv6_route_count,"protocol=""196""",2
2026-07-28 15:21:00,ccf-aiops-武汉,cr-2,cr,ipv6_route_count,"protocol=""ospf""",7
2026-07-28 15:21:00,ccf-aiops-武汉,cr-2,cr,ipv6_route_exists,"prefix=""::/0""",1
2026-07-28 15:21:00,ccf-aiops-武汉,cr-2,cr,ipv6_route_exists,"prefix=""fd00:1:40::/64""",1
2026-07-28 15:21:00,ccf-aiops-武汉,cr-2,cr,ipv6_route_exists,"prefix=""fd00:2:40::/64""",1
2026-07-28 15:21:00,ccf-aiops-武汉,cr-2,cr,ipv6_route_exists,"prefix=""fd00:3:40::/64""",1
2026-07-28 15:21:00,ccf-aiops-武汉,cr-2,cr,ipv6_route_exists,"prefix=""fd00:4:40::/64""",1
2026-07-28 15:21:00,ccf-aiops-武汉,cr-2,cr,ipv6_route_exists,"prefix=""fd00:5:40::/64""",1
2026-07-28 15:21:00,ccf-aiops-武汉,cr-2,cr,ipv6_route_exists,"prefix=""fd00:8:40::/64""",1
2026-07-28 15:21:00,ccf-aiops-武汉,cr-2,cr,ipv6_route_exists,"prefix=""fd00:7:40::/64""",1
2026-07-28 15:21:00,ccf-aiops-武汉,cr-2,cr,ipv6_route_exists,"prefix=""fd00:6:40::/64""",1
2026-07-28 15:21:00,ccf-aiops-武汉,cr-2,cr,ipv6_route_nexthop_info,"prefix=""fd00:1:40::/64"",next_hop=""fe80::5:20:2"",dev=""ens4"",protocol=""ospf"",metric=""20"",route_index=""0"",nh_index=""1""",1
2026-07-28 15:21:00,ccf-aiops-武汉,cr-2,cr,ipv6_route_nexthop_info,"prefix=""fd00:6:40::/64"",next_hop=""fe80::5:20:1"",dev=""ens4"",protocol=""ospf"",metric=""20"",route_index=""0"",nh_index=""0""",1
2026-07-28 15:21:00,ccf-aiops-武汉,cr-2,cr,ipv6_route_nexthop_info,"prefix=""fd00:2:40::/64"",next_hop=""fe80::5:20:2"",dev=""ens4"",protocol=""ospf"",metric=""20"",route_index=""0"",nh_index=""1""",1
2026-07-28 15:21:00,ccf-aiops-武汉,cr-2,cr,ipv6_route_nexthop_info,"prefix=""fd00:3:40::/64"",next_hop=""fe80::5:20:2"",dev=""ens4"",protocol=""ospf"",metric=""20"",route_index=""0"",nh_index=""1""",1
2026-07-28 15:21:00,ccf-aiops-武汉,cr-2,cr,ipv6_route_nexthop_info,"prefix=""fd00:4:40::/64"",next_hop=""fe80::5:20:2"",dev=""ens4"",protocol=""ospf"",metric=""20"",route_index=""0"",nh_index=""1""",1
2026-07-28 15:21:00,ccf-aiops-武汉,cr-2,cr,ipv6_route_nexthop_info,"prefix=""fd00:6:40::/64"",next_hop=""fe80::5:20:2"",dev=""ens4"",protocol=""ospf"",metric=""20"",route_index=""0"",nh_index=""1""",1
2026-07-28 15:21:00,ccf-aiops-武汉,cr-2,cr,ipv6_route_nexthop_info,"prefix=""fd00:7:40::/64"",next_hop=""fe80::5:20:2"",dev=""ens4"",protocol=""ospf"",metric=""20"",route_index=""0"",nh_index=""1""",1
2026-07-28 15:21:00,ccf-aiops-武汉,cr-2,cr,ipv6_route_nexthop_info,"prefix=""fd00:8:40::/64"",next_hop=""fe80::5:20:2"",dev=""ens4"",protocol=""ospf"",metric=""20"",route_index=""0"",nh_index=""1""",1
2026-07-28 15:21:00,ccf-aiops-武汉,cr-2,cr,ipv6_route_nexthop_info,"prefix=""fd00:5:40::/64"",next_hop=""fd00:5:30::254"",dev=""ens5"",protocol=""196"",metric=""20"",route_index=""0"",nh_index=""0""",1
2026-07-28 15:21:00,ccf-aiops-武汉,cr-2,cr,ipv6_route_nexthop_info,"prefix=""fd00:8:40::/64"",next_hop=""fe80::5:20:1"",dev=""ens4"",protocol=""ospf"",metric=""20"",route_index=""0"",nh_index=""0""",1
2026-07-28 15:21:00,ccf-aiops-武汉,cr-2,cr,ipv6_route_nexthop_info,"prefix=""::/0"",next_hop=""fd00:5:20::1"",dev=""ens4"",protocol=""196"",metric=""20"",route_index=""0"",nh_index=""0""",1
2026-07-28 15:21:00,ccf-aiops-武汉,cr-2,cr,ipv6_route_nexthop_info,"prefix=""::/0"",next_hop=""fd00:5:20::2"",dev=""ens4"",protocol=""196"",metric=""20"",route_index=""0"",nh_index=""1""",1
2026-07-28 15:21:00,ccf-aiops-武汉,cr-2,cr,ipv6_route_nexthop_info,"prefix=""fd00:1:40::/64"",next_hop=""fe80::5:20:1"",dev=""ens4"",protocol=""ospf"",metric=""20"",route_index=""0"",nh_index=""0""",1
2026-07-28 15:21:00,ccf-aiops-武汉,cr-2,cr,ipv6_route_nexthop_info,"prefix=""fd00:2:40::/64"",next_hop=""fe80::5:20:1"",dev=""ens4"",protocol=""ospf"",metric=""20"",route_index=""0"",nh_index=""0""",1
2026-07-28 15:21:00,ccf-aiops-武汉,cr-2,cr,ipv6_route_nexthop_info,"prefix=""fd00:3:40::/64"",next_hop=""fe80::5:20:1"",dev=""ens4"",protocol=""ospf"",metric=""20"",route_index=""0"",nh_index=""0""",1
2026-07-28 15:21:00,ccf-aiops-武汉,cr-2,cr,ipv6_route_nexthop_info,"prefix=""fd00:4:40::/64"",next_hop=""fe80::5:20:1"",dev=""ens4"",protocol=""ospf"",metric=""20"",route_index=""0"",nh_index=""0""",1
2026-07-28 15:21:00,ccf-aiops-武汉,cr-2,cr,ipv6_route_nexthop_info,"prefix=""fd00:7:40::/64"",next_hop=""fe80::5:20:1"",dev=""ens4"",protocol=""ospf"",metric=""20"",route_index=""0"",nh_index=""0""",1
2026-07-28 15:21:00,ccf-aiops-武汉,cr-2,cr,ospf6_interface_cost,"interface=""ens4""",1
2026-07-28 15:21:00,ccf-aiops-武汉,cr-2,cr,ospf6_interface_cost,"interface=""ens5""",1
2026-07-28 15:21:00,ccf-aiops-武汉,cr-2,cr,ospf6_interface_enabled,"interface=""lo""",1
2026-07-28 15:21:00,ccf-aiops-武汉,cr-2,cr,ospf6_interface_enabled,"interface=""ens9""",1
2026-07-28 15:21:00,ccf-aiops-武汉,cr-2,cr,ospf6_interface_enabled,"interface=""ens10""",1
2026-07-28 15:21:00,ccf-aiops-武汉,cr-2,cr,ospf6_interface_enabled,"interface=""ens11""",1
2026-07-28 15:21:00,ccf-aiops-武汉,cr-2,cr,ospf6_interface_enabled,"interface=""ens12""",1
2026-07-28 15:21:00,ccf-aiops-武汉,cr-2,cr,ospf6_interface_enabled,"interface=""ens3""",1
2026-07-28 15:21:00,ccf-aiops-武汉,cr-2,cr,ospf6_interface_enabled,"interface=""ens4""",1
2026-07-28 15:21:00,ccf-aiops-武汉,cr-2,cr,ospf6_interface_enabled,"interface=""ens5""",1
2026-07-28 15:21:00,ccf-aiops-武汉,cr-2,cr,ospf6_interface_enabled,"interface=""ens6""",1
2026-07-28 15:21:00,ccf-aiops-武汉,cr-2,cr,ospf6_interface_enabled,"interface=""ens7""",1
2026-07-28 15:21:00,ccf-aiops-武汉,cr-2,cr,ospf6_interface_enabled,"interface=""ens8""",1
2026-07-28 15:21:00,ccf-aiops-武汉,cr-2,cr,ospf6_interface_enabled,"interface=""virbr0""",0
2026-07-28 15:21:00,ccf-aiops-武汉,cr-2,cr,ospf6_neighbor_state_code,"state=""Full"",interface=""ens4"",neighbor_id=""5.5.5.1""",6
2026-07-28 15:21:00,ccf-aiops-武汉,cr-2,cr,ospf6_neighbor_state_code,"state=""Full"",interface=""ens4"",neighbor_id=""5.5.5.11""",6
2026-07-28 15:21:00,ccf-aiops-武汉,cr-2,cr,ospf6_neighbor_state_code,"state=""Full"",interface=""ens4"",neighbor_id=""5.5.5.2""",6
2026-07-28 15:21:00,ccf-aiops-武汉,cr-2,cr,ospf6_neighbor_state_code,"state=""Full"",interface=""ens5"",neighbor_id=""5.5.5.11""",6
2026-07-28 15:21:00,ccf-aiops-武汉,cr-2,cr,bgp_command_success,,
2026-07-28 15:21:00,ccf-aiops-武汉,cr-2,cr,bgp_peer_up,,
2026-07-28 15:21:00,ccf-aiops-武汉,cr-2,cr,bgp_peer_uptime_seconds,,
2026-07-28 15:21:00,ccf-aiops-武汉,cr-2,cr,bgp_peer_prefix_received,,
2026-07-28 15:21:00,ccf-aiops-武汉,cr-2,cr,bgp_peer_prefix_sent,,
2026-07-28 15:21:00,ccf-aiops-武汉,cr-2,cr,bgp_peer_count,,
2026-07-28 15:22:00,ccf-aiops-武汉,br-1,br,bgp_command_success,"command=""bgp_summary""",1
2026-07-28 15:22:00,ccf-aiops-武汉,br-1,br,bgp_peer_count,,6
2026-07-28 15:22:00,ccf-aiops-武汉,br-1,br,bgp_peer_prefix_received,"peer=""fd00:100:10::1"",remote_as=""65001"",state=""Established""",5
2026-07-28 15:22:00,ccf-aiops-武汉,br-1,br,bgp_peer_prefix_received,"peer=""fd00:100:10::71"",remote_as=""65008"",state=""Established""",4
2026-07-28 15:22:00,ccf-aiops-武汉,br-1,br,bgp_peer_prefix_received,"peer=""fd00:100:10::61"",remote_as=""65007"",state=""Established""",4
2026-07-28 15:22:00,ccf-aiops-武汉,br-1,br,bgp_peer_prefix_received,"peer=""fd00:100:10::51"",remote_as=""65006"",state=""Established""",5
2026-07-28 15:22:00,ccf-aiops-武汉,br-1,br,bgp_peer_prefix_received,"peer=""fd00:100:10::21"",remote_as=""65003"",state=""Established""",4
2026-07-28 15:22:00,ccf-aiops-武汉,br-1,br,bgp_peer_prefix_received,"peer=""fd00:100:10::31"",remote_as=""65004"",state=""Established""",2
2026-07-28 15:22:00,ccf-aiops-武汉,br-1,br,bgp_peer_prefix_sent,"peer=""fd00:100:10::1"",remote_as=""65001"",state=""Established""",8
2026-07-28 15:22:00,ccf-aiops-武汉,br-1,br,bgp_peer_prefix_sent,"peer=""fd00:100:10::71"",remote_as=""65008"",state=""Established""",8
2026-07-28 15:22:00,ccf-aiops-武汉,br-1,br,bgp_peer_prefix_sent,"peer=""fd00:100:10::61"",remote_as=""65007"",state=""Established""",8
2026-07-28 15:22:00,ccf-aiops-武汉,br-1,br,bgp_peer_prefix_sent,"peer=""fd00:100:10::51"",remote_as=""65006"",state=""Established""",8
2026-07-28 15:22:00,ccf-aiops-武汉,br-1,br,bgp_peer_prefix_sent,"peer=""fd00:100:10::31"",remote_as=""65004"",state=""Established""",8
2026-07-28 15:22:00,ccf-aiops-武汉,br-1,br,bgp_peer_prefix_sent,"peer=""fd00:100:10::21"",remote_as=""65003"",state=""Established""",8
2026-07-28 15:22:00,ccf-aiops-武汉,br-1,br,bgp_peer_up,"peer=""fd00:100:10::71"",remote_as=""65008"",state=""Established""",1
2026-07-28 15:22:00,ccf-aiops-武汉,br-1,br,bgp_peer_up,"peer=""fd00:100:10::61"",remote_as=""65007"",state=""Established""",1
2026-07-28 15:22:00,ccf-aiops-武汉,br-1,br,bgp_peer_up,"peer=""fd00:100:10::51"",remote_as=""65006"",state=""Established""",1
2026-07-28 15:22:00,ccf-aiops-武汉,br-1,br,bgp_peer_up,"peer=""fd00:100:10::31"",remote_as=""65004"",state=""Established""",1
2026-07-28 15:22:00,ccf-aiops-武汉,br-1,br,bgp_peer_up,"peer=""fd00:100:10::21"",remote_as=""65003"",state=""Established""",1
2026-07-28 15:22:00,ccf-aiops-武汉,br-1,br,bgp_peer_up,"peer=""fd00:100:10::1"",remote_as=""65001"",state=""Established""",1
2026-07-28 15:22:00,ccf-aiops-武汉,br-1,br,bgp_peer_uptime_seconds,"peer=""fd00:100:10::71"",remote_as=""65008"",state=""Established""",2422545
2026-07-28 15:22:00,ccf-aiops-武汉,br-1,br,bgp_peer_uptime_seconds,"peer=""fd00:100:10::61"",remote_as=""65007"",state=""Established""",2422670
2026-07-28 15:22:00,ccf-aiops-武汉,br-1,br,bgp_peer_uptime_seconds,"peer=""fd00:100:10::51"",remote_as=""65006"",state=""Established""",2422778
2026-07-28 15:22:00,ccf-aiops-武汉,br-1,br,bgp_peer_uptime_seconds,"peer=""fd00:100:10::31"",remote_as=""65004"",state=""Established""",2422866
2026-07-28 15:22:00,ccf-aiops-武汉,br-1,br,bgp_peer_uptime_seconds,"peer=""fd00:100:10::1"",remote_as=""65001"",state=""Established""",2422866
2026-07-28 15:22:00,ccf-aiops-武汉,br-1,br,bgp_peer_uptime_seconds,"peer=""fd00:100:10::21"",remote_as=""65003"",state=""Established""",1735504
2026-07-28 15:22:00,ccf-aiops-武汉,br-1,br,ipv6_default_route_changed_total,,0
2026-07-28 15:22:00,ccf-aiops-武汉,br-1,br,ipv6_default_route_info,"next_hop=""240a:a023::1"",dev=""ens4"",protocol=""unknown"",metric=""1024"",route_index=""0"",nh_index=""0""",1
2026-07-28 15:22:00,ccf-aiops-武汉,br-1,br,ipv6_route_change_total,"prefix=""fd00:1:40::/64""",0
2026-07-28 15:22:00,ccf-aiops-武汉,br-1,br,ipv6_route_change_total,"prefix=""::/0""",0
2026-07-28 15:22:00,ccf-aiops-武汉,br-1,br,ipv6_route_change_total,"prefix=""fd00:2:40::/64""",2
2026-07-28 15:22:00,ccf-aiops-武汉,br-1,br,ipv6_route_change_total,"prefix=""fd00:3:40::/64""",0
2026-07-28 15:22:00,ccf-aiops-武汉,br-1,br,ipv6_route_change_total,"prefix=""fd00:4:40::/64""",0
2026-07-28 15:22:00,ccf-aiops-武汉,br-1,br,ipv6_route_change_total,"prefix=""fd00:5:40::/64""",0
2026-07-28 15:22:00,ccf-aiops-武汉,br-1,br,ipv6_route_change_total,"prefix=""fd00:6:40::/64""",0
2026-07-28 15:22:00,ccf-aiops-武汉,br-1,br,ipv6_route_change_total,"prefix=""fd00:7:40::/64""",8
2026-07-28 15:22:00,ccf-aiops-武汉,br-1,br,ipv6_route_change_total,"prefix=""fd00:8:40::/64""",0
2026-07-28 15:22:00,ccf-aiops-武汉,br-1,br,ipv6_route_count,"protocol=""all""",17
2026-07-28 15:22:00,ccf-aiops-武汉,br-1,br,ipv6_route_count,"protocol=""bgp""",7
2026-07-28 15:22:00,ccf-aiops-武汉,br-1,br,ipv6_route_count,"protocol=""kernel""",7
2026-07-28 15:22:00,ccf-aiops-武汉,br-1,br,ipv6_route_count,"protocol=""ospf""",2
2026-07-28 15:22:00,ccf-aiops-武汉,br-1,br,ipv6_route_count,"protocol=""unknown""",1
2026-07-28 15:22:00,ccf-aiops-武汉,br-1,br,ipv6_route_exists,"prefix=""fd00:2:40::/64""",1
2026-07-28 15:22:00,ccf-aiops-武汉,br-1,br,ipv6_route_exists,"prefix=""fd00:3:40::/64""",1
2026-07-28 15:22:00,ccf-aiops-武汉,br-1,br,ipv6_route_exists,"prefix=""fd00:4:40::/64""",1
2026-07-28 15:22:00,ccf-aiops-武汉,br-1,br,ipv6_route_exists,"prefix=""fd00:5:40::/64""",1
2026-07-28 15:22:00,ccf-aiops-武汉,br-1,br,ipv6_route_exists,"prefix=""::/0""",1
2026-07-28 15:22:00,ccf-aiops-武汉,br-1,br,ipv6_route_exists,"prefix=""fd00:1:40::/64""",1
2026-07-28 15:22:00,ccf-aiops-武汉,br-1,br,ipv6_route_exists,"prefix=""fd00:6:40::/64""",1
2026-07-28 15:22:00,ccf-aiops-武汉,br-1,br,ipv6_route_exists,"prefix=""fd00:7:40::/64""",1
2026-07-28 15:22:00,ccf-aiops-武汉,br-1,br,ipv6_route_exists,"prefix=""fd00:8:40::/64""",1
2026-07-28 15:22:00,ccf-aiops-武汉,br-1,br,ipv6_route_nexthop_info,"prefix=""fd00:8:40::/64"",next_hop=""fe80::100:10:71"",dev=""ens4"",protocol=""bgp"",metric=""20"",route_index=""0"",nh_index=""0""",1
2026-07-28 15:22:00,ccf-aiops-武汉,br-1,br,ipv6_route_nexthop_info,"prefix=""fd00:7:40::/64"",next_hop=""fe80::100:10:61"",dev=""ens4"",protocol=""bgp"",metric=""20"",route_index=""0"",nh_index=""0""",1
2026-07-28 15:22:00,ccf-aiops-武汉,br-1,br,ipv6_route_nexthop_info,"prefix=""fd00:6:40::/64"",next_hop=""fe80::100:10:51"",dev=""ens4"",protocol=""bgp"",metric=""20"",route_index=""0"",nh_index=""0""",1
2026-07-28 15:22:00,ccf-aiops-武汉,br-1,br,ipv6_route_nexthop_info,"prefix=""fd00:4:40::/64"",next_hop=""fe80::100:10:31"",dev=""ens4"",protocol=""bgp"",metric=""20"",route_index=""0"",nh_index=""0""",1
2026-07-28 15:22:00,ccf-aiops-武汉,br-1,br,ipv6_route_nexthop_info,"prefix=""fd00:3:40::/64"",next_hop=""fe80::100:10:21"",dev=""ens4"",protocol=""bgp"",metric=""20"",route_index=""0"",nh_index=""0""",1
2026-07-28 15:22:00,ccf-aiops-武汉,br-1,br,ipv6_route_nexthop_info,"prefix=""fd00:2:40::/64"",next_hop=""fe80::100:10:1"",dev=""ens4"",protocol=""bgp"",metric=""20"",route_index=""0"",nh_index=""0""",1
2026-07-28 15:22:00,ccf-aiops-武汉,br-1,br,ipv6_route_nexthop_info,"prefix=""fd00:1:40::/64"",next_hop=""fe80::100:10:1"",dev=""ens4"",protocol=""bgp"",metric=""20"",route_index=""0"",nh_index=""0""",1
2026-07-28 15:22:00,ccf-aiops-武汉,br-1,br,ipv6_route_nexthop_info,"prefix=""::/0"",next_hop=""240a:a023::1"",dev=""ens4"",protocol=""unknown"",metric=""1024"",route_index=""0"",nh_index=""0""",1
2026-07-28 15:22:00,ccf-aiops-武汉,br-1,br,ipv6_route_nexthop_info,"prefix=""fd00:5:40::/64"",next_hop=""fe80::5:20:11"",dev=""ens5"",protocol=""ospf"",metric=""20"",route_index=""0"",nh_index=""0""",1
2026-07-28 15:22:00,ccf-aiops-武汉,br-1,br,ipv6_route_nexthop_info,"prefix=""fd00:5:40::/64"",next_hop=""fe80::5:20:12"",dev=""ens5"",protocol=""ospf"",metric=""20"",route_index=""0"",nh_index=""1""",1
2026-07-28 15:22:00,ccf-aiops-武汉,br-1,br,ospf6_interface_cost,"interface=""ens5""",1
2026-07-28 15:22:00,ccf-aiops-武汉,br-1,br,ospf6_interface_enabled,"interface=""ens6""",1
2026-07-28 15:22:00,ccf-aiops-武汉,br-1,br,ospf6_interface_enabled,"interface=""virbr0""",0
2026-07-28 15:22:00,ccf-aiops-武汉,br-1,br,ospf6_interface_enabled,"interface=""lo""",1
2026-07-28 15:22:00,ccf-aiops-武汉,br-1,br,ospf6_interface_enabled,"interface=""ens9""",1
2026-07-28 15:22:00,ccf-aiops-武汉,br-1,br,ospf6_interface_enabled,"interface=""ens8""",1
2026-07-28 15:22:00,ccf-aiops-武汉,br-1,br,ospf6_interface_enabled,"interface=""ens7""",1
2026-07-28 15:22:00,ccf-aiops-武汉,br-1,br,ospf6_interface_enabled,"interface=""ens5""",1
2026-07-28 15:22:00,ccf-aiops-武汉,br-1,br,ospf6_interface_enabled,"interface=""ens4""",1
2026-07-28 15:22:00,ccf-aiops-武汉,br-1,br,ospf6_interface_enabled,"interface=""ens3""",1
2026-07-28 15:22:00,ccf-aiops-武汉,br-1,br,ospf6_interface_enabled,"interface=""ens12""",1
2026-07-28 15:22:00,ccf-aiops-武汉,br-1,br,ospf6_interface_enabled,"interface=""ens11""",1
2026-07-28 15:22:00,ccf-aiops-武汉,br-1,br,ospf6_interface_enabled,"interface=""ens10""",1
2026-07-28 15:22:00,ccf-aiops-武汉,br-1,br,ospf6_neighbor_state_code,"state=""Full"",interface=""ens5"",neighbor_id=""5.5.5.11""",6
2026-07-28 15:22:00,ccf-aiops-武汉,br-1,br,ospf6_neighbor_state_code,"state=""Full"",interface=""ens5"",neighbor_id=""5.5.5.12""",6
2026-07-28 15:22:00,ccf-aiops-武汉,br-1,br,ospf6_neighbor_state_code,"state=""Twoway"",interface=""ens5"",neighbor_id=""5.5.5.2""",2
2026-07-28 15:22:00,ccf-aiops-武汉,br-2,br,bgp_command_success,"command=""bgp_summary""",1
2026-07-28 15:22:00,ccf-aiops-武汉,br-2,br,bgp_peer_count,,6
2026-07-28 15:22:00,ccf-aiops-武汉,br-2,br,bgp_peer_prefix_received,"peer=""fd00:100:10::52"",remote_as=""65006"",state=""Established""",6
2026-07-28 15:22:00,ccf-aiops-武汉,br-2,br,bgp_peer_prefix_received,"peer=""fd00:100:10::62"",remote_as=""65007"",state=""Established""",4
2026-07-28 15:22:00,ccf-aiops-武汉,br-2,br,bgp_peer_prefix_received,"peer=""fd00:100:10::72"",remote_as=""65008"",state=""Established""",3
2026-07-28 15:22:00,ccf-aiops-武汉,br-2,br,bgp_peer_prefix_received,"peer=""fd00:100:10::2"",remote_as=""65001"",state=""Established""",4
2026-07-28 15:22:00,ccf-aiops-武汉,br-2,br,bgp_peer_prefix_received,"peer=""fd00:100:10::22"",remote_as=""65003"",state=""Established""",5
2026-07-28 15:22:00,ccf-aiops-武汉,br-2,br,bgp_peer_prefix_received,"peer=""fd00:100:10::32"",remote_as=""65004"",state=""Established""",3
2026-07-28 15:22:00,ccf-aiops-武汉,br-2,br,bgp_peer_prefix_sent,"peer=""fd00:100:10::2"",remote_as=""65001"",state=""Established""",8
2026-07-28 15:22:00,ccf-aiops-武汉,br-2,br,bgp_peer_prefix_sent,"peer=""fd00:100:10::22"",remote_as=""65003"",state=""Established""",8
2026-07-28 15:22:00,ccf-aiops-武汉,br-2,br,bgp_peer_prefix_sent,"peer=""fd00:100:10::32"",remote_as=""65004"",state=""Established""",8
2026-07-28 15:22:00,ccf-aiops-武汉,br-2,br,bgp_peer_prefix_sent,"peer=""fd00:100:10::52"",remote_as=""65006"",state=""Established""",8
2026-07-28 15:22:00,ccf-aiops-武汉,br-2,br,bgp_peer_prefix_sent,"peer=""fd00:100:10::62"",remote_as=""65007"",state=""Established""",8
2026-07-28 15:22:00,ccf-aiops-武汉,br-2,br,bgp_peer_prefix_sent,"peer=""fd00:100:10::72"",remote_as=""65008"",state=""Established""",8
2026-07-28 15:22:00,ccf-aiops-武汉,br-2,br,bgp_peer_up,"peer=""fd00:100:10::62"",remote_as=""65007"",state=""Established""",1
2026-07-28 15:22:00,ccf-aiops-武汉,br-2,br,bgp_peer_up,"peer=""fd00:100:10::72"",remote_as=""65008"",state=""Established""",1
2026-07-28 15:22:00,ccf-aiops-武汉,br-2,br,bgp_peer_up,"peer=""fd00:100:10::2"",remote_as=""65001"",state=""Established""",1
2026-07-28 15:22:00,ccf-aiops-武汉,br-2,br,bgp_peer_up,"peer=""fd00:100:10::32"",remote_as=""65004"",state=""Established""",1
2026-07-28 15:22:00,ccf-aiops-武汉,br-2,br,bgp_peer_up,"peer=""fd00:100:10::22"",remote_as=""65003"",state=""Established""",1
2026-07-28 15:22:00,ccf-aiops-武汉,br-2,br,bgp_peer_up,"peer=""fd00:100:10::52"",remote_as=""65006"",state=""Established""",1
2026-07-28 15:22:00,ccf-aiops-武汉,br-2,br,bgp_peer_uptime_seconds,"peer=""fd00:100:10::22"",remote_as=""65003"",state=""Established""",705239
2026-07-28 15:22:00,ccf-aiops-武汉,br-2,br,bgp_peer_uptime_seconds,"peer=""fd00:100:10::2"",remote_as=""65001"",state=""Established""",2422848
2026-07-28 15:22:00,ccf-aiops-武汉,br-2,br,bgp_peer_uptime_seconds,"peer=""fd00:100:10::32"",remote_as=""65004"",state=""Established""",2422848
2026-07-28 15:22:00,ccf-aiops-武汉,br-2,br,bgp_peer_uptime_seconds,"peer=""fd00:100:10::52"",remote_as=""65006"",state=""Established""",2422755
2026-07-28 15:22:00,ccf-aiops-武汉,br-2,br,bgp_peer_uptime_seconds,"peer=""fd00:100:10::62"",remote_as=""65007"",state=""Established""",2422644
2026-07-28 15:22:00,ccf-aiops-武汉,br-2,br,bgp_peer_uptime_seconds,"peer=""fd00:100:10::72"",remote_as=""65008"",state=""Established""",2422527
2026-07-28 15:22:00,ccf-aiops-武汉,br-2,br,ipv6_default_route_changed_total,,0
2026-07-28 15:22:00,ccf-aiops-武汉,br-2,br,ipv6_default_route_info,"next_hop=""240a:a023::1"",dev=""ens4"",protocol=""unknown"",metric=""1024"",route_index=""0"",nh_index=""0""",1
2026-07-28 15:22:00,ccf-aiops-武汉,br-2,br,ipv6_route_change_total,"prefix=""fd00:4:40::/64""",0
2026-07-28 15:22:00,ccf-aiops-武汉,br-2,br,ipv6_route_change_total,"prefix=""::/0""",0
2026-07-28 15:22:00,ccf-aiops-武汉,br-2,br,ipv6_route_change_total,"prefix=""fd00:1:40::/64""",0
2026-07-28 15:22:00,ccf-aiops-武汉,br-2,br,ipv6_route_change_total,"prefix=""fd00:2:40::/64""",2
2026-07-28 15:22:00,ccf-aiops-武汉,br-2,br,ipv6_route_change_total,"prefix=""fd00:3:40::/64""",0
2026-07-28 15:22:00,ccf-aiops-武汉,br-2,br,ipv6_route_change_total,"prefix=""fd00:5:40::/64""",0
2026-07-28 15:22:00,ccf-aiops-武汉,br-2,br,ipv6_route_change_total,"prefix=""fd00:6:40::/64""",0
2026-07-28 15:22:00,ccf-aiops-武汉,br-2,br,ipv6_route_change_total,"prefix=""fd00:7:40::/64""",4
2026-07-28 15:22:00,ccf-aiops-武汉,br-2,br,ipv6_route_change_total,"prefix=""fd00:8:40::/64""",0
2026-07-28 15:22:00,ccf-aiops-武汉,br-2,br,ipv6_route_count,"protocol=""all""",17
2026-07-28 15:22:00,ccf-aiops-武汉,br-2,br,ipv6_route_count,"protocol=""unknown""",1
2026-07-28 15:22:00,ccf-aiops-武汉,br-2,br,ipv6_route_count,"protocol=""ospf""",2
2026-07-28 15:22:00,ccf-aiops-武汉,br-2,br,ipv6_route_count,"protocol=""kernel""",7
2026-07-28 15:22:00,ccf-aiops-武汉,br-2,br,ipv6_route_count,"protocol=""bgp""",7
2026-07-28 15:22:00,ccf-aiops-武汉,br-2,br,ipv6_route_exists,"prefix=""fd00:1:40::/64""",1
2026-07-28 15:22:00,ccf-aiops-武汉,br-2,br,ipv6_route_exists,"prefix=""fd00:8:40::/64""",1
2026-07-28 15:22:00,ccf-aiops-武汉,br-2,br,ipv6_route_exists,"prefix=""fd00:7:40::/64""",1
2026-07-28 15:22:00,ccf-aiops-武汉,br-2,br,ipv6_route_exists,"prefix=""fd00:6:40::/64""",1
2026-07-28 15:22:00,ccf-aiops-武汉,br-2,br,ipv6_route_exists,"prefix=""fd00:5:40::/64""",1
2026-07-28 15:22:00,ccf-aiops-武汉,br-2,br,ipv6_route_exists,"prefix=""fd00:4:40::/64""",1
2026-07-28 15:22:00,ccf-aiops-武汉,br-2,br,ipv6_route_exists,"prefix=""fd00:3:40::/64""",1
2026-07-28 15:22:00,ccf-aiops-武汉,br-2,br,ipv6_route_exists,"prefix=""fd00:2:40::/64""",1
2026-07-28 15:22:00,ccf-aiops-武汉,br-2,br,ipv6_route_exists,"prefix=""::/0""",1
2026-07-28 15:22:00,ccf-aiops-武汉,br-2,br,ipv6_route_nexthop_info,"prefix=""fd00:5:40::/64"",next_hop=""fe80::5:20:11"",dev=""ens5"",protocol=""ospf"",metric=""20"",route_index=""0"",nh_index=""0""",1
2026-07-28 15:22:00,ccf-aiops-武汉,br-2,br,ipv6_route_nexthop_info,"prefix=""fd00:3:40::/64"",next_hop=""fe80::100:10:22"",dev=""ens4"",protocol=""bgp"",metric=""20"",route_index=""0"",nh_index=""0""",1
2026-07-28 15:22:00,ccf-aiops-武汉,br-2,br,ipv6_route_nexthop_info,"prefix=""fd00:2:40::/64"",next_hop=""fe80::100:10:2"",dev=""ens4"",protocol=""bgp"",metric=""20"",route_index=""0"",nh_index=""0""",1
2026-07-28 15:22:00,ccf-aiops-武汉,br-2,br,ipv6_route_nexthop_info,"prefix=""fd00:1:40::/64"",next_hop=""fe80::100:10:2"",dev=""ens4"",protocol=""bgp"",metric=""20"",route_index=""0"",nh_index=""0""",1
2026-07-28 15:22:00,ccf-aiops-武汉,br-2,br,ipv6_route_nexthop_info,"prefix=""::/0"",next_hop=""240a:a023::1"",dev=""ens4"",protocol=""unknown"",metric=""1024"",route_index=""0"",nh_index=""0""",1
2026-07-28 15:22:00,ccf-aiops-武汉,br-2,br,ipv6_route_nexthop_info,"prefix=""fd00:5:40::/64"",next_hop=""fe80::5:20:12"",dev=""ens5"",protocol=""ospf"",metric=""20"",route_index=""0"",nh_index=""1""",1
2026-07-28 15:22:00,ccf-aiops-武汉,br-2,br,ipv6_route_nexthop_info,"prefix=""fd00:4:40::/64"",next_hop=""fe80::100:10:32"",dev=""ens4"",protocol=""bgp"",metric=""20"",route_index=""0"",nh_index=""0""",1
2026-07-28 15:22:00,ccf-aiops-武汉,br-2,br,ipv6_route_nexthop_info,"prefix=""fd00:6:40::/64"",next_hop=""fe80::100:10:52"",dev=""ens4"",protocol=""bgp"",metric=""20"",route_index=""0"",nh_index=""0""",1
2026-07-28 15:22:00,ccf-aiops-武汉,br-2,br,ipv6_route_nexthop_info,"prefix=""fd00:7:40::/64"",next_hop=""fe80::100:10:62"",dev=""ens4"",protocol=""bgp"",metric=""20"",route_index=""0"",nh_index=""0""",1
2026-07-28 15:22:00,ccf-aiops-武汉,br-2,br,ipv6_route_nexthop_info,"prefix=""fd00:8:40::/64"",next_hop=""fe80::100:10:72"",dev=""ens4"",protocol=""bgp"",metric=""20"",route_index=""0"",nh_index=""0""",1
2026-07-28 15:22:00,ccf-aiops-武汉,br-2,br,ospf6_interface_cost,"interface=""ens5""",1
2026-07-28 15:22:00,ccf-aiops-武汉,br-2,br,ospf6_interface_enabled,"interface=""virbr0""",0
2026-07-28 15:22:00,ccf-aiops-武汉,br-2,br,ospf6_interface_enabled,"interface=""ens10""",1
2026-07-28 15:22:00,ccf-aiops-武汉,br-2,br,ospf6_interface_enabled,"interface=""ens11""",1
2026-07-28 15:22:00,ccf-aiops-武汉,br-2,br,ospf6_interface_enabled,"interface=""ens12""",1
2026-07-28 15:22:00,ccf-aiops-武汉,br-2,br,ospf6_interface_enabled,"interface=""ens3""",1
2026-07-28 15:22:00,ccf-aiops-武汉,br-2,br,ospf6_interface_enabled,"interface=""ens4""",1
2026-07-28 15:22:00,ccf-aiops-武汉,br-2,br,ospf6_interface_enabled,"interface=""ens5""",1
2026-07-28 15:22:00,ccf-aiops-武汉,br-2,br,ospf6_interface_enabled,"interface=""ens6""",1
2026-07-28 15:22:00,ccf-aiops-武汉,br-2,br,ospf6_interface_enabled,"interface=""ens7""",1
2026-07-28 15:22:00,ccf-aiops-武汉,br-2,br,ospf6_interface_enabled,"interface=""ens8""",1
2026-07-28 15:22:00,ccf-aiops-武汉,br-2,br,ospf6_interface_enabled,"interface=""ens9""",1
2026-07-28 15:22:00,ccf-aiops-武汉,br-2,br,ospf6_interface_enabled,"interface=""lo""",1
2026-07-28 15:22:00,ccf-aiops-武汉,br-2,br,ospf6_neighbor_state_code,"state=""Full"",interface=""ens5"",neighbor_id=""5.5.5.12""",6
2026-07-28 15:22:00,ccf-aiops-武汉,br-2,br,ospf6_neighbor_state_code,"state=""Full"",interface=""ens5"",neighbor_id=""5.5.5.11""",6
2026-07-28 15:22:00,ccf-aiops-武汉,br-2,br,ospf6_neighbor_state_code,"state=""Twoway"",interface=""ens5"",neighbor_id=""5.5.5.1""",2
2026-07-28 15:22:00,ccf-aiops-武汉,cr-1,cr,ipv6_default_route_changed_total,,0
2026-07-28 15:22:00,ccf-aiops-武汉,cr-1,cr,ipv6_default_route_info,"next_hop=""fd00:5:20::2"",dev=""ens4"",protocol=""196"",metric=""20"",route_index=""0"",nh_index=""1""",1
2026-07-28 15:22:00,ccf-aiops-武汉,cr-1,cr,ipv6_default_route_info,"next_hop=""fd00:5:20::1"",dev=""ens4"",protocol=""196"",metric=""20"",route_index=""0"",nh_index=""0""",1
2026-07-28 15:22:00,ccf-aiops-武汉,cr-1,cr,ipv6_route_change_total,"prefix=""fd00:8:40::/64""",0
2026-07-28 15:22:00,ccf-aiops-武汉,cr-1,cr,ipv6_route_change_total,"prefix=""fd00:7:40::/64""",0
2026-07-28 15:22:00,ccf-aiops-武汉,cr-1,cr,ipv6_route_change_total,"prefix=""fd00:6:40::/64""",0
2026-07-28 15:22:00,ccf-aiops-武汉,cr-1,cr,ipv6_route_change_total,"prefix=""fd00:5:40::/64""",0
2026-07-28 15:22:00,ccf-aiops-武汉,cr-1,cr,ipv6_route_change_total,"prefix=""fd00:4:40::/64""",0
2026-07-28 15:22:00,ccf-aiops-武汉,cr-1,cr,ipv6_route_change_total,"prefix=""fd00:3:40::/64""",0
2026-07-28 15:22:00,ccf-aiops-武汉,cr-1,cr,ipv6_route_change_total,"prefix=""fd00:2:40::/64""",0
2026-07-28 15:22:00,ccf-aiops-武汉,cr-1,cr,ipv6_route_change_total,"prefix=""fd00:1:40::/64""",0
2026-07-28 15:22:00,ccf-aiops-武汉,cr-1,cr,ipv6_route_change_total,"prefix=""::/0""",0
2026-07-28 15:22:00,ccf-aiops-武汉,cr-1,cr,ipv6_route_count,"protocol=""all""",15
2026-07-28 15:22:00,ccf-aiops-武汉,cr-1,cr,ipv6_route_count,"protocol=""ospf""",7
2026-07-28 15:22:00,ccf-aiops-武汉,cr-1,cr,ipv6_route_count,"protocol=""196""",2
2026-07-28 15:22:00,ccf-aiops-武汉,cr-1,cr,ipv6_route_count,"protocol=""kernel""",6
2026-07-28 15:22:00,ccf-aiops-武汉,cr-1,cr,ipv6_route_exists,"prefix=""fd00:8:40::/64""",1
2026-07-28 15:22:00,ccf-aiops-武汉,cr-1,cr,ipv6_route_exists,"prefix=""fd00:7:40::/64""",1
2026-07-28 15:22:00,ccf-aiops-武汉,cr-1,cr,ipv6_route_exists,"prefix=""fd00:6:40::/64""",1
2026-07-28 15:22:00,ccf-aiops-武汉,cr-1,cr,ipv6_route_exists,"prefix=""fd00:5:40::/64""",1
2026-07-28 15:22:00,ccf-aiops-武汉,cr-1,cr,ipv6_route_exists,"prefix=""fd00:4:40::/64""",1
2026-07-28 15:22:00,ccf-aiops-武汉,cr-1,cr,ipv6_route_exists,"prefix=""::/0""",1
2026-07-28 15:22:00,ccf-aiops-武汉,cr-1,cr,ipv6_route_exists,"prefix=""fd00:1:40::/64""",1
2026-07-28 15:22:00,ccf-aiops-武汉,cr-1,cr,ipv6_route_exists,"prefix=""fd00:2:40::/64""",1
2026-07-28 15:22:00,ccf-aiops-武汉,cr-1,cr,ipv6_route_exists,"prefix=""fd00:3:40::/64""",1
2026-07-28 15:22:00,ccf-aiops-武汉,cr-1,cr,ipv6_route_nexthop_info,"prefix=""fd00:8:40::/64"",next_hop=""fe80::5:20:2"",dev=""ens4"",protocol=""ospf"",metric=""20"",route_index=""0"",nh_index=""1""",1
2026-07-28 15:22:00,ccf-aiops-武汉,cr-1,cr,ipv6_route_nexthop_info,"prefix=""fd00:5:40::/64"",next_hop=""fd00:5:30::254"",dev=""ens5"",protocol=""196"",metric=""20"",route_index=""0"",nh_index=""0""",1
2026-07-28 15:22:00,ccf-aiops-武汉,cr-1,cr,ipv6_route_nexthop_info,"prefix=""::/0"",next_hop=""fd00:5:20::1"",dev=""ens4"",protocol=""196"",metric=""20"",route_index=""0"",nh_index=""0""",1
2026-07-28 15:22:00,ccf-aiops-武汉,cr-1,cr,ipv6_route_nexthop_info,"prefix=""fd00:6:40::/64"",next_hop=""fe80::5:20:1"",dev=""ens4"",protocol=""ospf"",metric=""20"",route_index=""0"",nh_index=""0""",1
2026-07-28 15:22:00,ccf-aiops-武汉,cr-1,cr,ipv6_route_nexthop_info,"prefix=""::/0"",next_hop=""fd00:5:20::2"",dev=""ens4"",protocol=""196"",metric=""20"",route_index=""0"",nh_index=""1""",1
2026-07-28 15:22:00,ccf-aiops-武汉,cr-1,cr,ipv6_route_nexthop_info,"prefix=""fd00:1:40::/64"",next_hop=""fe80::5:20:1"",dev=""ens4"",protocol=""ospf"",metric=""20"",route_index=""0"",nh_index=""0""",1
2026-07-28 15:22:00,ccf-aiops-武汉,cr-1,cr,ipv6_route_nexthop_info,"prefix=""fd00:2:40::/64"",next_hop=""fe80::5:20:1"",dev=""ens4"",protocol=""ospf"",metric=""20"",route_index=""0"",nh_index=""0""",1
2026-07-28 15:22:00,ccf-aiops-武汉,cr-1,cr,ipv6_route_nexthop_info,"prefix=""fd00:3:40::/64"",next_hop=""fe80::5:20:1"",dev=""ens4"",protocol=""ospf"",metric=""20"",route_index=""0"",nh_index=""0""",1
2026-07-28 15:22:00,ccf-aiops-武汉,cr-1,cr,ipv6_route_nexthop_info,"prefix=""fd00:4:40::/64"",next_hop=""fe80::5:20:1"",dev=""ens4"",protocol=""ospf"",metric=""20"",route_index=""0"",nh_index=""0""",1
2026-07-28 15:22:00,ccf-aiops-武汉,cr-1,cr,ipv6_route_nexthop_info,"prefix=""fd00:7:40::/64"",next_hop=""fe80::5:20:2"",dev=""ens4"",protocol=""ospf"",metric=""20"",route_index=""0"",nh_index=""1""",1
2026-07-28 15:22:00,ccf-aiops-武汉,cr-1,cr,ipv6_route_nexthop_info,"prefix=""fd00:7:40::/64"",next_hop=""fe80::5:20:1"",dev=""ens4"",protocol=""ospf"",metric=""20"",route_index=""0"",nh_index=""0""",1
2026-07-28 15:22:00,ccf-aiops-武汉,cr-1,cr,ipv6_route_nexthop_info,"prefix=""fd00:8:40::/64"",next_hop=""fe80::5:20:1"",dev=""ens4"",protocol=""ospf"",metric=""20"",route_index=""0"",nh_index=""0""",1
2026-07-28 15:22:00,ccf-aiops-武汉,cr-1,cr,ipv6_route_nexthop_info,"prefix=""fd00:1:40::/64"",next_hop=""fe80::5:20:2"",dev=""ens4"",protocol=""ospf"",metric=""20"",route_index=""0"",nh_index=""1""",1
2026-07-28 15:22:00,ccf-aiops-武汉,cr-1,cr,ipv6_route_nexthop_info,"prefix=""fd00:2:40::/64"",next_hop=""fe80::5:20:2"",dev=""ens4"",protocol=""ospf"",metric=""20"",route_index=""0"",nh_index=""1""",1
2026-07-28 15:22:00,ccf-aiops-武汉,cr-1,cr,ipv6_route_nexthop_info,"prefix=""fd00:3:40::/64"",next_hop=""fe80::5:20:2"",dev=""ens4"",protocol=""ospf"",metric=""20"",route_index=""0"",nh_index=""1""",1
2026-07-28 15:22:00,ccf-aiops-武汉,cr-1,cr,ipv6_route_nexthop_info,"prefix=""fd00:4:40::/64"",next_hop=""fe80::5:20:2"",dev=""ens4"",protocol=""ospf"",metric=""20"",route_index=""0"",nh_index=""1""",1
2026-07-28 15:22:00,ccf-aiops-武汉,cr-1,cr,ipv6_route_nexthop_info,"prefix=""fd00:6:40::/64"",next_hop=""fe80::5:20:2"",dev=""ens4"",protocol=""ospf"",metric=""20"",route_index=""0"",nh_index=""1""",1
2026-07-28 15:22:00,ccf-aiops-武汉,cr-1,cr,ospf6_interface_cost,"interface=""ens5""",1
2026-07-28 15:22:00,ccf-aiops-武汉,cr-1,cr,ospf6_interface_cost,"interface=""ens4""",1
2026-07-28 15:22:00,ccf-aiops-武汉,cr-1,cr,ospf6_interface_enabled,"interface=""lo""",1
2026-07-28 15:22:00,ccf-aiops-武汉,cr-1,cr,ospf6_interface_enabled,"interface=""ens10""",1
2026-07-28 15:22:00,ccf-aiops-武汉,cr-1,cr,ospf6_interface_enabled,"interface=""virbr0""",0
2026-07-28 15:22:00,ccf-aiops-武汉,cr-1,cr,ospf6_interface_enabled,"interface=""ens11""",1
2026-07-28 15:22:00,ccf-aiops-武汉,cr-1,cr,ospf6_interface_enabled,"interface=""ens12""",1
2026-07-28 15:22:00,ccf-aiops-武汉,cr-1,cr,ospf6_interface_enabled,"interface=""ens3""",1
2026-07-28 15:22:00,ccf-aiops-武汉,cr-1,cr,ospf6_interface_enabled,"interface=""ens4""",1
2026-07-28 15:22:00,ccf-aiops-武汉,cr-1,cr,ospf6_interface_enabled,"interface=""ens5""",1
2026-07-28 15:22:00,ccf-aiops-武汉,cr-1,cr,ospf6_interface_enabled,"interface=""ens6""",1
2026-07-28 15:22:00,ccf-aiops-武汉,cr-1,cr,ospf6_interface_enabled,"interface=""ens7""",1
2026-07-28 15:22:00,ccf-aiops-武汉,cr-1,cr,ospf6_interface_enabled,"interface=""ens8""",1
2026-07-28 15:22:00,ccf-aiops-武汉,cr-1,cr,ospf6_interface_enabled,"interface=""ens9""",1
2026-07-28 15:22:00,ccf-aiops-武汉,cr-1,cr,ospf6_neighbor_state_code,"state=""Full"",interface=""ens5"",neighbor_id=""5.5.5.12""",6
2026-07-28 15:22:00,ccf-aiops-武汉,cr-1,cr,ospf6_neighbor_state_code,"state=""Full"",interface=""ens4"",neighbor_id=""5.5.5.2""",6
2026-07-28 15:22:00,ccf-aiops-武汉,cr-1,cr,ospf6_neighbor_state_code,"state=""Full"",interface=""ens4"",neighbor_id=""5.5.5.12""",6
2026-07-28 15:22:00,ccf-aiops-武汉,cr-1,cr,ospf6_neighbor_state_code,"state=""Full"",interface=""ens4"",neighbor_id=""5.5.5.1""",6
2026-07-28 15:22:00,ccf-aiops-武汉,cr-1,cr,bgp_command_success,,
2026-07-28 15:22:00,ccf-aiops-武汉,cr-1,cr,bgp_peer_up,,
2026-07-28 15:22:00,ccf-aiops-武汉,cr-1,cr,bgp_peer_uptime_seconds,,
2026-07-28 15:22:00,ccf-aiops-武汉,cr-1,cr,bgp_peer_prefix_received,,
2026-07-28 15:22:00,ccf-aiops-武汉,cr-1,cr,bgp_peer_prefix_sent,,
2026-07-28 15:22:00,ccf-aiops-武汉,cr-1,cr,bgp_peer_count,,
2026-07-28 15:22:00,ccf-aiops-武汉,cr-2,cr,ipv6_default_route_changed_total,,0
2026-07-28 15:22:00,ccf-aiops-武汉,cr-2,cr,ipv6_default_route_info,"next_hop=""fd00:5:20::1"",dev=""ens4"",protocol=""196"",metric=""20"",route_index=""0"",nh_index=""0""",1
2026-07-28 15:22:00,ccf-aiops-武汉,cr-2,cr,ipv6_default_route_info,"next_hop=""fd00:5:20::2"",dev=""ens4"",protocol=""196"",metric=""20"",route_index=""0"",nh_index=""1""",1
2026-07-28 15:22:00,ccf-aiops-武汉,cr-2,cr,ipv6_route_change_total,"prefix=""fd00:5:40::/64""",0
2026-07-28 15:22:00,ccf-aiops-武汉,cr-2,cr,ipv6_route_change_total,"prefix=""::/0""",0
2026-07-28 15:22:00,ccf-aiops-武汉,cr-2,cr,ipv6_route_change_total,"prefix=""fd00:1:40::/64""",0
2026-07-28 15:22:00,ccf-aiops-武汉,cr-2,cr,ipv6_route_change_total,"prefix=""fd00:2:40::/64""",0
2026-07-28 15:22:00,ccf-aiops-武汉,cr-2,cr,ipv6_route_change_total,"prefix=""fd00:3:40::/64""",0
2026-07-28 15:22:00,ccf-aiops-武汉,cr-2,cr,ipv6_route_change_total,"prefix=""fd00:8:40::/64""",0
2026-07-28 15:22:00,ccf-aiops-武汉,cr-2,cr,ipv6_route_change_total,"prefix=""fd00:7:40::/64""",0
2026-07-28 15:22:00,ccf-aiops-武汉,cr-2,cr,ipv6_route_change_total,"prefix=""fd00:6:40::/64""",0
2026-07-28 15:22:00,ccf-aiops-武汉,cr-2,cr,ipv6_route_change_total,"prefix=""fd00:4:40::/64""",0
2026-07-28 15:22:00,ccf-aiops-武汉,cr-2,cr,ipv6_route_count,"protocol=""all""",15
2026-07-28 15:22:00,ccf-aiops-武汉,cr-2,cr,ipv6_route_count,"protocol=""ospf""",7
2026-07-28 15:22:00,ccf-aiops-武汉,cr-2,cr,ipv6_route_count,"protocol=""kernel""",6
2026-07-28 15:22:00,ccf-aiops-武汉,cr-2,cr,ipv6_route_count,"protocol=""196""",2
2026-07-28 15:22:00,ccf-aiops-武汉,cr-2,cr,ipv6_route_exists,"prefix=""fd00:7:40::/64""",1
2026-07-28 15:22:00,ccf-aiops-武汉,cr-2,cr,ipv6_route_exists,"prefix=""::/0""",1
2026-07-28 15:22:00,ccf-aiops-武汉,cr-2,cr,ipv6_route_exists,"prefix=""fd00:1:40::/64""",1
2026-07-28 15:22:00,ccf-aiops-武汉,cr-2,cr,ipv6_route_exists,"prefix=""fd00:2:40::/64""",1
2026-07-28 15:22:00,ccf-aiops-武汉,cr-2,cr,ipv6_route_exists,"prefix=""fd00:3:40::/64""",1
2026-07-28 15:22:00,ccf-aiops-武汉,cr-2,cr,ipv6_route_exists,"prefix=""fd00:4:40::/64""",1
2026-07-28 15:22:00,ccf-aiops-武汉,cr-2,cr,ipv6_route_exists,"prefix=""fd00:5:40::/64""",1
2026-07-28 15:22:00,ccf-aiops-武汉,cr-2,cr,ipv6_route_exists,"prefix=""fd00:6:40::/64""",1
2026-07-28 15:22:00,ccf-aiops-武汉,cr-2,cr,ipv6_route_exists,"prefix=""fd00:8:40::/64""",1
2026-07-28 15:22:00,ccf-aiops-武汉,cr-2,cr,ipv6_route_nexthop_info,"prefix=""fd00:8:40::/64"",next_hop=""fe80::5:20:2"",dev=""ens4"",protocol=""ospf"",metric=""20"",route_index=""0"",nh_index=""1""",1
2026-07-28 15:22:00,ccf-aiops-武汉,cr-2,cr,ipv6_route_nexthop_info,"prefix=""fd00:7:40::/64"",next_hop=""fe80::5:20:2"",dev=""ens4"",protocol=""ospf"",metric=""20"",route_index=""0"",nh_index=""1""",1
2026-07-28 15:22:00,ccf-aiops-武汉,cr-2,cr,ipv6_route_nexthop_info,"prefix=""fd00:6:40::/64"",next_hop=""fe80::5:20:2"",dev=""ens4"",protocol=""ospf"",metric=""20"",route_index=""0"",nh_index=""1""",1
2026-07-28 15:22:00,ccf-aiops-武汉,cr-2,cr,ipv6_route_nexthop_info,"prefix=""fd00:4:40::/64"",next_hop=""fe80::5:20:2"",dev=""ens4"",protocol=""ospf"",metric=""20"",route_index=""0"",nh_index=""1""",1
2026-07-28 15:22:00,ccf-aiops-武汉,cr-2,cr,ipv6_route_nexthop_info,"prefix=""fd00:3:40::/64"",next_hop=""fe80::5:20:2"",dev=""ens4"",protocol=""ospf"",metric=""20"",route_index=""0"",nh_index=""1""",1
2026-07-28 15:22:00,ccf-aiops-武汉,cr-2,cr,ipv6_route_nexthop_info,"prefix=""fd00:2:40::/64"",next_hop=""fe80::5:20:2"",dev=""ens4"",protocol=""ospf"",metric=""20"",route_index=""0"",nh_index=""1""",1
2026-07-28 15:22:00,ccf-aiops-武汉,cr-2,cr,ipv6_route_nexthop_info,"prefix=""fd00:1:40::/64"",next_hop=""fe80::5:20:2"",dev=""ens4"",protocol=""ospf"",metric=""20"",route_index=""0"",nh_index=""1""",1
2026-07-28 15:22:00,ccf-aiops-武汉,cr-2,cr,ipv6_route_nexthop_info,"prefix=""fd00:8:40::/64"",next_hop=""fe80::5:20:1"",dev=""ens4"",protocol=""ospf"",metric=""20"",route_index=""0"",nh_index=""0""",1
2026-07-28 15:22:00,ccf-aiops-武汉,cr-2,cr,ipv6_route_nexthop_info,"prefix=""fd00:5:40::/64"",next_hop=""fd00:5:30::254"",dev=""ens5"",protocol=""196"",metric=""20"",route_index=""0"",nh_index=""0""",1
2026-07-28 15:22:00,ccf-aiops-武汉,cr-2,cr,ipv6_route_nexthop_info,"prefix=""fd00:7:40::/64"",next_hop=""fe80::5:20:1"",dev=""ens4"",protocol=""ospf"",metric=""20"",route_index=""0"",nh_index=""0""",1
2026-07-28 15:22:00,ccf-aiops-武汉,cr-2,cr,ipv6_route_nexthop_info,"prefix=""fd00:6:40::/64"",next_hop=""fe80::5:20:1"",dev=""ens4"",protocol=""ospf"",metric=""20"",route_index=""0"",nh_index=""0""",1
2026-07-28 15:22:00,ccf-aiops-武汉,cr-2,cr,ipv6_route_nexthop_info,"prefix=""fd00:4:40::/64"",next_hop=""fe80::5:20:1"",dev=""ens4"",protocol=""ospf"",metric=""20"",route_index=""0"",nh_index=""0""",1
2026-07-28 15:22:00,ccf-aiops-武汉,cr-2,cr,ipv6_route_nexthop_info,"prefix=""fd00:3:40::/64"",next_hop=""fe80::5:20:1"",dev=""ens4"",protocol=""ospf"",metric=""20"",route_index=""0"",nh_index=""0""",1
2026-07-28 15:22:00,ccf-aiops-武汉,cr-2,cr,ipv6_route_nexthop_info,"prefix=""fd00:2:40::/64"",next_hop=""fe80::5:20:1"",dev=""ens4"",protocol=""ospf"",metric=""20"",route_index=""0"",nh_index=""0""",1
2026-07-28 15:22:00,ccf-aiops-武汉,cr-2,cr,ipv6_route_nexthop_info,"prefix=""fd00:1:40::/64"",next_hop=""fe80::5:20:1"",dev=""ens4"",protocol=""ospf"",metric=""20"",route_index=""0"",nh_index=""0""",1
2026-07-28 15:22:00,ccf-aiops-武汉,cr-2,cr,ipv6_route_nexthop_info,"prefix=""::/0"",next_hop=""fd00:5:20::2"",dev=""ens4"",protocol=""196"",metric=""20"",route_index=""0"",nh_index=""1""",1
2026-07-28 15:22:00,ccf-aiops-武汉,cr-2,cr,ipv6_route_nexthop_info,"prefix=""::/0"",next_hop=""fd00:5:20::1"",dev=""ens4"",protocol=""196"",metric=""20"",route_index=""0"",nh_index=""0""",1
2026-07-28 15:22:00,ccf-aiops-武汉,cr-2,cr,ospf6_interface_cost,"interface=""ens4""",1
2026-07-28 15:22:00,ccf-aiops-武汉,cr-2,cr,ospf6_interface_cost,"interface=""ens5""",1
2026-07-28 15:22:00,ccf-aiops-武汉,cr-2,cr,ospf6_interface_enabled,"interface=""ens8""",1
2026-07-28 15:22:00,ccf-aiops-武汉,cr-2,cr,ospf6_interface_enabled,"interface=""ens3""",1
2026-07-28 15:22:00,ccf-aiops-武汉,cr-2,cr,ospf6_interface_enabled,"interface=""virbr0""",0
2026-07-28 15:22:00,ccf-aiops-武汉,cr-2,cr,ospf6_interface_enabled,"interface=""ens11""",1
2026-07-28 15:22:00,ccf-aiops-武汉,cr-2,cr,ospf6_interface_enabled,"interface=""ens12""",1
2026-07-28 15:22:00,ccf-aiops-武汉,cr-2,cr,ospf6_interface_enabled,"interface=""ens4""",1
2026-07-28 15:22:00,ccf-aiops-武汉,cr-2,cr,ospf6_interface_enabled,"interface=""ens5""",1
2026-07-28 15:22:00,ccf-aiops-武汉,cr-2,cr,ospf6_interface_enabled,"interface=""ens6""",1
2026-07-28 15:22:00,ccf-aiops-武汉,cr-2,cr,ospf6_interface_enabled,"interface=""ens7""",1
2026-07-28 15:22:00,ccf-aiops-武汉,cr-2,cr,ospf6_interface_enabled,"interface=""ens10""",1
2026-07-28 15:22:00,ccf-aiops-武汉,cr-2,cr,ospf6_interface_enabled,"interface=""ens9""",1
2026-07-28 15:22:00,ccf-aiops-武汉,cr-2,cr,ospf6_interface_enabled,"interface=""lo""",1
2026-07-28 15:22:00,ccf-aiops-武汉,cr-2,cr,ospf6_neighbor_state_code,"state=""Full"",interface=""ens4"",neighbor_id=""5.5.5.1""",6
2026-07-28 15:22:00,ccf-aiops-武汉,cr-2,cr,ospf6_neighbor_state_code,"state=""Full"",interface=""ens4"",neighbor_id=""5.5.5.11""",6
2026-07-28 15:22:00,ccf-aiops-武汉,cr-2,cr,ospf6_neighbor_state_code,"state=""Full"",interface=""ens4"",neighbor_id=""5.5.5.2""",6
2026-07-28 15:22:00,ccf-aiops-武汉,cr-2,cr,ospf6_neighbor_state_code,"state=""Full"",interface=""ens5"",neighbor_id=""5.5.5.11""",6
2026-07-28 15:22:00,ccf-aiops-武汉,cr-2,cr,bgp_command_success,,
2026-07-28 15:22:00,ccf-aiops-武汉,cr-2,cr,bgp_peer_up,,
2026-07-28 15:22:00,ccf-aiops-武汉,cr-2,cr,bgp_peer_uptime_seconds,,
2026-07-28 15:22:00,ccf-aiops-武汉,cr-2,cr,bgp_peer_prefix_received,,
2026-07-28 15:22:00,ccf-aiops-武汉,cr-2,cr,bgp_peer_prefix_sent,,
2026-07-28 15:22:00,ccf-aiops-武汉,cr-2,cr,bgp_peer_count,,
2026-07-28 15:23:00,ccf-aiops-武汉,br-1,br,bgp_command_success,"command=""bgp_summary""",1
2026-07-28 15:23:00,ccf-aiops-武汉,br-1,br,bgp_peer_count,,6
2026-07-28 15:23:00,ccf-aiops-武汉,br-1,br,bgp_peer_prefix_received,"peer=""fd00:100:10::1"",remote_as=""65001"",state=""Established""",5
2026-07-28 15:23:00,ccf-aiops-武汉,br-1,br,bgp_peer_prefix_received,"peer=""fd00:100:10::21"",remote_as=""65003"",state=""Established""",4
2026-07-28 15:23:00,ccf-aiops-武汉,br-1,br,bgp_peer_prefix_received,"peer=""fd00:100:10::31"",remote_as=""65004"",state=""Established""",2
2026-07-28 15:23:00,ccf-aiops-武汉,br-1,br,bgp_peer_prefix_received,"peer=""fd00:100:10::51"",remote_as=""65006"",state=""Established""",5
2026-07-28 15:23:00,ccf-aiops-武汉,br-1,br,bgp_peer_prefix_received,"peer=""fd00:100:10::61"",remote_as=""65007"",state=""Established""",4
2026-07-28 15:23:00,ccf-aiops-武汉,br-1,br,bgp_peer_prefix_received,"peer=""fd00:100:10::71"",remote_as=""65008"",state=""Established""",4
2026-07-28 15:23:00,ccf-aiops-武汉,br-1,br,bgp_peer_prefix_sent,"peer=""fd00:100:10::51"",remote_as=""65006"",state=""Established""",8
2026-07-28 15:23:00,ccf-aiops-武汉,br-1,br,bgp_peer_prefix_sent,"peer=""fd00:100:10::31"",remote_as=""65004"",state=""Established""",8
2026-07-28 15:23:00,ccf-aiops-武汉,br-1,br,bgp_peer_prefix_sent,"peer=""fd00:100:10::21"",remote_as=""65003"",state=""Established""",8
2026-07-28 15:23:00,ccf-aiops-武汉,br-1,br,bgp_peer_prefix_sent,"peer=""fd00:100:10::1"",remote_as=""65001"",state=""Established""",8
2026-07-28 15:23:00,ccf-aiops-武汉,br-1,br,bgp_peer_prefix_sent,"peer=""fd00:100:10::61"",remote_as=""65007"",state=""Established""",8
2026-07-28 15:23:00,ccf-aiops-武汉,br-1,br,bgp_peer_prefix_sent,"peer=""fd00:100:10::71"",remote_as=""65008"",state=""Established""",8
2026-07-28 15:23:00,ccf-aiops-武汉,br-1,br,bgp_peer_up,"peer=""fd00:100:10::31"",remote_as=""65004"",state=""Established""",1
2026-07-28 15:23:00,ccf-aiops-武汉,br-1,br,bgp_peer_up,"peer=""fd00:100:10::1"",remote_as=""65001"",state=""Established""",1
2026-07-28 15:23:00,ccf-aiops-武汉,br-1,br,bgp_peer_up,"peer=""fd00:100:10::21"",remote_as=""65003"",state=""Established""",1
2026-07-28 15:23:00,ccf-aiops-武汉,br-1,br,bgp_peer_up,"peer=""fd00:100:10::71"",remote_as=""65008"",state=""Established""",1
2026-07-28 15:23:00,ccf-aiops-武汉,br-1,br,bgp_peer_up,"peer=""fd00:100:10::51"",remote_as=""65006"",state=""Established""",1
2026-07-28 15:23:00,ccf-aiops-武汉,br-1,br,bgp_peer_up,"peer=""fd00:100:10::61"",remote_as=""65007"",state=""Established""",1
2026-07-28 15:23:00,ccf-aiops-武汉,br-1,br,bgp_peer_uptime_seconds,"peer=""fd00:100:10::71"",remote_as=""65008"",state=""Established""",2422606
2026-07-28 15:23:00,ccf-aiops-武汉,br-1,br,bgp_peer_uptime_seconds,"peer=""fd00:100:10::61"",remote_as=""65007"",state=""Established""",2422731
2026-07-28 15:23:00,ccf-aiops-武汉,br-1,br,bgp_peer_uptime_seconds,"peer=""fd00:100:10::51"",remote_as=""65006"",state=""Established""",2422839
2026-07-28 15:23:00,ccf-aiops-武汉,br-1,br,bgp_peer_uptime_seconds,"peer=""fd00:100:10::31"",remote_as=""65004"",state=""Established""",2422927
2026-07-28 15:23:00,ccf-aiops-武汉,br-1,br,bgp_peer_uptime_seconds,"peer=""fd00:100:10::21"",remote_as=""65003"",state=""Established""",1735565
2026-07-28 15:23:00,ccf-aiops-武汉,br-1,br,bgp_peer_uptime_seconds,"peer=""fd00:100:10::1"",remote_as=""65001"",state=""Established""",2422927
2026-07-28 15:23:00,ccf-aiops-武汉,br-1,br,ipv6_default_route_changed_total,,0
2026-07-28 15:23:00,ccf-aiops-武汉,br-1,br,ipv6_default_route_info,"next_hop=""240a:a023::1"",dev=""ens4"",protocol=""unknown"",metric=""1024"",route_index=""0"",nh_index=""0""",1
2026-07-28 15:23:00,ccf-aiops-武汉,br-1,br,ipv6_route_change_total,"prefix=""fd00:7:40::/64""",8
2026-07-28 15:23:00,ccf-aiops-武汉,br-1,br,ipv6_route_change_total,"prefix=""::/0""",0
2026-07-28 15:23:00,ccf-aiops-武汉,br-1,br,ipv6_route_change_total,"prefix=""fd00:1:40::/64""",0
2026-07-28 15:23:00,ccf-aiops-武汉,br-1,br,ipv6_route_change_total,"prefix=""fd00:2:40::/64""",2
2026-07-28 15:23:00,ccf-aiops-武汉,br-1,br,ipv6_route_change_total,"prefix=""fd00:3:40::/64""",0
2026-07-28 15:23:00,ccf-aiops-武汉,br-1,br,ipv6_route_change_total,"prefix=""fd00:4:40::/64""",0
2026-07-28 15:23:00,ccf-aiops-武汉,br-1,br,ipv6_route_change_total,"prefix=""fd00:5:40::/64""",0
2026-07-28 15:23:00,ccf-aiops-武汉,br-1,br,ipv6_route_change_total,"prefix=""fd00:6:40::/64""",0
2026-07-28 15:23:00,ccf-aiops-武汉,br-1,br,ipv6_route_change_total,"prefix=""fd00:8:40::/64""",0
2026-07-28 15:23:00,ccf-aiops-武汉,br-1,br,ipv6_route_count,"protocol=""all""",17
2026-07-28 15:23:00,ccf-aiops-武汉,br-1,br,ipv6_route_count,"protocol=""bgp""",7
2026-07-28 15:23:00,ccf-aiops-武汉,br-1,br,ipv6_route_count,"protocol=""kernel""",7
2026-07-28 15:23:00,ccf-aiops-武汉,br-1,br,ipv6_route_count,"protocol=""ospf""",2
2026-07-28 15:23:00,ccf-aiops-武汉,br-1,br,ipv6_route_count,"protocol=""unknown""",1
2026-07-28 15:23:00,ccf-aiops-武汉,br-1,br,ipv6_route_exists,"prefix=""::/0""",1
2026-07-28 15:23:00,ccf-aiops-武汉,br-1,br,ipv6_route_exists,"prefix=""fd00:8:40::/64""",1
2026-07-28 15:23:00,ccf-aiops-武汉,br-1,br,ipv6_route_exists,"prefix=""fd00:7:40::/64""",1
2026-07-28 15:23:00,ccf-aiops-武汉,br-1,br,ipv6_route_exists,"prefix=""fd00:6:40::/64""",1
2026-07-28 15:23:00,ccf-aiops-武汉,br-1,br,ipv6_route_exists,"prefix=""fd00:5:40::/64""",1
2026-07-28 15:23:00,ccf-aiops-武汉,br-1,br,ipv6_route_exists,"prefix=""fd00:4:40::/64""",1
2026-07-28 15:23:00,ccf-aiops-武汉,br-1,br,ipv6_route_exists,"prefix=""fd00:3:40::/64""",1
2026-07-28 15:23:00,ccf-aiops-武汉,br-1,br,ipv6_route_exists,"prefix=""fd00:2:40::/64""",1
2026-07-28 15:23:00,ccf-aiops-武汉,br-1,br,ipv6_route_exists,"prefix=""fd00:1:40::/64""",1
2026-07-28 15:23:00,ccf-aiops-武汉,br-1,br,ipv6_route_nexthop_info,"prefix=""fd00:6:40::/64"",next_hop=""fe80::100:10:51"",dev=""ens4"",protocol=""bgp"",metric=""20"",route_index=""0"",nh_index=""0""",1
2026-07-28 15:23:00,ccf-aiops-武汉,br-1,br,ipv6_route_nexthop_info,"prefix=""fd00:4:40::/64"",next_hop=""fe80::100:10:31"",dev=""ens4"",protocol=""bgp"",metric=""20"",route_index=""0"",nh_index=""0""",1
2026-07-28 15:23:00,ccf-aiops-武汉,br-1,br,ipv6_route_nexthop_info,"prefix=""fd00:3:40::/64"",next_hop=""fe80::100:10:21"",dev=""ens4"",protocol=""bgp"",metric=""20"",route_index=""0"",nh_index=""0""",1
2026-07-28 15:23:00,ccf-aiops-武汉,br-1,br,ipv6_route_nexthop_info,"prefix=""fd00:2:40::/64"",next_hop=""fe80::100:10:1"",dev=""ens4"",protocol=""bgp"",metric=""20"",route_index=""0"",nh_index=""0""",1
2026-07-28 15:23:00,ccf-aiops-武汉,br-1,br,ipv6_route_nexthop_info,"prefix=""::/0"",next_hop=""240a:a023::1"",dev=""ens4"",protocol=""unknown"",metric=""1024"",route_index=""0"",nh_index=""0""",1
2026-07-28 15:23:00,ccf-aiops-武汉,br-1,br,ipv6_route_nexthop_info,"prefix=""fd00:1:40::/64"",next_hop=""fe80::100:10:1"",dev=""ens4"",protocol=""bgp"",metric=""20"",route_index=""0"",nh_index=""0""",1
2026-07-28 15:23:00,ccf-aiops-武汉,br-1,br,ipv6_route_nexthop_info,"prefix=""fd00:7:40::/64"",next_hop=""fe80::100:10:61"",dev=""ens4"",protocol=""bgp"",metric=""20"",route_index=""0"",nh_index=""0""",1
2026-07-28 15:23:00,ccf-aiops-武汉,br-1,br,ipv6_route_nexthop_info,"prefix=""fd00:8:40::/64"",next_hop=""fe80::100:10:71"",dev=""ens4"",protocol=""bgp"",metric=""20"",route_index=""0"",nh_index=""0""",1
2026-07-28 15:23:00,ccf-aiops-武汉,br-1,br,ipv6_route_nexthop_info,"prefix=""fd00:5:40::/64"",next_hop=""fe80::5:20:11"",dev=""ens5"",protocol=""ospf"",metric=""20"",route_index=""0"",nh_index=""0""",1
2026-07-28 15:23:00,ccf-aiops-武汉,br-1,br,ipv6_route_nexthop_info,"prefix=""fd00:5:40::/64"",next_hop=""fe80::5:20:12"",dev=""ens5"",protocol=""ospf"",metric=""20"",route_index=""0"",nh_index=""1""",1
2026-07-28 15:23:00,ccf-aiops-武汉,br-1,br,ospf6_interface_cost,"interface=""ens5""",1
2026-07-28 15:23:00,ccf-aiops-武汉,br-1,br,ospf6_interface_enabled,"interface=""ens10""",1
2026-07-28 15:23:00,ccf-aiops-武汉,br-1,br,ospf6_interface_enabled,"interface=""ens4""",1
2026-07-28 15:23:00,ccf-aiops-武汉,br-1,br,ospf6_interface_enabled,"interface=""ens11""",1
2026-07-28 15:23:00,ccf-aiops-武汉,br-1,br,ospf6_interface_enabled,"interface=""ens12""",1
2026-07-28 15:23:00,ccf-aiops-武汉,br-1,br,ospf6_interface_enabled,"interface=""ens3""",1
2026-07-28 15:23:00,ccf-aiops-武汉,br-1,br,ospf6_interface_enabled,"interface=""ens8""",1
2026-07-28 15:23:00,ccf-aiops-武汉,br-1,br,ospf6_interface_enabled,"interface=""ens7""",1
2026-07-28 15:23:00,ccf-aiops-武汉,br-1,br,ospf6_interface_enabled,"interface=""ens6""",1
2026-07-28 15:23:00,ccf-aiops-武汉,br-1,br,ospf6_interface_enabled,"interface=""ens5""",1
2026-07-28 15:23:00,ccf-aiops-武汉,br-1,br,ospf6_interface_enabled,"interface=""ens9""",1
2026-07-28 15:23:00,ccf-aiops-武汉,br-1,br,ospf6_interface_enabled,"interface=""lo""",1
2026-07-28 15:23:00,ccf-aiops-武汉,br-1,br,ospf6_interface_enabled,"interface=""virbr0""",0
2026-07-28 15:23:00,ccf-aiops-武汉,br-1,br,ospf6_neighbor_state_code,"state=""Full"",interface=""ens5"",neighbor_id=""5.5.5.11""",6
2026-07-28 15:23:00,ccf-aiops-武汉,br-1,br,ospf6_neighbor_state_code,"state=""Full"",interface=""ens5"",neighbor_id=""5.5.5.12""",6
2026-07-28 15:23:00,ccf-aiops-武汉,br-1,br,ospf6_neighbor_state_code,"state=""Twoway"",interface=""ens5"",neighbor_id=""5.5.5.2""",2
2026-07-28 15:23:00,ccf-aiops-武汉,br-2,br,bgp_command_success,"command=""bgp_summary""",1
2026-07-28 15:23:00,ccf-aiops-武汉,br-2,br,bgp_peer_count,,6
2026-07-28 15:23:00,ccf-aiops-武汉,br-2,br,bgp_peer_prefix_received,"peer=""fd00:100:10::2"",remote_as=""65001"",state=""Established""",4
2026-07-28 15:23:00,ccf-aiops-武汉,br-2,br,bgp_peer_prefix_received,"peer=""fd00:100:10::22"",remote_as=""65003"",state=""Established""",5
2026-07-28 15:23:00,ccf-aiops-武汉,br-2,br,bgp_peer_prefix_received,"peer=""fd00:100:10::32"",remote_as=""65004"",state=""Established""",3
2026-07-28 15:23:00,ccf-aiops-武汉,br-2,br,bgp_peer_prefix_received,"peer=""fd00:100:10::52"",remote_as=""65006"",state=""Established""",6
2026-07-28 15:23:00,ccf-aiops-武汉,br-2,br,bgp_peer_prefix_received,"peer=""fd00:100:10::62"",remote_as=""65007"",state=""Established""",4
2026-07-28 15:23:00,ccf-aiops-武汉,br-2,br,bgp_peer_prefix_received,"peer=""fd00:100:10::72"",remote_as=""65008"",state=""Established""",3
2026-07-28 15:23:00,ccf-aiops-武汉,br-2,br,bgp_peer_prefix_sent,"peer=""fd00:100:10::2"",remote_as=""65001"",state=""Established""",8
2026-07-28 15:23:00,ccf-aiops-武汉,br-2,br,bgp_peer_prefix_sent,"peer=""fd00:100:10::22"",remote_as=""65003"",state=""Established""",8
2026-07-28 15:23:00,ccf-aiops-武汉,br-2,br,bgp_peer_prefix_sent,"peer=""fd00:100:10::32"",remote_as=""65004"",state=""Established""",8
2026-07-28 15:23:00,ccf-aiops-武汉,br-2,br,bgp_peer_prefix_sent,"peer=""fd00:100:10::52"",remote_as=""65006"",state=""Established""",8
2026-07-28 15:23:00,ccf-aiops-武汉,br-2,br,bgp_peer_prefix_sent,"peer=""fd00:100:10::62"",remote_as=""65007"",state=""Established""",8
2026-07-28 15:23:00,ccf-aiops-武汉,br-2,br,bgp_peer_prefix_sent,"peer=""fd00:100:10::72"",remote_as=""65008"",state=""Established""",8
2026-07-28 15:23:00,ccf-aiops-武汉,br-2,br,bgp_peer_up,"peer=""fd00:100:10::2"",remote_as=""65001"",state=""Established""",1
2026-07-28 15:23:00,ccf-aiops-武汉,br-2,br,bgp_peer_up,"peer=""fd00:100:10::22"",remote_as=""65003"",state=""Established""",1
2026-07-28 15:23:00,ccf-aiops-武汉,br-2,br,bgp_peer_up,"peer=""fd00:100:10::32"",remote_as=""65004"",state=""Established""",1
2026-07-28 15:23:00,ccf-aiops-武汉,br-2,br,bgp_peer_up,"peer=""fd00:100:10::52"",remote_as=""65006"",state=""Established""",1
2026-07-28 15:23:00,ccf-aiops-武汉,br-2,br,bgp_peer_up,"peer=""fd00:100:10::62"",remote_as=""65007"",state=""Established""",1
2026-07-28 15:23:00,ccf-aiops-武汉,br-2,br,bgp_peer_up,"peer=""fd00:100:10::72"",remote_as=""65008"",state=""Established""",1
2026-07-28 15:23:00,ccf-aiops-武汉,br-2,br,bgp_peer_uptime_seconds,"peer=""fd00:100:10::32"",remote_as=""65004"",state=""Established""",2422909
2026-07-28 15:23:00,ccf-aiops-武汉,br-2,br,bgp_peer_uptime_seconds,"peer=""fd00:100:10::2"",remote_as=""65001"",state=""Established""",2422909
2026-07-28 15:23:00,ccf-aiops-武汉,br-2,br,bgp_peer_uptime_seconds,"peer=""fd00:100:10::52"",remote_as=""65006"",state=""Established""",2422816
2026-07-28 15:23:00,ccf-aiops-武汉,br-2,br,bgp_peer_uptime_seconds,"peer=""fd00:100:10::62"",remote_as=""65007"",state=""Established""",2422705
2026-07-28 15:23:00,ccf-aiops-武汉,br-2,br,bgp_peer_uptime_seconds,"peer=""fd00:100:10::72"",remote_as=""65008"",state=""Established""",2422588
2026-07-28 15:23:00,ccf-aiops-武汉,br-2,br,bgp_peer_uptime_seconds,"peer=""fd00:100:10::22"",remote_as=""65003"",state=""Established""",705300
2026-07-28 15:23:00,ccf-aiops-武汉,br-2,br,ipv6_default_route_changed_total,,0
2026-07-28 15:23:00,ccf-aiops-武汉,br-2,br,ipv6_default_route_info,"next_hop=""240a:a023::1"",dev=""ens4"",protocol=""unknown"",metric=""1024"",route_index=""0"",nh_index=""0""",1
2026-07-28 15:23:00,ccf-aiops-武汉,br-2,br,ipv6_route_change_total,"prefix=""fd00:8:40::/64""",0
2026-07-28 15:23:00,ccf-aiops-武汉,br-2,br,ipv6_route_change_total,"prefix=""::/0""",0
2026-07-28 15:23:00,ccf-aiops-武汉,br-2,br,ipv6_route_change_total,"prefix=""fd00:1:40::/64""",0
2026-07-28 15:23:00,ccf-aiops-武汉,br-2,br,ipv6_route_change_total,"prefix=""fd00:2:40::/64""",2
2026-07-28 15:23:00,ccf-aiops-武汉,br-2,br,ipv6_route_change_total,"prefix=""fd00:3:40::/64""",0
2026-07-28 15:23:00,ccf-aiops-武汉,br-2,br,ipv6_route_change_total,"prefix=""fd00:4:40::/64""",0
2026-07-28 15:23:00,ccf-aiops-武汉,br-2,br,ipv6_route_change_total,"prefix=""fd00:5:40::/64""",0
2026-07-28 15:23:00,ccf-aiops-武汉,br-2,br,ipv6_route_change_total,"prefix=""fd00:6:40::/64""",0
2026-07-28 15:23:00,ccf-aiops-武汉,br-2,br,ipv6_route_change_total,"prefix=""fd00:7:40::/64""",4
2026-07-28 15:23:00,ccf-aiops-武汉,br-2,br,ipv6_route_count,"protocol=""ospf""",2
2026-07-28 15:23:00,ccf-aiops-武汉,br-2,br,ipv6_route_count,"protocol=""all""",17
2026-07-28 15:23:00,ccf-aiops-武汉,br-2,br,ipv6_route_count,"protocol=""bgp""",7
2026-07-28 15:23:00,ccf-aiops-武汉,br-2,br,ipv6_route_count,"protocol=""unknown""",1
2026-07-28 15:23:00,ccf-aiops-武汉,br-2,br,ipv6_route_count,"protocol=""kernel""",7
2026-07-28 15:23:00,ccf-aiops-武汉,br-2,br,ipv6_route_exists,"prefix=""fd00:6:40::/64""",1
2026-07-28 15:23:00,ccf-aiops-武汉,br-2,br,ipv6_route_exists,"prefix=""fd00:5:40::/64""",1
2026-07-28 15:23:00,ccf-aiops-武汉,br-2,br,ipv6_route_exists,"prefix=""fd00:4:40::/64""",1
2026-07-28 15:23:00,ccf-aiops-武汉,br-2,br,ipv6_route_exists,"prefix=""fd00:3:40::/64""",1
2026-07-28 15:23:00,ccf-aiops-武汉,br-2,br,ipv6_route_exists,"prefix=""fd00:2:40::/64""",1
2026-07-28 15:23:00,ccf-aiops-武汉,br-2,br,ipv6_route_exists,"prefix=""fd00:1:40::/64""",1
2026-07-28 15:23:00,ccf-aiops-武汉,br-2,br,ipv6_route_exists,"prefix=""::/0""",1
2026-07-28 15:23:00,ccf-aiops-武汉,br-2,br,ipv6_route_exists,"prefix=""fd00:7:40::/64""",1
2026-07-28 15:23:00,ccf-aiops-武汉,br-2,br,ipv6_route_exists,"prefix=""fd00:8:40::/64""",1
2026-07-28 15:23:00,ccf-aiops-武汉,br-2,br,ipv6_route_nexthop_info,"prefix=""fd00:6:40::/64"",next_hop=""fe80::100:10:52"",dev=""ens4"",protocol=""bgp"",metric=""20"",route_index=""0"",nh_index=""0""",1
2026-07-28 15:23:00,ccf-aiops-武汉,br-2,br,ipv6_route_nexthop_info,"prefix=""fd00:7:40::/64"",next_hop=""fe80::100:10:62"",dev=""ens4"",protocol=""bgp"",metric=""20"",route_index=""0"",nh_index=""0""",1
2026-07-28 15:23:00,ccf-aiops-武汉,br-2,br,ipv6_route_nexthop_info,"prefix=""fd00:5:40::/64"",next_hop=""fe80::5:20:11"",dev=""ens5"",protocol=""ospf"",metric=""20"",route_index=""0"",nh_index=""0""",1
2026-07-28 15:23:00,ccf-aiops-武汉,br-2,br,ipv6_route_nexthop_info,"prefix=""fd00:8:40::/64"",next_hop=""fe80::100:10:72"",dev=""ens4"",protocol=""bgp"",metric=""20"",route_index=""0"",nh_index=""0""",1
2026-07-28 15:23:00,ccf-aiops-武汉,br-2,br,ipv6_route_nexthop_info,"prefix=""fd00:4:40::/64"",next_hop=""fe80::100:10:32"",dev=""ens4"",protocol=""bgp"",metric=""20"",route_index=""0"",nh_index=""0""",1
2026-07-28 15:23:00,ccf-aiops-武汉,br-2,br,ipv6_route_nexthop_info,"prefix=""fd00:3:40::/64"",next_hop=""fe80::100:10:22"",dev=""ens4"",protocol=""bgp"",metric=""20"",route_index=""0"",nh_index=""0""",1
2026-07-28 15:23:00,ccf-aiops-武汉,br-2,br,ipv6_route_nexthop_info,"prefix=""fd00:2:40::/64"",next_hop=""fe80::100:10:2"",dev=""ens4"",protocol=""bgp"",metric=""20"",route_index=""0"",nh_index=""0""",1
2026-07-28 15:23:00,ccf-aiops-武汉,br-2,br,ipv6_route_nexthop_info,"prefix=""fd00:1:40::/64"",next_hop=""fe80::100:10:2"",dev=""ens4"",protocol=""bgp"",metric=""20"",route_index=""0"",nh_index=""0""",1
2026-07-28 15:23:00,ccf-aiops-武汉,br-2,br,ipv6_route_nexthop_info,"prefix=""::/0"",next_hop=""240a:a023::1"",dev=""ens4"",protocol=""unknown"",metric=""1024"",route_index=""0"",nh_index=""0""",1
2026-07-28 15:23:00,ccf-aiops-武汉,br-2,br,ipv6_route_nexthop_info,"prefix=""fd00:5:40::/64"",next_hop=""fe80::5:20:12"",dev=""ens5"",protocol=""ospf"",metric=""20"",route_index=""0"",nh_index=""1""",1
2026-07-28 15:23:00,ccf-aiops-武汉,br-2,br,ospf6_interface_cost,"interface=""ens5""",1
2026-07-28 15:23:00,ccf-aiops-武汉,br-2,br,ospf6_interface_enabled,"interface=""ens3""",1
2026-07-28 15:23:00,ccf-aiops-武汉,br-2,br,ospf6_interface_enabled,"interface=""ens6""",1
2026-07-28 15:23:00,ccf-aiops-武汉,br-2,br,ospf6_interface_enabled,"interface=""ens12""",1
2026-07-28 15:23:00,ccf-aiops-武汉,br-2,br,ospf6_interface_enabled,"interface=""ens11""",1
2026-07-28 15:23:00,ccf-aiops-武汉,br-2,br,ospf6_interface_enabled,"interface=""virbr0""",0
2026-07-28 15:23:00,ccf-aiops-武汉,br-2,br,ospf6_interface_enabled,"interface=""lo""",1
2026-07-28 15:23:00,ccf-aiops-武汉,br-2,br,ospf6_interface_enabled,"interface=""ens9""",1
2026-07-28 15:23:00,ccf-aiops-武汉,br-2,br,ospf6_interface_enabled,"interface=""ens8""",1
2026-07-28 15:23:00,ccf-aiops-武汉,br-2,br,ospf6_interface_enabled,"interface=""ens7""",1
2026-07-28 15:23:00,ccf-aiops-武汉,br-2,br,ospf6_interface_enabled,"interface=""ens10""",1
2026-07-28 15:23:00,ccf-aiops-武汉,br-2,br,ospf6_interface_enabled,"interface=""ens4""",1
2026-07-28 15:23:00,ccf-aiops-武汉,br-2,br,ospf6_interface_enabled,"interface=""ens5""",1
2026-07-28 15:23:00,ccf-aiops-武汉,br-2,br,ospf6_neighbor_state_code,"state=""Twoway"",interface=""ens5"",neighbor_id=""5.5.5.1""",2
2026-07-28 15:23:00,ccf-aiops-武汉,br-2,br,ospf6_neighbor_state_code,"state=""Full"",interface=""ens5"",neighbor_id=""5.5.5.11""",6
2026-07-28 15:23:00,ccf-aiops-武汉,br-2,br,ospf6_neighbor_state_code,"state=""Full"",interface=""ens5"",neighbor_id=""5.5.5.12""",6
2026-07-28 15:23:00,ccf-aiops-武汉,cr-1,cr,ipv6_default_route_changed_total,,0
2026-07-28 15:23:00,ccf-aiops-武汉,cr-1,cr,ipv6_default_route_info,"next_hop=""fd00:5:20::2"",dev=""ens4"",protocol=""196"",metric=""20"",route_index=""0"",nh_index=""1""",1
2026-07-28 15:23:00,ccf-aiops-武汉,cr-1,cr,ipv6_default_route_info,"next_hop=""fd00:5:20::1"",dev=""ens4"",protocol=""196"",metric=""20"",route_index=""0"",nh_index=""0""",1
2026-07-28 15:23:00,ccf-aiops-武汉,cr-1,cr,ipv6_route_change_total,"prefix=""fd00:4:40::/64""",0
2026-07-28 15:23:00,ccf-aiops-武汉,cr-1,cr,ipv6_route_change_total,"prefix=""fd00:8:40::/64""",0
2026-07-28 15:23:00,ccf-aiops-武汉,cr-1,cr,ipv6_route_change_total,"prefix=""::/0""",0
2026-07-28 15:23:00,ccf-aiops-武汉,cr-1,cr,ipv6_route_change_total,"prefix=""fd00:1:40::/64""",0
2026-07-28 15:23:00,ccf-aiops-武汉,cr-1,cr,ipv6_route_change_total,"prefix=""fd00:7:40::/64""",0
2026-07-28 15:23:00,ccf-aiops-武汉,cr-1,cr,ipv6_route_change_total,"prefix=""fd00:6:40::/64""",0
2026-07-28 15:23:00,ccf-aiops-武汉,cr-1,cr,ipv6_route_change_total,"prefix=""fd00:5:40::/64""",0
2026-07-28 15:23:00,ccf-aiops-武汉,cr-1,cr,ipv6_route_change_total,"prefix=""fd00:3:40::/64""",0
2026-07-28 15:23:00,ccf-aiops-武汉,cr-1,cr,ipv6_route_change_total,"prefix=""fd00:2:40::/64""",0
2026-07-28 15:23:00,ccf-aiops-武汉,cr-1,cr,ipv6_route_count,"protocol=""ospf""",7
2026-07-28 15:23:00,ccf-aiops-武汉,cr-1,cr,ipv6_route_count,"protocol=""kernel""",6
2026-07-28 15:23:00,ccf-aiops-武汉,cr-1,cr,ipv6_route_count,"protocol=""all""",15
2026-07-28 15:23:00,ccf-aiops-武汉,cr-1,cr,ipv6_route_count,"protocol=""196""",2
2026-07-28 15:23:00,ccf-aiops-武汉,cr-1,cr,ipv6_route_exists,"prefix=""fd00:4:40::/64""",1
2026-07-28 15:23:00,ccf-aiops-武汉,cr-1,cr,ipv6_route_exists,"prefix=""::/0""",1
2026-07-28 15:23:00,ccf-aiops-武汉,cr-1,cr,ipv6_route_exists,"prefix=""fd00:1:40::/64""",1
2026-07-28 15:23:00,ccf-aiops-武汉,cr-1,cr,ipv6_route_exists,"prefix=""fd00:2:40::/64""",1
2026-07-28 15:23:00,ccf-aiops-武汉,cr-1,cr,ipv6_route_exists,"prefix=""fd00:3:40::/64""",1
2026-07-28 15:23:00,ccf-aiops-武汉,cr-1,cr,ipv6_route_exists,"prefix=""fd00:5:40::/64""",1
2026-07-28 15:23:00,ccf-aiops-武汉,cr-1,cr,ipv6_route_exists,"prefix=""fd00:6:40::/64""",1
2026-07-28 15:23:00,ccf-aiops-武汉,cr-1,cr,ipv6_route_exists,"prefix=""fd00:7:40::/64""",1
2026-07-28 15:23:00,ccf-aiops-武汉,cr-1,cr,ipv6_route_exists,"prefix=""fd00:8:40::/64""",1
2026-07-28 15:23:00,ccf-aiops-武汉,cr-1,cr,ipv6_route_nexthop_info,"prefix=""fd00:5:40::/64"",next_hop=""fd00:5:30::254"",dev=""ens5"",protocol=""196"",metric=""20"",route_index=""0"",nh_index=""0""",1
2026-07-28 15:23:00,ccf-aiops-武汉,cr-1,cr,ipv6_route_nexthop_info,"prefix=""fd00:2:40::/64"",next_hop=""fe80::5:20:1"",dev=""ens4"",protocol=""ospf"",metric=""20"",route_index=""0"",nh_index=""0""",1
2026-07-28 15:23:00,ccf-aiops-武汉,cr-1,cr,ipv6_route_nexthop_info,"prefix=""fd00:8:40::/64"",next_hop=""fe80::5:20:2"",dev=""ens4"",protocol=""ospf"",metric=""20"",route_index=""0"",nh_index=""1""",1
2026-07-28 15:23:00,ccf-aiops-武汉,cr-1,cr,ipv6_route_nexthop_info,"prefix=""fd00:6:40::/64"",next_hop=""fe80::5:20:2"",dev=""ens4"",protocol=""ospf"",metric=""20"",route_index=""0"",nh_index=""1""",1
2026-07-28 15:23:00,ccf-aiops-武汉,cr-1,cr,ipv6_route_nexthop_info,"prefix=""::/0"",next_hop=""fd00:5:20::1"",dev=""ens4"",protocol=""196"",metric=""20"",route_index=""0"",nh_index=""0""",1
2026-07-28 15:23:00,ccf-aiops-武汉,cr-1,cr,ipv6_route_nexthop_info,"prefix=""::/0"",next_hop=""fd00:5:20::2"",dev=""ens4"",protocol=""196"",metric=""20"",route_index=""0"",nh_index=""1""",1
2026-07-28 15:23:00,ccf-aiops-武汉,cr-1,cr,ipv6_route_nexthop_info,"prefix=""fd00:1:40::/64"",next_hop=""fe80::5:20:1"",dev=""ens4"",protocol=""ospf"",metric=""20"",route_index=""0"",nh_index=""0""",1
2026-07-28 15:23:00,ccf-aiops-武汉,cr-1,cr,ipv6_route_nexthop_info,"prefix=""fd00:3:40::/64"",next_hop=""fe80::5:20:1"",dev=""ens4"",protocol=""ospf"",metric=""20"",route_index=""0"",nh_index=""0""",1
2026-07-28 15:23:00,ccf-aiops-武汉,cr-1,cr,ipv6_route_nexthop_info,"prefix=""fd00:4:40::/64"",next_hop=""fe80::5:20:1"",dev=""ens4"",protocol=""ospf"",metric=""20"",route_index=""0"",nh_index=""0""",1
2026-07-28 15:23:00,ccf-aiops-武汉,cr-1,cr,ipv6_route_nexthop_info,"prefix=""fd00:6:40::/64"",next_hop=""fe80::5:20:1"",dev=""ens4"",protocol=""ospf"",metric=""20"",route_index=""0"",nh_index=""0""",1
2026-07-28 15:23:00,ccf-aiops-武汉,cr-1,cr,ipv6_route_nexthop_info,"prefix=""fd00:7:40::/64"",next_hop=""fe80::5:20:1"",dev=""ens4"",protocol=""ospf"",metric=""20"",route_index=""0"",nh_index=""0""",1
2026-07-28 15:23:00,ccf-aiops-武汉,cr-1,cr,ipv6_route_nexthop_info,"prefix=""fd00:8:40::/64"",next_hop=""fe80::5:20:1"",dev=""ens4"",protocol=""ospf"",metric=""20"",route_index=""0"",nh_index=""0""",1
2026-07-28 15:23:00,ccf-aiops-武汉,cr-1,cr,ipv6_route_nexthop_info,"prefix=""fd00:1:40::/64"",next_hop=""fe80::5:20:2"",dev=""ens4"",protocol=""ospf"",metric=""20"",route_index=""0"",nh_index=""1""",1
2026-07-28 15:23:00,ccf-aiops-武汉,cr-1,cr,ipv6_route_nexthop_info,"prefix=""fd00:2:40::/64"",next_hop=""fe80::5:20:2"",dev=""ens4"",protocol=""ospf"",metric=""20"",route_index=""0"",nh_index=""1""",1
2026-07-28 15:23:00,ccf-aiops-武汉,cr-1,cr,ipv6_route_nexthop_info,"prefix=""fd00:3:40::/64"",next_hop=""fe80::5:20:2"",dev=""ens4"",protocol=""ospf"",metric=""20"",route_index=""0"",nh_index=""1""",1
2026-07-28 15:23:00,ccf-aiops-武汉,cr-1,cr,ipv6_route_nexthop_info,"prefix=""fd00:4:40::/64"",next_hop=""fe80::5:20:2"",dev=""ens4"",protocol=""ospf"",metric=""20"",route_index=""0"",nh_index=""1""",1
2026-07-28 15:23:00,ccf-aiops-武汉,cr-1,cr,ipv6_route_nexthop_info,"prefix=""fd00:7:40::/64"",next_hop=""fe80::5:20:2"",dev=""ens4"",protocol=""ospf"",metric=""20"",route_index=""0"",nh_index=""1""",1
2026-07-28 15:23:00,ccf-aiops-武汉,cr-1,cr,ospf6_interface_cost,"interface=""ens5""",1
2026-07-28 15:23:00,ccf-aiops-武汉,cr-1,cr,ospf6_interface_cost,"interface=""ens4""",1
2026-07-28 15:23:00,ccf-aiops-武汉,cr-1,cr,ospf6_interface_enabled,"interface=""ens11""",1
2026-07-28 15:23:00,ccf-aiops-武汉,cr-1,cr,ospf6_interface_enabled,"interface=""virbr0""",0
2026-07-28 15:23:00,ccf-aiops-武汉,cr-1,cr,ospf6_interface_enabled,"interface=""lo""",1
2026-07-28 15:23:00,ccf-aiops-武汉,cr-1,cr,ospf6_interface_enabled,"interface=""ens9""",1
2026-07-28 15:23:00,ccf-aiops-武汉,cr-1,cr,ospf6_interface_enabled,"interface=""ens8""",1
2026-07-28 15:23:00,ccf-aiops-武汉,cr-1,cr,ospf6_interface_enabled,"interface=""ens7""",1
2026-07-28 15:23:00,ccf-aiops-武汉,cr-1,cr,ospf6_interface_enabled,"interface=""ens5""",1
2026-07-28 15:23:00,ccf-aiops-武汉,cr-1,cr,ospf6_interface_enabled,"interface=""ens4""",1
2026-07-28 15:23:00,ccf-aiops-武汉,cr-1,cr,ospf6_interface_enabled,"interface=""ens3""",1
2026-07-28 15:23:00,ccf-aiops-武汉,cr-1,cr,ospf6_interface_enabled,"interface=""ens12""",1
2026-07-28 15:23:00,ccf-aiops-武汉,cr-1,cr,ospf6_interface_enabled,"interface=""ens6""",1
2026-07-28 15:23:00,ccf-aiops-武汉,cr-1,cr,ospf6_interface_enabled,"interface=""ens10""",1
2026-07-28 15:23:00,ccf-aiops-武汉,cr-1,cr,ospf6_neighbor_state_code,"state=""Full"",interface=""ens5"",neighbor_id=""5.5.5.12""",6
2026-07-28 15:23:00,ccf-aiops-武汉,cr-1,cr,ospf6_neighbor_state_code,"state=""Full"",interface=""ens4"",neighbor_id=""5.5.5.2""",6
2026-07-28 15:23:00,ccf-aiops-武汉,cr-1,cr,ospf6_neighbor_state_code,"state=""Full"",interface=""ens4"",neighbor_id=""5.5.5.12""",6
2026-07-28 15:23:00,ccf-aiops-武汉,cr-1,cr,ospf6_neighbor_state_code,"state=""Full"",interface=""ens4"",neighbor_id=""5.5.5.1""",6
2026-07-28 15:23:00,ccf-aiops-武汉,cr-1,cr,bgp_command_success,,
2026-07-28 15:23:00,ccf-aiops-武汉,cr-1,cr,bgp_peer_up,,
2026-07-28 15:23:00,ccf-aiops-武汉,cr-1,cr,bgp_peer_uptime_seconds,,
2026-07-28 15:23:00,ccf-aiops-武汉,cr-1,cr,bgp_peer_prefix_received,,
2026-07-28 15:23:00,ccf-aiops-武汉,cr-1,cr,bgp_peer_prefix_sent,,
2026-07-28 15:23:00,ccf-aiops-武汉,cr-1,cr,bgp_peer_count,,
2026-07-28 15:23:00,ccf-aiops-武汉,cr-2,cr,ipv6_default_route_changed_total,,0
2026-07-28 15:23:00,ccf-aiops-武汉,cr-2,cr,ipv6_default_route_info,"next_hop=""fd00:5:20::1"",dev=""ens4"",protocol=""196"",metric=""20"",route_index=""0"",nh_index=""0""",1
2026-07-28 15:23:00,ccf-aiops-武汉,cr-2,cr,ipv6_default_route_info,"next_hop=""fd00:5:20::2"",dev=""ens4"",protocol=""196"",metric=""20"",route_index=""0"",nh_index=""1""",1
2026-07-28 15:23:00,ccf-aiops-武汉,cr-2,cr,ipv6_route_change_total,"prefix=""fd00:6:40::/64""",0
2026-07-28 15:23:00,ccf-aiops-武汉,cr-2,cr,ipv6_route_change_total,"prefix=""fd00:8:40::/64""",0
2026-07-28 15:23:00,ccf-aiops-武汉,cr-2,cr,ipv6_route_change_total,"prefix=""fd00:7:40::/64""",0
2026-07-28 15:23:00,ccf-aiops-武汉,cr-2,cr,ipv6_route_change_total,"prefix=""fd00:5:40::/64""",0
2026-07-28 15:23:00,ccf-aiops-武汉,cr-2,cr,ipv6_route_change_total,"prefix=""fd00:4:40::/64""",0
2026-07-28 15:23:00,ccf-aiops-武汉,cr-2,cr,ipv6_route_change_total,"prefix=""fd00:3:40::/64""",0
2026-07-28 15:23:00,ccf-aiops-武汉,cr-2,cr,ipv6_route_change_total,"prefix=""fd00:2:40::/64""",0
2026-07-28 15:23:00,ccf-aiops-武汉,cr-2,cr,ipv6_route_change_total,"prefix=""fd00:1:40::/64""",0
2026-07-28 15:23:00,ccf-aiops-武汉,cr-2,cr,ipv6_route_change_total,"prefix=""::/0""",0
2026-07-28 15:23:00,ccf-aiops-武汉,cr-2,cr,ipv6_route_count,"protocol=""kernel""",6
2026-07-28 15:23:00,ccf-aiops-武汉,cr-2,cr,ipv6_route_count,"protocol=""ospf""",7
2026-07-28 15:23:00,ccf-aiops-武汉,cr-2,cr,ipv6_route_count,"protocol=""196""",2
2026-07-28 15:23:00,ccf-aiops-武汉,cr-2,cr,ipv6_route_count,"protocol=""all""",15
2026-07-28 15:23:00,ccf-aiops-武汉,cr-2,cr,ipv6_route_exists,"prefix=""fd00:7:40::/64""",1
2026-07-28 15:23:00,ccf-aiops-武汉,cr-2,cr,ipv6_route_exists,"prefix=""fd00:6:40::/64""",1
2026-07-28 15:23:00,ccf-aiops-武汉,cr-2,cr,ipv6_route_exists,"prefix=""fd00:5:40::/64""",1
2026-07-28 15:23:00,ccf-aiops-武汉,cr-2,cr,ipv6_route_exists,"prefix=""fd00:4:40::/64""",1
2026-07-28 15:23:00,ccf-aiops-武汉,cr-2,cr,ipv6_route_exists,"prefix=""fd00:3:40::/64""",1
2026-07-28 15:23:00,ccf-aiops-武汉,cr-2,cr,ipv6_route_exists,"prefix=""fd00:2:40::/64""",1
2026-07-28 15:23:00,ccf-aiops-武汉,cr-2,cr,ipv6_route_exists,"prefix=""fd00:1:40::/64""",1
2026-07-28 15:23:00,ccf-aiops-武汉,cr-2,cr,ipv6_route_exists,"prefix=""::/0""",1
2026-07-28 15:23:00,ccf-aiops-武汉,cr-2,cr,ipv6_route_exists,"prefix=""fd00:8:40::/64""",1
2026-07-28 15:23:00,ccf-aiops-武汉,cr-2,cr,ipv6_route_nexthop_info,"prefix=""fd00:2:40::/64"",next_hop=""fe80::5:20:1"",dev=""ens4"",protocol=""ospf"",metric=""20"",route_index=""0"",nh_index=""0""",1
2026-07-28 15:23:00,ccf-aiops-武汉,cr-2,cr,ipv6_route_nexthop_info,"prefix=""::/0"",next_hop=""fd00:5:20::1"",dev=""ens4"",protocol=""196"",metric=""20"",route_index=""0"",nh_index=""0""",1
2026-07-28 15:23:00,ccf-aiops-武汉,cr-2,cr,ipv6_route_nexthop_info,"prefix=""::/0"",next_hop=""fd00:5:20::2"",dev=""ens4"",protocol=""196"",metric=""20"",route_index=""0"",nh_index=""1""",1
2026-07-28 15:23:00,ccf-aiops-武汉,cr-2,cr,ipv6_route_nexthop_info,"prefix=""fd00:1:40::/64"",next_hop=""fe80::5:20:1"",dev=""ens4"",protocol=""ospf"",metric=""20"",route_index=""0"",nh_index=""0""",1
2026-07-28 15:23:00,ccf-aiops-武汉,cr-2,cr,ipv6_route_nexthop_info,"prefix=""fd00:3:40::/64"",next_hop=""fe80::5:20:1"",dev=""ens4"",protocol=""ospf"",metric=""20"",route_index=""0"",nh_index=""0""",1
2026-07-28 15:23:00,ccf-aiops-武汉,cr-2,cr,ipv6_route_nexthop_info,"prefix=""fd00:4:40::/64"",next_hop=""fe80::5:20:1"",dev=""ens4"",protocol=""ospf"",metric=""20"",route_index=""0"",nh_index=""0""",1
2026-07-28 15:23:00,ccf-aiops-武汉,cr-2,cr,ipv6_route_nexthop_info,"prefix=""fd00:6:40::/64"",next_hop=""fe80::5:20:1"",dev=""ens4"",protocol=""ospf"",metric=""20"",route_index=""0"",nh_index=""0""",1
2026-07-28 15:23:00,ccf-aiops-武汉,cr-2,cr,ipv6_route_nexthop_info,"prefix=""fd00:7:40::/64"",next_hop=""fe80::5:20:1"",dev=""ens4"",protocol=""ospf"",metric=""20"",route_index=""0"",nh_index=""0""",1
2026-07-28 15:23:00,ccf-aiops-武汉,cr-2,cr,ipv6_route_nexthop_info,"prefix=""fd00:8:40::/64"",next_hop=""fe80::5:20:1"",dev=""ens4"",protocol=""ospf"",metric=""20"",route_index=""0"",nh_index=""0""",1
2026-07-28 15:23:00,ccf-aiops-武汉,cr-2,cr,ipv6_route_nexthop_info,"prefix=""fd00:1:40::/64"",next_hop=""fe80::5:20:2"",dev=""ens4"",protocol=""ospf"",metric=""20"",route_index=""0"",nh_index=""1""",1
2026-07-28 15:23:00,ccf-aiops-武汉,cr-2,cr,ipv6_route_nexthop_info,"prefix=""fd00:2:40::/64"",next_hop=""fe80::5:20:2"",dev=""ens4"",protocol=""ospf"",metric=""20"",route_index=""0"",nh_index=""1""",1
2026-07-28 15:23:00,ccf-aiops-武汉,cr-2,cr,ipv6_route_nexthop_info,"prefix=""fd00:3:40::/64"",next_hop=""fe80::5:20:2"",dev=""ens4"",protocol=""ospf"",metric=""20"",route_index=""0"",nh_index=""1""",1
2026-07-28 15:23:00,ccf-aiops-武汉,cr-2,cr,ipv6_route_nexthop_info,"prefix=""fd00:4:40::/64"",next_hop=""fe80::5:20:2"",dev=""ens4"",protocol=""ospf"",metric=""20"",route_index=""0"",nh_index=""1""",1
2026-07-28 15:23:00,ccf-aiops-武汉,cr-2,cr,ipv6_route_nexthop_info,"prefix=""fd00:6:40::/64"",next_hop=""fe80::5:20:2"",dev=""ens4"",protocol=""ospf"",metric=""20"",route_index=""0"",nh_index=""1""",1
2026-07-28 15:23:00,ccf-aiops-武汉,cr-2,cr,ipv6_route_nexthop_info,"prefix=""fd00:7:40::/64"",next_hop=""fe80::5:20:2"",dev=""ens4"",protocol=""ospf"",metric=""20"",route_index=""0"",nh_index=""1""",1
2026-07-28 15:23:00,ccf-aiops-武汉,cr-2,cr,ipv6_route_nexthop_info,"prefix=""fd00:8:40::/64"",next_hop=""fe80::5:20:2"",dev=""ens4"",protocol=""ospf"",metric=""20"",route_index=""0"",nh_index=""1""",1
2026-07-28 15:23:00,ccf-aiops-武汉,cr-2,cr,ipv6_route_nexthop_info,"prefix=""fd00:5:40::/64"",next_hop=""fd00:5:30::254"",dev=""ens5"",protocol=""196"",metric=""20"",route_index=""0"",nh_index=""0""",1
2026-07-28 15:23:00,ccf-aiops-武汉,cr-2,cr,ospf6_interface_cost,"interface=""ens5""",1
2026-07-28 15:23:00,ccf-aiops-武汉,cr-2,cr,ospf6_interface_cost,"interface=""ens4""",1
2026-07-28 15:23:00,ccf-aiops-武汉,cr-2,cr,ospf6_interface_enabled,"interface=""ens6""",1
2026-07-28 15:23:00,ccf-aiops-武汉,cr-2,cr,ospf6_interface_enabled,"interface=""lo""",1
2026-07-28 15:23:00,ccf-aiops-武汉,cr-2,cr,ospf6_interface_enabled,"interface=""ens10""",1
2026-07-28 15:23:00,ccf-aiops-武汉,cr-2,cr,ospf6_interface_enabled,"interface=""ens11""",1
2026-07-28 15:23:00,ccf-aiops-武汉,cr-2,cr,ospf6_interface_enabled,"interface=""ens12""",1
2026-07-28 15:23:00,ccf-aiops-武汉,cr-2,cr,ospf6_interface_enabled,"interface=""ens3""",1
2026-07-28 15:23:00,ccf-aiops-武汉,cr-2,cr,ospf6_interface_enabled,"interface=""ens4""",1
2026-07-28 15:23:00,ccf-aiops-武汉,cr-2,cr,ospf6_interface_enabled,"interface=""ens5""",1
2026-07-28 15:23:00,ccf-aiops-武汉,cr-2,cr,ospf6_interface_enabled,"interface=""ens7""",1
2026-07-28 15:23:00,ccf-aiops-武汉,cr-2,cr,ospf6_interface_enabled,"interface=""ens8""",1
2026-07-28 15:23:00,ccf-aiops-武汉,cr-2,cr,ospf6_interface_enabled,"interface=""ens9""",1
2026-07-28 15:23:00,ccf-aiops-武汉,cr-2,cr,ospf6_interface_enabled,"interface=""virbr0""",0
2026-07-28 15:23:00,ccf-aiops-武汉,cr-2,cr,ospf6_neighbor_state_code,"state=""Full"",interface=""ens4"",neighbor_id=""5.5.5.1""",6
2026-07-28 15:23:00,ccf-aiops-武汉,cr-2,cr,ospf6_neighbor_state_code,"state=""Full"",interface=""ens4"",neighbor_id=""5.5.5.11""",6
2026-07-28 15:23:00,ccf-aiops-武汉,cr-2,cr,ospf6_neighbor_state_code,"state=""Full"",interface=""ens4"",neighbor_id=""5.5.5.2""",6
2026-07-28 15:23:00,ccf-aiops-武汉,cr-2,cr,ospf6_neighbor_state_code,"state=""Full"",interface=""ens5"",neighbor_id=""5.5.5.11""",6
2026-07-28 15:23:00,ccf-aiops-武汉,cr-2,cr,bgp_command_success,,
2026-07-28 15:23:00,ccf-aiops-武汉,cr-2,cr,bgp_peer_up,,
2026-07-28 15:23:00,ccf-aiops-武汉,cr-2,cr,bgp_peer_uptime_seconds,,
2026-07-28 15:23:00,ccf-aiops-武汉,cr-2,cr,bgp_peer_prefix_received,,
2026-07-28 15:23:00,ccf-aiops-武汉,cr-2,cr,bgp_peer_prefix_sent,,
2026-07-28 15:23:00,ccf-aiops-武汉,cr-2,cr,bgp_peer_count,,
2026-07-28 15:24:00,ccf-aiops-武汉,br-1,br,bgp_command_success,"command=""bgp_summary""",1
2026-07-28 15:24:00,ccf-aiops-武汉,br-1,br,bgp_peer_count,,6
2026-07-28 15:24:00,ccf-aiops-武汉,br-1,br,bgp_peer_prefix_received,"peer=""fd00:100:10::71"",remote_as=""65008"",state=""Established""",4
2026-07-28 15:24:00,ccf-aiops-武汉,br-1,br,bgp_peer_prefix_received,"peer=""fd00:100:10::61"",remote_as=""65007"",state=""Established""",4
2026-07-28 15:24:00,ccf-aiops-武汉,br-1,br,bgp_peer_prefix_received,"peer=""fd00:100:10::51"",remote_as=""65006"",state=""Established""",5
2026-07-28 15:24:00,ccf-aiops-武汉,br-1,br,bgp_peer_prefix_received,"peer=""fd00:100:10::21"",remote_as=""65003"",state=""Established""",4
2026-07-28 15:24:00,ccf-aiops-武汉,br-1,br,bgp_peer_prefix_received,"peer=""fd00:100:10::1"",remote_as=""65001"",state=""Established""",5
2026-07-28 15:24:00,ccf-aiops-武汉,br-1,br,bgp_peer_prefix_received,"peer=""fd00:100:10::31"",remote_as=""65004"",state=""Established""",2
2026-07-28 15:24:00,ccf-aiops-武汉,br-1,br,bgp_peer_prefix_sent,"peer=""fd00:100:10::71"",remote_as=""65008"",state=""Established""",8
2026-07-28 15:24:00,ccf-aiops-武汉,br-1,br,bgp_peer_prefix_sent,"peer=""fd00:100:10::61"",remote_as=""65007"",state=""Established""",8
2026-07-28 15:24:00,ccf-aiops-武汉,br-1,br,bgp_peer_prefix_sent,"peer=""fd00:100:10::51"",remote_as=""65006"",state=""Established""",8
2026-07-28 15:24:00,ccf-aiops-武汉,br-1,br,bgp_peer_prefix_sent,"peer=""fd00:100:10::31"",remote_as=""65004"",state=""Established""",8
2026-07-28 15:24:00,ccf-aiops-武汉,br-1,br,bgp_peer_prefix_sent,"peer=""fd00:100:10::21"",remote_as=""65003"",state=""Established""",8
2026-07-28 15:24:00,ccf-aiops-武汉,br-1,br,bgp_peer_prefix_sent,"peer=""fd00:100:10::1"",remote_as=""65001"",state=""Established""",8
2026-07-28 15:24:00,ccf-aiops-武汉,br-1,br,bgp_peer_up,"peer=""fd00:100:10::71"",remote_as=""65008"",state=""Established""",1
2026-07-28 15:24:00,ccf-aiops-武汉,br-1,br,bgp_peer_up,"peer=""fd00:100:10::61"",remote_as=""65007"",state=""Established""",1
2026-07-28 15:24:00,ccf-aiops-武汉,br-1,br,bgp_peer_up,"peer=""fd00:100:10::51"",remote_as=""65006"",state=""Established""",1
2026-07-28 15:24:00,ccf-aiops-武汉,br-1,br,bgp_peer_up,"peer=""fd00:100:10::31"",remote_as=""65004"",state=""Established""",1
2026-07-28 15:24:00,ccf-aiops-武汉,br-1,br,bgp_peer_up,"peer=""fd00:100:10::21"",remote_as=""65003"",state=""Established""",1
2026-07-28 15:24:00,ccf-aiops-武汉,br-1,br,bgp_peer_up,"peer=""fd00:100:10::1"",remote_as=""65001"",state=""Established""",1
2026-07-28 15:24:00,ccf-aiops-武汉,br-1,br,bgp_peer_uptime_seconds,"peer=""fd00:100:10::71"",remote_as=""65008"",state=""Established""",2422667
2026-07-28 15:24:00,ccf-aiops-武汉,br-1,br,bgp_peer_uptime_seconds,"peer=""fd00:100:10::1"",remote_as=""65001"",state=""Established""",2422988
2026-07-28 15:24:00,ccf-aiops-武汉,br-1,br,bgp_peer_uptime_seconds,"peer=""fd00:100:10::21"",remote_as=""65003"",state=""Established""",1735626
2026-07-28 15:24:00,ccf-aiops-武汉,br-1,br,bgp_peer_uptime_seconds,"peer=""fd00:100:10::31"",remote_as=""65004"",state=""Established""",2422988
2026-07-28 15:24:00,ccf-aiops-武汉,br-1,br,bgp_peer_uptime_seconds,"peer=""fd00:100:10::51"",remote_as=""65006"",state=""Established""",2422900
2026-07-28 15:24:00,ccf-aiops-武汉,br-1,br,bgp_peer_uptime_seconds,"peer=""fd00:100:10::61"",remote_as=""65007"",state=""Established""",2422792
2026-07-28 15:24:00,ccf-aiops-武汉,br-1,br,ipv6_default_route_changed_total,,0
2026-07-28 15:24:00,ccf-aiops-武汉,br-1,br,ipv6_default_route_info,"next_hop=""240a:a023::1"",dev=""ens4"",protocol=""unknown"",metric=""1024"",route_index=""0"",nh_index=""0""",1
2026-07-28 15:24:00,ccf-aiops-武汉,br-1,br,ipv6_route_change_total,"prefix=""fd00:3:40::/64""",0
2026-07-28 15:24:00,ccf-aiops-武汉,br-1,br,ipv6_route_change_total,"prefix=""::/0""",0
2026-07-28 15:24:00,ccf-aiops-武汉,br-1,br,ipv6_route_change_total,"prefix=""fd00:2:40::/64""",2
2026-07-28 15:24:00,ccf-aiops-武汉,br-1,br,ipv6_route_change_total,"prefix=""fd00:8:40::/64""",0
2026-07-28 15:24:00,ccf-aiops-武汉,br-1,br,ipv6_route_change_total,"prefix=""fd00:7:40::/64""",8
2026-07-28 15:24:00,ccf-aiops-武汉,br-1,br,ipv6_route_change_total,"prefix=""fd00:6:40::/64""",0
2026-07-28 15:24:00,ccf-aiops-武汉,br-1,br,ipv6_route_change_total,"prefix=""fd00:5:40::/64""",0
2026-07-28 15:24:00,ccf-aiops-武汉,br-1,br,ipv6_route_change_total,"prefix=""fd00:4:40::/64""",0
2026-07-28 15:24:00,ccf-aiops-武汉,br-1,br,ipv6_route_change_total,"prefix=""fd00:1:40::/64""",0
2026-07-28 15:24:00,ccf-aiops-武汉,br-1,br,ipv6_route_count,"protocol=""all""",17
2026-07-28 15:24:00,ccf-aiops-武汉,br-1,br,ipv6_route_count,"protocol=""bgp""",7
2026-07-28 15:24:00,ccf-aiops-武汉,br-1,br,ipv6_route_count,"protocol=""kernel""",7
2026-07-28 15:24:00,ccf-aiops-武汉,br-1,br,ipv6_route_count,"protocol=""ospf""",2
2026-07-28 15:24:00,ccf-aiops-武汉,br-1,br,ipv6_route_count,"protocol=""unknown""",1
2026-07-28 15:24:00,ccf-aiops-武汉,br-1,br,ipv6_route_exists,"prefix=""fd00:5:40::/64""",1
2026-07-28 15:24:00,ccf-aiops-武汉,br-1,br,ipv6_route_exists,"prefix=""fd00:8:40::/64""",1
2026-07-28 15:24:00,ccf-aiops-武汉,br-1,br,ipv6_route_exists,"prefix=""fd00:7:40::/64""",1
2026-07-28 15:24:00,ccf-aiops-武汉,br-1,br,ipv6_route_exists,"prefix=""fd00:6:40::/64""",1
2026-07-28 15:24:00,ccf-aiops-武汉,br-1,br,ipv6_route_exists,"prefix=""fd00:1:40::/64""",1
2026-07-28 15:24:00,ccf-aiops-武汉,br-1,br,ipv6_route_exists,"prefix=""fd00:2:40::/64""",1
2026-07-28 15:24:00,ccf-aiops-武汉,br-1,br,ipv6_route_exists,"prefix=""fd00:3:40::/64""",1
2026-07-28 15:24:00,ccf-aiops-武汉,br-1,br,ipv6_route_exists,"prefix=""fd00:4:40::/64""",1
2026-07-28 15:24:00,ccf-aiops-武汉,br-1,br,ipv6_route_exists,"prefix=""::/0""",1
2026-07-28 15:24:00,ccf-aiops-武汉,br-1,br,ipv6_route_nexthop_info,"prefix=""fd00:3:40::/64"",next_hop=""fe80::100:10:21"",dev=""ens4"",protocol=""bgp"",metric=""20"",route_index=""0"",nh_index=""0""",1
2026-07-28 15:24:00,ccf-aiops-武汉,br-1,br,ipv6_route_nexthop_info,"prefix=""fd00:8:40::/64"",next_hop=""fe80::100:10:71"",dev=""ens4"",protocol=""bgp"",metric=""20"",route_index=""0"",nh_index=""0""",1
2026-07-28 15:24:00,ccf-aiops-武汉,br-1,br,ipv6_route_nexthop_info,"prefix=""fd00:7:40::/64"",next_hop=""fe80::100:10:61"",dev=""ens4"",protocol=""bgp"",metric=""20"",route_index=""0"",nh_index=""0""",1
2026-07-28 15:24:00,ccf-aiops-武汉,br-1,br,ipv6_route_nexthop_info,"prefix=""fd00:6:40::/64"",next_hop=""fe80::100:10:51"",dev=""ens4"",protocol=""bgp"",metric=""20"",route_index=""0"",nh_index=""0""",1
2026-07-28 15:24:00,ccf-aiops-武汉,br-1,br,ipv6_route_nexthop_info,"prefix=""fd00:4:40::/64"",next_hop=""fe80::100:10:31"",dev=""ens4"",protocol=""bgp"",metric=""20"",route_index=""0"",nh_index=""0""",1
2026-07-28 15:24:00,ccf-aiops-武汉,br-1,br,ipv6_route_nexthop_info,"prefix=""fd00:2:40::/64"",next_hop=""fe80::100:10:1"",dev=""ens4"",protocol=""bgp"",metric=""20"",route_index=""0"",nh_index=""0""",1
2026-07-28 15:24:00,ccf-aiops-武汉,br-1,br,ipv6_route_nexthop_info,"prefix=""fd00:1:40::/64"",next_hop=""fe80::100:10:1"",dev=""ens4"",protocol=""bgp"",metric=""20"",route_index=""0"",nh_index=""0""",1
2026-07-28 15:24:00,ccf-aiops-武汉,br-1,br,ipv6_route_nexthop_info,"prefix=""::/0"",next_hop=""240a:a023::1"",dev=""ens4"",protocol=""unknown"",metric=""1024"",route_index=""0"",nh_index=""0""",1
2026-07-28 15:24:00,ccf-aiops-武汉,br-1,br,ipv6_route_nexthop_info,"prefix=""fd00:5:40::/64"",next_hop=""fe80::5:20:12"",dev=""ens5"",protocol=""ospf"",metric=""20"",route_index=""0"",nh_index=""1""",1
2026-07-28 15:24:00,ccf-aiops-武汉,br-1,br,ipv6_route_nexthop_info,"prefix=""fd00:5:40::/64"",next_hop=""fe80::5:20:11"",dev=""ens5"",protocol=""ospf"",metric=""20"",route_index=""0"",nh_index=""0""",1
2026-07-28 15:24:00,ccf-aiops-武汉,br-1,br,ospf6_interface_cost,"interface=""ens5""",1
2026-07-28 15:24:00,ccf-aiops-武汉,br-1,br,ospf6_interface_enabled,"interface=""lo""",1
2026-07-28 15:24:00,ccf-aiops-武汉,br-1,br,ospf6_interface_enabled,"interface=""virbr0""",0
2026-07-28 15:24:00,ccf-aiops-武汉,br-1,br,ospf6_interface_enabled,"interface=""ens9""",1
2026-07-28 15:24:00,ccf-aiops-武汉,br-1,br,ospf6_interface_enabled,"interface=""ens8""",1
2026-07-28 15:24:00,ccf-aiops-武汉,br-1,br,ospf6_interface_enabled,"interface=""ens7""",1
2026-07-28 15:24:00,ccf-aiops-武汉,br-1,br,ospf6_interface_enabled,"interface=""ens6""",1
2026-07-28 15:24:00,ccf-aiops-武汉,br-1,br,ospf6_interface_enabled,"interface=""ens5""",1
2026-07-28 15:24:00,ccf-aiops-武汉,br-1,br,ospf6_interface_enabled,"interface=""ens4""",1
2026-07-28 15:24:00,ccf-aiops-武汉,br-1,br,ospf6_interface_enabled,"interface=""ens3""",1
2026-07-28 15:24:00,ccf-aiops-武汉,br-1,br,ospf6_interface_enabled,"interface=""ens12""",1
2026-07-28 15:24:00,ccf-aiops-武汉,br-1,br,ospf6_interface_enabled,"interface=""ens11""",1
2026-07-28 15:24:00,ccf-aiops-武汉,br-1,br,ospf6_interface_enabled,"interface=""ens10""",1
2026-07-28 15:24:00,ccf-aiops-武汉,br-1,br,ospf6_neighbor_state_code,"state=""Full"",interface=""ens5"",neighbor_id=""5.5.5.11""",6
2026-07-28 15:24:00,ccf-aiops-武汉,br-1,br,ospf6_neighbor_state_code,"state=""Full"",interface=""ens5"",neighbor_id=""5.5.5.12""",6
2026-07-28 15:24:00,ccf-aiops-武汉,br-1,br,ospf6_neighbor_state_code,"state=""Twoway"",interface=""ens5"",neighbor_id=""5.5.5.2""",2
2026-07-28 15:24:00,ccf-aiops-武汉,br-2,br,bgp_command_success,"command=""bgp_summary""",1
2026-07-28 15:24:00,ccf-aiops-武汉,br-2,br,bgp_peer_count,,6
2026-07-28 15:24:00,ccf-aiops-武汉,br-2,br,bgp_peer_prefix_received,"peer=""fd00:100:10::72"",remote_as=""65008"",state=""Established""",3
2026-07-28 15:24:00,ccf-aiops-武汉,br-2,br,bgp_peer_prefix_received,"peer=""fd00:100:10::62"",remote_as=""65007"",state=""Established""",4
2026-07-28 15:24:00,ccf-aiops-武汉,br-2,br,bgp_peer_prefix_received,"peer=""fd00:100:10::52"",remote_as=""65006"",state=""Established""",6
2026-07-28 15:24:00,ccf-aiops-武汉,br-2,br,bgp_peer_prefix_received,"peer=""fd00:100:10::32"",remote_as=""65004"",state=""Established""",3
2026-07-28 15:24:00,ccf-aiops-武汉,br-2,br,bgp_peer_prefix_received,"peer=""fd00:100:10::22"",remote_as=""65003"",state=""Established""",5
2026-07-28 15:24:00,ccf-aiops-武汉,br-2,br,bgp_peer_prefix_received,"peer=""fd00:100:10::2"",remote_as=""65001"",state=""Established""",4
2026-07-28 15:24:00,ccf-aiops-武汉,br-2,br,bgp_peer_prefix_sent,"peer=""fd00:100:10::22"",remote_as=""65003"",state=""Established""",8
2026-07-28 15:24:00,ccf-aiops-武汉,br-2,br,bgp_peer_prefix_sent,"peer=""fd00:100:10::32"",remote_as=""65004"",state=""Established""",8
2026-07-28 15:24:00,ccf-aiops-武汉,br-2,br,bgp_peer_prefix_sent,"peer=""fd00:100:10::2"",remote_as=""65001"",state=""Established""",8
2026-07-28 15:24:00,ccf-aiops-武汉,br-2,br,bgp_peer_prefix_sent,"peer=""fd00:100:10::72"",remote_as=""65008"",state=""Established""",8
2026-07-28 15:24:00,ccf-aiops-武汉,br-2,br,bgp_peer_prefix_sent,"peer=""fd00:100:10::62"",remote_as=""65007"",state=""Established""",8
2026-07-28 15:24:00,ccf-aiops-武汉,br-2,br,bgp_peer_prefix_sent,"peer=""fd00:100:10::52"",remote_as=""65006"",state=""Established""",8
2026-07-28 15:24:00,ccf-aiops-武汉,br-2,br,bgp_peer_up,"peer=""fd00:100:10::62"",remote_as=""65007"",state=""Established""",1
2026-07-28 15:24:00,ccf-aiops-武汉,br-2,br,bgp_peer_up,"peer=""fd00:100:10::52"",remote_as=""65006"",state=""Established""",1
2026-07-28 15:24:00,ccf-aiops-武汉,br-2,br,bgp_peer_up,"peer=""fd00:100:10::72"",remote_as=""65008"",state=""Established""",1
2026-07-28 15:24:00,ccf-aiops-武汉,br-2,br,bgp_peer_up,"peer=""fd00:100:10::32"",remote_as=""65004"",state=""Established""",1
2026-07-28 15:24:00,ccf-aiops-武汉,br-2,br,bgp_peer_up,"peer=""fd00:100:10::22"",remote_as=""65003"",state=""Established""",1
2026-07-28 15:24:00,ccf-aiops-武汉,br-2,br,bgp_peer_up,"peer=""fd00:100:10::2"",remote_as=""65001"",state=""Established""",1
2026-07-28 15:24:00,ccf-aiops-武汉,br-2,br,bgp_peer_uptime_seconds,"peer=""fd00:100:10::2"",remote_as=""65001"",state=""Established""",2422970
2026-07-28 15:24:00,ccf-aiops-武汉,br-2,br,bgp_peer_uptime_seconds,"peer=""fd00:100:10::22"",remote_as=""65003"",state=""Established""",705361
2026-07-28 15:24:00,ccf-aiops-武汉,br-2,br,bgp_peer_uptime_seconds,"peer=""fd00:100:10::32"",remote_as=""65004"",state=""Established""",2422970
2026-07-28 15:24:00,ccf-aiops-武汉,br-2,br,bgp_peer_uptime_seconds,"peer=""fd00:100:10::52"",remote_as=""65006"",state=""Established""",2422877
2026-07-28 15:24:00,ccf-aiops-武汉,br-2,br,bgp_peer_uptime_seconds,"peer=""fd00:100:10::62"",remote_as=""65007"",state=""Established""",2422766
2026-07-28 15:24:00,ccf-aiops-武汉,br-2,br,bgp_peer_uptime_seconds,"peer=""fd00:100:10::72"",remote_as=""65008"",state=""Established""",2422649
2026-07-28 15:24:00,ccf-aiops-武汉,br-2,br,ipv6_default_route_changed_total,,0
2026-07-28 15:24:00,ccf-aiops-武汉,br-2,br,ipv6_default_route_info,"next_hop=""240a:a023::1"",dev=""ens4"",protocol=""unknown"",metric=""1024"",route_index=""0"",nh_index=""0""",1
2026-07-28 15:24:00,ccf-aiops-武汉,br-2,br,ipv6_route_change_total,"prefix=""fd00:4:40::/64""",0
2026-07-28 15:24:00,ccf-aiops-武汉,br-2,br,ipv6_route_change_total,"prefix=""fd00:3:40::/64""",0
2026-07-28 15:24:00,ccf-aiops-武汉,br-2,br,ipv6_route_change_total,"prefix=""fd00:5:40::/64""",0
2026-07-28 15:24:00,ccf-aiops-武汉,br-2,br,ipv6_route_change_total,"prefix=""fd00:6:40::/64""",0
2026-07-28 15:24:00,ccf-aiops-武汉,br-2,br,ipv6_route_change_total,"prefix=""fd00:7:40::/64""",4
2026-07-28 15:24:00,ccf-aiops-武汉,br-2,br,ipv6_route_change_total,"prefix=""::/0""",0
2026-07-28 15:24:00,ccf-aiops-武汉,br-2,br,ipv6_route_change_total,"prefix=""fd00:8:40::/64""",0
2026-07-28 15:24:00,ccf-aiops-武汉,br-2,br,ipv6_route_change_total,"prefix=""fd00:2:40::/64""",2
2026-07-28 15:24:00,ccf-aiops-武汉,br-2,br,ipv6_route_change_total,"prefix=""fd00:1:40::/64""",0
2026-07-28 15:24:00,ccf-aiops-武汉,br-2,br,ipv6_route_count,"protocol=""kernel""",7
2026-07-28 15:24:00,ccf-aiops-武汉,br-2,br,ipv6_route_count,"protocol=""unknown""",1
2026-07-28 15:24:00,ccf-aiops-武汉,br-2,br,ipv6_route_count,"protocol=""ospf""",2
2026-07-28 15:24:00,ccf-aiops-武汉,br-2,br,ipv6_route_count,"protocol=""bgp""",7
2026-07-28 15:24:00,ccf-aiops-武汉,br-2,br,ipv6_route_count,"protocol=""all""",17
2026-07-28 15:24:00,ccf-aiops-武汉,br-2,br,ipv6_route_exists,"prefix=""fd00:8:40::/64""",1
2026-07-28 15:24:00,ccf-aiops-武汉,br-2,br,ipv6_route_exists,"prefix=""fd00:5:40::/64""",1
2026-07-28 15:24:00,ccf-aiops-武汉,br-2,br,ipv6_route_exists,"prefix=""fd00:6:40::/64""",1
2026-07-28 15:24:00,ccf-aiops-武汉,br-2,br,ipv6_route_exists,"prefix=""fd00:7:40::/64""",1
2026-07-28 15:24:00,ccf-aiops-武汉,br-2,br,ipv6_route_exists,"prefix=""fd00:4:40::/64""",1
2026-07-28 15:24:00,ccf-aiops-武汉,br-2,br,ipv6_route_exists,"prefix=""fd00:3:40::/64""",1
2026-07-28 15:24:00,ccf-aiops-武汉,br-2,br,ipv6_route_exists,"prefix=""fd00:2:40::/64""",1
2026-07-28 15:24:00,ccf-aiops-武汉,br-2,br,ipv6_route_exists,"prefix=""fd00:1:40::/64""",1
2026-07-28 15:24:00,ccf-aiops-武汉,br-2,br,ipv6_route_exists,"prefix=""::/0""",1
2026-07-28 15:24:00,ccf-aiops-武汉,br-2,br,ipv6_route_nexthop_info,"prefix=""fd00:6:40::/64"",next_hop=""fe80::100:10:52"",dev=""ens4"",protocol=""bgp"",metric=""20"",route_index=""0"",nh_index=""0""",1
2026-07-28 15:24:00,ccf-aiops-武汉,br-2,br,ipv6_route_nexthop_info,"prefix=""fd00:7:40::/64"",next_hop=""fe80::100:10:62"",dev=""ens4"",protocol=""bgp"",metric=""20"",route_index=""0"",nh_index=""0""",1
2026-07-28 15:24:00,ccf-aiops-武汉,br-2,br,ipv6_route_nexthop_info,"prefix=""fd00:4:40::/64"",next_hop=""fe80::100:10:32"",dev=""ens4"",protocol=""bgp"",metric=""20"",route_index=""0"",nh_index=""0""",1
2026-07-28 15:24:00,ccf-aiops-武汉,br-2,br,ipv6_route_nexthop_info,"prefix=""fd00:3:40::/64"",next_hop=""fe80::100:10:22"",dev=""ens4"",protocol=""bgp"",metric=""20"",route_index=""0"",nh_index=""0""",1
2026-07-28 15:24:00,ccf-aiops-武汉,br-2,br,ipv6_route_nexthop_info,"prefix=""fd00:2:40::/64"",next_hop=""fe80::100:10:2"",dev=""ens4"",protocol=""bgp"",metric=""20"",route_index=""0"",nh_index=""0""",1
2026-07-28 15:24:00,ccf-aiops-武汉,br-2,br,ipv6_route_nexthop_info,"prefix=""fd00:1:40::/64"",next_hop=""fe80::100:10:2"",dev=""ens4"",protocol=""bgp"",metric=""20"",route_index=""0"",nh_index=""0""",1
2026-07-28 15:24:00,ccf-aiops-武汉,br-2,br,ipv6_route_nexthop_info,"prefix=""fd00:8:40::/64"",next_hop=""fe80::100:10:72"",dev=""ens4"",protocol=""bgp"",metric=""20"",route_index=""0"",nh_index=""0""",1
2026-07-28 15:24:00,ccf-aiops-武汉,br-2,br,ipv6_route_nexthop_info,"prefix=""::/0"",next_hop=""240a:a023::1"",dev=""ens4"",protocol=""unknown"",metric=""1024"",route_index=""0"",nh_index=""0""",1
2026-07-28 15:24:00,ccf-aiops-武汉,br-2,br,ipv6_route_nexthop_info,"prefix=""fd00:5:40::/64"",next_hop=""fe80::5:20:11"",dev=""ens5"",protocol=""ospf"",metric=""20"",route_index=""0"",nh_index=""0""",1
2026-07-28 15:24:00,ccf-aiops-武汉,br-2,br,ipv6_route_nexthop_info,"prefix=""fd00:5:40::/64"",next_hop=""fe80::5:20:12"",dev=""ens5"",protocol=""ospf"",metric=""20"",route_index=""0"",nh_index=""1""",1
2026-07-28 15:24:00,ccf-aiops-武汉,br-2,br,ospf6_interface_cost,"interface=""ens5""",1
2026-07-28 15:24:00,ccf-aiops-武汉,br-2,br,ospf6_interface_enabled,"interface=""ens10""",1
2026-07-28 15:24:00,ccf-aiops-武汉,br-2,br,ospf6_interface_enabled,"interface=""ens11""",1
2026-07-28 15:24:00,ccf-aiops-武汉,br-2,br,ospf6_interface_enabled,"interface=""ens12""",1
2026-07-28 15:24:00,ccf-aiops-武汉,br-2,br,ospf6_interface_enabled,"interface=""ens3""",1
2026-07-28 15:24:00,ccf-aiops-武汉,br-2,br,ospf6_interface_enabled,"interface=""ens4""",1
2026-07-28 15:24:00,ccf-aiops-武汉,br-2,br,ospf6_interface_enabled,"interface=""ens5""",1
2026-07-28 15:24:00,ccf-aiops-武汉,br-2,br,ospf6_interface_enabled,"interface=""ens6""",1
2026-07-28 15:24:00,ccf-aiops-武汉,br-2,br,ospf6_interface_enabled,"interface=""ens7""",1
2026-07-28 15:24:00,ccf-aiops-武汉,br-2,br,ospf6_interface_enabled,"interface=""ens8""",1
2026-07-28 15:24:00,ccf-aiops-武汉,br-2,br,ospf6_interface_enabled,"interface=""ens9""",1
2026-07-28 15:24:00,ccf-aiops-武汉,br-2,br,ospf6_interface_enabled,"interface=""lo""",1
2026-07-28 15:24:00,ccf-aiops-武汉,br-2,br,ospf6_interface_enabled,"interface=""virbr0""",0
2026-07-28 15:24:00,ccf-aiops-武汉,br-2,br,ospf6_neighbor_state_code,"state=""Twoway"",interface=""ens5"",neighbor_id=""5.5.5.1""",2
2026-07-28 15:24:00,ccf-aiops-武汉,br-2,br,ospf6_neighbor_state_code,"state=""Full"",interface=""ens5"",neighbor_id=""5.5.5.11""",6
2026-07-28 15:24:00,ccf-aiops-武汉,br-2,br,ospf6_neighbor_state_code,"state=""Full"",interface=""ens5"",neighbor_id=""5.5.5.12""",6
2026-07-28 15:24:00,ccf-aiops-武汉,cr-1,cr,ipv6_default_route_changed_total,,0
2026-07-28 15:24:00,ccf-aiops-武汉,cr-1,cr,ipv6_default_route_info,"next_hop=""fd00:5:20::1"",dev=""ens4"",protocol=""196"",metric=""20"",route_index=""0"",nh_index=""0""",1
2026-07-28 15:24:00,ccf-aiops-武汉,cr-1,cr,ipv6_default_route_info,"next_hop=""fd00:5:20::2"",dev=""ens4"",protocol=""196"",metric=""20"",route_index=""0"",nh_index=""1""",1
2026-07-28 15:24:00,ccf-aiops-武汉,cr-1,cr,ipv6_route_change_total,"prefix=""fd00:8:40::/64""",0
2026-07-28 15:24:00,ccf-aiops-武汉,cr-1,cr,ipv6_route_change_total,"prefix=""fd00:7:40::/64""",0
2026-07-28 15:24:00,ccf-aiops-武汉,cr-1,cr,ipv6_route_change_total,"prefix=""fd00:6:40::/64""",0
2026-07-28 15:24:00,ccf-aiops-武汉,cr-1,cr,ipv6_route_change_total,"prefix=""fd00:5:40::/64""",0
2026-07-28 15:24:00,ccf-aiops-武汉,cr-1,cr,ipv6_route_change_total,"prefix=""fd00:4:40::/64""",0
2026-07-28 15:24:00,ccf-aiops-武汉,cr-1,cr,ipv6_route_change_total,"prefix=""fd00:3:40::/64""",0
2026-07-28 15:24:00,ccf-aiops-武汉,cr-1,cr,ipv6_route_change_total,"prefix=""fd00:2:40::/64""",0
2026-07-28 15:24:00,ccf-aiops-武汉,cr-1,cr,ipv6_route_change_total,"prefix=""fd00:1:40::/64""",0
2026-07-28 15:24:00,ccf-aiops-武汉,cr-1,cr,ipv6_route_change_total,"prefix=""::/0""",0
2026-07-28 15:24:00,ccf-aiops-武汉,cr-1,cr,ipv6_route_count,"protocol=""ospf""",7
2026-07-28 15:24:00,ccf-aiops-武汉,cr-1,cr,ipv6_route_count,"protocol=""kernel""",6
2026-07-28 15:24:00,ccf-aiops-武汉,cr-1,cr,ipv6_route_count,"protocol=""all""",15
2026-07-28 15:24:00,ccf-aiops-武汉,cr-1,cr,ipv6_route_count,"protocol=""196""",2
2026-07-28 15:24:00,ccf-aiops-武汉,cr-1,cr,ipv6_route_exists,"prefix=""fd00:6:40::/64""",1
2026-07-28 15:24:00,ccf-aiops-武汉,cr-1,cr,ipv6_route_exists,"prefix=""fd00:8:40::/64""",1
2026-07-28 15:24:00,ccf-aiops-武汉,cr-1,cr,ipv6_route_exists,"prefix=""fd00:7:40::/64""",1
2026-07-28 15:24:00,ccf-aiops-武汉,cr-1,cr,ipv6_route_exists,"prefix=""fd00:5:40::/64""",1
2026-07-28 15:24:00,ccf-aiops-武汉,cr-1,cr,ipv6_route_exists,"prefix=""fd00:3:40::/64""",1
2026-07-28 15:24:00,ccf-aiops-武汉,cr-1,cr,ipv6_route_exists,"prefix=""fd00:4:40::/64""",1
2026-07-28 15:24:00,ccf-aiops-武汉,cr-1,cr,ipv6_route_exists,"prefix=""fd00:2:40::/64""",1
2026-07-28 15:24:00,ccf-aiops-武汉,cr-1,cr,ipv6_route_exists,"prefix=""fd00:1:40::/64""",1
2026-07-28 15:24:00,ccf-aiops-武汉,cr-1,cr,ipv6_route_exists,"prefix=""::/0""",1
2026-07-28 15:24:00,ccf-aiops-武汉,cr-1,cr,ipv6_route_nexthop_info,"prefix=""::/0"",next_hop=""fd00:5:20::2"",dev=""ens4"",protocol=""196"",metric=""20"",route_index=""0"",nh_index=""1""",1
2026-07-28 15:24:00,ccf-aiops-武汉,cr-1,cr,ipv6_route_nexthop_info,"prefix=""::/0"",next_hop=""fd00:5:20::1"",dev=""ens4"",protocol=""196"",metric=""20"",route_index=""0"",nh_index=""0""",1
2026-07-28 15:24:00,ccf-aiops-武汉,cr-1,cr,ipv6_route_nexthop_info,"prefix=""fd00:2:40::/64"",next_hop=""fe80::5:20:1"",dev=""ens4"",protocol=""ospf"",metric=""20"",route_index=""0"",nh_index=""0""",1
2026-07-28 15:24:00,ccf-aiops-武汉,cr-1,cr,ipv6_route_nexthop_info,"prefix=""fd00:1:40::/64"",next_hop=""fe80::5:20:1"",dev=""ens4"",protocol=""ospf"",metric=""20"",route_index=""0"",nh_index=""0""",1
2026-07-28 15:24:00,ccf-aiops-武汉,cr-1,cr,ipv6_route_nexthop_info,"prefix=""fd00:4:40::/64"",next_hop=""fe80::5:20:2"",dev=""ens4"",protocol=""ospf"",metric=""20"",route_index=""0"",nh_index=""1""",1
2026-07-28 15:24:00,ccf-aiops-武汉,cr-1,cr,ipv6_route_nexthop_info,"prefix=""fd00:1:40::/64"",next_hop=""fe80::5:20:2"",dev=""ens4"",protocol=""ospf"",metric=""20"",route_index=""0"",nh_index=""1""",1
2026-07-28 15:24:00,ccf-aiops-武汉,cr-1,cr,ipv6_route_nexthop_info,"prefix=""fd00:8:40::/64"",next_hop=""fe80::5:20:1"",dev=""ens4"",protocol=""ospf"",metric=""20"",route_index=""0"",nh_index=""0""",1
2026-07-28 15:24:00,ccf-aiops-武汉,cr-1,cr,ipv6_route_nexthop_info,"prefix=""fd00:7:40::/64"",next_hop=""fe80::5:20:1"",dev=""ens4"",protocol=""ospf"",metric=""20"",route_index=""0"",nh_index=""0""",1
2026-07-28 15:24:00,ccf-aiops-武汉,cr-1,cr,ipv6_route_nexthop_info,"prefix=""fd00:6:40::/64"",next_hop=""fe80::5:20:1"",dev=""ens4"",protocol=""ospf"",metric=""20"",route_index=""0"",nh_index=""0""",1
2026-07-28 15:24:00,ccf-aiops-武汉,cr-1,cr,ipv6_route_nexthop_info,"prefix=""fd00:4:40::/64"",next_hop=""fe80::5:20:1"",dev=""ens4"",protocol=""ospf"",metric=""20"",route_index=""0"",nh_index=""0""",1
2026-07-28 15:24:00,ccf-aiops-武汉,cr-1,cr,ipv6_route_nexthop_info,"prefix=""fd00:3:40::/64"",next_hop=""fe80::5:20:1"",dev=""ens4"",protocol=""ospf"",metric=""20"",route_index=""0"",nh_index=""0""",1
2026-07-28 15:24:00,ccf-aiops-武汉,cr-1,cr,ipv6_route_nexthop_info,"prefix=""fd00:2:40::/64"",next_hop=""fe80::5:20:2"",dev=""ens4"",protocol=""ospf"",metric=""20"",route_index=""0"",nh_index=""1""",1
2026-07-28 15:24:00,ccf-aiops-武汉,cr-1,cr,ipv6_route_nexthop_info,"prefix=""fd00:3:40::/64"",next_hop=""fe80::5:20:2"",dev=""ens4"",protocol=""ospf"",metric=""20"",route_index=""0"",nh_index=""1""",1
2026-07-28 15:24:00,ccf-aiops-武汉,cr-1,cr,ipv6_route_nexthop_info,"prefix=""fd00:6:40::/64"",next_hop=""fe80::5:20:2"",dev=""ens4"",protocol=""ospf"",metric=""20"",route_index=""0"",nh_index=""1""",1
2026-07-28 15:24:00,ccf-aiops-武汉,cr-1,cr,ipv6_route_nexthop_info,"prefix=""fd00:7:40::/64"",next_hop=""fe80::5:20:2"",dev=""ens4"",protocol=""ospf"",metric=""20"",route_index=""0"",nh_index=""1""",1
2026-07-28 15:24:00,ccf-aiops-武汉,cr-1,cr,ipv6_route_nexthop_info,"prefix=""fd00:8:40::/64"",next_hop=""fe80::5:20:2"",dev=""ens4"",protocol=""ospf"",metric=""20"",route_index=""0"",nh_index=""1""",1
2026-07-28 15:24:00,ccf-aiops-武汉,cr-1,cr,ipv6_route_nexthop_info,"prefix=""fd00:5:40::/64"",next_hop=""fd00:5:30::254"",dev=""ens5"",protocol=""196"",metric=""20"",route_index=""0"",nh_index=""0""",1
2026-07-28 15:24:00,ccf-aiops-武汉,cr-1,cr,ospf6_interface_cost,"interface=""ens5""",1
2026-07-28 15:24:00,ccf-aiops-武汉,cr-1,cr,ospf6_interface_cost,"interface=""ens4""",1
2026-07-28 15:24:00,ccf-aiops-武汉,cr-1,cr,ospf6_interface_enabled,"interface=""ens3""",1
2026-07-28 15:24:00,ccf-aiops-武汉,cr-1,cr,ospf6_interface_enabled,"interface=""virbr0""",0
2026-07-28 15:24:00,ccf-aiops-武汉,cr-1,cr,ospf6_interface_enabled,"interface=""lo""",1
2026-07-28 15:24:00,ccf-aiops-武汉,cr-1,cr,ospf6_interface_enabled,"interface=""ens9""",1
2026-07-28 15:24:00,ccf-aiops-武汉,cr-1,cr,ospf6_interface_enabled,"interface=""ens8""",1
2026-07-28 15:24:00,ccf-aiops-武汉,cr-1,cr,ospf6_interface_enabled,"interface=""ens7""",1
2026-07-28 15:24:00,ccf-aiops-武汉,cr-1,cr,ospf6_interface_enabled,"interface=""ens6""",1
2026-07-28 15:24:00,ccf-aiops-武汉,cr-1,cr,ospf6_interface_enabled,"interface=""ens5""",1
2026-07-28 15:24:00,ccf-aiops-武汉,cr-1,cr,ospf6_interface_enabled,"interface=""ens4""",1
2026-07-28 15:24:00,ccf-aiops-武汉,cr-1,cr,ospf6_interface_enabled,"interface=""ens12""",1
2026-07-28 15:24:00,ccf-aiops-武汉,cr-1,cr,ospf6_interface_enabled,"interface=""ens11""",1
2026-07-28 15:24:00,ccf-aiops-武汉,cr-1,cr,ospf6_interface_enabled,"interface=""ens10""",1
2026-07-28 15:24:00,ccf-aiops-武汉,cr-1,cr,ospf6_neighbor_state_code,"state=""Full"",interface=""ens4"",neighbor_id=""5.5.5.1""",6
2026-07-28 15:24:00,ccf-aiops-武汉,cr-1,cr,ospf6_neighbor_state_code,"state=""Full"",interface=""ens4"",neighbor_id=""5.5.5.12""",6
2026-07-28 15:24:00,ccf-aiops-武汉,cr-1,cr,ospf6_neighbor_state_code,"state=""Full"",interface=""ens4"",neighbor_id=""5.5.5.2""",6
2026-07-28 15:24:00,ccf-aiops-武汉,cr-1,cr,ospf6_neighbor_state_code,"state=""Full"",interface=""ens5"",neighbor_id=""5.5.5.12""",6
2026-07-28 15:24:00,ccf-aiops-武汉,cr-1,cr,bgp_command_success,,
2026-07-28 15:24:00,ccf-aiops-武汉,cr-1,cr,bgp_peer_up,,
2026-07-28 15:24:00,ccf-aiops-武汉,cr-1,cr,bgp_peer_uptime_seconds,,
2026-07-28 15:24:00,ccf-aiops-武汉,cr-1,cr,bgp_peer_prefix_received,,
2026-07-28 15:24:00,ccf-aiops-武汉,cr-1,cr,bgp_peer_prefix_sent,,
2026-07-28 15:24:00,ccf-aiops-武汉,cr-1,cr,bgp_peer_count,,
2026-07-28 15:24:00,ccf-aiops-武汉,cr-2,cr,ipv6_default_route_changed_total,,0
2026-07-28 15:24:00,ccf-aiops-武汉,cr-2,cr,ipv6_default_route_info,"next_hop=""fd00:5:20::2"",dev=""ens4"",protocol=""196"",metric=""20"",route_index=""0"",nh_index=""1""",1
2026-07-28 15:24:00,ccf-aiops-武汉,cr-2,cr,ipv6_default_route_info,"next_hop=""fd00:5:20::1"",dev=""ens4"",protocol=""196"",metric=""20"",route_index=""0"",nh_index=""0""",1
2026-07-28 15:24:00,ccf-aiops-武汉,cr-2,cr,ipv6_route_change_total,"prefix=""fd00:5:40::/64""",0
2026-07-28 15:24:00,ccf-aiops-武汉,cr-2,cr,ipv6_route_change_total,"prefix=""fd00:6:40::/64""",0
2026-07-28 15:24:00,ccf-aiops-武汉,cr-2,cr,ipv6_route_change_total,"prefix=""fd00:7:40::/64""",0
2026-07-28 15:24:00,ccf-aiops-武汉,cr-2,cr,ipv6_route_change_total,"prefix=""fd00:8:40::/64""",0
2026-07-28 15:24:00,ccf-aiops-武汉,cr-2,cr,ipv6_route_change_total,"prefix=""fd00:4:40::/64""",0
2026-07-28 15:24:00,ccf-aiops-武汉,cr-2,cr,ipv6_route_change_total,"prefix=""fd00:3:40::/64""",0
2026-07-28 15:24:00,ccf-aiops-武汉,cr-2,cr,ipv6_route_change_total,"prefix=""fd00:2:40::/64""",0
2026-07-28 15:24:00,ccf-aiops-武汉,cr-2,cr,ipv6_route_change_total,"prefix=""fd00:1:40::/64""",0
2026-07-28 15:24:00,ccf-aiops-武汉,cr-2,cr,ipv6_route_change_total,"prefix=""::/0""",0
2026-07-28 15:24:00,ccf-aiops-武汉,cr-2,cr,ipv6_route_count,"protocol=""kernel""",6
2026-07-28 15:24:00,ccf-aiops-武汉,cr-2,cr,ipv6_route_count,"protocol=""196""",2
2026-07-28 15:24:00,ccf-aiops-武汉,cr-2,cr,ipv6_route_count,"protocol=""all""",15
2026-07-28 15:24:00,ccf-aiops-武汉,cr-2,cr,ipv6_route_count,"protocol=""ospf""",7
2026-07-28 15:24:00,ccf-aiops-武汉,cr-2,cr,ipv6_route_exists,"prefix=""fd00:8:40::/64""",1
2026-07-28 15:24:00,ccf-aiops-武汉,cr-2,cr,ipv6_route_exists,"prefix=""fd00:7:40::/64""",1
2026-07-28 15:24:00,ccf-aiops-武汉,cr-2,cr,ipv6_route_exists,"prefix=""fd00:6:40::/64""",1
2026-07-28 15:24:00,ccf-aiops-武汉,cr-2,cr,ipv6_route_exists,"prefix=""fd00:5:40::/64""",1
2026-07-28 15:24:00,ccf-aiops-武汉,cr-2,cr,ipv6_route_exists,"prefix=""fd00:4:40::/64""",1
2026-07-28 15:24:00,ccf-aiops-武汉,cr-2,cr,ipv6_route_exists,"prefix=""fd00:3:40::/64""",1
2026-07-28 15:24:00,ccf-aiops-武汉,cr-2,cr,ipv6_route_exists,"prefix=""fd00:2:40::/64""",1
2026-07-28 15:24:00,ccf-aiops-武汉,cr-2,cr,ipv6_route_exists,"prefix=""fd00:1:40::/64""",1
2026-07-28 15:24:00,ccf-aiops-武汉,cr-2,cr,ipv6_route_exists,"prefix=""::/0""",1
2026-07-28 15:24:00,ccf-aiops-武汉,cr-2,cr,ipv6_route_nexthop_info,"prefix=""fd00:4:40::/64"",next_hop=""fe80::5:20:1"",dev=""ens4"",protocol=""ospf"",metric=""20"",route_index=""0"",nh_index=""0""",1
2026-07-28 15:24:00,ccf-aiops-武汉,cr-2,cr,ipv6_route_nexthop_info,"prefix=""fd00:8:40::/64"",next_hop=""fe80::5:20:1"",dev=""ens4"",protocol=""ospf"",metric=""20"",route_index=""0"",nh_index=""0""",1
2026-07-28 15:24:00,ccf-aiops-武汉,cr-2,cr,ipv6_route_nexthop_info,"prefix=""fd00:5:40::/64"",next_hop=""fd00:5:30::254"",dev=""ens5"",protocol=""196"",metric=""20"",route_index=""0"",nh_index=""0""",1
2026-07-28 15:24:00,ccf-aiops-武汉,cr-2,cr,ipv6_route_nexthop_info,"prefix=""fd00:7:40::/64"",next_hop=""fe80::5:20:1"",dev=""ens4"",protocol=""ospf"",metric=""20"",route_index=""0"",nh_index=""0""",1
2026-07-28 15:24:00,ccf-aiops-武汉,cr-2,cr,ipv6_route_nexthop_info,"prefix=""fd00:8:40::/64"",next_hop=""fe80::5:20:2"",dev=""ens4"",protocol=""ospf"",metric=""20"",route_index=""0"",nh_index=""1""",1
2026-07-28 15:24:00,ccf-aiops-武汉,cr-2,cr,ipv6_route_nexthop_info,"prefix=""fd00:6:40::/64"",next_hop=""fe80::5:20:1"",dev=""ens4"",protocol=""ospf"",metric=""20"",route_index=""0"",nh_index=""0""",1
2026-07-28 15:24:00,ccf-aiops-武汉,cr-2,cr,ipv6_route_nexthop_info,"prefix=""fd00:7:40::/64"",next_hop=""fe80::5:20:2"",dev=""ens4"",protocol=""ospf"",metric=""20"",route_index=""0"",nh_index=""1""",1
2026-07-28 15:24:00,ccf-aiops-武汉,cr-2,cr,ipv6_route_nexthop_info,"prefix=""fd00:3:40::/64"",next_hop=""fe80::5:20:1"",dev=""ens4"",protocol=""ospf"",metric=""20"",route_index=""0"",nh_index=""0""",1
2026-07-28 15:24:00,ccf-aiops-武汉,cr-2,cr,ipv6_route_nexthop_info,"prefix=""fd00:2:40::/64"",next_hop=""fe80::5:20:1"",dev=""ens4"",protocol=""ospf"",metric=""20"",route_index=""0"",nh_index=""0""",1
2026-07-28 15:24:00,ccf-aiops-武汉,cr-2,cr,ipv6_route_nexthop_info,"prefix=""fd00:1:40::/64"",next_hop=""fe80::5:20:1"",dev=""ens4"",protocol=""ospf"",metric=""20"",route_index=""0"",nh_index=""0""",1
2026-07-28 15:24:00,ccf-aiops-武汉,cr-2,cr,ipv6_route_nexthop_info,"prefix=""::/0"",next_hop=""fd00:5:20::2"",dev=""ens4"",protocol=""196"",metric=""20"",route_index=""0"",nh_index=""1""",1
2026-07-28 15:24:00,ccf-aiops-武汉,cr-2,cr,ipv6_route_nexthop_info,"prefix=""::/0"",next_hop=""fd00:5:20::1"",dev=""ens4"",protocol=""196"",metric=""20"",route_index=""0"",nh_index=""0""",1
2026-07-28 15:24:00,ccf-aiops-武汉,cr-2,cr,ipv6_route_nexthop_info,"prefix=""fd00:2:40::/64"",next_hop=""fe80::5:20:2"",dev=""ens4"",protocol=""ospf"",metric=""20"",route_index=""0"",nh_index=""1""",1
2026-07-28 15:24:00,ccf-aiops-武汉,cr-2,cr,ipv6_route_nexthop_info,"prefix=""fd00:3:40::/64"",next_hop=""fe80::5:20:2"",dev=""ens4"",protocol=""ospf"",metric=""20"",route_index=""0"",nh_index=""1""",1
2026-07-28 15:24:00,ccf-aiops-武汉,cr-2,cr,ipv6_route_nexthop_info,"prefix=""fd00:1:40::/64"",next_hop=""fe80::5:20:2"",dev=""ens4"",protocol=""ospf"",metric=""20"",route_index=""0"",nh_index=""1""",1
2026-07-28 15:24:00,ccf-aiops-武汉,cr-2,cr,ipv6_route_nexthop_info,"prefix=""fd00:4:40::/64"",next_hop=""fe80::5:20:2"",dev=""ens4"",protocol=""ospf"",metric=""20"",route_index=""0"",nh_index=""1""",1
2026-07-28 15:24:00,ccf-aiops-武汉,cr-2,cr,ipv6_route_nexthop_info,"prefix=""fd00:6:40::/64"",next_hop=""fe80::5:20:2"",dev=""ens4"",protocol=""ospf"",metric=""20"",route_index=""0"",nh_index=""1""",1
2026-07-28 15:24:00,ccf-aiops-武汉,cr-2,cr,ospf6_interface_cost,"interface=""ens5""",1
2026-07-28 15:24:00,ccf-aiops-武汉,cr-2,cr,ospf6_interface_cost,"interface=""ens4""",1
2026-07-28 15:24:00,ccf-aiops-武汉,cr-2,cr,ospf6_interface_enabled,"interface=""ens10""",1
2026-07-28 15:24:00,ccf-aiops-武汉,cr-2,cr,ospf6_interface_enabled,"interface=""lo""",1
2026-07-28 15:24:00,ccf-aiops-武汉,cr-2,cr,ospf6_interface_enabled,"interface=""ens9""",1
2026-07-28 15:24:00,ccf-aiops-武汉,cr-2,cr,ospf6_interface_enabled,"interface=""ens8""",1
2026-07-28 15:24:00,ccf-aiops-武汉,cr-2,cr,ospf6_interface_enabled,"interface=""ens7""",1
2026-07-28 15:24:00,ccf-aiops-武汉,cr-2,cr,ospf6_interface_enabled,"interface=""ens6""",1
2026-07-28 15:24:00,ccf-aiops-武汉,cr-2,cr,ospf6_interface_enabled,"interface=""ens5""",1
2026-07-28 15:24:00,ccf-aiops-武汉,cr-2,cr,ospf6_interface_enabled,"interface=""ens4""",1
2026-07-28 15:24:00,ccf-aiops-武汉,cr-2,cr,ospf6_interface_enabled,"interface=""ens3""",1
2026-07-28 15:24:00,ccf-aiops-武汉,cr-2,cr,ospf6_interface_enabled,"interface=""ens12""",1
2026-07-28 15:24:00,ccf-aiops-武汉,cr-2,cr,ospf6_interface_enabled,"interface=""ens11""",1
2026-07-28 15:24:00,ccf-aiops-武汉,cr-2,cr,ospf6_interface_enabled,"interface=""virbr0""",0
2026-07-28 15:24:00,ccf-aiops-武汉,cr-2,cr,ospf6_neighbor_state_code,"state=""Full"",interface=""ens5"",neighbor_id=""5.5.5.11""",6
2026-07-28 15:24:00,ccf-aiops-武汉,cr-2,cr,ospf6_neighbor_state_code,"state=""Full"",interface=""ens4"",neighbor_id=""5.5.5.2""",6
2026-07-28 15:24:00,ccf-aiops-武汉,cr-2,cr,ospf6_neighbor_state_code,"state=""Full"",interface=""ens4"",neighbor_id=""5.5.5.11""",6
2026-07-28 15:24:00,ccf-aiops-武汉,cr-2,cr,ospf6_neighbor_state_code,"state=""Full"",interface=""ens4"",neighbor_id=""5.5.5.1""",6
2026-07-28 15:24:00,ccf-aiops-武汉,cr-2,cr,bgp_command_success,,
2026-07-28 15:24:00,ccf-aiops-武汉,cr-2,cr,bgp_peer_up,,
2026-07-28 15:24:00,ccf-aiops-武汉,cr-2,cr,bgp_peer_uptime_seconds,,
2026-07-28 15:24:00,ccf-aiops-武汉,cr-2,cr,bgp_peer_prefix_received,,
2026-07-28 15:24:00,ccf-aiops-武汉,cr-2,cr,bgp_peer_prefix_sent,,
2026-07-28 15:24:00,ccf-aiops-武汉,cr-2,cr,bgp_peer_count,,
2026-07-28 15:25:00,ccf-aiops-武汉,br-1,br,bgp_command_success,"command=""bgp_summary""",1
2026-07-28 15:25:00,ccf-aiops-武汉,br-1,br,bgp_peer_count,,6
2026-07-28 15:25:00,ccf-aiops-武汉,br-1,br,bgp_peer_prefix_received,"peer=""fd00:100:10::1"",remote_as=""65001"",state=""Established""",5
2026-07-28 15:25:00,ccf-aiops-武汉,br-1,br,bgp_peer_prefix_received,"peer=""fd00:100:10::21"",remote_as=""65003"",state=""Established""",4
2026-07-28 15:25:00,ccf-aiops-武汉,br-1,br,bgp_peer_prefix_received,"peer=""fd00:100:10::31"",remote_as=""65004"",state=""Established""",2
2026-07-28 15:25:00,ccf-aiops-武汉,br-1,br,bgp_peer_prefix_received,"peer=""fd00:100:10::51"",remote_as=""65006"",state=""Established""",5
2026-07-28 15:25:00,ccf-aiops-武汉,br-1,br,bgp_peer_prefix_received,"peer=""fd00:100:10::61"",remote_as=""65007"",state=""Established""",4
2026-07-28 15:25:00,ccf-aiops-武汉,br-1,br,bgp_peer_prefix_received,"peer=""fd00:100:10::71"",remote_as=""65008"",state=""Established""",4
2026-07-28 15:25:00,ccf-aiops-武汉,br-1,br,bgp_peer_prefix_sent,"peer=""fd00:100:10::21"",remote_as=""65003"",state=""Established""",8
2026-07-28 15:25:00,ccf-aiops-武汉,br-1,br,bgp_peer_prefix_sent,"peer=""fd00:100:10::71"",remote_as=""65008"",state=""Established""",8
2026-07-28 15:25:00,ccf-aiops-武汉,br-1,br,bgp_peer_prefix_sent,"peer=""fd00:100:10::61"",remote_as=""65007"",state=""Established""",8
2026-07-28 15:25:00,ccf-aiops-武汉,br-1,br,bgp_peer_prefix_sent,"peer=""fd00:100:10::51"",remote_as=""65006"",state=""Established""",8
2026-07-28 15:25:00,ccf-aiops-武汉,br-1,br,bgp_peer_prefix_sent,"peer=""fd00:100:10::31"",remote_as=""65004"",state=""Established""",8
2026-07-28 15:25:00,ccf-aiops-武汉,br-1,br,bgp_peer_prefix_sent,"peer=""fd00:100:10::1"",remote_as=""65001"",state=""Established""",8
2026-07-28 15:25:00,ccf-aiops-武汉,br-1,br,bgp_peer_up,"peer=""fd00:100:10::71"",remote_as=""65008"",state=""Established""",1
2026-07-28 15:25:00,ccf-aiops-武汉,br-1,br,bgp_peer_up,"peer=""fd00:100:10::61"",remote_as=""65007"",state=""Established""",1
2026-07-28 15:25:00,ccf-aiops-武汉,br-1,br,bgp_peer_up,"peer=""fd00:100:10::51"",remote_as=""65006"",state=""Established""",1
2026-07-28 15:25:00,ccf-aiops-武汉,br-1,br,bgp_peer_up,"peer=""fd00:100:10::31"",remote_as=""65004"",state=""Established""",1
2026-07-28 15:25:00,ccf-aiops-武汉,br-1,br,bgp_peer_up,"peer=""fd00:100:10::21"",remote_as=""65003"",state=""Established""",1
2026-07-28 15:25:00,ccf-aiops-武汉,br-1,br,bgp_peer_up,"peer=""fd00:100:10::1"",remote_as=""65001"",state=""Established""",1
2026-07-28 15:25:00,ccf-aiops-武汉,br-1,br,bgp_peer_uptime_seconds,"peer=""fd00:100:10::71"",remote_as=""65008"",state=""Established""",2422729
2026-07-28 15:25:00,ccf-aiops-武汉,br-1,br,bgp_peer_uptime_seconds,"peer=""fd00:100:10::61"",remote_as=""65007"",state=""Established""",2422854
2026-07-28 15:25:00,ccf-aiops-武汉,br-1,br,bgp_peer_uptime_seconds,"peer=""fd00:100:10::51"",remote_as=""65006"",state=""Established""",2422962
2026-07-28 15:25:00,ccf-aiops-武汉,br-1,br,bgp_peer_uptime_seconds,"peer=""fd00:100:10::31"",remote_as=""65004"",state=""Established""",2423050
2026-07-28 15:25:00,ccf-aiops-武汉,br-1,br,bgp_peer_uptime_seconds,"peer=""fd00:100:10::21"",remote_as=""65003"",state=""Established""",1735688
2026-07-28 15:25:00,ccf-aiops-武汉,br-1,br,bgp_peer_uptime_seconds,"peer=""fd00:100:10::1"",remote_as=""65001"",state=""Established""",2423050
2026-07-28 15:25:00,ccf-aiops-武汉,br-1,br,ipv6_default_route_changed_total,,0
2026-07-28 15:25:00,ccf-aiops-武汉,br-1,br,ipv6_default_route_info,"next_hop=""240a:a023::1"",dev=""ens4"",protocol=""unknown"",metric=""1024"",route_index=""0"",nh_index=""0""",1
2026-07-28 15:25:00,ccf-aiops-武汉,br-1,br,ipv6_route_change_total,"prefix=""fd00:4:40::/64""",0
2026-07-28 15:25:00,ccf-aiops-武汉,br-1,br,ipv6_route_change_total,"prefix=""fd00:8:40::/64""",0
2026-07-28 15:25:00,ccf-aiops-武汉,br-1,br,ipv6_route_change_total,"prefix=""fd00:3:40::/64""",0
2026-07-28 15:25:00,ccf-aiops-武汉,br-1,br,ipv6_route_change_total,"prefix=""fd00:2:40::/64""",2
2026-07-28 15:25:00,ccf-aiops-武汉,br-1,br,ipv6_route_change_total,"prefix=""fd00:1:40::/64""",0
2026-07-28 15:25:00,ccf-aiops-武汉,br-1,br,ipv6_route_change_total,"prefix=""::/0""",0
2026-07-28 15:25:00,ccf-aiops-武汉,br-1,br,ipv6_route_change_total,"prefix=""fd00:7:40::/64""",8
2026-07-28 15:25:00,ccf-aiops-武汉,br-1,br,ipv6_route_change_total,"prefix=""fd00:6:40::/64""",0
2026-07-28 15:25:00,ccf-aiops-武汉,br-1,br,ipv6_route_change_total,"prefix=""fd00:5:40::/64""",0
2026-07-28 15:25:00,ccf-aiops-武汉,br-1,br,ipv6_route_count,"protocol=""all""",17
2026-07-28 15:25:00,ccf-aiops-武汉,br-1,br,ipv6_route_count,"protocol=""bgp""",7
2026-07-28 15:25:00,ccf-aiops-武汉,br-1,br,ipv6_route_count,"protocol=""kernel""",7
2026-07-28 15:25:00,ccf-aiops-武汉,br-1,br,ipv6_route_count,"protocol=""ospf""",2
2026-07-28 15:25:00,ccf-aiops-武汉,br-1,br,ipv6_route_count,"protocol=""unknown""",1
2026-07-28 15:25:00,ccf-aiops-武汉,br-1,br,ipv6_route_exists,"prefix=""fd00:2:40::/64""",1
2026-07-28 15:25:00,ccf-aiops-武汉,br-1,br,ipv6_route_exists,"prefix=""fd00:8:40::/64""",1
2026-07-28 15:25:00,ccf-aiops-武汉,br-1,br,ipv6_route_exists,"prefix=""fd00:7:40::/64""",1
2026-07-28 15:25:00,ccf-aiops-武汉,br-1,br,ipv6_route_exists,"prefix=""::/0""",1
2026-07-28 15:25:00,ccf-aiops-武汉,br-1,br,ipv6_route_exists,"prefix=""fd00:6:40::/64""",1
2026-07-28 15:25:00,ccf-aiops-武汉,br-1,br,ipv6_route_exists,"prefix=""fd00:5:40::/64""",1
2026-07-28 15:25:00,ccf-aiops-武汉,br-1,br,ipv6_route_exists,"prefix=""fd00:4:40::/64""",1
2026-07-28 15:25:00,ccf-aiops-武汉,br-1,br,ipv6_route_exists,"prefix=""fd00:3:40::/64""",1
2026-07-28 15:25:00,ccf-aiops-武汉,br-1,br,ipv6_route_exists,"prefix=""fd00:1:40::/64""",1
2026-07-28 15:25:00,ccf-aiops-武汉,br-1,br,ipv6_route_nexthop_info,"prefix=""::/0"",next_hop=""240a:a023::1"",dev=""ens4"",protocol=""unknown"",metric=""1024"",route_index=""0"",nh_index=""0""",1
2026-07-28 15:25:00,ccf-aiops-武汉,br-1,br,ipv6_route_nexthop_info,"prefix=""fd00:5:40::/64"",next_hop=""fe80::5:20:12"",dev=""ens5"",protocol=""ospf"",metric=""20"",route_index=""0"",nh_index=""1""",1
2026-07-28 15:25:00,ccf-aiops-武汉,br-1,br,ipv6_route_nexthop_info,"prefix=""fd00:5:40::/64"",next_hop=""fe80::5:20:11"",dev=""ens5"",protocol=""ospf"",metric=""20"",route_index=""0"",nh_index=""0""",1
2026-07-28 15:25:00,ccf-aiops-武汉,br-1,br,ipv6_route_nexthop_info,"prefix=""fd00:1:40::/64"",next_hop=""fe80::100:10:1"",dev=""ens4"",protocol=""bgp"",metric=""20"",route_index=""0"",nh_index=""0""",1
2026-07-28 15:25:00,ccf-aiops-武汉,br-1,br,ipv6_route_nexthop_info,"prefix=""fd00:2:40::/64"",next_hop=""fe80::100:10:1"",dev=""ens4"",protocol=""bgp"",metric=""20"",route_index=""0"",nh_index=""0""",1
2026-07-28 15:25:00,ccf-aiops-武汉,br-1,br,ipv6_route_nexthop_info,"prefix=""fd00:3:40::/64"",next_hop=""fe80::100:10:21"",dev=""ens4"",protocol=""bgp"",metric=""20"",route_index=""0"",nh_index=""0""",1
2026-07-28 15:25:00,ccf-aiops-武汉,br-1,br,ipv6_route_nexthop_info,"prefix=""fd00:4:40::/64"",next_hop=""fe80::100:10:31"",dev=""ens4"",protocol=""bgp"",metric=""20"",route_index=""0"",nh_index=""0""",1
2026-07-28 15:25:00,ccf-aiops-武汉,br-1,br,ipv6_route_nexthop_info,"prefix=""fd00:8:40::/64"",next_hop=""fe80::100:10:71"",dev=""ens4"",protocol=""bgp"",metric=""20"",route_index=""0"",nh_index=""0""",1
2026-07-28 15:25:00,ccf-aiops-武汉,br-1,br,ipv6_route_nexthop_info,"prefix=""fd00:7:40::/64"",next_hop=""fe80::100:10:61"",dev=""ens4"",protocol=""bgp"",metric=""20"",route_index=""0"",nh_index=""0""",1
2026-07-28 15:25:00,ccf-aiops-武汉,br-1,br,ipv6_route_nexthop_info,"prefix=""fd00:6:40::/64"",next_hop=""fe80::100:10:51"",dev=""ens4"",protocol=""bgp"",metric=""20"",route_index=""0"",nh_index=""0""",1
2026-07-28 15:25:00,ccf-aiops-武汉,br-1,br,ospf6_interface_cost,"interface=""ens5""",1
2026-07-28 15:25:00,ccf-aiops-武汉,br-1,br,ospf6_interface_enabled,"interface=""ens11""",1
2026-07-28 15:25:00,ccf-aiops-武汉,br-1,br,ospf6_interface_enabled,"interface=""ens9""",1
2026-07-28 15:25:00,ccf-aiops-武汉,br-1,br,ospf6_interface_enabled,"interface=""ens12""",1
2026-07-28 15:25:00,ccf-aiops-武汉,br-1,br,ospf6_interface_enabled,"interface=""ens3""",1
2026-07-28 15:25:00,ccf-aiops-武汉,br-1,br,ospf6_interface_enabled,"interface=""ens4""",1
2026-07-28 15:25:00,ccf-aiops-武汉,br-1,br,ospf6_interface_enabled,"interface=""ens5""",1
2026-07-28 15:25:00,ccf-aiops-武汉,br-1,br,ospf6_interface_enabled,"interface=""ens6""",1
2026-07-28 15:25:00,ccf-aiops-武汉,br-1,br,ospf6_interface_enabled,"interface=""ens7""",1
2026-07-28 15:25:00,ccf-aiops-武汉,br-1,br,ospf6_interface_enabled,"interface=""ens8""",1
2026-07-28 15:25:00,ccf-aiops-武汉,br-1,br,ospf6_interface_enabled,"interface=""lo""",1
2026-07-28 15:25:00,ccf-aiops-武汉,br-1,br,ospf6_interface_enabled,"interface=""virbr0""",0
2026-07-28 15:25:00,ccf-aiops-武汉,br-1,br,ospf6_interface_enabled,"interface=""ens10""",1
2026-07-28 15:25:00,ccf-aiops-武汉,br-1,br,ospf6_neighbor_state_code,"state=""Full"",interface=""ens5"",neighbor_id=""5.5.5.11""",6
2026-07-28 15:25:00,ccf-aiops-武汉,br-1,br,ospf6_neighbor_state_code,"state=""Full"",interface=""ens5"",neighbor_id=""5.5.5.12""",6
2026-07-28 15:25:00,ccf-aiops-武汉,br-1,br,ospf6_neighbor_state_code,"state=""Twoway"",interface=""ens5"",neighbor_id=""5.5.5.2""",2
2026-07-28 15:25:00,ccf-aiops-武汉,br-2,br,bgp_command_success,"command=""bgp_summary""",1
2026-07-28 15:25:00,ccf-aiops-武汉,br-2,br,bgp_peer_count,,6
2026-07-28 15:25:00,ccf-aiops-武汉,br-2,br,bgp_peer_prefix_received,"peer=""fd00:100:10::72"",remote_as=""65008"",state=""Established""",3
2026-07-28 15:25:00,ccf-aiops-武汉,br-2,br,bgp_peer_prefix_received,"peer=""fd00:100:10::62"",remote_as=""65007"",state=""Established""",4
2026-07-28 15:25:00,ccf-aiops-武汉,br-2,br,bgp_peer_prefix_received,"peer=""fd00:100:10::52"",remote_as=""65006"",state=""Established""",6
2026-07-28 15:25:00,ccf-aiops-武汉,br-2,br,bgp_peer_prefix_received,"peer=""fd00:100:10::32"",remote_as=""65004"",state=""Established""",3
2026-07-28 15:25:00,ccf-aiops-武汉,br-2,br,bgp_peer_prefix_received,"peer=""fd00:100:10::22"",remote_as=""65003"",state=""Established""",5
2026-07-28 15:25:00,ccf-aiops-武汉,br-2,br,bgp_peer_prefix_received,"peer=""fd00:100:10::2"",remote_as=""65001"",state=""Established""",4
2026-07-28 15:25:00,ccf-aiops-武汉,br-2,br,bgp_peer_prefix_sent,"peer=""fd00:100:10::2"",remote_as=""65001"",state=""Established""",8
2026-07-28 15:25:00,ccf-aiops-武汉,br-2,br,bgp_peer_prefix_sent,"peer=""fd00:100:10::22"",remote_as=""65003"",state=""Established""",8
2026-07-28 15:25:00,ccf-aiops-武汉,br-2,br,bgp_peer_prefix_sent,"peer=""fd00:100:10::32"",remote_as=""65004"",state=""Established""",8
2026-07-28 15:25:00,ccf-aiops-武汉,br-2,br,bgp_peer_prefix_sent,"peer=""fd00:100:10::52"",remote_as=""65006"",state=""Established""",8
2026-07-28 15:25:00,ccf-aiops-武汉,br-2,br,bgp_peer_prefix_sent,"peer=""fd00:100:10::62"",remote_as=""65007"",state=""Established""",8
2026-07-28 15:25:00,ccf-aiops-武汉,br-2,br,bgp_peer_prefix_sent,"peer=""fd00:100:10::72"",remote_as=""65008"",state=""Established""",8
2026-07-28 15:25:00,ccf-aiops-武汉,br-2,br,bgp_peer_up,"peer=""fd00:100:10::62"",remote_as=""65007"",state=""Established""",1
2026-07-28 15:25:00,ccf-aiops-武汉,br-2,br,bgp_peer_up,"peer=""fd00:100:10::52"",remote_as=""65006"",state=""Established""",1
2026-07-28 15:25:00,ccf-aiops-武汉,br-2,br,bgp_peer_up,"peer=""fd00:100:10::32"",remote_as=""65004"",state=""Established""",1
2026-07-28 15:25:00,ccf-aiops-武汉,br-2,br,bgp_peer_up,"peer=""fd00:100:10::72"",remote_as=""65008"",state=""Established""",1
2026-07-28 15:25:00,ccf-aiops-武汉,br-2,br,bgp_peer_up,"peer=""fd00:100:10::22"",remote_as=""65003"",state=""Established""",1
2026-07-28 15:25:00,ccf-aiops-武汉,br-2,br,bgp_peer_up,"peer=""fd00:100:10::2"",remote_as=""65001"",state=""Established""",1
2026-07-28 15:25:00,ccf-aiops-武汉,br-2,br,bgp_peer_uptime_seconds,"peer=""fd00:100:10::62"",remote_as=""65007"",state=""Established""",2422828
2026-07-28 15:25:00,ccf-aiops-武汉,br-2,br,bgp_peer_uptime_seconds,"peer=""fd00:100:10::52"",remote_as=""65006"",state=""Established""",2422939
2026-07-28 15:25:00,ccf-aiops-武汉,br-2,br,bgp_peer_uptime_seconds,"peer=""fd00:100:10::32"",remote_as=""65004"",state=""Established""",2423032
2026-07-28 15:25:00,ccf-aiops-武汉,br-2,br,bgp_peer_uptime_seconds,"peer=""fd00:100:10::22"",remote_as=""65003"",state=""Established""",705423
2026-07-28 15:25:00,ccf-aiops-武汉,br-2,br,bgp_peer_uptime_seconds,"peer=""fd00:100:10::2"",remote_as=""65001"",state=""Established""",2423032
2026-07-28 15:25:00,ccf-aiops-武汉,br-2,br,bgp_peer_uptime_seconds,"peer=""fd00:100:10::72"",remote_as=""65008"",state=""Established""",2422711
2026-07-28 15:25:00,ccf-aiops-武汉,br-2,br,ipv6_default_route_changed_total,,0
2026-07-28 15:25:00,ccf-aiops-武汉,br-2,br,ipv6_default_route_info,"next_hop=""240a:a023::1"",dev=""ens4"",protocol=""unknown"",metric=""1024"",route_index=""0"",nh_index=""0""",1
2026-07-28 15:25:00,ccf-aiops-武汉,br-2,br,ipv6_route_change_total,"prefix=""fd00:7:40::/64""",4
2026-07-28 15:25:00,ccf-aiops-武汉,br-2,br,ipv6_route_change_total,"prefix=""fd00:2:40::/64""",2
2026-07-28 15:25:00,ccf-aiops-武汉,br-2,br,ipv6_route_change_total,"prefix=""fd00:8:40::/64""",0
2026-07-28 15:25:00,ccf-aiops-武汉,br-2,br,ipv6_route_change_total,"prefix=""fd00:6:40::/64""",0
2026-07-28 15:25:00,ccf-aiops-武汉,br-2,br,ipv6_route_change_total,"prefix=""fd00:5:40::/64""",0
2026-07-28 15:25:00,ccf-aiops-武汉,br-2,br,ipv6_route_change_total,"prefix=""fd00:4:40::/64""",0
2026-07-28 15:25:00,ccf-aiops-武汉,br-2,br,ipv6_route_change_total,"prefix=""fd00:3:40::/64""",0
2026-07-28 15:25:00,ccf-aiops-武汉,br-2,br,ipv6_route_change_total,"prefix=""fd00:1:40::/64""",0
2026-07-28 15:25:00,ccf-aiops-武汉,br-2,br,ipv6_route_change_total,"prefix=""::/0""",0
2026-07-28 15:25:00,ccf-aiops-武汉,br-2,br,ipv6_route_count,"protocol=""unknown""",1
2026-07-28 15:25:00,ccf-aiops-武汉,br-2,br,ipv6_route_count,"protocol=""bgp""",7
2026-07-28 15:25:00,ccf-aiops-武汉,br-2,br,ipv6_route_count,"protocol=""kernel""",7
2026-07-28 15:25:00,ccf-aiops-武汉,br-2,br,ipv6_route_count,"protocol=""ospf""",2
2026-07-28 15:25:00,ccf-aiops-武汉,br-2,br,ipv6_route_count,"protocol=""all""",17
2026-07-28 15:25:00,ccf-aiops-武汉,br-2,br,ipv6_route_exists,"prefix=""fd00:1:40::/64""",1
2026-07-28 15:25:00,ccf-aiops-武汉,br-2,br,ipv6_route_exists,"prefix=""fd00:8:40::/64""",1
2026-07-28 15:25:00,ccf-aiops-武汉,br-2,br,ipv6_route_exists,"prefix=""fd00:7:40::/64""",1
2026-07-28 15:25:00,ccf-aiops-武汉,br-2,br,ipv6_route_exists,"prefix=""fd00:6:40::/64""",1
2026-07-28 15:25:00,ccf-aiops-武汉,br-2,br,ipv6_route_exists,"prefix=""fd00:5:40::/64""",1
2026-07-28 15:25:00,ccf-aiops-武汉,br-2,br,ipv6_route_exists,"prefix=""fd00:4:40::/64""",1
2026-07-28 15:25:00,ccf-aiops-武汉,br-2,br,ipv6_route_exists,"prefix=""fd00:3:40::/64""",1
2026-07-28 15:25:00,ccf-aiops-武汉,br-2,br,ipv6_route_exists,"prefix=""fd00:2:40::/64""",1
2026-07-28 15:25:00,ccf-aiops-武汉,br-2,br,ipv6_route_exists,"prefix=""::/0""",1
2026-07-28 15:25:00,ccf-aiops-武汉,br-2,br,ipv6_route_nexthop_info,"prefix=""fd00:2:40::/64"",next_hop=""fe80::100:10:2"",dev=""ens4"",protocol=""bgp"",metric=""20"",route_index=""0"",nh_index=""0""",1
2026-07-28 15:25:00,ccf-aiops-武汉,br-2,br,ipv6_route_nexthop_info,"prefix=""fd00:1:40::/64"",next_hop=""fe80::100:10:2"",dev=""ens4"",protocol=""bgp"",metric=""20"",route_index=""0"",nh_index=""0""",1
2026-07-28 15:25:00,ccf-aiops-武汉,br-2,br,ipv6_route_nexthop_info,"prefix=""fd00:5:40::/64"",next_hop=""fe80::5:20:12"",dev=""ens5"",protocol=""ospf"",metric=""20"",route_index=""0"",nh_index=""1""",1
2026-07-28 15:25:00,ccf-aiops-武汉,br-2,br,ipv6_route_nexthop_info,"prefix=""fd00:5:40::/64"",next_hop=""fe80::5:20:11"",dev=""ens5"",protocol=""ospf"",metric=""20"",route_index=""0"",nh_index=""0""",1
2026-07-28 15:25:00,ccf-aiops-武汉,br-2,br,ipv6_route_nexthop_info,"prefix=""fd00:8:40::/64"",next_hop=""fe80::100:10:72"",dev=""ens4"",protocol=""bgp"",metric=""20"",route_index=""0"",nh_index=""0""",1
2026-07-28 15:25:00,ccf-aiops-武汉,br-2,br,ipv6_route_nexthop_info,"prefix=""fd00:7:40::/64"",next_hop=""fe80::100:10:62"",dev=""ens4"",protocol=""bgp"",metric=""20"",route_index=""0"",nh_index=""0""",1
2026-07-28 15:25:00,ccf-aiops-武汉,br-2,br,ipv6_route_nexthop_info,"prefix=""fd00:3:40::/64"",next_hop=""fe80::100:10:22"",dev=""ens4"",protocol=""bgp"",metric=""20"",route_index=""0"",nh_index=""0""",1
2026-07-28 15:25:00,ccf-aiops-武汉,br-2,br,ipv6_route_nexthop_info,"prefix=""::/0"",next_hop=""240a:a023::1"",dev=""ens4"",protocol=""unknown"",metric=""1024"",route_index=""0"",nh_index=""0""",1
2026-07-28 15:25:00,ccf-aiops-武汉,br-2,br,ipv6_route_nexthop_info,"prefix=""fd00:4:40::/64"",next_hop=""fe80::100:10:32"",dev=""ens4"",protocol=""bgp"",metric=""20"",route_index=""0"",nh_index=""0""",1
2026-07-28 15:25:00,ccf-aiops-武汉,br-2,br,ipv6_route_nexthop_info,"prefix=""fd00:6:40::/64"",next_hop=""fe80::100:10:52"",dev=""ens4"",protocol=""bgp"",metric=""20"",route_index=""0"",nh_index=""0""",1
2026-07-28 15:25:00,ccf-aiops-武汉,br-2,br,ospf6_interface_cost,"interface=""ens5""",1
2026-07-28 15:25:00,ccf-aiops-武汉,br-2,br,ospf6_interface_enabled,"interface=""ens11""",1
2026-07-28 15:25:00,ccf-aiops-武汉,br-2,br,ospf6_interface_enabled,"interface=""ens6""",1
2026-07-28 15:25:00,ccf-aiops-武汉,br-2,br,ospf6_interface_enabled,"interface=""ens7""",1
2026-07-28 15:25:00,ccf-aiops-武汉,br-2,br,ospf6_interface_enabled,"interface=""ens8""",1
2026-07-28 15:25:00,ccf-aiops-武汉,br-2,br,ospf6_interface_enabled,"interface=""ens5""",1
2026-07-28 15:25:00,ccf-aiops-武汉,br-2,br,ospf6_interface_enabled,"interface=""ens4""",1
2026-07-28 15:25:00,ccf-aiops-武汉,br-2,br,ospf6_interface_enabled,"interface=""ens3""",1
2026-07-28 15:25:00,ccf-aiops-武汉,br-2,br,ospf6_interface_enabled,"interface=""ens9""",1
2026-07-28 15:25:00,ccf-aiops-武汉,br-2,br,ospf6_interface_enabled,"interface=""lo""",1
2026-07-28 15:25:00,ccf-aiops-武汉,br-2,br,ospf6_interface_enabled,"interface=""virbr0""",0
2026-07-28 15:25:00,ccf-aiops-武汉,br-2,br,ospf6_interface_enabled,"interface=""ens12""",1
2026-07-28 15:25:00,ccf-aiops-武汉,br-2,br,ospf6_interface_enabled,"interface=""ens10""",1
2026-07-28 15:25:00,ccf-aiops-武汉,br-2,br,ospf6_neighbor_state_code,"state=""Twoway"",interface=""ens5"",neighbor_id=""5.5.5.1""",2
2026-07-28 15:25:00,ccf-aiops-武汉,br-2,br,ospf6_neighbor_state_code,"state=""Full"",interface=""ens5"",neighbor_id=""5.5.5.11""",6
2026-07-28 15:25:00,ccf-aiops-武汉,br-2,br,ospf6_neighbor_state_code,"state=""Full"",interface=""ens5"",neighbor_id=""5.5.5.12""",6
2026-07-28 15:25:00,ccf-aiops-武汉,cr-1,cr,ipv6_default_route_changed_total,,0
2026-07-28 15:25:00,ccf-aiops-武汉,cr-1,cr,ipv6_default_route_info,"next_hop=""fd00:5:20::2"",dev=""ens4"",protocol=""196"",metric=""20"",route_index=""0"",nh_index=""1""",1
2026-07-28 15:25:00,ccf-aiops-武汉,cr-1,cr,ipv6_default_route_info,"next_hop=""fd00:5:20::1"",dev=""ens4"",protocol=""196"",metric=""20"",route_index=""0"",nh_index=""0""",1
2026-07-28 15:25:00,ccf-aiops-武汉,cr-1,cr,ipv6_route_change_total,"prefix=""fd00:8:40::/64""",0
2026-07-28 15:25:00,ccf-aiops-武汉,cr-1,cr,ipv6_route_change_total,"prefix=""fd00:7:40::/64""",0
2026-07-28 15:25:00,ccf-aiops-武汉,cr-1,cr,ipv6_route_change_total,"prefix=""fd00:6:40::/64""",0
2026-07-28 15:25:00,ccf-aiops-武汉,cr-1,cr,ipv6_route_change_total,"prefix=""fd00:5:40::/64""",0
2026-07-28 15:25:00,ccf-aiops-武汉,cr-1,cr,ipv6_route_change_total,"prefix=""fd00:4:40::/64""",0
2026-07-28 15:25:00,ccf-aiops-武汉,cr-1,cr,ipv6_route_change_total,"prefix=""fd00:3:40::/64""",0
2026-07-28 15:25:00,ccf-aiops-武汉,cr-1,cr,ipv6_route_change_total,"prefix=""fd00:2:40::/64""",0
2026-07-28 15:25:00,ccf-aiops-武汉,cr-1,cr,ipv6_route_change_total,"prefix=""fd00:1:40::/64""",0
2026-07-28 15:25:00,ccf-aiops-武汉,cr-1,cr,ipv6_route_change_total,"prefix=""::/0""",0
2026-07-28 15:25:00,ccf-aiops-武汉,cr-1,cr,ipv6_route_count,"protocol=""ospf""",7
2026-07-28 15:25:00,ccf-aiops-武汉,cr-1,cr,ipv6_route_count,"protocol=""kernel""",6
2026-07-28 15:25:00,ccf-aiops-武汉,cr-1,cr,ipv6_route_count,"protocol=""all""",15
2026-07-28 15:25:00,ccf-aiops-武汉,cr-1,cr,ipv6_route_count,"protocol=""196""",2
2026-07-28 15:25:00,ccf-aiops-武汉,cr-1,cr,ipv6_route_exists,"prefix=""fd00:5:40::/64""",1
2026-07-28 15:25:00,ccf-aiops-武汉,cr-1,cr,ipv6_route_exists,"prefix=""::/0""",1
2026-07-28 15:25:00,ccf-aiops-武汉,cr-1,cr,ipv6_route_exists,"prefix=""fd00:1:40::/64""",1
2026-07-28 15:25:00,ccf-aiops-武汉,cr-1,cr,ipv6_route_exists,"prefix=""fd00:2:40::/64""",1
2026-07-28 15:25:00,ccf-aiops-武汉,cr-1,cr,ipv6_route_exists,"prefix=""fd00:3:40::/64""",1
2026-07-28 15:25:00,ccf-aiops-武汉,cr-1,cr,ipv6_route_exists,"prefix=""fd00:4:40::/64""",1
2026-07-28 15:25:00,ccf-aiops-武汉,cr-1,cr,ipv6_route_exists,"prefix=""fd00:8:40::/64""",1
2026-07-28 15:25:00,ccf-aiops-武汉,cr-1,cr,ipv6_route_exists,"prefix=""fd00:7:40::/64""",1
2026-07-28 15:25:00,ccf-aiops-武汉,cr-1,cr,ipv6_route_exists,"prefix=""fd00:6:40::/64""",1
2026-07-28 15:25:00,ccf-aiops-武汉,cr-1,cr,ipv6_route_nexthop_info,"prefix=""fd00:5:40::/64"",next_hop=""fd00:5:30::254"",dev=""ens5"",protocol=""196"",metric=""20"",route_index=""0"",nh_index=""0""",1
2026-07-28 15:25:00,ccf-aiops-武汉,cr-1,cr,ipv6_route_nexthop_info,"prefix=""fd00:8:40::/64"",next_hop=""fe80::5:20:2"",dev=""ens4"",protocol=""ospf"",metric=""20"",route_index=""0"",nh_index=""1""",1
2026-07-28 15:25:00,ccf-aiops-武汉,cr-1,cr,ipv6_route_nexthop_info,"prefix=""fd00:7:40::/64"",next_hop=""fe80::5:20:2"",dev=""ens4"",protocol=""ospf"",metric=""20"",route_index=""0"",nh_index=""1""",1
2026-07-28 15:25:00,ccf-aiops-武汉,cr-1,cr,ipv6_route_nexthop_info,"prefix=""fd00:6:40::/64"",next_hop=""fe80::5:20:2"",dev=""ens4"",protocol=""ospf"",metric=""20"",route_index=""0"",nh_index=""1""",1
2026-07-28 15:25:00,ccf-aiops-武汉,cr-1,cr,ipv6_route_nexthop_info,"prefix=""fd00:4:40::/64"",next_hop=""fe80::5:20:2"",dev=""ens4"",protocol=""ospf"",metric=""20"",route_index=""0"",nh_index=""1""",1
2026-07-28 15:25:00,ccf-aiops-武汉,cr-1,cr,ipv6_route_nexthop_info,"prefix=""fd00:3:40::/64"",next_hop=""fe80::5:20:2"",dev=""ens4"",protocol=""ospf"",metric=""20"",route_index=""0"",nh_index=""1""",1
2026-07-28 15:25:00,ccf-aiops-武汉,cr-1,cr,ipv6_route_nexthop_info,"prefix=""fd00:2:40::/64"",next_hop=""fe80::5:20:2"",dev=""ens4"",protocol=""ospf"",metric=""20"",route_index=""0"",nh_index=""1""",1
2026-07-28 15:25:00,ccf-aiops-武汉,cr-1,cr,ipv6_route_nexthop_info,"prefix=""fd00:1:40::/64"",next_hop=""fe80::5:20:2"",dev=""ens4"",protocol=""ospf"",metric=""20"",route_index=""0"",nh_index=""1""",1
2026-07-28 15:25:00,ccf-aiops-武汉,cr-1,cr,ipv6_route_nexthop_info,"prefix=""fd00:8:40::/64"",next_hop=""fe80::5:20:1"",dev=""ens4"",protocol=""ospf"",metric=""20"",route_index=""0"",nh_index=""0""",1
2026-07-28 15:25:00,ccf-aiops-武汉,cr-1,cr,ipv6_route_nexthop_info,"prefix=""fd00:7:40::/64"",next_hop=""fe80::5:20:1"",dev=""ens4"",protocol=""ospf"",metric=""20"",route_index=""0"",nh_index=""0""",1
2026-07-28 15:25:00,ccf-aiops-武汉,cr-1,cr,ipv6_route_nexthop_info,"prefix=""fd00:6:40::/64"",next_hop=""fe80::5:20:1"",dev=""ens4"",protocol=""ospf"",metric=""20"",route_index=""0"",nh_index=""0""",1
2026-07-28 15:25:00,ccf-aiops-武汉,cr-1,cr,ipv6_route_nexthop_info,"prefix=""fd00:4:40::/64"",next_hop=""fe80::5:20:1"",dev=""ens4"",protocol=""ospf"",metric=""20"",route_index=""0"",nh_index=""0""",1
2026-07-28 15:25:00,ccf-aiops-武汉,cr-1,cr,ipv6_route_nexthop_info,"prefix=""fd00:3:40::/64"",next_hop=""fe80::5:20:1"",dev=""ens4"",protocol=""ospf"",metric=""20"",route_index=""0"",nh_index=""0""",1
2026-07-28 15:25:00,ccf-aiops-武汉,cr-1,cr,ipv6_route_nexthop_info,"prefix=""fd00:2:40::/64"",next_hop=""fe80::5:20:1"",dev=""ens4"",protocol=""ospf"",metric=""20"",route_index=""0"",nh_index=""0""",1
2026-07-28 15:25:00,ccf-aiops-武汉,cr-1,cr,ipv6_route_nexthop_info,"prefix=""fd00:1:40::/64"",next_hop=""fe80::5:20:1"",dev=""ens4"",protocol=""ospf"",metric=""20"",route_index=""0"",nh_index=""0""",1
2026-07-28 15:25:00,ccf-aiops-武汉,cr-1,cr,ipv6_route_nexthop_info,"prefix=""::/0"",next_hop=""fd00:5:20::2"",dev=""ens4"",protocol=""196"",metric=""20"",route_index=""0"",nh_index=""1""",1
2026-07-28 15:25:00,ccf-aiops-武汉,cr-1,cr,ipv6_route_nexthop_info,"prefix=""::/0"",next_hop=""fd00:5:20::1"",dev=""ens4"",protocol=""196"",metric=""20"",route_index=""0"",nh_index=""0""",1
2026-07-28 15:25:00,ccf-aiops-武汉,cr-1,cr,ospf6_interface_cost,"interface=""ens4""",1
2026-07-28 15:25:00,ccf-aiops-武汉,cr-1,cr,ospf6_interface_cost,"interface=""ens5""",1
2026-07-28 15:25:00,ccf-aiops-武汉,cr-1,cr,ospf6_interface_enabled,"interface=""ens8""",1
2026-07-28 15:25:00,ccf-aiops-武汉,cr-1,cr,ospf6_interface_enabled,"interface=""ens3""",1
2026-07-28 15:25:00,ccf-aiops-武汉,cr-1,cr,ospf6_interface_enabled,"interface=""ens12""",1
2026-07-28 15:25:00,ccf-aiops-武汉,cr-1,cr,ospf6_interface_enabled,"interface=""ens11""",1
2026-07-28 15:25:00,ccf-aiops-武汉,cr-1,cr,ospf6_interface_enabled,"interface=""ens10""",1
2026-07-28 15:25:00,ccf-aiops-武汉,cr-1,cr,ospf6_interface_enabled,"interface=""ens4""",1
2026-07-28 15:25:00,ccf-aiops-武汉,cr-1,cr,ospf6_interface_enabled,"interface=""ens5""",1
2026-07-28 15:25:00,ccf-aiops-武汉,cr-1,cr,ospf6_interface_enabled,"interface=""ens6""",1
2026-07-28 15:25:00,ccf-aiops-武汉,cr-1,cr,ospf6_interface_enabled,"interface=""ens7""",1
2026-07-28 15:25:00,ccf-aiops-武汉,cr-1,cr,ospf6_interface_enabled,"interface=""ens9""",1
2026-07-28 15:25:00,ccf-aiops-武汉,cr-1,cr,ospf6_interface_enabled,"interface=""lo""",1
2026-07-28 15:25:00,ccf-aiops-武汉,cr-1,cr,ospf6_interface_enabled,"interface=""virbr0""",0
2026-07-28 15:25:00,ccf-aiops-武汉,cr-1,cr,ospf6_neighbor_state_code,"state=""Full"",interface=""ens5"",neighbor_id=""5.5.5.12""",6
2026-07-28 15:25:00,ccf-aiops-武汉,cr-1,cr,ospf6_neighbor_state_code,"state=""Full"",interface=""ens4"",neighbor_id=""5.5.5.2""",6
2026-07-28 15:25:00,ccf-aiops-武汉,cr-1,cr,ospf6_neighbor_state_code,"state=""Full"",interface=""ens4"",neighbor_id=""5.5.5.1""",6
2026-07-28 15:25:00,ccf-aiops-武汉,cr-1,cr,ospf6_neighbor_state_code,"state=""Full"",interface=""ens4"",neighbor_id=""5.5.5.12""",6
2026-07-28 15:25:00,ccf-aiops-武汉,cr-1,cr,bgp_command_success,,
2026-07-28 15:25:00,ccf-aiops-武汉,cr-1,cr,bgp_peer_up,,
2026-07-28 15:25:00,ccf-aiops-武汉,cr-1,cr,bgp_peer_uptime_seconds,,
2026-07-28 15:25:00,ccf-aiops-武汉,cr-1,cr,bgp_peer_prefix_received,,
2026-07-28 15:25:00,ccf-aiops-武汉,cr-1,cr,bgp_peer_prefix_sent,,
2026-07-28 15:25:00,ccf-aiops-武汉,cr-1,cr,bgp_peer_count,,
2026-07-28 15:25:00,ccf-aiops-武汉,cr-2,cr,ipv6_default_route_changed_total,,0
2026-07-28 15:25:00,ccf-aiops-武汉,cr-2,cr,ipv6_default_route_info,"next_hop=""fd00:5:20::1"",dev=""ens4"",protocol=""196"",metric=""20"",route_index=""0"",nh_index=""0""",1
2026-07-28 15:25:00,ccf-aiops-武汉,cr-2,cr,ipv6_default_route_info,"next_hop=""fd00:5:20::2"",dev=""ens4"",protocol=""196"",metric=""20"",route_index=""0"",nh_index=""1""",1
2026-07-28 15:25:00,ccf-aiops-武汉,cr-2,cr,ipv6_route_change_total,"prefix=""fd00:6:40::/64""",0
2026-07-28 15:25:00,ccf-aiops-武汉,cr-2,cr,ipv6_route_change_total,"prefix=""fd00:2:40::/64""",0
2026-07-28 15:25:00,ccf-aiops-武汉,cr-2,cr,ipv6_route_change_total,"prefix=""fd00:1:40::/64""",0
2026-07-28 15:25:00,ccf-aiops-武汉,cr-2,cr,ipv6_route_change_total,"prefix=""fd00:7:40::/64""",0
2026-07-28 15:25:00,ccf-aiops-武汉,cr-2,cr,ipv6_route_change_total,"prefix=""fd00:3:40::/64""",0
2026-07-28 15:25:00,ccf-aiops-武汉,cr-2,cr,ipv6_route_change_total,"prefix=""fd00:4:40::/64""",0
2026-07-28 15:25:00,ccf-aiops-武汉,cr-2,cr,ipv6_route_change_total,"prefix=""fd00:5:40::/64""",0
2026-07-28 15:25:00,ccf-aiops-武汉,cr-2,cr,ipv6_route_change_total,"prefix=""::/0""",0
2026-07-28 15:25:00,ccf-aiops-武汉,cr-2,cr,ipv6_route_change_total,"prefix=""fd00:8:40::/64""",0
2026-07-28 15:25:00,ccf-aiops-武汉,cr-2,cr,ipv6_route_count,"protocol=""196""",2
2026-07-28 15:25:00,ccf-aiops-武汉,cr-2,cr,ipv6_route_count,"protocol=""kernel""",6
2026-07-28 15:25:00,ccf-aiops-武汉,cr-2,cr,ipv6_route_count,"protocol=""all""",15
2026-07-28 15:25:00,ccf-aiops-武汉,cr-2,cr,ipv6_route_count,"protocol=""ospf""",7
2026-07-28 15:25:00,ccf-aiops-武汉,cr-2,cr,ipv6_route_exists,"prefix=""::/0""",1
2026-07-28 15:25:00,ccf-aiops-武汉,cr-2,cr,ipv6_route_exists,"prefix=""fd00:7:40::/64""",1
2026-07-28 15:25:00,ccf-aiops-武汉,cr-2,cr,ipv6_route_exists,"prefix=""fd00:6:40::/64""",1
2026-07-28 15:25:00,ccf-aiops-武汉,cr-2,cr,ipv6_route_exists,"prefix=""fd00:2:40::/64""",1
2026-07-28 15:25:00,ccf-aiops-武汉,cr-2,cr,ipv6_route_exists,"prefix=""fd00:8:40::/64""",1
2026-07-28 15:25:00,ccf-aiops-武汉,cr-2,cr,ipv6_route_exists,"prefix=""fd00:1:40::/64""",1
2026-07-28 15:25:00,ccf-aiops-武汉,cr-2,cr,ipv6_route_exists,"prefix=""fd00:5:40::/64""",1
2026-07-28 15:25:00,ccf-aiops-武汉,cr-2,cr,ipv6_route_exists,"prefix=""fd00:4:40::/64""",1
2026-07-28 15:25:00,ccf-aiops-武汉,cr-2,cr,ipv6_route_exists,"prefix=""fd00:3:40::/64""",1
2026-07-28 15:25:00,ccf-aiops-武汉,cr-2,cr,ipv6_route_nexthop_info,"prefix=""fd00:8:40::/64"",next_hop=""fe80::5:20:2"",dev=""ens4"",protocol=""ospf"",metric=""20"",route_index=""0"",nh_index=""1""",1
2026-07-28 15:25:00,ccf-aiops-武汉,cr-2,cr,ipv6_route_nexthop_info,"prefix=""::/0"",next_hop=""fd00:5:20::2"",dev=""ens4"",protocol=""196"",metric=""20"",route_index=""0"",nh_index=""1""",1
2026-07-28 15:25:00,ccf-aiops-武汉,cr-2,cr,ipv6_route_nexthop_info,"prefix=""fd00:7:40::/64"",next_hop=""fe80::5:20:2"",dev=""ens4"",protocol=""ospf"",metric=""20"",route_index=""0"",nh_index=""1""",1
2026-07-28 15:25:00,ccf-aiops-武汉,cr-2,cr,ipv6_route_nexthop_info,"prefix=""fd00:6:40::/64"",next_hop=""fe80::5:20:2"",dev=""ens4"",protocol=""ospf"",metric=""20"",route_index=""0"",nh_index=""1""",1
2026-07-28 15:25:00,ccf-aiops-武汉,cr-2,cr,ipv6_route_nexthop_info,"prefix=""fd00:5:40::/64"",next_hop=""fd00:5:30::254"",dev=""ens5"",protocol=""196"",metric=""20"",route_index=""0"",nh_index=""0""",1
2026-07-28 15:25:00,ccf-aiops-武汉,cr-2,cr,ipv6_route_nexthop_info,"prefix=""fd00:4:40::/64"",next_hop=""fe80::5:20:2"",dev=""ens4"",protocol=""ospf"",metric=""20"",route_index=""0"",nh_index=""1""",1
2026-07-28 15:25:00,ccf-aiops-武汉,cr-2,cr,ipv6_route_nexthop_info,"prefix=""fd00:3:40::/64"",next_hop=""fe80::5:20:2"",dev=""ens4"",protocol=""ospf"",metric=""20"",route_index=""0"",nh_index=""1""",1
2026-07-28 15:25:00,ccf-aiops-武汉,cr-2,cr,ipv6_route_nexthop_info,"prefix=""fd00:2:40::/64"",next_hop=""fe80::5:20:2"",dev=""ens4"",protocol=""ospf"",metric=""20"",route_index=""0"",nh_index=""1""",1
2026-07-28 15:25:00,ccf-aiops-武汉,cr-2,cr,ipv6_route_nexthop_info,"prefix=""fd00:1:40::/64"",next_hop=""fe80::5:20:2"",dev=""ens4"",protocol=""ospf"",metric=""20"",route_index=""0"",nh_index=""1""",1
2026-07-28 15:25:00,ccf-aiops-武汉,cr-2,cr,ipv6_route_nexthop_info,"prefix=""fd00:8:40::/64"",next_hop=""fe80::5:20:1"",dev=""ens4"",protocol=""ospf"",metric=""20"",route_index=""0"",nh_index=""0""",1
2026-07-28 15:25:00,ccf-aiops-武汉,cr-2,cr,ipv6_route_nexthop_info,"prefix=""::/0"",next_hop=""fd00:5:20::1"",dev=""ens4"",protocol=""196"",metric=""20"",route_index=""0"",nh_index=""0""",1
2026-07-28 15:25:00,ccf-aiops-武汉,cr-2,cr,ipv6_route_nexthop_info,"prefix=""fd00:1:40::/64"",next_hop=""fe80::5:20:1"",dev=""ens4"",protocol=""ospf"",metric=""20"",route_index=""0"",nh_index=""0""",1
2026-07-28 15:25:00,ccf-aiops-武汉,cr-2,cr,ipv6_route_nexthop_info,"prefix=""fd00:2:40::/64"",next_hop=""fe80::5:20:1"",dev=""ens4"",protocol=""ospf"",metric=""20"",route_index=""0"",nh_index=""0""",1
2026-07-28 15:25:00,ccf-aiops-武汉,cr-2,cr,ipv6_route_nexthop_info,"prefix=""fd00:3:40::/64"",next_hop=""fe80::5:20:1"",dev=""ens4"",protocol=""ospf"",metric=""20"",route_index=""0"",nh_index=""0""",1
2026-07-28 15:25:00,ccf-aiops-武汉,cr-2,cr,ipv6_route_nexthop_info,"prefix=""fd00:4:40::/64"",next_hop=""fe80::5:20:1"",dev=""ens4"",protocol=""ospf"",metric=""20"",route_index=""0"",nh_index=""0""",1
2026-07-28 15:25:00,ccf-aiops-武汉,cr-2,cr,ipv6_route_nexthop_info,"prefix=""fd00:6:40::/64"",next_hop=""fe80::5:20:1"",dev=""ens4"",protocol=""ospf"",metric=""20"",route_index=""0"",nh_index=""0""",1
2026-07-28 15:25:00,ccf-aiops-武汉,cr-2,cr,ipv6_route_nexthop_info,"prefix=""fd00:7:40::/64"",next_hop=""fe80::5:20:1"",dev=""ens4"",protocol=""ospf"",metric=""20"",route_index=""0"",nh_index=""0""",1
2026-07-28 15:25:00,ccf-aiops-武汉,cr-2,cr,ospf6_interface_cost,"interface=""ens4""",1
2026-07-28 15:25:00,ccf-aiops-武汉,cr-2,cr,ospf6_interface_cost,"interface=""ens5""",1
2026-07-28 15:25:00,ccf-aiops-武汉,cr-2,cr,ospf6_interface_enabled,"interface=""ens12""",1
2026-07-28 15:25:00,ccf-aiops-武汉,cr-2,cr,ospf6_interface_enabled,"interface=""ens10""",1
2026-07-28 15:25:00,ccf-aiops-武汉,cr-2,cr,ospf6_interface_enabled,"interface=""lo""",1
2026-07-28 15:25:00,ccf-aiops-武汉,cr-2,cr,ospf6_interface_enabled,"interface=""ens9""",1
2026-07-28 15:25:00,ccf-aiops-武汉,cr-2,cr,ospf6_interface_enabled,"interface=""ens8""",1
2026-07-28 15:25:00,ccf-aiops-武汉,cr-2,cr,ospf6_interface_enabled,"interface=""ens7""",1
2026-07-28 15:25:00,ccf-aiops-武汉,cr-2,cr,ospf6_interface_enabled,"interface=""ens11""",1
2026-07-28 15:25:00,ccf-aiops-武汉,cr-2,cr,ospf6_interface_enabled,"interface=""ens6""",1
2026-07-28 15:25:00,ccf-aiops-武汉,cr-2,cr,ospf6_interface_enabled,"interface=""ens5""",1
2026-07-28 15:25:00,ccf-aiops-武汉,cr-2,cr,ospf6_interface_enabled,"interface=""ens4""",1
2026-07-28 15:25:00,ccf-aiops-武汉,cr-2,cr,ospf6_interface_enabled,"interface=""ens3""",1
2026-07-28 15:25:00,ccf-aiops-武汉,cr-2,cr,ospf6_interface_enabled,"interface=""virbr0""",0
2026-07-28 15:25:00,ccf-aiops-武汉,cr-2,cr,ospf6_neighbor_state_code,"state=""Full"",interface=""ens4"",neighbor_id=""5.5.5.1""",6
2026-07-28 15:25:00,ccf-aiops-武汉,cr-2,cr,ospf6_neighbor_state_code,"state=""Full"",interface=""ens5"",neighbor_id=""5.5.5.11""",6
2026-07-28 15:25:00,ccf-aiops-武汉,cr-2,cr,ospf6_neighbor_state_code,"state=""Full"",interface=""ens4"",neighbor_id=""5.5.5.2""",6
2026-07-28 15:25:00,ccf-aiops-武汉,cr-2,cr,ospf6_neighbor_state_code,"state=""Full"",interface=""ens4"",neighbor_id=""5.5.5.11""",6
2026-07-28 15:25:00,ccf-aiops-武汉,cr-2,cr,bgp_command_success,,
2026-07-28 15:25:00,ccf-aiops-武汉,cr-2,cr,bgp_peer_up,,
2026-07-28 15:25:00,ccf-aiops-武汉,cr-2,cr,bgp_peer_uptime_seconds,,
2026-07-28 15:25:00,ccf-aiops-武汉,cr-2,cr,bgp_peer_prefix_received,,
2026-07-28 15:25:00,ccf-aiops-武汉,cr-2,cr,bgp_peer_prefix_sent,,
2026-07-28 15:25:00,ccf-aiops-武汉,cr-2,cr,bgp_peer_count,,
2026-07-28 15:26:00,ccf-aiops-武汉,br-1,br,bgp_command_success,"command=""bgp_summary""",1
2026-07-28 15:26:00,ccf-aiops-武汉,br-1,br,bgp_peer_count,,6
2026-07-28 15:26:00,ccf-aiops-武汉,br-1,br,bgp_peer_prefix_received,"peer=""fd00:100:10::71"",remote_as=""65008"",state=""Established""",4
2026-07-28 15:26:00,ccf-aiops-武汉,br-1,br,bgp_peer_prefix_received,"peer=""fd00:100:10::61"",remote_as=""65007"",state=""Established""",4
2026-07-28 15:26:00,ccf-aiops-武汉,br-1,br,bgp_peer_prefix_received,"peer=""fd00:100:10::51"",remote_as=""65006"",state=""Established""",5
2026-07-28 15:26:00,ccf-aiops-武汉,br-1,br,bgp_peer_prefix_received,"peer=""fd00:100:10::31"",remote_as=""65004"",state=""Established""",2
2026-07-28 15:26:00,ccf-aiops-武汉,br-1,br,bgp_peer_prefix_received,"peer=""fd00:100:10::1"",remote_as=""65001"",state=""Established""",5
2026-07-28 15:26:00,ccf-aiops-武汉,br-1,br,bgp_peer_prefix_received,"peer=""fd00:100:10::21"",remote_as=""65003"",state=""Established""",4
2026-07-28 15:26:00,ccf-aiops-武汉,br-1,br,bgp_peer_prefix_sent,"peer=""fd00:100:10::71"",remote_as=""65008"",state=""Established""",8
2026-07-28 15:26:00,ccf-aiops-武汉,br-1,br,bgp_peer_prefix_sent,"peer=""fd00:100:10::61"",remote_as=""65007"",state=""Established""",8
2026-07-28 15:26:00,ccf-aiops-武汉,br-1,br,bgp_peer_prefix_sent,"peer=""fd00:100:10::1"",remote_as=""65001"",state=""Established""",8
2026-07-28 15:26:00,ccf-aiops-武汉,br-1,br,bgp_peer_prefix_sent,"peer=""fd00:100:10::21"",remote_as=""65003"",state=""Established""",8
2026-07-28 15:26:00,ccf-aiops-武汉,br-1,br,bgp_peer_prefix_sent,"peer=""fd00:100:10::31"",remote_as=""65004"",state=""Established""",8
2026-07-28 15:26:00,ccf-aiops-武汉,br-1,br,bgp_peer_prefix_sent,"peer=""fd00:100:10::51"",remote_as=""65006"",state=""Established""",8
2026-07-28 15:26:00,ccf-aiops-武汉,br-1,br,bgp_peer_up,"peer=""fd00:100:10::71"",remote_as=""65008"",state=""Established""",1
2026-07-28 15:26:00,ccf-aiops-武汉,br-1,br,bgp_peer_up,"peer=""fd00:100:10::61"",remote_as=""65007"",state=""Established""",1
2026-07-28 15:26:00,ccf-aiops-武汉,br-1,br,bgp_peer_up,"peer=""fd00:100:10::51"",remote_as=""65006"",state=""Established""",1
2026-07-28 15:26:00,ccf-aiops-武汉,br-1,br,bgp_peer_up,"peer=""fd00:100:10::31"",remote_as=""65004"",state=""Established""",1
2026-07-28 15:26:00,ccf-aiops-武汉,br-1,br,bgp_peer_up,"peer=""fd00:100:10::21"",remote_as=""65003"",state=""Established""",1
2026-07-28 15:26:00,ccf-aiops-武汉,br-1,br,bgp_peer_up,"peer=""fd00:100:10::1"",remote_as=""65001"",state=""Established""",1
2026-07-28 15:26:00,ccf-aiops-武汉,br-1,br,bgp_peer_uptime_seconds,"peer=""fd00:100:10::1"",remote_as=""65001"",state=""Established""",2423111
2026-07-28 15:26:00,ccf-aiops-武汉,br-1,br,bgp_peer_uptime_seconds,"peer=""fd00:100:10::21"",remote_as=""65003"",state=""Established""",1735749
2026-07-28 15:26:00,ccf-aiops-武汉,br-1,br,bgp_peer_uptime_seconds,"peer=""fd00:100:10::31"",remote_as=""65004"",state=""Established""",2423111
2026-07-28 15:26:00,ccf-aiops-武汉,br-1,br,bgp_peer_uptime_seconds,"peer=""fd00:100:10::51"",remote_as=""65006"",state=""Established""",2423023
2026-07-28 15:26:00,ccf-aiops-武汉,br-1,br,bgp_peer_uptime_seconds,"peer=""fd00:100:10::61"",remote_as=""65007"",state=""Established""",2422915
2026-07-28 15:26:00,ccf-aiops-武汉,br-1,br,bgp_peer_uptime_seconds,"peer=""fd00:100:10::71"",remote_as=""65008"",state=""Established""",2422790
2026-07-28 15:26:00,ccf-aiops-武汉,br-1,br,ipv6_default_route_changed_total,,0
2026-07-28 15:26:00,ccf-aiops-武汉,br-1,br,ipv6_default_route_info,"next_hop=""240a:a023::1"",dev=""ens4"",protocol=""unknown"",metric=""1024"",route_index=""0"",nh_index=""0""",1
2026-07-28 15:26:00,ccf-aiops-武汉,br-1,br,ipv6_route_change_total,"prefix=""fd00:6:40::/64""",0
2026-07-28 15:26:00,ccf-aiops-武汉,br-1,br,ipv6_route_change_total,"prefix=""::/0""",0
2026-07-28 15:26:00,ccf-aiops-武汉,br-1,br,ipv6_route_change_total,"prefix=""fd00:7:40::/64""",8
2026-07-28 15:26:00,ccf-aiops-武汉,br-1,br,ipv6_route_change_total,"prefix=""fd00:8:40::/64""",0
2026-07-28 15:26:00,ccf-aiops-武汉,br-1,br,ipv6_route_change_total,"prefix=""fd00:5:40::/64""",0
2026-07-28 15:26:00,ccf-aiops-武汉,br-1,br,ipv6_route_change_total,"prefix=""fd00:4:40::/64""",0
2026-07-28 15:26:00,ccf-aiops-武汉,br-1,br,ipv6_route_change_total,"prefix=""fd00:3:40::/64""",0
2026-07-28 15:26:00,ccf-aiops-武汉,br-1,br,ipv6_route_change_total,"prefix=""fd00:2:40::/64""",2
2026-07-28 15:26:00,ccf-aiops-武汉,br-1,br,ipv6_route_change_total,"prefix=""fd00:1:40::/64""",0
2026-07-28 15:26:00,ccf-aiops-武汉,br-1,br,ipv6_route_count,"protocol=""unknown""",1
2026-07-28 15:26:00,ccf-aiops-武汉,br-1,br,ipv6_route_count,"protocol=""all""",17
2026-07-28 15:26:00,ccf-aiops-武汉,br-1,br,ipv6_route_count,"protocol=""bgp""",7
2026-07-28 15:26:00,ccf-aiops-武汉,br-1,br,ipv6_route_count,"protocol=""kernel""",7
2026-07-28 15:26:00,ccf-aiops-武汉,br-1,br,ipv6_route_count,"protocol=""ospf""",2
2026-07-28 15:26:00,ccf-aiops-武汉,br-1,br,ipv6_route_exists,"prefix=""fd00:8:40::/64""",1
2026-07-28 15:26:00,ccf-aiops-武汉,br-1,br,ipv6_route_exists,"prefix=""fd00:4:40::/64""",1
2026-07-28 15:26:00,ccf-aiops-武汉,br-1,br,ipv6_route_exists,"prefix=""fd00:5:40::/64""",1
2026-07-28 15:26:00,ccf-aiops-武汉,br-1,br,ipv6_route_exists,"prefix=""fd00:6:40::/64""",1
2026-07-28 15:26:00,ccf-aiops-武汉,br-1,br,ipv6_route_exists,"prefix=""fd00:7:40::/64""",1
2026-07-28 15:26:00,ccf-aiops-武汉,br-1,br,ipv6_route_exists,"prefix=""fd00:3:40::/64""",1
2026-07-28 15:26:00,ccf-aiops-武汉,br-1,br,ipv6_route_exists,"prefix=""fd00:2:40::/64""",1
2026-07-28 15:26:00,ccf-aiops-武汉,br-1,br,ipv6_route_exists,"prefix=""fd00:1:40::/64""",1
2026-07-28 15:26:00,ccf-aiops-武汉,br-1,br,ipv6_route_exists,"prefix=""::/0""",1
2026-07-28 15:26:00,ccf-aiops-武汉,br-1,br,ipv6_route_nexthop_info,"prefix=""fd00:8:40::/64"",next_hop=""fe80::100:10:71"",dev=""ens4"",protocol=""bgp"",metric=""20"",route_index=""0"",nh_index=""0""",1
2026-07-28 15:26:00,ccf-aiops-武汉,br-1,br,ipv6_route_nexthop_info,"prefix=""fd00:5:40::/64"",next_hop=""fe80::5:20:11"",dev=""ens5"",protocol=""ospf"",metric=""20"",route_index=""0"",nh_index=""0""",1
2026-07-28 15:26:00,ccf-aiops-武汉,br-1,br,ipv6_route_nexthop_info,"prefix=""fd00:7:40::/64"",next_hop=""fe80::100:10:61"",dev=""ens4"",protocol=""bgp"",metric=""20"",route_index=""0"",nh_index=""0""",1
2026-07-28 15:26:00,ccf-aiops-武汉,br-1,br,ipv6_route_nexthop_info,"prefix=""fd00:6:40::/64"",next_hop=""fe80::100:10:51"",dev=""ens4"",protocol=""bgp"",metric=""20"",route_index=""0"",nh_index=""0""",1
2026-07-28 15:26:00,ccf-aiops-武汉,br-1,br,ipv6_route_nexthop_info,"prefix=""fd00:4:40::/64"",next_hop=""fe80::100:10:31"",dev=""ens4"",protocol=""bgp"",metric=""20"",route_index=""0"",nh_index=""0""",1
2026-07-28 15:26:00,ccf-aiops-武汉,br-1,br,ipv6_route_nexthop_info,"prefix=""fd00:3:40::/64"",next_hop=""fe80::100:10:21"",dev=""ens4"",protocol=""bgp"",metric=""20"",route_index=""0"",nh_index=""0""",1
2026-07-28 15:26:00,ccf-aiops-武汉,br-1,br,ipv6_route_nexthop_info,"prefix=""fd00:2:40::/64"",next_hop=""fe80::100:10:1"",dev=""ens4"",protocol=""bgp"",metric=""20"",route_index=""0"",nh_index=""0""",1
2026-07-28 15:26:00,ccf-aiops-武汉,br-1,br,ipv6_route_nexthop_info,"prefix=""fd00:1:40::/64"",next_hop=""fe80::100:10:1"",dev=""ens4"",protocol=""bgp"",metric=""20"",route_index=""0"",nh_index=""0""",1
2026-07-28 15:26:00,ccf-aiops-武汉,br-1,br,ipv6_route_nexthop_info,"prefix=""::/0"",next_hop=""240a:a023::1"",dev=""ens4"",protocol=""unknown"",metric=""1024"",route_index=""0"",nh_index=""0""",1
2026-07-28 15:26:00,ccf-aiops-武汉,br-1,br,ipv6_route_nexthop_info,"prefix=""fd00:5:40::/64"",next_hop=""fe80::5:20:12"",dev=""ens5"",protocol=""ospf"",metric=""20"",route_index=""0"",nh_index=""1""",1
2026-07-28 15:26:00,ccf-aiops-武汉,br-1,br,ospf6_interface_cost,"interface=""ens5""",1
2026-07-28 15:26:00,ccf-aiops-武汉,br-1,br,ospf6_interface_enabled,"interface=""ens4""",1
2026-07-28 15:26:00,ccf-aiops-武汉,br-1,br,ospf6_interface_enabled,"interface=""virbr0""",0
2026-07-28 15:26:00,ccf-aiops-武汉,br-1,br,ospf6_interface_enabled,"interface=""lo""",1
2026-07-28 15:26:00,ccf-aiops-武汉,br-1,br,ospf6_interface_enabled,"interface=""ens9""",1
2026-07-28 15:26:00,ccf-aiops-武汉,br-1,br,ospf6_interface_enabled,"interface=""ens8""",1
2026-07-28 15:26:00,ccf-aiops-武汉,br-1,br,ospf6_interface_enabled,"interface=""ens7""",1
2026-07-28 15:26:00,ccf-aiops-武汉,br-1,br,ospf6_interface_enabled,"interface=""ens6""",1
2026-07-28 15:26:00,ccf-aiops-武汉,br-1,br,ospf6_interface_enabled,"interface=""ens5""",1
2026-07-28 15:26:00,ccf-aiops-武汉,br-1,br,ospf6_interface_enabled,"interface=""ens3""",1
2026-07-28 15:26:00,ccf-aiops-武汉,br-1,br,ospf6_interface_enabled,"interface=""ens12""",1
2026-07-28 15:26:00,ccf-aiops-武汉,br-1,br,ospf6_interface_enabled,"interface=""ens11""",1
2026-07-28 15:26:00,ccf-aiops-武汉,br-1,br,ospf6_interface_enabled,"interface=""ens10""",1
2026-07-28 15:26:00,ccf-aiops-武汉,br-1,br,ospf6_neighbor_state_code,"state=""Full"",interface=""ens5"",neighbor_id=""5.5.5.11""",6
2026-07-28 15:26:00,ccf-aiops-武汉,br-1,br,ospf6_neighbor_state_code,"state=""Twoway"",interface=""ens5"",neighbor_id=""5.5.5.2""",2
2026-07-28 15:26:00,ccf-aiops-武汉,br-1,br,ospf6_neighbor_state_code,"state=""Full"",interface=""ens5"",neighbor_id=""5.5.5.12""",6
2026-07-28 15:26:00,ccf-aiops-武汉,br-2,br,bgp_command_success,"command=""bgp_summary""",1
2026-07-28 15:26:00,ccf-aiops-武汉,br-2,br,bgp_peer_count,,6
2026-07-28 15:26:00,ccf-aiops-武汉,br-2,br,bgp_peer_prefix_received,"peer=""fd00:100:10::2"",remote_as=""65001"",state=""Established""",4
2026-07-28 15:26:00,ccf-aiops-武汉,br-2,br,bgp_peer_prefix_received,"peer=""fd00:100:10::72"",remote_as=""65008"",state=""Established""",3
2026-07-28 15:26:00,ccf-aiops-武汉,br-2,br,bgp_peer_prefix_received,"peer=""fd00:100:10::62"",remote_as=""65007"",state=""Established""",4
2026-07-28 15:26:00,ccf-aiops-武汉,br-2,br,bgp_peer_prefix_received,"peer=""fd00:100:10::52"",remote_as=""65006"",state=""Established""",6
2026-07-28 15:26:00,ccf-aiops-武汉,br-2,br,bgp_peer_prefix_received,"peer=""fd00:100:10::32"",remote_as=""65004"",state=""Established""",3
2026-07-28 15:26:00,ccf-aiops-武汉,br-2,br,bgp_peer_prefix_received,"peer=""fd00:100:10::22"",remote_as=""65003"",state=""Established""",5
2026-07-28 15:26:00,ccf-aiops-武汉,br-2,br,bgp_peer_prefix_sent,"peer=""fd00:100:10::72"",remote_as=""65008"",state=""Established""",8
2026-07-28 15:26:00,ccf-aiops-武汉,br-2,br,bgp_peer_prefix_sent,"peer=""fd00:100:10::32"",remote_as=""65004"",state=""Established""",8
2026-07-28 15:26:00,ccf-aiops-武汉,br-2,br,bgp_peer_prefix_sent,"peer=""fd00:100:10::52"",remote_as=""65006"",state=""Established""",8
2026-07-28 15:26:00,ccf-aiops-武汉,br-2,br,bgp_peer_prefix_sent,"peer=""fd00:100:10::62"",remote_as=""65007"",state=""Established""",8
2026-07-28 15:26:00,ccf-aiops-武汉,br-2,br,bgp_peer_prefix_sent,"peer=""fd00:100:10::22"",remote_as=""65003"",state=""Established""",8
2026-07-28 15:26:00,ccf-aiops-武汉,br-2,br,bgp_peer_prefix_sent,"peer=""fd00:100:10::2"",remote_as=""65001"",state=""Established""",8
2026-07-28 15:26:00,ccf-aiops-武汉,br-2,br,bgp_peer_up,"peer=""fd00:100:10::62"",remote_as=""65007"",state=""Established""",1
2026-07-28 15:26:00,ccf-aiops-武汉,br-2,br,bgp_peer_up,"peer=""fd00:100:10::52"",remote_as=""65006"",state=""Established""",1
2026-07-28 15:26:00,ccf-aiops-武汉,br-2,br,bgp_peer_up,"peer=""fd00:100:10::32"",remote_as=""65004"",state=""Established""",1
2026-07-28 15:26:00,ccf-aiops-武汉,br-2,br,bgp_peer_up,"peer=""fd00:100:10::22"",remote_as=""65003"",state=""Established""",1
2026-07-28 15:26:00,ccf-aiops-武汉,br-2,br,bgp_peer_up,"peer=""fd00:100:10::2"",remote_as=""65001"",state=""Established""",1
2026-07-28 15:26:00,ccf-aiops-武汉,br-2,br,bgp_peer_up,"peer=""fd00:100:10::72"",remote_as=""65008"",state=""Established""",1
2026-07-28 15:26:00,ccf-aiops-武汉,br-2,br,bgp_peer_uptime_seconds,"peer=""fd00:100:10::52"",remote_as=""65006"",state=""Established""",2423000
2026-07-28 15:26:00,ccf-aiops-武汉,br-2,br,bgp_peer_uptime_seconds,"peer=""fd00:100:10::32"",remote_as=""65004"",state=""Established""",2423093
2026-07-28 15:26:00,ccf-aiops-武汉,br-2,br,bgp_peer_uptime_seconds,"peer=""fd00:100:10::22"",remote_as=""65003"",state=""Established""",705484
2026-07-28 15:26:00,ccf-aiops-武汉,br-2,br,bgp_peer_uptime_seconds,"peer=""fd00:100:10::2"",remote_as=""65001"",state=""Established""",2423093
2026-07-28 15:26:00,ccf-aiops-武汉,br-2,br,bgp_peer_uptime_seconds,"peer=""fd00:100:10::72"",remote_as=""65008"",state=""Established""",2422772
2026-07-28 15:26:00,ccf-aiops-武汉,br-2,br,bgp_peer_uptime_seconds,"peer=""fd00:100:10::62"",remote_as=""65007"",state=""Established""",2422889
2026-07-28 15:26:00,ccf-aiops-武汉,br-2,br,ipv6_default_route_changed_total,,0
2026-07-28 15:26:00,ccf-aiops-武汉,br-2,br,ipv6_default_route_info,"next_hop=""240a:a023::1"",dev=""ens4"",protocol=""unknown"",metric=""1024"",route_index=""0"",nh_index=""0""",1
2026-07-28 15:26:00,ccf-aiops-武汉,br-2,br,ipv6_route_change_total,"prefix=""fd00:5:40::/64""",0
2026-07-28 15:26:00,ccf-aiops-武汉,br-2,br,ipv6_route_change_total,"prefix=""fd00:8:40::/64""",0
2026-07-28 15:26:00,ccf-aiops-武汉,br-2,br,ipv6_route_change_total,"prefix=""fd00:7:40::/64""",4
2026-07-28 15:26:00,ccf-aiops-武汉,br-2,br,ipv6_route_change_total,"prefix=""fd00:6:40::/64""",0
2026-07-28 15:26:00,ccf-aiops-武汉,br-2,br,ipv6_route_change_total,"prefix=""fd00:3:40::/64""",0
2026-07-28 15:26:00,ccf-aiops-武汉,br-2,br,ipv6_route_change_total,"prefix=""::/0""",0
2026-07-28 15:26:00,ccf-aiops-武汉,br-2,br,ipv6_route_change_total,"prefix=""fd00:1:40::/64""",0
2026-07-28 15:26:00,ccf-aiops-武汉,br-2,br,ipv6_route_change_total,"prefix=""fd00:2:40::/64""",2
2026-07-28 15:26:00,ccf-aiops-武汉,br-2,br,ipv6_route_change_total,"prefix=""fd00:4:40::/64""",0
2026-07-28 15:26:00,ccf-aiops-武汉,br-2,br,ipv6_route_count,"protocol=""ospf""",2
2026-07-28 15:26:00,ccf-aiops-武汉,br-2,br,ipv6_route_count,"protocol=""unknown""",1
2026-07-28 15:26:00,ccf-aiops-武汉,br-2,br,ipv6_route_count,"protocol=""kernel""",7
2026-07-28 15:26:00,ccf-aiops-武汉,br-2,br,ipv6_route_count,"protocol=""bgp""",7
2026-07-28 15:26:00,ccf-aiops-武汉,br-2,br,ipv6_route_count,"protocol=""all""",17
2026-07-28 15:26:00,ccf-aiops-武汉,br-2,br,ipv6_route_exists,"prefix=""fd00:8:40::/64""",1
2026-07-28 15:26:00,ccf-aiops-武汉,br-2,br,ipv6_route_exists,"prefix=""fd00:7:40::/64""",1
2026-07-28 15:26:00,ccf-aiops-武汉,br-2,br,ipv6_route_exists,"prefix=""fd00:6:40::/64""",1
2026-07-28 15:26:00,ccf-aiops-武汉,br-2,br,ipv6_route_exists,"prefix=""::/0""",1
2026-07-28 15:26:00,ccf-aiops-武汉,br-2,br,ipv6_route_exists,"prefix=""fd00:1:40::/64""",1
2026-07-28 15:26:00,ccf-aiops-武汉,br-2,br,ipv6_route_exists,"prefix=""fd00:2:40::/64""",1
2026-07-28 15:26:00,ccf-aiops-武汉,br-2,br,ipv6_route_exists,"prefix=""fd00:3:40::/64""",1
2026-07-28 15:26:00,ccf-aiops-武汉,br-2,br,ipv6_route_exists,"prefix=""fd00:4:40::/64""",1
2026-07-28 15:26:00,ccf-aiops-武汉,br-2,br,ipv6_route_exists,"prefix=""fd00:5:40::/64""",1
2026-07-28 15:26:00,ccf-aiops-武汉,br-2,br,ipv6_route_nexthop_info,"prefix=""fd00:7:40::/64"",next_hop=""fe80::100:10:62"",dev=""ens4"",protocol=""bgp"",metric=""20"",route_index=""0"",nh_index=""0""",1
2026-07-28 15:26:00,ccf-aiops-武汉,br-2,br,ipv6_route_nexthop_info,"prefix=""fd00:5:40::/64"",next_hop=""fe80::5:20:12"",dev=""ens5"",protocol=""ospf"",metric=""20"",route_index=""0"",nh_index=""1""",1
2026-07-28 15:26:00,ccf-aiops-武汉,br-2,br,ipv6_route_nexthop_info,"prefix=""fd00:6:40::/64"",next_hop=""fe80::100:10:52"",dev=""ens4"",protocol=""bgp"",metric=""20"",route_index=""0"",nh_index=""0""",1
2026-07-28 15:26:00,ccf-aiops-武汉,br-2,br,ipv6_route_nexthop_info,"prefix=""fd00:4:40::/64"",next_hop=""fe80::100:10:32"",dev=""ens4"",protocol=""bgp"",metric=""20"",route_index=""0"",nh_index=""0""",1
2026-07-28 15:26:00,ccf-aiops-武汉,br-2,br,ipv6_route_nexthop_info,"prefix=""fd00:3:40::/64"",next_hop=""fe80::100:10:22"",dev=""ens4"",protocol=""bgp"",metric=""20"",route_index=""0"",nh_index=""0""",1
2026-07-28 15:26:00,ccf-aiops-武汉,br-2,br,ipv6_route_nexthop_info,"prefix=""fd00:2:40::/64"",next_hop=""fe80::100:10:2"",dev=""ens4"",protocol=""bgp"",metric=""20"",route_index=""0"",nh_index=""0""",1
2026-07-28 15:26:00,ccf-aiops-武汉,br-2,br,ipv6_route_nexthop_info,"prefix=""fd00:1:40::/64"",next_hop=""fe80::100:10:2"",dev=""ens4"",protocol=""bgp"",metric=""20"",route_index=""0"",nh_index=""0""",1
2026-07-28 15:26:00,ccf-aiops-武汉,br-2,br,ipv6_route_nexthop_info,"prefix=""::/0"",next_hop=""240a:a023::1"",dev=""ens4"",protocol=""unknown"",metric=""1024"",route_index=""0"",nh_index=""0""",1
2026-07-28 15:26:00,ccf-aiops-武汉,br-2,br,ipv6_route_nexthop_info,"prefix=""fd00:8:40::/64"",next_hop=""fe80::100:10:72"",dev=""ens4"",protocol=""bgp"",metric=""20"",route_index=""0"",nh_index=""0""",1
2026-07-28 15:26:00,ccf-aiops-武汉,br-2,br,ipv6_route_nexthop_info,"prefix=""fd00:5:40::/64"",next_hop=""fe80::5:20:11"",dev=""ens5"",protocol=""ospf"",metric=""20"",route_index=""0"",nh_index=""0""",1
2026-07-28 15:26:00,ccf-aiops-武汉,br-2,br,ospf6_interface_cost,"interface=""ens5""",1
2026-07-28 15:26:00,ccf-aiops-武汉,br-2,br,ospf6_interface_enabled,"interface=""ens12""",1
2026-07-28 15:26:00,ccf-aiops-武汉,br-2,br,ospf6_interface_enabled,"interface=""ens11""",1
2026-07-28 15:26:00,ccf-aiops-武汉,br-2,br,ospf6_interface_enabled,"interface=""ens10""",1
2026-07-28 15:26:00,ccf-aiops-武汉,br-2,br,ospf6_interface_enabled,"interface=""ens9""",1
2026-07-28 15:26:00,ccf-aiops-武汉,br-2,br,ospf6_interface_enabled,"interface=""ens3""",1
2026-07-28 15:26:00,ccf-aiops-武汉,br-2,br,ospf6_interface_enabled,"interface=""ens4""",1
2026-07-28 15:26:00,ccf-aiops-武汉,br-2,br,ospf6_interface_enabled,"interface=""ens5""",1
2026-07-28 15:26:00,ccf-aiops-武汉,br-2,br,ospf6_interface_enabled,"interface=""ens6""",1
2026-07-28 15:26:00,ccf-aiops-武汉,br-2,br,ospf6_interface_enabled,"interface=""ens7""",1
2026-07-28 15:26:00,ccf-aiops-武汉,br-2,br,ospf6_interface_enabled,"interface=""ens8""",1
2026-07-28 15:26:00,ccf-aiops-武汉,br-2,br,ospf6_interface_enabled,"interface=""virbr0""",0
2026-07-28 15:26:00,ccf-aiops-武汉,br-2,br,ospf6_interface_enabled,"interface=""lo""",1
2026-07-28 15:26:00,ccf-aiops-武汉,br-2,br,ospf6_neighbor_state_code,"state=""Twoway"",interface=""ens5"",neighbor_id=""5.5.5.1""",2
2026-07-28 15:26:00,ccf-aiops-武汉,br-2,br,ospf6_neighbor_state_code,"state=""Full"",interface=""ens5"",neighbor_id=""5.5.5.11""",6
2026-07-28 15:26:00,ccf-aiops-武汉,br-2,br,ospf6_neighbor_state_code,"state=""Full"",interface=""ens5"",neighbor_id=""5.5.5.12""",6
2026-07-28 15:26:00,ccf-aiops-武汉,cr-1,cr,ipv6_default_route_changed_total,,0
2026-07-28 15:26:00,ccf-aiops-武汉,cr-1,cr,ipv6_default_route_info,"next_hop=""fd00:5:20::1"",dev=""ens4"",protocol=""196"",metric=""20"",route_index=""0"",nh_index=""0""",1
2026-07-28 15:26:00,ccf-aiops-武汉,cr-1,cr,ipv6_default_route_info,"next_hop=""fd00:5:20::2"",dev=""ens4"",protocol=""196"",metric=""20"",route_index=""0"",nh_index=""1""",1
2026-07-28 15:26:00,ccf-aiops-武汉,cr-1,cr,ipv6_route_change_total,"prefix=""fd00:1:40::/64""",0
2026-07-28 15:26:00,ccf-aiops-武汉,cr-1,cr,ipv6_route_change_total,"prefix=""fd00:2:40::/64""",0
2026-07-28 15:26:00,ccf-aiops-武汉,cr-1,cr,ipv6_route_change_total,"prefix=""fd00:3:40::/64""",0
2026-07-28 15:26:00,ccf-aiops-武汉,cr-1,cr,ipv6_route_change_total,"prefix=""fd00:4:40::/64""",0
2026-07-28 15:26:00,ccf-aiops-武汉,cr-1,cr,ipv6_route_change_total,"prefix=""fd00:5:40::/64""",0
2026-07-28 15:26:00,ccf-aiops-武汉,cr-1,cr,ipv6_route_change_total,"prefix=""fd00:6:40::/64""",0
2026-07-28 15:26:00,ccf-aiops-武汉,cr-1,cr,ipv6_route_change_total,"prefix=""fd00:7:40::/64""",0
2026-07-28 15:26:00,ccf-aiops-武汉,cr-1,cr,ipv6_route_change_total,"prefix=""fd00:8:40::/64""",0
2026-07-28 15:26:00,ccf-aiops-武汉,cr-1,cr,ipv6_route_change_total,"prefix=""::/0""",0
2026-07-28 15:26:00,ccf-aiops-武汉,cr-1,cr,ipv6_route_count,"protocol=""196""",2
2026-07-28 15:26:00,ccf-aiops-武汉,cr-1,cr,ipv6_route_count,"protocol=""all""",15
2026-07-28 15:26:00,ccf-aiops-武汉,cr-1,cr,ipv6_route_count,"protocol=""kernel""",6
2026-07-28 15:26:00,ccf-aiops-武汉,cr-1,cr,ipv6_route_count,"protocol=""ospf""",7
2026-07-28 15:26:00,ccf-aiops-武汉,cr-1,cr,ipv6_route_exists,"prefix=""fd00:1:40::/64""",1
2026-07-28 15:26:00,ccf-aiops-武汉,cr-1,cr,ipv6_route_exists,"prefix=""fd00:8:40::/64""",1
2026-07-28 15:26:00,ccf-aiops-武汉,cr-1,cr,ipv6_route_exists,"prefix=""fd00:7:40::/64""",1
2026-07-28 15:26:00,ccf-aiops-武汉,cr-1,cr,ipv6_route_exists,"prefix=""fd00:6:40::/64""",1
2026-07-28 15:26:00,ccf-aiops-武汉,cr-1,cr,ipv6_route_exists,"prefix=""fd00:5:40::/64""",1
2026-07-28 15:26:00,ccf-aiops-武汉,cr-1,cr,ipv6_route_exists,"prefix=""fd00:4:40::/64""",1
2026-07-28 15:26:00,ccf-aiops-武汉,cr-1,cr,ipv6_route_exists,"prefix=""::/0""",1
2026-07-28 15:26:00,ccf-aiops-武汉,cr-1,cr,ipv6_route_exists,"prefix=""fd00:3:40::/64""",1
2026-07-28 15:26:00,ccf-aiops-武汉,cr-1,cr,ipv6_route_exists,"prefix=""fd00:2:40::/64""",1
2026-07-28 15:26:00,ccf-aiops-武汉,cr-1,cr,ipv6_route_nexthop_info,"prefix=""fd00:3:40::/64"",next_hop=""fe80::5:20:2"",dev=""ens4"",protocol=""ospf"",metric=""20"",route_index=""0"",nh_index=""1""",1
2026-07-28 15:26:00,ccf-aiops-武汉,cr-1,cr,ipv6_route_nexthop_info,"prefix=""fd00:1:40::/64"",next_hop=""fe80::5:20:1"",dev=""ens4"",protocol=""ospf"",metric=""20"",route_index=""0"",nh_index=""0""",1
2026-07-28 15:26:00,ccf-aiops-武汉,cr-1,cr,ipv6_route_nexthop_info,"prefix=""fd00:2:40::/64"",next_hop=""fe80::5:20:1"",dev=""ens4"",protocol=""ospf"",metric=""20"",route_index=""0"",nh_index=""0""",1
2026-07-28 15:26:00,ccf-aiops-武汉,cr-1,cr,ipv6_route_nexthop_info,"prefix=""fd00:3:40::/64"",next_hop=""fe80::5:20:1"",dev=""ens4"",protocol=""ospf"",metric=""20"",route_index=""0"",nh_index=""0""",1
2026-07-28 15:26:00,ccf-aiops-武汉,cr-1,cr,ipv6_route_nexthop_info,"prefix=""fd00:4:40::/64"",next_hop=""fe80::5:20:1"",dev=""ens4"",protocol=""ospf"",metric=""20"",route_index=""0"",nh_index=""0""",1
2026-07-28 15:26:00,ccf-aiops-武汉,cr-1,cr,ipv6_route_nexthop_info,"prefix=""fd00:6:40::/64"",next_hop=""fe80::5:20:1"",dev=""ens4"",protocol=""ospf"",metric=""20"",route_index=""0"",nh_index=""0""",1
2026-07-28 15:26:00,ccf-aiops-武汉,cr-1,cr,ipv6_route_nexthop_info,"prefix=""::/0"",next_hop=""fd00:5:20::2"",dev=""ens4"",protocol=""196"",metric=""20"",route_index=""0"",nh_index=""1""",1
2026-07-28 15:26:00,ccf-aiops-武汉,cr-1,cr,ipv6_route_nexthop_info,"prefix=""fd00:7:40::/64"",next_hop=""fe80::5:20:1"",dev=""ens4"",protocol=""ospf"",metric=""20"",route_index=""0"",nh_index=""0""",1
2026-07-28 15:26:00,ccf-aiops-武汉,cr-1,cr,ipv6_route_nexthop_info,"prefix=""::/0"",next_hop=""fd00:5:20::1"",dev=""ens4"",protocol=""196"",metric=""20"",route_index=""0"",nh_index=""0""",1
2026-07-28 15:26:00,ccf-aiops-武汉,cr-1,cr,ipv6_route_nexthop_info,"prefix=""fd00:2:40::/64"",next_hop=""fe80::5:20:2"",dev=""ens4"",protocol=""ospf"",metric=""20"",route_index=""0"",nh_index=""1""",1
2026-07-28 15:26:00,ccf-aiops-武汉,cr-1,cr,ipv6_route_nexthop_info,"prefix=""fd00:5:40::/64"",next_hop=""fd00:5:30::254"",dev=""ens5"",protocol=""196"",metric=""20"",route_index=""0"",nh_index=""0""",1
2026-07-28 15:26:00,ccf-aiops-武汉,cr-1,cr,ipv6_route_nexthop_info,"prefix=""fd00:8:40::/64"",next_hop=""fe80::5:20:1"",dev=""ens4"",protocol=""ospf"",metric=""20"",route_index=""0"",nh_index=""0""",1
2026-07-28 15:26:00,ccf-aiops-武汉,cr-1,cr,ipv6_route_nexthop_info,"prefix=""fd00:1:40::/64"",next_hop=""fe80::5:20:2"",dev=""ens4"",protocol=""ospf"",metric=""20"",route_index=""0"",nh_index=""1""",1
2026-07-28 15:26:00,ccf-aiops-武汉,cr-1,cr,ipv6_route_nexthop_info,"prefix=""fd00:4:40::/64"",next_hop=""fe80::5:20:2"",dev=""ens4"",protocol=""ospf"",metric=""20"",route_index=""0"",nh_index=""1""",1
2026-07-28 15:26:00,ccf-aiops-武汉,cr-1,cr,ipv6_route_nexthop_info,"prefix=""fd00:6:40::/64"",next_hop=""fe80::5:20:2"",dev=""ens4"",protocol=""ospf"",metric=""20"",route_index=""0"",nh_index=""1""",1
2026-07-28 15:26:00,ccf-aiops-武汉,cr-1,cr,ipv6_route_nexthop_info,"prefix=""fd00:7:40::/64"",next_hop=""fe80::5:20:2"",dev=""ens4"",protocol=""ospf"",metric=""20"",route_index=""0"",nh_index=""1""",1
2026-07-28 15:26:00,ccf-aiops-武汉,cr-1,cr,ipv6_route_nexthop_info,"prefix=""fd00:8:40::/64"",next_hop=""fe80::5:20:2"",dev=""ens4"",protocol=""ospf"",metric=""20"",route_index=""0"",nh_index=""1""",1
2026-07-28 15:26:00,ccf-aiops-武汉,cr-1,cr,ospf6_interface_cost,"interface=""ens5""",1
2026-07-28 15:26:00,ccf-aiops-武汉,cr-1,cr,ospf6_interface_cost,"interface=""ens4""",1
2026-07-28 15:26:00,ccf-aiops-武汉,cr-1,cr,ospf6_interface_enabled,"interface=""ens5""",1
2026-07-28 15:26:00,ccf-aiops-武汉,cr-1,cr,ospf6_interface_enabled,"interface=""virbr0""",0
2026-07-28 15:26:00,ccf-aiops-武汉,cr-1,cr,ospf6_interface_enabled,"interface=""lo""",1
2026-07-28 15:26:00,ccf-aiops-武汉,cr-1,cr,ospf6_interface_enabled,"interface=""ens9""",1
2026-07-28 15:26:00,ccf-aiops-武汉,cr-1,cr,ospf6_interface_enabled,"interface=""ens8""",1
2026-07-28 15:26:00,ccf-aiops-武汉,cr-1,cr,ospf6_interface_enabled,"interface=""ens7""",1
2026-07-28 15:26:00,ccf-aiops-武汉,cr-1,cr,ospf6_interface_enabled,"interface=""ens10""",1
2026-07-28 15:26:00,ccf-aiops-武汉,cr-1,cr,ospf6_interface_enabled,"interface=""ens11""",1
2026-07-28 15:26:00,ccf-aiops-武汉,cr-1,cr,ospf6_interface_enabled,"interface=""ens12""",1
2026-07-28 15:26:00,ccf-aiops-武汉,cr-1,cr,ospf6_interface_enabled,"interface=""ens3""",1
2026-07-28 15:26:00,ccf-aiops-武汉,cr-1,cr,ospf6_interface_enabled,"interface=""ens4""",1
2026-07-28 15:26:00,ccf-aiops-武汉,cr-1,cr,ospf6_interface_enabled,"interface=""ens6""",1
2026-07-28 15:26:00,ccf-aiops-武汉,cr-1,cr,ospf6_neighbor_state_code,"state=""Full"",interface=""ens4"",neighbor_id=""5.5.5.12""",6
2026-07-28 15:26:00,ccf-aiops-武汉,cr-1,cr,ospf6_neighbor_state_code,"state=""Full"",interface=""ens4"",neighbor_id=""5.5.5.1""",6
2026-07-28 15:26:00,ccf-aiops-武汉,cr-1,cr,ospf6_neighbor_state_code,"state=""Full"",interface=""ens5"",neighbor_id=""5.5.5.12""",6
2026-07-28 15:26:00,ccf-aiops-武汉,cr-1,cr,ospf6_neighbor_state_code,"state=""Full"",interface=""ens4"",neighbor_id=""5.5.5.2""",6
2026-07-28 15:26:00,ccf-aiops-武汉,cr-1,cr,bgp_command_success,,
2026-07-28 15:26:00,ccf-aiops-武汉,cr-1,cr,bgp_peer_up,,
2026-07-28 15:26:00,ccf-aiops-武汉,cr-1,cr,bgp_peer_uptime_seconds,,
2026-07-28 15:26:00,ccf-aiops-武汉,cr-1,cr,bgp_peer_prefix_received,,
2026-07-28 15:26:00,ccf-aiops-武汉,cr-1,cr,bgp_peer_prefix_sent,,
2026-07-28 15:26:00,ccf-aiops-武汉,cr-1,cr,bgp_peer_count,,
2026-07-28 15:26:00,ccf-aiops-武汉,cr-2,cr,ipv6_default_route_changed_total,,0
2026-07-28 15:26:00,ccf-aiops-武汉,cr-2,cr,ipv6_default_route_info,"next_hop=""fd00:5:20::1"",dev=""ens4"",protocol=""196"",metric=""20"",route_index=""0"",nh_index=""0""",1
2026-07-28 15:26:00,ccf-aiops-武汉,cr-2,cr,ipv6_default_route_info,"next_hop=""fd00:5:20::2"",dev=""ens4"",protocol=""196"",metric=""20"",route_index=""0"",nh_index=""1""",1
2026-07-28 15:26:00,ccf-aiops-武汉,cr-2,cr,ipv6_route_change_total,"prefix=""fd00:7:40::/64""",0
2026-07-28 15:26:00,ccf-aiops-武汉,cr-2,cr,ipv6_route_change_total,"prefix=""fd00:6:40::/64""",0
2026-07-28 15:26:00,ccf-aiops-武汉,cr-2,cr,ipv6_route_change_total,"prefix=""fd00:5:40::/64""",0
2026-07-28 15:26:00,ccf-aiops-武汉,cr-2,cr,ipv6_route_change_total,"prefix=""fd00:4:40::/64""",0
2026-07-28 15:26:00,ccf-aiops-武汉,cr-2,cr,ipv6_route_change_total,"prefix=""fd00:3:40::/64""",0
2026-07-28 15:26:00,ccf-aiops-武汉,cr-2,cr,ipv6_route_change_total,"prefix=""fd00:2:40::/64""",0
2026-07-28 15:26:00,ccf-aiops-武汉,cr-2,cr,ipv6_route_change_total,"prefix=""fd00:1:40::/64""",0
2026-07-28 15:26:00,ccf-aiops-武汉,cr-2,cr,ipv6_route_change_total,"prefix=""::/0""",0
2026-07-28 15:26:00,ccf-aiops-武汉,cr-2,cr,ipv6_route_change_total,"prefix=""fd00:8:40::/64""",0
2026-07-28 15:26:00,ccf-aiops-武汉,cr-2,cr,ipv6_route_count,"protocol=""196""",2
2026-07-28 15:26:00,ccf-aiops-武汉,cr-2,cr,ipv6_route_count,"protocol=""all""",15
2026-07-28 15:26:00,ccf-aiops-武汉,cr-2,cr,ipv6_route_count,"protocol=""kernel""",6
2026-07-28 15:26:00,ccf-aiops-武汉,cr-2,cr,ipv6_route_count,"protocol=""ospf""",7
2026-07-28 15:26:00,ccf-aiops-武汉,cr-2,cr,ipv6_route_exists,"prefix=""fd00:8:40::/64""",1
2026-07-28 15:26:00,ccf-aiops-武汉,cr-2,cr,ipv6_route_exists,"prefix=""fd00:7:40::/64""",1
2026-07-28 15:26:00,ccf-aiops-武汉,cr-2,cr,ipv6_route_exists,"prefix=""fd00:6:40::/64""",1
2026-07-28 15:26:00,ccf-aiops-武汉,cr-2,cr,ipv6_route_exists,"prefix=""fd00:5:40::/64""",1
2026-07-28 15:26:00,ccf-aiops-武汉,cr-2,cr,ipv6_route_exists,"prefix=""fd00:4:40::/64""",1
2026-07-28 15:26:00,ccf-aiops-武汉,cr-2,cr,ipv6_route_exists,"prefix=""fd00:3:40::/64""",1
2026-07-28 15:26:00,ccf-aiops-武汉,cr-2,cr,ipv6_route_exists,"prefix=""fd00:2:40::/64""",1
2026-07-28 15:26:00,ccf-aiops-武汉,cr-2,cr,ipv6_route_exists,"prefix=""fd00:1:40::/64""",1
2026-07-28 15:26:00,ccf-aiops-武汉,cr-2,cr,ipv6_route_exists,"prefix=""::/0""",1
2026-07-28 15:26:00,ccf-aiops-武汉,cr-2,cr,ipv6_route_nexthop_info,"prefix=""fd00:2:40::/64"",next_hop=""fe80::5:20:2"",dev=""ens4"",protocol=""ospf"",metric=""20"",route_index=""0"",nh_index=""1""",1
2026-07-28 15:26:00,ccf-aiops-武汉,cr-2,cr,ipv6_route_nexthop_info,"prefix=""fd00:5:40::/64"",next_hop=""fd00:5:30::254"",dev=""ens5"",protocol=""196"",metric=""20"",route_index=""0"",nh_index=""0""",1
2026-07-28 15:26:00,ccf-aiops-武汉,cr-2,cr,ipv6_route_nexthop_info,"prefix=""fd00:8:40::/64"",next_hop=""fe80::5:20:2"",dev=""ens4"",protocol=""ospf"",metric=""20"",route_index=""0"",nh_index=""1""",1
2026-07-28 15:26:00,ccf-aiops-武汉,cr-2,cr,ipv6_route_nexthop_info,"prefix=""fd00:7:40::/64"",next_hop=""fe80::5:20:2"",dev=""ens4"",protocol=""ospf"",metric=""20"",route_index=""0"",nh_index=""1""",1
2026-07-28 15:26:00,ccf-aiops-武汉,cr-2,cr,ipv6_route_nexthop_info,"prefix=""fd00:6:40::/64"",next_hop=""fe80::5:20:2"",dev=""ens4"",protocol=""ospf"",metric=""20"",route_index=""0"",nh_index=""1""",1
2026-07-28 15:26:00,ccf-aiops-武汉,cr-2,cr,ipv6_route_nexthop_info,"prefix=""fd00:4:40::/64"",next_hop=""fe80::5:20:2"",dev=""ens4"",protocol=""ospf"",metric=""20"",route_index=""0"",nh_index=""1""",1
2026-07-28 15:26:00,ccf-aiops-武汉,cr-2,cr,ipv6_route_nexthop_info,"prefix=""::/0"",next_hop=""fd00:5:20::1"",dev=""ens4"",protocol=""196"",metric=""20"",route_index=""0"",nh_index=""0""",1
2026-07-28 15:26:00,ccf-aiops-武汉,cr-2,cr,ipv6_route_nexthop_info,"prefix=""::/0"",next_hop=""fd00:5:20::2"",dev=""ens4"",protocol=""196"",metric=""20"",route_index=""0"",nh_index=""1""",1
2026-07-28 15:26:00,ccf-aiops-武汉,cr-2,cr,ipv6_route_nexthop_info,"prefix=""fd00:1:40::/64"",next_hop=""fe80::5:20:1"",dev=""ens4"",protocol=""ospf"",metric=""20"",route_index=""0"",nh_index=""0""",1
2026-07-28 15:26:00,ccf-aiops-武汉,cr-2,cr,ipv6_route_nexthop_info,"prefix=""fd00:2:40::/64"",next_hop=""fe80::5:20:1"",dev=""ens4"",protocol=""ospf"",metric=""20"",route_index=""0"",nh_index=""0""",1
2026-07-28 15:26:00,ccf-aiops-武汉,cr-2,cr,ipv6_route_nexthop_info,"prefix=""fd00:3:40::/64"",next_hop=""fe80::5:20:1"",dev=""ens4"",protocol=""ospf"",metric=""20"",route_index=""0"",nh_index=""0""",1
2026-07-28 15:26:00,ccf-aiops-武汉,cr-2,cr,ipv6_route_nexthop_info,"prefix=""fd00:4:40::/64"",next_hop=""fe80::5:20:1"",dev=""ens4"",protocol=""ospf"",metric=""20"",route_index=""0"",nh_index=""0""",1
2026-07-28 15:26:00,ccf-aiops-武汉,cr-2,cr,ipv6_route_nexthop_info,"prefix=""fd00:6:40::/64"",next_hop=""fe80::5:20:1"",dev=""ens4"",protocol=""ospf"",metric=""20"",route_index=""0"",nh_index=""0""",1
2026-07-28 15:26:00,ccf-aiops-武汉,cr-2,cr,ipv6_route_nexthop_info,"prefix=""fd00:7:40::/64"",next_hop=""fe80::5:20:1"",dev=""ens4"",protocol=""ospf"",metric=""20"",route_index=""0"",nh_index=""0""",1
2026-07-28 15:26:00,ccf-aiops-武汉,cr-2,cr,ipv6_route_nexthop_info,"prefix=""fd00:8:40::/64"",next_hop=""fe80::5:20:1"",dev=""ens4"",protocol=""ospf"",metric=""20"",route_index=""0"",nh_index=""0""",1
2026-07-28 15:26:00,ccf-aiops-武汉,cr-2,cr,ipv6_route_nexthop_info,"prefix=""fd00:1:40::/64"",next_hop=""fe80::5:20:2"",dev=""ens4"",protocol=""ospf"",metric=""20"",route_index=""0"",nh_index=""1""",1
2026-07-28 15:26:00,ccf-aiops-武汉,cr-2,cr,ipv6_route_nexthop_info,"prefix=""fd00:3:40::/64"",next_hop=""fe80::5:20:2"",dev=""ens4"",protocol=""ospf"",metric=""20"",route_index=""0"",nh_index=""1""",1
2026-07-28 15:26:00,ccf-aiops-武汉,cr-2,cr,ospf6_interface_cost,"interface=""ens4""",1
2026-07-28 15:26:00,ccf-aiops-武汉,cr-2,cr,ospf6_interface_cost,"interface=""ens5""",1
2026-07-28 15:26:00,ccf-aiops-武汉,cr-2,cr,ospf6_interface_enabled,"interface=""ens11""",1
2026-07-28 15:26:00,ccf-aiops-武汉,cr-2,cr,ospf6_interface_enabled,"interface=""ens3""",1
2026-07-28 15:26:00,ccf-aiops-武汉,cr-2,cr,ospf6_interface_enabled,"interface=""ens10""",1
2026-07-28 15:26:00,ccf-aiops-武汉,cr-2,cr,ospf6_interface_enabled,"interface=""virbr0""",0
2026-07-28 15:26:00,ccf-aiops-武汉,cr-2,cr,ospf6_interface_enabled,"interface=""ens12""",1
2026-07-28 15:26:00,ccf-aiops-武汉,cr-2,cr,ospf6_interface_enabled,"interface=""ens4""",1
2026-07-28 15:26:00,ccf-aiops-武汉,cr-2,cr,ospf6_interface_enabled,"interface=""ens5""",1
2026-07-28 15:26:00,ccf-aiops-武汉,cr-2,cr,ospf6_interface_enabled,"interface=""ens6""",1
2026-07-28 15:26:00,ccf-aiops-武汉,cr-2,cr,ospf6_interface_enabled,"interface=""ens7""",1
2026-07-28 15:26:00,ccf-aiops-武汉,cr-2,cr,ospf6_interface_enabled,"interface=""ens8""",1
2026-07-28 15:26:00,ccf-aiops-武汉,cr-2,cr,ospf6_interface_enabled,"interface=""ens9""",1
2026-07-28 15:26:00,ccf-aiops-武汉,cr-2,cr,ospf6_interface_enabled,"interface=""lo""",1
2026-07-28 15:26:00,ccf-aiops-武汉,cr-2,cr,ospf6_neighbor_state_code,"state=""Full"",interface=""ens4"",neighbor_id=""5.5.5.1""",6
2026-07-28 15:26:00,ccf-aiops-武汉,cr-2,cr,ospf6_neighbor_state_code,"state=""Full"",interface=""ens4"",neighbor_id=""5.5.5.11""",6
2026-07-28 15:26:00,ccf-aiops-武汉,cr-2,cr,ospf6_neighbor_state_code,"state=""Full"",interface=""ens4"",neighbor_id=""5.5.5.2""",6
2026-07-28 15:26:00,ccf-aiops-武汉,cr-2,cr,ospf6_neighbor_state_code,"state=""Full"",interface=""ens5"",neighbor_id=""5.5.5.11""",6
2026-07-28 15:26:00,ccf-aiops-武汉,cr-2,cr,bgp_command_success,,
2026-07-28 15:26:00,ccf-aiops-武汉,cr-2,cr,bgp_peer_up,,
2026-07-28 15:26:00,ccf-aiops-武汉,cr-2,cr,bgp_peer_uptime_seconds,,
2026-07-28 15:26:00,ccf-aiops-武汉,cr-2,cr,bgp_peer_prefix_received,,
2026-07-28 15:26:00,ccf-aiops-武汉,cr-2,cr,bgp_peer_prefix_sent,,
2026-07-28 15:26:00,ccf-aiops-武汉,cr-2,cr,bgp_peer_count,,
2026-07-28 15:27:00,ccf-aiops-武汉,br-1,br,bgp_command_success,"command=""bgp_summary""",1
2026-07-28 15:27:00,ccf-aiops-武汉,br-1,br,bgp_peer_count,,6
2026-07-28 15:27:00,ccf-aiops-武汉,br-1,br,bgp_peer_prefix_received,"peer=""fd00:100:10::1"",remote_as=""65001"",state=""Established""",5
2026-07-28 15:27:00,ccf-aiops-武汉,br-1,br,bgp_peer_prefix_received,"peer=""fd00:100:10::21"",remote_as=""65003"",state=""Established""",4
2026-07-28 15:27:00,ccf-aiops-武汉,br-1,br,bgp_peer_prefix_received,"peer=""fd00:100:10::31"",remote_as=""65004"",state=""Established""",2
2026-07-28 15:27:00,ccf-aiops-武汉,br-1,br,bgp_peer_prefix_received,"peer=""fd00:100:10::51"",remote_as=""65006"",state=""Established""",5
2026-07-28 15:27:00,ccf-aiops-武汉,br-1,br,bgp_peer_prefix_received,"peer=""fd00:100:10::61"",remote_as=""65007"",state=""Established""",4
2026-07-28 15:27:00,ccf-aiops-武汉,br-1,br,bgp_peer_prefix_received,"peer=""fd00:100:10::71"",remote_as=""65008"",state=""Established""",4
2026-07-28 15:27:00,ccf-aiops-武汉,br-1,br,bgp_peer_prefix_sent,"peer=""fd00:100:10::51"",remote_as=""65006"",state=""Established""",8
2026-07-28 15:27:00,ccf-aiops-武汉,br-1,br,bgp_peer_prefix_sent,"peer=""fd00:100:10::31"",remote_as=""65004"",state=""Established""",8
2026-07-28 15:27:00,ccf-aiops-武汉,br-1,br,bgp_peer_prefix_sent,"peer=""fd00:100:10::21"",remote_as=""65003"",state=""Established""",8
2026-07-28 15:27:00,ccf-aiops-武汉,br-1,br,bgp_peer_prefix_sent,"peer=""fd00:100:10::1"",remote_as=""65001"",state=""Established""",8
2026-07-28 15:27:00,ccf-aiops-武汉,br-1,br,bgp_peer_prefix_sent,"peer=""fd00:100:10::61"",remote_as=""65007"",state=""Established""",8
2026-07-28 15:27:00,ccf-aiops-武汉,br-1,br,bgp_peer_prefix_sent,"peer=""fd00:100:10::71"",remote_as=""65008"",state=""Established""",8
2026-07-28 15:27:00,ccf-aiops-武汉,br-1,br,bgp_peer_up,"peer=""fd00:100:10::31"",remote_as=""65004"",state=""Established""",1
2026-07-28 15:27:00,ccf-aiops-武汉,br-1,br,bgp_peer_up,"peer=""fd00:100:10::1"",remote_as=""65001"",state=""Established""",1
2026-07-28 15:27:00,ccf-aiops-武汉,br-1,br,bgp_peer_up,"peer=""fd00:100:10::71"",remote_as=""65008"",state=""Established""",1
2026-07-28 15:27:00,ccf-aiops-武汉,br-1,br,bgp_peer_up,"peer=""fd00:100:10::21"",remote_as=""65003"",state=""Established""",1
2026-07-28 15:27:00,ccf-aiops-武汉,br-1,br,bgp_peer_up,"peer=""fd00:100:10::61"",remote_as=""65007"",state=""Established""",1
2026-07-28 15:27:00,ccf-aiops-武汉,br-1,br,bgp_peer_up,"peer=""fd00:100:10::51"",remote_as=""65006"",state=""Established""",1
2026-07-28 15:27:00,ccf-aiops-武汉,br-1,br,bgp_peer_uptime_seconds,"peer=""fd00:100:10::71"",remote_as=""65008"",state=""Established""",2422851
2026-07-28 15:27:00,ccf-aiops-武汉,br-1,br,bgp_peer_uptime_seconds,"peer=""fd00:100:10::61"",remote_as=""65007"",state=""Established""",2422976
2026-07-28 15:27:00,ccf-aiops-武汉,br-1,br,bgp_peer_uptime_seconds,"peer=""fd00:100:10::51"",remote_as=""65006"",state=""Established""",2423084
2026-07-28 15:27:00,ccf-aiops-武汉,br-1,br,bgp_peer_uptime_seconds,"peer=""fd00:100:10::1"",remote_as=""65001"",state=""Established""",2423172
2026-07-28 15:27:00,ccf-aiops-武汉,br-1,br,bgp_peer_uptime_seconds,"peer=""fd00:100:10::21"",remote_as=""65003"",state=""Established""",1735810
2026-07-28 15:27:00,ccf-aiops-武汉,br-1,br,bgp_peer_uptime_seconds,"peer=""fd00:100:10::31"",remote_as=""65004"",state=""Established""",2423172
2026-07-28 15:27:00,ccf-aiops-武汉,br-1,br,ipv6_default_route_changed_total,,0
2026-07-28 15:27:00,ccf-aiops-武汉,br-1,br,ipv6_default_route_info,"next_hop=""240a:a023::1"",dev=""ens4"",protocol=""unknown"",metric=""1024"",route_index=""0"",nh_index=""0""",1
2026-07-28 15:27:00,ccf-aiops-武汉,br-1,br,ipv6_route_change_total,"prefix=""fd00:5:40::/64""",0
2026-07-28 15:27:00,ccf-aiops-武汉,br-1,br,ipv6_route_change_total,"prefix=""fd00:4:40::/64""",0
2026-07-28 15:27:00,ccf-aiops-武汉,br-1,br,ipv6_route_change_total,"prefix=""fd00:3:40::/64""",0
2026-07-28 15:27:00,ccf-aiops-武汉,br-1,br,ipv6_route_change_total,"prefix=""fd00:2:40::/64""",2
2026-07-28 15:27:00,ccf-aiops-武汉,br-1,br,ipv6_route_change_total,"prefix=""fd00:1:40::/64""",0
2026-07-28 15:27:00,ccf-aiops-武汉,br-1,br,ipv6_route_change_total,"prefix=""::/0""",0
2026-07-28 15:27:00,ccf-aiops-武汉,br-1,br,ipv6_route_change_total,"prefix=""fd00:6:40::/64""",0
2026-07-28 15:27:00,ccf-aiops-武汉,br-1,br,ipv6_route_change_total,"prefix=""fd00:7:40::/64""",8
2026-07-28 15:27:00,ccf-aiops-武汉,br-1,br,ipv6_route_change_total,"prefix=""fd00:8:40::/64""",0
2026-07-28 15:27:00,ccf-aiops-武汉,br-1,br,ipv6_route_count,"protocol=""ospf""",2
2026-07-28 15:27:00,ccf-aiops-武汉,br-1,br,ipv6_route_count,"protocol=""unknown""",1
2026-07-28 15:27:00,ccf-aiops-武汉,br-1,br,ipv6_route_count,"protocol=""kernel""",7
2026-07-28 15:27:00,ccf-aiops-武汉,br-1,br,ipv6_route_count,"protocol=""bgp""",7
2026-07-28 15:27:00,ccf-aiops-武汉,br-1,br,ipv6_route_count,"protocol=""all""",17
2026-07-28 15:27:00,ccf-aiops-武汉,br-1,br,ipv6_route_exists,"prefix=""fd00:8:40::/64""",1
2026-07-28 15:27:00,ccf-aiops-武汉,br-1,br,ipv6_route_exists,"prefix=""fd00:5:40::/64""",1
2026-07-28 15:27:00,ccf-aiops-武汉,br-1,br,ipv6_route_exists,"prefix=""fd00:7:40::/64""",1
2026-07-28 15:27:00,ccf-aiops-武汉,br-1,br,ipv6_route_exists,"prefix=""fd00:6:40::/64""",1
2026-07-28 15:27:00,ccf-aiops-武汉,br-1,br,ipv6_route_exists,"prefix=""fd00:4:40::/64""",1
2026-07-28 15:27:00,ccf-aiops-武汉,br-1,br,ipv6_route_exists,"prefix=""fd00:3:40::/64""",1
2026-07-28 15:27:00,ccf-aiops-武汉,br-1,br,ipv6_route_exists,"prefix=""fd00:2:40::/64""",1
2026-07-28 15:27:00,ccf-aiops-武汉,br-1,br,ipv6_route_exists,"prefix=""fd00:1:40::/64""",1
2026-07-28 15:27:00,ccf-aiops-武汉,br-1,br,ipv6_route_exists,"prefix=""::/0""",1
2026-07-28 15:27:00,ccf-aiops-武汉,br-1,br,ipv6_route_nexthop_info,"prefix=""fd00:1:40::/64"",next_hop=""fe80::100:10:1"",dev=""ens4"",protocol=""bgp"",metric=""20"",route_index=""0"",nh_index=""0""",1
2026-07-28 15:27:00,ccf-aiops-武汉,br-1,br,ipv6_route_nexthop_info,"prefix=""fd00:2:40::/64"",next_hop=""fe80::100:10:1"",dev=""ens4"",protocol=""bgp"",metric=""20"",route_index=""0"",nh_index=""0""",1
2026-07-28 15:27:00,ccf-aiops-武汉,br-1,br,ipv6_route_nexthop_info,"prefix=""fd00:3:40::/64"",next_hop=""fe80::100:10:21"",dev=""ens4"",protocol=""bgp"",metric=""20"",route_index=""0"",nh_index=""0""",1
2026-07-28 15:27:00,ccf-aiops-武汉,br-1,br,ipv6_route_nexthop_info,"prefix=""fd00:4:40::/64"",next_hop=""fe80::100:10:31"",dev=""ens4"",protocol=""bgp"",metric=""20"",route_index=""0"",nh_index=""0""",1
2026-07-28 15:27:00,ccf-aiops-武汉,br-1,br,ipv6_route_nexthop_info,"prefix=""fd00:6:40::/64"",next_hop=""fe80::100:10:51"",dev=""ens4"",protocol=""bgp"",metric=""20"",route_index=""0"",nh_index=""0""",1
2026-07-28 15:27:00,ccf-aiops-武汉,br-1,br,ipv6_route_nexthop_info,"prefix=""fd00:7:40::/64"",next_hop=""fe80::100:10:61"",dev=""ens4"",protocol=""bgp"",metric=""20"",route_index=""0"",nh_index=""0""",1
2026-07-28 15:27:00,ccf-aiops-武汉,br-1,br,ipv6_route_nexthop_info,"prefix=""fd00:8:40::/64"",next_hop=""fe80::100:10:71"",dev=""ens4"",protocol=""bgp"",metric=""20"",route_index=""0"",nh_index=""0""",1
2026-07-28 15:27:00,ccf-aiops-武汉,br-1,br,ipv6_route_nexthop_info,"prefix=""fd00:5:40::/64"",next_hop=""fe80::5:20:11"",dev=""ens5"",protocol=""ospf"",metric=""20"",route_index=""0"",nh_index=""0""",1
2026-07-28 15:27:00,ccf-aiops-武汉,br-1,br,ipv6_route_nexthop_info,"prefix=""::/0"",next_hop=""240a:a023::1"",dev=""ens4"",protocol=""unknown"",metric=""1024"",route_index=""0"",nh_index=""0""",1
2026-07-28 15:27:00,ccf-aiops-武汉,br-1,br,ipv6_route_nexthop_info,"prefix=""fd00:5:40::/64"",next_hop=""fe80::5:20:12"",dev=""ens5"",protocol=""ospf"",metric=""20"",route_index=""0"",nh_index=""1""",1
2026-07-28 15:27:00,ccf-aiops-武汉,br-1,br,ospf6_interface_cost,"interface=""ens5""",1
2026-07-28 15:27:00,ccf-aiops-武汉,br-1,br,ospf6_interface_enabled,"interface=""lo""",1
2026-07-28 15:27:00,ccf-aiops-武汉,br-1,br,ospf6_interface_enabled,"interface=""ens5""",1
2026-07-28 15:27:00,ccf-aiops-武汉,br-1,br,ospf6_interface_enabled,"interface=""ens3""",1
2026-07-28 15:27:00,ccf-aiops-武汉,br-1,br,ospf6_interface_enabled,"interface=""ens12""",1
2026-07-28 15:27:00,ccf-aiops-武汉,br-1,br,ospf6_interface_enabled,"interface=""ens11""",1
2026-07-28 15:27:00,ccf-aiops-武汉,br-1,br,ospf6_interface_enabled,"interface=""ens10""",1
2026-07-28 15:27:00,ccf-aiops-武汉,br-1,br,ospf6_interface_enabled,"interface=""ens6""",1
2026-07-28 15:27:00,ccf-aiops-武汉,br-1,br,ospf6_interface_enabled,"interface=""ens7""",1
2026-07-28 15:27:00,ccf-aiops-武汉,br-1,br,ospf6_interface_enabled,"interface=""ens8""",1
2026-07-28 15:27:00,ccf-aiops-武汉,br-1,br,ospf6_interface_enabled,"interface=""virbr0""",0
2026-07-28 15:27:00,ccf-aiops-武汉,br-1,br,ospf6_interface_enabled,"interface=""ens9""",1
2026-07-28 15:27:00,ccf-aiops-武汉,br-1,br,ospf6_interface_enabled,"interface=""ens4""",1
2026-07-28 15:27:00,ccf-aiops-武汉,br-1,br,ospf6_neighbor_state_code,"state=""Twoway"",interface=""ens5"",neighbor_id=""5.5.5.2""",2
2026-07-28 15:27:00,ccf-aiops-武汉,br-1,br,ospf6_neighbor_state_code,"state=""Full"",interface=""ens5"",neighbor_id=""5.5.5.12""",6
2026-07-28 15:27:00,ccf-aiops-武汉,br-1,br,ospf6_neighbor_state_code,"state=""Full"",interface=""ens5"",neighbor_id=""5.5.5.11""",6
2026-07-28 15:27:00,ccf-aiops-武汉,br-2,br,bgp_command_success,"command=""bgp_summary""",1
2026-07-28 15:27:00,ccf-aiops-武汉,br-2,br,bgp_peer_count,,6
2026-07-28 15:27:00,ccf-aiops-武汉,br-2,br,bgp_peer_prefix_received,"peer=""fd00:100:10::2"",remote_as=""65001"",state=""Established""",4
2026-07-28 15:27:00,ccf-aiops-武汉,br-2,br,bgp_peer_prefix_received,"peer=""fd00:100:10::22"",remote_as=""65003"",state=""Established""",5
2026-07-28 15:27:00,ccf-aiops-武汉,br-2,br,bgp_peer_prefix_received,"peer=""fd00:100:10::32"",remote_as=""65004"",state=""Established""",3
2026-07-28 15:27:00,ccf-aiops-武汉,br-2,br,bgp_peer_prefix_received,"peer=""fd00:100:10::52"",remote_as=""65006"",state=""Established""",6
2026-07-28 15:27:00,ccf-aiops-武汉,br-2,br,bgp_peer_prefix_received,"peer=""fd00:100:10::62"",remote_as=""65007"",state=""Established""",4
2026-07-28 15:27:00,ccf-aiops-武汉,br-2,br,bgp_peer_prefix_received,"peer=""fd00:100:10::72"",remote_as=""65008"",state=""Established""",3
2026-07-28 15:27:00,ccf-aiops-武汉,br-2,br,bgp_peer_prefix_sent,"peer=""fd00:100:10::72"",remote_as=""65008"",state=""Established""",8
2026-07-28 15:27:00,ccf-aiops-武汉,br-2,br,bgp_peer_prefix_sent,"peer=""fd00:100:10::62"",remote_as=""65007"",state=""Established""",8
2026-07-28 15:27:00,ccf-aiops-武汉,br-2,br,bgp_peer_prefix_sent,"peer=""fd00:100:10::52"",remote_as=""65006"",state=""Established""",8
2026-07-28 15:27:00,ccf-aiops-武汉,br-2,br,bgp_peer_prefix_sent,"peer=""fd00:100:10::32"",remote_as=""65004"",state=""Established""",8
2026-07-28 15:27:00,ccf-aiops-武汉,br-2,br,bgp_peer_prefix_sent,"peer=""fd00:100:10::22"",remote_as=""65003"",state=""Established""",8
2026-07-28 15:27:00,ccf-aiops-武汉,br-2,br,bgp_peer_prefix_sent,"peer=""fd00:100:10::2"",remote_as=""65001"",state=""Established""",8
2026-07-28 15:27:00,ccf-aiops-武汉,br-2,br,bgp_peer_up,"peer=""fd00:100:10::72"",remote_as=""65008"",state=""Established""",1
2026-07-28 15:27:00,ccf-aiops-武汉,br-2,br,bgp_peer_up,"peer=""fd00:100:10::32"",remote_as=""65004"",state=""Established""",1
2026-07-28 15:27:00,ccf-aiops-武汉,br-2,br,bgp_peer_up,"peer=""fd00:100:10::52"",remote_as=""65006"",state=""Established""",1
2026-07-28 15:27:00,ccf-aiops-武汉,br-2,br,bgp_peer_up,"peer=""fd00:100:10::62"",remote_as=""65007"",state=""Established""",1
2026-07-28 15:27:00,ccf-aiops-武汉,br-2,br,bgp_peer_up,"peer=""fd00:100:10::22"",remote_as=""65003"",state=""Established""",1
2026-07-28 15:27:00,ccf-aiops-武汉,br-2,br,bgp_peer_up,"peer=""fd00:100:10::2"",remote_as=""65001"",state=""Established""",1
2026-07-28 15:27:00,ccf-aiops-武汉,br-2,br,bgp_peer_uptime_seconds,"peer=""fd00:100:10::72"",remote_as=""65008"",state=""Established""",2422833
2026-07-28 15:27:00,ccf-aiops-武汉,br-2,br,bgp_peer_uptime_seconds,"peer=""fd00:100:10::32"",remote_as=""65004"",state=""Established""",2423154
2026-07-28 15:27:00,ccf-aiops-武汉,br-2,br,bgp_peer_uptime_seconds,"peer=""fd00:100:10::52"",remote_as=""65006"",state=""Established""",2423061
2026-07-28 15:27:00,ccf-aiops-武汉,br-2,br,bgp_peer_uptime_seconds,"peer=""fd00:100:10::62"",remote_as=""65007"",state=""Established""",2422950
2026-07-28 15:27:00,ccf-aiops-武汉,br-2,br,bgp_peer_uptime_seconds,"peer=""fd00:100:10::22"",remote_as=""65003"",state=""Established""",705545
2026-07-28 15:27:00,ccf-aiops-武汉,br-2,br,bgp_peer_uptime_seconds,"peer=""fd00:100:10::2"",remote_as=""65001"",state=""Established""",2423154
2026-07-28 15:27:00,ccf-aiops-武汉,br-2,br,ipv6_default_route_changed_total,,0
2026-07-28 15:27:00,ccf-aiops-武汉,br-2,br,ipv6_default_route_info,"next_hop=""240a:a023::1"",dev=""ens4"",protocol=""unknown"",metric=""1024"",route_index=""0"",nh_index=""0""",1
2026-07-28 15:27:00,ccf-aiops-武汉,br-2,br,ipv6_route_change_total,"prefix=""fd00:3:40::/64""",0
2026-07-28 15:27:00,ccf-aiops-武汉,br-2,br,ipv6_route_change_total,"prefix=""fd00:4:40::/64""",0
2026-07-28 15:27:00,ccf-aiops-武汉,br-2,br,ipv6_route_change_total,"prefix=""fd00:8:40::/64""",0
2026-07-28 15:27:00,ccf-aiops-武汉,br-2,br,ipv6_route_change_total,"prefix=""::/0""",0
2026-07-28 15:27:00,ccf-aiops-武汉,br-2,br,ipv6_route_change_total,"prefix=""fd00:1:40::/64""",0
2026-07-28 15:27:00,ccf-aiops-武汉,br-2,br,ipv6_route_change_total,"prefix=""fd00:7:40::/64""",4
2026-07-28 15:27:00,ccf-aiops-武汉,br-2,br,ipv6_route_change_total,"prefix=""fd00:5:40::/64""",0
2026-07-28 15:27:00,ccf-aiops-武汉,br-2,br,ipv6_route_change_total,"prefix=""fd00:2:40::/64""",2
2026-07-28 15:27:00,ccf-aiops-武汉,br-2,br,ipv6_route_change_total,"prefix=""fd00:6:40::/64""",0
2026-07-28 15:27:00,ccf-aiops-武汉,br-2,br,ipv6_route_count,"protocol=""all""",17
2026-07-28 15:27:00,ccf-aiops-武汉,br-2,br,ipv6_route_count,"protocol=""unknown""",1
2026-07-28 15:27:00,ccf-aiops-武汉,br-2,br,ipv6_route_count,"protocol=""bgp""",7
2026-07-28 15:27:00,ccf-aiops-武汉,br-2,br,ipv6_route_count,"protocol=""kernel""",7
2026-07-28 15:27:00,ccf-aiops-武汉,br-2,br,ipv6_route_count,"protocol=""ospf""",2
2026-07-28 15:27:00,ccf-aiops-武汉,br-2,br,ipv6_route_exists,"prefix=""fd00:8:40::/64""",1
2026-07-28 15:27:00,ccf-aiops-武汉,br-2,br,ipv6_route_exists,"prefix=""::/0""",1
2026-07-28 15:27:00,ccf-aiops-武汉,br-2,br,ipv6_route_exists,"prefix=""fd00:1:40::/64""",1
2026-07-28 15:27:00,ccf-aiops-武汉,br-2,br,ipv6_route_exists,"prefix=""fd00:2:40::/64""",1
2026-07-28 15:27:00,ccf-aiops-武汉,br-2,br,ipv6_route_exists,"prefix=""fd00:3:40::/64""",1
2026-07-28 15:27:00,ccf-aiops-武汉,br-2,br,ipv6_route_exists,"prefix=""fd00:4:40::/64""",1
2026-07-28 15:27:00,ccf-aiops-武汉,br-2,br,ipv6_route_exists,"prefix=""fd00:5:40::/64""",1
2026-07-28 15:27:00,ccf-aiops-武汉,br-2,br,ipv6_route_exists,"prefix=""fd00:6:40::/64""",1
2026-07-28 15:27:00,ccf-aiops-武汉,br-2,br,ipv6_route_exists,"prefix=""fd00:7:40::/64""",1
2026-07-28 15:27:00,ccf-aiops-武汉,br-2,br,ipv6_route_nexthop_info,"prefix=""fd00:7:40::/64"",next_hop=""fe80::100:10:62"",dev=""ens4"",protocol=""bgp"",metric=""20"",route_index=""0"",nh_index=""0""",1
2026-07-28 15:27:00,ccf-aiops-武汉,br-2,br,ipv6_route_nexthop_info,"prefix=""fd00:6:40::/64"",next_hop=""fe80::100:10:52"",dev=""ens4"",protocol=""bgp"",metric=""20"",route_index=""0"",nh_index=""0""",1
2026-07-28 15:27:00,ccf-aiops-武汉,br-2,br,ipv6_route_nexthop_info,"prefix=""fd00:4:40::/64"",next_hop=""fe80::100:10:32"",dev=""ens4"",protocol=""bgp"",metric=""20"",route_index=""0"",nh_index=""0""",1
2026-07-28 15:27:00,ccf-aiops-武汉,br-2,br,ipv6_route_nexthop_info,"prefix=""fd00:5:40::/64"",next_hop=""fe80::5:20:12"",dev=""ens5"",protocol=""ospf"",metric=""20"",route_index=""0"",nh_index=""1""",1
2026-07-28 15:27:00,ccf-aiops-武汉,br-2,br,ipv6_route_nexthop_info,"prefix=""fd00:5:40::/64"",next_hop=""fe80::5:20:11"",dev=""ens5"",protocol=""ospf"",metric=""20"",route_index=""0"",nh_index=""0""",1
2026-07-28 15:27:00,ccf-aiops-武汉,br-2,br,ipv6_route_nexthop_info,"prefix=""fd00:3:40::/64"",next_hop=""fe80::100:10:22"",dev=""ens4"",protocol=""bgp"",metric=""20"",route_index=""0"",nh_index=""0""",1
2026-07-28 15:27:00,ccf-aiops-武汉,br-2,br,ipv6_route_nexthop_info,"prefix=""fd00:2:40::/64"",next_hop=""fe80::100:10:2"",dev=""ens4"",protocol=""bgp"",metric=""20"",route_index=""0"",nh_index=""0""",1
2026-07-28 15:27:00,ccf-aiops-武汉,br-2,br,ipv6_route_nexthop_info,"prefix=""fd00:1:40::/64"",next_hop=""fe80::100:10:2"",dev=""ens4"",protocol=""bgp"",metric=""20"",route_index=""0"",nh_index=""0""",1
2026-07-28 15:27:00,ccf-aiops-武汉,br-2,br,ipv6_route_nexthop_info,"prefix=""::/0"",next_hop=""240a:a023::1"",dev=""ens4"",protocol=""unknown"",metric=""1024"",route_index=""0"",nh_index=""0""",1
2026-07-28 15:27:00,ccf-aiops-武汉,br-2,br,ipv6_route_nexthop_info,"prefix=""fd00:8:40::/64"",next_hop=""fe80::100:10:72"",dev=""ens4"",protocol=""bgp"",metric=""20"",route_index=""0"",nh_index=""0""",1
2026-07-28 15:27:00,ccf-aiops-武汉,br-2,br,ospf6_interface_cost,"interface=""ens5""",1
2026-07-28 15:27:00,ccf-aiops-武汉,br-2,br,ospf6_interface_enabled,"interface=""ens6""",1
2026-07-28 15:27:00,ccf-aiops-武汉,br-2,br,ospf6_interface_enabled,"interface=""lo""",1
2026-07-28 15:27:00,ccf-aiops-武汉,br-2,br,ospf6_interface_enabled,"interface=""virbr0""",0
2026-07-28 15:27:00,ccf-aiops-武汉,br-2,br,ospf6_interface_enabled,"interface=""ens9""",1
2026-07-28 15:27:00,ccf-aiops-武汉,br-2,br,ospf6_interface_enabled,"interface=""ens8""",1
2026-07-28 15:27:00,ccf-aiops-武汉,br-2,br,ospf6_interface_enabled,"interface=""ens7""",1
2026-07-28 15:27:00,ccf-aiops-武汉,br-2,br,ospf6_interface_enabled,"interface=""ens5""",1
2026-07-28 15:27:00,ccf-aiops-武汉,br-2,br,ospf6_interface_enabled,"interface=""ens4""",1
2026-07-28 15:27:00,ccf-aiops-武汉,br-2,br,ospf6_interface_enabled,"interface=""ens3""",1
2026-07-28 15:27:00,ccf-aiops-武汉,br-2,br,ospf6_interface_enabled,"interface=""ens12""",1
2026-07-28 15:27:00,ccf-aiops-武汉,br-2,br,ospf6_interface_enabled,"interface=""ens11""",1
2026-07-28 15:27:00,ccf-aiops-武汉,br-2,br,ospf6_interface_enabled,"interface=""ens10""",1
2026-07-28 15:27:00,ccf-aiops-武汉,br-2,br,ospf6_neighbor_state_code,"state=""Full"",interface=""ens5"",neighbor_id=""5.5.5.11""",6
2026-07-28 15:27:00,ccf-aiops-武汉,br-2,br,ospf6_neighbor_state_code,"state=""Twoway"",interface=""ens5"",neighbor_id=""5.5.5.1""",2
2026-07-28 15:27:00,ccf-aiops-武汉,br-2,br,ospf6_neighbor_state_code,"state=""Full"",interface=""ens5"",neighbor_id=""5.5.5.12""",6
2026-07-28 15:27:00,ccf-aiops-武汉,cr-1,cr,ipv6_default_route_changed_total,,0
2026-07-28 15:27:00,ccf-aiops-武汉,cr-1,cr,ipv6_default_route_info,"next_hop=""fd00:5:20::2"",dev=""ens4"",protocol=""196"",metric=""20"",route_index=""0"",nh_index=""1""",1
2026-07-28 15:27:00,ccf-aiops-武汉,cr-1,cr,ipv6_default_route_info,"next_hop=""fd00:5:20::1"",dev=""ens4"",protocol=""196"",metric=""20"",route_index=""0"",nh_index=""0""",1
2026-07-28 15:27:00,ccf-aiops-武汉,cr-1,cr,ipv6_route_change_total,"prefix=""fd00:1:40::/64""",0
2026-07-28 15:27:00,ccf-aiops-武汉,cr-1,cr,ipv6_route_change_total,"prefix=""fd00:7:40::/64""",0
2026-07-28 15:27:00,ccf-aiops-武汉,cr-1,cr,ipv6_route_change_total,"prefix=""fd00:8:40::/64""",0
2026-07-28 15:27:00,ccf-aiops-武汉,cr-1,cr,ipv6_route_change_total,"prefix=""fd00:6:40::/64""",0
2026-07-28 15:27:00,ccf-aiops-武汉,cr-1,cr,ipv6_route_change_total,"prefix=""fd00:5:40::/64""",0
2026-07-28 15:27:00,ccf-aiops-武汉,cr-1,cr,ipv6_route_change_total,"prefix=""fd00:4:40::/64""",0
2026-07-28 15:27:00,ccf-aiops-武汉,cr-1,cr,ipv6_route_change_total,"prefix=""fd00:3:40::/64""",0
2026-07-28 15:27:00,ccf-aiops-武汉,cr-1,cr,ipv6_route_change_total,"prefix=""::/0""",0
2026-07-28 15:27:00,ccf-aiops-武汉,cr-1,cr,ipv6_route_change_total,"prefix=""fd00:2:40::/64""",0
2026-07-28 15:27:00,ccf-aiops-武汉,cr-1,cr,ipv6_route_count,"protocol=""196""",2
2026-07-28 15:27:00,ccf-aiops-武汉,cr-1,cr,ipv6_route_count,"protocol=""ospf""",7
2026-07-28 15:27:00,ccf-aiops-武汉,cr-1,cr,ipv6_route_count,"protocol=""kernel""",6
2026-07-28 15:27:00,ccf-aiops-武汉,cr-1,cr,ipv6_route_count,"protocol=""all""",15
2026-07-28 15:27:00,ccf-aiops-武汉,cr-1,cr,ipv6_route_exists,"prefix=""fd00:5:40::/64""",1
2026-07-28 15:27:00,ccf-aiops-武汉,cr-1,cr,ipv6_route_exists,"prefix=""fd00:6:40::/64""",1
2026-07-28 15:27:00,ccf-aiops-武汉,cr-1,cr,ipv6_route_exists,"prefix=""fd00:7:40::/64""",1
2026-07-28 15:27:00,ccf-aiops-武汉,cr-1,cr,ipv6_route_exists,"prefix=""fd00:8:40::/64""",1
2026-07-28 15:27:00,ccf-aiops-武汉,cr-1,cr,ipv6_route_exists,"prefix=""fd00:4:40::/64""",1
2026-07-28 15:27:00,ccf-aiops-武汉,cr-1,cr,ipv6_route_exists,"prefix=""fd00:3:40::/64""",1
2026-07-28 15:27:00,ccf-aiops-武汉,cr-1,cr,ipv6_route_exists,"prefix=""fd00:2:40::/64""",1
2026-07-28 15:27:00,ccf-aiops-武汉,cr-1,cr,ipv6_route_exists,"prefix=""fd00:1:40::/64""",1
2026-07-28 15:27:00,ccf-aiops-武汉,cr-1,cr,ipv6_route_exists,"prefix=""::/0""",1
2026-07-28 15:27:00,ccf-aiops-武汉,cr-1,cr,ipv6_route_nexthop_info,"prefix=""fd00:7:40::/64"",next_hop=""fe80::5:20:2"",dev=""ens4"",protocol=""ospf"",metric=""20"",route_index=""0"",nh_index=""1""",1
2026-07-28 15:27:00,ccf-aiops-武汉,cr-1,cr,ipv6_route_nexthop_info,"prefix=""fd00:5:40::/64"",next_hop=""fd00:5:30::254"",dev=""ens5"",protocol=""196"",metric=""20"",route_index=""0"",nh_index=""0""",1
2026-07-28 15:27:00,ccf-aiops-武汉,cr-1,cr,ipv6_route_nexthop_info,"prefix=""fd00:8:40::/64"",next_hop=""fe80::5:20:2"",dev=""ens4"",protocol=""ospf"",metric=""20"",route_index=""0"",nh_index=""1""",1
2026-07-28 15:27:00,ccf-aiops-武汉,cr-1,cr,ipv6_route_nexthop_info,"prefix=""fd00:6:40::/64"",next_hop=""fe80::5:20:2"",dev=""ens4"",protocol=""ospf"",metric=""20"",route_index=""0"",nh_index=""1""",1
2026-07-28 15:27:00,ccf-aiops-武汉,cr-1,cr,ipv6_route_nexthop_info,"prefix=""fd00:4:40::/64"",next_hop=""fe80::5:20:2"",dev=""ens4"",protocol=""ospf"",metric=""20"",route_index=""0"",nh_index=""1""",1
2026-07-28 15:27:00,ccf-aiops-武汉,cr-1,cr,ipv6_route_nexthop_info,"prefix=""fd00:3:40::/64"",next_hop=""fe80::5:20:2"",dev=""ens4"",protocol=""ospf"",metric=""20"",route_index=""0"",nh_index=""1""",1
2026-07-28 15:27:00,ccf-aiops-武汉,cr-1,cr,ipv6_route_nexthop_info,"prefix=""fd00:2:40::/64"",next_hop=""fe80::5:20:2"",dev=""ens4"",protocol=""ospf"",metric=""20"",route_index=""0"",nh_index=""1""",1
2026-07-28 15:27:00,ccf-aiops-武汉,cr-1,cr,ipv6_route_nexthop_info,"prefix=""fd00:1:40::/64"",next_hop=""fe80::5:20:2"",dev=""ens4"",protocol=""ospf"",metric=""20"",route_index=""0"",nh_index=""1""",1
2026-07-28 15:27:00,ccf-aiops-武汉,cr-1,cr,ipv6_route_nexthop_info,"prefix=""fd00:8:40::/64"",next_hop=""fe80::5:20:1"",dev=""ens4"",protocol=""ospf"",metric=""20"",route_index=""0"",nh_index=""0""",1
2026-07-28 15:27:00,ccf-aiops-武汉,cr-1,cr,ipv6_route_nexthop_info,"prefix=""fd00:7:40::/64"",next_hop=""fe80::5:20:1"",dev=""ens4"",protocol=""ospf"",metric=""20"",route_index=""0"",nh_index=""0""",1
2026-07-28 15:27:00,ccf-aiops-武汉,cr-1,cr,ipv6_route_nexthop_info,"prefix=""fd00:6:40::/64"",next_hop=""fe80::5:20:1"",dev=""ens4"",protocol=""ospf"",metric=""20"",route_index=""0"",nh_index=""0""",1
2026-07-28 15:27:00,ccf-aiops-武汉,cr-1,cr,ipv6_route_nexthop_info,"prefix=""fd00:4:40::/64"",next_hop=""fe80::5:20:1"",dev=""ens4"",protocol=""ospf"",metric=""20"",route_index=""0"",nh_index=""0""",1
2026-07-28 15:27:00,ccf-aiops-武汉,cr-1,cr,ipv6_route_nexthop_info,"prefix=""fd00:3:40::/64"",next_hop=""fe80::5:20:1"",dev=""ens4"",protocol=""ospf"",metric=""20"",route_index=""0"",nh_index=""0""",1
2026-07-28 15:27:00,ccf-aiops-武汉,cr-1,cr,ipv6_route_nexthop_info,"prefix=""fd00:2:40::/64"",next_hop=""fe80::5:20:1"",dev=""ens4"",protocol=""ospf"",metric=""20"",route_index=""0"",nh_index=""0""",1
2026-07-28 15:27:00,ccf-aiops-武汉,cr-1,cr,ipv6_route_nexthop_info,"prefix=""fd00:1:40::/64"",next_hop=""fe80::5:20:1"",dev=""ens4"",protocol=""ospf"",metric=""20"",route_index=""0"",nh_index=""0""",1
2026-07-28 15:27:00,ccf-aiops-武汉,cr-1,cr,ipv6_route_nexthop_info,"prefix=""::/0"",next_hop=""fd00:5:20::2"",dev=""ens4"",protocol=""196"",metric=""20"",route_index=""0"",nh_index=""1""",1
2026-07-28 15:27:00,ccf-aiops-武汉,cr-1,cr,ipv6_route_nexthop_info,"prefix=""::/0"",next_hop=""fd00:5:20::1"",dev=""ens4"",protocol=""196"",metric=""20"",route_index=""0"",nh_index=""0""",1
2026-07-28 15:27:00,ccf-aiops-武汉,cr-1,cr,ospf6_interface_cost,"interface=""ens5""",1
2026-07-28 15:27:00,ccf-aiops-武汉,cr-1,cr,ospf6_interface_cost,"interface=""ens4""",1
2026-07-28 15:27:00,ccf-aiops-武汉,cr-1,cr,ospf6_interface_enabled,"interface=""virbr0""",0
2026-07-28 15:27:00,ccf-aiops-武汉,cr-1,cr,ospf6_interface_enabled,"interface=""lo""",1
2026-07-28 15:27:00,ccf-aiops-武汉,cr-1,cr,ospf6_interface_enabled,"interface=""ens9""",1
2026-07-28 15:27:00,ccf-aiops-武汉,cr-1,cr,ospf6_interface_enabled,"interface=""ens8""",1
2026-07-28 15:27:00,ccf-aiops-武汉,cr-1,cr,ospf6_interface_enabled,"interface=""ens7""",1
2026-07-28 15:27:00,ccf-aiops-武汉,cr-1,cr,ospf6_interface_enabled,"interface=""ens6""",1
2026-07-28 15:27:00,ccf-aiops-武汉,cr-1,cr,ospf6_interface_enabled,"interface=""ens5""",1
2026-07-28 15:27:00,ccf-aiops-武汉,cr-1,cr,ospf6_interface_enabled,"interface=""ens4""",1
2026-07-28 15:27:00,ccf-aiops-武汉,cr-1,cr,ospf6_interface_enabled,"interface=""ens12""",1
2026-07-28 15:27:00,ccf-aiops-武汉,cr-1,cr,ospf6_interface_enabled,"interface=""ens3""",1
2026-07-28 15:27:00,ccf-aiops-武汉,cr-1,cr,ospf6_interface_enabled,"interface=""ens11""",1
2026-07-28 15:27:00,ccf-aiops-武汉,cr-1,cr,ospf6_interface_enabled,"interface=""ens10""",1
2026-07-28 15:27:00,ccf-aiops-武汉,cr-1,cr,ospf6_neighbor_state_code,"state=""Full"",interface=""ens4"",neighbor_id=""5.5.5.1""",6
2026-07-28 15:27:00,ccf-aiops-武汉,cr-1,cr,ospf6_neighbor_state_code,"state=""Full"",interface=""ens4"",neighbor_id=""5.5.5.12""",6
2026-07-28 15:27:00,ccf-aiops-武汉,cr-1,cr,ospf6_neighbor_state_code,"state=""Full"",interface=""ens4"",neighbor_id=""5.5.5.2""",6
2026-07-28 15:27:00,ccf-aiops-武汉,cr-1,cr,ospf6_neighbor_state_code,"state=""Full"",interface=""ens5"",neighbor_id=""5.5.5.12""",6
2026-07-28 15:27:00,ccf-aiops-武汉,cr-1,cr,bgp_command_success,,
2026-07-28 15:27:00,ccf-aiops-武汉,cr-1,cr,bgp_peer_up,,
2026-07-28 15:27:00,ccf-aiops-武汉,cr-1,cr,bgp_peer_uptime_seconds,,
2026-07-28 15:27:00,ccf-aiops-武汉,cr-1,cr,bgp_peer_prefix_received,,
2026-07-28 15:27:00,ccf-aiops-武汉,cr-1,cr,bgp_peer_prefix_sent,,
2026-07-28 15:27:00,ccf-aiops-武汉,cr-1,cr,bgp_peer_count,,
2026-07-28 15:27:00,ccf-aiops-武汉,cr-2,cr,ipv6_default_route_changed_total,,0
2026-07-28 15:27:00,ccf-aiops-武汉,cr-2,cr,ipv6_default_route_info,"next_hop=""fd00:5:20::1"",dev=""ens4"",protocol=""196"",metric=""20"",route_index=""0"",nh_index=""0""",1
2026-07-28 15:27:00,ccf-aiops-武汉,cr-2,cr,ipv6_default_route_info,"next_hop=""fd00:5:20::2"",dev=""ens4"",protocol=""196"",metric=""20"",route_index=""0"",nh_index=""1""",1
2026-07-28 15:27:00,ccf-aiops-武汉,cr-2,cr,ipv6_route_change_total,"prefix=""fd00:5:40::/64""",0
2026-07-28 15:27:00,ccf-aiops-武汉,cr-2,cr,ipv6_route_change_total,"prefix=""fd00:8:40::/64""",0
2026-07-28 15:27:00,ccf-aiops-武汉,cr-2,cr,ipv6_route_change_total,"prefix=""fd00:7:40::/64""",0
2026-07-28 15:27:00,ccf-aiops-武汉,cr-2,cr,ipv6_route_change_total,"prefix=""fd00:6:40::/64""",0
2026-07-28 15:27:00,ccf-aiops-武汉,cr-2,cr,ipv6_route_change_total,"prefix=""fd00:1:40::/64""",0
2026-07-28 15:27:00,ccf-aiops-武汉,cr-2,cr,ipv6_route_change_total,"prefix=""::/0""",0
2026-07-28 15:27:00,ccf-aiops-武汉,cr-2,cr,ipv6_route_change_total,"prefix=""fd00:2:40::/64""",0
2026-07-28 15:27:00,ccf-aiops-武汉,cr-2,cr,ipv6_route_change_total,"prefix=""fd00:3:40::/64""",0
2026-07-28 15:27:00,ccf-aiops-武汉,cr-2,cr,ipv6_route_change_total,"prefix=""fd00:4:40::/64""",0
2026-07-28 15:27:00,ccf-aiops-武汉,cr-2,cr,ipv6_route_count,"protocol=""ospf""",7
2026-07-28 15:27:00,ccf-aiops-武汉,cr-2,cr,ipv6_route_count,"protocol=""kernel""",6
2026-07-28 15:27:00,ccf-aiops-武汉,cr-2,cr,ipv6_route_count,"protocol=""all""",15
2026-07-28 15:27:00,ccf-aiops-武汉,cr-2,cr,ipv6_route_count,"protocol=""196""",2
2026-07-28 15:27:00,ccf-aiops-武汉,cr-2,cr,ipv6_route_exists,"prefix=""fd00:7:40::/64""",1
2026-07-28 15:27:00,ccf-aiops-武汉,cr-2,cr,ipv6_route_exists,"prefix=""fd00:8:40::/64""",1
2026-07-28 15:27:00,ccf-aiops-武汉,cr-2,cr,ipv6_route_exists,"prefix=""fd00:6:40::/64""",1
2026-07-28 15:27:00,ccf-aiops-武汉,cr-2,cr,ipv6_route_exists,"prefix=""fd00:5:40::/64""",1
2026-07-28 15:27:00,ccf-aiops-武汉,cr-2,cr,ipv6_route_exists,"prefix=""fd00:4:40::/64""",1
2026-07-28 15:27:00,ccf-aiops-武汉,cr-2,cr,ipv6_route_exists,"prefix=""fd00:3:40::/64""",1
2026-07-28 15:27:00,ccf-aiops-武汉,cr-2,cr,ipv6_route_exists,"prefix=""fd00:2:40::/64""",1
2026-07-28 15:27:00,ccf-aiops-武汉,cr-2,cr,ipv6_route_exists,"prefix=""fd00:1:40::/64""",1
2026-07-28 15:27:00,ccf-aiops-武汉,cr-2,cr,ipv6_route_exists,"prefix=""::/0""",1
2026-07-28 15:27:00,ccf-aiops-武汉,cr-2,cr,ipv6_route_nexthop_info,"prefix=""fd00:5:40::/64"",next_hop=""fd00:5:30::254"",dev=""ens5"",protocol=""196"",metric=""20"",route_index=""0"",nh_index=""0""",1
2026-07-28 15:27:00,ccf-aiops-武汉,cr-2,cr,ipv6_route_nexthop_info,"prefix=""fd00:3:40::/64"",next_hop=""fe80::5:20:2"",dev=""ens4"",protocol=""ospf"",metric=""20"",route_index=""0"",nh_index=""1""",1
2026-07-28 15:27:00,ccf-aiops-武汉,cr-2,cr,ipv6_route_nexthop_info,"prefix=""fd00:7:40::/64"",next_hop=""fe80::5:20:2"",dev=""ens4"",protocol=""ospf"",metric=""20"",route_index=""0"",nh_index=""1""",1
2026-07-28 15:27:00,ccf-aiops-武汉,cr-2,cr,ipv6_route_nexthop_info,"prefix=""fd00:4:40::/64"",next_hop=""fe80::5:20:2"",dev=""ens4"",protocol=""ospf"",metric=""20"",route_index=""0"",nh_index=""1""",1
2026-07-28 15:27:00,ccf-aiops-武汉,cr-2,cr,ipv6_route_nexthop_info,"prefix=""fd00:2:40::/64"",next_hop=""fe80::5:20:2"",dev=""ens4"",protocol=""ospf"",metric=""20"",route_index=""0"",nh_index=""1""",1
2026-07-28 15:27:00,ccf-aiops-武汉,cr-2,cr,ipv6_route_nexthop_info,"prefix=""fd00:1:40::/64"",next_hop=""fe80::5:20:2"",dev=""ens4"",protocol=""ospf"",metric=""20"",route_index=""0"",nh_index=""1""",1
2026-07-28 15:27:00,ccf-aiops-武汉,cr-2,cr,ipv6_route_nexthop_info,"prefix=""fd00:8:40::/64"",next_hop=""fe80::5:20:1"",dev=""ens4"",protocol=""ospf"",metric=""20"",route_index=""0"",nh_index=""0""",1
2026-07-28 15:27:00,ccf-aiops-武汉,cr-2,cr,ipv6_route_nexthop_info,"prefix=""fd00:7:40::/64"",next_hop=""fe80::5:20:1"",dev=""ens4"",protocol=""ospf"",metric=""20"",route_index=""0"",nh_index=""0""",1
2026-07-28 15:27:00,ccf-aiops-武汉,cr-2,cr,ipv6_route_nexthop_info,"prefix=""fd00:6:40::/64"",next_hop=""fe80::5:20:1"",dev=""ens4"",protocol=""ospf"",metric=""20"",route_index=""0"",nh_index=""0""",1
2026-07-28 15:27:00,ccf-aiops-武汉,cr-2,cr,ipv6_route_nexthop_info,"prefix=""fd00:4:40::/64"",next_hop=""fe80::5:20:1"",dev=""ens4"",protocol=""ospf"",metric=""20"",route_index=""0"",nh_index=""0""",1
2026-07-28 15:27:00,ccf-aiops-武汉,cr-2,cr,ipv6_route_nexthop_info,"prefix=""fd00:3:40::/64"",next_hop=""fe80::5:20:1"",dev=""ens4"",protocol=""ospf"",metric=""20"",route_index=""0"",nh_index=""0""",1
2026-07-28 15:27:00,ccf-aiops-武汉,cr-2,cr,ipv6_route_nexthop_info,"prefix=""fd00:2:40::/64"",next_hop=""fe80::5:20:1"",dev=""ens4"",protocol=""ospf"",metric=""20"",route_index=""0"",nh_index=""0""",1
2026-07-28 15:27:00,ccf-aiops-武汉,cr-2,cr,ipv6_route_nexthop_info,"prefix=""fd00:1:40::/64"",next_hop=""fe80::5:20:1"",dev=""ens4"",protocol=""ospf"",metric=""20"",route_index=""0"",nh_index=""0""",1
2026-07-28 15:27:00,ccf-aiops-武汉,cr-2,cr,ipv6_route_nexthop_info,"prefix=""::/0"",next_hop=""fd00:5:20::2"",dev=""ens4"",protocol=""196"",metric=""20"",route_index=""0"",nh_index=""1""",1
2026-07-28 15:27:00,ccf-aiops-武汉,cr-2,cr,ipv6_route_nexthop_info,"prefix=""::/0"",next_hop=""fd00:5:20::1"",dev=""ens4"",protocol=""196"",metric=""20"",route_index=""0"",nh_index=""0""",1
2026-07-28 15:27:00,ccf-aiops-武汉,cr-2,cr,ipv6_route_nexthop_info,"prefix=""fd00:6:40::/64"",next_hop=""fe80::5:20:2"",dev=""ens4"",protocol=""ospf"",metric=""20"",route_index=""0"",nh_index=""1""",1
2026-07-28 15:27:00,ccf-aiops-武汉,cr-2,cr,ipv6_route_nexthop_info,"prefix=""fd00:8:40::/64"",next_hop=""fe80::5:20:2"",dev=""ens4"",protocol=""ospf"",metric=""20"",route_index=""0"",nh_index=""1""",1
2026-07-28 15:27:00,ccf-aiops-武汉,cr-2,cr,ospf6_interface_cost,"interface=""ens4""",1
2026-07-28 15:27:00,ccf-aiops-武汉,cr-2,cr,ospf6_interface_cost,"interface=""ens5""",1
2026-07-28 15:27:00,ccf-aiops-武汉,cr-2,cr,ospf6_interface_enabled,"interface=""ens11""",1
2026-07-28 15:27:00,ccf-aiops-武汉,cr-2,cr,ospf6_interface_enabled,"interface=""lo""",1
2026-07-28 15:27:00,ccf-aiops-武汉,cr-2,cr,ospf6_interface_enabled,"interface=""ens9""",1
2026-07-28 15:27:00,ccf-aiops-武汉,cr-2,cr,ospf6_interface_enabled,"interface=""ens8""",1
2026-07-28 15:27:00,ccf-aiops-武汉,cr-2,cr,ospf6_interface_enabled,"interface=""ens7""",1
2026-07-28 15:27:00,ccf-aiops-武汉,cr-2,cr,ospf6_interface_enabled,"interface=""ens6""",1
2026-07-28 15:27:00,ccf-aiops-武汉,cr-2,cr,ospf6_interface_enabled,"interface=""ens5""",1
2026-07-28 15:27:00,ccf-aiops-武汉,cr-2,cr,ospf6_interface_enabled,"interface=""ens4""",1
2026-07-28 15:27:00,ccf-aiops-武汉,cr-2,cr,ospf6_interface_enabled,"interface=""ens3""",1
2026-07-28 15:27:00,ccf-aiops-武汉,cr-2,cr,ospf6_interface_enabled,"interface=""ens12""",1
2026-07-28 15:27:00,ccf-aiops-武汉,cr-2,cr,ospf6_interface_enabled,"interface=""ens10""",1
2026-07-28 15:27:00,ccf-aiops-武汉,cr-2,cr,ospf6_interface_enabled,"interface=""virbr0""",0
2026-07-28 15:27:00,ccf-aiops-武汉,cr-2,cr,ospf6_neighbor_state_code,"state=""Full"",interface=""ens5"",neighbor_id=""5.5.5.11""",6
2026-07-28 15:27:00,ccf-aiops-武汉,cr-2,cr,ospf6_neighbor_state_code,"state=""Full"",interface=""ens4"",neighbor_id=""5.5.5.2""",6
2026-07-28 15:27:00,ccf-aiops-武汉,cr-2,cr,ospf6_neighbor_state_code,"state=""Full"",interface=""ens4"",neighbor_id=""5.5.5.11""",6
2026-07-28 15:27:00,ccf-aiops-武汉,cr-2,cr,ospf6_neighbor_state_code,"state=""Full"",interface=""ens4"",neighbor_id=""5.5.5.1""",6
2026-07-28 15:27:00,ccf-aiops-武汉,cr-2,cr,bgp_command_success,,
2026-07-28 15:27:00,ccf-aiops-武汉,cr-2,cr,bgp_peer_up,,
2026-07-28 15:27:00,ccf-aiops-武汉,cr-2,cr,bgp_peer_uptime_seconds,,
2026-07-28 15:27:00,ccf-aiops-武汉,cr-2,cr,bgp_peer_prefix_received,,
2026-07-28 15:27:00,ccf-aiops-武汉,cr-2,cr,bgp_peer_prefix_sent,,
2026-07-28 15:27:00,ccf-aiops-武汉,cr-2,cr,bgp_peer_count,,
2026-07-28 15:28:00,ccf-aiops-武汉,br-1,br,bgp_command_success,"command=""bgp_summary""",1
2026-07-28 15:28:00,ccf-aiops-武汉,br-1,br,bgp_peer_count,,6
2026-07-28 15:28:00,ccf-aiops-武汉,br-1,br,bgp_peer_prefix_received,"peer=""fd00:100:10::1"",remote_as=""65001"",state=""Established""",5
2026-07-28 15:28:00,ccf-aiops-武汉,br-1,br,bgp_peer_prefix_received,"peer=""fd00:100:10::21"",remote_as=""65003"",state=""Established""",4
2026-07-28 15:28:00,ccf-aiops-武汉,br-1,br,bgp_peer_prefix_received,"peer=""fd00:100:10::31"",remote_as=""65004"",state=""Established""",2
2026-07-28 15:28:00,ccf-aiops-武汉,br-1,br,bgp_peer_prefix_received,"peer=""fd00:100:10::51"",remote_as=""65006"",state=""Established""",5
2026-07-28 15:28:00,ccf-aiops-武汉,br-1,br,bgp_peer_prefix_received,"peer=""fd00:100:10::61"",remote_as=""65007"",state=""Established""",4
2026-07-28 15:28:00,ccf-aiops-武汉,br-1,br,bgp_peer_prefix_received,"peer=""fd00:100:10::71"",remote_as=""65008"",state=""Established""",4
2026-07-28 15:28:00,ccf-aiops-武汉,br-1,br,bgp_peer_prefix_sent,"peer=""fd00:100:10::71"",remote_as=""65008"",state=""Established""",8
2026-07-28 15:28:00,ccf-aiops-武汉,br-1,br,bgp_peer_prefix_sent,"peer=""fd00:100:10::61"",remote_as=""65007"",state=""Established""",8
2026-07-28 15:28:00,ccf-aiops-武汉,br-1,br,bgp_peer_prefix_sent,"peer=""fd00:100:10::51"",remote_as=""65006"",state=""Established""",8
2026-07-28 15:28:00,ccf-aiops-武汉,br-1,br,bgp_peer_prefix_sent,"peer=""fd00:100:10::31"",remote_as=""65004"",state=""Established""",8
2026-07-28 15:28:00,ccf-aiops-武汉,br-1,br,bgp_peer_prefix_sent,"peer=""fd00:100:10::21"",remote_as=""65003"",state=""Established""",8
2026-07-28 15:28:00,ccf-aiops-武汉,br-1,br,bgp_peer_prefix_sent,"peer=""fd00:100:10::1"",remote_as=""65001"",state=""Established""",8
2026-07-28 15:28:00,ccf-aiops-武汉,br-1,br,bgp_peer_up,"peer=""fd00:100:10::71"",remote_as=""65008"",state=""Established""",1
2026-07-28 15:28:00,ccf-aiops-武汉,br-1,br,bgp_peer_up,"peer=""fd00:100:10::61"",remote_as=""65007"",state=""Established""",1
2026-07-28 15:28:00,ccf-aiops-武汉,br-1,br,bgp_peer_up,"peer=""fd00:100:10::51"",remote_as=""65006"",state=""Established""",1
2026-07-28 15:28:00,ccf-aiops-武汉,br-1,br,bgp_peer_up,"peer=""fd00:100:10::31"",remote_as=""65004"",state=""Established""",1
2026-07-28 15:28:00,ccf-aiops-武汉,br-1,br,bgp_peer_up,"peer=""fd00:100:10::21"",remote_as=""65003"",state=""Established""",1
2026-07-28 15:28:00,ccf-aiops-武汉,br-1,br,bgp_peer_up,"peer=""fd00:100:10::1"",remote_as=""65001"",state=""Established""",1
2026-07-28 15:28:00,ccf-aiops-武汉,br-1,br,bgp_peer_uptime_seconds,"peer=""fd00:100:10::21"",remote_as=""65003"",state=""Established""",1735871
2026-07-28 15:28:00,ccf-aiops-武汉,br-1,br,bgp_peer_uptime_seconds,"peer=""fd00:100:10::1"",remote_as=""65001"",state=""Established""",2423233
2026-07-28 15:28:00,ccf-aiops-武汉,br-1,br,bgp_peer_uptime_seconds,"peer=""fd00:100:10::31"",remote_as=""65004"",state=""Established""",2423233
2026-07-28 15:28:00,ccf-aiops-武汉,br-1,br,bgp_peer_uptime_seconds,"peer=""fd00:100:10::51"",remote_as=""65006"",state=""Established""",2423145
2026-07-28 15:28:00,ccf-aiops-武汉,br-1,br,bgp_peer_uptime_seconds,"peer=""fd00:100:10::61"",remote_as=""65007"",state=""Established""",2423037
2026-07-28 15:28:00,ccf-aiops-武汉,br-1,br,bgp_peer_uptime_seconds,"peer=""fd00:100:10::71"",remote_as=""65008"",state=""Established""",2422912
2026-07-28 15:28:00,ccf-aiops-武汉,br-1,br,ipv6_default_route_changed_total,,0
2026-07-28 15:28:00,ccf-aiops-武汉,br-1,br,ipv6_default_route_info,"next_hop=""240a:a023::1"",dev=""ens4"",protocol=""unknown"",metric=""1024"",route_index=""0"",nh_index=""0""",1
2026-07-28 15:28:00,ccf-aiops-武汉,br-1,br,ipv6_route_change_total,"prefix=""fd00:1:40::/64""",0
2026-07-28 15:28:00,ccf-aiops-武汉,br-1,br,ipv6_route_change_total,"prefix=""::/0""",0
2026-07-28 15:28:00,ccf-aiops-武汉,br-1,br,ipv6_route_change_total,"prefix=""fd00:2:40::/64""",2
2026-07-28 15:28:00,ccf-aiops-武汉,br-1,br,ipv6_route_change_total,"prefix=""fd00:3:40::/64""",0
2026-07-28 15:28:00,ccf-aiops-武汉,br-1,br,ipv6_route_change_total,"prefix=""fd00:4:40::/64""",0
2026-07-28 15:28:00,ccf-aiops-武汉,br-1,br,ipv6_route_change_total,"prefix=""fd00:5:40::/64""",0
2026-07-28 15:28:00,ccf-aiops-武汉,br-1,br,ipv6_route_change_total,"prefix=""fd00:6:40::/64""",0
2026-07-28 15:28:00,ccf-aiops-武汉,br-1,br,ipv6_route_change_total,"prefix=""fd00:7:40::/64""",8
2026-07-28 15:28:00,ccf-aiops-武汉,br-1,br,ipv6_route_change_total,"prefix=""fd00:8:40::/64""",0
2026-07-28 15:28:00,ccf-aiops-武汉,br-1,br,ipv6_route_count,"protocol=""unknown""",1
2026-07-28 15:28:00,ccf-aiops-武汉,br-1,br,ipv6_route_count,"protocol=""ospf""",2
2026-07-28 15:28:00,ccf-aiops-武汉,br-1,br,ipv6_route_count,"protocol=""kernel""",7
2026-07-28 15:28:00,ccf-aiops-武汉,br-1,br,ipv6_route_count,"protocol=""bgp""",7
2026-07-28 15:28:00,ccf-aiops-武汉,br-1,br,ipv6_route_count,"protocol=""all""",17
2026-07-28 15:28:00,ccf-aiops-武汉,br-1,br,ipv6_route_exists,"prefix=""fd00:2:40::/64""",1
2026-07-28 15:28:00,ccf-aiops-武汉,br-1,br,ipv6_route_exists,"prefix=""fd00:8:40::/64""",1
2026-07-28 15:28:00,ccf-aiops-武汉,br-1,br,ipv6_route_exists,"prefix=""fd00:7:40::/64""",1
2026-07-28 15:28:00,ccf-aiops-武汉,br-1,br,ipv6_route_exists,"prefix=""fd00:6:40::/64""",1
2026-07-28 15:28:00,ccf-aiops-武汉,br-1,br,ipv6_route_exists,"prefix=""fd00:5:40::/64""",1
2026-07-28 15:28:00,ccf-aiops-武汉,br-1,br,ipv6_route_exists,"prefix=""fd00:4:40::/64""",1
2026-07-28 15:28:00,ccf-aiops-武汉,br-1,br,ipv6_route_exists,"prefix=""fd00:3:40::/64""",1
2026-07-28 15:28:00,ccf-aiops-武汉,br-1,br,ipv6_route_exists,"prefix=""fd00:1:40::/64""",1
2026-07-28 15:28:00,ccf-aiops-武汉,br-1,br,ipv6_route_exists,"prefix=""::/0""",1
2026-07-28 15:28:00,ccf-aiops-武汉,br-1,br,ipv6_route_nexthop_info,"prefix=""fd00:4:40::/64"",next_hop=""fe80::100:10:31"",dev=""ens4"",protocol=""bgp"",metric=""20"",route_index=""0"",nh_index=""0""",1
2026-07-28 15:28:00,ccf-aiops-武汉,br-1,br,ipv6_route_nexthop_info,"prefix=""fd00:6:40::/64"",next_hop=""fe80::100:10:51"",dev=""ens4"",protocol=""bgp"",metric=""20"",route_index=""0"",nh_index=""0""",1
2026-07-28 15:28:00,ccf-aiops-武汉,br-1,br,ipv6_route_nexthop_info,"prefix=""fd00:7:40::/64"",next_hop=""fe80::100:10:61"",dev=""ens4"",protocol=""bgp"",metric=""20"",route_index=""0"",nh_index=""0""",1
2026-07-28 15:28:00,ccf-aiops-武汉,br-1,br,ipv6_route_nexthop_info,"prefix=""fd00:8:40::/64"",next_hop=""fe80::100:10:71"",dev=""ens4"",protocol=""bgp"",metric=""20"",route_index=""0"",nh_index=""0""",1
2026-07-28 15:28:00,ccf-aiops-武汉,br-1,br,ipv6_route_nexthop_info,"prefix=""fd00:5:40::/64"",next_hop=""fe80::5:20:11"",dev=""ens5"",protocol=""ospf"",metric=""20"",route_index=""0"",nh_index=""0""",1
2026-07-28 15:28:00,ccf-aiops-武汉,br-1,br,ipv6_route_nexthop_info,"prefix=""fd00:5:40::/64"",next_hop=""fe80::5:20:12"",dev=""ens5"",protocol=""ospf"",metric=""20"",route_index=""0"",nh_index=""1""",1
2026-07-28 15:28:00,ccf-aiops-武汉,br-1,br,ipv6_route_nexthop_info,"prefix=""fd00:3:40::/64"",next_hop=""fe80::100:10:21"",dev=""ens4"",protocol=""bgp"",metric=""20"",route_index=""0"",nh_index=""0""",1
2026-07-28 15:28:00,ccf-aiops-武汉,br-1,br,ipv6_route_nexthop_info,"prefix=""fd00:2:40::/64"",next_hop=""fe80::100:10:1"",dev=""ens4"",protocol=""bgp"",metric=""20"",route_index=""0"",nh_index=""0""",1
2026-07-28 15:28:00,ccf-aiops-武汉,br-1,br,ipv6_route_nexthop_info,"prefix=""::/0"",next_hop=""240a:a023::1"",dev=""ens4"",protocol=""unknown"",metric=""1024"",route_index=""0"",nh_index=""0""",1
2026-07-28 15:28:00,ccf-aiops-武汉,br-1,br,ipv6_route_nexthop_info,"prefix=""fd00:1:40::/64"",next_hop=""fe80::100:10:1"",dev=""ens4"",protocol=""bgp"",metric=""20"",route_index=""0"",nh_index=""0""",1
2026-07-28 15:28:00,ccf-aiops-武汉,br-1,br,ospf6_interface_cost,"interface=""ens5""",1
2026-07-28 15:28:00,ccf-aiops-武汉,br-1,br,ospf6_interface_enabled,"interface=""lo""",1
2026-07-28 15:28:00,ccf-aiops-武汉,br-1,br,ospf6_interface_enabled,"interface=""ens10""",1
2026-07-28 15:28:00,ccf-aiops-武汉,br-1,br,ospf6_interface_enabled,"interface=""ens11""",1
2026-07-28 15:28:00,ccf-aiops-武汉,br-1,br,ospf6_interface_enabled,"interface=""ens12""",1
2026-07-28 15:28:00,ccf-aiops-武汉,br-1,br,ospf6_interface_enabled,"interface=""ens3""",1
2026-07-28 15:28:00,ccf-aiops-武汉,br-1,br,ospf6_interface_enabled,"interface=""ens4""",1
2026-07-28 15:28:00,ccf-aiops-武汉,br-1,br,ospf6_interface_enabled,"interface=""ens5""",1
2026-07-28 15:28:00,ccf-aiops-武汉,br-1,br,ospf6_interface_enabled,"interface=""ens6""",1
2026-07-28 15:28:00,ccf-aiops-武汉,br-1,br,ospf6_interface_enabled,"interface=""virbr0""",0
2026-07-28 15:28:00,ccf-aiops-武汉,br-1,br,ospf6_interface_enabled,"interface=""ens7""",1
2026-07-28 15:28:00,ccf-aiops-武汉,br-1,br,ospf6_interface_enabled,"interface=""ens8""",1
2026-07-28 15:28:00,ccf-aiops-武汉,br-1,br,ospf6_interface_enabled,"interface=""ens9""",1
2026-07-28 15:28:00,ccf-aiops-武汉,br-1,br,ospf6_neighbor_state_code,"state=""Twoway"",interface=""ens5"",neighbor_id=""5.5.5.2""",2
2026-07-28 15:28:00,ccf-aiops-武汉,br-1,br,ospf6_neighbor_state_code,"state=""Full"",interface=""ens5"",neighbor_id=""5.5.5.12""",6
2026-07-28 15:28:00,ccf-aiops-武汉,br-1,br,ospf6_neighbor_state_code,"state=""Full"",interface=""ens5"",neighbor_id=""5.5.5.11""",6
2026-07-28 15:28:00,ccf-aiops-武汉,br-2,br,bgp_command_success,"command=""bgp_summary""",1
2026-07-28 15:28:00,ccf-aiops-武汉,br-2,br,bgp_peer_count,,6
2026-07-28 15:28:00,ccf-aiops-武汉,br-2,br,bgp_peer_prefix_received,"peer=""fd00:100:10::62"",remote_as=""65007"",state=""Established""",4
2026-07-28 15:28:00,ccf-aiops-武汉,br-2,br,bgp_peer_prefix_received,"peer=""fd00:100:10::72"",remote_as=""65008"",state=""Established""",3
2026-07-28 15:28:00,ccf-aiops-武汉,br-2,br,bgp_peer_prefix_received,"peer=""fd00:100:10::52"",remote_as=""65006"",state=""Established""",6
2026-07-28 15:28:00,ccf-aiops-武汉,br-2,br,bgp_peer_prefix_received,"peer=""fd00:100:10::32"",remote_as=""65004"",state=""Established""",3
2026-07-28 15:28:00,ccf-aiops-武汉,br-2,br,bgp_peer_prefix_received,"peer=""fd00:100:10::2"",remote_as=""65001"",state=""Established""",4
2026-07-28 15:28:00,ccf-aiops-武汉,br-2,br,bgp_peer_prefix_received,"peer=""fd00:100:10::22"",remote_as=""65003"",state=""Established""",5
2026-07-28 15:28:00,ccf-aiops-武汉,br-2,br,bgp_peer_prefix_sent,"peer=""fd00:100:10::2"",remote_as=""65001"",state=""Established""",8
2026-07-28 15:28:00,ccf-aiops-武汉,br-2,br,bgp_peer_prefix_sent,"peer=""fd00:100:10::22"",remote_as=""65003"",state=""Established""",8
2026-07-28 15:28:00,ccf-aiops-武汉,br-2,br,bgp_peer_prefix_sent,"peer=""fd00:100:10::32"",remote_as=""65004"",state=""Established""",8
2026-07-28 15:28:00,ccf-aiops-武汉,br-2,br,bgp_peer_prefix_sent,"peer=""fd00:100:10::52"",remote_as=""65006"",state=""Established""",8
2026-07-28 15:28:00,ccf-aiops-武汉,br-2,br,bgp_peer_prefix_sent,"peer=""fd00:100:10::62"",remote_as=""65007"",state=""Established""",8
2026-07-28 15:28:00,ccf-aiops-武汉,br-2,br,bgp_peer_prefix_sent,"peer=""fd00:100:10::72"",remote_as=""65008"",state=""Established""",8
2026-07-28 15:28:00,ccf-aiops-武汉,br-2,br,bgp_peer_up,"peer=""fd00:100:10::72"",remote_as=""65008"",state=""Established""",1
2026-07-28 15:28:00,ccf-aiops-武汉,br-2,br,bgp_peer_up,"peer=""fd00:100:10::2"",remote_as=""65001"",state=""Established""",1
2026-07-28 15:28:00,ccf-aiops-武汉,br-2,br,bgp_peer_up,"peer=""fd00:100:10::22"",remote_as=""65003"",state=""Established""",1
2026-07-28 15:28:00,ccf-aiops-武汉,br-2,br,bgp_peer_up,"peer=""fd00:100:10::32"",remote_as=""65004"",state=""Established""",1
2026-07-28 15:28:00,ccf-aiops-武汉,br-2,br,bgp_peer_up,"peer=""fd00:100:10::52"",remote_as=""65006"",state=""Established""",1
2026-07-28 15:28:00,ccf-aiops-武汉,br-2,br,bgp_peer_up,"peer=""fd00:100:10::62"",remote_as=""65007"",state=""Established""",1
2026-07-28 15:28:00,ccf-aiops-武汉,br-2,br,bgp_peer_uptime_seconds,"peer=""fd00:100:10::2"",remote_as=""65001"",state=""Established""",2423215
2026-07-28 15:28:00,ccf-aiops-武汉,br-2,br,bgp_peer_uptime_seconds,"peer=""fd00:100:10::22"",remote_as=""65003"",state=""Established""",705606
2026-07-28 15:28:00,ccf-aiops-武汉,br-2,br,bgp_peer_uptime_seconds,"peer=""fd00:100:10::32"",remote_as=""65004"",state=""Established""",2423215
2026-07-28 15:28:00,ccf-aiops-武汉,br-2,br,bgp_peer_uptime_seconds,"peer=""fd00:100:10::52"",remote_as=""65006"",state=""Established""",2423122
2026-07-28 15:28:00,ccf-aiops-武汉,br-2,br,bgp_peer_uptime_seconds,"peer=""fd00:100:10::62"",remote_as=""65007"",state=""Established""",2423011
2026-07-28 15:28:00,ccf-aiops-武汉,br-2,br,bgp_peer_uptime_seconds,"peer=""fd00:100:10::72"",remote_as=""65008"",state=""Established""",2422894
2026-07-28 15:28:00,ccf-aiops-武汉,br-2,br,ipv6_default_route_changed_total,,0
2026-07-28 15:28:00,ccf-aiops-武汉,br-2,br,ipv6_default_route_info,"next_hop=""240a:a023::1"",dev=""ens4"",protocol=""unknown"",metric=""1024"",route_index=""0"",nh_index=""0""",1
2026-07-28 15:28:00,ccf-aiops-武汉,br-2,br,ipv6_route_change_total,"prefix=""fd00:6:40::/64""",0
2026-07-28 15:28:00,ccf-aiops-武汉,br-2,br,ipv6_route_change_total,"prefix=""fd00:1:40::/64""",0
2026-07-28 15:28:00,ccf-aiops-武汉,br-2,br,ipv6_route_change_total,"prefix=""::/0""",0
2026-07-28 15:28:00,ccf-aiops-武汉,br-2,br,ipv6_route_change_total,"prefix=""fd00:8:40::/64""",0
2026-07-28 15:28:00,ccf-aiops-武汉,br-2,br,ipv6_route_change_total,"prefix=""fd00:7:40::/64""",4
2026-07-28 15:28:00,ccf-aiops-武汉,br-2,br,ipv6_route_change_total,"prefix=""fd00:5:40::/64""",0
2026-07-28 15:28:00,ccf-aiops-武汉,br-2,br,ipv6_route_change_total,"prefix=""fd00:3:40::/64""",0
2026-07-28 15:28:00,ccf-aiops-武汉,br-2,br,ipv6_route_change_total,"prefix=""fd00:2:40::/64""",2
2026-07-28 15:28:00,ccf-aiops-武汉,br-2,br,ipv6_route_change_total,"prefix=""fd00:4:40::/64""",0
2026-07-28 15:28:00,ccf-aiops-武汉,br-2,br,ipv6_route_count,"protocol=""all""",17
2026-07-28 15:28:00,ccf-aiops-武汉,br-2,br,ipv6_route_count,"protocol=""unknown""",1
2026-07-28 15:28:00,ccf-aiops-武汉,br-2,br,ipv6_route_count,"protocol=""ospf""",2
2026-07-28 15:28:00,ccf-aiops-武汉,br-2,br,ipv6_route_count,"protocol=""kernel""",7
2026-07-28 15:28:00,ccf-aiops-武汉,br-2,br,ipv6_route_count,"protocol=""bgp""",7
2026-07-28 15:28:00,ccf-aiops-武汉,br-2,br,ipv6_route_exists,"prefix=""fd00:5:40::/64""",1
2026-07-28 15:28:00,ccf-aiops-武汉,br-2,br,ipv6_route_exists,"prefix=""fd00:4:40::/64""",1
2026-07-28 15:28:00,ccf-aiops-武汉,br-2,br,ipv6_route_exists,"prefix=""fd00:3:40::/64""",1
2026-07-28 15:28:00,ccf-aiops-武汉,br-2,br,ipv6_route_exists,"prefix=""fd00:2:40::/64""",1
2026-07-28 15:28:00,ccf-aiops-武汉,br-2,br,ipv6_route_exists,"prefix=""fd00:1:40::/64""",1
2026-07-28 15:28:00,ccf-aiops-武汉,br-2,br,ipv6_route_exists,"prefix=""::/0""",1
2026-07-28 15:28:00,ccf-aiops-武汉,br-2,br,ipv6_route_exists,"prefix=""fd00:6:40::/64""",1
2026-07-28 15:28:00,ccf-aiops-武汉,br-2,br,ipv6_route_exists,"prefix=""fd00:7:40::/64""",1
2026-07-28 15:28:00,ccf-aiops-武汉,br-2,br,ipv6_route_exists,"prefix=""fd00:8:40::/64""",1
2026-07-28 15:28:00,ccf-aiops-武汉,br-2,br,ipv6_route_nexthop_info,"prefix=""fd00:5:40::/64"",next_hop=""fe80::5:20:11"",dev=""ens5"",protocol=""ospf"",metric=""20"",route_index=""0"",nh_index=""0""",1
2026-07-28 15:28:00,ccf-aiops-武汉,br-2,br,ipv6_route_nexthop_info,"prefix=""fd00:6:40::/64"",next_hop=""fe80::100:10:52"",dev=""ens4"",protocol=""bgp"",metric=""20"",route_index=""0"",nh_index=""0""",1
2026-07-28 15:28:00,ccf-aiops-武汉,br-2,br,ipv6_route_nexthop_info,"prefix=""fd00:5:40::/64"",next_hop=""fe80::5:20:12"",dev=""ens5"",protocol=""ospf"",metric=""20"",route_index=""0"",nh_index=""1""",1
2026-07-28 15:28:00,ccf-aiops-武汉,br-2,br,ipv6_route_nexthop_info,"prefix=""fd00:8:40::/64"",next_hop=""fe80::100:10:72"",dev=""ens4"",protocol=""bgp"",metric=""20"",route_index=""0"",nh_index=""0""",1
2026-07-28 15:28:00,ccf-aiops-武汉,br-2,br,ipv6_route_nexthop_info,"prefix=""fd00:7:40::/64"",next_hop=""fe80::100:10:62"",dev=""ens4"",protocol=""bgp"",metric=""20"",route_index=""0"",nh_index=""0""",1
2026-07-28 15:28:00,ccf-aiops-武汉,br-2,br,ipv6_route_nexthop_info,"prefix=""::/0"",next_hop=""240a:a023::1"",dev=""ens4"",protocol=""unknown"",metric=""1024"",route_index=""0"",nh_index=""0""",1
2026-07-28 15:28:00,ccf-aiops-武汉,br-2,br,ipv6_route_nexthop_info,"prefix=""fd00:1:40::/64"",next_hop=""fe80::100:10:2"",dev=""ens4"",protocol=""bgp"",metric=""20"",route_index=""0"",nh_index=""0""",1
2026-07-28 15:28:00,ccf-aiops-武汉,br-2,br,ipv6_route_nexthop_info,"prefix=""fd00:2:40::/64"",next_hop=""fe80::100:10:2"",dev=""ens4"",protocol=""bgp"",metric=""20"",route_index=""0"",nh_index=""0""",1
2026-07-28 15:28:00,ccf-aiops-武汉,br-2,br,ipv6_route_nexthop_info,"prefix=""fd00:3:40::/64"",next_hop=""fe80::100:10:22"",dev=""ens4"",protocol=""bgp"",metric=""20"",route_index=""0"",nh_index=""0""",1
2026-07-28 15:28:00,ccf-aiops-武汉,br-2,br,ipv6_route_nexthop_info,"prefix=""fd00:4:40::/64"",next_hop=""fe80::100:10:32"",dev=""ens4"",protocol=""bgp"",metric=""20"",route_index=""0"",nh_index=""0""",1
2026-07-28 15:28:00,ccf-aiops-武汉,br-2,br,ospf6_interface_cost,"interface=""ens5""",1
2026-07-28 15:28:00,ccf-aiops-武汉,br-2,br,ospf6_interface_enabled,"interface=""ens9""",1
2026-07-28 15:28:00,ccf-aiops-武汉,br-2,br,ospf6_interface_enabled,"interface=""ens3""",1
2026-07-28 15:28:00,ccf-aiops-武汉,br-2,br,ospf6_interface_enabled,"interface=""ens4""",1
2026-07-28 15:28:00,ccf-aiops-武汉,br-2,br,ospf6_interface_enabled,"interface=""ens5""",1
2026-07-28 15:28:00,ccf-aiops-武汉,br-2,br,ospf6_interface_enabled,"interface=""ens6""",1
2026-07-28 15:28:00,ccf-aiops-武汉,br-2,br,ospf6_interface_enabled,"interface=""ens7""",1
2026-07-28 15:28:00,ccf-aiops-武汉,br-2,br,ospf6_interface_enabled,"interface=""ens8""",1
2026-07-28 15:28:00,ccf-aiops-武汉,br-2,br,ospf6_interface_enabled,"interface=""lo""",1
2026-07-28 15:28:00,ccf-aiops-武汉,br-2,br,ospf6_interface_enabled,"interface=""virbr0""",0
2026-07-28 15:28:00,ccf-aiops-武汉,br-2,br,ospf6_interface_enabled,"interface=""ens10""",1
2026-07-28 15:28:00,ccf-aiops-武汉,br-2,br,ospf6_interface_enabled,"interface=""ens11""",1
2026-07-28 15:28:00,ccf-aiops-武汉,br-2,br,ospf6_interface_enabled,"interface=""ens12""",1
2026-07-28 15:28:00,ccf-aiops-武汉,br-2,br,ospf6_neighbor_state_code,"state=""Twoway"",interface=""ens5"",neighbor_id=""5.5.5.1""",2
2026-07-28 15:28:00,ccf-aiops-武汉,br-2,br,ospf6_neighbor_state_code,"state=""Full"",interface=""ens5"",neighbor_id=""5.5.5.12""",6
2026-07-28 15:28:00,ccf-aiops-武汉,br-2,br,ospf6_neighbor_state_code,"state=""Full"",interface=""ens5"",neighbor_id=""5.5.5.11""",6
2026-07-28 15:28:00,ccf-aiops-武汉,cr-1,cr,ipv6_default_route_changed_total,,0
2026-07-28 15:28:00,ccf-aiops-武汉,cr-1,cr,ipv6_default_route_info,"next_hop=""fd00:5:20::1"",dev=""ens4"",protocol=""196"",metric=""20"",route_index=""0"",nh_index=""0""",1
2026-07-28 15:28:00,ccf-aiops-武汉,cr-1,cr,ipv6_default_route_info,"next_hop=""fd00:5:20::2"",dev=""ens4"",protocol=""196"",metric=""20"",route_index=""0"",nh_index=""1""",1
2026-07-28 15:28:00,ccf-aiops-武汉,cr-1,cr,ipv6_route_change_total,"prefix=""::/0""",0
2026-07-28 15:28:00,ccf-aiops-武汉,cr-1,cr,ipv6_route_change_total,"prefix=""fd00:8:40::/64""",0
2026-07-28 15:28:00,ccf-aiops-武汉,cr-1,cr,ipv6_route_change_total,"prefix=""fd00:1:40::/64""",0
2026-07-28 15:28:00,ccf-aiops-武汉,cr-1,cr,ipv6_route_change_total,"prefix=""fd00:2:40::/64""",0
2026-07-28 15:28:00,ccf-aiops-武汉,cr-1,cr,ipv6_route_change_total,"prefix=""fd00:3:40::/64""",0
2026-07-28 15:28:00,ccf-aiops-武汉,cr-1,cr,ipv6_route_change_total,"prefix=""fd00:7:40::/64""",0
2026-07-28 15:28:00,ccf-aiops-武汉,cr-1,cr,ipv6_route_change_total,"prefix=""fd00:6:40::/64""",0
2026-07-28 15:28:00,ccf-aiops-武汉,cr-1,cr,ipv6_route_change_total,"prefix=""fd00:5:40::/64""",0
2026-07-28 15:28:00,ccf-aiops-武汉,cr-1,cr,ipv6_route_change_total,"prefix=""fd00:4:40::/64""",0
2026-07-28 15:28:00,ccf-aiops-武汉,cr-1,cr,ipv6_route_count,"protocol=""ospf""",7
2026-07-28 15:28:00,ccf-aiops-武汉,cr-1,cr,ipv6_route_count,"protocol=""kernel""",6
2026-07-28 15:28:00,ccf-aiops-武汉,cr-1,cr,ipv6_route_count,"protocol=""all""",15
2026-07-28 15:28:00,ccf-aiops-武汉,cr-1,cr,ipv6_route_count,"protocol=""196""",2
2026-07-28 15:28:00,ccf-aiops-武汉,cr-1,cr,ipv6_route_exists,"prefix=""fd00:6:40::/64""",1
2026-07-28 15:28:00,ccf-aiops-武汉,cr-1,cr,ipv6_route_exists,"prefix=""fd00:8:40::/64""",1
2026-07-28 15:28:00,ccf-aiops-武汉,cr-1,cr,ipv6_route_exists,"prefix=""fd00:7:40::/64""",1
2026-07-28 15:28:00,ccf-aiops-武汉,cr-1,cr,ipv6_route_exists,"prefix=""fd00:5:40::/64""",1
2026-07-28 15:28:00,ccf-aiops-武汉,cr-1,cr,ipv6_route_exists,"prefix=""fd00:4:40::/64""",1
2026-07-28 15:28:00,ccf-aiops-武汉,cr-1,cr,ipv6_route_exists,"prefix=""fd00:3:40::/64""",1
2026-07-28 15:28:00,ccf-aiops-武汉,cr-1,cr,ipv6_route_exists,"prefix=""fd00:2:40::/64""",1
2026-07-28 15:28:00,ccf-aiops-武汉,cr-1,cr,ipv6_route_exists,"prefix=""fd00:1:40::/64""",1
2026-07-28 15:28:00,ccf-aiops-武汉,cr-1,cr,ipv6_route_exists,"prefix=""::/0""",1
2026-07-28 15:28:00,ccf-aiops-武汉,cr-1,cr,ipv6_route_nexthop_info,"prefix=""fd00:5:40::/64"",next_hop=""fd00:5:30::254"",dev=""ens5"",protocol=""196"",metric=""20"",route_index=""0"",nh_index=""0""",1
2026-07-28 15:28:00,ccf-aiops-武汉,cr-1,cr,ipv6_route_nexthop_info,"prefix=""fd00:8:40::/64"",next_hop=""fe80::5:20:2"",dev=""ens4"",protocol=""ospf"",metric=""20"",route_index=""0"",nh_index=""1""",1
2026-07-28 15:28:00,ccf-aiops-武汉,cr-1,cr,ipv6_route_nexthop_info,"prefix=""fd00:7:40::/64"",next_hop=""fe80::5:20:2"",dev=""ens4"",protocol=""ospf"",metric=""20"",route_index=""0"",nh_index=""1""",1
2026-07-28 15:28:00,ccf-aiops-武汉,cr-1,cr,ipv6_route_nexthop_info,"prefix=""fd00:4:40::/64"",next_hop=""fe80::5:20:2"",dev=""ens4"",protocol=""ospf"",metric=""20"",route_index=""0"",nh_index=""1""",1
2026-07-28 15:28:00,ccf-aiops-武汉,cr-1,cr,ipv6_route_nexthop_info,"prefix=""::/0"",next_hop=""fd00:5:20::1"",dev=""ens4"",protocol=""196"",metric=""20"",route_index=""0"",nh_index=""0""",1
2026-07-28 15:28:00,ccf-aiops-武汉,cr-1,cr,ipv6_route_nexthop_info,"prefix=""::/0"",next_hop=""fd00:5:20::2"",dev=""ens4"",protocol=""196"",metric=""20"",route_index=""0"",nh_index=""1""",1
2026-07-28 15:28:00,ccf-aiops-武汉,cr-1,cr,ipv6_route_nexthop_info,"prefix=""fd00:1:40::/64"",next_hop=""fe80::5:20:1"",dev=""ens4"",protocol=""ospf"",metric=""20"",route_index=""0"",nh_index=""0""",1
2026-07-28 15:28:00,ccf-aiops-武汉,cr-1,cr,ipv6_route_nexthop_info,"prefix=""fd00:2:40::/64"",next_hop=""fe80::5:20:1"",dev=""ens4"",protocol=""ospf"",metric=""20"",route_index=""0"",nh_index=""0""",1
2026-07-28 15:28:00,ccf-aiops-武汉,cr-1,cr,ipv6_route_nexthop_info,"prefix=""fd00:3:40::/64"",next_hop=""fe80::5:20:1"",dev=""ens4"",protocol=""ospf"",metric=""20"",route_index=""0"",nh_index=""0""",1
2026-07-28 15:28:00,ccf-aiops-武汉,cr-1,cr,ipv6_route_nexthop_info,"prefix=""fd00:4:40::/64"",next_hop=""fe80::5:20:1"",dev=""ens4"",protocol=""ospf"",metric=""20"",route_index=""0"",nh_index=""0""",1
2026-07-28 15:28:00,ccf-aiops-武汉,cr-1,cr,ipv6_route_nexthop_info,"prefix=""fd00:6:40::/64"",next_hop=""fe80::5:20:1"",dev=""ens4"",protocol=""ospf"",metric=""20"",route_index=""0"",nh_index=""0""",1
2026-07-28 15:28:00,ccf-aiops-武汉,cr-1,cr,ipv6_route_nexthop_info,"prefix=""fd00:7:40::/64"",next_hop=""fe80::5:20:1"",dev=""ens4"",protocol=""ospf"",metric=""20"",route_index=""0"",nh_index=""0""",1
2026-07-28 15:28:00,ccf-aiops-武汉,cr-1,cr,ipv6_route_nexthop_info,"prefix=""fd00:8:40::/64"",next_hop=""fe80::5:20:1"",dev=""ens4"",protocol=""ospf"",metric=""20"",route_index=""0"",nh_index=""0""",1
2026-07-28 15:28:00,ccf-aiops-武汉,cr-1,cr,ipv6_route_nexthop_info,"prefix=""fd00:1:40::/64"",next_hop=""fe80::5:20:2"",dev=""ens4"",protocol=""ospf"",metric=""20"",route_index=""0"",nh_index=""1""",1
2026-07-28 15:28:00,ccf-aiops-武汉,cr-1,cr,ipv6_route_nexthop_info,"prefix=""fd00:2:40::/64"",next_hop=""fe80::5:20:2"",dev=""ens4"",protocol=""ospf"",metric=""20"",route_index=""0"",nh_index=""1""",1
2026-07-28 15:28:00,ccf-aiops-武汉,cr-1,cr,ipv6_route_nexthop_info,"prefix=""fd00:3:40::/64"",next_hop=""fe80::5:20:2"",dev=""ens4"",protocol=""ospf"",metric=""20"",route_index=""0"",nh_index=""1""",1
2026-07-28 15:28:00,ccf-aiops-武汉,cr-1,cr,ipv6_route_nexthop_info,"prefix=""fd00:6:40::/64"",next_hop=""fe80::5:20:2"",dev=""ens4"",protocol=""ospf"",metric=""20"",route_index=""0"",nh_index=""1""",1
2026-07-28 15:28:00,ccf-aiops-武汉,cr-1,cr,ospf6_interface_cost,"interface=""ens5""",1
2026-07-28 15:28:00,ccf-aiops-武汉,cr-1,cr,ospf6_interface_cost,"interface=""ens4""",1
2026-07-28 15:28:00,ccf-aiops-武汉,cr-1,cr,ospf6_interface_enabled,"interface=""ens4""",1
2026-07-28 15:28:00,ccf-aiops-武汉,cr-1,cr,ospf6_interface_enabled,"interface=""ens5""",1
2026-07-28 15:28:00,ccf-aiops-武汉,cr-1,cr,ospf6_interface_enabled,"interface=""ens6""",1
2026-07-28 15:28:00,ccf-aiops-武汉,cr-1,cr,ospf6_interface_enabled,"interface=""ens10""",1
2026-07-28 15:28:00,ccf-aiops-武汉,cr-1,cr,ospf6_interface_enabled,"interface=""ens11""",1
2026-07-28 15:28:00,ccf-aiops-武汉,cr-1,cr,ospf6_interface_enabled,"interface=""ens12""",1
2026-07-28 15:28:00,ccf-aiops-武汉,cr-1,cr,ospf6_interface_enabled,"interface=""ens3""",1
2026-07-28 15:28:00,ccf-aiops-武汉,cr-1,cr,ospf6_interface_enabled,"interface=""ens8""",1
2026-07-28 15:28:00,ccf-aiops-武汉,cr-1,cr,ospf6_interface_enabled,"interface=""ens9""",1
2026-07-28 15:28:00,ccf-aiops-武汉,cr-1,cr,ospf6_interface_enabled,"interface=""lo""",1
2026-07-28 15:28:00,ccf-aiops-武汉,cr-1,cr,ospf6_interface_enabled,"interface=""virbr0""",0
2026-07-28 15:28:00,ccf-aiops-武汉,cr-1,cr,ospf6_interface_enabled,"interface=""ens7""",1
2026-07-28 15:28:00,ccf-aiops-武汉,cr-1,cr,ospf6_neighbor_state_code,"state=""Full"",interface=""ens4"",neighbor_id=""5.5.5.1""",6
2026-07-28 15:28:00,ccf-aiops-武汉,cr-1,cr,ospf6_neighbor_state_code,"state=""Full"",interface=""ens4"",neighbor_id=""5.5.5.12""",6
2026-07-28 15:28:00,ccf-aiops-武汉,cr-1,cr,ospf6_neighbor_state_code,"state=""Full"",interface=""ens4"",neighbor_id=""5.5.5.2""",6
2026-07-28 15:28:00,ccf-aiops-武汉,cr-1,cr,ospf6_neighbor_state_code,"state=""Full"",interface=""ens5"",neighbor_id=""5.5.5.12""",6
2026-07-28 15:28:00,ccf-aiops-武汉,cr-1,cr,bgp_command_success,,
2026-07-28 15:28:00,ccf-aiops-武汉,cr-1,cr,bgp_peer_up,,
2026-07-28 15:28:00,ccf-aiops-武汉,cr-1,cr,bgp_peer_uptime_seconds,,
2026-07-28 15:28:00,ccf-aiops-武汉,cr-1,cr,bgp_peer_prefix_received,,
2026-07-28 15:28:00,ccf-aiops-武汉,cr-1,cr,bgp_peer_prefix_sent,,
2026-07-28 15:28:00,ccf-aiops-武汉,cr-1,cr,bgp_peer_count,,
2026-07-28 15:28:00,ccf-aiops-武汉,cr-2,cr,ipv6_default_route_changed_total,,0
2026-07-28 15:28:00,ccf-aiops-武汉,cr-2,cr,ipv6_default_route_info,"next_hop=""fd00:5:20::2"",dev=""ens4"",protocol=""196"",metric=""20"",route_index=""0"",nh_index=""1""",1
2026-07-28 15:28:00,ccf-aiops-武汉,cr-2,cr,ipv6_default_route_info,"next_hop=""fd00:5:20::1"",dev=""ens4"",protocol=""196"",metric=""20"",route_index=""0"",nh_index=""0""",1
2026-07-28 15:28:00,ccf-aiops-武汉,cr-2,cr,ipv6_route_change_total,"prefix=""fd00:3:40::/64""",0
2026-07-28 15:28:00,ccf-aiops-武汉,cr-2,cr,ipv6_route_change_total,"prefix=""fd00:2:40::/64""",0
2026-07-28 15:28:00,ccf-aiops-武汉,cr-2,cr,ipv6_route_change_total,"prefix=""fd00:1:40::/64""",0
2026-07-28 15:28:00,ccf-aiops-武汉,cr-2,cr,ipv6_route_change_total,"prefix=""::/0""",0
2026-07-28 15:28:00,ccf-aiops-武汉,cr-2,cr,ipv6_route_change_total,"prefix=""fd00:4:40::/64""",0
2026-07-28 15:28:00,ccf-aiops-武汉,cr-2,cr,ipv6_route_change_total,"prefix=""fd00:5:40::/64""",0
2026-07-28 15:28:00,ccf-aiops-武汉,cr-2,cr,ipv6_route_change_total,"prefix=""fd00:6:40::/64""",0
2026-07-28 15:28:00,ccf-aiops-武汉,cr-2,cr,ipv6_route_change_total,"prefix=""fd00:7:40::/64""",0
2026-07-28 15:28:00,ccf-aiops-武汉,cr-2,cr,ipv6_route_change_total,"prefix=""fd00:8:40::/64""",0
2026-07-28 15:28:00,ccf-aiops-武汉,cr-2,cr,ipv6_route_count,"protocol=""196""",2
2026-07-28 15:28:00,ccf-aiops-武汉,cr-2,cr,ipv6_route_count,"protocol=""all""",15
2026-07-28 15:28:00,ccf-aiops-武汉,cr-2,cr,ipv6_route_count,"protocol=""kernel""",6
2026-07-28 15:28:00,ccf-aiops-武汉,cr-2,cr,ipv6_route_count,"protocol=""ospf""",7
2026-07-28 15:28:00,ccf-aiops-武汉,cr-2,cr,ipv6_route_exists,"prefix=""fd00:4:40::/64""",1
2026-07-28 15:28:00,ccf-aiops-武汉,cr-2,cr,ipv6_route_exists,"prefix=""::/0""",1
2026-07-28 15:28:00,ccf-aiops-武汉,cr-2,cr,ipv6_route_exists,"prefix=""fd00:1:40::/64""",1
2026-07-28 15:28:00,ccf-aiops-武汉,cr-2,cr,ipv6_route_exists,"prefix=""fd00:2:40::/64""",1
2026-07-28 15:28:00,ccf-aiops-武汉,cr-2,cr,ipv6_route_exists,"prefix=""fd00:3:40::/64""",1
2026-07-28 15:28:00,ccf-aiops-武汉,cr-2,cr,ipv6_route_exists,"prefix=""fd00:5:40::/64""",1
2026-07-28 15:28:00,ccf-aiops-武汉,cr-2,cr,ipv6_route_exists,"prefix=""fd00:6:40::/64""",1
2026-07-28 15:28:00,ccf-aiops-武汉,cr-2,cr,ipv6_route_exists,"prefix=""fd00:7:40::/64""",1
2026-07-28 15:28:00,ccf-aiops-武汉,cr-2,cr,ipv6_route_exists,"prefix=""fd00:8:40::/64""",1
2026-07-28 15:28:00,ccf-aiops-武汉,cr-2,cr,ipv6_route_nexthop_info,"prefix=""fd00:3:40::/64"",next_hop=""fe80::5:20:2"",dev=""ens4"",protocol=""ospf"",metric=""20"",route_index=""0"",nh_index=""1""",1
2026-07-28 15:28:00,ccf-aiops-武汉,cr-2,cr,ipv6_route_nexthop_info,"prefix=""::/0"",next_hop=""fd00:5:20::2"",dev=""ens4"",protocol=""196"",metric=""20"",route_index=""0"",nh_index=""1""",1
2026-07-28 15:28:00,ccf-aiops-武汉,cr-2,cr,ipv6_route_nexthop_info,"prefix=""fd00:1:40::/64"",next_hop=""fe80::5:20:2"",dev=""ens4"",protocol=""ospf"",metric=""20"",route_index=""0"",nh_index=""1""",1
2026-07-28 15:28:00,ccf-aiops-武汉,cr-2,cr,ipv6_route_nexthop_info,"prefix=""fd00:8:40::/64"",next_hop=""fe80::5:20:1"",dev=""ens4"",protocol=""ospf"",metric=""20"",route_index=""0"",nh_index=""0""",1
2026-07-28 15:28:00,ccf-aiops-武汉,cr-2,cr,ipv6_route_nexthop_info,"prefix=""fd00:7:40::/64"",next_hop=""fe80::5:20:1"",dev=""ens4"",protocol=""ospf"",metric=""20"",route_index=""0"",nh_index=""0""",1
2026-07-28 15:28:00,ccf-aiops-武汉,cr-2,cr,ipv6_route_nexthop_info,"prefix=""fd00:6:40::/64"",next_hop=""fe80::5:20:1"",dev=""ens4"",protocol=""ospf"",metric=""20"",route_index=""0"",nh_index=""0""",1
2026-07-28 15:28:00,ccf-aiops-武汉,cr-2,cr,ipv6_route_nexthop_info,"prefix=""fd00:4:40::/64"",next_hop=""fe80::5:20:1"",dev=""ens4"",protocol=""ospf"",metric=""20"",route_index=""0"",nh_index=""0""",1
2026-07-28 15:28:00,ccf-aiops-武汉,cr-2,cr,ipv6_route_nexthop_info,"prefix=""fd00:3:40::/64"",next_hop=""fe80::5:20:1"",dev=""ens4"",protocol=""ospf"",metric=""20"",route_index=""0"",nh_index=""0""",1
2026-07-28 15:28:00,ccf-aiops-武汉,cr-2,cr,ipv6_route_nexthop_info,"prefix=""fd00:2:40::/64"",next_hop=""fe80::5:20:1"",dev=""ens4"",protocol=""ospf"",metric=""20"",route_index=""0"",nh_index=""0""",1
2026-07-28 15:28:00,ccf-aiops-武汉,cr-2,cr,ipv6_route_nexthop_info,"prefix=""fd00:1:40::/64"",next_hop=""fe80::5:20:1"",dev=""ens4"",protocol=""ospf"",metric=""20"",route_index=""0"",nh_index=""0""",1
2026-07-28 15:28:00,ccf-aiops-武汉,cr-2,cr,ipv6_route_nexthop_info,"prefix=""fd00:2:40::/64"",next_hop=""fe80::5:20:2"",dev=""ens4"",protocol=""ospf"",metric=""20"",route_index=""0"",nh_index=""1""",1
2026-07-28 15:28:00,ccf-aiops-武汉,cr-2,cr,ipv6_route_nexthop_info,"prefix=""fd00:4:40::/64"",next_hop=""fe80::5:20:2"",dev=""ens4"",protocol=""ospf"",metric=""20"",route_index=""0"",nh_index=""1""",1
2026-07-28 15:28:00,ccf-aiops-武汉,cr-2,cr,ipv6_route_nexthop_info,"prefix=""fd00:6:40::/64"",next_hop=""fe80::5:20:2"",dev=""ens4"",protocol=""ospf"",metric=""20"",route_index=""0"",nh_index=""1""",1
2026-07-28 15:28:00,ccf-aiops-武汉,cr-2,cr,ipv6_route_nexthop_info,"prefix=""fd00:7:40::/64"",next_hop=""fe80::5:20:2"",dev=""ens4"",protocol=""ospf"",metric=""20"",route_index=""0"",nh_index=""1""",1
2026-07-28 15:28:00,ccf-aiops-武汉,cr-2,cr,ipv6_route_nexthop_info,"prefix=""fd00:8:40::/64"",next_hop=""fe80::5:20:2"",dev=""ens4"",protocol=""ospf"",metric=""20"",route_index=""0"",nh_index=""1""",1
2026-07-28 15:28:00,ccf-aiops-武汉,cr-2,cr,ipv6_route_nexthop_info,"prefix=""fd00:5:40::/64"",next_hop=""fd00:5:30::254"",dev=""ens5"",protocol=""196"",metric=""20"",route_index=""0"",nh_index=""0""",1
2026-07-28 15:28:00,ccf-aiops-武汉,cr-2,cr,ipv6_route_nexthop_info,"prefix=""::/0"",next_hop=""fd00:5:20::1"",dev=""ens4"",protocol=""196"",metric=""20"",route_index=""0"",nh_index=""0""",1
2026-07-28 15:28:00,ccf-aiops-武汉,cr-2,cr,ospf6_interface_cost,"interface=""ens4""",1
2026-07-28 15:28:00,ccf-aiops-武汉,cr-2,cr,ospf6_interface_cost,"interface=""ens5""",1
2026-07-28 15:28:00,ccf-aiops-武汉,cr-2,cr,ospf6_interface_enabled,"interface=""ens12""",1
2026-07-28 15:28:00,ccf-aiops-武汉,cr-2,cr,ospf6_interface_enabled,"interface=""ens9""",1
2026-07-28 15:28:00,ccf-aiops-武汉,cr-2,cr,ospf6_interface_enabled,"interface=""ens10""",1
2026-07-28 15:28:00,ccf-aiops-武汉,cr-2,cr,ospf6_interface_enabled,"interface=""ens11""",1
2026-07-28 15:28:00,ccf-aiops-武汉,cr-2,cr,ospf6_interface_enabled,"interface=""ens3""",1
2026-07-28 15:28:00,ccf-aiops-武汉,cr-2,cr,ospf6_interface_enabled,"interface=""ens4""",1
2026-07-28 15:28:00,ccf-aiops-武汉,cr-2,cr,ospf6_interface_enabled,"interface=""ens5""",1
2026-07-28 15:28:00,ccf-aiops-武汉,cr-2,cr,ospf6_interface_enabled,"interface=""ens6""",1
2026-07-28 15:28:00,ccf-aiops-武汉,cr-2,cr,ospf6_interface_enabled,"interface=""ens7""",1
2026-07-28 15:28:00,ccf-aiops-武汉,cr-2,cr,ospf6_interface_enabled,"interface=""ens8""",1
2026-07-28 15:28:00,ccf-aiops-武汉,cr-2,cr,ospf6_interface_enabled,"interface=""virbr0""",0
2026-07-28 15:28:00,ccf-aiops-武汉,cr-2,cr,ospf6_interface_enabled,"interface=""lo""",1
2026-07-28 15:28:00,ccf-aiops-武汉,cr-2,cr,ospf6_neighbor_state_code,"state=""Full"",interface=""ens4"",neighbor_id=""5.5.5.1""",6
2026-07-28 15:28:00,ccf-aiops-武汉,cr-2,cr,ospf6_neighbor_state_code,"state=""Full"",interface=""ens4"",neighbor_id=""5.5.5.11""",6
2026-07-28 15:28:00,ccf-aiops-武汉,cr-2,cr,ospf6_neighbor_state_code,"state=""Full"",interface=""ens4"",neighbor_id=""5.5.5.2""",6
2026-07-28 15:28:00,ccf-aiops-武汉,cr-2,cr,ospf6_neighbor_state_code,"state=""Full"",interface=""ens5"",neighbor_id=""5.5.5.11""",6
2026-07-28 15:28:00,ccf-aiops-武汉,cr-2,cr,bgp_command_success,,
2026-07-28 15:28:00,ccf-aiops-武汉,cr-2,cr,bgp_peer_up,,
2026-07-28 15:28:00,ccf-aiops-武汉,cr-2,cr,bgp_peer_uptime_seconds,,
2026-07-28 15:28:00,ccf-aiops-武汉,cr-2,cr,bgp_peer_prefix_received,,
2026-07-28 15:28:00,ccf-aiops-武汉,cr-2,cr,bgp_peer_prefix_sent,,
2026-07-28 15:28:00,ccf-aiops-武汉,cr-2,cr,bgp_peer_count,,
2026-07-28 15:29:00,ccf-aiops-武汉,br-1,br,bgp_command_success,"command=""bgp_summary""",1
2026-07-28 15:29:00,ccf-aiops-武汉,br-1,br,bgp_peer_count,,6
2026-07-28 15:29:00,ccf-aiops-武汉,br-1,br,bgp_peer_prefix_received,"peer=""fd00:100:10::71"",remote_as=""65008"",state=""Established""",4
2026-07-28 15:29:00,ccf-aiops-武汉,br-1,br,bgp_peer_prefix_received,"peer=""fd00:100:10::61"",remote_as=""65007"",state=""Established""",4
2026-07-28 15:29:00,ccf-aiops-武汉,br-1,br,bgp_peer_prefix_received,"peer=""fd00:100:10::51"",remote_as=""65006"",state=""Established""",5
2026-07-28 15:29:00,ccf-aiops-武汉,br-1,br,bgp_peer_prefix_received,"peer=""fd00:100:10::31"",remote_as=""65004"",state=""Established""",2
2026-07-28 15:29:00,ccf-aiops-武汉,br-1,br,bgp_peer_prefix_received,"peer=""fd00:100:10::21"",remote_as=""65003"",state=""Established""",4
2026-07-28 15:29:00,ccf-aiops-武汉,br-1,br,bgp_peer_prefix_received,"peer=""fd00:100:10::1"",remote_as=""65001"",state=""Established""",5
2026-07-28 15:29:00,ccf-aiops-武汉,br-1,br,bgp_peer_prefix_sent,"peer=""fd00:100:10::1"",remote_as=""65001"",state=""Established""",8
2026-07-28 15:29:00,ccf-aiops-武汉,br-1,br,bgp_peer_prefix_sent,"peer=""fd00:100:10::21"",remote_as=""65003"",state=""Established""",8
2026-07-28 15:29:00,ccf-aiops-武汉,br-1,br,bgp_peer_prefix_sent,"peer=""fd00:100:10::51"",remote_as=""65006"",state=""Established""",8
2026-07-28 15:29:00,ccf-aiops-武汉,br-1,br,bgp_peer_prefix_sent,"peer=""fd00:100:10::61"",remote_as=""65007"",state=""Established""",8
2026-07-28 15:29:00,ccf-aiops-武汉,br-1,br,bgp_peer_prefix_sent,"peer=""fd00:100:10::71"",remote_as=""65008"",state=""Established""",8
2026-07-28 15:29:00,ccf-aiops-武汉,br-1,br,bgp_peer_prefix_sent,"peer=""fd00:100:10::31"",remote_as=""65004"",state=""Established""",8
2026-07-28 15:29:00,ccf-aiops-武汉,br-1,br,bgp_peer_up,"peer=""fd00:100:10::1"",remote_as=""65001"",state=""Established""",1
2026-07-28 15:29:00,ccf-aiops-武汉,br-1,br,bgp_peer_up,"peer=""fd00:100:10::21"",remote_as=""65003"",state=""Established""",1
2026-07-28 15:29:00,ccf-aiops-武汉,br-1,br,bgp_peer_up,"peer=""fd00:100:10::31"",remote_as=""65004"",state=""Established""",1
2026-07-28 15:29:00,ccf-aiops-武汉,br-1,br,bgp_peer_up,"peer=""fd00:100:10::51"",remote_as=""65006"",state=""Established""",1
2026-07-28 15:29:00,ccf-aiops-武汉,br-1,br,bgp_peer_up,"peer=""fd00:100:10::61"",remote_as=""65007"",state=""Established""",1
2026-07-28 15:29:00,ccf-aiops-武汉,br-1,br,bgp_peer_up,"peer=""fd00:100:10::71"",remote_as=""65008"",state=""Established""",1
2026-07-28 15:29:00,ccf-aiops-武汉,br-1,br,bgp_peer_uptime_seconds,"peer=""fd00:100:10::51"",remote_as=""65006"",state=""Established""",2423206
2026-07-28 15:29:00,ccf-aiops-武汉,br-1,br,bgp_peer_uptime_seconds,"peer=""fd00:100:10::71"",remote_as=""65008"",state=""Established""",2422973
2026-07-28 15:29:00,ccf-aiops-武汉,br-1,br,bgp_peer_uptime_seconds,"peer=""fd00:100:10::61"",remote_as=""65007"",state=""Established""",2423098
2026-07-28 15:29:00,ccf-aiops-武汉,br-1,br,bgp_peer_uptime_seconds,"peer=""fd00:100:10::31"",remote_as=""65004"",state=""Established""",2423294
2026-07-28 15:29:00,ccf-aiops-武汉,br-1,br,bgp_peer_uptime_seconds,"peer=""fd00:100:10::21"",remote_as=""65003"",state=""Established""",1735932
2026-07-28 15:29:00,ccf-aiops-武汉,br-1,br,bgp_peer_uptime_seconds,"peer=""fd00:100:10::1"",remote_as=""65001"",state=""Established""",2423294
2026-07-28 15:29:00,ccf-aiops-武汉,br-1,br,ipv6_default_route_changed_total,,0
2026-07-28 15:29:00,ccf-aiops-武汉,br-1,br,ipv6_default_route_info,"next_hop=""240a:a023::1"",dev=""ens4"",protocol=""unknown"",metric=""1024"",route_index=""0"",nh_index=""0""",1
2026-07-28 15:29:00,ccf-aiops-武汉,br-1,br,ipv6_route_change_total,"prefix=""fd00:6:40::/64""",0
2026-07-28 15:29:00,ccf-aiops-武汉,br-1,br,ipv6_route_change_total,"prefix=""fd00:5:40::/64""",0
2026-07-28 15:29:00,ccf-aiops-武汉,br-1,br,ipv6_route_change_total,"prefix=""fd00:4:40::/64""",0
2026-07-28 15:29:00,ccf-aiops-武汉,br-1,br,ipv6_route_change_total,"prefix=""fd00:3:40::/64""",0
2026-07-28 15:29:00,ccf-aiops-武汉,br-1,br,ipv6_route_change_total,"prefix=""fd00:2:40::/64""",2
2026-07-28 15:29:00,ccf-aiops-武汉,br-1,br,ipv6_route_change_total,"prefix=""fd00:1:40::/64""",0
2026-07-28 15:29:00,ccf-aiops-武汉,br-1,br,ipv6_route_change_total,"prefix=""::/0""",0
2026-07-28 15:29:00,ccf-aiops-武汉,br-1,br,ipv6_route_change_total,"prefix=""fd00:8:40::/64""",0
2026-07-28 15:29:00,ccf-aiops-武汉,br-1,br,ipv6_route_change_total,"prefix=""fd00:7:40::/64""",8
2026-07-28 15:29:00,ccf-aiops-武汉,br-1,br,ipv6_route_count,"protocol=""all""",17
2026-07-28 15:29:00,ccf-aiops-武汉,br-1,br,ipv6_route_count,"protocol=""bgp""",7
2026-07-28 15:29:00,ccf-aiops-武汉,br-1,br,ipv6_route_count,"protocol=""kernel""",7
2026-07-28 15:29:00,ccf-aiops-武汉,br-1,br,ipv6_route_count,"protocol=""ospf""",2
2026-07-28 15:29:00,ccf-aiops-武汉,br-1,br,ipv6_route_count,"protocol=""unknown""",1
2026-07-28 15:29:00,ccf-aiops-武汉,br-1,br,ipv6_route_exists,"prefix=""::/0""",1
2026-07-28 15:29:00,ccf-aiops-武汉,br-1,br,ipv6_route_exists,"prefix=""fd00:1:40::/64""",1
2026-07-28 15:29:00,ccf-aiops-武汉,br-1,br,ipv6_route_exists,"prefix=""fd00:2:40::/64""",1
2026-07-28 15:29:00,ccf-aiops-武汉,br-1,br,ipv6_route_exists,"prefix=""fd00:3:40::/64""",1
2026-07-28 15:29:00,ccf-aiops-武汉,br-1,br,ipv6_route_exists,"prefix=""fd00:4:40::/64""",1
2026-07-28 15:29:00,ccf-aiops-武汉,br-1,br,ipv6_route_exists,"prefix=""fd00:5:40::/64""",1
2026-07-28 15:29:00,ccf-aiops-武汉,br-1,br,ipv6_route_exists,"prefix=""fd00:6:40::/64""",1
2026-07-28 15:29:00,ccf-aiops-武汉,br-1,br,ipv6_route_exists,"prefix=""fd00:7:40::/64""",1
2026-07-28 15:29:00,ccf-aiops-武汉,br-1,br,ipv6_route_exists,"prefix=""fd00:8:40::/64""",1
2026-07-28 15:29:00,ccf-aiops-武汉,br-1,br,ipv6_route_nexthop_info,"prefix=""fd00:5:40::/64"",next_hop=""fe80::5:20:12"",dev=""ens5"",protocol=""ospf"",metric=""20"",route_index=""0"",nh_index=""1""",1
2026-07-28 15:29:00,ccf-aiops-武汉,br-1,br,ipv6_route_nexthop_info,"prefix=""fd00:1:40::/64"",next_hop=""fe80::100:10:1"",dev=""ens4"",protocol=""bgp"",metric=""20"",route_index=""0"",nh_index=""0""",1
2026-07-28 15:29:00,ccf-aiops-武汉,br-1,br,ipv6_route_nexthop_info,"prefix=""fd00:8:40::/64"",next_hop=""fe80::100:10:71"",dev=""ens4"",protocol=""bgp"",metric=""20"",route_index=""0"",nh_index=""0""",1
2026-07-28 15:29:00,ccf-aiops-武汉,br-1,br,ipv6_route_nexthop_info,"prefix=""fd00:2:40::/64"",next_hop=""fe80::100:10:1"",dev=""ens4"",protocol=""bgp"",metric=""20"",route_index=""0"",nh_index=""0""",1
2026-07-28 15:29:00,ccf-aiops-武汉,br-1,br,ipv6_route_nexthop_info,"prefix=""fd00:3:40::/64"",next_hop=""fe80::100:10:21"",dev=""ens4"",protocol=""bgp"",metric=""20"",route_index=""0"",nh_index=""0""",1
2026-07-28 15:29:00,ccf-aiops-武汉,br-1,br,ipv6_route_nexthop_info,"prefix=""::/0"",next_hop=""240a:a023::1"",dev=""ens4"",protocol=""unknown"",metric=""1024"",route_index=""0"",nh_index=""0""",1
2026-07-28 15:29:00,ccf-aiops-武汉,br-1,br,ipv6_route_nexthop_info,"prefix=""fd00:4:40::/64"",next_hop=""fe80::100:10:31"",dev=""ens4"",protocol=""bgp"",metric=""20"",route_index=""0"",nh_index=""0""",1
2026-07-28 15:29:00,ccf-aiops-武汉,br-1,br,ipv6_route_nexthop_info,"prefix=""fd00:6:40::/64"",next_hop=""fe80::100:10:51"",dev=""ens4"",protocol=""bgp"",metric=""20"",route_index=""0"",nh_index=""0""",1
2026-07-28 15:29:00,ccf-aiops-武汉,br-1,br,ipv6_route_nexthop_info,"prefix=""fd00:7:40::/64"",next_hop=""fe80::100:10:61"",dev=""ens4"",protocol=""bgp"",metric=""20"",route_index=""0"",nh_index=""0""",1
2026-07-28 15:29:00,ccf-aiops-武汉,br-1,br,ipv6_route_nexthop_info,"prefix=""fd00:5:40::/64"",next_hop=""fe80::5:20:11"",dev=""ens5"",protocol=""ospf"",metric=""20"",route_index=""0"",nh_index=""0""",1
2026-07-28 15:29:00,ccf-aiops-武汉,br-1,br,ospf6_interface_cost,"interface=""ens5""",1
2026-07-28 15:29:00,ccf-aiops-武汉,br-1,br,ospf6_interface_enabled,"interface=""ens12""",1
2026-07-28 15:29:00,ccf-aiops-武汉,br-1,br,ospf6_interface_enabled,"interface=""ens9""",1
2026-07-28 15:29:00,ccf-aiops-武汉,br-1,br,ospf6_interface_enabled,"interface=""lo""",1
2026-07-28 15:29:00,ccf-aiops-武汉,br-1,br,ospf6_interface_enabled,"interface=""virbr0""",0
2026-07-28 15:29:00,ccf-aiops-武汉,br-1,br,ospf6_interface_enabled,"interface=""ens8""",1
2026-07-28 15:29:00,ccf-aiops-武汉,br-1,br,ospf6_interface_enabled,"interface=""ens7""",1
2026-07-28 15:29:00,ccf-aiops-武汉,br-1,br,ospf6_interface_enabled,"interface=""ens6""",1
2026-07-28 15:29:00,ccf-aiops-武汉,br-1,br,ospf6_interface_enabled,"interface=""ens10""",1
2026-07-28 15:29:00,ccf-aiops-武汉,br-1,br,ospf6_interface_enabled,"interface=""ens5""",1
2026-07-28 15:29:00,ccf-aiops-武汉,br-1,br,ospf6_interface_enabled,"interface=""ens4""",1
2026-07-28 15:29:00,ccf-aiops-武汉,br-1,br,ospf6_interface_enabled,"interface=""ens3""",1
2026-07-28 15:29:00,ccf-aiops-武汉,br-1,br,ospf6_interface_enabled,"interface=""ens11""",1
2026-07-28 15:29:00,ccf-aiops-武汉,br-1,br,ospf6_neighbor_state_code,"state=""Full"",interface=""ens5"",neighbor_id=""5.5.5.11""",6
2026-07-28 15:29:00,ccf-aiops-武汉,br-1,br,ospf6_neighbor_state_code,"state=""Full"",interface=""ens5"",neighbor_id=""5.5.5.12""",6
2026-07-28 15:29:00,ccf-aiops-武汉,br-1,br,ospf6_neighbor_state_code,"state=""Twoway"",interface=""ens5"",neighbor_id=""5.5.5.2""",2
2026-07-28 15:29:00,ccf-aiops-武汉,br-2,br,bgp_command_success,"command=""bgp_summary""",1
2026-07-28 15:29:00,ccf-aiops-武汉,br-2,br,bgp_peer_count,,6
2026-07-28 15:29:00,ccf-aiops-武汉,br-2,br,bgp_peer_prefix_received,"peer=""fd00:100:10::2"",remote_as=""65001"",state=""Established""",4
2026-07-28 15:29:00,ccf-aiops-武汉,br-2,br,bgp_peer_prefix_received,"peer=""fd00:100:10::22"",remote_as=""65003"",state=""Established""",5
2026-07-28 15:29:00,ccf-aiops-武汉,br-2,br,bgp_peer_prefix_received,"peer=""fd00:100:10::32"",remote_as=""65004"",state=""Established""",3
2026-07-28 15:29:00,ccf-aiops-武汉,br-2,br,bgp_peer_prefix_received,"peer=""fd00:100:10::52"",remote_as=""65006"",state=""Established""",6
2026-07-28 15:29:00,ccf-aiops-武汉,br-2,br,bgp_peer_prefix_received,"peer=""fd00:100:10::62"",remote_as=""65007"",state=""Established""",4
2026-07-28 15:29:00,ccf-aiops-武汉,br-2,br,bgp_peer_prefix_received,"peer=""fd00:100:10::72"",remote_as=""65008"",state=""Established""",3
2026-07-28 15:29:00,ccf-aiops-武汉,br-2,br,bgp_peer_prefix_sent,"peer=""fd00:100:10::2"",remote_as=""65001"",state=""Established""",8
2026-07-28 15:29:00,ccf-aiops-武汉,br-2,br,bgp_peer_prefix_sent,"peer=""fd00:100:10::22"",remote_as=""65003"",state=""Established""",8
2026-07-28 15:29:00,ccf-aiops-武汉,br-2,br,bgp_peer_prefix_sent,"peer=""fd00:100:10::32"",remote_as=""65004"",state=""Established""",8
2026-07-28 15:29:00,ccf-aiops-武汉,br-2,br,bgp_peer_prefix_sent,"peer=""fd00:100:10::52"",remote_as=""65006"",state=""Established""",8
2026-07-28 15:29:00,ccf-aiops-武汉,br-2,br,bgp_peer_prefix_sent,"peer=""fd00:100:10::62"",remote_as=""65007"",state=""Established""",8
2026-07-28 15:29:00,ccf-aiops-武汉,br-2,br,bgp_peer_prefix_sent,"peer=""fd00:100:10::72"",remote_as=""65008"",state=""Established""",8
2026-07-28 15:29:00,ccf-aiops-武汉,br-2,br,bgp_peer_up,"peer=""fd00:100:10::2"",remote_as=""65001"",state=""Established""",1
2026-07-28 15:29:00,ccf-aiops-武汉,br-2,br,bgp_peer_up,"peer=""fd00:100:10::52"",remote_as=""65006"",state=""Established""",1
2026-07-28 15:29:00,ccf-aiops-武汉,br-2,br,bgp_peer_up,"peer=""fd00:100:10::32"",remote_as=""65004"",state=""Established""",1
2026-07-28 15:29:00,ccf-aiops-武汉,br-2,br,bgp_peer_up,"peer=""fd00:100:10::62"",remote_as=""65007"",state=""Established""",1
2026-07-28 15:29:00,ccf-aiops-武汉,br-2,br,bgp_peer_up,"peer=""fd00:100:10::72"",remote_as=""65008"",state=""Established""",1
2026-07-28 15:29:00,ccf-aiops-武汉,br-2,br,bgp_peer_up,"peer=""fd00:100:10::22"",remote_as=""65003"",state=""Established""",1
2026-07-28 15:29:00,ccf-aiops-武汉,br-2,br,bgp_peer_uptime_seconds,"peer=""fd00:100:10::2"",remote_as=""65001"",state=""Established""",2423276
2026-07-28 15:29:00,ccf-aiops-武汉,br-2,br,bgp_peer_uptime_seconds,"peer=""fd00:100:10::72"",remote_as=""65008"",state=""Established""",2422955
2026-07-28 15:29:00,ccf-aiops-武汉,br-2,br,bgp_peer_uptime_seconds,"peer=""fd00:100:10::62"",remote_as=""65007"",state=""Established""",2423072
2026-07-28 15:29:00,ccf-aiops-武汉,br-2,br,bgp_peer_uptime_seconds,"peer=""fd00:100:10::52"",remote_as=""65006"",state=""Established""",2423183
2026-07-28 15:29:00,ccf-aiops-武汉,br-2,br,bgp_peer_uptime_seconds,"peer=""fd00:100:10::32"",remote_as=""65004"",state=""Established""",2423276
2026-07-28 15:29:00,ccf-aiops-武汉,br-2,br,bgp_peer_uptime_seconds,"peer=""fd00:100:10::22"",remote_as=""65003"",state=""Established""",705667
2026-07-28 15:29:00,ccf-aiops-武汉,br-2,br,ipv6_default_route_changed_total,,0
2026-07-28 15:29:00,ccf-aiops-武汉,br-2,br,ipv6_default_route_info,"next_hop=""240a:a023::1"",dev=""ens4"",protocol=""unknown"",metric=""1024"",route_index=""0"",nh_index=""0""",1
2026-07-28 15:29:00,ccf-aiops-武汉,br-2,br,ipv6_route_change_total,"prefix=""::/0""",0
2026-07-28 15:29:00,ccf-aiops-武汉,br-2,br,ipv6_route_change_total,"prefix=""fd00:1:40::/64""",0
2026-07-28 15:29:00,ccf-aiops-武汉,br-2,br,ipv6_route_change_total,"prefix=""fd00:2:40::/64""",2
2026-07-28 15:29:00,ccf-aiops-武汉,br-2,br,ipv6_route_change_total,"prefix=""fd00:3:40::/64""",0
2026-07-28 15:29:00,ccf-aiops-武汉,br-2,br,ipv6_route_change_total,"prefix=""fd00:8:40::/64""",0
2026-07-28 15:29:00,ccf-aiops-武汉,br-2,br,ipv6_route_change_total,"prefix=""fd00:7:40::/64""",4
2026-07-28 15:29:00,ccf-aiops-武汉,br-2,br,ipv6_route_change_total,"prefix=""fd00:6:40::/64""",0
2026-07-28 15:29:00,ccf-aiops-武汉,br-2,br,ipv6_route_change_total,"prefix=""fd00:5:40::/64""",0
2026-07-28 15:29:00,ccf-aiops-武汉,br-2,br,ipv6_route_change_total,"prefix=""fd00:4:40::/64""",0
2026-07-28 15:29:00,ccf-aiops-武汉,br-2,br,ipv6_route_count,"protocol=""bgp""",7
2026-07-28 15:29:00,ccf-aiops-武汉,br-2,br,ipv6_route_count,"protocol=""unknown""",1
2026-07-28 15:29:00,ccf-aiops-武汉,br-2,br,ipv6_route_count,"protocol=""ospf""",2
2026-07-28 15:29:00,ccf-aiops-武汉,br-2,br,ipv6_route_count,"protocol=""kernel""",7
2026-07-28 15:29:00,ccf-aiops-武汉,br-2,br,ipv6_route_count,"protocol=""all""",17
2026-07-28 15:29:00,ccf-aiops-武汉,br-2,br,ipv6_route_exists,"prefix=""fd00:8:40::/64""",1
2026-07-28 15:29:00,ccf-aiops-武汉,br-2,br,ipv6_route_exists,"prefix=""fd00:2:40::/64""",1
2026-07-28 15:29:00,ccf-aiops-武汉,br-2,br,ipv6_route_exists,"prefix=""fd00:3:40::/64""",1
2026-07-28 15:29:00,ccf-aiops-武汉,br-2,br,ipv6_route_exists,"prefix=""fd00:4:40::/64""",1
2026-07-28 15:29:00,ccf-aiops-武汉,br-2,br,ipv6_route_exists,"prefix=""fd00:5:40::/64""",1
2026-07-28 15:29:00,ccf-aiops-武汉,br-2,br,ipv6_route_exists,"prefix=""fd00:6:40::/64""",1
2026-07-28 15:29:00,ccf-aiops-武汉,br-2,br,ipv6_route_exists,"prefix=""fd00:7:40::/64""",1
2026-07-28 15:29:00,ccf-aiops-武汉,br-2,br,ipv6_route_exists,"prefix=""fd00:1:40::/64""",1
2026-07-28 15:29:00,ccf-aiops-武汉,br-2,br,ipv6_route_exists,"prefix=""::/0""",1
2026-07-28 15:29:00,ccf-aiops-武汉,br-2,br,ipv6_route_nexthop_info,"prefix=""fd00:8:40::/64"",next_hop=""fe80::100:10:72"",dev=""ens4"",protocol=""bgp"",metric=""20"",route_index=""0"",nh_index=""0""",1
2026-07-28 15:29:00,ccf-aiops-武汉,br-2,br,ipv6_route_nexthop_info,"prefix=""fd00:7:40::/64"",next_hop=""fe80::100:10:62"",dev=""ens4"",protocol=""bgp"",metric=""20"",route_index=""0"",nh_index=""0""",1
2026-07-28 15:29:00,ccf-aiops-武汉,br-2,br,ipv6_route_nexthop_info,"prefix=""fd00:6:40::/64"",next_hop=""fe80::100:10:52"",dev=""ens4"",protocol=""bgp"",metric=""20"",route_index=""0"",nh_index=""0""",1
2026-07-28 15:29:00,ccf-aiops-武汉,br-2,br,ipv6_route_nexthop_info,"prefix=""fd00:4:40::/64"",next_hop=""fe80::100:10:32"",dev=""ens4"",protocol=""bgp"",metric=""20"",route_index=""0"",nh_index=""0""",1
2026-07-28 15:29:00,ccf-aiops-武汉,br-2,br,ipv6_route_nexthop_info,"prefix=""fd00:3:40::/64"",next_hop=""fe80::100:10:22"",dev=""ens4"",protocol=""bgp"",metric=""20"",route_index=""0"",nh_index=""0""",1
2026-07-28 15:29:00,ccf-aiops-武汉,br-2,br,ipv6_route_nexthop_info,"prefix=""fd00:2:40::/64"",next_hop=""fe80::100:10:2"",dev=""ens4"",protocol=""bgp"",metric=""20"",route_index=""0"",nh_index=""0""",1
2026-07-28 15:29:00,ccf-aiops-武汉,br-2,br,ipv6_route_nexthop_info,"prefix=""fd00:5:40::/64"",next_hop=""fe80::5:20:11"",dev=""ens5"",protocol=""ospf"",metric=""20"",route_index=""0"",nh_index=""0""",1
2026-07-28 15:29:00,ccf-aiops-武汉,br-2,br,ipv6_route_nexthop_info,"prefix=""fd00:5:40::/64"",next_hop=""fe80::5:20:12"",dev=""ens5"",protocol=""ospf"",metric=""20"",route_index=""0"",nh_index=""1""",1
2026-07-28 15:29:00,ccf-aiops-武汉,br-2,br,ipv6_route_nexthop_info,"prefix=""fd00:1:40::/64"",next_hop=""fe80::100:10:2"",dev=""ens4"",protocol=""bgp"",metric=""20"",route_index=""0"",nh_index=""0""",1
2026-07-28 15:29:00,ccf-aiops-武汉,br-2,br,ipv6_route_nexthop_info,"prefix=""::/0"",next_hop=""240a:a023::1"",dev=""ens4"",protocol=""unknown"",metric=""1024"",route_index=""0"",nh_index=""0""",1
2026-07-28 15:29:00,ccf-aiops-武汉,br-2,br,ospf6_interface_cost,"interface=""ens5""",1
2026-07-28 15:29:00,ccf-aiops-武汉,br-2,br,ospf6_interface_enabled,"interface=""lo""",1
2026-07-28 15:29:00,ccf-aiops-武汉,br-2,br,ospf6_interface_enabled,"interface=""ens11""",1
2026-07-28 15:29:00,ccf-aiops-武汉,br-2,br,ospf6_interface_enabled,"interface=""ens10""",1
2026-07-28 15:29:00,ccf-aiops-武汉,br-2,br,ospf6_interface_enabled,"interface=""ens12""",1
2026-07-28 15:29:00,ccf-aiops-武汉,br-2,br,ospf6_interface_enabled,"interface=""ens3""",1
2026-07-28 15:29:00,ccf-aiops-武汉,br-2,br,ospf6_interface_enabled,"interface=""ens4""",1
2026-07-28 15:29:00,ccf-aiops-武汉,br-2,br,ospf6_interface_enabled,"interface=""ens5""",1
2026-07-28 15:29:00,ccf-aiops-武汉,br-2,br,ospf6_interface_enabled,"interface=""ens6""",1
2026-07-28 15:29:00,ccf-aiops-武汉,br-2,br,ospf6_interface_enabled,"interface=""ens7""",1
2026-07-28 15:29:00,ccf-aiops-武汉,br-2,br,ospf6_interface_enabled,"interface=""ens8""",1
2026-07-28 15:29:00,ccf-aiops-武汉,br-2,br,ospf6_interface_enabled,"interface=""ens9""",1
2026-07-28 15:29:00,ccf-aiops-武汉,br-2,br,ospf6_interface_enabled,"interface=""virbr0""",0
2026-07-28 15:29:00,ccf-aiops-武汉,br-2,br,ospf6_neighbor_state_code,"state=""Full"",interface=""ens5"",neighbor_id=""5.5.5.12""",6
2026-07-28 15:29:00,ccf-aiops-武汉,br-2,br,ospf6_neighbor_state_code,"state=""Full"",interface=""ens5"",neighbor_id=""5.5.5.11""",6
2026-07-28 15:29:00,ccf-aiops-武汉,br-2,br,ospf6_neighbor_state_code,"state=""Twoway"",interface=""ens5"",neighbor_id=""5.5.5.1""",2
2026-07-28 15:29:00,ccf-aiops-武汉,cr-1,cr,ipv6_default_route_changed_total,,0
2026-07-28 15:29:00,ccf-aiops-武汉,cr-1,cr,ipv6_default_route_info,"next_hop=""fd00:5:20::1"",dev=""ens4"",protocol=""196"",metric=""20"",route_index=""0"",nh_index=""0""",1
2026-07-28 15:29:00,ccf-aiops-武汉,cr-1,cr,ipv6_default_route_info,"next_hop=""fd00:5:20::2"",dev=""ens4"",protocol=""196"",metric=""20"",route_index=""0"",nh_index=""1""",1
2026-07-28 15:29:00,ccf-aiops-武汉,cr-1,cr,ipv6_route_change_total,"prefix=""::/0""",0
2026-07-28 15:29:00,ccf-aiops-武汉,cr-1,cr,ipv6_route_change_total,"prefix=""fd00:7:40::/64""",0
2026-07-28 15:29:00,ccf-aiops-武汉,cr-1,cr,ipv6_route_change_total,"prefix=""fd00:8:40::/64""",0
2026-07-28 15:29:00,ccf-aiops-武汉,cr-1,cr,ipv6_route_change_total,"prefix=""fd00:1:40::/64""",0
2026-07-28 15:29:00,ccf-aiops-武汉,cr-1,cr,ipv6_route_change_total,"prefix=""fd00:6:40::/64""",0
2026-07-28 15:29:00,ccf-aiops-武汉,cr-1,cr,ipv6_route_change_total,"prefix=""fd00:5:40::/64""",0
2026-07-28 15:29:00,ccf-aiops-武汉,cr-1,cr,ipv6_route_change_total,"prefix=""fd00:4:40::/64""",0
2026-07-28 15:29:00,ccf-aiops-武汉,cr-1,cr,ipv6_route_change_total,"prefix=""fd00:3:40::/64""",0
2026-07-28 15:29:00,ccf-aiops-武汉,cr-1,cr,ipv6_route_change_total,"prefix=""fd00:2:40::/64""",0
2026-07-28 15:29:00,ccf-aiops-武汉,cr-1,cr,ipv6_route_count,"protocol=""ospf""",7
2026-07-28 15:29:00,ccf-aiops-武汉,cr-1,cr,ipv6_route_count,"protocol=""kernel""",6
2026-07-28 15:29:00,ccf-aiops-武汉,cr-1,cr,ipv6_route_count,"protocol=""all""",15
2026-07-28 15:29:00,ccf-aiops-武汉,cr-1,cr,ipv6_route_count,"protocol=""196""",2
2026-07-28 15:29:00,ccf-aiops-武汉,cr-1,cr,ipv6_route_exists,"prefix=""::/0""",1
2026-07-28 15:29:00,ccf-aiops-武汉,cr-1,cr,ipv6_route_exists,"prefix=""fd00:8:40::/64""",1
2026-07-28 15:29:00,ccf-aiops-武汉,cr-1,cr,ipv6_route_exists,"prefix=""fd00:7:40::/64""",1
2026-07-28 15:29:00,ccf-aiops-武汉,cr-1,cr,ipv6_route_exists,"prefix=""fd00:6:40::/64""",1
2026-07-28 15:29:00,ccf-aiops-武汉,cr-1,cr,ipv6_route_exists,"prefix=""fd00:5:40::/64""",1
2026-07-28 15:29:00,ccf-aiops-武汉,cr-1,cr,ipv6_route_exists,"prefix=""fd00:4:40::/64""",1
2026-07-28 15:29:00,ccf-aiops-武汉,cr-1,cr,ipv6_route_exists,"prefix=""fd00:3:40::/64""",1
2026-07-28 15:29:00,ccf-aiops-武汉,cr-1,cr,ipv6_route_exists,"prefix=""fd00:2:40::/64""",1
2026-07-28 15:29:00,ccf-aiops-武汉,cr-1,cr,ipv6_route_exists,"prefix=""fd00:1:40::/64""",1
2026-07-28 15:29:00,ccf-aiops-武汉,cr-1,cr,ipv6_route_nexthop_info,"prefix=""fd00:3:40::/64"",next_hop=""fe80::5:20:1"",dev=""ens4"",protocol=""ospf"",metric=""20"",route_index=""0"",nh_index=""0""",1
2026-07-28 15:29:00,ccf-aiops-武汉,cr-1,cr,ipv6_route_nexthop_info,"prefix=""fd00:5:40::/64"",next_hop=""fd00:5:30::254"",dev=""ens5"",protocol=""196"",metric=""20"",route_index=""0"",nh_index=""0""",1
2026-07-28 15:29:00,ccf-aiops-武汉,cr-1,cr,ipv6_route_nexthop_info,"prefix=""::/0"",next_hop=""fd00:5:20::1"",dev=""ens4"",protocol=""196"",metric=""20"",route_index=""0"",nh_index=""0""",1
2026-07-28 15:29:00,ccf-aiops-武汉,cr-1,cr,ipv6_route_nexthop_info,"prefix=""::/0"",next_hop=""fd00:5:20::2"",dev=""ens4"",protocol=""196"",metric=""20"",route_index=""0"",nh_index=""1""",1
2026-07-28 15:29:00,ccf-aiops-武汉,cr-1,cr,ipv6_route_nexthop_info,"prefix=""fd00:1:40::/64"",next_hop=""fe80::5:20:1"",dev=""ens4"",protocol=""ospf"",metric=""20"",route_index=""0"",nh_index=""0""",1
2026-07-28 15:29:00,ccf-aiops-武汉,cr-1,cr,ipv6_route_nexthop_info,"prefix=""fd00:8:40::/64"",next_hop=""fe80::5:20:2"",dev=""ens4"",protocol=""ospf"",metric=""20"",route_index=""0"",nh_index=""1""",1
2026-07-28 15:29:00,ccf-aiops-武汉,cr-1,cr,ipv6_route_nexthop_info,"prefix=""fd00:7:40::/64"",next_hop=""fe80::5:20:2"",dev=""ens4"",protocol=""ospf"",metric=""20"",route_index=""0"",nh_index=""1""",1
2026-07-28 15:29:00,ccf-aiops-武汉,cr-1,cr,ipv6_route_nexthop_info,"prefix=""fd00:6:40::/64"",next_hop=""fe80::5:20:2"",dev=""ens4"",protocol=""ospf"",metric=""20"",route_index=""0"",nh_index=""1""",1
2026-07-28 15:29:00,ccf-aiops-武汉,cr-1,cr,ipv6_route_nexthop_info,"prefix=""fd00:4:40::/64"",next_hop=""fe80::5:20:2"",dev=""ens4"",protocol=""ospf"",metric=""20"",route_index=""0"",nh_index=""1""",1
2026-07-28 15:29:00,ccf-aiops-武汉,cr-1,cr,ipv6_route_nexthop_info,"prefix=""fd00:3:40::/64"",next_hop=""fe80::5:20:2"",dev=""ens4"",protocol=""ospf"",metric=""20"",route_index=""0"",nh_index=""1""",1
2026-07-28 15:29:00,ccf-aiops-武汉,cr-1,cr,ipv6_route_nexthop_info,"prefix=""fd00:2:40::/64"",next_hop=""fe80::5:20:2"",dev=""ens4"",protocol=""ospf"",metric=""20"",route_index=""0"",nh_index=""1""",1
2026-07-28 15:29:00,ccf-aiops-武汉,cr-1,cr,ipv6_route_nexthop_info,"prefix=""fd00:1:40::/64"",next_hop=""fe80::5:20:2"",dev=""ens4"",protocol=""ospf"",metric=""20"",route_index=""0"",nh_index=""1""",1
2026-07-28 15:29:00,ccf-aiops-武汉,cr-1,cr,ipv6_route_nexthop_info,"prefix=""fd00:8:40::/64"",next_hop=""fe80::5:20:1"",dev=""ens4"",protocol=""ospf"",metric=""20"",route_index=""0"",nh_index=""0""",1
2026-07-28 15:29:00,ccf-aiops-武汉,cr-1,cr,ipv6_route_nexthop_info,"prefix=""fd00:7:40::/64"",next_hop=""fe80::5:20:1"",dev=""ens4"",protocol=""ospf"",metric=""20"",route_index=""0"",nh_index=""0""",1
2026-07-28 15:29:00,ccf-aiops-武汉,cr-1,cr,ipv6_route_nexthop_info,"prefix=""fd00:6:40::/64"",next_hop=""fe80::5:20:1"",dev=""ens4"",protocol=""ospf"",metric=""20"",route_index=""0"",nh_index=""0""",1
2026-07-28 15:29:00,ccf-aiops-武汉,cr-1,cr,ipv6_route_nexthop_info,"prefix=""fd00:4:40::/64"",next_hop=""fe80::5:20:1"",dev=""ens4"",protocol=""ospf"",metric=""20"",route_index=""0"",nh_index=""0""",1
2026-07-28 15:29:00,ccf-aiops-武汉,cr-1,cr,ipv6_route_nexthop_info,"prefix=""fd00:2:40::/64"",next_hop=""fe80::5:20:1"",dev=""ens4"",protocol=""ospf"",metric=""20"",route_index=""0"",nh_index=""0""",1
2026-07-28 15:29:00,ccf-aiops-武汉,cr-1,cr,ospf6_interface_cost,"interface=""ens5""",1
2026-07-28 15:29:00,ccf-aiops-武汉,cr-1,cr,ospf6_interface_cost,"interface=""ens4""",1
2026-07-28 15:29:00,ccf-aiops-武汉,cr-1,cr,ospf6_interface_enabled,"interface=""ens7""",1
2026-07-28 15:29:00,ccf-aiops-武汉,cr-1,cr,ospf6_interface_enabled,"interface=""ens10""",1
2026-07-28 15:29:00,ccf-aiops-武汉,cr-1,cr,ospf6_interface_enabled,"interface=""lo""",1
2026-07-28 15:29:00,ccf-aiops-武汉,cr-1,cr,ospf6_interface_enabled,"interface=""virbr0""",0
2026-07-28 15:29:00,ccf-aiops-武汉,cr-1,cr,ospf6_interface_enabled,"interface=""ens9""",1
2026-07-28 15:29:00,ccf-aiops-武汉,cr-1,cr,ospf6_interface_enabled,"interface=""ens8""",1
2026-07-28 15:29:00,ccf-aiops-武汉,cr-1,cr,ospf6_interface_enabled,"interface=""ens6""",1
2026-07-28 15:29:00,ccf-aiops-武汉,cr-1,cr,ospf6_interface_enabled,"interface=""ens5""",1
2026-07-28 15:29:00,ccf-aiops-武汉,cr-1,cr,ospf6_interface_enabled,"interface=""ens4""",1
2026-07-28 15:29:00,ccf-aiops-武汉,cr-1,cr,ospf6_interface_enabled,"interface=""ens3""",1
2026-07-28 15:29:00,ccf-aiops-武汉,cr-1,cr,ospf6_interface_enabled,"interface=""ens12""",1
2026-07-28 15:29:00,ccf-aiops-武汉,cr-1,cr,ospf6_interface_enabled,"interface=""ens11""",1
2026-07-28 15:29:00,ccf-aiops-武汉,cr-1,cr,ospf6_neighbor_state_code,"state=""Full"",interface=""ens4"",neighbor_id=""5.5.5.1""",6
2026-07-28 15:29:00,ccf-aiops-武汉,cr-1,cr,ospf6_neighbor_state_code,"state=""Full"",interface=""ens4"",neighbor_id=""5.5.5.12""",6
2026-07-28 15:29:00,ccf-aiops-武汉,cr-1,cr,ospf6_neighbor_state_code,"state=""Full"",interface=""ens4"",neighbor_id=""5.5.5.2""",6
2026-07-28 15:29:00,ccf-aiops-武汉,cr-1,cr,ospf6_neighbor_state_code,"state=""Full"",interface=""ens5"",neighbor_id=""5.5.5.12""",6
2026-07-28 15:29:00,ccf-aiops-武汉,cr-1,cr,bgp_command_success,,
2026-07-28 15:29:00,ccf-aiops-武汉,cr-1,cr,bgp_peer_up,,
2026-07-28 15:29:00,ccf-aiops-武汉,cr-1,cr,bgp_peer_uptime_seconds,,
2026-07-28 15:29:00,ccf-aiops-武汉,cr-1,cr,bgp_peer_prefix_received,,
2026-07-28 15:29:00,ccf-aiops-武汉,cr-1,cr,bgp_peer_prefix_sent,,
2026-07-28 15:29:00,ccf-aiops-武汉,cr-1,cr,bgp_peer_count,,
2026-07-28 15:29:00,ccf-aiops-武汉,cr-2,cr,ipv6_default_route_changed_total,,0
2026-07-28 15:29:00,ccf-aiops-武汉,cr-2,cr,ipv6_default_route_info,"next_hop=""fd00:5:20::2"",dev=""ens4"",protocol=""196"",metric=""20"",route_index=""0"",nh_index=""1""",1
2026-07-28 15:29:00,ccf-aiops-武汉,cr-2,cr,ipv6_default_route_info,"next_hop=""fd00:5:20::1"",dev=""ens4"",protocol=""196"",metric=""20"",route_index=""0"",nh_index=""0""",1
2026-07-28 15:29:00,ccf-aiops-武汉,cr-2,cr,ipv6_route_change_total,"prefix=""fd00:8:40::/64""",0
2026-07-28 15:29:00,ccf-aiops-武汉,cr-2,cr,ipv6_route_change_total,"prefix=""::/0""",0
2026-07-28 15:29:00,ccf-aiops-武汉,cr-2,cr,ipv6_route_change_total,"prefix=""fd00:1:40::/64""",0
2026-07-28 15:29:00,ccf-aiops-武汉,cr-2,cr,ipv6_route_change_total,"prefix=""fd00:2:40::/64""",0
2026-07-28 15:29:00,ccf-aiops-武汉,cr-2,cr,ipv6_route_change_total,"prefix=""fd00:3:40::/64""",0
2026-07-28 15:29:00,ccf-aiops-武汉,cr-2,cr,ipv6_route_change_total,"prefix=""fd00:4:40::/64""",0
2026-07-28 15:29:00,ccf-aiops-武汉,cr-2,cr,ipv6_route_change_total,"prefix=""fd00:5:40::/64""",0
2026-07-28 15:29:00,ccf-aiops-武汉,cr-2,cr,ipv6_route_change_total,"prefix=""fd00:6:40::/64""",0
2026-07-28 15:29:00,ccf-aiops-武汉,cr-2,cr,ipv6_route_change_total,"prefix=""fd00:7:40::/64""",0
2026-07-28 15:29:00,ccf-aiops-武汉,cr-2,cr,ipv6_route_count,"protocol=""196""",2
2026-07-28 15:29:00,ccf-aiops-武汉,cr-2,cr,ipv6_route_count,"protocol=""all""",15
2026-07-28 15:29:00,ccf-aiops-武汉,cr-2,cr,ipv6_route_count,"protocol=""kernel""",6
2026-07-28 15:29:00,ccf-aiops-武汉,cr-2,cr,ipv6_route_count,"protocol=""ospf""",7
2026-07-28 15:29:00,ccf-aiops-武汉,cr-2,cr,ipv6_route_exists,"prefix=""fd00:7:40::/64""",1
2026-07-28 15:29:00,ccf-aiops-武汉,cr-2,cr,ipv6_route_exists,"prefix=""fd00:8:40::/64""",1
2026-07-28 15:29:00,ccf-aiops-武汉,cr-2,cr,ipv6_route_exists,"prefix=""fd00:6:40::/64""",1
2026-07-28 15:29:00,ccf-aiops-武汉,cr-2,cr,ipv6_route_exists,"prefix=""::/0""",1
2026-07-28 15:29:00,ccf-aiops-武汉,cr-2,cr,ipv6_route_exists,"prefix=""fd00:1:40::/64""",1
2026-07-28 15:29:00,ccf-aiops-武汉,cr-2,cr,ipv6_route_exists,"prefix=""fd00:2:40::/64""",1
2026-07-28 15:29:00,ccf-aiops-武汉,cr-2,cr,ipv6_route_exists,"prefix=""fd00:3:40::/64""",1
2026-07-28 15:29:00,ccf-aiops-武汉,cr-2,cr,ipv6_route_exists,"prefix=""fd00:4:40::/64""",1
2026-07-28 15:29:00,ccf-aiops-武汉,cr-2,cr,ipv6_route_exists,"prefix=""fd00:5:40::/64""",1
2026-07-28 15:29:00,ccf-aiops-武汉,cr-2,cr,ipv6_route_nexthop_info,"prefix=""fd00:1:40::/64"",next_hop=""fe80::5:20:1"",dev=""ens4"",protocol=""ospf"",metric=""20"",route_index=""0"",nh_index=""0""",1
2026-07-28 15:29:00,ccf-aiops-武汉,cr-2,cr,ipv6_route_nexthop_info,"prefix=""::/0"",next_hop=""fd00:5:20::2"",dev=""ens4"",protocol=""196"",metric=""20"",route_index=""0"",nh_index=""1""",1
2026-07-28 15:29:00,ccf-aiops-武汉,cr-2,cr,ipv6_route_nexthop_info,"prefix=""::/0"",next_hop=""fd00:5:20::1"",dev=""ens4"",protocol=""196"",metric=""20"",route_index=""0"",nh_index=""0""",1
2026-07-28 15:29:00,ccf-aiops-武汉,cr-2,cr,ipv6_route_nexthop_info,"prefix=""fd00:2:40::/64"",next_hop=""fe80::5:20:1"",dev=""ens4"",protocol=""ospf"",metric=""20"",route_index=""0"",nh_index=""0""",1
2026-07-28 15:29:00,ccf-aiops-武汉,cr-2,cr,ipv6_route_nexthop_info,"prefix=""fd00:3:40::/64"",next_hop=""fe80::5:20:1"",dev=""ens4"",protocol=""ospf"",metric=""20"",route_index=""0"",nh_index=""0""",1
2026-07-28 15:29:00,ccf-aiops-武汉,cr-2,cr,ipv6_route_nexthop_info,"prefix=""fd00:4:40::/64"",next_hop=""fe80::5:20:1"",dev=""ens4"",protocol=""ospf"",metric=""20"",route_index=""0"",nh_index=""0""",1
2026-07-28 15:29:00,ccf-aiops-武汉,cr-2,cr,ipv6_route_nexthop_info,"prefix=""fd00:6:40::/64"",next_hop=""fe80::5:20:1"",dev=""ens4"",protocol=""ospf"",metric=""20"",route_index=""0"",nh_index=""0""",1
2026-07-28 15:29:00,ccf-aiops-武汉,cr-2,cr,ipv6_route_nexthop_info,"prefix=""fd00:7:40::/64"",next_hop=""fe80::5:20:1"",dev=""ens4"",protocol=""ospf"",metric=""20"",route_index=""0"",nh_index=""0""",1
2026-07-28 15:29:00,ccf-aiops-武汉,cr-2,cr,ipv6_route_nexthop_info,"prefix=""fd00:8:40::/64"",next_hop=""fe80::5:20:1"",dev=""ens4"",protocol=""ospf"",metric=""20"",route_index=""0"",nh_index=""0""",1
2026-07-28 15:29:00,ccf-aiops-武汉,cr-2,cr,ipv6_route_nexthop_info,"prefix=""fd00:1:40::/64"",next_hop=""fe80::5:20:2"",dev=""ens4"",protocol=""ospf"",metric=""20"",route_index=""0"",nh_index=""1""",1
2026-07-28 15:29:00,ccf-aiops-武汉,cr-2,cr,ipv6_route_nexthop_info,"prefix=""fd00:2:40::/64"",next_hop=""fe80::5:20:2"",dev=""ens4"",protocol=""ospf"",metric=""20"",route_index=""0"",nh_index=""1""",1
2026-07-28 15:29:00,ccf-aiops-武汉,cr-2,cr,ipv6_route_nexthop_info,"prefix=""fd00:3:40::/64"",next_hop=""fe80::5:20:2"",dev=""ens4"",protocol=""ospf"",metric=""20"",route_index=""0"",nh_index=""1""",1
2026-07-28 15:29:00,ccf-aiops-武汉,cr-2,cr,ipv6_route_nexthop_info,"prefix=""fd00:4:40::/64"",next_hop=""fe80::5:20:2"",dev=""ens4"",protocol=""ospf"",metric=""20"",route_index=""0"",nh_index=""1""",1
2026-07-28 15:29:00,ccf-aiops-武汉,cr-2,cr,ipv6_route_nexthop_info,"prefix=""fd00:6:40::/64"",next_hop=""fe80::5:20:2"",dev=""ens4"",protocol=""ospf"",metric=""20"",route_index=""0"",nh_index=""1""",1
2026-07-28 15:29:00,ccf-aiops-武汉,cr-2,cr,ipv6_route_nexthop_info,"prefix=""fd00:7:40::/64"",next_hop=""fe80::5:20:2"",dev=""ens4"",protocol=""ospf"",metric=""20"",route_index=""0"",nh_index=""1""",1
2026-07-28 15:29:00,ccf-aiops-武汉,cr-2,cr,ipv6_route_nexthop_info,"prefix=""fd00:8:40::/64"",next_hop=""fe80::5:20:2"",dev=""ens4"",protocol=""ospf"",metric=""20"",route_index=""0"",nh_index=""1""",1
2026-07-28 15:29:00,ccf-aiops-武汉,cr-2,cr,ipv6_route_nexthop_info,"prefix=""fd00:5:40::/64"",next_hop=""fd00:5:30::254"",dev=""ens5"",protocol=""196"",metric=""20"",route_index=""0"",nh_index=""0""",1
2026-07-28 15:29:00,ccf-aiops-武汉,cr-2,cr,ospf6_interface_cost,"interface=""ens4""",1
2026-07-28 15:29:00,ccf-aiops-武汉,cr-2,cr,ospf6_interface_cost,"interface=""ens5""",1
2026-07-28 15:29:00,ccf-aiops-武汉,cr-2,cr,ospf6_interface_enabled,"interface=""lo""",1
2026-07-28 15:29:00,ccf-aiops-武汉,cr-2,cr,ospf6_interface_enabled,"interface=""virbr0""",0
2026-07-28 15:29:00,ccf-aiops-武汉,cr-2,cr,ospf6_interface_enabled,"interface=""ens8""",1
2026-07-28 15:29:00,ccf-aiops-武汉,cr-2,cr,ospf6_interface_enabled,"interface=""ens7""",1
2026-07-28 15:29:00,ccf-aiops-武汉,cr-2,cr,ospf6_interface_enabled,"interface=""ens6""",1
2026-07-28 15:29:00,ccf-aiops-武汉,cr-2,cr,ospf6_interface_enabled,"interface=""ens5""",1
2026-07-28 15:29:00,ccf-aiops-武汉,cr-2,cr,ospf6_interface_enabled,"interface=""ens4""",1
2026-07-28 15:29:00,ccf-aiops-武汉,cr-2,cr,ospf6_interface_enabled,"interface=""ens3""",1
2026-07-28 15:29:00,ccf-aiops-武汉,cr-2,cr,ospf6_interface_enabled,"interface=""ens12""",1
2026-07-28 15:29:00,ccf-aiops-武汉,cr-2,cr,ospf6_interface_enabled,"interface=""ens11""",1
2026-07-28 15:29:00,ccf-aiops-武汉,cr-2,cr,ospf6_interface_enabled,"interface=""ens10""",1
2026-07-28 15:29:00,ccf-aiops-武汉,cr-2,cr,ospf6_interface_enabled,"interface=""ens9""",1
2026-07-28 15:29:00,ccf-aiops-武汉,cr-2,cr,ospf6_neighbor_state_code,"state=""Full"",interface=""ens4"",neighbor_id=""5.5.5.2""",6
2026-07-28 15:29:00,ccf-aiops-武汉,cr-2,cr,ospf6_neighbor_state_code,"state=""Full"",interface=""ens5"",neighbor_id=""5.5.5.11""",6
2026-07-28 15:29:00,ccf-aiops-武汉,cr-2,cr,ospf6_neighbor_state_code,"state=""Full"",interface=""ens4"",neighbor_id=""5.5.5.11""",6
2026-07-28 15:29:00,ccf-aiops-武汉,cr-2,cr,ospf6_neighbor_state_code,"state=""Full"",interface=""ens4"",neighbor_id=""5.5.5.1""",6
2026-07-28 15:29:00,ccf-aiops-武汉,cr-2,cr,bgp_command_success,,
2026-07-28 15:29:00,ccf-aiops-武汉,cr-2,cr,bgp_peer_up,,
2026-07-28 15:29:00,ccf-aiops-武汉,cr-2,cr,bgp_peer_uptime_seconds,,
2026-07-28 15:29:00,ccf-aiops-武汉,cr-2,cr,bgp_peer_prefix_received,,
2026-07-28 15:29:00,ccf-aiops-武汉,cr-2,cr,bgp_peer_prefix_sent,,
2026-07-28 15:29:00,ccf-aiops-武汉,cr-2,cr,bgp_peer_count,,
