timestamp,region,node,node_type,interface_id,if_role,rx_bytes_rate,tx_bytes_rate,rx_packets_rate,tx_packets_rate,rx_drop_rate,tx_drop_rate,rx_error_rate,tx_error_rate,carrier_changes
2026-07-28 12:35:00,ccf-aiops-武汉,br-1,br,ens10,NULL,0,0,0,0,0,0,0,0,0
2026-07-28 12:35:00,ccf-aiops-武汉,br-1,br,ens11,NULL,0,0,0,0,0,0,0,0,0
2026-07-28 12:35:00,ccf-aiops-武汉,br-1,br,ens12,NULL,0,0,0,0,0,0,0,0,0
2026-07-28 12:35:00,ccf-aiops-武汉,br-1,br,ens3,NULL,107.64444444444443,114.22222222222221,0.5555555555555555,0.5555555555555555,0,0,0,0,0
2026-07-28 12:35:00,ccf-aiops-武汉,br-1,br,ens4,backbone,3395.8888888888887,3091.266666666667,24.88888888888889,24.88888888888889,0,0,0,0,0
2026-07-28 12:35:00,ccf-aiops-武汉,br-1,br,ens5,backbone,1394.0888888888887,4540.577777777778,12.266666666666667,12.02222222222222,0,0,0,0,0
2026-07-28 12:35:00,ccf-aiops-武汉,br-1,br,ens6,NULL,0,0,0,0,0,0,0,0,0
2026-07-28 12:35:00,ccf-aiops-武汉,br-1,br,ens7,NULL,0,0,0,0,0,0,0,0,0
2026-07-28 12:35:00,ccf-aiops-武汉,br-1,br,ens8,NULL,0,0,0,0,0,0,0,0,0
2026-07-28 12:35:00,ccf-aiops-武汉,br-1,br,ens9,NULL,0,0,0,0,0,0,0,0,0
2026-07-28 12:35:00,ccf-aiops-武汉,br-2,br,ens10,NULL,0,0,0,0,0,0,0,0,0
2026-07-28 12:35:00,ccf-aiops-武汉,br-2,br,ens11,NULL,0,0,0,0,0,0,0,0,0
2026-07-28 12:35:00,ccf-aiops-武汉,br-2,br,ens12,NULL,0,0,0,0,0,0,0,0,0
2026-07-28 12:35:00,ccf-aiops-武汉,br-2,br,ens3,NULL,0,0,0,0,0,0,0,0,0
2026-07-28 12:35:00,ccf-aiops-武汉,br-2,br,ens4,backbone,2048.1777777777775,1786.0444444444443,15.977777777777778,14.71111111111111,0,0,0,0,0
2026-07-28 12:35:00,ccf-aiops-武汉,br-2,br,ens5,backbone,1231.1333333333334,4625.577777777778,10.377777777777776,11.622222222222222,0,0,0,0,0
2026-07-28 12:35:00,ccf-aiops-武汉,br-2,br,ens6,NULL,0,0,0,0,0,0,0,0,0
2026-07-28 12:35:00,ccf-aiops-武汉,br-2,br,ens7,NULL,0,0,0,0,0,0,0,0,0
2026-07-28 12:35:00,ccf-aiops-武汉,br-2,br,ens8,NULL,0,0,0,0,0,0,0,0,0
2026-07-28 12:35:00,ccf-aiops-武汉,br-2,br,ens9,NULL,0,0,0,0,0,0,0,0,0
2026-07-28 12:35:00,ccf-aiops-武汉,cr-1,cr,ens10,NULL,0,0,0,0,0,0,0,0,0
2026-07-28 12:35:00,ccf-aiops-武汉,cr-1,cr,ens11,NULL,0,0,0,0,0,0,0,0,0
2026-07-28 12:35:00,ccf-aiops-武汉,cr-1,cr,ens12,NULL,0,0,0,0,0,0,0,0,0
2026-07-28 12:35:00,ccf-aiops-武汉,cr-1,cr,ens3,NULL,0,0,0,0,0,0,0,0,0
2026-07-28 12:35:00,ccf-aiops-武汉,cr-1,cr,ens4,backbone,2865.644444444444,1429.6888888888889,11.688888888888888,12.355555555555554,0,0,0,0,0
2026-07-28 12:35:00,ccf-aiops-武汉,cr-1,cr,ens5,backbone,1558.3555555555554,5667.133333333333,13.466666666666667,13.066666666666666,0,0,0,0,0
2026-07-28 12:35:00,ccf-aiops-武汉,cr-1,cr,ens6,NULL,0,0,0,0,0,0,0,0,0
2026-07-28 12:35:00,ccf-aiops-武汉,cr-1,cr,ens7,NULL,0,0,0,0,0,0,0,0,0
2026-07-28 12:35:00,ccf-aiops-武汉,cr-1,cr,ens8,NULL,0,0,0,0,0,0,0,0,0
2026-07-28 12:35:00,ccf-aiops-武汉,cr-1,cr,ens9,NULL,0,0,0,0,0,0,0,0,0
2026-07-28 12:35:00,ccf-aiops-武汉,cr-2,cr,ens10,NULL,0,0,0,0,0,0,0,0,0
2026-07-28 12:35:00,ccf-aiops-武汉,cr-2,cr,ens11,NULL,0,0,0,0,0,0,0,0,0
2026-07-28 12:35:00,ccf-aiops-武汉,cr-2,cr,ens12,NULL,0,0,0,0,0,0,0,0,0
2026-07-28 12:35:00,ccf-aiops-武汉,cr-2,cr,ens3,NULL,107.64444444444443,114.22222222222221,0.5555555555555555,0.5555555555555555,0,0,0,0,0
2026-07-28 12:35:00,ccf-aiops-武汉,cr-2,cr,ens4,backbone,5886.8,1144.888888888889,11.377777777777776,9.666666666666666,0,0,0,0,0
2026-07-28 12:35:00,ccf-aiops-武汉,cr-2,cr,ens5,backbone,1265.2888888888888,8454.555555555555,10.688888888888888,12.577777777777778,0,0,0,0,0
2026-07-28 12:35:00,ccf-aiops-武汉,cr-2,cr,ens6,NULL,0,0,0,0,0,0,0,0,0
2026-07-28 12:35:00,ccf-aiops-武汉,cr-2,cr,ens7,NULL,0,0,0,0,0,0,0,0,0
2026-07-28 12:35:00,ccf-aiops-武汉,cr-2,cr,ens8,NULL,0,0,0,0,0,0,0,0,0
2026-07-28 12:35:00,ccf-aiops-武汉,cr-2,cr,ens9,NULL,0,0,0,0,0,0,0,0,0
2026-07-28 12:35:00,ccf-aiops-武汉,fw,firewall,ens3,NULL,302.5777777777777,167.73333333333332,3.2888888888888888,1.6444444444444444,0,0,0,0,0
2026-07-28 12:35:00,ccf-aiops-武汉,fw,firewall,ens4,backbone,15898.555555555555,3065.733333333333,30.8,26.266666666666666,0,0,0,0,0
2026-07-28 12:35:00,ccf-aiops-武汉,fw,firewall,ens5,business,3135,17066.955555555553,26.88888888888889,31,0,0,0,0,0
2026-07-28 12:35:00,ccf-aiops-武汉,fw,firewall,ens6,NULL,0,0,0,0,0,0,0,0,0
2026-07-28 12:35:00,ccf-aiops-武汉,monitor-vm,collector,ens3,NULL,173.06666666666666,126.62222222222222,1.5777777777777777,0.9333333333333333,0,0,0,0,0
2026-07-28 12:35:00,ccf-aiops-武汉,monitor-vm,collector,ens4,mgmt,32658.933333333334,1063.4,13.71111111111111,9.466666666666667,0,0,0,0,0
2026-07-28 12:35:00,ccf-aiops-武汉,monitor-vm,collector,ens5,NULL,0,0,0,0,0,0,0,0,0
2026-07-28 12:35:00,ccf-aiops-武汉,monitor-vm,collector,ens6,NULL,0,0,0,0,0,0,0,0,0
2026-07-28 12:35:00,ccf-aiops-武汉,probe-vm,probe,ens3,NULL,0,0,0,0,0,0,0,0,0
2026-07-28 12:35:00,ccf-aiops-武汉,probe-vm,probe,ens4,business,62.266666666666666,1171.888888888889,0.5333333333333333,0.3555555555555555,0,0,0,0,0
2026-07-28 12:35:00,ccf-aiops-武汉,probe-vm,probe,ens5,NULL,0,0,0,0,0,0,0,0,0
2026-07-28 12:35:00,ccf-aiops-武汉,probe-vm,probe,ens6,NULL,0,0,0,0,0,0,0,0,0
2026-07-28 12:35:00,ccf-aiops-武汉,service-vm-1,service,ens3,NULL,62.666666666666664,34.93333333333333,0.6888888888888888,0.3555555555555555,0,0,0,0,0
2026-07-28 12:35:00,ccf-aiops-武汉,service-vm-1,service,ens4,service,1404.5777777777776,2565.111111111111,11.8,11.888888888888888,0,0,0,0,0
2026-07-28 12:35:00,ccf-aiops-武汉,service-vm-1,service,ens5,NULL,0,0,0,0,0,0,0,0,0
2026-07-28 12:35:00,ccf-aiops-武汉,service-vm-1,service,ens6,NULL,0,0,0,0,0,0,0,0,0
2026-07-28 12:35:00,ccf-aiops-武汉,service-vm-2,service,ens3,NULL,54.48888888888889,60.888888888888886,0.28888888888888886,0.28888888888888886,0,0,0,0,0
2026-07-28 12:35:00,ccf-aiops-武汉,service-vm-2,service,ens4,service,64.17777777777778,1179.4444444444443,0.5555555555555555,0.4,0,0,0,0,0
2026-07-28 12:35:00,ccf-aiops-武汉,service-vm-2,service,ens5,NULL,0,0,0,0,0,0,0,0,0
2026-07-28 12:35:00,ccf-aiops-武汉,service-vm-2,service,ens6,NULL,0,0,0,0,0,0,0,0,0
2026-07-28 12:35:00,ccf-aiops-武汉,service-vm-3,service,ens3,NULL,0,0,0,0,0,0,0,0,0
2026-07-28 12:35:00,ccf-aiops-武汉,service-vm-3,service,ens4,service,62.266666666666666,1179.4666666666667,0.5333333333333333,0.4,0,0,0,0,0
2026-07-28 12:35:00,ccf-aiops-武汉,service-vm-3,service,ens5,NULL,0,0,0,0,0,0,0,0,0
2026-07-28 12:35:00,ccf-aiops-武汉,service-vm-3,service,ens6,NULL,0,0,0,0,0,0,0,0,0
2026-07-28 12:35:00,ccf-aiops-武汉,traffic-vm,traffic,ens3,NULL,53.15555555555555,61.42222222222222,0.26666666666666666,0.28888888888888886,0,0,0,0,0
2026-07-28 12:35:00,ccf-aiops-武汉,traffic-vm,traffic,ens4,business,2015.4,15938.733333333334,14.31111111111111,13.466666666666667,0,0,0,0,0
2026-07-28 12:35:00,ccf-aiops-武汉,traffic-vm,traffic,ens5,NULL,0,0,0,0,0,0,0,0,0
2026-07-28 12:35:00,ccf-aiops-武汉,traffic-vm,traffic,ens6,NULL,0,0,0,0,0,0,0,0,0
2026-07-28 12:36:00,ccf-aiops-武汉,br-1,br,ens10,NULL,0,0,0,0,0,0,0,0,0
2026-07-28 12:36:00,ccf-aiops-武汉,br-1,br,ens11,NULL,0,0,0,0,0,0,0,0,0
2026-07-28 12:36:00,ccf-aiops-武汉,br-1,br,ens12,NULL,0,0,0,0,0,0,0,0,0
2026-07-28 12:36:00,ccf-aiops-武汉,br-1,br,ens3,NULL,40.44444444444444,0,0.5777777777777777,0,0,0,0,0,0
2026-07-28 12:36:00,ccf-aiops-武汉,br-1,br,ens4,backbone,1434.7333333333333,1411.5555555555554,11.444444444444445,11.511111111111111,0,0,0,0,0
2026-07-28 12:36:00,ccf-aiops-武汉,br-1,br,ens5,backbone,738.5111111111111,3697,6.4,6.355555555555555,0,0,0,0,0
2026-07-28 12:36:00,ccf-aiops-武汉,br-1,br,ens6,NULL,0,0,0,0,0,0,0,0,0
2026-07-28 12:36:00,ccf-aiops-武汉,br-1,br,ens7,NULL,0,0,0,0,0,0,0,0,0
2026-07-28 12:36:00,ccf-aiops-武汉,br-1,br,ens8,NULL,0,0,0,0,0,0,0,0,0
2026-07-28 12:36:00,ccf-aiops-武汉,br-1,br,ens9,NULL,0,0,0,0,0,0,0,0,0
2026-07-28 12:36:00,ccf-aiops-武汉,br-2,br,ens10,NULL,0,0,0,0,0,0,0,0,0
2026-07-28 12:36:00,ccf-aiops-武汉,br-2,br,ens11,NULL,0,0,0,0,0,0,0,0,0
2026-07-28 12:36:00,ccf-aiops-武汉,br-2,br,ens12,NULL,0,0,0,0,0,0,0,0,0
2026-07-28 12:36:00,ccf-aiops-武汉,br-2,br,ens3,NULL,144.97777777777776,114.22222222222221,1.0888888888888888,0.5555555555555555,0,0,0,0,0
2026-07-28 12:36:00,ccf-aiops-武汉,br-2,br,ens4,backbone,1686.8666666666666,1505.911111111111,13.333333333333334,12.2,0,0,0,0,0
2026-07-28 12:36:00,ccf-aiops-武汉,br-2,br,ens5,backbone,647.0444444444444,3643.244444444444,5.622222222222222,6.777777777777777,0,0,0,0,0
2026-07-28 12:36:00,ccf-aiops-武汉,br-2,br,ens6,NULL,0,0,0,0,0,0,0,0,0
2026-07-28 12:36:00,ccf-aiops-武汉,br-2,br,ens7,NULL,0,0,0,0,0,0,0,0,0
2026-07-28 12:36:00,ccf-aiops-武汉,br-2,br,ens8,NULL,0,0,0,0,0,0,0,0,0
2026-07-28 12:36:00,ccf-aiops-武汉,br-2,br,ens9,NULL,0,0,0,0,0,0,0,0,0
2026-07-28 12:36:00,ccf-aiops-武汉,cr-1,cr,ens10,NULL,0,0,0,0,0,0,0,0,0
2026-07-28 12:36:00,ccf-aiops-武汉,cr-1,cr,ens11,NULL,0,0,0,0,0,0,0,0,0
2026-07-28 12:36:00,ccf-aiops-武汉,cr-1,cr,ens12,NULL,0,0,0,0,0,0,0,0,0
2026-07-28 12:36:00,ccf-aiops-武汉,cr-1,cr,ens3,NULL,40.44444444444444,0,0.5777777777777777,0,0,0,0,0,0
2026-07-28 12:36:00,ccf-aiops-武汉,cr-1,cr,ens4,backbone,2087.9777777777776,604.4666666666667,6.155555555555555,5.266666666666667,0,0,0,0,0
2026-07-28 12:36:00,ccf-aiops-武汉,cr-1,cr,ens5,backbone,715.6666666666666,4795.955555555555,6.177777777777777,7.488888888888889,0,0,0,0,0
2026-07-28 12:36:00,ccf-aiops-武汉,cr-1,cr,ens6,NULL,0,0,0,0,0,0,0,0,0
2026-07-28 12:36:00,ccf-aiops-武汉,cr-1,cr,ens7,NULL,0,0,0,0,0,0,0,0,0
2026-07-28 12:36:00,ccf-aiops-武汉,cr-1,cr,ens8,NULL,0,0,0,0,0,0,0,0,0
2026-07-28 12:36:00,ccf-aiops-武汉,cr-1,cr,ens9,NULL,0,0,0,0,0,0,0,0,0
2026-07-28 12:36:00,ccf-aiops-武汉,cr-2,cr,ens10,NULL,0,0,0,0,0,0,0,0,0
2026-07-28 12:36:00,ccf-aiops-武汉,cr-2,cr,ens11,NULL,0,0,0,0,0,0,0,0,0
2026-07-28 12:36:00,ccf-aiops-武汉,cr-2,cr,ens12,NULL,0,0,0,0,0,0,0,0,0
2026-07-28 12:36:00,ccf-aiops-武汉,cr-2,cr,ens3,NULL,32.666666666666664,0,0.4666666666666667,0,0,0,0,0,0
2026-07-28 12:36:00,ccf-aiops-武汉,cr-2,cr,ens4,backbone,5275.155555555555,825.1777777777777,8.666666666666666,7.066666666666666,0,0,0,0,0
2026-07-28 12:36:00,ccf-aiops-武汉,cr-2,cr,ens5,backbone,948.8666666666667,7751.355555555555,8.133333333333333,9.866666666666667,0,0,0,0,0
2026-07-28 12:36:00,ccf-aiops-武汉,cr-2,cr,ens6,NULL,0,0,0,0,0,0,0,0,0
2026-07-28 12:36:00,ccf-aiops-武汉,cr-2,cr,ens7,NULL,0,0,0,0,0,0,0,0,0
2026-07-28 12:36:00,ccf-aiops-武汉,cr-2,cr,ens8,NULL,0,0,0,0,0,0,0,0,0
2026-07-28 12:36:00,ccf-aiops-武汉,cr-2,cr,ens9,NULL,0,0,0,0,0,0,0,0,0
2026-07-28 12:36:00,ccf-aiops-武汉,fw,firewall,ens3,NULL,393.4222222222222,227.8222222222222,4.111111111111111,1.9333333333333333,0,0,0,0,0
2026-07-28 12:36:00,ccf-aiops-武汉,fw,firewall,ens4,backbone,13104.511111111111,1512.9333333333334,17.044444444444444,12.955555555555554,0,0,0,0,0
2026-07-28 12:36:00,ccf-aiops-武汉,fw,firewall,ens5,business,1589.8444444444442,14277.266666666666,13.666666666666666,17.31111111111111,0,0,0,0,0
2026-07-28 12:36:00,ccf-aiops-武汉,fw,firewall,ens6,NULL,0,0,0,0,0,0,0,0,0
2026-07-28 12:36:00,ccf-aiops-武汉,monitor-vm,collector,ens3,NULL,164.44444444444443,68.93333333333334,1.9333333333333333,0.6888888888888888,0,0,0,0,0
2026-07-28 12:36:00,ccf-aiops-武汉,monitor-vm,collector,ens4,mgmt,32312.977777777774,1060.6888888888889,13.333333333333334,9.444444444444445,0,0,0,0,0
2026-07-28 12:36:00,ccf-aiops-武汉,monitor-vm,collector,ens5,NULL,0,0,0,0,0,0,0,0,0
2026-07-28 12:36:00,ccf-aiops-武汉,monitor-vm,collector,ens6,NULL,0,0,0,0,0,0,0,0,0
2026-07-28 12:36:00,ccf-aiops-武汉,probe-vm,probe,ens3,NULL,94.93333333333334,62.35555555555555,0.8666666666666667,0.31111111111111106,0,0,0,0,0
2026-07-28 12:36:00,ccf-aiops-武汉,probe-vm,probe,ens4,business,66.26666666666667,1179.8,0.5777777777777777,0.4444444444444444,0,0,0,0,0
2026-07-28 12:36:00,ccf-aiops-武汉,probe-vm,probe,ens5,NULL,0,0,0,0,0,0,0,0,0
2026-07-28 12:36:00,ccf-aiops-武汉,probe-vm,probe,ens6,NULL,0,0,0,0,0,0,0,0,0
2026-07-28 12:36:00,ccf-aiops-武汉,service-vm-1,service,ens3,NULL,156.26666666666668,96.35555555555555,1.5333333333333334,0.6444444444444444,0,0,0,0,0
2026-07-28 12:36:00,ccf-aiops-武汉,service-vm-1,service,ens4,service,767.5111111111111,1888.8444444444442,6.488888888888889,6.288888888888889,0,0,0,0,0
2026-07-28 12:36:00,ccf-aiops-武汉,service-vm-1,service,ens5,NULL,0,0,0,0,0,0,0,0,0
2026-07-28 12:36:00,ccf-aiops-武汉,service-vm-1,service,ens6,NULL,0,0,0,0,0,0,0,0,0
2026-07-28 12:36:00,ccf-aiops-武汉,service-vm-2,service,ens3,NULL,88.93333333333334,61.42222222222222,0.7777777777777778,0.28888888888888886,0,0,0,0,0
2026-07-28 12:36:00,ccf-aiops-武汉,service-vm-2,service,ens4,service,69.9111111111111,1177.7333333333333,0.6222222222222221,0.4,0,0,0,0,0
2026-07-28 12:36:00,ccf-aiops-武汉,service-vm-2,service,ens5,NULL,0,0,0,0,0,0,0,0,0
2026-07-28 12:36:00,ccf-aiops-武汉,service-vm-2,service,ens6,NULL,0,0,0,0,0,0,0,0,0
2026-07-28 12:36:00,ccf-aiops-武汉,service-vm-3,service,ens3,NULL,140.3111111111111,123.6,1.0222222222222221,0.6,0,0,0,0,0
2026-07-28 12:36:00,ccf-aiops-武汉,service-vm-3,service,ens4,service,73.9111111111111,1191.7777777777776,0.6666666666666666,0.5111111111111111,0,0,0,0,0
2026-07-28 12:36:00,ccf-aiops-武汉,service-vm-3,service,ens5,NULL,0,0,0,0,0,0,0,0,0
2026-07-28 12:36:00,ccf-aiops-武汉,service-vm-3,service,ens6,NULL,0,0,0,0,0,0,0,0,0
2026-07-28 12:36:00,ccf-aiops-武汉,traffic-vm,traffic,ens3,NULL,32.666666666666664,0,0.4666666666666667,0,0,0,0,0,0
2026-07-28 12:36:00,ccf-aiops-武汉,traffic-vm,traffic,ens4,business,903.4222222222221,15095.977777777776,7.066666666666666,6.377777777777777,0,0,0,0,0
2026-07-28 12:36:00,ccf-aiops-武汉,traffic-vm,traffic,ens5,NULL,0,0,0,0,0,0,0,0,0
2026-07-28 12:36:00,ccf-aiops-武汉,traffic-vm,traffic,ens6,NULL,0,0,0,0,0,0,0,0,0
2026-07-28 12:37:00,ccf-aiops-武汉,br-1,br,ens10,NULL,0,0,0,0,0,0,0,0,0
2026-07-28 12:37:00,ccf-aiops-武汉,br-1,br,ens11,NULL,0,0,0,0,0,0,0,0,0
2026-07-28 12:37:00,ccf-aiops-武汉,br-1,br,ens12,NULL,0,0,0,0,0,0,0,0,0
2026-07-28 12:37:00,ccf-aiops-武汉,br-1,br,ens3,NULL,9.866666666666667,0,0.13333333333333333,0,0,0,0,0,0
2026-07-28 12:37:00,ccf-aiops-武汉,br-1,br,ens4,backbone,2102.511111111111,2055.111111111111,16.866666666666667,16.6,0,0,0,0,0
2026-07-28 12:37:00,ccf-aiops-武汉,br-1,br,ens5,backbone,922.7111111111111,3190.288888888889,7.733333333333333,7.5777777777777775,0,0,0,0,0
2026-07-28 12:37:00,ccf-aiops-武汉,br-1,br,ens6,NULL,0,0,0,0,0,0,0,0,0
2026-07-28 12:37:00,ccf-aiops-武汉,br-1,br,ens7,NULL,0,0,0,0,0,0,0,0,0
2026-07-28 12:37:00,ccf-aiops-武汉,br-1,br,ens8,NULL,0,0,0,0,0,0,0,0,0
2026-07-28 12:37:00,ccf-aiops-武汉,br-1,br,ens9,NULL,0,0,0,0,0,0,0,0,0
2026-07-28 12:37:00,ccf-aiops-武汉,br-2,br,ens10,NULL,0,0,0,0,0,0,0,0,0
2026-07-28 12:37:00,ccf-aiops-武汉,br-2,br,ens11,NULL,0,0,0,0,0,0,0,0,0
2026-07-28 12:37:00,ccf-aiops-武汉,br-2,br,ens12,NULL,0,0,0,0,0,0,0,0,0
2026-07-28 12:37:00,ccf-aiops-武汉,br-2,br,ens3,NULL,17.133333333333333,9.044444444444444,0.13333333333333333,0.06666666666666667,0,0,0,0,0
2026-07-28 12:37:00,ccf-aiops-武汉,br-2,br,ens4,backbone,2140.422222222222,2046.2,16.977777777777778,16.266666666666666,0,0,0,0,0
2026-07-28 12:37:00,ccf-aiops-武汉,br-2,br,ens5,backbone,774.4,3368.7111111111108,6.71111111111111,7.355555555555555,0,0,0,0,0
2026-07-28 12:37:00,ccf-aiops-武汉,br-2,br,ens6,NULL,0,0,0,0,0,0,0,0,0
2026-07-28 12:37:00,ccf-aiops-武汉,br-2,br,ens7,NULL,0,0,0,0,0,0,0,0,0
2026-07-28 12:37:00,ccf-aiops-武汉,br-2,br,ens8,NULL,0,0,0,0,0,0,0,0,0
2026-07-28 12:37:00,ccf-aiops-武汉,br-2,br,ens9,NULL,0,0,0,0,0,0,0,0,0
2026-07-28 12:37:00,ccf-aiops-武汉,cr-1,cr,ens10,NULL,0,0,0,0,0,0,0,0,0
2026-07-28 12:37:00,ccf-aiops-武汉,cr-1,cr,ens11,NULL,0,0,0,0,0,0,0,0,0
2026-07-28 12:37:00,ccf-aiops-武汉,cr-1,cr,ens12,NULL,0,0,0,0,0,0,0,0,0
2026-07-28 12:37:00,ccf-aiops-武汉,cr-1,cr,ens3,NULL,9.866666666666667,0,0.13333333333333333,0,0,0,0,0,0
2026-07-28 12:37:00,ccf-aiops-武汉,cr-1,cr,ens4,backbone,1524.7555555555555,801.4888888888888,7,6.866666666666666,0,0,0,0,0
2026-07-28 12:37:00,ccf-aiops-武汉,cr-1,cr,ens5,backbone,918.4222222222221,3630.9555555555553,7.844444444444444,7.866666666666666,0,0,0,0,0
2026-07-28 12:37:00,ccf-aiops-武汉,cr-1,cr,ens6,NULL,0,0,0,0,0,0,0,0,0
2026-07-28 12:37:00,ccf-aiops-武汉,cr-1,cr,ens7,NULL,0,0,0,0,0,0,0,0,0
2026-07-28 12:37:00,ccf-aiops-武汉,cr-1,cr,ens8,NULL,0,0,0,0,0,0,0,0,0
2026-07-28 12:37:00,ccf-aiops-武汉,cr-1,cr,ens9,NULL,0,0,0,0,0,0,0,0,0
2026-07-28 12:37:00,ccf-aiops-武汉,cr-2,cr,ens10,NULL,0,0,0,0,0,0,0,0,0
2026-07-28 12:37:00,ccf-aiops-武汉,cr-2,cr,ens11,NULL,0,0,0,0,0,0,0,0,0
2026-07-28 12:37:00,ccf-aiops-武汉,cr-2,cr,ens12,NULL,0,0,0,0,0,0,0,0,0
2026-07-28 12:37:00,ccf-aiops-武汉,cr-2,cr,ens3,NULL,1.5555555555555556,0,0.02222222222222222,0,0,0,0,0,0
2026-07-28 12:37:00,ccf-aiops-武汉,cr-2,cr,ens4,backbone,4730.0888888888885,711.0888888888888,6.7555555555555555,6.022222222222223,0,0,0,0,0
2026-07-28 12:37:00,ccf-aiops-武汉,cr-2,cr,ens5,backbone,838.9555555555555,6914.266666666666,7.133333333333334,7.644444444444446,0,0,0,0,0
2026-07-28 12:37:00,ccf-aiops-武汉,cr-2,cr,ens6,NULL,0,0,0,0,0,0,0,0,0
2026-07-28 12:37:00,ccf-aiops-武汉,cr-2,cr,ens7,NULL,0,0,0,0,0,0,0,0,0
2026-07-28 12:37:00,ccf-aiops-武汉,cr-2,cr,ens8,NULL,0,0,0,0,0,0,0,0,0
2026-07-28 12:37:00,ccf-aiops-武汉,cr-2,cr,ens9,NULL,0,0,0,0,0,0,0,0,0
2026-07-28 12:37:00,ccf-aiops-武汉,fw,firewall,ens3,NULL,372.35555555555555,231.8222222222222,3.7777777777777777,1.9777777777777776,0,0,0,0,0
2026-07-28 12:37:00,ccf-aiops-武汉,fw,firewall,ens4,backbone,11235.688888888888,2190.3333333333335,20.733333333333334,18.533333333333335,0,0,0,0,0
2026-07-28 12:37:00,ccf-aiops-武汉,fw,firewall,ens5,business,2256.311111111111,12395.31111111111,19.111111111111107,20.84444444444444,0,0,0,0,0
2026-07-28 12:37:00,ccf-aiops-武汉,fw,firewall,ens6,NULL,0,0,0,0,0,0,0,0,0
2026-07-28 12:37:00,ccf-aiops-武汉,monitor-vm,collector,ens3,NULL,186.6222222222222,128.88888888888889,1.7555555555555555,0.9555555555555555,0,0,0,0,0
2026-07-28 12:37:00,ccf-aiops-武汉,monitor-vm,collector,ens4,mgmt,29839.2,1043.2222222222222,11.155555555555555,9.244444444444444,0,0,0,0,0
2026-07-28 12:37:00,ccf-aiops-武汉,monitor-vm,collector,ens5,NULL,0,0,0,0,0,0,0,0,0
2026-07-28 12:37:00,ccf-aiops-武汉,monitor-vm,collector,ens6,NULL,0,0,0,0,0,0,0,0,0
2026-07-28 12:37:00,ccf-aiops-武汉,probe-vm,probe,ens3,NULL,65.28888888888888,61.822222222222216,0.4444444444444444,0.31111111111111106,0,0,0,0,0
2026-07-28 12:37:00,ccf-aiops-武汉,probe-vm,probe,ens4,business,58.44444444444444,1175.7777777777776,0.4888888888888889,0.3777777777777777,0,0,0,0,0
2026-07-28 12:37:00,ccf-aiops-武汉,probe-vm,probe,ens5,NULL,0,0,0,0,0,0,0,0,0
2026-07-28 12:37:00,ccf-aiops-武汉,probe-vm,probe,ens6,NULL,0,0,0,0,0,0,0,0,0
2026-07-28 12:37:00,ccf-aiops-武汉,service-vm-1,service,ens3,NULL,125.68888888888888,96.35555555555555,1.0888888888888888,0.6444444444444444,0,0,0,0,0
2026-07-28 12:37:00,ccf-aiops-武汉,service-vm-1,service,ens4,service,1613.3777777777775,2748.555555555555,13.533333333333333,13.42222222222222,0,0,0,0,0
2026-07-28 12:37:00,ccf-aiops-武汉,service-vm-1,service,ens5,NULL,0,0,0,0,0,0,0,0,0
2026-07-28 12:37:00,ccf-aiops-武汉,service-vm-1,service,ens6,NULL,0,0,0,0,0,0,0,0,0
2026-07-28 12:37:00,ccf-aiops-武汉,service-vm-2,service,ens3,NULL,1.5555555555555556,0,0.022222222222222223,0,0,0,0,0,0
2026-07-28 12:37:00,ccf-aiops-武汉,service-vm-2,service,ens4,service,64.17777777777778,1179.3555555555554,0.5555555555555556,0.4,0,0,0,0,0
2026-07-28 12:37:00,ccf-aiops-武汉,service-vm-2,service,ens5,NULL,0,0,0,0,0,0,0,0,0
2026-07-28 12:37:00,ccf-aiops-武汉,service-vm-2,service,ens6,NULL,0,0,0,0,0,0,0,0,0
2026-07-28 12:37:00,ccf-aiops-武汉,service-vm-3,service,ens3,NULL,1.5555555555555556,0,0.022222222222222223,0,0,0,0,0,0
2026-07-28 12:37:00,ccf-aiops-武汉,service-vm-3,service,ens4,service,62.266666666666666,1179.8444444444442,0.5333333333333333,0.4,0,0,0,0,0
2026-07-28 12:37:00,ccf-aiops-武汉,service-vm-3,service,ens5,NULL,0,0,0,0,0,0,0,0,0
2026-07-28 12:37:00,ccf-aiops-武汉,service-vm-3,service,ens6,NULL,0,0,0,0,0,0,0,0,0
2026-07-28 12:37:00,ccf-aiops-武汉,traffic-vm,traffic,ens3,NULL,56.044444444444444,62.35555555555555,0.31111111111111106,0.31111111111111106,0,0,0,0,0
2026-07-28 12:37:00,ccf-aiops-武汉,traffic-vm,traffic,ens4,business,554.0222222222221,14869.62222222222,4.866666666666666,4.2444444444444445,0,0,0,0,0
2026-07-28 12:37:00,ccf-aiops-武汉,traffic-vm,traffic,ens5,NULL,0,0,0,0,0,0,0,0,0
2026-07-28 12:37:00,ccf-aiops-武汉,traffic-vm,traffic,ens6,NULL,0,0,0,0,0,0,0,0,0
2026-07-28 12:38:00,ccf-aiops-武汉,br-1,br,ens10,NULL,0,0,0,0,0,0,0,0,0
2026-07-28 12:38:00,ccf-aiops-武汉,br-1,br,ens11,NULL,0,0,0,0,0,0,0,0,0
2026-07-28 12:38:00,ccf-aiops-武汉,br-1,br,ens12,NULL,0,0,0,0,0,0,0,0,0
2026-07-28 12:38:00,ccf-aiops-武汉,br-1,br,ens3,NULL,108.97777777777777,114.22222222222221,0.5777777777777777,0.5555555555555555,0,0,0,0,0
2026-07-28 12:38:00,ccf-aiops-武汉,br-1,br,ens4,backbone,2820.9777777777776,2817.5333333333333,21.4,22.8,0,0,0,0,0
2026-07-28 12:38:00,ccf-aiops-武汉,br-1,br,ens5,backbone,1762.822222222222,4102.977777777777,15,13.222222222222221,0,0,0,0,0
2026-07-28 12:38:00,ccf-aiops-武汉,br-1,br,ens6,NULL,0,0,0,0,0,0,0,0,0
2026-07-28 12:38:00,ccf-aiops-武汉,br-1,br,ens7,NULL,0,0,0,0,0,0,0,0,0
2026-07-28 12:38:00,ccf-aiops-武汉,br-1,br,ens8,NULL,0,0,0,0,0,0,0,0,0
2026-07-28 12:38:00,ccf-aiops-武汉,br-1,br,ens9,NULL,0,0,0,0,0,0,0,0,0
2026-07-28 12:38:00,ccf-aiops-武汉,br-2,br,ens10,NULL,0,0,0,0,0,0,0,0,0
2026-07-28 12:38:00,ccf-aiops-武汉,br-2,br,ens11,NULL,0,0,0,0,0,0,0,0,0
2026-07-28 12:38:00,ccf-aiops-武汉,br-2,br,ens12,NULL,0,0,0,0,0,0,0,0,0
2026-07-28 12:38:00,ccf-aiops-武汉,br-2,br,ens3,NULL,1.3333333333333333,0,0.02222222222222222,0,0,0,0,0,0
2026-07-28 12:38:00,ccf-aiops-武汉,br-2,br,ens4,backbone,2316.3777777777777,1933.6666666666667,17.82222222222222,16.022222222222222,0,0,0,0,0
2026-07-28 12:38:00,ccf-aiops-武汉,br-2,br,ens5,backbone,1682.9555555555555,4539.644444444444,14.044444444444444,15.71111111111111,0,0,0,0,0
2026-07-28 12:38:00,ccf-aiops-武汉,br-2,br,ens6,NULL,0,0,0,0,0,0,0,0,0
2026-07-28 12:38:00,ccf-aiops-武汉,br-2,br,ens7,NULL,0,0,0,0,0,0,0,0,0
2026-07-28 12:38:00,ccf-aiops-武汉,br-2,br,ens8,NULL,0,0,0,0,0,0,0,0,0
2026-07-28 12:38:00,ccf-aiops-武汉,br-2,br,ens9,NULL,0,0,0,0,0,0,0,0,0
2026-07-28 12:38:00,ccf-aiops-武汉,cr-1,cr,ens10,NULL,0,0,0,0,0,0,0,0,0
2026-07-28 12:38:00,ccf-aiops-武汉,cr-1,cr,ens11,NULL,0,0,0,0,0,0,0,0,0
2026-07-28 12:38:00,ccf-aiops-武汉,cr-1,cr,ens12,NULL,0,0,0,0,0,0,0,0,0
2026-07-28 12:38:00,ccf-aiops-武汉,cr-1,cr,ens3,NULL,119.13333333333334,123.26666666666667,0.6222222222222221,0.6222222222222221,0,0,0,0,0
2026-07-28 12:38:00,ccf-aiops-武汉,cr-1,cr,ens4,backbone,2694.288888888889,1548.2444444444443,14.622222222222222,13.044444444444444,0,0,0,0,0
2026-07-28 12:38:00,ccf-aiops-武汉,cr-1,cr,ens5,backbone,1657.711111111111,4819.222222222222,13.933333333333334,15.444444444444445,0,0,0,0,0
2026-07-28 12:38:00,ccf-aiops-武汉,cr-1,cr,ens6,NULL,0,0,0,0,0,0,0,0,0
2026-07-28 12:38:00,ccf-aiops-武汉,cr-1,cr,ens7,NULL,0,0,0,0,0,0,0,0,0
2026-07-28 12:38:00,ccf-aiops-武汉,cr-1,cr,ens8,NULL,0,0,0,0,0,0,0,0,0
2026-07-28 12:38:00,ccf-aiops-武汉,cr-1,cr,ens9,NULL,0,0,0,0,0,0,0,0,0
2026-07-28 12:38:00,ccf-aiops-武汉,cr-2,cr,ens10,NULL,0,0,0,0,0,0,0,0,0
2026-07-28 12:38:00,ccf-aiops-武汉,cr-2,cr,ens11,NULL,0,0,0,0,0,0,0,0,0
2026-07-28 12:38:00,ccf-aiops-武汉,cr-2,cr,ens12,NULL,0,0,0,0,0,0,0,0,0
2026-07-28 12:38:00,ccf-aiops-武汉,cr-2,cr,ens3,NULL,1.3333333333333333,0,0.02222222222222222,0,0,0,0,0,0
2026-07-28 12:38:00,ccf-aiops-武汉,cr-2,cr,ens4,backbone,6062.844444444444,1643.9555555555555,15.533333333333333,13.866666666666667,0,0,0,0,0
2026-07-28 12:38:00,ccf-aiops-武汉,cr-2,cr,ens5,backbone,1770.0888888888887,8164.066666666667,14.955555555555554,16.466666666666665,0,0,0,0,0
2026-07-28 12:38:00,ccf-aiops-武汉,cr-2,cr,ens6,NULL,0,0,0,0,0,0,0,0,0
2026-07-28 12:38:00,ccf-aiops-武汉,cr-2,cr,ens7,NULL,0,0,0,0,0,0,0,0,0
2026-07-28 12:38:00,ccf-aiops-武汉,cr-2,cr,ens8,NULL,0,0,0,0,0,0,0,0,0
2026-07-28 12:38:00,ccf-aiops-武汉,cr-2,cr,ens9,NULL,0,0,0,0,0,0,0,0,0
2026-07-28 12:38:00,ccf-aiops-武汉,fw,firewall,ens3,NULL,362.4888888888889,230.88888888888886,3.6444444444444444,1.9555555555555555,0,0,0,0,0
2026-07-28 12:38:00,ccf-aiops-武汉,fw,firewall,ens4,backbone,13736.466666666667,3675.022222222222,33.511111111111106,30.8,0,0,0,0,0
2026-07-28 12:38:00,ccf-aiops-武汉,fw,firewall,ens5,business,3746.2,14903.577777777777,31.444444444444443,33.71111111111111,0,0,0,0,0
2026-07-28 12:38:00,ccf-aiops-武汉,fw,firewall,ens6,NULL,0,0,0,0,0,0,0,0,0
2026-07-28 12:38:00,ccf-aiops-武汉,monitor-vm,collector,ens3,NULL,178.08888888888887,127.42222222222222,1.6444444444444444,0.9333333333333333,0,0,0,0,0
2026-07-28 12:38:00,ccf-aiops-武汉,monitor-vm,collector,ens4,mgmt,30352.844444444443,1060.4222222222222,12.11111111111111,9.444444444444445,0,0,0,0,0
2026-07-28 12:38:00,ccf-aiops-武汉,monitor-vm,collector,ens5,NULL,0,0,0,0,0,0,0,0,0
2026-07-28 12:38:00,ccf-aiops-武汉,monitor-vm,collector,ens6,NULL,0,0,0,0,0,0,0,0,0
2026-07-28 12:38:00,ccf-aiops-武汉,probe-vm,probe,ens3,NULL,55.822222222222216,62.35555555555555,0.31111111111111106,0.31111111111111106,0,0,0,0,0
2026-07-28 12:38:00,ccf-aiops-武汉,probe-vm,probe,ens4,business,54.62222222222222,1164.9777777777776,0.4444444444444444,0.26666666666666666,0,0,0,0,0
2026-07-28 12:38:00,ccf-aiops-武汉,probe-vm,probe,ens5,NULL,0,0,0,0,0,0,0,0,0
2026-07-28 12:38:00,ccf-aiops-武汉,probe-vm,probe,ens6,NULL,0,0,0,0,0,0,0,0,0
2026-07-28 12:38:00,ccf-aiops-武汉,service-vm-1,service,ens3,NULL,117.15555555555555,96.35555555555555,0.9777777777777777,0.6444444444444444,0,0,0,0,0
2026-07-28 12:38:00,ccf-aiops-武汉,service-vm-1,service,ens4,service,2095.5555555555557,3244.4444444444443,17.51111111111111,17.31111111111111,0,0,0,0,0
2026-07-28 12:38:00,ccf-aiops-武汉,service-vm-1,service,ens5,NULL,0,0,0,0,0,0,0,0,0
2026-07-28 12:38:00,ccf-aiops-武汉,service-vm-1,service,ens6,NULL,0,0,0,0,0,0,0,0,0
2026-07-28 12:38:00,ccf-aiops-武汉,service-vm-2,service,ens3,NULL,4.133333333333334,2.4,0.06666666666666667,0.04444444444444444,0,0,0,0,0
2026-07-28 12:38:00,ccf-aiops-武汉,service-vm-2,service,ens4,service,66.08888888888889,1177.0666666666666,0.5777777777777777,0.3777777777777777,0,0,0,0,0
2026-07-28 12:38:00,ccf-aiops-武汉,service-vm-2,service,ens5,NULL,0,0,0,0,0,0,0,0,0
2026-07-28 12:38:00,ccf-aiops-武汉,service-vm-2,service,ens6,NULL,0,0,0,0,0,0,0,0,0
2026-07-28 12:38:00,ccf-aiops-武汉,service-vm-3,service,ens3,NULL,55.822222222222216,62.35555555555555,0.31111111111111106,0.31111111111111106,0,0,0,0,0
2026-07-28 12:38:00,ccf-aiops-武汉,service-vm-3,service,ens4,service,64.17777777777778,1179.7333333333333,0.5555555555555555,0.4,0,0,0,0,0
2026-07-28 12:38:00,ccf-aiops-武汉,service-vm-3,service,ens5,NULL,0,0,0,0,0,0,0,0,0
2026-07-28 12:38:00,ccf-aiops-武汉,service-vm-3,service,ens6,NULL,0,0,0,0,0,0,0,0,0
2026-07-28 12:38:00,ccf-aiops-武汉,traffic-vm,traffic,ens3,NULL,55.822222222222216,62.35555555555555,0.31111111111111106,0.31111111111111106,0,0,0,0,0
2026-07-28 12:38:00,ccf-aiops-武汉,traffic-vm,traffic,ens4,business,2258.822222222222,16117.377777777778,15.444444444444445,15.02222222222222,0,0,0,0,0
2026-07-28 12:38:00,ccf-aiops-武汉,traffic-vm,traffic,ens5,NULL,0,0,0,0,0,0,0,0,0
2026-07-28 12:38:00,ccf-aiops-武汉,traffic-vm,traffic,ens6,NULL,0,0,0,0,0,0,0,0,0
2026-07-28 12:39:00,ccf-aiops-武汉,br-1,br,ens10,NULL,0,0,0,0,0,0,0,0,0
2026-07-28 12:39:00,ccf-aiops-武汉,br-1,br,ens11,NULL,0,0,0,0,0,0,0,0,0
2026-07-28 12:39:00,ccf-aiops-武汉,br-1,br,ens12,NULL,0,0,0,0,0,0,0,0,0
2026-07-28 12:39:00,ccf-aiops-武汉,br-1,br,ens3,NULL,2.533333333333333,0,0.02222222222222222,0,0,0,0,0,0
2026-07-28 12:39:00,ccf-aiops-武汉,br-1,br,ens4,backbone,1637.711111111111,1361.2666666666667,13.044444444444444,11.42222222222222,0,0,0,0,0
2026-07-28 12:39:00,ccf-aiops-武汉,br-1,br,ens5,backbone,1160.9555555555555,4141.511111111111,9.71111111111111,11.31111111111111,0,0,0,0,0
2026-07-28 12:39:00,ccf-aiops-武汉,br-1,br,ens6,NULL,0,0,0,0,0,0,0,0,0
2026-07-28 12:39:00,ccf-aiops-武汉,br-1,br,ens7,NULL,0,0,0,0,0,0,0,0,0
2026-07-28 12:39:00,ccf-aiops-武汉,br-1,br,ens8,NULL,0,0,0,0,0,0,0,0,0
2026-07-28 12:39:00,ccf-aiops-武汉,br-1,br,ens9,NULL,0,0,0,0,0,0,0,0,0
2026-07-28 12:39:00,ccf-aiops-武汉,br-2,br,ens10,NULL,0,0,0,0,0,0,0,0,0
2026-07-28 12:39:00,ccf-aiops-武汉,br-2,br,ens11,NULL,0,0,0,0,0,0,0,0,0
2026-07-28 12:39:00,ccf-aiops-武汉,br-2,br,ens12,NULL,0,0,0,0,0,0,0,0,0
2026-07-28 12:39:00,ccf-aiops-武汉,br-2,br,ens3,NULL,7.2,10.533333333333333,0.1111111111111111,0.1111111111111111,0,0,0,0,0
2026-07-28 12:39:00,ccf-aiops-武汉,br-2,br,ens4,backbone,1469.5333333333333,1485.822222222222,11.666666666666666,12.622222222222222,0,0,0,0,0
2026-07-28 12:39:00,ccf-aiops-武汉,br-2,br,ens5,backbone,1226.5777777777776,3883.3777777777777,10.555555555555554,9.6,0,0,0,0,0
2026-07-28 12:39:00,ccf-aiops-武汉,br-2,br,ens6,NULL,0,0,0,0,0,0,0,0,0
2026-07-28 12:39:00,ccf-aiops-武汉,br-2,br,ens7,NULL,0,0,0,0,0,0,0,0,0
2026-07-28 12:39:00,ccf-aiops-武汉,br-2,br,ens8,NULL,0,0,0,0,0,0,0,0,0
2026-07-28 12:39:00,ccf-aiops-武汉,br-2,br,ens9,NULL,0,0,0,0,0,0,0,0,0
2026-07-28 12:39:00,ccf-aiops-武汉,cr-1,cr,ens10,NULL,0,0,0,0,0,0,0,0,0
2026-07-28 12:39:00,ccf-aiops-武汉,cr-1,cr,ens11,NULL,0,0,0,0,0,0,0,0,0
2026-07-28 12:39:00,ccf-aiops-武汉,cr-1,cr,ens12,NULL,0,0,0,0,0,0,0,0,0
2026-07-28 12:39:00,ccf-aiops-武汉,cr-1,cr,ens3,NULL,2.533333333333333,0,0.02222222222222222,0,0,0,0,0,0
2026-07-28 12:39:00,ccf-aiops-武汉,cr-1,cr,ens4,backbone,2424.4444444444443,1259.9333333333334,10.177777777777777,10.644444444444444,0,0,0,0,0
2026-07-28 12:39:00,ccf-aiops-武汉,cr-1,cr,ens5,backbone,1374.4222222222222,4986.844444444444,11.6,11.333333333333334,0,0,0,0,0
2026-07-28 12:39:00,ccf-aiops-武汉,cr-1,cr,ens6,NULL,0,0,0,0,0,0,0,0,0
2026-07-28 12:39:00,ccf-aiops-武汉,cr-1,cr,ens7,NULL,0,0,0,0,0,0,0,0,0
2026-07-28 12:39:00,ccf-aiops-武汉,cr-1,cr,ens8,NULL,0,0,0,0,0,0,0,0,0
2026-07-28 12:39:00,ccf-aiops-武汉,cr-1,cr,ens9,NULL,0,0,0,0,0,0,0,0,0
2026-07-28 12:39:00,ccf-aiops-武汉,cr-2,cr,ens10,NULL,0,0,0,0,0,0,0,0,0
2026-07-28 12:39:00,ccf-aiops-武汉,cr-2,cr,ens11,NULL,0,0,0,0,0,0,0,0,0
2026-07-28 12:39:00,ccf-aiops-武汉,cr-2,cr,ens12,NULL,0,0,0,0,0,0,0,0,0
2026-07-28 12:39:00,ccf-aiops-武汉,cr-2,cr,ens3,NULL,1.3333333333333333,0.9333333333333333,0.02222222222222222,0.02222222222222222,0,0,0,0,0
2026-07-28 12:39:00,ccf-aiops-武汉,cr-2,cr,ens4,backbone,5784.488888888888,1193.5555555555554,11.955555555555554,10.177777777777777,0,0,0,0,0
2026-07-28 12:39:00,ccf-aiops-武汉,cr-2,cr,ens5,backbone,1319.511111111111,8358.644444444444,11.266666666666667,13.2,0,0,0,0,0
2026-07-28 12:39:00,ccf-aiops-武汉,cr-2,cr,ens6,NULL,0,0,0,0,0,0,0,0,0
2026-07-28 12:39:00,ccf-aiops-武汉,cr-2,cr,ens7,NULL,0,0,0,0,0,0,0,0,0
2026-07-28 12:39:00,ccf-aiops-武汉,cr-2,cr,ens8,NULL,0,0,0,0,0,0,0,0,0
2026-07-28 12:39:00,ccf-aiops-武汉,cr-2,cr,ens9,NULL,0,0,0,0,0,0,0,0,0
2026-07-28 12:39:00,ccf-aiops-武汉,fw,firewall,ens3,NULL,363.68888888888887,232.35555555555553,3.6444444444444444,1.9777777777777776,0,0,0,0,0
2026-07-28 12:39:00,ccf-aiops-武汉,fw,firewall,ens4,backbone,13776.8,2515.022222222222,25,21.266666666666666,0,0,0,0,0
2026-07-28 12:39:00,ccf-aiops-武汉,fw,firewall,ens5,business,2588.4666666666667,14941.71111111111,21.933333333333334,25.177777777777774,0,0,0,0,0
2026-07-28 12:39:00,ccf-aiops-武汉,fw,firewall,ens6,NULL,0,0,0,0,0,0,0,0,0
2026-07-28 12:39:00,ccf-aiops-武汉,monitor-vm,collector,ens3,NULL,175.6,126.62222222222222,1.6,0.9333333333333333,0,0,0,0,0
2026-07-28 12:39:00,ccf-aiops-武汉,monitor-vm,collector,ens4,mgmt,31657.133333333335,1057.1333333333334,12.888888888888888,9.4,0,0,0,0,0
2026-07-28 12:39:00,ccf-aiops-武汉,monitor-vm,collector,ens5,NULL,0,0,0,0,0,0,0,0,0
2026-07-28 12:39:00,ccf-aiops-武汉,monitor-vm,collector,ens6,NULL,0,0,0,0,0,0,0,0,0
2026-07-28 12:39:00,ccf-aiops-武汉,probe-vm,probe,ens3,NULL,57.02222222222222,62.35555555555555,0.31111111111111106,0.31111111111111106,0,0,0,0,0
2026-07-28 12:39:00,ccf-aiops-武汉,probe-vm,probe,ens4,business,53.24444444444444,1166.7777777777776,0.4222222222222222,0.26666666666666666,0,0,0,0,0
2026-07-28 12:39:00,ccf-aiops-武汉,probe-vm,probe,ens5,NULL,0,0,0,0,0,0,0,0,0
2026-07-28 12:39:00,ccf-aiops-武汉,probe-vm,probe,ens6,NULL,0,0,0,0,0,0,0,0,0
2026-07-28 12:39:00,ccf-aiops-武汉,service-vm-1,service,ens3,NULL,118.35555555555555,96.35555555555555,0.9777777777777777,0.6444444444444444,0,0,0,0,0
2026-07-28 12:39:00,ccf-aiops-武汉,service-vm-1,service,ens4,service,1619.9555555555555,2739.8888888888887,13.6,13.288888888888888,0,0,0,0,0
2026-07-28 12:39:00,ccf-aiops-武汉,service-vm-1,service,ens5,NULL,0,0,0,0,0,0,0,0,0
2026-07-28 12:39:00,ccf-aiops-武汉,service-vm-1,service,ens6,NULL,0,0,0,0,0,0,0,0,0
2026-07-28 12:39:00,ccf-aiops-武汉,service-vm-2,service,ens3,NULL,54.48888888888889,62.35555555555555,0.28888888888888886,0.31111111111111106,0,0,0,0,0
2026-07-28 12:39:00,ccf-aiops-武汉,service-vm-2,service,ens4,service,66.08888888888889,1177.822222222222,0.5777777777777777,0.4,0,0,0,0,0
2026-07-28 12:39:00,ccf-aiops-武汉,service-vm-2,service,ens5,NULL,0,0,0,0,0,0,0,0,0
2026-07-28 12:39:00,ccf-aiops-武汉,service-vm-2,service,ens6,NULL,0,0,0,0,0,0,0,0,0
2026-07-28 12:39:00,ccf-aiops-武汉,service-vm-3,service,ens3,NULL,54.48888888888889,62.35555555555555,0.28888888888888886,0.31111111111111106,0,0,0,0,0
2026-07-28 12:39:00,ccf-aiops-武汉,service-vm-3,service,ens4,service,64.17777777777778,1180.7333333333333,0.5555555555555555,0.4,0,0,0,0,0
2026-07-28 12:39:00,ccf-aiops-武汉,service-vm-3,service,ens5,NULL,0,0,0,0,0,0,0,0,0
2026-07-28 12:39:00,ccf-aiops-武汉,service-vm-3,service,ens6,NULL,0,0,0,0,0,0,0,0,0
2026-07-28 12:39:00,ccf-aiops-武汉,traffic-vm,traffic,ens3,NULL,54.48888888888889,60.888888888888886,0.28888888888888886,0.28888888888888886,0,0,0,0,0
2026-07-28 12:39:00,ccf-aiops-武汉,traffic-vm,traffic,ens4,business,1608.2,15654.777777777777,11.8,11.088888888888887,0,0,0,0,0
2026-07-28 12:39:00,ccf-aiops-武汉,traffic-vm,traffic,ens5,NULL,0,0,0,0,0,0,0,0,0
2026-07-28 12:39:00,ccf-aiops-武汉,traffic-vm,traffic,ens6,NULL,0,0,0,0,0,0,0,0,0
2026-07-28 12:40:00,ccf-aiops-武汉,br-1,br,ens10,NULL,0,0,0,0,0,0,0,0,0
2026-07-28 12:40:00,ccf-aiops-武汉,br-1,br,ens11,NULL,0,0,0,0,0,0,0,0,0
2026-07-28 12:40:00,ccf-aiops-武汉,br-1,br,ens12,NULL,0,0,0,0,0,0,0,0,0
2026-07-28 12:40:00,ccf-aiops-武汉,br-1,br,ens3,NULL,32.666666666666664,0,0.4666666666666667,0,0,0,0,0,0
2026-07-28 12:40:00,ccf-aiops-武汉,br-1,br,ens4,backbone,2558.866666666667,2462.266666666667,19.955555555555556,19.533333333333335,0,0,0,0,0
2026-07-28 12:40:00,ccf-aiops-武汉,br-1,br,ens5,backbone,978.6666666666666,3337.6666666666665,8.333333333333334,8.377777777777776,0,0,0,0,0
2026-07-28 12:40:00,ccf-aiops-武汉,br-1,br,ens6,NULL,0,0,0,0,0,0,0,0,0
2026-07-28 12:40:00,ccf-aiops-武汉,br-1,br,ens7,NULL,0,0,0,0,0,0,0,0,0
2026-07-28 12:40:00,ccf-aiops-武汉,br-1,br,ens8,NULL,0,0,0,0,0,0,0,0,0
2026-07-28 12:40:00,ccf-aiops-武汉,br-1,br,ens9,NULL,0,0,0,0,0,0,0,0,0
2026-07-28 12:40:00,ccf-aiops-武汉,br-2,br,ens10,NULL,0,0,0,0,0,0,0,0,0
2026-07-28 12:40:00,ccf-aiops-武汉,br-2,br,ens11,NULL,0,0,0,0,0,0,0,0,0
2026-07-28 12:40:00,ccf-aiops-武汉,br-2,br,ens12,NULL,0,0,0,0,0,0,0,0,0
2026-07-28 12:40:00,ccf-aiops-武汉,br-2,br,ens3,NULL,32.666666666666664,0,0.4666666666666667,0,0,0,0,0,0
2026-07-28 12:40:00,ccf-aiops-武汉,br-2,br,ens4,backbone,2277.8888888888887,2093.2,17.08888888888889,16.266666666666666,0,0,0,0,0
2026-07-28 12:40:00,ccf-aiops-武汉,br-2,br,ens5,backbone,737.5555555555554,3290.9333333333334,6.4,6.777777777777777,0,0,0,0,0
2026-07-28 12:40:00,ccf-aiops-武汉,br-2,br,ens6,NULL,0,0,0,0,0,0,0,0,0
2026-07-28 12:40:00,ccf-aiops-武汉,br-2,br,ens7,NULL,0,0,0,0,0,0,0,0,0
2026-07-28 12:40:00,ccf-aiops-武汉,br-2,br,ens8,NULL,0,0,0,0,0,0,0,0,0
2026-07-28 12:40:00,ccf-aiops-武汉,br-2,br,ens9,NULL,0,0,0,0,0,0,0,0,0
2026-07-28 12:40:00,ccf-aiops-武汉,cr-1,cr,ens10,NULL,0,0,0,0,0,0,0,0,0
2026-07-28 12:40:00,ccf-aiops-武汉,cr-1,cr,ens11,NULL,0,0,0,0,0,0,0,0,0
2026-07-28 12:40:00,ccf-aiops-武汉,cr-1,cr,ens12,NULL,0,0,0,0,0,0,0,0,0
2026-07-28 12:40:00,ccf-aiops-武汉,cr-1,cr,ens3,NULL,140.3111111111111,114.22222222222221,1.0222222222222221,0.5555555555555555,0,0,0,0,0
2026-07-28 12:40:00,ccf-aiops-武汉,cr-1,cr,ens4,backbone,1613.0888888888887,906.7555555555555,7.044444444444443,7.777777777777777,0,0,0,0,0
2026-07-28 12:40:00,ccf-aiops-武汉,cr-1,cr,ens5,backbone,1019.8666666666667,3821.5777777777776,8.71111111111111,8,0,0,0,0,0
2026-07-28 12:40:00,ccf-aiops-武汉,cr-1,cr,ens6,NULL,0,0,0,0,0,0,0,0,0
2026-07-28 12:40:00,ccf-aiops-武汉,cr-1,cr,ens7,NULL,0,0,0,0,0,0,0,0,0
2026-07-28 12:40:00,ccf-aiops-武汉,cr-1,cr,ens8,NULL,0,0,0,0,0,0,0,0,0
2026-07-28 12:40:00,ccf-aiops-武汉,cr-1,cr,ens9,NULL,0,0,0,0,0,0,0,0,0
2026-07-28 12:40:00,ccf-aiops-武汉,cr-2,cr,ens10,NULL,0,0,0,0,0,0,0,0,0
2026-07-28 12:40:00,ccf-aiops-武汉,cr-2,cr,ens11,NULL,0,0,0,0,0,0,0,0,0
2026-07-28 12:40:00,ccf-aiops-武汉,cr-2,cr,ens12,NULL,0,0,0,0,0,0,0,0,0
2026-07-28 12:40:00,ccf-aiops-武汉,cr-2,cr,ens3,NULL,140.3111111111111,114.22222222222221,1.0222222222222221,0.5555555555555555,0,0,0,0,0
2026-07-28 12:40:00,ccf-aiops-武汉,cr-2,cr,ens4,backbone,5391.555555555556,920.311111111111,10.155555555555555,7.733333333333333,0,0,0,0,0
2026-07-28 12:40:00,ccf-aiops-武汉,cr-2,cr,ens5,backbone,1046.2666666666667,7781.51111111111,8.822222222222221,11.355555555555554,0,0,0,0,0
2026-07-28 12:40:00,ccf-aiops-武汉,cr-2,cr,ens6,NULL,0,0,0,0,0,0,0,0,0
2026-07-28 12:40:00,ccf-aiops-武汉,cr-2,cr,ens7,NULL,0,0,0,0,0,0,0,0,0
2026-07-28 12:40:00,ccf-aiops-武汉,cr-2,cr,ens8,NULL,0,0,0,0,0,0,0,0,0
2026-07-28 12:40:00,ccf-aiops-武汉,cr-2,cr,ens9,NULL,0,0,0,0,0,0,0,0,0
2026-07-28 12:40:00,ccf-aiops-武汉,fw,firewall,ens3,NULL,340.6666666666667,170.93333333333334,3.822222222222222,1.6888888888888889,0,0,0,0,0
2026-07-28 12:40:00,ccf-aiops-武汉,fw,firewall,ens4,backbone,12019.511111111111,1881.888888888889,18.88888888888889,16.066666666666666,0,0,0,0,0
2026-07-28 12:40:00,ccf-aiops-武汉,fw,firewall,ens5,business,1949.6,13181.177777777777,16.666666666666668,19.022222222222222,0,0,0,0,0
2026-07-28 12:40:00,ccf-aiops-武汉,fw,firewall,ens6,NULL,0,0,0,0,0,0,0,0,0
2026-07-28 12:40:00,ccf-aiops-武汉,monitor-vm,collector,ens3,NULL,156.66666666666666,68.93333333333334,1.8222222222222222,0.6888888888888888,0,0,0,0,0
2026-07-28 12:40:00,ccf-aiops-武汉,monitor-vm,collector,ens4,mgmt,30297.04444444444,1056.6,11.822222222222221,9.4,0,0,0,0,0
2026-07-28 12:40:00,ccf-aiops-武汉,monitor-vm,collector,ens5,NULL,0,0,0,0,0,0,0,0,0
2026-07-28 12:40:00,ccf-aiops-武汉,monitor-vm,collector,ens6,NULL,0,0,0,0,0,0,0,0,0
2026-07-28 12:40:00,ccf-aiops-武汉,probe-vm,probe,ens3,NULL,84.04444444444444,62.35555555555555,0.711111111111111,0.31111111111111106,0,0,0,0,0
2026-07-28 12:40:00,ccf-aiops-武汉,probe-vm,probe,ens4,business,56.53333333333333,1172.3333333333333,0.4666666666666667,0.3333333333333333,0,0,0,0,0
2026-07-28 12:40:00,ccf-aiops-武汉,probe-vm,probe,ens5,NULL,0,0,0,0,0,0,0,0,0
2026-07-28 12:40:00,ccf-aiops-武汉,probe-vm,probe,ens6,NULL,0,0,0,0,0,0,0,0,0
2026-07-28 12:40:00,ccf-aiops-武汉,service-vm-1,service,ens3,NULL,96.88888888888889,34.93333333333333,1.1777777777777776,0.3555555555555555,0,0,0,0,0
2026-07-28 12:40:00,ccf-aiops-武汉,service-vm-1,service,ens4,service,1061.7777777777778,2195.2,8.888888888888888,8.688888888888888,0,0,0,0,0
2026-07-28 12:40:00,ccf-aiops-武汉,service-vm-1,service,ens5,NULL,0,0,0,0,0,0,0,0,0
2026-07-28 12:40:00,ccf-aiops-武汉,service-vm-1,service,ens6,NULL,0,0,0,0,0,0,0,0,0
2026-07-28 12:40:00,ccf-aiops-武汉,service-vm-2,service,ens3,NULL,34.222222222222214,0,0.4888888888888889,0,0,0,0,0,0
2026-07-28 12:40:00,ccf-aiops-武汉,service-vm-2,service,ens4,service,64.17777777777778,1178.9555555555555,0.5555555555555555,0.4,0,0,0,0,0
2026-07-28 12:40:00,ccf-aiops-武汉,service-vm-2,service,ens5,NULL,0,0,0,0,0,0,0,0,0
2026-07-28 12:40:00,ccf-aiops-武汉,service-vm-2,service,ens6,NULL,0,0,0,0,0,0,0,0,0
2026-07-28 12:40:00,ccf-aiops-武汉,service-vm-3,service,ens3,NULL,32.666666666666664,0,0.4666666666666667,0,0,0,0,0,0
2026-07-28 12:40:00,ccf-aiops-武汉,service-vm-3,service,ens4,service,64.17777777777778,1180.2666666666667,0.5555555555555555,0.4,0,0,0,0,0
2026-07-28 12:40:00,ccf-aiops-武汉,service-vm-3,service,ens5,NULL,0,0,0,0,0,0,0,0,0
2026-07-28 12:40:00,ccf-aiops-武汉,service-vm-3,service,ens6,NULL,0,0,0,0,0,0,0,0,0
2026-07-28 12:40:00,ccf-aiops-武汉,traffic-vm,traffic,ens3,NULL,87.15555555555555,60.888888888888886,0.7555555555555554,0.28888888888888886,0,0,0,0,0
2026-07-28 12:40:00,ccf-aiops-武汉,traffic-vm,traffic,ens4,business,1284.4222222222222,15463,9.933333333333334,9.4,0,0,0,0,0
2026-07-28 12:40:00,ccf-aiops-武汉,traffic-vm,traffic,ens5,NULL,0,0,0,0,0,0,0,0,0
2026-07-28 12:40:00,ccf-aiops-武汉,traffic-vm,traffic,ens6,NULL,0,0,0,0,0,0,0,0,0
2026-07-28 12:41:00,ccf-aiops-武汉,br-1,br,ens10,NULL,0,0,0,0,0,0,0,0,0
2026-07-28 12:41:00,ccf-aiops-武汉,br-1,br,ens11,NULL,0,0,0,0,0,0,0,0,0
2026-07-28 12:41:00,ccf-aiops-武汉,br-1,br,ens12,NULL,0,0,0,0,0,0,0,0,0
2026-07-28 12:41:00,ccf-aiops-武汉,br-1,br,ens3,NULL,2.533333333333333,0,0.02222222222222222,0,0,0,0,0,0
2026-07-28 12:41:00,ccf-aiops-武汉,br-1,br,ens4,backbone,1718.9555555555555,1541.6444444444444,13.244444444444444,12.533333333333333,0,0,0,0,0
2026-07-28 12:41:00,ccf-aiops-武汉,br-1,br,ens5,backbone,895.4222222222221,3693.0666666666666,7.622222222222222,8.288888888888888,0,0,0,0,0
2026-07-28 12:41:00,ccf-aiops-武汉,br-1,br,ens6,NULL,0,0,0,0,0,0,0,0,0
2026-07-28 12:41:00,ccf-aiops-武汉,br-1,br,ens7,NULL,0,0,0,0,0,0,0,0,0
2026-07-28 12:41:00,ccf-aiops-武汉,br-1,br,ens8,NULL,0,0,0,0,0,0,0,0,0
2026-07-28 12:41:00,ccf-aiops-武汉,br-1,br,ens9,NULL,0,0,0,0,0,0,0,0,0
2026-07-28 12:41:00,ccf-aiops-武汉,br-2,br,ens10,NULL,0,0,0,0,0,0,0,0,0
2026-07-28 12:41:00,ccf-aiops-武汉,br-2,br,ens11,NULL,0,0,0,0,0,0,0,0,0
2026-07-28 12:41:00,ccf-aiops-武汉,br-2,br,ens12,NULL,0,0,0,0,0,0,0,0,0
2026-07-28 12:41:00,ccf-aiops-武汉,br-2,br,ens3,NULL,9.733333333333333,10.533333333333333,0.13333333333333333,0.1111111111111111,0,0,0,0,0
2026-07-28 12:41:00,ccf-aiops-武汉,br-2,br,ens4,backbone,1096.5333333333333,1099.3555555555554,8.71111111111111,9.088888888888887,0,0,0,0,0
2026-07-28 12:41:00,ccf-aiops-武汉,br-2,br,ens5,backbone,835.0222222222221,3390.3777777777777,7.155555555555555,6.644444444444444,0,0,0,0,0
2026-07-28 12:41:00,ccf-aiops-武汉,br-2,br,ens6,NULL,0,0,0,0,0,0,0,0,0
2026-07-28 12:41:00,ccf-aiops-武汉,br-2,br,ens7,NULL,0,0,0,0,0,0,0,0,0
2026-07-28 12:41:00,ccf-aiops-武汉,br-2,br,ens8,NULL,0,0,0,0,0,0,0,0,0
2026-07-28 12:41:00,ccf-aiops-武汉,br-2,br,ens9,NULL,0,0,0,0,0,0,0,0,0
2026-07-28 12:41:00,ccf-aiops-武汉,cr-1,cr,ens10,NULL,0,0,0,0,0,0,0,0,0
2026-07-28 12:41:00,ccf-aiops-武汉,cr-1,cr,ens11,NULL,0,0,0,0,0,0,0,0,0
2026-07-28 12:41:00,ccf-aiops-武汉,cr-1,cr,ens12,NULL,0,0,0,0,0,0,0,0,0
2026-07-28 12:41:00,ccf-aiops-武汉,cr-1,cr,ens3,NULL,2.533333333333333,0,0.02222222222222222,0,0,0,0,0,0
2026-07-28 12:41:00,ccf-aiops-武汉,cr-1,cr,ens4,backbone,1868.1111111111109,845.7777777777777,6.51111111111111,7.311111111111111,0,0,0,0,0
2026-07-28 12:41:00,ccf-aiops-武汉,cr-1,cr,ens5,backbone,953.1555555555555,4068.555555555555,8.177777777777777,7.377777777777777,0,0,0,0,0
2026-07-28 12:41:00,ccf-aiops-武汉,cr-1,cr,ens6,NULL,0,0,0,0,0,0,0,0,0
2026-07-28 12:41:00,ccf-aiops-武汉,cr-1,cr,ens7,NULL,0,0,0,0,0,0,0,0,0
2026-07-28 12:41:00,ccf-aiops-武汉,cr-1,cr,ens8,NULL,0,0,0,0,0,0,0,0,0
2026-07-28 12:41:00,ccf-aiops-武汉,cr-1,cr,ens9,NULL,0,0,0,0,0,0,0,0,0
2026-07-28 12:41:00,ccf-aiops-武汉,cr-2,cr,ens10,NULL,0,0,0,0,0,0,0,0,0
2026-07-28 12:41:00,ccf-aiops-武汉,cr-2,cr,ens11,NULL,0,0,0,0,0,0,0,0,0
2026-07-28 12:41:00,ccf-aiops-武汉,cr-2,cr,ens12,NULL,0,0,0,0,0,0,0,0,0
2026-07-28 12:41:00,ccf-aiops-武汉,cr-2,cr,ens3,NULL,0,0,0,0,0,0,0,0,0
2026-07-28 12:41:00,ccf-aiops-武汉,cr-2,cr,ens4,backbone,4896.844444444444,500.8444444444444,6.866666666666666,4.4,0,0,0,0,0
2026-07-28 12:41:00,ccf-aiops-武汉,cr-2,cr,ens5,backbone,614.2666666666667,7130.955555555555,5.355555555555555,7.822222222222222,0,0,0,0,0
2026-07-28 12:41:00,ccf-aiops-武汉,cr-2,cr,ens6,NULL,0,0,0,0,0,0,0,0,0
2026-07-28 12:41:00,ccf-aiops-武汉,cr-2,cr,ens7,NULL,0,0,0,0,0,0,0,0,0
2026-07-28 12:41:00,ccf-aiops-武汉,cr-2,cr,ens8,NULL,0,0,0,0,0,0,0,0,0
2026-07-28 12:41:00,ccf-aiops-武汉,cr-2,cr,ens9,NULL,0,0,0,0,0,0,0,0,0
2026-07-28 12:41:00,ccf-aiops-武汉,fw,firewall,ens3,NULL,359.6,228.6222222222222,3.6,1.9333333333333333,0,0,0,0,0
2026-07-28 12:41:00,ccf-aiops-武汉,fw,firewall,ens4,backbone,12422,1942.1333333333334,19.555555555555554,16.42222222222222,0,0,0,0,0
2026-07-28 12:41:00,ccf-aiops-武汉,fw,firewall,ens5,business,2007.7555555555555,13584.866666666667,17,19.71111111111111,0,0,0,0,0
2026-07-28 12:41:00,ccf-aiops-武汉,fw,firewall,ens6,NULL,0,0,0,0,0,0,0,0,0
2026-07-28 12:41:00,ccf-aiops-武汉,monitor-vm,collector,ens3,NULL,126.53333333333333,68.93333333333334,1.3777777777777775,0.6888888888888888,0,0,0,0,0
2026-07-28 12:41:00,ccf-aiops-武汉,monitor-vm,collector,ens4,mgmt,30729.82222222222,1055.2222222222222,12.133333333333333,9.377777777777776,0,0,0,0,0
2026-07-28 12:41:00,ccf-aiops-武汉,monitor-vm,collector,ens5,NULL,0,0,0,0,0,0,0,0,0
2026-07-28 12:41:00,ccf-aiops-武汉,monitor-vm,collector,ens6,NULL,0,0,0,0,0,0,0,0,0
2026-07-28 12:41:00,ccf-aiops-武汉,probe-vm,probe,ens3,NULL,4.088888888888889,0,0.04444444444444444,0,0,0,0,0,0
2026-07-28 12:41:00,ccf-aiops-武汉,probe-vm,probe,ens4,business,66.08888888888889,1176.1111111111109,0.5777777777777777,0.4,0,0,0,0,0
2026-07-28 12:41:00,ccf-aiops-武汉,probe-vm,probe,ens5,NULL,0,0,0,0,0,0,0,0,0
2026-07-28 12:41:00,ccf-aiops-武汉,probe-vm,probe,ens6,NULL,0,0,0,0,0,0,0,0,0
2026-07-28 12:41:00,ccf-aiops-武汉,service-vm-1,service,ens3,NULL,118.35555555555555,94.88888888888889,0.9777777777777777,0.6222222222222221,0,0,0,0,0
2026-07-28 12:41:00,ccf-aiops-武汉,service-vm-1,service,ens4,service,1251.711111111111,2395.644444444444,10.466666666666667,10.266666666666667,0,0,0,0,0
2026-07-28 12:41:00,ccf-aiops-武汉,service-vm-1,service,ens5,NULL,0,0,0,0,0,0,0,0,0
2026-07-28 12:41:00,ccf-aiops-武汉,service-vm-1,service,ens6,NULL,0,0,0,0,0,0,0,0,0
2026-07-28 12:41:00,ccf-aiops-武汉,service-vm-2,service,ens3,NULL,54.48888888888889,62.35555555555555,0.28888888888888886,0.31111111111111106,0,0,0,0,0
2026-07-28 12:41:00,ccf-aiops-武汉,service-vm-2,service,ens4,service,64.17777777777778,1180.5555555555554,0.5555555555555555,0.4,0,0,0,0,0
2026-07-28 12:41:00,ccf-aiops-武汉,service-vm-2,service,ens5,NULL,0,0,0,0,0,0,0,0,0
2026-07-28 12:41:00,ccf-aiops-武汉,service-vm-2,service,ens6,NULL,0,0,0,0,0,0,0,0,0
2026-07-28 12:41:00,ccf-aiops-武汉,service-vm-3,service,ens3,NULL,54.48888888888889,62.35555555555555,0.28888888888888886,0.31111111111111106,0,0,0,0,0
2026-07-28 12:41:00,ccf-aiops-武汉,service-vm-3,service,ens4,service,62.266666666666666,1179.0666666666666,0.5333333333333333,0.3777777777777777,0,0,0,0,0
2026-07-28 12:41:00,ccf-aiops-武汉,service-vm-3,service,ens5,NULL,0,0,0,0,0,0,0,0,0
2026-07-28 12:41:00,ccf-aiops-武汉,service-vm-3,service,ens6,NULL,0,0,0,0,0,0,0,0,0
2026-07-28 12:41:00,ccf-aiops-武汉,traffic-vm,traffic,ens3,NULL,0,0,0,0,0,0,0,0,0
2026-07-28 12:41:00,ccf-aiops-武汉,traffic-vm,traffic,ens4,business,1365.4222222222224,15518.977777777776,10.288888888888888,9.844444444444443,0,0,0,0,0
2026-07-28 12:41:00,ccf-aiops-武汉,traffic-vm,traffic,ens5,NULL,0,0,0,0,0,0,0,0,0
2026-07-28 12:41:00,ccf-aiops-武汉,traffic-vm,traffic,ens6,NULL,0,0,0,0,0,0,0,0,0
2026-07-28 12:42:00,ccf-aiops-武汉,br-1,br,ens10,NULL,0,0,0,0,0,0,0,0,0
2026-07-28 12:42:00,ccf-aiops-武汉,br-1,br,ens11,NULL,0,0,0,0,0,0,0,0,0
2026-07-28 12:42:00,ccf-aiops-武汉,br-1,br,ens12,NULL,0,0,0,0,0,0,0,0,0
2026-07-28 12:42:00,ccf-aiops-武汉,br-1,br,ens3,NULL,1.5555555555555556,0,0.02222222222222222,0,0,0,0,0,0
2026-07-28 12:42:00,ccf-aiops-武汉,br-1,br,ens4,backbone,1142.7333333333333,1213.8666666666666,9.133333333333333,9.755555555555555,0,0,0,0,0
2026-07-28 12:42:00,ccf-aiops-武汉,br-1,br,ens5,backbone,812.7333333333333,3005.7111111111108,6.822222222222222,5.777777777777777,0,0,0,0,0
2026-07-28 12:42:00,ccf-aiops-武汉,br-1,br,ens6,NULL,0,0,0,0,0,0,0,0,0
2026-07-28 12:42:00,ccf-aiops-武汉,br-1,br,ens7,NULL,0,0,0,0,0,0,0,0,0
2026-07-28 12:42:00,ccf-aiops-武汉,br-1,br,ens8,NULL,0,0,0,0,0,0,0,0,0
2026-07-28 12:42:00,ccf-aiops-武汉,br-1,br,ens9,NULL,0,0,0,0,0,0,0,0,0
2026-07-28 12:42:00,ccf-aiops-武汉,br-2,br,ens10,NULL,0,0,0,0,0,0,0,0,0
2026-07-28 12:42:00,ccf-aiops-武汉,br-2,br,ens11,NULL,0,0,0,0,0,0,0,0,0
2026-07-28 12:42:00,ccf-aiops-武汉,br-2,br,ens12,NULL,0,0,0,0,0,0,0,0,0
2026-07-28 12:42:00,ccf-aiops-武汉,br-2,br,ens3,NULL,1.5555555555555556,0,0.02222222222222222,0,0,0,0,0,0
2026-07-28 12:42:00,ccf-aiops-武汉,br-2,br,ens4,backbone,1083.6666666666667,873.3777777777777,8.733333333333333,7.333333333333333,0,0,0,0,0
2026-07-28 12:42:00,ccf-aiops-武汉,br-2,br,ens5,backbone,607.5333333333333,3116.288888888889,5.333333333333333,6.244444444444444,0,0,0,0,0
2026-07-28 12:42:00,ccf-aiops-武汉,br-2,br,ens6,NULL,0,0,0,0,0,0,0,0,0
2026-07-28 12:42:00,ccf-aiops-武汉,br-2,br,ens7,NULL,0,0,0,0,0,0,0,0,0
2026-07-28 12:42:00,ccf-aiops-武汉,br-2,br,ens8,NULL,0,0,0,0,0,0,0,0,0
2026-07-28 12:42:00,ccf-aiops-武汉,br-2,br,ens9,NULL,0,0,0,0,0,0,0,0,0
2026-07-28 12:42:00,ccf-aiops-武汉,cr-1,cr,ens10,NULL,0,0,0,0,0,0,0,0,0
2026-07-28 12:42:00,ccf-aiops-武汉,cr-1,cr,ens11,NULL,0,0,0,0,0,0,0,0,0
2026-07-28 12:42:00,ccf-aiops-武汉,cr-1,cr,ens12,NULL,0,0,0,0,0,0,0,0,0
2026-07-28 12:42:00,ccf-aiops-武汉,cr-1,cr,ens3,NULL,109.2,114.22222222222221,0.5777777777777777,0.5555555555555555,0,0,0,0,0
2026-07-28 12:42:00,ccf-aiops-武汉,cr-1,cr,ens4,backbone,1452.6444444444444,808.6444444444444,6.044444444444443,6.822222222222222,0,0,0,0,0
2026-07-28 12:42:00,ccf-aiops-武汉,cr-1,cr,ens5,backbone,923.311111111111,3620,7.777777777777777,6.933333333333334,0,0,0,0,0
2026-07-28 12:42:00,ccf-aiops-武汉,cr-1,cr,ens6,NULL,0,0,0,0,0,0,0,0,0
2026-07-28 12:42:00,ccf-aiops-武汉,cr-1,cr,ens7,NULL,0,0,0,0,0,0,0,0,0
2026-07-28 12:42:00,ccf-aiops-武汉,cr-1,cr,ens8,NULL,0,0,0,0,0,0,0,0,0
2026-07-28 12:42:00,ccf-aiops-武汉,cr-1,cr,ens9,NULL,0,0,0,0,0,0,0,0,0
2026-07-28 12:42:00,ccf-aiops-武汉,cr-2,cr,ens10,NULL,0,0,0,0,0,0,0,0,0
2026-07-28 12:42:00,ccf-aiops-武汉,cr-2,cr,ens11,NULL,0,0,0,0,0,0,0,0,0
2026-07-28 12:42:00,ccf-aiops-武汉,cr-2,cr,ens12,NULL,0,0,0,0,0,0,0,0,0
2026-07-28 12:42:00,ccf-aiops-武汉,cr-2,cr,ens3,NULL,1.5555555555555556,0,0.02222222222222222,0,0,0,0,0,0
2026-07-28 12:42:00,ccf-aiops-武汉,cr-2,cr,ens4,backbone,4353.577777777778,430.0444444444444,5.288888888888889,3.755555555555555,0,0,0,0,0
2026-07-28 12:42:00,ccf-aiops-武汉,cr-2,cr,ens5,backbone,492.26666666666665,6262.933333333333,4.2,5.4,0,0,0,0,0
2026-07-28 12:42:00,ccf-aiops-武汉,cr-2,cr,ens6,NULL,0,0,0,0,0,0,0,0,0
2026-07-28 12:42:00,ccf-aiops-武汉,cr-2,cr,ens7,NULL,0,0,0,0,0,0,0,0,0
2026-07-28 12:42:00,ccf-aiops-武汉,cr-2,cr,ens8,NULL,0,0,0,0,0,0,0,0,0
2026-07-28 12:42:00,ccf-aiops-武汉,cr-2,cr,ens9,NULL,0,0,0,0,0,0,0,0,0
2026-07-28 12:42:00,ccf-aiops-武汉,fw,firewall,ens3,NULL,309.55555555555554,170.93333333333334,3.3777777777777778,1.6888888888888889,0,0,0,0,0
2026-07-28 12:42:00,ccf-aiops-武汉,fw,firewall,ens4,backbone,11171.977777777776,1786.4222222222222,17.488888888888887,15.044444444444444,0,0,0,0,0
2026-07-28 12:42:00,ccf-aiops-武汉,fw,firewall,ens5,business,1850.4888888888888,12320.71111111111,15.6,17.466666666666665,0,0,0,0,0
2026-07-28 12:42:00,ccf-aiops-武汉,fw,firewall,ens6,NULL,0,0,0,0,0,0,0,0,0
2026-07-28 12:42:00,ccf-aiops-武汉,monitor-vm,collector,ens3,NULL,126.88888888888889,69.86666666666666,1.4,0.711111111111111,0,0,0,0,0
2026-07-28 12:42:00,ccf-aiops-武汉,monitor-vm,collector,ens4,mgmt,30009.644444444442,1044.5555555555554,11.6,9.244444444444444,0,0,0,0,0
2026-07-28 12:42:00,ccf-aiops-武汉,monitor-vm,collector,ens5,NULL,0,0,0,0,0,0,0,0,0
2026-07-28 12:42:00,ccf-aiops-武汉,monitor-vm,collector,ens6,NULL,0,0,0,0,0,0,0,0,0
2026-07-28 12:42:00,ccf-aiops-武汉,probe-vm,probe,ens3,NULL,2.8888888888888884,0.9333333333333333,0.04444444444444444,0.02222222222222222,0,0,0,0,0
2026-07-28 12:42:00,ccf-aiops-武汉,probe-vm,probe,ens4,business,57.6,1260.4222222222222,0.4666666666666667,0.31111111111111106,0,0,0,0,0
2026-07-28 12:42:00,ccf-aiops-武汉,probe-vm,probe,ens5,NULL,0,0,0,0,0,0,0,0,0
2026-07-28 12:42:00,ccf-aiops-武汉,probe-vm,probe,ens6,NULL,0,0,0,0,0,0,0,0,0
2026-07-28 12:42:00,ccf-aiops-武汉,service-vm-1,service,ens3,NULL,62.93333333333333,33.6,0.711111111111111,0.3555555555555555,0,0,0,0,0
2026-07-28 12:42:00,ccf-aiops-武汉,service-vm-1,service,ens4,service,982.8444444444444,2120.133333333333,8.266666666666667,8.133333333333333,0,0,0,0,0
2026-07-28 12:42:00,ccf-aiops-武汉,service-vm-1,service,ens5,NULL,0,0,0,0,0,0,0,0,0
2026-07-28 12:42:00,ccf-aiops-武汉,service-vm-1,service,ens6,NULL,0,0,0,0,0,0,0,0,0
2026-07-28 12:42:00,ccf-aiops-武汉,service-vm-2,service,ens3,NULL,2.8888888888888884,0.9333333333333333,0.04444444444444444,0.02222222222222222,0,0,0,0,0
2026-07-28 12:42:00,ccf-aiops-武汉,service-vm-2,service,ens4,service,66.08888888888889,1179.7777777777776,0.5777777777777777,0.4,0,0,0,0,0
2026-07-28 12:42:00,ccf-aiops-武汉,service-vm-2,service,ens5,NULL,0,0,0,0,0,0,0,0,0
2026-07-28 12:42:00,ccf-aiops-武汉,service-vm-2,service,ens6,NULL,0,0,0,0,0,0,0,0,0
2026-07-28 12:42:00,ccf-aiops-武汉,service-vm-3,service,ens3,NULL,56.044444444444444,62.35555555555555,0.31111111111111106,0.31111111111111106,0,0,0,0,0
2026-07-28 12:42:00,ccf-aiops-武汉,service-vm-3,service,ens4,service,62.266666666666666,1181.6,0.5333333333333333,0.4,0,0,0,0,0
2026-07-28 12:42:00,ccf-aiops-武汉,service-vm-3,service,ens5,NULL,0,0,0,0,0,0,0,0,0
2026-07-28 12:42:00,ccf-aiops-武汉,service-vm-3,service,ens6,NULL,0,0,0,0,0,0,0,0,0
2026-07-28 12:42:00,ccf-aiops-武汉,traffic-vm,traffic,ens3,NULL,1.5555555555555556,0,0.02222222222222222,0,0,0,0,0,0
2026-07-28 12:42:00,ccf-aiops-武汉,traffic-vm,traffic,ens4,business,269.8666666666667,14595.555555555555,2.6,1.8222222222222222,0,0,0,0,0
2026-07-28 12:42:00,ccf-aiops-武汉,traffic-vm,traffic,ens5,NULL,0,0,0,0,0,0,0,0,0
2026-07-28 12:42:00,ccf-aiops-武汉,traffic-vm,traffic,ens6,NULL,0,0,0,0,0,0,0,0,0
2026-07-28 12:43:00,ccf-aiops-武汉,br-1,br,ens10,NULL,0,0,0,0,0,0,0,0,0
2026-07-28 12:43:00,ccf-aiops-武汉,br-1,br,ens11,NULL,0,0,0,0,0,0,0,0,0
2026-07-28 12:43:00,ccf-aiops-武汉,br-1,br,ens12,NULL,0,0,0,0,0,0,0,0,0
2026-07-28 12:43:00,ccf-aiops-武汉,br-1,br,ens3,NULL,5.644444444444444,0,0.06666666666666667,0,0,0,0,0,0
2026-07-28 12:43:00,ccf-aiops-武汉,br-1,br,ens4,backbone,1903.1333333333334,1792.9555555555555,14.688888888888888,14.511111111111111,0,0,0,0,0
2026-07-28 12:43:00,ccf-aiops-武汉,br-1,br,ens5,backbone,937.1777777777777,3025.311111111111,8.022222222222222,7.288888888888889,0,0,0,0,0
2026-07-28 12:43:00,ccf-aiops-武汉,br-1,br,ens6,NULL,0,0,0,0,0,0,0,0,0
2026-07-28 12:43:00,ccf-aiops-武汉,br-1,br,ens7,NULL,0,0,0,0,0,0,0,0,0
2026-07-28 12:43:00,ccf-aiops-武汉,br-1,br,ens8,NULL,0,0,0,0,0,0,0,0,0
2026-07-28 12:43:00,ccf-aiops-武汉,br-1,br,ens9,NULL,0,0,0,0,0,0,0,0,0
2026-07-28 12:43:00,ccf-aiops-武汉,br-2,br,ens10,NULL,0,0,0,0,0,0,0,0,0
2026-07-28 12:43:00,ccf-aiops-武汉,br-2,br,ens11,NULL,0,0,0,0,0,0,0,0,0
2026-07-28 12:43:00,ccf-aiops-武汉,br-2,br,ens12,NULL,0,0,0,0,0,0,0,0,0
2026-07-28 12:43:00,ccf-aiops-武汉,br-2,br,ens3,NULL,4.666666666666667,0,0.06666666666666667,0,0,0,0,0,0
2026-07-28 12:43:00,ccf-aiops-武汉,br-2,br,ens4,backbone,1359.511111111111,1084.1777777777777,10.644444444444444,8.977777777777778,0,0,0,0,0
2026-07-28 12:43:00,ccf-aiops-武汉,br-2,br,ens5,backbone,983.2222222222222,3313.4666666666667,8.31111111111111,9.044444444444444,0,0,0,0,0
2026-07-28 12:43:00,ccf-aiops-武汉,br-2,br,ens6,NULL,0,0,0,0,0,0,0,0,0
2026-07-28 12:43:00,ccf-aiops-武汉,br-2,br,ens7,NULL,0,0,0,0,0,0,0,0,0
2026-07-28 12:43:00,ccf-aiops-武汉,br-2,br,ens8,NULL,0,0,0,0,0,0,0,0,0
2026-07-28 12:43:00,ccf-aiops-武汉,br-2,br,ens9,NULL,0,0,0,0,0,0,0,0,0
2026-07-28 12:43:00,ccf-aiops-武汉,cr-1,cr,ens10,NULL,0,0,0,0,0,0,0,0,0
2026-07-28 12:43:00,ccf-aiops-武汉,cr-1,cr,ens11,NULL,0,0,0,0,0,0,0,0,0
2026-07-28 12:43:00,ccf-aiops-武汉,cr-1,cr,ens12,NULL,0,0,0,0,0,0,0,0,0
2026-07-28 12:43:00,ccf-aiops-武汉,cr-1,cr,ens3,NULL,5.644444444444444,0,0.06666666666666667,0,0,0,0,0,0
2026-07-28 12:43:00,ccf-aiops-武汉,cr-1,cr,ens4,backbone,1464.0666666666666,982.0444444444444,7.488888888888889,8.488888888888889,0,0,0,0,0
2026-07-28 12:43:00,ccf-aiops-武汉,cr-1,cr,ens5,backbone,1094.8,3520.8444444444444,9.42222222222222,8.31111111111111,0,0,0,0,0
2026-07-28 12:43:00,ccf-aiops-武汉,cr-1,cr,ens6,NULL,0,0,0,0,0,0,0,0,0
2026-07-28 12:43:00,ccf-aiops-武汉,cr-1,cr,ens7,NULL,0,0,0,0,0,0,0,0,0
2026-07-28 12:43:00,ccf-aiops-武汉,cr-1,cr,ens8,NULL,0,0,0,0,0,0,0,0,0
2026-07-28 12:43:00,ccf-aiops-武汉,cr-1,cr,ens9,NULL,0,0,0,0,0,0,0,0,0
2026-07-28 12:43:00,ccf-aiops-武汉,cr-2,cr,ens10,NULL,0,0,0,0,0,0,0,0,0
2026-07-28 12:43:00,ccf-aiops-武汉,cr-2,cr,ens11,NULL,0,0,0,0,0,0,0,0,0
2026-07-28 12:43:00,ccf-aiops-武汉,cr-2,cr,ens12,NULL,0,0,0,0,0,0,0,0,0
2026-07-28 12:43:00,ccf-aiops-武汉,cr-2,cr,ens3,NULL,112.4,114.22222222222223,0.6222222222222221,0.5555555555555555,0,0,0,0,0
2026-07-28 12:43:00,ccf-aiops-武汉,cr-2,cr,ens4,backbone,4894,1019.4666666666668,10.222222222222221,8.511111111111111,0,0,0,0,0
2026-07-28 12:43:00,ccf-aiops-武汉,cr-2,cr,ens5,backbone,1145.6,6730.666666666668,9.6,11.02222222222222,0,0,0,0,0
2026-07-28 12:43:00,ccf-aiops-武汉,cr-2,cr,ens6,NULL,0,0,0,0,0,0,0,0,0
2026-07-28 12:43:00,ccf-aiops-武汉,cr-2,cr,ens7,NULL,0,0,0,0,0,0,0,0,0
2026-07-28 12:43:00,ccf-aiops-武汉,cr-2,cr,ens8,NULL,0,0,0,0,0,0,0,0,0
2026-07-28 12:43:00,ccf-aiops-武汉,cr-2,cr,ens9,NULL,0,0,0,0,0,0,0,0,0
2026-07-28 12:43:00,ccf-aiops-武汉,fw,firewall,ens3,NULL,362.71111111111105,230.08888888888887,3.6444444444444444,1.9555555555555555,0,0,0,0,0
2026-07-28 12:43:00,ccf-aiops-武汉,fw,firewall,ens4,backbone,10520.888888888887,1923.4888888888888,18.22222222222222,16.333333333333332,0,0,0,0,0
2026-07-28 12:43:00,ccf-aiops-武汉,fw,firewall,ens5,business,1985.4666666666667,11672.977777777776,16.866666666666667,18.244444444444444,0,0,0,0,0
2026-07-28 12:43:00,ccf-aiops-武汉,fw,firewall,ens6,NULL,0,0,0,0,0,0,0,0,0
2026-07-28 12:43:00,ccf-aiops-武汉,monitor-vm,collector,ens3,NULL,180.04444444444442,127.55555555555556,1.6666666666666667,0.9555555555555555,0,0,0,0,0
2026-07-28 12:43:00,ccf-aiops-武汉,monitor-vm,collector,ens4,mgmt,29321.511111111107,1053.3111111111111,11.155555555555555,9.355555555555554,0,0,0,0,0
2026-07-28 12:43:00,ccf-aiops-武汉,monitor-vm,collector,ens5,NULL,0,0,0,0,0,0,0,0,0
2026-07-28 12:43:00,ccf-aiops-武汉,monitor-vm,collector,ens6,NULL,0,0,0,0,0,0,0,0,0
2026-07-28 12:43:00,ccf-aiops-武汉,probe-vm,probe,ens3,NULL,60.13333333333333,60.888888888888886,0.3555555555555555,0.28888888888888886,0,0,0,0,0
2026-07-28 12:43:00,ccf-aiops-武汉,probe-vm,probe,ens4,business,57.06666666666667,1164.5777777777776,0.4666666666666667,0.26666666666666666,0,0,0,0,0
2026-07-28 12:43:00,ccf-aiops-武汉,probe-vm,probe,ens5,NULL,0,0,0,0,0,0,0,0,0
2026-07-28 12:43:00,ccf-aiops-武汉,probe-vm,probe,ens6,NULL,0,0,0,0,0,0,0,0,0
2026-07-28 12:43:00,ccf-aiops-武汉,service-vm-1,service,ens3,NULL,122.8,97.28888888888888,1.0444444444444445,0.6666666666666666,0,0,0,0,0
2026-07-28 12:43:00,ccf-aiops-武汉,service-vm-1,service,ens4,service,923.7777777777777,2045.8444444444442,7.777777777777777,7.51111111111111,0,0,0,0,0
2026-07-28 12:43:00,ccf-aiops-武汉,service-vm-1,service,ens5,NULL,0,0,0,0,0,0,0,0,0
2026-07-28 12:43:00,ccf-aiops-武汉,service-vm-1,service,ens6,NULL,0,0,0,0,0,0,0,0,0
2026-07-28 12:43:00,ccf-aiops-武汉,service-vm-2,service,ens3,NULL,57.6,62.35555555555555,0.3333333333333333,0.31111111111111106,0,0,0,0,0
2026-07-28 12:43:00,ccf-aiops-武汉,service-vm-2,service,ens4,service,62.266666666666666,1178.2888888888888,0.5333333333333333,0.4,0,0,0,0,0
2026-07-28 12:43:00,ccf-aiops-武汉,service-vm-2,service,ens5,NULL,0,0,0,0,0,0,0,0,0
2026-07-28 12:43:00,ccf-aiops-武汉,service-vm-2,service,ens6,NULL,0,0,0,0,0,0,0,0,0
2026-07-28 12:43:00,ccf-aiops-武汉,service-vm-3,service,ens3,NULL,3.1111111111111116,0,0.04444444444444444,0,0,0,0,0,0
2026-07-28 12:43:00,ccf-aiops-武汉,service-vm-3,service,ens4,service,68.00000000000001,1179.911111111111,0.6,0.4,0,0,0,0,0
2026-07-28 12:43:00,ccf-aiops-武汉,service-vm-3,service,ens5,NULL,0,0,0,0,0,0,0,0,0
2026-07-28 12:43:00,ccf-aiops-武汉,service-vm-3,service,ens6,NULL,0,0,0,0,0,0,0,0,0
2026-07-28 12:43:00,ccf-aiops-武汉,traffic-vm,traffic,ens3,NULL,57.6,60.888888888888886,0.33333333333333337,0.28888888888888886,0,0,0,0,0
2026-07-28 12:43:00,ccf-aiops-武汉,traffic-vm,traffic,ens4,business,1158.7333333333333,15293.866666666667,8.311111111111112,7.866666666666666,0,0,0,0,0
2026-07-28 12:43:00,ccf-aiops-武汉,traffic-vm,traffic,ens5,NULL,0,0,0,0,0,0,0,0,0
2026-07-28 12:43:00,ccf-aiops-武汉,traffic-vm,traffic,ens6,NULL,0,0,0,0,0,0,0,0,0
2026-07-28 12:44:00,ccf-aiops-武汉,br-1,br,ens10,NULL,0,0,0,0,0,0,0,0,0
2026-07-28 12:44:00,ccf-aiops-武汉,br-1,br,ens11,NULL,0,0,0,0,0,0,0,0,0
2026-07-28 12:44:00,ccf-aiops-武汉,br-1,br,ens12,NULL,0,0,0,0,0,0,0,0,0
2026-07-28 12:44:00,ccf-aiops-武汉,br-1,br,ens3,NULL,125.95555555555555,114.22222222222221,0.6444444444444444,0.5555555555555555,0,0,0,0,0
2026-07-28 12:44:00,ccf-aiops-武汉,br-1,br,ens4,backbone,2369.9333333333334,2246.2,18.444444444444443,17.444444444444443,0,0,0,0,0
2026-07-28 12:44:00,ccf-aiops-武汉,br-1,br,ens5,backbone,417.1333333333333,2657.4444444444443,3.622222222222222,3.422222222222222,0,0,0,0,0
2026-07-28 12:44:00,ccf-aiops-武汉,br-1,br,ens6,NULL,0,0,0,0,0,0,0,0,0
2026-07-28 12:44:00,ccf-aiops-武汉,br-1,br,ens7,NULL,0,0,0,0,0,0,0,0,0
2026-07-28 12:44:00,ccf-aiops-武汉,br-1,br,ens8,NULL,0,0,0,0,0,0,0,0,0
2026-07-28 12:44:00,ccf-aiops-武汉,br-1,br,ens9,NULL,0,0,0,0,0,0,0,0,0
2026-07-28 12:44:00,ccf-aiops-武汉,br-2,br,ens10,NULL,0,0,0,0,0,0,0,0,0
2026-07-28 12:44:00,ccf-aiops-武汉,br-2,br,ens11,NULL,0,0,0,0,0,0,0,0,0
2026-07-28 12:44:00,ccf-aiops-武汉,br-2,br,ens12,NULL,0,0,0,0,0,0,0,0,0
2026-07-28 12:44:00,ccf-aiops-武汉,br-2,br,ens3,NULL,10.71111111111111,0,0.06666666666666667,0,0,0,0,0,0
2026-07-28 12:44:00,ccf-aiops-武汉,br-2,br,ens4,backbone,1949.8666666666666,1780.4,15.11111111111111,13.844444444444443,0,0,0,0,0
2026-07-28 12:44:00,ccf-aiops-武汉,br-2,br,ens5,backbone,525.9333333333333,2889.022222222222,4.5777777777777775,4.71111111111111,0,0,0,0,0
2026-07-28 12:44:00,ccf-aiops-武汉,br-2,br,ens6,NULL,0,0,0,0,0,0,0,0,0
2026-07-28 12:44:00,ccf-aiops-武汉,br-2,br,ens7,NULL,0,0,0,0,0,0,0,0,0
2026-07-28 12:44:00,ccf-aiops-武汉,br-2,br,ens8,NULL,0,0,0,0,0,0,0,0,0
2026-07-28 12:44:00,ccf-aiops-武汉,br-2,br,ens9,NULL,0,0,0,0,0,0,0,0,0
2026-07-28 12:44:00,ccf-aiops-武汉,cr-1,cr,ens10,NULL,0,0,0,0,0,0,0,0,0
2026-07-28 12:44:00,ccf-aiops-武汉,cr-1,cr,ens11,NULL,0,0,0,0,0,0,0,0,0
2026-07-28 12:44:00,ccf-aiops-武汉,cr-1,cr,ens12,NULL,0,0,0,0,0,0,0,0,0
2026-07-28 12:44:00,ccf-aiops-武汉,cr-1,cr,ens3,NULL,18.31111111111111,0,0.08888888888888888,0,0,0,0,0,0
2026-07-28 12:44:00,ccf-aiops-武汉,cr-1,cr,ens4,backbone,1058.888888888889,372.7777777777777,3.2444444444444445,3.2444444444444445,0,0,0,0,0
2026-07-28 12:44:00,ccf-aiops-武汉,cr-1,cr,ens5,backbone,487.8,3178.733333333333,4.2,4.177777777777778,0,0,0,0,0
2026-07-28 12:44:00,ccf-aiops-武汉,cr-1,cr,ens6,NULL,0,0,0,0,0,0,0,0,0
2026-07-28 12:44:00,ccf-aiops-武汉,cr-1,cr,ens7,NULL,0,0,0,0,0,0,0,0,0
2026-07-28 12:44:00,ccf-aiops-武汉,cr-1,cr,ens8,NULL,0,0,0,0,0,0,0,0,0
2026-07-28 12:44:00,ccf-aiops-武汉,cr-1,cr,ens9,NULL,0,0,0,0,0,0,0,0,0
2026-07-28 12:44:00,ccf-aiops-武汉,cr-2,cr,ens10,NULL,0,0,0,0,0,0,0,0,0
2026-07-28 12:44:00,ccf-aiops-武汉,cr-2,cr,ens11,NULL,0,0,0,0,0,0,0,0,0
2026-07-28 12:44:00,ccf-aiops-武汉,cr-2,cr,ens12,NULL,0,0,0,0,0,0,0,0,0
2026-07-28 12:44:00,ccf-aiops-武汉,cr-2,cr,ens3,NULL,14.8,0,0.11111111111111113,0,0,0,0,0,0
2026-07-28 12:44:00,ccf-aiops-武汉,cr-2,cr,ens4,backbone,4605.2,530.7777777777777,5.911111111111111,4.5777777777777775,0,0,0,0,0
2026-07-28 12:44:00,ccf-aiops-武汉,cr-2,cr,ens5,backbone,662.4666666666667,6856.266666666666,5.733333333333334,6.844444444444444,0,0,0,0,0
2026-07-28 12:44:00,ccf-aiops-武汉,cr-2,cr,ens6,NULL,0,0,0,0,0,0,0,0,0
2026-07-28 12:44:00,ccf-aiops-武汉,cr-2,cr,ens7,NULL,0,0,0,0,0,0,0,0,0
2026-07-28 12:44:00,ccf-aiops-武汉,cr-2,cr,ens8,NULL,0,0,0,0,0,0,0,0,0
2026-07-28 12:44:00,ccf-aiops-武汉,cr-2,cr,ens9,NULL,0,0,0,0,0,0,0,0,0
2026-07-28 12:44:00,ccf-aiops-武汉,fw,firewall,ens3,NULL,375.37777777777774,227.15555555555554,3.6666666666666665,1.911111111111111,0,0,0,0,0
2026-07-28 12:44:00,ccf-aiops-武汉,fw,firewall,ens4,backbone,10044.644444444444,1112.6888888888889,11.577777777777778,9.533333333333333,0,0,0,0,0
2026-07-28 12:44:00,ccf-aiops-武汉,fw,firewall,ens5,business,1180.0444444444443,11200.466666666667,10.133333333333333,11.644444444444444,0,0,0,0,0
2026-07-28 12:44:00,ccf-aiops-武汉,fw,firewall,ens6,NULL,0,0,0,0,0,0,0,0,0
2026-07-28 12:44:00,ccf-aiops-武汉,monitor-vm,collector,ens3,NULL,196.8,129.82222222222222,1.7333333333333334,0.9777777777777777,0,0,0,0,0
2026-07-28 12:44:00,ccf-aiops-武汉,monitor-vm,collector,ens4,mgmt,29657.333333333332,1030.3777777777777,11.622222222222222,9.088888888888887,0,0,0,0,0
2026-07-28 12:44:00,ccf-aiops-武汉,monitor-vm,collector,ens5,NULL,0,0,0,0,0,0,0,0,0
2026-07-28 12:44:00,ccf-aiops-武汉,monitor-vm,collector,ens6,NULL,0,0,0,0,0,0,0,0,0
2026-07-28 12:44:00,ccf-aiops-武汉,probe-vm,probe,ens3,NULL,18.31111111111111,0,0.08888888888888888,0,0,0,0,0,0
2026-07-28 12:44:00,ccf-aiops-武汉,probe-vm,probe,ens4,business,48.888888888888886,1164.4222222222222,0.3777777777777777,0.26666666666666666,0,0,0,0,0
2026-07-28 12:44:00,ccf-aiops-武汉,probe-vm,probe,ens5,NULL,0,0,0,0,0,0,0,0,0
2026-07-28 12:44:00,ccf-aiops-武汉,probe-vm,probe,ens6,NULL,0,0,0,0,0,0,0,0,0
2026-07-28 12:44:00,ccf-aiops-武汉,service-vm-1,service,ens3,NULL,80.97777777777777,34.93333333333333,0.7777777777777778,0.3555555555555555,0,0,0,0,0
2026-07-28 12:44:00,ccf-aiops-武汉,service-vm-1,service,ens4,service,863.3777777777777,1986.5555555555554,7.2,6.977777777777777,0,0,0,0,0
2026-07-28 12:44:00,ccf-aiops-武汉,service-vm-1,service,ens5,NULL,0,0,0,0,0,0,0,0,0
2026-07-28 12:44:00,ccf-aiops-武汉,service-vm-1,service,ens6,NULL,0,0,0,0,0,0,0,0,0
2026-07-28 12:44:00,ccf-aiops-武汉,service-vm-2,service,ens3,NULL,69.28888888888888,62.35555555555557,0.4,0.31111111111111106,0,0,0,0,0
2026-07-28 12:44:00,ccf-aiops-武汉,service-vm-2,service,ens4,service,66.08888888888889,1179.488888888889,0.5777777777777777,0.4,0,0,0,0,0
2026-07-28 12:44:00,ccf-aiops-武汉,service-vm-2,service,ens5,NULL,0,0,0,0,0,0,0,0,0
2026-07-28 12:44:00,ccf-aiops-武汉,service-vm-2,service,ens6,NULL,0,0,0,0,0,0,0,0,0
2026-07-28 12:44:00,ccf-aiops-武汉,service-vm-3,service,ens3,NULL,67.95555555555555,61.42222222222223,0.3777777777777777,0.28888888888888886,0,0,0,0,0
2026-07-28 12:44:00,ccf-aiops-武汉,service-vm-3,service,ens4,service,57.06666666666667,1171.6444444444446,0.4666666666666667,0.28888888888888886,0,0,0,0,0
2026-07-28 12:44:00,ccf-aiops-武汉,service-vm-3,service,ens5,NULL,0,0,0,0,0,0,0,0,0
2026-07-28 12:44:00,ccf-aiops-武汉,service-vm-3,service,ens6,NULL,0,0,0,0,0,0,0,0,0
2026-07-28 12:44:00,ccf-aiops-武汉,traffic-vm,traffic,ens3,NULL,69.28888888888888,60.888888888888886,0.4,0.2888888888888889,0,0,0,0,0
2026-07-28 12:44:00,ccf-aiops-武汉,traffic-vm,traffic,ens4,business,1146.9333333333334,15401.088888888888,9.288888888888888,8.800000000000002,0,0,0,0,0
2026-07-28 12:44:00,ccf-aiops-武汉,traffic-vm,traffic,ens5,NULL,0,0,0,0,0,0,0,0,0
2026-07-28 12:44:00,ccf-aiops-武汉,traffic-vm,traffic,ens6,NULL,0,0,0,0,0,0,0,0,0
2026-07-28 12:45:00,ccf-aiops-武汉,br-1,br,ens10,NULL,0,0,0,0,0,0,0,0,0
2026-07-28 12:45:00,ccf-aiops-武汉,br-1,br,ens11,NULL,0,0,0,0,0,0,0,0,0
2026-07-28 12:45:00,ccf-aiops-武汉,br-1,br,ens12,NULL,0,0,0,0,0,0,0,0,0
2026-07-28 12:45:00,ccf-aiops-武汉,br-1,br,ens3,NULL,7.777777777777777,0,0.1111111111111111,0,0,0,0,0,0
2026-07-28 12:45:00,ccf-aiops-武汉,br-1,br,ens4,backbone,3190.755555555555,2946.133333333333,24.733333333333334,23.555555555555554,0,0,0,0,0
2026-07-28 12:45:00,ccf-aiops-武汉,br-1,br,ens5,backbone,826.6444444444444,3160.244444444444,7.044444444444443,7.466666666666667,0,0,0,0,0
2026-07-28 12:45:00,ccf-aiops-武汉,br-1,br,ens6,NULL,0,0,0,0,0,0,0,0,0
2026-07-28 12:45:00,ccf-aiops-武汉,br-1,br,ens7,NULL,0,0,0,0,0,0,0,0,0
2026-07-28 12:45:00,ccf-aiops-武汉,br-1,br,ens8,NULL,0,0,0,0,0,0,0,0,0
2026-07-28 12:45:00,ccf-aiops-武汉,br-1,br,ens9,NULL,0,0,0,0,0,0,0,0,0
2026-07-28 12:45:00,ccf-aiops-武汉,br-2,br,ens10,NULL,0,0,0,0,0,0,0,0,0
2026-07-28 12:45:00,ccf-aiops-武汉,br-2,br,ens11,NULL,0,0,0,0,0,0,0,0,0
2026-07-28 12:45:00,ccf-aiops-武汉,br-2,br,ens12,NULL,0,0,0,0,0,0,0,0,0
2026-07-28 12:45:00,ccf-aiops-武汉,br-2,br,ens3,NULL,0,0,0,0,0,0,0,0,0
2026-07-28 12:45:00,ccf-aiops-武汉,br-2,br,ens4,backbone,2279.6,2077.822222222222,16.666666666666668,16.155555555555555,0,0,0,0,0
2026-07-28 12:45:00,ccf-aiops-武汉,br-2,br,ens5,backbone,880.8888888888888,3247.2222222222217,7.666666666666667,7.244444444444444,0,0,0,0,0
2026-07-28 12:45:00,ccf-aiops-武汉,br-2,br,ens6,NULL,0,0,0,0,0,0,0,0,0
2026-07-28 12:45:00,ccf-aiops-武汉,br-2,br,ens7,NULL,0,0,0,0,0,0,0,0,0
2026-07-28 12:45:00,ccf-aiops-武汉,br-2,br,ens8,NULL,0,0,0,0,0,0,0,0,0
2026-07-28 12:45:00,ccf-aiops-武汉,br-2,br,ens9,NULL,0,0,0,0,0,0,0,0,0
2026-07-28 12:45:00,ccf-aiops-武汉,cr-1,cr,ens10,NULL,0,0,0,0,0,0,0,0,0
2026-07-28 12:45:00,ccf-aiops-武汉,cr-1,cr,ens11,NULL,0,0,0,0,0,0,0,0,0
2026-07-28 12:45:00,ccf-aiops-武汉,cr-1,cr,ens12,NULL,0,0,0,0,0,0,0,0,0
2026-07-28 12:45:00,ccf-aiops-武汉,cr-1,cr,ens3,NULL,115.42222222222222,114.22222222222221,0.6666666666666666,0.5555555555555555,0,0,0,0,0
2026-07-28 12:45:00,ccf-aiops-武汉,cr-1,cr,ens4,backbone,1514.2222222222222,826.9777777777778,6.9111111111111105,7.133333333333334,0,0,0,0,0
2026-07-28 12:45:00,ccf-aiops-武汉,cr-1,cr,ens5,backbone,940.7111111111111,3333.8888888888887,8.066666666666666,7.488888888888889,0,0,0,0,0
2026-07-28 12:45:00,ccf-aiops-武汉,cr-1,cr,ens6,NULL,0,0,0,0,0,0,0,0,0
2026-07-28 12:45:00,ccf-aiops-武汉,cr-1,cr,ens7,NULL,0,0,0,0,0,0,0,0,0
2026-07-28 12:45:00,ccf-aiops-武汉,cr-1,cr,ens8,NULL,0,0,0,0,0,0,0,0,0
2026-07-28 12:45:00,ccf-aiops-武汉,cr-1,cr,ens9,NULL,0,0,0,0,0,0,0,0,0
2026-07-28 12:45:00,ccf-aiops-武汉,cr-2,cr,ens10,NULL,0,0,0,0,0,0,0,0,0
2026-07-28 12:45:00,ccf-aiops-武汉,cr-2,cr,ens11,NULL,0,0,0,0,0,0,0,0,0
2026-07-28 12:45:00,ccf-aiops-武汉,cr-2,cr,ens12,NULL,0,0,0,0,0,0,0,0,0
2026-07-28 12:45:00,ccf-aiops-武汉,cr-2,cr,ens3,NULL,0,0,0,0,0,0,0,0,0
2026-07-28 12:45:00,ccf-aiops-武汉,cr-2,cr,ens4,backbone,5218.022222222222,1078.2888888888888,10.244444444444444,9.11111111111111,0,0,0,0,0
2026-07-28 12:45:00,ccf-aiops-武汉,cr-2,cr,ens5,backbone,1200.6,7126.377777777777,10.155555555555555,11,0,0,0,0,0
2026-07-28 12:45:00,ccf-aiops-武汉,cr-2,cr,ens6,NULL,0,0,0,0,0,0,0,0,0
2026-07-28 12:45:00,ccf-aiops-武汉,cr-2,cr,ens7,NULL,0,0,0,0,0,0,0,0,0
2026-07-28 12:45:00,ccf-aiops-武汉,cr-2,cr,ens8,NULL,0,0,0,0,0,0,0,0,0
2026-07-28 12:45:00,ccf-aiops-武汉,cr-2,cr,ens9,NULL,0,0,0,0,0,0,0,0,0
2026-07-28 12:45:00,ccf-aiops-武汉,fw,firewall,ens3,NULL,326.6666666666667,170.93333333333334,3.622222222222222,1.6888888888888889,0,0,0,0,0
2026-07-28 12:45:00,ccf-aiops-武汉,fw,firewall,ens4,backbone,10293.288888888888,1709.4222222222222,16.444444444444443,14.577777777777778,0,0,0,0,0
2026-07-28 12:45:00,ccf-aiops-武汉,fw,firewall,ens5,business,1776.9555555555555,11441.155555555555,15.177777777777777,16.444444444444443,0,0,0,0,0
2026-07-28 12:45:00,ccf-aiops-武汉,fw,firewall,ens6,NULL,0,0,0,0,0,0,0,0,0
2026-07-28 12:45:00,ccf-aiops-武汉,monitor-vm,collector,ens3,NULL,134.66666666666666,69.86666666666666,1.5111111111111108,0.711111111111111,0,0,0,0,0
2026-07-28 12:45:00,ccf-aiops-武汉,monitor-vm,collector,ens4,mgmt,29163.82222222222,1046.2,11.066666666666666,9.266666666666667,0,0,0,0,0
2026-07-28 12:45:00,ccf-aiops-武汉,monitor-vm,collector,ens5,NULL,0,0,0,0,0,0,0,0,0
2026-07-28 12:45:00,ccf-aiops-武汉,monitor-vm,collector,ens6,NULL,0,0,0,0,0,0,0,0,0
2026-07-28 12:45:00,ccf-aiops-武汉,probe-vm,probe,ens3,NULL,71.82222222222222,61.42222222222222,0.5333333333333333,0.28888888888888886,0,0,0,0,0
2026-07-28 12:45:00,ccf-aiops-武汉,probe-vm,probe,ens4,business,50.8,1165.2,0.4,0.26666666666666666,0,0,0,0,0
2026-07-28 12:45:00,ccf-aiops-武汉,probe-vm,probe,ens5,NULL,0,0,0,0,0,0,0,0,0
2026-07-28 12:45:00,ccf-aiops-武汉,probe-vm,probe,ens6,NULL,0,0,0,0,0,0,0,0,0
2026-07-28 12:45:00,ccf-aiops-武汉,service-vm-1,service,ens3,NULL,70.44444444444443,34.93333333333333,0.8,0.3555555555555555,0,0,0,0,0
2026-07-28 12:45:00,ccf-aiops-武汉,service-vm-1,service,ens4,service,694.9777777777778,1820.2,5.822222222222222,5.644444444444444,0,0,0,0,0
2026-07-28 12:45:00,ccf-aiops-武汉,service-vm-1,service,ens5,NULL,0,0,0,0,0,0,0,0,0
2026-07-28 12:45:00,ccf-aiops-武汉,service-vm-1,service,ens6,NULL,0,0,0,0,0,0,0,0,0
2026-07-28 12:45:00,ccf-aiops-武汉,service-vm-2,service,ens3,NULL,0,0,0,0,0,0,0,0,0
2026-07-28 12:45:00,ccf-aiops-武汉,service-vm-2,service,ens4,service,66.62222222222222,1182.1333333333334,0.5777777777777777,0.4444444444444444,0,0,0,0,0
2026-07-28 12:45:00,ccf-aiops-武汉,service-vm-2,service,ens5,NULL,0,0,0,0,0,0,0,0,0
2026-07-28 12:45:00,ccf-aiops-武汉,service-vm-2,service,ens6,NULL,0,0,0,0,0,0,0,0,0
2026-07-28 12:45:00,ccf-aiops-武汉,service-vm-3,service,ens3,NULL,54.48888888888889,62.35555555555555,0.28888888888888886,0.31111111111111106,0,0,0,0,0
2026-07-28 12:45:00,ccf-aiops-武汉,service-vm-3,service,ens4,service,70.44444444444443,1183.3555555555554,0.6222222222222221,0.4222222222222222,0,0,0,0,0
2026-07-28 12:45:00,ccf-aiops-武汉,service-vm-3,service,ens5,NULL,0,0,0,0,0,0,0,0,0
2026-07-28 12:45:00,ccf-aiops-武汉,service-vm-3,service,ens6,NULL,0,0,0,0,0,0,0,0,0
2026-07-28 12:45:00,ccf-aiops-武汉,traffic-vm,traffic,ens3,NULL,0,0,0,0,0,0,0,0,0
2026-07-28 12:45:00,ccf-aiops-武汉,traffic-vm,traffic,ens4,business,2065.8,16012.955555555558,14.6,14.02222222222222,0,0,0,0,0
2026-07-28 12:45:00,ccf-aiops-武汉,traffic-vm,traffic,ens5,NULL,0,0,0,0,0,0,0,0,0
2026-07-28 12:45:00,ccf-aiops-武汉,traffic-vm,traffic,ens6,NULL,0,0,0,0,0,0,0,0,0
2026-07-28 12:46:00,ccf-aiops-武汉,br-1,br,ens10,NULL,0,0,0,0,0,0,0,0,0
2026-07-28 12:46:00,ccf-aiops-武汉,br-1,br,ens11,NULL,0,0,0,0,0,0,0,0,0
2026-07-28 12:46:00,ccf-aiops-武汉,br-1,br,ens12,NULL,0,0,0,0,0,0,0,0,0
2026-07-28 12:46:00,ccf-aiops-武汉,br-1,br,ens3,NULL,112.08888888888889,114.22222222222221,0.6222222222222221,0.5555555555555555,0,0,0,0,0
2026-07-28 12:46:00,ccf-aiops-武汉,br-1,br,ens4,backbone,4653.222222222222,4382.51111111111,34.511111111111106,34.08888888888889,0,0,0,0,0
2026-07-28 12:46:00,ccf-aiops-武汉,br-1,br,ens5,backbone,1340.0444444444443,3783.911111111111,11.355555555555554,11.066666666666666,0,0,0,0,0
2026-07-28 12:46:00,ccf-aiops-武汉,br-1,br,ens6,NULL,0,0,0,0,0,0,0,0,0
2026-07-28 12:46:00,ccf-aiops-武汉,br-1,br,ens7,NULL,0,0,0,0,0,0,0,0,0
2026-07-28 12:46:00,ccf-aiops-武汉,br-1,br,ens8,NULL,0,0,0,0,0,0,0,0,0
2026-07-28 12:46:00,ccf-aiops-武汉,br-1,br,ens9,NULL,0,0,0,0,0,0,0,0,0
2026-07-28 12:46:00,ccf-aiops-武汉,br-2,br,ens10,NULL,0,0,0,0,0,0,0,0,0
2026-07-28 12:46:00,ccf-aiops-武汉,br-2,br,ens11,NULL,0,0,0,0,0,0,0,0,0
2026-07-28 12:46:00,ccf-aiops-武汉,br-2,br,ens12,NULL,0,0,0,0,0,0,0,0,0
2026-07-28 12:46:00,ccf-aiops-武汉,br-2,br,ens3,NULL,112.08888888888889,114.22222222222221,0.6222222222222221,0.5555555555555555,0,0,0,0,0
2026-07-28 12:46:00,ccf-aiops-武汉,br-2,br,ens4,backbone,3652.0888888888885,3476.0888888888885,27.866666666666667,27.755555555555553,0,0,0,0,0
2026-07-28 12:46:00,ccf-aiops-武汉,br-2,br,ens5,backbone,1206.6444444444444,3641.822222222222,10.377777777777776,9.91111111111111,0,0,0,0,0
2026-07-28 12:46:00,ccf-aiops-武汉,br-2,br,ens6,NULL,0,0,0,0,0,0,0,0,0
2026-07-28 12:46:00,ccf-aiops-武汉,br-2,br,ens7,NULL,0,0,0,0,0,0,0,0,0
2026-07-28 12:46:00,ccf-aiops-武汉,br-2,br,ens8,NULL,0,0,0,0,0,0,0,0,0
2026-07-28 12:46:00,ccf-aiops-武汉,br-2,br,ens9,NULL,0,0,0,0,0,0,0,0,0
2026-07-28 12:46:00,ccf-aiops-武汉,cr-1,cr,ens10,NULL,0,0,0,0,0,0,0,0,0
2026-07-28 12:46:00,ccf-aiops-武汉,cr-1,cr,ens11,NULL,0,0,0,0,0,0,0,0,0
2026-07-28 12:46:00,ccf-aiops-武汉,cr-1,cr,ens12,NULL,0,0,0,0,0,0,0,0,0
2026-07-28 12:46:00,ccf-aiops-武汉,cr-1,cr,ens3,NULL,4.444444444444444,0,0.06666666666666667,0,0,0,0,0,0
2026-07-28 12:46:00,ccf-aiops-武汉,cr-1,cr,ens4,backbone,2127.5555555555557,1417.8444444444442,10.42222222222222,12.02222222222222,0,0,0,0,0
2026-07-28 12:46:00,ccf-aiops-武汉,cr-1,cr,ens5,backbone,1536.6888888888889,4084,13.02222222222222,11.2,0,0,0,0,0
2026-07-28 12:46:00,ccf-aiops-武汉,cr-1,cr,ens6,NULL,0,0,0,0,0,0,0,0,0
2026-07-28 12:46:00,ccf-aiops-武汉,cr-1,cr,ens7,NULL,0,0,0,0,0,0,0,0,0
2026-07-28 12:46:00,ccf-aiops-武汉,cr-1,cr,ens8,NULL,0,0,0,0,0,0,0,0,0
2026-07-28 12:46:00,ccf-aiops-武汉,cr-1,cr,ens9,NULL,0,0,0,0,0,0,0,0,0
2026-07-28 12:46:00,ccf-aiops-武汉,cr-2,cr,ens10,NULL,0,0,0,0,0,0,0,0,0
2026-07-28 12:46:00,ccf-aiops-武汉,cr-2,cr,ens11,NULL,0,0,0,0,0,0,0,0,0
2026-07-28 12:46:00,ccf-aiops-武汉,cr-2,cr,ens12,NULL,0,0,0,0,0,0,0,0,0
2026-07-28 12:46:00,ccf-aiops-武汉,cr-2,cr,ens3,NULL,109.2,114.22222222222221,0.5777777777777777,0.5555555555555555,0,0,0,0,0
2026-07-28 12:46:00,ccf-aiops-武汉,cr-2,cr,ens4,backbone,5410.777777777777,1027.0888888888887,11.42222222222222,8.733333333333333,0,0,0,0,0
2026-07-28 12:46:00,ccf-aiops-武汉,cr-2,cr,ens5,backbone,1153.0444444444443,7516.466666666666,9.822222222222221,12.4,0,0,0,0,0
2026-07-28 12:46:00,ccf-aiops-武汉,cr-2,cr,ens6,NULL,0,0,0,0,0,0,0,0,0
2026-07-28 12:46:00,ccf-aiops-武汉,cr-2,cr,ens7,NULL,0,0,0,0,0,0,0,0,0
2026-07-28 12:46:00,ccf-aiops-武汉,cr-2,cr,ens8,NULL,0,0,0,0,0,0,0,0,0
2026-07-28 12:46:00,ccf-aiops-武汉,cr-2,cr,ens9,NULL,0,0,0,0,0,0,0,0,0
2026-07-28 12:46:00,ccf-aiops-武汉,fw,firewall,ens3,NULL,365.6,232.35555555555553,3.6888888888888887,1.9777777777777776,0,0,0,0,0
2026-07-28 12:46:00,ccf-aiops-武汉,fw,firewall,ens4,backbone,11821.844444444443,2866.9555555555553,26.133333333333333,24.355555555555554,0,0,0,0,0
2026-07-28 12:46:00,ccf-aiops-武汉,fw,firewall,ens5,business,2930.4888888888886,12978.422222222222,24.911111111111108,26.2,0,0,0,0,0
2026-07-28 12:46:00,ccf-aiops-武汉,fw,firewall,ens6,NULL,0,0,0,0,0,0,0,0,0
2026-07-28 12:46:00,ccf-aiops-武汉,monitor-vm,collector,ens3,NULL,180.26666666666668,128.88888888888889,1.6666666666666667,0.9555555555555555,0,0,0,0,0
2026-07-28 12:46:00,ccf-aiops-武汉,monitor-vm,collector,ens4,mgmt,29378.2,1052.7777777777778,10.955555555555554,9.355555555555554,0,0,0,0,0
2026-07-28 12:46:00,ccf-aiops-武汉,monitor-vm,collector,ens5,NULL,0,0,0,0,0,0,0,0,0
2026-07-28 12:46:00,ccf-aiops-武汉,monitor-vm,collector,ens6,NULL,0,0,0,0,0,0,0,0,0
2026-07-28 12:46:00,ccf-aiops-武汉,probe-vm,probe,ens3,NULL,2.8888888888888884,1.5555555555555556,0.04444444444444444,0.02222222222222222,0,0,0,0,0
2026-07-28 12:46:00,ccf-aiops-武汉,probe-vm,probe,ens4,business,58.44444444444444,1174.8444444444442,0.4888888888888889,0.3777777777777777,0,0,0,0,0
2026-07-28 12:46:00,ccf-aiops-武汉,probe-vm,probe,ens5,NULL,0,0,0,0,0,0,0,0,0
2026-07-28 12:46:00,ccf-aiops-武汉,probe-vm,probe,ens6,NULL,0,0,0,0,0,0,0,0,0
2026-07-28 12:46:00,ccf-aiops-武汉,service-vm-1,service,ens3,NULL,120.26666666666667,96.35555555555555,1.0222222222222221,0.6444444444444444,0,0,0,0,0
2026-07-28 12:46:00,ccf-aiops-武汉,service-vm-1,service,ens4,service,1058.5333333333333,2196.8,8.866666666666667,8.755555555555555,0,0,0,0,0
2026-07-28 12:46:00,ccf-aiops-武汉,service-vm-1,service,ens5,NULL,0,0,0,0,0,0,0,0,0
2026-07-28 12:46:00,ccf-aiops-武汉,service-vm-1,service,ens6,NULL,0,0,0,0,0,0,0,0,0
2026-07-28 12:46:00,ccf-aiops-武汉,service-vm-2,service,ens3,NULL,56.044444444444444,62.35555555555555,0.31111111111111106,0.31111111111111106,0,0,0,0,0
2026-07-28 12:46:00,ccf-aiops-武汉,service-vm-2,service,ens4,service,60.35555555555555,1178.3555555555554,0.5111111111111111,0.4,0,0,0,0,0
2026-07-28 12:46:00,ccf-aiops-武汉,service-vm-2,service,ens5,NULL,0,0,0,0,0,0,0,0,0
2026-07-28 12:46:00,ccf-aiops-武汉,service-vm-2,service,ens6,NULL,0,0,0,0,0,0,0,0,0
2026-07-28 12:46:00,ccf-aiops-武汉,service-vm-3,service,ens3,NULL,54.71111111111111,61.42222222222222,0.28888888888888886,0.28888888888888886,0,0,0,0,0
2026-07-28 12:46:00,ccf-aiops-武汉,service-vm-3,service,ens4,service,66.08888888888889,1180.1111111111109,0.5777777777777777,0.4,0,0,0,0,0
2026-07-28 12:46:00,ccf-aiops-武汉,service-vm-3,service,ens5,NULL,0,0,0,0,0,0,0,0,0
2026-07-28 12:46:00,ccf-aiops-武汉,service-vm-3,service,ens6,NULL,0,0,0,0,0,0,0,0,0
2026-07-28 12:46:00,ccf-aiops-武汉,traffic-vm,traffic,ens3,NULL,4.355555555555555,3.8666666666666667,0.06666666666666667,0.06666666666666667,0,0,0,0,0
2026-07-28 12:46:00,ccf-aiops-武汉,traffic-vm,traffic,ens4,business,1297.622222222222,15391.444444444443,9.155555555555555,8.688888888888888,0,0,0,0,0
2026-07-28 12:46:00,ccf-aiops-武汉,traffic-vm,traffic,ens5,NULL,0,0,0,0,0,0,0,0,0
2026-07-28 12:46:00,ccf-aiops-武汉,traffic-vm,traffic,ens6,NULL,0,0,0,0,0,0,0,0,0
2026-07-28 12:47:00,ccf-aiops-武汉,br-1,br,ens10,NULL,0,0,0,0,0,0,0,0,0
2026-07-28 12:47:00,ccf-aiops-武汉,br-1,br,ens11,NULL,0,0,0,0,0,0,0,0,0
2026-07-28 12:47:00,ccf-aiops-武汉,br-1,br,ens12,NULL,0,0,0,0,0,0,0,0,0
2026-07-28 12:47:00,ccf-aiops-武汉,br-1,br,ens3,NULL,8.622222222222222,0,0.1111111111111111,0,0,0,0,0,0
2026-07-28 12:47:00,ccf-aiops-武汉,br-1,br,ens4,backbone,3269.288888888889,2873.5777777777776,24.355555555555554,23.444444444444443,0,0,0,0,0
2026-07-28 12:47:00,ccf-aiops-武汉,br-1,br,ens5,backbone,1487.7555555555555,4944,12.933333333333334,13.777777777777777,0,0,0,0,0
2026-07-28 12:47:00,ccf-aiops-武汉,br-1,br,ens6,NULL,0,0,0,0,0,0,0,0,0
2026-07-28 12:47:00,ccf-aiops-武汉,br-1,br,ens7,NULL,0,0,0,0,0,0,0,0,0
2026-07-28 12:47:00,ccf-aiops-武汉,br-1,br,ens8,NULL,0,0,0,0,0,0,0,0,0
2026-07-28 12:47:00,ccf-aiops-武汉,br-1,br,ens9,NULL,0,0,0,0,0,0,0,0,0
2026-07-28 12:47:00,ccf-aiops-武汉,br-2,br,ens10,NULL,0,0,0,0,0,0,0,0,0
2026-07-28 12:47:00,ccf-aiops-武汉,br-2,br,ens11,NULL,0,0,0,0,0,0,0,0,0
2026-07-28 12:47:00,ccf-aiops-武汉,br-2,br,ens12,NULL,0,0,0,0,0,0,0,0,0
2026-07-28 12:47:00,ccf-aiops-武汉,br-2,br,ens3,NULL,8.71111111111111,0,0.1111111111111111,0,0,0,0,0,0
2026-07-28 12:47:00,ccf-aiops-武汉,br-2,br,ens4,backbone,2412.311111111111,2191.4444444444443,18.333333333333332,17.82222222222222,0,0,0,0,0
2026-07-28 12:47:00,ccf-aiops-武汉,br-2,br,ens5,backbone,1240.4222222222222,4420.555555555556,10.488888888888887,10.91111111111111,0,0,0,0,0
2026-07-28 12:47:00,ccf-aiops-武汉,br-2,br,ens6,NULL,0,0,0,0,0,0,0,0,0
2026-07-28 12:47:00,ccf-aiops-武汉,br-2,br,ens7,NULL,0,0,0,0,0,0,0,0,0
2026-07-28 12:47:00,ccf-aiops-武汉,br-2,br,ens8,NULL,0,0,0,0,0,0,0,0,0
2026-07-28 12:47:00,ccf-aiops-武汉,br-2,br,ens9,NULL,0,0,0,0,0,0,0,0,0
2026-07-28 12:47:00,ccf-aiops-武汉,cr-1,cr,ens10,NULL,0,0,0,0,0,0,0,0,0
2026-07-28 12:47:00,ccf-aiops-武汉,cr-1,cr,ens11,NULL,0,0,0,0,0,0,0,0,0
2026-07-28 12:47:00,ccf-aiops-武汉,cr-1,cr,ens12,NULL,0,0,0,0,0,0,0,0,0
2026-07-28 12:47:00,ccf-aiops-武汉,cr-1,cr,ens3,NULL,8.622222222222222,0,0.1111111111111111,0,0,0,0,0,0
2026-07-28 12:47:00,ccf-aiops-武汉,cr-1,cr,ens4,backbone,2983.0444444444443,1343.8,11.488888888888887,11.577777777777778,0,0,0,0,0
2026-07-28 12:47:00,ccf-aiops-武汉,cr-1,cr,ens5,backbone,1464.1111111111109,5500.8,12.6,12.6,0,0,0,0,0
2026-07-28 12:47:00,ccf-aiops-武汉,cr-1,cr,ens6,NULL,0,0,0,0,0,0,0,0,0
2026-07-28 12:47:00,ccf-aiops-武汉,cr-1,cr,ens7,NULL,0,0,0,0,0,0,0,0,0
2026-07-28 12:47:00,ccf-aiops-武汉,cr-1,cr,ens8,NULL,0,0,0,0,0,0,0,0,0
2026-07-28 12:47:00,ccf-aiops-武汉,cr-1,cr,ens9,NULL,0,0,0,0,0,0,0,0,0
2026-07-28 12:47:00,ccf-aiops-武汉,cr-2,cr,ens10,NULL,0,0,0,0,0,0,0,0,0
2026-07-28 12:47:00,ccf-aiops-武汉,cr-2,cr,ens11,NULL,0,0,0,0,0,0,0,0,0
2026-07-28 12:47:00,ccf-aiops-武汉,cr-2,cr,ens12,NULL,0,0,0,0,0,0,0,0,0
2026-07-28 12:47:00,ccf-aiops-武汉,cr-2,cr,ens3,NULL,109.2,115.68888888888888,0.5777777777777777,0.5777777777777777,0,0,0,0,0
2026-07-28 12:47:00,ccf-aiops-武汉,cr-2,cr,ens4,backbone,6103.555555555556,1215.4,11.977777777777778,10.444444444444445,0,0,0,0,0
2026-07-28 12:47:00,ccf-aiops-武汉,cr-2,cr,ens5,backbone,1343.3555555555554,8345.288888888888,11.555555555555554,12.933333333333334,0,0,0,0,0
2026-07-28 12:47:00,ccf-aiops-武汉,cr-2,cr,ens6,NULL,0,0,0,0,0,0,0,0,0
2026-07-28 12:47:00,ccf-aiops-武汉,cr-2,cr,ens7,NULL,0,0,0,0,0,0,0,0,0
2026-07-28 12:47:00,ccf-aiops-武汉,cr-2,cr,ens8,NULL,0,0,0,0,0,0,0,0,0
2026-07-28 12:47:00,ccf-aiops-武汉,cr-2,cr,ens9,NULL,0,0,0,0,0,0,0,0,0
2026-07-28 12:47:00,ccf-aiops-武汉,fw,firewall,ens3,NULL,371.1111111111111,231.8222222222222,3.755555555555555,1.9777777777777776,0,0,0,0,0
2026-07-28 12:47:00,ccf-aiops-武汉,fw,firewall,ens4,backbone,15428.755555555554,3033,30.066666666666666,25.911111111111108,0,0,0,0,0
2026-07-28 12:47:00,ccf-aiops-武汉,fw,firewall,ens5,business,3094.9777777777776,16571.666666666668,26.444444444444443,30,0,0,0,0,0
2026-07-28 12:47:00,ccf-aiops-武汉,fw,firewall,ens6,NULL,0,0,0,0,0,0,0,0,0
2026-07-28 12:47:00,ccf-aiops-武汉,monitor-vm,collector,ens3,NULL,181.06666666666666,129.11111111111111,1.6888888888888889,0.9777777777777777,0,0,0,0,0
2026-07-28 12:47:00,ccf-aiops-武汉,monitor-vm,collector,ens4,mgmt,32202.577777777777,1037.4888888888888,13.222222222222221,9.177777777777777,0,0,0,0,0
2026-07-28 12:47:00,ccf-aiops-武汉,monitor-vm,collector,ens5,NULL,0,0,0,0,0,0,0,0,0
2026-07-28 12:47:00,ccf-aiops-武汉,monitor-vm,collector,ens6,NULL,0,0,0,0,0,0,0,0,0
2026-07-28 12:47:00,ccf-aiops-武汉,probe-vm,probe,ens3,NULL,63.11111111111111,62.35555555555555,0.4,0.31111111111111106,0,0,0,0,0
2026-07-28 12:47:00,ccf-aiops-武汉,probe-vm,probe,ens4,business,50.8,1165.911111111111,0.4,0.26666666666666666,0,0,0,0,0
2026-07-28 12:47:00,ccf-aiops-武汉,probe-vm,probe,ens5,NULL,0,0,0,0,0,0,0,0,0
2026-07-28 12:47:00,ccf-aiops-武汉,probe-vm,probe,ens6,NULL,0,0,0,0,0,0,0,0,0
2026-07-28 12:47:00,ccf-aiops-武汉,service-vm-1,service,ens3,NULL,125.77777777777777,97.28888888888888,1.0888888888888888,0.6666666666666666,0,0,0,0,0
2026-07-28 12:47:00,ccf-aiops-武汉,service-vm-1,service,ens4,service,1115.8444444444442,2248.6666666666665,9.333333333333334,9.266666666666667,0,0,0,0,0
2026-07-28 12:47:00,ccf-aiops-武汉,service-vm-1,service,ens5,NULL,0,0,0,0,0,0,0,0,0
2026-07-28 12:47:00,ccf-aiops-武汉,service-vm-1,service,ens6,NULL,0,0,0,0,0,0,0,0,0
2026-07-28 12:47:00,ccf-aiops-武汉,service-vm-2,service,ens3,NULL,109.2,122.3111111111111,0.5777777777777777,0.5777777777777777,0,0,0,0,0
2026-07-28 12:47:00,ccf-aiops-武汉,service-vm-2,service,ens4,service,66.08888888888889,1181.622222222222,0.5777777777777777,0.4222222222222222,0,0,0,0,0
2026-07-28 12:47:00,ccf-aiops-武汉,service-vm-2,service,ens5,NULL,0,0,0,0,0,0,0,0,0
2026-07-28 12:47:00,ccf-aiops-武汉,service-vm-2,service,ens6,NULL,0,0,0,0,0,0,0,0,0
2026-07-28 12:47:00,ccf-aiops-武汉,service-vm-3,service,ens3,NULL,1.5555555555555556,0,0.02222222222222222,0,0,0,0,0,0
2026-07-28 12:47:00,ccf-aiops-武汉,service-vm-3,service,ens4,service,50.8,1168.311111111111,0.4,0.26666666666666666,0,0,0,0,0
2026-07-28 12:47:00,ccf-aiops-武汉,service-vm-3,service,ens5,NULL,0,0,0,0,0,0,0,0,0
2026-07-28 12:47:00,ccf-aiops-武汉,service-vm-3,service,ens6,NULL,0,0,0,0,0,0,0,0,0
2026-07-28 12:47:00,ccf-aiops-武汉,traffic-vm,traffic,ens3,NULL,2.8888888888888884,0.9333333333333333,0.04444444444444444,0.02222222222222222,0,0,0,0,0
2026-07-28 12:47:00,ccf-aiops-武汉,traffic-vm,traffic,ens4,business,1946.7555555555555,15866.22222222222,13.444444444444445,12.844444444444443,0,0,0,0,0
2026-07-28 12:47:00,ccf-aiops-武汉,traffic-vm,traffic,ens5,NULL,0,0,0,0,0,0,0,0,0
2026-07-28 12:47:00,ccf-aiops-武汉,traffic-vm,traffic,ens6,NULL,0,0,0,0,0,0,0,0,0
2026-07-28 12:48:00,ccf-aiops-武汉,br-1,br,ens10,NULL,0,0,0,0,0,0,0,0,0
2026-07-28 12:48:00,ccf-aiops-武汉,br-1,br,ens11,NULL,0,0,0,0,0,0,0,0,0
2026-07-28 12:48:00,ccf-aiops-武汉,br-1,br,ens12,NULL,0,0,0,0,0,0,0,0,0
2026-07-28 12:48:00,ccf-aiops-武汉,br-1,br,ens3,NULL,3.2,0,0.04444444444444444,0,0,0,0,0,0
2026-07-28 12:48:00,ccf-aiops-武汉,br-1,br,ens4,backbone,2842.511111111111,2627.733333333333,22.177777777777774,20.866666666666667,0,0,0,0,0
2026-07-28 12:48:00,ccf-aiops-武汉,br-1,br,ens5,backbone,1370.9555555555555,4537.466666666666,11.333333333333334,12.688888888888888,0,0,0,0,0
2026-07-28 12:48:00,ccf-aiops-武汉,br-1,br,ens6,NULL,0,0,0,0,0,0,0,0,0
2026-07-28 12:48:00,ccf-aiops-武汉,br-1,br,ens7,NULL,0,0,0,0,0,0,0,0,0
2026-07-28 12:48:00,ccf-aiops-武汉,br-1,br,ens8,NULL,0,0,0,0,0,0,0,0,0
2026-07-28 12:48:00,ccf-aiops-武汉,br-1,br,ens9,NULL,0,0,0,0,0,0,0,0,0
2026-07-28 12:48:00,ccf-aiops-武汉,br-2,br,ens10,NULL,0,0,0,0,0,0,0,0,0
2026-07-28 12:48:00,ccf-aiops-武汉,br-2,br,ens11,NULL,0,0,0,0,0,0,0,0,0
2026-07-28 12:48:00,ccf-aiops-武汉,br-2,br,ens12,NULL,0,0,0,0,0,0,0,0,0
2026-07-28 12:48:00,ccf-aiops-武汉,br-2,br,ens3,NULL,103.64444444444443,103.68888888888888,0.4888888888888889,0.4444444444444444,0,0,0,0,0
2026-07-28 12:48:00,ccf-aiops-武汉,br-2,br,ens4,backbone,2629.0888888888885,2596.733333333333,20.777777777777775,21.111111111111107,0,0,0,0,0
2026-07-28 12:48:00,ccf-aiops-武汉,br-2,br,ens5,backbone,1528.2666666666667,4344.911111111111,12.977777777777778,12.555555555555554,0,0,0,0,0
2026-07-28 12:48:00,ccf-aiops-武汉,br-2,br,ens6,NULL,0,0,0,0,0,0,0,0,0
2026-07-28 12:48:00,ccf-aiops-武汉,br-2,br,ens7,NULL,0,0,0,0,0,0,0,0,0
2026-07-28 12:48:00,ccf-aiops-武汉,br-2,br,ens8,NULL,0,0,0,0,0,0,0,0,0
2026-07-28 12:48:00,ccf-aiops-武汉,br-2,br,ens9,NULL,0,0,0,0,0,0,0,0,0
2026-07-28 12:48:00,ccf-aiops-武汉,cr-1,cr,ens10,NULL,0,0,0,0,0,0,0,0,0
2026-07-28 12:48:00,ccf-aiops-武汉,cr-1,cr,ens11,NULL,0,0,0,0,0,0,0,0,0
2026-07-28 12:48:00,ccf-aiops-武汉,cr-1,cr,ens12,NULL,0,0,0,0,0,0,0,0,0
2026-07-28 12:48:00,ccf-aiops-武汉,cr-1,cr,ens3,NULL,110.84444444444443,114.22222222222221,0.6,0.5555555555555555,0,0,0,0,0
2026-07-28 12:48:00,ccf-aiops-武汉,cr-1,cr,ens4,backbone,2875.2222222222217,1504.0666666666666,12.088888888888887,12.622222222222222,0,0,0,0,0
2026-07-28 12:48:00,ccf-aiops-武汉,cr-1,cr,ens5,backbone,1617.1777777777777,5487.4,13.555555555555554,13.288888888888888,0,0,0,0,0
2026-07-28 12:48:00,ccf-aiops-武汉,cr-1,cr,ens6,NULL,0,0,0,0,0,0,0,0,0
2026-07-28 12:48:00,ccf-aiops-武汉,cr-1,cr,ens7,NULL,0,0,0,0,0,0,0,0,0
2026-07-28 12:48:00,ccf-aiops-武汉,cr-1,cr,ens8,NULL,0,0,0,0,0,0,0,0,0
2026-07-28 12:48:00,ccf-aiops-武汉,cr-1,cr,ens9,NULL,0,0,0,0,0,0,0,0,0
2026-07-28 12:48:00,ccf-aiops-武汉,cr-2,cr,ens10,NULL,0,0,0,0,0,0,0,0,0
2026-07-28 12:48:00,ccf-aiops-武汉,cr-2,cr,ens11,NULL,0,0,0,0,0,0,0,0,0
2026-07-28 12:48:00,ccf-aiops-武汉,cr-2,cr,ens12,NULL,0,0,0,0,0,0,0,0,0
2026-07-28 12:48:00,ccf-aiops-武汉,cr-2,cr,ens3,NULL,1.5555555555555556,0,0.02222222222222222,0,0,0,0,0,0
2026-07-28 12:48:00,ccf-aiops-武汉,cr-2,cr,ens4,backbone,5722.133333333333,1153.2000000000003,11.955555555555554,9.577777777777778,0,0,0,0,0
2026-07-28 12:48:00,ccf-aiops-武汉,cr-2,cr,ens5,backbone,1279.2444444444443,8265.733333333334,10.666666666666666,13.11111111111111,0,0,0,0,0
2026-07-28 12:48:00,ccf-aiops-武汉,cr-2,cr,ens6,NULL,0,0,0,0,0,0,0,0,0
2026-07-28 12:48:00,ccf-aiops-武汉,cr-2,cr,ens7,NULL,0,0,0,0,0,0,0,0,0
2026-07-28 12:48:00,ccf-aiops-武汉,cr-2,cr,ens8,NULL,0,0,0,0,0,0,0,0,0
2026-07-28 12:48:00,ccf-aiops-武汉,cr-2,cr,ens9,NULL,0,0,0,0,0,0,0,0,0
2026-07-28 12:48:00,ccf-aiops-武汉,fw,firewall,ens3,NULL,366,232.35555555555553,3.6888888888888887,1.9777777777777776,0,0,0,0,0
2026-07-28 12:48:00,ccf-aiops-武汉,fw,firewall,ens4,backbone,15402.466666666667,3103.2222222222217,30.355555555555554,25.933333333333334,0,0,0,0,0
2026-07-28 12:48:00,ccf-aiops-武汉,fw,firewall,ens5,business,3165.022222222222,16565.844444444443,26.466666666666665,30.51111111111111,0,0,0,0,0
2026-07-28 12:48:00,ccf-aiops-武汉,fw,firewall,ens6,NULL,0,0,0,0,0,0,0,0,0
2026-07-28 12:48:00,ccf-aiops-武汉,monitor-vm,collector,ens3,NULL,128.53333333333333,69.86666666666666,1.422222222222222,0.711111111111111,0,0,0,0,0
2026-07-28 12:48:00,ccf-aiops-武汉,monitor-vm,collector,ens4,mgmt,32204.066666666666,1035.1777777777777,13.155555555555555,9.133333333333333,0,0,0,0,0
2026-07-28 12:48:00,ccf-aiops-武汉,monitor-vm,collector,ens5,NULL,0,0,0,0,0,0,0,0,0
2026-07-28 12:48:00,ccf-aiops-武汉,monitor-vm,collector,ens6,NULL,0,0,0,0,0,0,0,0,0
2026-07-28 12:48:00,ccf-aiops-武汉,probe-vm,probe,ens3,NULL,58,61.42222222222222,0.3333333333333333,0.28888888888888886,0,0,0,0,0
2026-07-28 12:48:00,ccf-aiops-武汉,probe-vm,probe,ens4,business,52.71111111111111,1164.911111111111,0.4222222222222222,0.26666666666666666,0,0,0,0,0
2026-07-28 12:48:00,ccf-aiops-武汉,probe-vm,probe,ens5,NULL,0,0,0,0,0,0,0,0,0
2026-07-28 12:48:00,ccf-aiops-武汉,probe-vm,probe,ens6,NULL,0,0,0,0,0,0,0,0,0
2026-07-28 12:48:00,ccf-aiops-武汉,service-vm-1,service,ens3,NULL,65.86666666666666,34.93333333333333,0.7333333333333333,0.3555555555555555,0,0,0,0,0
2026-07-28 12:48:00,ccf-aiops-武汉,service-vm-1,service,ens4,service,2277.1777777777775,3414.755555555555,19.022222222222222,18.6,0,0,0,0,0
2026-07-28 12:48:00,ccf-aiops-武汉,service-vm-1,service,ens5,NULL,0,0,0,0,0,0,0,0,0
2026-07-28 12:48:00,ccf-aiops-武汉,service-vm-1,service,ens6,NULL,0,0,0,0,0,0,0,0,0
2026-07-28 12:48:00,ccf-aiops-武汉,service-vm-2,service,ens3,NULL,1.5555555555555556,0,0.02222222222222222,0,0,0,0,0,0
2026-07-28 12:48:00,ccf-aiops-武汉,service-vm-2,service,ens4,service,64.17777777777778,1178.888888888889,0.5555555555555555,0.4,0,0,0,0,0
2026-07-28 12:48:00,ccf-aiops-武汉,service-vm-2,service,ens5,NULL,0,0,0,0,0,0,0,0,0
2026-07-28 12:48:00,ccf-aiops-武汉,service-vm-2,service,ens6,NULL,0,0,0,0,0,0,0,0,0
2026-07-28 12:48:00,ccf-aiops-武汉,service-vm-3,service,ens3,NULL,1.5555555555555558,0,0.02222222222222222,0,0,0,0,0,0
2026-07-28 12:48:00,ccf-aiops-武汉,service-vm-3,service,ens4,service,60.35555555555557,1179.3777777777775,0.5111111111111111,0.4,0,0,0,0,0
2026-07-28 12:48:00,ccf-aiops-武汉,service-vm-3,service,ens5,NULL,0,0,0,0,0,0,0,0,0
2026-07-28 12:48:00,ccf-aiops-武汉,service-vm-3,service,ens6,NULL,0,0,0,0,0,0,0,0,0
2026-07-28 12:48:00,ccf-aiops-武汉,traffic-vm,traffic,ens3,NULL,1.5555555555555556,0,0.022222222222222223,0,0,0,0,0,0
2026-07-28 12:48:00,ccf-aiops-武汉,traffic-vm,traffic,ens4,business,941.2888888888888,15155.422222222222,7.066666666666667,6.666666666666667,0,0,0,0,0
2026-07-28 12:48:00,ccf-aiops-武汉,traffic-vm,traffic,ens5,NULL,0,0,0,0,0,0,0,0,0
2026-07-28 12:48:00,ccf-aiops-武汉,traffic-vm,traffic,ens6,NULL,0,0,0,0,0,0,0,0,0
2026-07-28 12:49:00,ccf-aiops-武汉,br-1,br,ens10,NULL,0,0,0,0,0,0,0,0,0
2026-07-28 12:49:00,ccf-aiops-武汉,br-1,br,ens11,NULL,0,0,0,0,0,0,0,0,0
2026-07-28 12:49:00,ccf-aiops-武汉,br-1,br,ens12,NULL,0,0,0,0,0,0,0,0,0
2026-07-28 12:49:00,ccf-aiops-武汉,br-1,br,ens3,NULL,22.755555555555553,0,0.31111111111111106,0,0,0,0,0,0
2026-07-28 12:49:00,ccf-aiops-武汉,br-1,br,ens4,backbone,5253.155555555555,4465.244444444444,35.11111111111111,33.86666666666667,0,0,0,0,0
2026-07-28 12:49:00,ccf-aiops-武汉,br-1,br,ens5,backbone,1471.7333333333333,4838.555555555556,11.6,12.577777777777778,0,0,0,0,0
2026-07-28 12:49:00,ccf-aiops-武汉,br-1,br,ens6,NULL,0,0,0,0,0,0,0,0,0
2026-07-28 12:49:00,ccf-aiops-武汉,br-1,br,ens7,NULL,0,0,0,0,0,0,0,0,0
2026-07-28 12:49:00,ccf-aiops-武汉,br-1,br,ens8,NULL,0,0,0,0,0,0,0,0,0
2026-07-28 12:49:00,ccf-aiops-武汉,br-1,br,ens9,NULL,0,0,0,0,0,0,0,0,0
2026-07-28 12:49:00,ccf-aiops-武汉,br-2,br,ens10,NULL,0,0,0,0,0,0,0,0,0
2026-07-28 12:49:00,ccf-aiops-武汉,br-2,br,ens11,NULL,0,0,0,0,0,0,0,0,0
2026-07-28 12:49:00,ccf-aiops-武汉,br-2,br,ens12,NULL,0,0,0,0,0,0,0,0,0
2026-07-28 12:49:00,ccf-aiops-武汉,br-2,br,ens3,NULL,24.31111111111111,0,0.3333333333333333,0,0,0,0,0,0
2026-07-28 12:49:00,ccf-aiops-武汉,br-2,br,ens4,backbone,4033.0666666666666,3828.6,30.488888888888887,30.444444444444443,0,0,0,0,0
2026-07-28 12:49:00,ccf-aiops-武汉,br-2,br,ens5,backbone,1638.5777777777776,4507.377777777777,13.955555555555554,13.933333333333334,0,0,0,0,0
2026-07-28 12:49:00,ccf-aiops-武汉,br-2,br,ens6,NULL,0,0,0,0,0,0,0,0,0
2026-07-28 12:49:00,ccf-aiops-武汉,br-2,br,ens7,NULL,0,0,0,0,0,0,0,0,0
2026-07-28 12:49:00,ccf-aiops-武汉,br-2,br,ens8,NULL,0,0,0,0,0,0,0,0,0
2026-07-28 12:49:00,ccf-aiops-武汉,br-2,br,ens9,NULL,0,0,0,0,0,0,0,0,0
2026-07-28 12:49:00,ccf-aiops-武汉,cr-1,cr,ens10,NULL,0,0,0,0,0,0,0,0,0
2026-07-28 12:49:00,ccf-aiops-武汉,cr-1,cr,ens11,NULL,0,0,0,0,0,0,0,0,0
2026-07-28 12:49:00,ccf-aiops-武汉,cr-1,cr,ens12,NULL,0,0,0,0,0,0,0,0,0
2026-07-28 12:49:00,ccf-aiops-武汉,cr-1,cr,ens3,NULL,22.755555555555553,0,0.31111111111111106,0,0,0,0,0,0
2026-07-28 12:49:00,ccf-aiops-武汉,cr-1,cr,ens4,backbone,3424.0444444444443,1503.4222222222222,13.866666666666667,12.777777777777777,0,0,0,0,0
2026-07-28 12:49:00,ccf-aiops-武汉,cr-1,cr,ens5,backbone,1616.711111111111,5719.333333333333,13.71111111111111,14.733333333333333,0,0,0,0,0
2026-07-28 12:49:00,ccf-aiops-武汉,cr-1,cr,ens6,NULL,0,0,0,0,0,0,0,0,0
2026-07-28 12:49:00,ccf-aiops-武汉,cr-1,cr,ens7,NULL,0,0,0,0,0,0,0,0,0
2026-07-28 12:49:00,ccf-aiops-武汉,cr-1,cr,ens8,NULL,0,0,0,0,0,0,0,0,0
2026-07-28 12:49:00,ccf-aiops-武汉,cr-1,cr,ens9,NULL,0,0,0,0,0,0,0,0,0
2026-07-28 12:49:00,ccf-aiops-武汉,cr-2,cr,ens10,NULL,0,0,0,0,0,0,0,0,0
2026-07-28 12:49:00,ccf-aiops-武汉,cr-2,cr,ens11,NULL,0,0,0,0,0,0,0,0,0
2026-07-28 12:49:00,ccf-aiops-武汉,cr-2,cr,ens12,NULL,0,0,0,0,0,0,0,0,0
2026-07-28 12:49:00,ccf-aiops-武汉,cr-2,cr,ens3,NULL,21.77777777777778,0,0.31111111111111106,0,0,0,0,0,0
2026-07-28 12:49:00,ccf-aiops-武汉,cr-2,cr,ens4,backbone,5705.48888888889,1379.6666666666667,12.02222222222222,10.844444444444445,0,0,0,0,0
2026-07-28 12:49:00,ccf-aiops-武汉,cr-2,cr,ens5,backbone,1501.8000000000002,8013.133333333333,11.888888888888888,13.066666666666668,0,0,0,0,0
2026-07-28 12:49:00,ccf-aiops-武汉,cr-2,cr,ens6,NULL,0,0,0,0,0,0,0,0,0
2026-07-28 12:49:00,ccf-aiops-武汉,cr-2,cr,ens7,NULL,0,0,0,0,0,0,0,0,0
2026-07-28 12:49:00,ccf-aiops-武汉,cr-2,cr,ens8,NULL,0,0,0,0,0,0,0,0,0
2026-07-28 12:49:00,ccf-aiops-武汉,cr-2,cr,ens9,NULL,0,0,0,0,0,0,0,0,0
2026-07-28 12:49:00,ccf-aiops-武汉,fw,firewall,ens3,NULL,384.17777777777775,231.0222222222222,3.9555555555555553,1.9777777777777776,0,0,0,0,0
2026-07-28 12:49:00,ccf-aiops-武汉,fw,firewall,ens4,backbone,14751.044444444444,3423.4444444444443,31.266666666666666,28.08888888888889,0,0,0,0,0
2026-07-28 12:49:00,ccf-aiops-武汉,fw,firewall,ens5,business,3317.733333333333,15321.288888888888,28.133333333333333,30.84444444444444,0,0,0,0,0
2026-07-28 12:49:00,ccf-aiops-武汉,fw,firewall,ens6,NULL,0,0,0,0,0,0,0,0,0
2026-07-28 12:49:00,ccf-aiops-武汉,monitor-vm,collector,ens3,NULL,201.46666666666667,128.88888888888889,1.9555555555555555,0.9555555555555555,0,0,0,0,0
2026-07-28 12:49:00,ccf-aiops-武汉,monitor-vm,collector,ens4,mgmt,31051.82222222222,1050.8666666666666,12.355555555555554,9.333333333333334,0,0,0,0,0
2026-07-28 12:49:00,ccf-aiops-武汉,monitor-vm,collector,ens5,NULL,0,0,0,0,0,0,0,0,0
2026-07-28 12:49:00,ccf-aiops-武汉,monitor-vm,collector,ens6,NULL,0,0,0,0,0,0,0,0,0
2026-07-28 12:49:00,ccf-aiops-武汉,probe-vm,probe,ens3,NULL,22.755555555555553,0,0.31111111111111106,0,0,0,0,0,0
2026-07-28 12:49:00,ccf-aiops-武汉,probe-vm,probe,ens4,business,50.8,1165.1111111111109,0.4,0.26666666666666666,0,0,0,0,0
2026-07-28 12:49:00,ccf-aiops-武汉,probe-vm,probe,ens5,NULL,0,0,0,0,0,0,0,0,0
2026-07-28 12:49:00,ccf-aiops-武汉,probe-vm,probe,ens6,NULL,0,0,0,0,0,0,0,0,0
2026-07-28 12:49:00,ccf-aiops-武汉,service-vm-1,service,ens3,NULL,141.46666666666667,95.82222222222222,1.311111111111111,0.6444444444444444,0,0,0,0,0
2026-07-28 12:49:00,ccf-aiops-武汉,service-vm-1,service,ens4,service,1327.8,2474.0666666666666,11.066666666666666,10.977777777777778,0,0,0,0,0
2026-07-28 12:49:00,ccf-aiops-武汉,service-vm-1,service,ens5,NULL,0,0,0,0,0,0,0,0,0
2026-07-28 12:49:00,ccf-aiops-武汉,service-vm-1,service,ens6,NULL,0,0,0,0,0,0,0,0,0
2026-07-28 12:49:00,ccf-aiops-武汉,service-vm-2,service,ens3,NULL,76.26666666666667,62.35555555555555,0.6000000000000001,0.31111111111111106,0,0,0,0,0
2026-07-28 12:49:00,ccf-aiops-武汉,service-vm-2,service,ens4,service,63.822222222222216,1178.711111111111,0.5555555555555556,0.4,0,0,0,0,0
2026-07-28 12:49:00,ccf-aiops-武汉,service-vm-2,service,ens5,NULL,0,0,0,0,0,0,0,0,0
2026-07-28 12:49:00,ccf-aiops-武汉,service-vm-2,service,ens6,NULL,0,0,0,0,0,0,0,0,0
2026-07-28 12:49:00,ccf-aiops-武汉,service-vm-3,service,ens3,NULL,129.42222222222222,123.77777777777777,0.8666666666666668,0.6,0,0,0,0,0
2026-07-28 12:49:00,ccf-aiops-武汉,service-vm-3,service,ens4,service,62.266666666666666,1183.7555555555555,0.5333333333333333,0.4,0,0,0,0,0
2026-07-28 12:49:00,ccf-aiops-武汉,service-vm-3,service,ens5,NULL,0,0,0,0,0,0,0,0,0
2026-07-28 12:49:00,ccf-aiops-武汉,service-vm-3,service,ens6,NULL,0,0,0,0,0,0,0,0,0
2026-07-28 12:49:00,ccf-aiops-武汉,traffic-vm,traffic,ens3,NULL,76.26666666666667,60.8888888888889,0.6,0.28888888888888886,0,0,0,0,0
2026-07-28 12:49:00,ccf-aiops-武汉,traffic-vm,traffic,ens4,business,1567.2888888888888,15618.755555555557,11.4,10.733333333333333,0,0,0,0,0
2026-07-28 12:49:00,ccf-aiops-武汉,traffic-vm,traffic,ens5,NULL,0,0,0,0,0,0,0,0,0
2026-07-28 12:49:00,ccf-aiops-武汉,traffic-vm,traffic,ens6,NULL,0,0,0,0,0,0,0,0,0
2026-07-28 12:50:00,ccf-aiops-武汉,br-1,br,ens10,NULL,0,0,0,0,0,0,0,0,0
2026-07-28 12:50:00,ccf-aiops-武汉,br-1,br,ens11,NULL,0,0,0,0,0,0,0,0,0
2026-07-28 12:50:00,ccf-aiops-武汉,br-1,br,ens12,NULL,0,0,0,0,0,0,0,0,0
2026-07-28 12:50:00,ccf-aiops-武汉,br-1,br,ens3,NULL,107.64444444444443,114.22222222222221,0.5555555555555555,0.5555555555555555,0,0,0,0,0
2026-07-28 12:50:00,ccf-aiops-武汉,br-1,br,ens4,backbone,1802.8666666666666,1619.2444444444443,14,12.577777777777778,0,0,0,0,0
2026-07-28 12:50:00,ccf-aiops-武汉,br-1,br,ens5,backbone,606.311111111111,4051.5333333333333,5.266666666666667,6.8,0,0,0,0,0
2026-07-28 12:50:00,ccf-aiops-武汉,br-1,br,ens6,NULL,0,0,0,0,0,0,0,0,0
2026-07-28 12:50:00,ccf-aiops-武汉,br-1,br,ens7,NULL,0,0,0,0,0,0,0,0,0
2026-07-28 12:50:00,ccf-aiops-武汉,br-1,br,ens8,NULL,0,0,0,0,0,0,0,0,0
2026-07-28 12:50:00,ccf-aiops-武汉,br-1,br,ens9,NULL,0,0,0,0,0,0,0,0,0
2026-07-28 12:50:00,ccf-aiops-武汉,br-2,br,ens10,NULL,0,0,0,0,0,0,0,0,0
2026-07-28 12:50:00,ccf-aiops-武汉,br-2,br,ens11,NULL,0,0,0,0,0,0,0,0,0
2026-07-28 12:50:00,ccf-aiops-武汉,br-2,br,ens12,NULL,0,0,0,0,0,0,0,0,0
2026-07-28 12:50:00,ccf-aiops-武汉,br-2,br,ens3,NULL,107.95555555555555,113.28888888888888,0.5555555555555555,0.5333333333333333,0,0,0,0,0
2026-07-28 12:50:00,ccf-aiops-武汉,br-2,br,ens4,backbone,1780.4666666666667,1759.7777777777776,14.133333333333333,14.222222222222221,0,0,0,0,0
2026-07-28 12:50:00,ccf-aiops-武汉,br-2,br,ens5,backbone,678,4169.2444444444445,5.866666666666666,6.066666666666666,0,0,0,0,0
2026-07-28 12:50:00,ccf-aiops-武汉,br-2,br,ens6,NULL,0,0,0,0,0,0,0,0,0
2026-07-28 12:50:00,ccf-aiops-武汉,br-2,br,ens7,NULL,0,0,0,0,0,0,0,0,0
2026-07-28 12:50:00,ccf-aiops-武汉,br-2,br,ens8,NULL,0,0,0,0,0,0,0,0,0
2026-07-28 12:50:00,ccf-aiops-武汉,br-2,br,ens9,NULL,0,0,0,0,0,0,0,0,0
2026-07-28 12:50:00,ccf-aiops-武汉,cr-1,cr,ens10,NULL,0,0,0,0,0,0,0,0,0
2026-07-28 12:50:00,ccf-aiops-武汉,cr-1,cr,ens11,NULL,0,0,0,0,0,0,0,0,0
2026-07-28 12:50:00,ccf-aiops-武汉,cr-1,cr,ens12,NULL,0,0,0,0,0,0,0,0,0
2026-07-28 12:50:00,ccf-aiops-武汉,cr-1,cr,ens3,NULL,0,0,0,0,0,0,0,0,0
2026-07-28 12:50:00,ccf-aiops-武汉,cr-1,cr,ens4,backbone,2396.911111111111,617.7333333333333,6.066666666666666,5.333333333333333,0,0,0,0,0
2026-07-28 12:50:00,ccf-aiops-武汉,cr-1,cr,ens5,backbone,734.2222222222222,5183.644444444444,6.311111111111111,7.355555555555555,0,0,0,0,0
2026-07-28 12:50:00,ccf-aiops-武汉,cr-1,cr,ens6,NULL,0,0,0,0,0,0,0,0,0
2026-07-28 12:50:00,ccf-aiops-武汉,cr-1,cr,ens7,NULL,0,0,0,0,0,0,0,0,0
2026-07-28 12:50:00,ccf-aiops-武汉,cr-1,cr,ens8,NULL,0,0,0,0,0,0,0,0,0
2026-07-28 12:50:00,ccf-aiops-武汉,cr-1,cr,ens9,NULL,0,0,0,0,0,0,0,0,0
2026-07-28 12:50:00,ccf-aiops-武汉,cr-2,cr,ens10,NULL,0,0,0,0,0,0,0,0,0
2026-07-28 12:50:00,ccf-aiops-武汉,cr-2,cr,ens11,NULL,0,0,0,0,0,0,0,0,0
2026-07-28 12:50:00,ccf-aiops-武汉,cr-2,cr,ens12,NULL,0,0,0,0,0,0,0,0,0
2026-07-28 12:50:00,ccf-aiops-武汉,cr-2,cr,ens3,NULL,0,0,0,0,0,0,0,0,0
2026-07-28 12:50:00,ccf-aiops-武汉,cr-2,cr,ens4,backbone,5521.933333333333,592.2,7.111111111111111,5.111111111111111,0,0,0,0,0
2026-07-28 12:50:00,ccf-aiops-武汉,cr-2,cr,ens5,backbone,718.2444444444444,8118.11111111111,6.2,8.2,0,0,0,0,0
2026-07-28 12:50:00,ccf-aiops-武汉,cr-2,cr,ens6,NULL,0,0,0,0,0,0,0,0,0
2026-07-28 12:50:00,ccf-aiops-武汉,cr-2,cr,ens7,NULL,0,0,0,0,0,0,0,0,0
2026-07-28 12:50:00,ccf-aiops-武汉,cr-2,cr,ens8,NULL,0,0,0,0,0,0,0,0,0
2026-07-28 12:50:00,ccf-aiops-武汉,cr-2,cr,ens9,NULL,0,0,0,0,0,0,0,0,0
2026-07-28 12:50:00,ccf-aiops-武汉,fw,firewall,ens3,NULL,362.4888888888889,233.28888888888886,3.6444444444444444,2,0,0,0,0,0
2026-07-28 12:50:00,ccf-aiops-武汉,fw,firewall,ens4,backbone,14031.422222222222,1438.2666666666667,17.066666666666666,12.333333333333334,0,0,0,0,0
2026-07-28 12:50:00,ccf-aiops-武汉,fw,firewall,ens5,business,1498.3333333333333,15173.02222222222,12.844444444444443,17.022222222222222,0,0,0,0,0
2026-07-28 12:50:00,ccf-aiops-武汉,fw,firewall,ens6,NULL,0,0,0,0,0,0,0,0,0
2026-07-28 12:50:00,ccf-aiops-武汉,monitor-vm,collector,ens3,NULL,125.33333333333333,69.86666666666666,1.3777777777777775,0.711111111111111,0,0,0,0,0
2026-07-28 12:50:00,ccf-aiops-武汉,monitor-vm,collector,ens4,mgmt,33297.26666666667,1056.8666666666666,13.888888888888888,9.4,0,0,0,0,0
2026-07-28 12:50:00,ccf-aiops-武汉,monitor-vm,collector,ens5,NULL,0,0,0,0,0,0,0,0,0
2026-07-28 12:50:00,ccf-aiops-武汉,monitor-vm,collector,ens6,NULL,0,0,0,0,0,0,0,0,0
2026-07-28 12:50:00,ccf-aiops-武汉,probe-vm,probe,ens3,NULL,1.3333333333333333,0.9333333333333333,0.02222222222222222,0.02222222222222222,0,0,0,0,0
2026-07-28 12:50:00,ccf-aiops-武汉,probe-vm,probe,ens4,business,64.17777777777778,1176.511111111111,0.5555555555555555,0.3777777777777777,0,0,0,0,0
2026-07-28 12:50:00,ccf-aiops-武汉,probe-vm,probe,ens5,NULL,0,0,0,0,0,0,0,0,0
2026-07-28 12:50:00,ccf-aiops-武汉,probe-vm,probe,ens6,NULL,0,0,0,0,0,0,0,0,0
2026-07-28 12:50:00,ccf-aiops-武汉,service-vm-1,service,ens3,NULL,113.06666666666666,95.02222222222221,0.9333333333333333,0.6444444444444444,0,0,0,0,0
2026-07-28 12:50:00,ccf-aiops-武汉,service-vm-1,service,ens4,service,712.5111111111111,1843.9555555555555,5.977777777777777,5.844444444444444,0,0,0,0,0
2026-07-28 12:50:00,ccf-aiops-武汉,service-vm-1,service,ens5,NULL,0,0,0,0,0,0,0,0,0
2026-07-28 12:50:00,ccf-aiops-武汉,service-vm-1,service,ens6,NULL,0,0,0,0,0,0,0,0,0
2026-07-28 12:50:00,ccf-aiops-武汉,service-vm-2,service,ens3,NULL,54.48888888888889,62.35555555555555,0.28888888888888886,0.31111111111111106,0,0,0,0,0
2026-07-28 12:50:00,ccf-aiops-武汉,service-vm-2,service,ens4,service,66.08888888888889,1178.7555555555555,0.5777777777777777,0.4,0,0,0,0,0
2026-07-28 12:50:00,ccf-aiops-武汉,service-vm-2,service,ens5,NULL,0,0,0,0,0,0,0,0,0
2026-07-28 12:50:00,ccf-aiops-武汉,service-vm-2,service,ens6,NULL,0,0,0,0,0,0,0,0,0
2026-07-28 12:50:00,ccf-aiops-武汉,service-vm-3,service,ens3,NULL,54.48888888888889,62.35555555555555,0.28888888888888886,0.31111111111111106,0,0,0,0,0
2026-07-28 12:50:00,ccf-aiops-武汉,service-vm-3,service,ens4,service,62.266666666666666,1181.2,0.5333333333333333,0.4,0,0,0,0,0
2026-07-28 12:50:00,ccf-aiops-武汉,service-vm-3,service,ens5,NULL,0,0,0,0,0,0,0,0,0
2026-07-28 12:50:00,ccf-aiops-武汉,service-vm-3,service,ens6,NULL,0,0,0,0,0,0,0,0,0
2026-07-28 12:50:00,ccf-aiops-武汉,traffic-vm,traffic,ens3,NULL,54.48888888888889,62.35555555555555,0.28888888888888886,0.31111111111111106,0,0,0,0,0
2026-07-28 12:50:00,ccf-aiops-武汉,traffic-vm,traffic,ens4,business,717.0888888888888,14955.088888888888,5.888888888888888,5.111111111111111,0,0,0,0,0
2026-07-28 12:50:00,ccf-aiops-武汉,traffic-vm,traffic,ens5,NULL,0,0,0,0,0,0,0,0,0
2026-07-28 12:50:00,ccf-aiops-武汉,traffic-vm,traffic,ens6,NULL,0,0,0,0,0,0,0,0,0
2026-07-28 12:51:00,ccf-aiops-武汉,br-1,br,ens10,NULL,0,0,0,0,0,0,0,0,0
2026-07-28 12:51:00,ccf-aiops-武汉,br-1,br,ens11,NULL,0,0,0,0,0,0,0,0,0
2026-07-28 12:51:00,ccf-aiops-武汉,br-1,br,ens12,NULL,0,0,0,0,0,0,0,0,0
2026-07-28 12:51:00,ccf-aiops-武汉,br-1,br,ens3,NULL,4.088888888888889,0,0.04444444444444444,0,0,0,0,0,0
2026-07-28 12:51:00,ccf-aiops-武汉,br-1,br,ens4,backbone,1160.8,1198.6888888888889,9.42222222222222,9.644444444444444,0,0,0,0,0
2026-07-28 12:51:00,ccf-aiops-武汉,br-1,br,ens5,backbone,562.6666666666666,2690.8444444444444,4.71111111111111,4.155555555555555,0,0,0,0,0
2026-07-28 12:51:00,ccf-aiops-武汉,br-1,br,ens6,NULL,0,0,0,0,0,0,0,0,0
2026-07-28 12:51:00,ccf-aiops-武汉,br-1,br,ens7,NULL,0,0,0,0,0,0,0,0,0
2026-07-28 12:51:00,ccf-aiops-武汉,br-1,br,ens8,NULL,0,0,0,0,0,0,0,0,0
2026-07-28 12:51:00,ccf-aiops-武汉,br-1,br,ens9,NULL,0,0,0,0,0,0,0,0,0
2026-07-28 12:51:00,ccf-aiops-武汉,br-2,br,ens10,NULL,0,0,0,0,0,0,0,0,0
2026-07-28 12:51:00,ccf-aiops-武汉,br-2,br,ens11,NULL,0,0,0,0,0,0,0,0,0
2026-07-28 12:51:00,ccf-aiops-武汉,br-2,br,ens12,NULL,0,0,0,0,0,0,0,0,0
2026-07-28 12:51:00,ccf-aiops-武汉,br-2,br,ens3,NULL,4.088888888888889,0,0.04444444444444444,0,0,0,0,0,0
2026-07-28 12:51:00,ccf-aiops-武汉,br-2,br,ens4,backbone,1073.9777777777776,972.8,8.488888888888889,7.666666666666667,0,0,0,0,0
2026-07-28 12:51:00,ccf-aiops-武汉,br-2,br,ens5,backbone,445.73333333333335,3044.311111111111,3.8,4.377777777777777,0,0,0,0,0
2026-07-28 12:51:00,ccf-aiops-武汉,br-2,br,ens6,NULL,0,0,0,0,0,0,0,0,0
2026-07-28 12:51:00,ccf-aiops-武汉,br-2,br,ens7,NULL,0,0,0,0,0,0,0,0,0
2026-07-28 12:51:00,ccf-aiops-武汉,br-2,br,ens8,NULL,0,0,0,0,0,0,0,0,0
2026-07-28 12:51:00,ccf-aiops-武汉,br-2,br,ens9,NULL,0,0,0,0,0,0,0,0,0
2026-07-28 12:51:00,ccf-aiops-武汉,cr-1,cr,ens10,NULL,0,0,0,0,0,0,0,0,0
2026-07-28 12:51:00,ccf-aiops-武汉,cr-1,cr,ens11,NULL,0,0,0,0,0,0,0,0,0
2026-07-28 12:51:00,ccf-aiops-武汉,cr-1,cr,ens12,NULL,0,0,0,0,0,0,0,0,0
2026-07-28 12:51:00,ccf-aiops-武汉,cr-1,cr,ens3,NULL,4.088888888888889,0,0.04444444444444444,0,0,0,0,0,0
2026-07-28 12:51:00,ccf-aiops-武汉,cr-1,cr,ens4,backbone,1014.911111111111,476.8,3.1777777777777776,4.066666666666666,0,0,0,0,0
2026-07-28 12:51:00,ccf-aiops-武汉,cr-1,cr,ens5,backbone,594.1333333333333,3057.7111111111108,5.022222222222222,3.911111111111111,0,0,0,0,0
2026-07-28 12:51:00,ccf-aiops-武汉,cr-1,cr,ens6,NULL,0,0,0,0,0,0,0,0,0
2026-07-28 12:51:00,ccf-aiops-武汉,cr-1,cr,ens7,NULL,0,0,0,0,0,0,0,0,0
2026-07-28 12:51:00,ccf-aiops-武汉,cr-1,cr,ens8,NULL,0,0,0,0,0,0,0,0,0
2026-07-28 12:51:00,ccf-aiops-武汉,cr-1,cr,ens9,NULL,0,0,0,0,0,0,0,0,0
2026-07-28 12:51:00,ccf-aiops-武汉,cr-2,cr,ens10,NULL,0,0,0,0,0,0,0,0,0
2026-07-28 12:51:00,ccf-aiops-武汉,cr-2,cr,ens11,NULL,0,0,0,0,0,0,0,0,0
2026-07-28 12:51:00,ccf-aiops-武汉,cr-2,cr,ens12,NULL,0,0,0,0,0,0,0,0,0
2026-07-28 12:51:00,ccf-aiops-武汉,cr-2,cr,ens3,NULL,117.7777777777778,114.22222222222221,0.6,0.5555555555555555,0,0,0,0,0
2026-07-28 12:51:00,ccf-aiops-武汉,cr-2,cr,ens4,backbone,4834.466666666668,624.2666666666667,6.622222222222222,5.222222222222222,0,0,0,0,0
2026-07-28 12:51:00,ccf-aiops-武汉,cr-2,cr,ens5,backbone,759.4222222222222,7019.955555555555,6.377777777777777,7.333333333333333,0,0,0,0,0
2026-07-28 12:51:00,ccf-aiops-武汉,cr-2,cr,ens6,NULL,0,0,0,0,0,0,0,0,0
2026-07-28 12:51:00,ccf-aiops-武汉,cr-2,cr,ens7,NULL,0,0,0,0,0,0,0,0,0
2026-07-28 12:51:00,ccf-aiops-武汉,cr-2,cr,ens8,NULL,0,0,0,0,0,0,0,0,0
2026-07-28 12:51:00,ccf-aiops-武汉,cr-2,cr,ens9,NULL,0,0,0,0,0,0,0,0,0
2026-07-28 12:51:00,ccf-aiops-武汉,fw,firewall,ens3,NULL,308,168.66666666666666,3.355555555555555,1.6666666666666667,0,0,0,0,0
2026-07-28 12:51:00,ccf-aiops-武汉,fw,firewall,ens4,backbone,9788.777777777777,1015.3555555555555,10.777777777777777,8.555555555555554,0,0,0,0,0
2026-07-28 12:51:00,ccf-aiops-武汉,fw,firewall,ens5,business,1073.6888888888889,10906.466666666667,9.044444444444444,10.555555555555554,0,0,0,0,0
2026-07-28 12:51:00,ccf-aiops-武汉,fw,firewall,ens6,NULL,0,0,0,0,0,0,0,0,0
2026-07-28 12:51:00,ccf-aiops-武汉,monitor-vm,collector,ens3,NULL,125.33333333333333,67.6,1.3777777777777775,0.6888888888888888,0,0,0,0,0
2026-07-28 12:51:00,ccf-aiops-武汉,monitor-vm,collector,ens4,mgmt,29646.866666666665,1033.9333333333334,10.933333333333334,9.133333333333333,0,0,0,0,0
2026-07-28 12:51:00,ccf-aiops-武汉,monitor-vm,collector,ens5,NULL,0,0,0,0,0,0,0,0,0
2026-07-28 12:51:00,ccf-aiops-武汉,monitor-vm,collector,ens6,NULL,0,0,0,0,0,0,0,0,0
2026-07-28 12:51:00,ccf-aiops-武汉,probe-vm,probe,ens3,NULL,5.422222222222222,0.9333333333333333,0.06666666666666667,0.02222222222222222,0,0,0,0,0
2026-07-28 12:51:00,ccf-aiops-武汉,probe-vm,probe,ens4,business,62.266666666666666,1177.8,0.5333333333333333,0.4,0,0,0,0,0
2026-07-28 12:51:00,ccf-aiops-武汉,probe-vm,probe,ens5,NULL,0,0,0,0,0,0,0,0,0
2026-07-28 12:51:00,ccf-aiops-武汉,probe-vm,probe,ens6,NULL,0,0,0,0,0,0,0,0,0
2026-07-28 12:51:00,ccf-aiops-武汉,service-vm-1,service,ens3,NULL,68.08888888888889,35.86666666666667,0.7555555555555554,0.3777777777777777,0,0,0,0,0
2026-07-28 12:51:00,ccf-aiops-武汉,service-vm-1,service,ens4,service,671.0444444444444,1799.0444444444443,5.622222222222222,5.444444444444444,0,0,0,0,0
2026-07-28 12:51:00,ccf-aiops-武汉,service-vm-1,service,ens5,NULL,0,0,0,0,0,0,0,0,0
2026-07-28 12:51:00,ccf-aiops-武汉,service-vm-1,service,ens6,NULL,0,0,0,0,0,0,0,0,0
2026-07-28 12:51:00,ccf-aiops-武汉,service-vm-2,service,ens3,NULL,63.288888888888884,61.42222222222222,0.31111111111111106,0.28888888888888886,0,0,0,0,0
2026-07-28 12:51:00,ccf-aiops-武汉,service-vm-2,service,ens4,service,66.08888888888889,1178.9555555555555,0.5777777777777777,0.4,0,0,0,0,0
2026-07-28 12:51:00,ccf-aiops-武汉,service-vm-2,service,ens5,NULL,0,0,0,0,0,0,0,0,0
2026-07-28 12:51:00,ccf-aiops-武汉,service-vm-2,service,ens6,NULL,0,0,0,0,0,0,0,0,0
2026-07-28 12:51:00,ccf-aiops-武汉,service-vm-3,service,ens3,NULL,63.288888888888884,61.42222222222222,0.31111111111111106,0.28888888888888886,0,0,0,0,0
2026-07-28 12:51:00,ccf-aiops-武汉,service-vm-3,service,ens4,service,64.17777777777778,1179.4444444444443,0.5555555555555555,0.4,0,0,0,0,0
2026-07-28 12:51:00,ccf-aiops-武汉,service-vm-3,service,ens5,NULL,0,0,0,0,0,0,0,0,0
2026-07-28 12:51:00,ccf-aiops-武汉,service-vm-3,service,ens6,NULL,0,0,0,0,0,0,0,0,0
2026-07-28 12:51:00,ccf-aiops-武汉,traffic-vm,traffic,ens3,NULL,10.133333333333333,0,0.04444444444444444,0,0,0,0,0,0
2026-07-28 12:51:00,ccf-aiops-武汉,traffic-vm,traffic,ens4,business,828.7333333333333,15174.177777777779,7.022222222222222,6.8,0,0,0,0,0
2026-07-28 12:51:00,ccf-aiops-武汉,traffic-vm,traffic,ens5,NULL,0,0,0,0,0,0,0,0,0
2026-07-28 12:51:00,ccf-aiops-武汉,traffic-vm,traffic,ens6,NULL,0,0,0,0,0,0,0,0,0
2026-07-28 12:52:00,ccf-aiops-武汉,br-1,br,ens10,NULL,0,0,0,0,0,0,0,0,0
2026-07-28 12:52:00,ccf-aiops-武汉,br-1,br,ens11,NULL,0,0,0,0,0,0,0,0,0
2026-07-28 12:52:00,ccf-aiops-武汉,br-1,br,ens12,NULL,0,0,0,0,0,0,0,0,0
2026-07-28 12:52:00,ccf-aiops-武汉,br-1,br,ens3,NULL,1.5555555555555556,0,0.02222222222222222,0,0,0,0,0,0
2026-07-28 12:52:00,ccf-aiops-武汉,br-1,br,ens4,backbone,2418.422222222222,2403.6,18.666666666666668,18.733333333333334,0,0,0,0,0
2026-07-28 12:52:00,ccf-aiops-武汉,br-1,br,ens5,backbone,945.0666666666667,2902.3555555555554,7.933333333333334,7.377777777777777,0,0,0,0,0
2026-07-28 12:52:00,ccf-aiops-武汉,br-1,br,ens6,NULL,0,0,0,0,0,0,0,0,0
2026-07-28 12:52:00,ccf-aiops-武汉,br-1,br,ens7,NULL,0,0,0,0,0,0,0,0,0
2026-07-28 12:52:00,ccf-aiops-武汉,br-1,br,ens8,NULL,0,0,0,0,0,0,0,0,0
2026-07-28 12:52:00,ccf-aiops-武汉,br-1,br,ens9,NULL,0,0,0,0,0,0,0,0,0
2026-07-28 12:52:00,ccf-aiops-武汉,br-2,br,ens10,NULL,0,0,0,0,0,0,0,0,0
2026-07-28 12:52:00,ccf-aiops-武汉,br-2,br,ens11,NULL,0,0,0,0,0,0,0,0,0
2026-07-28 12:52:00,ccf-aiops-武汉,br-2,br,ens12,NULL,0,0,0,0,0,0,0,0,0
2026-07-28 12:52:00,ccf-aiops-武汉,br-2,br,ens3,NULL,1.5555555555555556,0,0.02222222222222222,0,0,0,0,0,0
2026-07-28 12:52:00,ccf-aiops-武汉,br-2,br,ens4,backbone,2828.2,2722.4444444444443,21.6,21.31111111111111,0,0,0,0,0
2026-07-28 12:52:00,ccf-aiops-武汉,br-2,br,ens5,backbone,1019.0222222222221,2908.8,8.71111111111111,8.222222222222221,0,0,0,0,0
2026-07-28 12:52:00,ccf-aiops-武汉,br-2,br,ens6,NULL,0,0,0,0,0,0,0,0,0
2026-07-28 12:52:00,ccf-aiops-武汉,br-2,br,ens7,NULL,0,0,0,0,0,0,0,0,0
2026-07-28 12:52:00,ccf-aiops-武汉,br-2,br,ens8,NULL,0,0,0,0,0,0,0,0,0
2026-07-28 12:52:00,ccf-aiops-武汉,br-2,br,ens9,NULL,0,0,0,0,0,0,0,0,0
2026-07-28 12:52:00,ccf-aiops-武汉,cr-1,cr,ens10,NULL,0,0,0,0,0,0,0,0,0
2026-07-28 12:52:00,ccf-aiops-武汉,cr-1,cr,ens11,NULL,0,0,0,0,0,0,0,0,0
2026-07-28 12:52:00,ccf-aiops-武汉,cr-1,cr,ens12,NULL,0,0,0,0,0,0,0,0,0
2026-07-28 12:52:00,ccf-aiops-武汉,cr-1,cr,ens3,NULL,1.5555555555555556,0,0.02222222222222222,0,0,0,0,0,0
2026-07-28 12:52:00,ccf-aiops-武汉,cr-1,cr,ens4,backbone,1347.8666666666666,761.7333333333333,7.466666666666667,6.444444444444444,0,0,0,0,0
2026-07-28 12:52:00,ccf-aiops-武汉,cr-1,cr,ens5,backbone,880.5777777777778,3033.755555555555,7.444444444444444,8.044444444444444,0,0,0,0,0
2026-07-28 12:52:00,ccf-aiops-武汉,cr-1,cr,ens6,NULL,0,0,0,0,0,0,0,0,0
2026-07-28 12:52:00,ccf-aiops-武汉,cr-1,cr,ens7,NULL,0,0,0,0,0,0,0,0,0
2026-07-28 12:52:00,ccf-aiops-武汉,cr-1,cr,ens8,NULL,0,0,0,0,0,0,0,0,0
2026-07-28 12:52:00,ccf-aiops-武汉,cr-1,cr,ens9,NULL,0,0,0,0,0,0,0,0,0
2026-07-28 12:52:00,ccf-aiops-武汉,cr-2,cr,ens10,NULL,0,0,0,0,0,0,0,0,0
2026-07-28 12:52:00,ccf-aiops-武汉,cr-2,cr,ens11,NULL,0,0,0,0,0,0,0,0,0
2026-07-28 12:52:00,ccf-aiops-武汉,cr-2,cr,ens12,NULL,0,0,0,0,0,0,0,0,0
2026-07-28 12:52:00,ccf-aiops-武汉,cr-2,cr,ens3,NULL,107.64444444444443,114.22222222222221,0.5555555555555555,0.5555555555555556,0,0,0,0,0
2026-07-28 12:52:00,ccf-aiops-武汉,cr-2,cr,ens4,backbone,4848.288888888888,1240.622222222222,10.31111111111111,10.444444444444446,0,0,0,0,0
2026-07-28 12:52:00,ccf-aiops-武汉,cr-2,cr,ens5,backbone,1362.7555555555555,6704.066666666667,11.488888888888887,11.08888888888889,0,0,0,0,0
2026-07-28 12:52:00,ccf-aiops-武汉,cr-2,cr,ens6,NULL,0,0,0,0,0,0,0,0,0
2026-07-28 12:52:00,ccf-aiops-武汉,cr-2,cr,ens7,NULL,0,0,0,0,0,0,0,0,0
2026-07-28 12:52:00,ccf-aiops-武汉,cr-2,cr,ens8,NULL,0,0,0,0,0,0,0,0,0
2026-07-28 12:52:00,ccf-aiops-武汉,cr-2,cr,ens9,NULL,0,0,0,0,0,0,0,0,0
2026-07-28 12:52:00,ccf-aiops-武汉,fw,firewall,ens3,NULL,361.6,229.55555555555554,3.6444444444444444,1.9555555555555555,0,0,0,0,0
2026-07-28 12:52:00,ccf-aiops-武汉,fw,firewall,ens4,backbone,9544.088888888888,2033.0222222222221,18.022222222222222,17.133333333333333,0,0,0,0,0
2026-07-28 12:52:00,ccf-aiops-武汉,fw,firewall,ens5,business,2100.3777777777777,10707.444444444443,17.733333333333334,18.177777777777774,0,0,0,0,0
2026-07-28 12:52:00,ccf-aiops-武汉,fw,firewall,ens6,NULL,0,0,0,0,0,0,0,0,0
2026-07-28 12:52:00,ccf-aiops-武汉,monitor-vm,collector,ens3,NULL,180.35555555555553,128.88888888888889,1.6666666666666667,0.9555555555555555,0,0,0,0,0
2026-07-28 12:52:00,ccf-aiops-武汉,monitor-vm,collector,ens4,mgmt,28330.266666666666,1018.6444444444444,10.533333333333333,8.955555555555554,0,0,0,0,0
2026-07-28 12:52:00,ccf-aiops-武汉,monitor-vm,collector,ens5,NULL,0,0,0,0,0,0,0,0,0
2026-07-28 12:52:00,ccf-aiops-武汉,monitor-vm,collector,ens6,NULL,0,0,0,0,0,0,0,0,0
2026-07-28 12:52:00,ccf-aiops-武汉,probe-vm,probe,ens3,NULL,57.68888888888888,62.35555555555555,0.3333333333333333,0.31111111111111106,0,0,0,0,0
2026-07-28 12:52:00,ccf-aiops-武汉,probe-vm,probe,ens4,business,60.35555555555555,1172.0444444444443,0.5111111111111111,0.3333333333333333,0,0,0,0,0
2026-07-28 12:52:00,ccf-aiops-武汉,probe-vm,probe,ens5,NULL,0,0,0,0,0,0,0,0,0
2026-07-28 12:52:00,ccf-aiops-武汉,probe-vm,probe,ens6,NULL,0,0,0,0,0,0,0,0,0
2026-07-28 12:52:00,ccf-aiops-武汉,service-vm-1,service,ens3,NULL,117.37777777777777,96.35555555555555,0.9777777777777777,0.6444444444444444,0,0,0,0,0
2026-07-28 12:52:00,ccf-aiops-武汉,service-vm-1,service,ens4,service,1710.3555555555554,2868.7111111111108,14.31111111111111,14.288888888888888,0,0,0,0,0
2026-07-28 12:52:00,ccf-aiops-武汉,service-vm-1,service,ens5,NULL,0,0,0,0,0,0,0,0,0
2026-07-28 12:52:00,ccf-aiops-武汉,service-vm-1,service,ens6,NULL,0,0,0,0,0,0,0,0,0
2026-07-28 12:52:00,ccf-aiops-武汉,service-vm-2,service,ens3,NULL,0,0,0,0,0,0,0,0,0
2026-07-28 12:52:00,ccf-aiops-武汉,service-vm-2,service,ens4,service,50.8,1168.0000000000002,0.4,0.26666666666666666,0,0,0,0,0
2026-07-28 12:52:00,ccf-aiops-武汉,service-vm-2,service,ens5,NULL,0,0,0,0,0,0,0,0,0
2026-07-28 12:52:00,ccf-aiops-武汉,service-vm-2,service,ens6,NULL,0,0,0,0,0,0,0,0,0
2026-07-28 12:52:00,ccf-aiops-武汉,service-vm-3,service,ens3,NULL,0,0,0,0,0,0,0,0,0
2026-07-28 12:52:00,ccf-aiops-武汉,service-vm-3,service,ens4,service,64.17777777777778,1180.0666666666668,0.5555555555555556,0.4,0,0,0,0,0
2026-07-28 12:52:00,ccf-aiops-武汉,service-vm-3,service,ens5,NULL,0,0,0,0,0,0,0,0,0
2026-07-28 12:52:00,ccf-aiops-武汉,service-vm-3,service,ens6,NULL,0,0,0,0,0,0,0,0,0
2026-07-28 12:52:00,ccf-aiops-武汉,traffic-vm,traffic,ens3,NULL,54.488888888888894,60.888888888888886,0.28888888888888886,0.28888888888888886,0,0,0,0,0
2026-07-28 12:52:00,ccf-aiops-武汉,traffic-vm,traffic,ens4,business,886.6666666666667,15124.444444444443,6.822222222222222,6.288888888888889,0,0,0,0,0
2026-07-28 12:52:00,ccf-aiops-武汉,traffic-vm,traffic,ens5,NULL,0,0,0,0,0,0,0,0,0
2026-07-28 12:52:00,ccf-aiops-武汉,traffic-vm,traffic,ens6,NULL,0,0,0,0,0,0,0,0,0
2026-07-28 12:53:00,ccf-aiops-武汉,br-1,br,ens10,NULL,0,0,0,0,0,0,0,0,0
2026-07-28 12:53:00,ccf-aiops-武汉,br-1,br,ens11,NULL,0,0,0,0,0,0,0,0,0
2026-07-28 12:53:00,ccf-aiops-武汉,br-1,br,ens12,NULL,0,0,0,0,0,0,0,0,0
2026-07-28 12:53:00,ccf-aiops-武汉,br-1,br,ens3,NULL,124.17777777777776,114.22222222222221,0.7777777777777778,0.5555555555555555,0,0,0,0,0
2026-07-28 12:53:00,ccf-aiops-武汉,br-1,br,ens4,backbone,1238.1333333333334,1077.1555555555556,10.266666666666667,8.733333333333333,0,0,0,0,0
2026-07-28 12:53:00,ccf-aiops-武汉,br-1,br,ens5,backbone,753.9555555555555,3080.022222222222,6.333333333333333,7.422222222222222,0,0,0,0,0
2026-07-28 12:53:00,ccf-aiops-武汉,br-1,br,ens6,NULL,0,0,0,0,0,0,0,0,0
2026-07-28 12:53:00,ccf-aiops-武汉,br-1,br,ens7,NULL,0,0,0,0,0,0,0,0,0
2026-07-28 12:53:00,ccf-aiops-武汉,br-1,br,ens8,NULL,0,0,0,0,0,0,0,0,0
2026-07-28 12:53:00,ccf-aiops-武汉,br-1,br,ens9,NULL,0,0,0,0,0,0,0,0,0
2026-07-28 12:53:00,ccf-aiops-武汉,br-2,br,ens10,NULL,0,0,0,0,0,0,0,0,0
2026-07-28 12:53:00,ccf-aiops-武汉,br-2,br,ens11,NULL,0,0,0,0,0,0,0,0,0
2026-07-28 12:53:00,ccf-aiops-武汉,br-2,br,ens12,NULL,0,0,0,0,0,0,0,0,0
2026-07-28 12:53:00,ccf-aiops-武汉,br-2,br,ens3,NULL,130.4,114.22222222222221,0.8666666666666667,0.5555555555555555,0,0,0,0,0
2026-07-28 12:53:00,ccf-aiops-武汉,br-2,br,ens4,backbone,1011.1333333333333,1093.1111111111109,8.288888888888888,9.088888888888887,0,0,0,0,0
2026-07-28 12:53:00,ccf-aiops-武汉,br-2,br,ens5,backbone,940.8,3187.0444444444443,7.955555555555555,6.866666666666666,0,0,0,0,0
2026-07-28 12:53:00,ccf-aiops-武汉,br-2,br,ens6,NULL,0,0,0,0,0,0,0,0,0
2026-07-28 12:53:00,ccf-aiops-武汉,br-2,br,ens7,NULL,0,0,0,0,0,0,0,0,0
2026-07-28 12:53:00,ccf-aiops-武汉,br-2,br,ens8,NULL,0,0,0,0,0,0,0,0,0
2026-07-28 12:53:00,ccf-aiops-武汉,br-2,br,ens9,NULL,0,0,0,0,0,0,0,0,0
2026-07-28 12:53:00,ccf-aiops-武汉,cr-1,cr,ens10,NULL,0,0,0,0,0,0,0,0,0
2026-07-28 12:53:00,ccf-aiops-武汉,cr-1,cr,ens11,NULL,0,0,0,0,0,0,0,0,0
2026-07-28 12:53:00,ccf-aiops-武汉,cr-1,cr,ens12,NULL,0,0,0,0,0,0,0,0,0
2026-07-28 12:53:00,ccf-aiops-武汉,cr-1,cr,ens3,NULL,19.644444444444442,0,0.26666666666666666,0,0,0,0,0,0
2026-07-28 12:53:00,ccf-aiops-武汉,cr-1,cr,ens4,backbone,1340.911111111111,682.2888888888888,5.9111111111111105,5.71111111111111,0,0,0,0,0
2026-07-28 12:53:00,ccf-aiops-武汉,cr-1,cr,ens5,backbone,796.9555555555555,3320.3555555555554,6.666666666666667,6.71111111111111,0,0,0,0,0
2026-07-28 12:53:00,ccf-aiops-武汉,cr-1,cr,ens6,NULL,0,0,0,0,0,0,0,0,0
2026-07-28 12:53:00,ccf-aiops-武汉,cr-1,cr,ens7,NULL,0,0,0,0,0,0,0,0,0
2026-07-28 12:53:00,ccf-aiops-武汉,cr-1,cr,ens8,NULL,0,0,0,0,0,0,0,0,0
2026-07-28 12:53:00,ccf-aiops-武汉,cr-1,cr,ens9,NULL,0,0,0,0,0,0,0,0,0
2026-07-28 12:53:00,ccf-aiops-武汉,cr-2,cr,ens10,NULL,0,0,0,0,0,0,0,0,0
2026-07-28 12:53:00,ccf-aiops-武汉,cr-2,cr,ens11,NULL,0,0,0,0,0,0,0,0,0
2026-07-28 12:53:00,ccf-aiops-武汉,cr-2,cr,ens12,NULL,0,0,0,0,0,0,0,0,0
2026-07-28 12:53:00,ccf-aiops-武汉,cr-2,cr,ens3,NULL,24.31111111111111,0,0.3333333333333333,0,0,0,0,0,0
2026-07-28 12:53:00,ccf-aiops-武汉,cr-2,cr,ens4,backbone,5058.688888888889,961.5333333333333,8.488888888888889,8.11111111111111,0,0,0,0,0
2026-07-28 12:53:00,ccf-aiops-武汉,cr-2,cr,ens5,backbone,1077.7555555555555,7210.955555555555,9.088888888888887,9.355555555555554,0,0,0,0,0
2026-07-28 12:53:00,ccf-aiops-武汉,cr-2,cr,ens6,NULL,0,0,0,0,0,0,0,0,0
2026-07-28 12:53:00,ccf-aiops-武汉,cr-2,cr,ens7,NULL,0,0,0,0,0,0,0,0,0
2026-07-28 12:53:00,ccf-aiops-武汉,cr-2,cr,ens8,NULL,0,0,0,0,0,0,0,0,0
2026-07-28 12:53:00,ccf-aiops-武汉,cr-2,cr,ens9,NULL,0,0,0,0,0,0,0,0,0
2026-07-28 12:53:00,ccf-aiops-武汉,fw,firewall,ens3,NULL,322.97777777777776,170.93333333333334,3.5555555555555554,1.6888888888888889,0,0,0,0,0
2026-07-28 12:53:00,ccf-aiops-武汉,fw,firewall,ens4,backbone,11206.91111111111,1843.6888888888889,17.866666666666667,15.466666666666667,0,0,0,0,0
2026-07-28 12:53:00,ccf-aiops-武汉,fw,firewall,ens5,business,1912.7777777777776,12363.511111111111,16.08888888888889,17.933333333333334,0,0,0,0,0
2026-07-28 12:53:00,ccf-aiops-武汉,fw,firewall,ens6,NULL,0,0,0,0,0,0,0,0,0
2026-07-28 12:53:00,ccf-aiops-武汉,monitor-vm,collector,ens3,NULL,141.86666666666667,69.86666666666666,1.6,0.711111111111111,0,0,0,0,0
2026-07-28 12:53:00,ccf-aiops-武汉,monitor-vm,collector,ens4,mgmt,29695.355555555554,1052.7777777777778,11.444444444444445,9.355555555555554,0,0,0,0,0
2026-07-28 12:53:00,ccf-aiops-武汉,monitor-vm,collector,ens5,NULL,0,0,0,0,0,0,0,0,0
2026-07-28 12:53:00,ccf-aiops-武汉,monitor-vm,collector,ens6,NULL,0,0,0,0,0,0,0,0,0
2026-07-28 12:53:00,ccf-aiops-武汉,probe-vm,probe,ens3,NULL,64.8,62.35555555555555,0.4222222222222222,0.31111111111111106,0,0,0,0,0
2026-07-28 12:53:00,ccf-aiops-武汉,probe-vm,probe,ens4,business,54.62222222222222,1173.7777777777776,0.4444444444444444,0.3555555555555555,0,0,0,0,0
2026-07-28 12:53:00,ccf-aiops-武汉,probe-vm,probe,ens5,NULL,0,0,0,0,0,0,0,0,0
2026-07-28 12:53:00,ccf-aiops-武汉,probe-vm,probe,ens6,NULL,0,0,0,0,0,0,0,0,0
2026-07-28 12:53:00,ccf-aiops-武汉,service-vm-1,service,ens3,NULL,133.6888888888889,97.28888888888888,1.2,0.6666666666666666,0,0,0,0,0
2026-07-28 12:53:00,ccf-aiops-武汉,service-vm-1,service,ens4,service,1406.1111111111109,2558.422222222222,11.733333333333333,11.555555555555554,0,0,0,0,0
2026-07-28 12:53:00,ccf-aiops-武汉,service-vm-1,service,ens5,NULL,0,0,0,0,0,0,0,0,0
2026-07-28 12:53:00,ccf-aiops-武汉,service-vm-1,service,ens6,NULL,0,0,0,0,0,0,0,0,0
2026-07-28 12:53:00,ccf-aiops-武汉,service-vm-2,service,ens3,NULL,24.31111111111111,0,0.3333333333333333,0,0,0,0,0,0
2026-07-28 12:53:00,ccf-aiops-武汉,service-vm-2,service,ens4,service,67.64444444444445,1181.0444444444443,0.6,0.4222222222222222,0,0,0,0,0
2026-07-28 12:53:00,ccf-aiops-武汉,service-vm-2,service,ens5,NULL,0,0,0,0,0,0,0,0,0
2026-07-28 12:53:00,ccf-aiops-武汉,service-vm-2,service,ens6,NULL,0,0,0,0,0,0,0,0,0
2026-07-28 12:53:00,ccf-aiops-武汉,service-vm-3,service,ens3,NULL,24.31111111111111,0,0.3333333333333333,0,0,0,0,0,0
2026-07-28 12:53:00,ccf-aiops-武汉,service-vm-3,service,ens4,service,67.64444444444445,1180.5555555555554,0.6,0.4,0,0,0,0,0
2026-07-28 12:53:00,ccf-aiops-武汉,service-vm-3,service,ens5,NULL,0,0,0,0,0,0,0,0,0
2026-07-28 12:53:00,ccf-aiops-武汉,service-vm-3,service,ens6,NULL,0,0,0,0,0,0,0,0,0
2026-07-28 12:53:00,ccf-aiops-武汉,traffic-vm,traffic,ens3,NULL,77.46666666666668,59.95555555555555,0.6,0.26666666666666666,0,0,0,0,0
2026-07-28 12:53:00,ccf-aiops-武汉,traffic-vm,traffic,ens4,business,433.9555555555556,14738.511111111111,3.822222222222222,3.155555555555556,0,0,0,0,0
2026-07-28 12:53:00,ccf-aiops-武汉,traffic-vm,traffic,ens5,NULL,0,0,0,0,0,0,0,0,0
2026-07-28 12:53:00,ccf-aiops-武汉,traffic-vm,traffic,ens6,NULL,0,0,0,0,0,0,0,0,0
2026-07-28 12:54:00,ccf-aiops-武汉,br-1,br,ens10,NULL,0,0,0,0,0,0,0,0,0
2026-07-28 12:54:00,ccf-aiops-武汉,br-1,br,ens11,NULL,0,0,0,0,0,0,0,0,0
2026-07-28 12:54:00,ccf-aiops-武汉,br-1,br,ens12,NULL,0,0,0,0,0,0,0,0,0
2026-07-28 12:54:00,ccf-aiops-武汉,br-1,br,ens3,NULL,0,0,0,0,0,0,0,0,0
2026-07-28 12:54:00,ccf-aiops-武汉,br-1,br,ens4,backbone,5001.688888888889,4548.444444444443,36.577777777777776,35.42222222222222,0,0,0,0,0
2026-07-28 12:54:00,ccf-aiops-武汉,br-1,br,ens5,backbone,1952.9555555555555,4480.933333333333,16.444444444444443,16.6,0,0,0,0,0
2026-07-28 12:54:00,ccf-aiops-武汉,br-1,br,ens6,NULL,0,0,0,0,0,0,0,0,0
2026-07-28 12:54:00,ccf-aiops-武汉,br-1,br,ens7,NULL,0,0,0,0,0,0,0,0,0
2026-07-28 12:54:00,ccf-aiops-武汉,br-1,br,ens8,NULL,0,0,0,0,0,0,0,0,0
2026-07-28 12:54:00,ccf-aiops-武汉,br-1,br,ens9,NULL,0,0,0,0,0,0,0,0,0
2026-07-28 12:54:00,ccf-aiops-武汉,br-2,br,ens10,NULL,0,0,0,0,0,0,0,0,0
2026-07-28 12:54:00,ccf-aiops-武汉,br-2,br,ens11,NULL,0,0,0,0,0,0,0,0,0
2026-07-28 12:54:00,ccf-aiops-武汉,br-2,br,ens12,NULL,0,0,0,0,0,0,0,0,0
2026-07-28 12:54:00,ccf-aiops-武汉,br-2,br,ens3,NULL,0,0,0,0,0,0,0,0,0
2026-07-28 12:54:00,ccf-aiops-武汉,br-2,br,ens4,backbone,3182.288888888889,2952.4,24.84444444444444,24.04444444444444,0,0,0,0,0
2026-07-28 12:54:00,ccf-aiops-武汉,br-2,br,ens5,backbone,1850.4,4195.288888888888,15.533333333333333,15.511111111111111,0,0,0,0,0
2026-07-28 12:54:00,ccf-aiops-武汉,br-2,br,ens6,NULL,0,0,0,0,0,0,0,0,0
2026-07-28 12:54:00,ccf-aiops-武汉,br-2,br,ens7,NULL,0,0,0,0,0,0,0,0,0
2026-07-28 12:54:00,ccf-aiops-武汉,br-2,br,ens8,NULL,0,0,0,0,0,0,0,0,0
2026-07-28 12:54:00,ccf-aiops-武汉,br-2,br,ens9,NULL,0,0,0,0,0,0,0,0,0
2026-07-28 12:54:00,ccf-aiops-武汉,cr-1,cr,ens10,NULL,0,0,0,0,0,0,0,0,0
2026-07-28 12:54:00,ccf-aiops-武汉,cr-1,cr,ens11,NULL,0,0,0,0,0,0,0,0,0
2026-07-28 12:54:00,ccf-aiops-武汉,cr-1,cr,ens12,NULL,0,0,0,0,0,0,0,0,0
2026-07-28 12:54:00,ccf-aiops-武汉,cr-1,cr,ens3,NULL,0,0,0,0,0,0,0,0,0
2026-07-28 12:54:00,ccf-aiops-武汉,cr-1,cr,ens4,backbone,2802.4444444444443,1733.0444444444443,16.31111111111111,14.688888888888888,0,0,0,0,0
2026-07-28 12:54:00,ccf-aiops-武汉,cr-1,cr,ens5,backbone,1853.8,4813.244444444444,15.71111111111111,17.177777777777774,0,0,0,0,0
2026-07-28 12:54:00,ccf-aiops-武汉,cr-1,cr,ens6,NULL,0,0,0,0,0,0,0,0,0
2026-07-28 12:54:00,ccf-aiops-武汉,cr-1,cr,ens7,NULL,0,0,0,0,0,0,0,0,0
2026-07-28 12:54:00,ccf-aiops-武汉,cr-1,cr,ens8,NULL,0,0,0,0,0,0,0,0,0
2026-07-28 12:54:00,ccf-aiops-武汉,cr-1,cr,ens9,NULL,0,0,0,0,0,0,0,0,0
2026-07-28 12:54:00,ccf-aiops-武汉,cr-2,cr,ens10,NULL,0,0,0,0,0,0,0,0,0
2026-07-28 12:54:00,ccf-aiops-武汉,cr-2,cr,ens11,NULL,0,0,0,0,0,0,0,0,0
2026-07-28 12:54:00,ccf-aiops-武汉,cr-2,cr,ens12,NULL,0,0,0,0,0,0,0,0,0
2026-07-28 12:54:00,ccf-aiops-武汉,cr-2,cr,ens3,NULL,0,0,0,0,0,0,0,0,0
2026-07-28 12:54:00,ccf-aiops-武汉,cr-2,cr,ens4,backbone,5554.622222222222,1702.0888888888887,13.888888888888888,14.177777777777777,0,0,0,0,0
2026-07-28 12:54:00,ccf-aiops-武汉,cr-2,cr,ens5,backbone,1822.4888888888888,7706.577777777778,15.2,14.844444444444443,0,0,0,0,0
2026-07-28 12:54:00,ccf-aiops-武汉,cr-2,cr,ens6,NULL,0,0,0,0,0,0,0,0,0
2026-07-28 12:54:00,ccf-aiops-武汉,cr-2,cr,ens7,NULL,0,0,0,0,0,0,0,0,0
2026-07-28 12:54:00,ccf-aiops-武汉,cr-2,cr,ens8,NULL,0,0,0,0,0,0,0,0,0
2026-07-28 12:54:00,ccf-aiops-武汉,cr-2,cr,ens9,NULL,0,0,0,0,0,0,0,0,0
2026-07-28 12:54:00,ccf-aiops-武汉,fw,firewall,ens3,NULL,362.4888888888889,233.28888888888886,3.6444444444444444,2,0,0,0,0,0
2026-07-28 12:54:00,ccf-aiops-武汉,fw,firewall,ens4,backbone,13444,4026.2,36.15555555555555,33.77777777777778,0,0,0,0,0
2026-07-28 12:54:00,ccf-aiops-武汉,fw,firewall,ens5,business,4090.0888888888885,14598.4,34.333333333333336,36.2,0,0,0,0,0
2026-07-28 12:54:00,ccf-aiops-武汉,fw,firewall,ens6,NULL,0,0,0,0,0,0,0,0,0
2026-07-28 12:54:00,ccf-aiops-武汉,monitor-vm,collector,ens3,NULL,178.48888888888888,129.82222222222222,1.6444444444444444,0.9777777777777777,0,0,0,0,0
2026-07-28 12:54:00,ccf-aiops-武汉,monitor-vm,collector,ens4,mgmt,29582.48888888889,1038.5555555555554,11.2,9.177777777777777,0,0,0,0,0
2026-07-28 12:54:00,ccf-aiops-武汉,monitor-vm,collector,ens5,NULL,0,0,0,0,0,0,0,0,0
2026-07-28 12:54:00,ccf-aiops-武汉,monitor-vm,collector,ens6,NULL,0,0,0,0,0,0,0,0,0
2026-07-28 12:54:00,ccf-aiops-武汉,probe-vm,probe,ens3,NULL,53.15555555555555,59.95555555555555,0.26666666666666666,0.26666666666666666,0,0,0,0,0
2026-07-28 12:54:00,ccf-aiops-武汉,probe-vm,probe,ens4,business,58.977777777777774,1167.511111111111,0.4888888888888889,0.28888888888888886,0,0,0,0,0
2026-07-28 12:54:00,ccf-aiops-武汉,probe-vm,probe,ens5,NULL,0,0,0,0,0,0,0,0,0
2026-07-28 12:54:00,ccf-aiops-武汉,probe-vm,probe,ens6,NULL,0,0,0,0,0,0,0,0,0
2026-07-28 12:54:00,ccf-aiops-武汉,service-vm-1,service,ens3,NULL,64,35.86666666666667,0.711111111111111,0.3777777777777777,0,0,0,0,0
2026-07-28 12:54:00,ccf-aiops-武汉,service-vm-1,service,ens4,service,1784.0444444444443,2960.0888888888885,14.844444444444443,14.644444444444444,0,0,0,0,0
2026-07-28 12:54:00,ccf-aiops-武汉,service-vm-1,service,ens5,NULL,0,0,0,0,0,0,0,0,0
2026-07-28 12:54:00,ccf-aiops-武汉,service-vm-1,service,ens6,NULL,0,0,0,0,0,0,0,0,0
2026-07-28 12:54:00,ccf-aiops-武汉,service-vm-2,service,ens3,NULL,54.48888888888889,62.35555555555555,0.28888888888888886,0.31111111111111106,0,0,0,0,0
2026-07-28 12:54:00,ccf-aiops-武汉,service-vm-2,service,ens4,service,62.266666666666666,1178.6444444444444,0.5333333333333333,0.4,0,0,0,0,0
2026-07-28 12:54:00,ccf-aiops-武汉,service-vm-2,service,ens5,NULL,0,0,0,0,0,0,0,0,0
2026-07-28 12:54:00,ccf-aiops-武汉,service-vm-2,service,ens6,NULL,0,0,0,0,0,0,0,0,0
2026-07-28 12:54:00,ccf-aiops-武汉,service-vm-3,service,ens3,NULL,54.48888888888889,62.35555555555555,0.28888888888888886,0.31111111111111106,0,0,0,0,0
2026-07-28 12:54:00,ccf-aiops-武汉,service-vm-3,service,ens4,service,66.08888888888889,1181.6444444444444,0.5777777777777777,0.4,0,0,0,0,0
2026-07-28 12:54:00,ccf-aiops-武汉,service-vm-3,service,ens5,NULL,0,0,0,0,0,0,0,0,0
2026-07-28 12:54:00,ccf-aiops-武汉,service-vm-3,service,ens6,NULL,0,0,0,0,0,0,0,0,0
2026-07-28 12:54:00,ccf-aiops-武汉,traffic-vm,traffic,ens3,NULL,0,0,0,0,0,0,0,0,0
2026-07-28 12:54:00,ccf-aiops-武汉,traffic-vm,traffic,ens4,business,2139.8444444444444,16013.866666666667,15.044444444444444,14.222222222222221,0,0,0,0,0
2026-07-28 12:54:00,ccf-aiops-武汉,traffic-vm,traffic,ens5,NULL,0,0,0,0,0,0,0,0,0
2026-07-28 12:54:00,ccf-aiops-武汉,traffic-vm,traffic,ens6,NULL,0,0,0,0,0,0,0,0,0
2026-07-28 12:55:00,ccf-aiops-武汉,br-1,br,ens10,NULL,0,0,0,0,0,0,0,0,0
2026-07-28 12:55:00,ccf-aiops-武汉,br-1,br,ens11,NULL,0,0,0,0,0,0,0,0,0
2026-07-28 12:55:00,ccf-aiops-武汉,br-1,br,ens12,NULL,0,0,0,0,0,0,0,0,0
2026-07-28 12:55:00,ccf-aiops-武汉,br-1,br,ens3,NULL,110.17777777777776,114.22222222222221,0.5777777777777777,0.5555555555555555,0,0,0,0,0
2026-07-28 12:55:00,ccf-aiops-武汉,br-1,br,ens4,backbone,3472.9555555555553,2895.0666666666666,25.04444444444444,23.266666666666666,0,0,0,0,0
2026-07-28 12:55:00,ccf-aiops-武汉,br-1,br,ens5,backbone,1546.2888888888888,5682.7555555555555,13.155555555555555,15.11111111111111,0,0,0,0,0
2026-07-28 12:55:00,ccf-aiops-武汉,br-1,br,ens6,NULL,0,0,0,0,0,0,0,0,0
2026-07-28 12:55:00,ccf-aiops-武汉,br-1,br,ens7,NULL,0,0,0,0,0,0,0,0,0
2026-07-28 12:55:00,ccf-aiops-武汉,br-1,br,ens8,NULL,0,0,0,0,0,0,0,0,0
2026-07-28 12:55:00,ccf-aiops-武汉,br-1,br,ens9,NULL,0,0,0,0,0,0,0,0,0
2026-07-28 12:55:00,ccf-aiops-武汉,br-2,br,ens10,NULL,0,0,0,0,0,0,0,0,0
2026-07-28 12:55:00,ccf-aiops-武汉,br-2,br,ens11,NULL,0,0,0,0,0,0,0,0,0
2026-07-28 12:55:00,ccf-aiops-武汉,br-2,br,ens12,NULL,0,0,0,0,0,0,0,0,0
2026-07-28 12:55:00,ccf-aiops-武汉,br-2,br,ens3,NULL,2.533333333333333,0,0.02222222222222222,0,0,0,0,0,0
2026-07-28 12:55:00,ccf-aiops-武汉,br-2,br,ens4,backbone,2370.1777777777775,2153.511111111111,17.666666666666668,18,0,0,0,0,0
2026-07-28 12:55:00,ccf-aiops-武汉,br-2,br,ens5,backbone,1632.6,5238.822222222222,14.066666666666666,13.844444444444443,0,0,0,0,0
2026-07-28 12:55:00,ccf-aiops-武汉,br-2,br,ens6,NULL,0,0,0,0,0,0,0,0,0
2026-07-28 12:55:00,ccf-aiops-武汉,br-2,br,ens7,NULL,0,0,0,0,0,0,0,0,0
2026-07-28 12:55:00,ccf-aiops-武汉,br-2,br,ens8,NULL,0,0,0,0,0,0,0,0,0
2026-07-28 12:55:00,ccf-aiops-武汉,br-2,br,ens9,NULL,0,0,0,0,0,0,0,0,0
2026-07-28 12:55:00,ccf-aiops-武汉,cr-1,cr,ens10,NULL,0,0,0,0,0,0,0,0,0
2026-07-28 12:55:00,ccf-aiops-武汉,cr-1,cr,ens11,NULL,0,0,0,0,0,0,0,0,0
2026-07-28 12:55:00,ccf-aiops-武汉,cr-1,cr,ens12,NULL,0,0,0,0,0,0,0,0,0
2026-07-28 12:55:00,ccf-aiops-武汉,cr-1,cr,ens3,NULL,2.533333333333333,0,0.02222222222222222,0,0,0,0,0,0
2026-07-28 12:55:00,ccf-aiops-武汉,cr-1,cr,ens4,backbone,3915.0666666666666,1490.2888888888888,13.622222222222222,12.91111111111111,0,0,0,0,0
2026-07-28 12:55:00,ccf-aiops-武汉,cr-1,cr,ens5,backbone,1606.8666666666666,7118.466666666666,13.888888888888888,15.222222222222221,0,0,0,0,0
2026-07-28 12:55:00,ccf-aiops-武汉,cr-1,cr,ens6,NULL,0,0,0,0,0,0,0,0,0
2026-07-28 12:55:00,ccf-aiops-武汉,cr-1,cr,ens7,NULL,0,0,0,0,0,0,0,0,0
2026-07-28 12:55:00,ccf-aiops-武汉,cr-1,cr,ens8,NULL,0,0,0,0,0,0,0,0,0
2026-07-28 12:55:00,ccf-aiops-武汉,cr-1,cr,ens9,NULL,0,0,0,0,0,0,0,0,0
2026-07-28 12:55:00,ccf-aiops-武汉,cr-2,cr,ens10,NULL,0,0,0,0,0,0,0,0,0
2026-07-28 12:55:00,ccf-aiops-武汉,cr-2,cr,ens11,NULL,0,0,0,0,0,0,0,0,0
2026-07-28 12:55:00,ccf-aiops-武汉,cr-2,cr,ens12,NULL,0,0,0,0,0,0,0,0,0
2026-07-28 12:55:00,ccf-aiops-武汉,cr-2,cr,ens3,NULL,111.82222222222224,114.22222222222221,0.6,0.5555555555555556,0,0,0,0,0
2026-07-28 12:55:00,ccf-aiops-武汉,cr-2,cr,ens4,backbone,7166.5777777777785,1630.6,17.044444444444444,13.800000000000002,0,0,0,0,0
2026-07-28 12:55:00,ccf-aiops-武汉,cr-2,cr,ens5,backbone,1749.9333333333336,10354.266666666666,14.822222222222221,18.66666666666667,0,0,0,0,0
2026-07-28 12:55:00,ccf-aiops-武汉,cr-2,cr,ens6,NULL,0,0,0,0,0,0,0,0,0
2026-07-28 12:55:00,ccf-aiops-武汉,cr-2,cr,ens7,NULL,0,0,0,0,0,0,0,0,0
2026-07-28 12:55:00,ccf-aiops-武汉,cr-2,cr,ens8,NULL,0,0,0,0,0,0,0,0,0
2026-07-28 12:55:00,ccf-aiops-武汉,cr-2,cr,ens9,NULL,0,0,0,0,0,0,0,0,0
2026-07-28 12:55:00,ccf-aiops-武汉,fw,firewall,ens3,NULL,418.17777777777775,293.2444444444444,3.933333333333333,2.2666666666666666,0,0,0,0,0
2026-07-28 12:55:00,ccf-aiops-武汉,fw,firewall,ens4,backbone,17904.4,3190.4888888888886,32.955555555555556,27.31111111111111,0,0,0,0,0
2026-07-28 12:55:00,ccf-aiops-武汉,fw,firewall,ens5,business,3261.4888888888886,19059.31111111111,27.955555555555556,33.02222222222222,0,0,0,0,0
2026-07-28 12:55:00,ccf-aiops-武汉,fw,firewall,ens6,NULL,0,0,0,0,0,0,0,0,0
2026-07-28 12:55:00,ccf-aiops-武汉,monitor-vm,collector,ens3,NULL,176.93333333333334,127.55555555555556,1.6222222222222222,0.9555555555555555,0,0,0,0,0
2026-07-28 12:55:00,ccf-aiops-武汉,monitor-vm,collector,ens4,mgmt,34664.48888888889,1035.5777777777778,15.222222222222221,9.155555555555555,0,0,0,0,0
2026-07-28 12:55:00,ccf-aiops-武汉,monitor-vm,collector,ens5,NULL,0,0,0,0,0,0,0,0,0
2026-07-28 12:55:00,ccf-aiops-武汉,monitor-vm,collector,ens6,NULL,0,0,0,0,0,0,0,0,0
2026-07-28 12:55:00,ccf-aiops-武汉,probe-vm,probe,ens3,NULL,2.533333333333333,0,0.02222222222222222,0,0,0,0,0,0
2026-07-28 12:55:00,ccf-aiops-武汉,probe-vm,probe,ens4,business,52.71111111111111,1165.2444444444443,0.4222222222222222,0.26666666666666666,0,0,0,0,0
2026-07-28 12:55:00,ccf-aiops-武汉,probe-vm,probe,ens5,NULL,0,0,0,0,0,0,0,0,0
2026-07-28 12:55:00,ccf-aiops-武汉,probe-vm,probe,ens6,NULL,0,0,0,0,0,0,0,0,0
2026-07-28 12:55:00,ccf-aiops-武汉,service-vm-1,service,ens3,NULL,121.33333333333333,95.82222222222222,1.0222222222222221,0.6444444444444444,0,0,0,0,0
2026-07-28 12:55:00,ccf-aiops-武汉,service-vm-1,service,ens4,service,1436.711111111111,2532.866666666667,12.11111111111111,11.4,0,0,0,0,0
2026-07-28 12:55:00,ccf-aiops-武汉,service-vm-1,service,ens5,NULL,0,0,0,0,0,0,0,0,0
2026-07-28 12:55:00,ccf-aiops-武汉,service-vm-1,service,ens6,NULL,0,0,0,0,0,0,0,0,0
2026-07-28 12:55:00,ccf-aiops-武汉,service-vm-2,service,ens3,NULL,57.02222222222222,62.35555555555555,0.3111111111111111,0.31111111111111106,0,0,0,0,0
2026-07-28 12:55:00,ccf-aiops-武汉,service-vm-2,service,ens4,service,66.08888888888889,1179.888888888889,0.5777777777777778,0.4,0,0,0,0,0
2026-07-28 12:55:00,ccf-aiops-武汉,service-vm-2,service,ens5,NULL,0,0,0,0,0,0,0,0,0
2026-07-28 12:55:00,ccf-aiops-武汉,service-vm-2,service,ens6,NULL,0,0,0,0,0,0,0,0,0
2026-07-28 12:55:00,ccf-aiops-武汉,service-vm-3,service,ens3,NULL,2.533333333333333,0,0.022222222222222223,0,0,0,0,0,0
2026-07-28 12:55:00,ccf-aiops-武汉,service-vm-3,service,ens4,service,75.46666666666667,1188.2666666666667,0.6888888888888889,0.5111111111111111,0,0,0,0,0
2026-07-28 12:55:00,ccf-aiops-武汉,service-vm-3,service,ens5,NULL,0,0,0,0,0,0,0,0,0
2026-07-28 12:55:00,ccf-aiops-武汉,service-vm-3,service,ens6,NULL,0,0,0,0,0,0,0,0,0
2026-07-28 12:55:00,ccf-aiops-武汉,traffic-vm,traffic,ens3,NULL,57.02222222222222,62.35555555555555,0.31111111111111106,0.31111111111111106,0,0,0,0,0
2026-07-28 12:55:00,ccf-aiops-武汉,traffic-vm,traffic,ens4,business,3415.4444444444443,17169.51111111111,23.644444444444442,24,0,0,0,0,0
2026-07-28 12:55:00,ccf-aiops-武汉,traffic-vm,traffic,ens5,NULL,0,0,0,0,0,0,0,0,0
2026-07-28 12:55:00,ccf-aiops-武汉,traffic-vm,traffic,ens6,NULL,0,0,0,0,0,0,0,0,0
2026-07-28 12:56:00,ccf-aiops-武汉,br-1,br,ens10,NULL,0,0,0,0,0,0,0,0,0
2026-07-28 12:56:00,ccf-aiops-武汉,br-1,br,ens11,NULL,0,0,0,0,0,0,0,0,0
2026-07-28 12:56:00,ccf-aiops-武汉,br-1,br,ens12,NULL,0,0,0,0,0,0,0,0,0
2026-07-28 12:56:00,ccf-aiops-武汉,br-1,br,ens3,NULL,3.2,0,0.04444444444444444,0,0,0,0,0,0
2026-07-28 12:56:00,ccf-aiops-武汉,br-1,br,ens4,backbone,3958.755555555555,215647.15555555554,30.82222222222222,173.8222222222222,0,0,0,0,0
2026-07-28 12:56:00,ccf-aiops-武汉,br-1,br,ens5,backbone,213017.06666666668,4223.266666666666,154.4222222222222,11.4,0,0,0,0,0
2026-07-28 12:56:00,ccf-aiops-武汉,br-1,br,ens6,NULL,0,0,0,0,0,0,0,0,0
2026-07-28 12:56:00,ccf-aiops-武汉,br-1,br,ens7,NULL,0,0,0,0,0,0,0,0,0
2026-07-28 12:56:00,ccf-aiops-武汉,br-1,br,ens8,NULL,0,0,0,0,0,0,0,0,0
2026-07-28 12:56:00,ccf-aiops-武汉,br-1,br,ens9,NULL,0,0,0,0,0,0,0,0,0
2026-07-28 12:56:00,ccf-aiops-武汉,br-2,br,ens10,NULL,0,0,0,0,0,0,0,0,0
2026-07-28 12:56:00,ccf-aiops-武汉,br-2,br,ens11,NULL,0,0,0,0,0,0,0,0,0
2026-07-28 12:56:00,ccf-aiops-武汉,br-2,br,ens12,NULL,0,0,0,0,0,0,0,0,0
2026-07-28 12:56:00,ccf-aiops-武汉,br-2,br,ens3,NULL,110.84444444444443,114.22222222222221,0.6,0.5555555555555555,0,0,0,0,0
2026-07-28 12:56:00,ccf-aiops-武汉,br-2,br,ens4,backbone,3881.733333333333,5179725.555555555,30.777777777777775,3502.6,0,0,0,0,0
2026-07-28 12:56:00,ccf-aiops-武汉,br-2,br,ens5,backbone,5177110.8444444435,4360.111111111111,3482.4444444444443,10.6,0,0,0,0,0
2026-07-28 12:56:00,ccf-aiops-武汉,br-2,br,ens6,NULL,0,0,0,0,0,0,0,0,0
2026-07-28 12:56:00,ccf-aiops-武汉,br-2,br,ens7,NULL,0,0,0,0,0,0,0,0,0
2026-07-28 12:56:00,ccf-aiops-武汉,br-2,br,ens8,NULL,0,0,0,0,0,0,0,0,0
2026-07-28 12:56:00,ccf-aiops-武汉,br-2,br,ens9,NULL,0,0,0,0,0,0,0,0,0
2026-07-28 12:56:00,ccf-aiops-武汉,cr-1,cr,ens10,NULL,0,0,0,0,0,0,0,0,0
2026-07-28 12:56:00,ccf-aiops-武汉,cr-1,cr,ens11,NULL,0,0,0,0,0,0,0,0,0
2026-07-28 12:56:00,ccf-aiops-武汉,cr-1,cr,ens12,NULL,0,0,0,0,0,0,0,0,0
2026-07-28 12:56:00,ccf-aiops-武汉,cr-1,cr,ens3,NULL,110.84444444444443,114.22222222222221,0.6,0.5555555555555555,0,0,0,0,0
2026-07-28 12:56:00,ccf-aiops-武汉,cr-1,cr,ens4,backbone,2628.911111111111,4778820.288888888,11.2,3217.133333333333,0,0,0,0,0
2026-07-28 12:56:00,ccf-aiops-武汉,cr-1,cr,ens5,backbone,4778934.6,5257.51111111111,3218.0888888888885,12.42222222222222,0,0,0,0,0
2026-07-28 12:56:00,ccf-aiops-武汉,cr-1,cr,ens6,NULL,0,0,0,0,0,0,0,0,0
2026-07-28 12:56:00,ccf-aiops-武汉,cr-1,cr,ens7,NULL,0,0,0,0,0,0,0,0,0
2026-07-28 12:56:00,ccf-aiops-武汉,cr-1,cr,ens8,NULL,0,0,0,0,0,0,0,0,0
2026-07-28 12:56:00,ccf-aiops-武汉,cr-1,cr,ens9,NULL,0,0,0,0,0,0,0,0,0
2026-07-28 12:56:00,ccf-aiops-武汉,cr-2,cr,ens10,NULL,0,0,0,0,0,0,0,0,0
2026-07-28 12:56:00,ccf-aiops-武汉,cr-2,cr,ens11,NULL,0,0,0,0,0,0,0,0,0
2026-07-28 12:56:00,ccf-aiops-武汉,cr-2,cr,ens12,NULL,0,0,0,0,0,0,0,0,0
2026-07-28 12:56:00,ccf-aiops-武汉,cr-2,cr,ens3,NULL,3.2,0,0.04444444444444444,0,0,0,0,0,0
2026-07-28 12:56:00,ccf-aiops-武汉,cr-2,cr,ens4,backbone,5450.2,311917.8444444444,8.866666666666667,215.86666666666667,0,0,0,0,0
2026-07-28 12:56:00,ccf-aiops-武汉,cr-2,cr,ens5,backbone,312043.8,8108.911111111111,216.95555555555555,10.088888888888887,0,0,0,0,0
2026-07-28 12:56:00,ccf-aiops-武汉,cr-2,cr,ens6,NULL,0,0,0,0,0,0,0,0,0
2026-07-28 12:56:00,ccf-aiops-武汉,cr-2,cr,ens7,NULL,0,0,0,0,0,0,0,0,0
2026-07-28 12:56:00,ccf-aiops-武汉,cr-2,cr,ens8,NULL,0,0,0,0,0,0,0,0,0
2026-07-28 12:56:00,ccf-aiops-武汉,cr-2,cr,ens9,NULL,0,0,0,0,0,0,0,0,0
2026-07-28 12:56:00,ccf-aiops-武汉,fw,firewall,ens3,NULL,312.53333333333336,171.86666666666667,3.422222222222222,1.711111111111111,0,0,0,0,0
2026-07-28 12:56:00,ccf-aiops-武汉,fw,firewall,ens4,backbone,14440.244444444445,4683785.911111111,28.84444444444444,3166.4666666666667,0,0,0,0,0
2026-07-28 12:56:00,ccf-aiops-武汉,fw,firewall,ens5,business,4683849.622222221,15594.377777777778,3167.022222222222,28.88888888888889,0,0,0,0,0
2026-07-28 12:56:00,ccf-aiops-武汉,fw,firewall,ens6,NULL,0,0,0,0,0,0,0,0,0
2026-07-28 12:56:00,ccf-aiops-武汉,monitor-vm,collector,ens3,NULL,128.53333333333333,69.86666666666666,1.422222222222222,0.711111111111111,0,0,0,0,0
2026-07-28 12:56:00,ccf-aiops-武汉,monitor-vm,collector,ens4,mgmt,32515.777777777774,1040.2,13.066666666666666,9.2,0,0,0,0,0
2026-07-28 12:56:00,ccf-aiops-武汉,monitor-vm,collector,ens5,NULL,0,0,0,0,0,0,0,0,0
2026-07-28 12:56:00,ccf-aiops-武汉,monitor-vm,collector,ens6,NULL,0,0,0,0,0,0,0,0,0
2026-07-28 12:56:00,ccf-aiops-武汉,probe-vm,probe,ens3,NULL,57.68888888888888,62.35555555555555,0.3333333333333333,0.31111111111111106,0,0,0,0,0
2026-07-28 12:56:00,ccf-aiops-武汉,probe-vm,probe,ens4,business,55.42222222222222,1165.5333333333333,0.4444444444444444,0.26666666666666666,0,0,0,0,0
2026-07-28 12:56:00,ccf-aiops-武汉,probe-vm,probe,ens5,NULL,0,0,0,0,0,0,0,0,0
2026-07-28 12:56:00,ccf-aiops-武汉,probe-vm,probe,ens6,NULL,0,0,0,0,0,0,0,0,0
2026-07-28 12:56:00,ccf-aiops-武汉,service-vm-1,service,ens3,NULL,67.2,35.86666666666667,0.7555555555555554,0.3777777777777777,0,0,0,0,0
2026-07-28 12:56:00,ccf-aiops-武汉,service-vm-1,service,ens4,service,2351.3555555555554,3521.822222222222,19.666666666666668,19.6,0,0,0,0,0
2026-07-28 12:56:00,ccf-aiops-武汉,service-vm-1,service,ens5,NULL,0,0,0,0,0,0,0,0,0
2026-07-28 12:56:00,ccf-aiops-武汉,service-vm-1,service,ens6,NULL,0,0,0,0,0,0,0,0,0
2026-07-28 12:56:00,ccf-aiops-武汉,service-vm-2,service,ens3,NULL,3.2,0,0.04444444444444444,0,0,0,0,0,0
2026-07-28 12:56:00,ccf-aiops-武汉,service-vm-2,service,ens4,service,66.08888888888889,1178.511111111111,0.5777777777777777,0.4,0,0,0,0,0
2026-07-28 12:56:00,ccf-aiops-武汉,service-vm-2,service,ens5,NULL,0,0,0,0,0,0,0,0,0
2026-07-28 12:56:00,ccf-aiops-武汉,service-vm-2,service,ens6,NULL,0,0,0,0,0,0,0,0,0
2026-07-28 12:56:00,ccf-aiops-武汉,service-vm-3,service,ens3,NULL,57.68888888888888,62.35555555555555,0.3333333333333333,0.31111111111111106,0,0,0,0,0
2026-07-28 12:56:00,ccf-aiops-武汉,service-vm-3,service,ens4,service,64.17777777777778,1179.4222222222222,0.5555555555555555,0.4,0,0,0,0,0
2026-07-28 12:56:00,ccf-aiops-武汉,service-vm-3,service,ens5,NULL,0,0,0,0,0,0,0,0,0
2026-07-28 12:56:00,ccf-aiops-武汉,service-vm-3,service,ens6,NULL,0,0,0,0,0,0,0,0,0
2026-07-28 12:56:00,ccf-aiops-武汉,traffic-vm,traffic,ens3,NULL,3.2,0,0.04444444444444444,0,0,0,0,0,0
2026-07-28 12:56:00,ccf-aiops-武汉,traffic-vm,traffic,ens4,business,324.8444444444444,6536576.8,3,4379.244444444444,0,0,0,0,0
2026-07-28 12:56:00,ccf-aiops-武汉,traffic-vm,traffic,ens5,NULL,0,0,0,0,0,0,0,0,0
2026-07-28 12:56:00,ccf-aiops-武汉,traffic-vm,traffic,ens6,NULL,0,0,0,0,0,0,0,0,0
2026-07-28 12:57:00,ccf-aiops-武汉,br-1,br,ens10,NULL,0,0,0,0,0,0,0,0,0
2026-07-28 12:57:00,ccf-aiops-武汉,br-1,br,ens11,NULL,0,0,0,0,0,0,0,0,0
2026-07-28 12:57:00,ccf-aiops-武汉,br-1,br,ens12,NULL,0,0,0,0,0,0,0,0,0
2026-07-28 12:57:00,ccf-aiops-武汉,br-1,br,ens3,NULL,2.533333333333333,0,0.02222222222222222,0,0,0,0,0,0
2026-07-28 12:57:00,ccf-aiops-武汉,br-1,br,ens4,backbone,1348.6888888888889,357264.73333333334,10.577777777777778,248.6,0,0,0,0,0
2026-07-28 12:57:00,ccf-aiops-武汉,br-1,br,ens5,backbone,356731.2222222222,3874.2222222222217,244.68888888888887,6.9111111111111105,0,0,0,0,0
2026-07-28 12:57:00,ccf-aiops-武汉,br-1,br,ens6,NULL,0,0,0,0,0,0,0,0,0
2026-07-28 12:57:00,ccf-aiops-武汉,br-1,br,ens7,NULL,0,0,0,0,0,0,0,0,0
2026-07-28 12:57:00,ccf-aiops-武汉,br-1,br,ens8,NULL,0,0,0,0,0,0,0,0,0
2026-07-28 12:57:00,ccf-aiops-武汉,br-1,br,ens9,NULL,0,0,0,0,0,0,0,0,0
2026-07-28 12:57:00,ccf-aiops-武汉,br-2,br,ens10,NULL,0,0,0,0,0,0,0,0,0
2026-07-28 12:57:00,ccf-aiops-武汉,br-2,br,ens11,NULL,0,0,0,0,0,0,0,0,0
2026-07-28 12:57:00,ccf-aiops-武汉,br-2,br,ens12,NULL,0,0,0,0,0,0,0,0,0
2026-07-28 12:57:00,ccf-aiops-武汉,br-2,br,ens3,NULL,2.533333333333333,0,0.02222222222222222,0,0,0,0,0,0
2026-07-28 12:57:00,ccf-aiops-武汉,br-2,br,ens4,backbone,1554.9555555555555,6183160.2,12.377777777777776,4161.488888888888,0,0,0,0,0
2026-07-28 12:57:00,ccf-aiops-武汉,br-2,br,ens5,backbone,6182361.688888889,3965.5333333333333,4155.222222222222,6.533333333333333,0,0,0,0,0
2026-07-28 12:57:00,ccf-aiops-武汉,br-2,br,ens6,NULL,0,0,0,0,0,0,0,0,0
2026-07-28 12:57:00,ccf-aiops-武汉,br-2,br,ens7,NULL,0,0,0,0,0,0,0,0,0
2026-07-28 12:57:00,ccf-aiops-武汉,br-2,br,ens8,NULL,0,0,0,0,0,0,0,0,0
2026-07-28 12:57:00,ccf-aiops-武汉,br-2,br,ens9,NULL,0,0,0,0,0,0,0,0,0
2026-07-28 12:57:00,ccf-aiops-武汉,cr-1,cr,ens10,NULL,0,0,0,0,0,0,0,0,0
2026-07-28 12:57:00,ccf-aiops-武汉,cr-1,cr,ens11,NULL,0,0,0,0,0,0,0,0,0
2026-07-28 12:57:00,ccf-aiops-武汉,cr-1,cr,ens12,NULL,0,0,0,0,0,0,0,0,0
2026-07-28 12:57:00,ccf-aiops-武汉,cr-1,cr,ens3,NULL,2.533333333333333,0,0.02222222222222222,0,0,0,0,0,0
2026-07-28 12:57:00,ccf-aiops-武汉,cr-1,cr,ens4,backbone,2238.733333333333,6119836.133333334,6.355555555555555,4111.644444444444,0,0,0,0,0
2026-07-28 12:57:00,ccf-aiops-武汉,cr-1,cr,ens5,backbone,6119962.266666667,4730.155555555555,4112.733333333334,7.622222222222222,0,0,0,0,0
2026-07-28 12:57:00,ccf-aiops-武汉,cr-1,cr,ens6,NULL,0,0,0,0,0,0,0,0,0
2026-07-28 12:57:00,ccf-aiops-武汉,cr-1,cr,ens7,NULL,0,0,0,0,0,0,0,0,0
2026-07-28 12:57:00,ccf-aiops-武汉,cr-1,cr,ens8,NULL,0,0,0,0,0,0,0,0,0
2026-07-28 12:57:00,ccf-aiops-武汉,cr-1,cr,ens9,NULL,0,0,0,0,0,0,0,0,0
2026-07-28 12:57:00,ccf-aiops-武汉,cr-2,cr,ens10,NULL,0,0,0,0,0,0,0,0,0
2026-07-28 12:57:00,ccf-aiops-武汉,cr-2,cr,ens11,NULL,0,0,0,0,0,0,0,0,0
2026-07-28 12:57:00,ccf-aiops-武汉,cr-2,cr,ens12,NULL,0,0,0,0,0,0,0,0,0
2026-07-28 12:57:00,ccf-aiops-武汉,cr-2,cr,ens3,NULL,4.666666666666667,0,0.06666666666666667,0,0,0,0,0,0
2026-07-28 12:57:00,ccf-aiops-武汉,cr-2,cr,ens4,backbone,5295.51111111111,408116.8888888889,8.8,282.22222222222223,0,0,0,0,0
2026-07-28 12:57:00,ccf-aiops-武汉,cr-2,cr,ens5,backbone,408239.0222222222,7423.044444444444,283.26666666666665,9.71111111111111,0,0,0,0,0
2026-07-28 12:57:00,ccf-aiops-武汉,cr-2,cr,ens6,NULL,0,0,0,0,0,0,0,0,0
2026-07-28 12:57:00,ccf-aiops-武汉,cr-2,cr,ens7,NULL,0,0,0,0,0,0,0,0,0
2026-07-28 12:57:00,ccf-aiops-武汉,cr-2,cr,ens8,NULL,0,0,0,0,0,0,0,0,0
2026-07-28 12:57:00,ccf-aiops-武汉,cr-2,cr,ens9,NULL,0,0,0,0,0,0,0,0,0
2026-07-28 12:57:00,ccf-aiops-武汉,fw,firewall,ens3,NULL,365.0222222222222,233.28888888888886,3.6666666666666665,2,0,0,0,0,0
2026-07-28 12:57:00,ccf-aiops-武汉,fw,firewall,ens4,backbone,13015.466666666667,6522915.755555555,17.2,4390.155555555555,0,0,0,0,0
2026-07-28 12:57:00,ccf-aiops-武汉,fw,firewall,ens5,business,6522974.088888888,14170.977777777776,4390.644444444444,17.244444444444444,0,0,0,0,0
2026-07-28 12:57:00,ccf-aiops-武汉,fw,firewall,ens6,NULL,0,0,0,0,0,0,0,0,0
2026-07-28 12:57:00,ccf-aiops-武汉,monitor-vm,collector,ens3,NULL,179.68888888888887,128.88888888888889,1.6444444444444444,0.9555555555555555,0,0,0,0,0
2026-07-28 12:57:00,ccf-aiops-武汉,monitor-vm,collector,ens4,mgmt,32716.955555555553,1062.6,13.444444444444445,9.466666666666667,0,0,0,0,0
2026-07-28 12:57:00,ccf-aiops-武汉,monitor-vm,collector,ens5,NULL,0,0,0,0,0,0,0,0,0
2026-07-28 12:57:00,ccf-aiops-武汉,monitor-vm,collector,ens6,NULL,0,0,0,0,0,0,0,0,0
2026-07-28 12:57:00,ccf-aiops-武汉,probe-vm,probe,ens3,NULL,57.02222222222222,62.35555555555555,0.31111111111111106,0.31111111111111106,0,0,0,0,0
2026-07-28 12:57:00,ccf-aiops-武汉,probe-vm,probe,ens4,business,62.266666666666666,1171.3777777777775,0.5333333333333333,0.3333333333333333,0,0,0,0,0
2026-07-28 12:57:00,ccf-aiops-武汉,probe-vm,probe,ens5,NULL,0,0,0,0,0,0,0,0,0
2026-07-28 12:57:00,ccf-aiops-武汉,probe-vm,probe,ens6,NULL,0,0,0,0,0,0,0,0,0
2026-07-28 12:57:00,ccf-aiops-武汉,service-vm-1,service,ens3,NULL,66.53333333333333,35.86666666666667,0.7333333333333333,0.3777777777777777,0,0,0,0,0
2026-07-28 12:57:00,ccf-aiops-武汉,service-vm-1,service,ens4,service,625.2666666666667,1758.622222222222,5.244444444444444,5.111111111111111,0,0,0,0,0
2026-07-28 12:57:00,ccf-aiops-武汉,service-vm-1,service,ens5,NULL,0,0,0,0,0,0,0,0,0
2026-07-28 12:57:00,ccf-aiops-武汉,service-vm-1,service,ens6,NULL,0,0,0,0,0,0,0,0,0
2026-07-28 12:57:00,ccf-aiops-武汉,service-vm-2,service,ens3,NULL,59.15555555555555,62.35555555555555,0.3555555555555555,0.31111111111111106,0,0,0,0,0
2026-07-28 12:57:00,ccf-aiops-武汉,service-vm-2,service,ens4,service,62.266666666666666,1179.5777777777776,0.5333333333333333,0.4,0,0,0,0,0
2026-07-28 12:57:00,ccf-aiops-武汉,service-vm-2,service,ens5,NULL,0,0,0,0,0,0,0,0,0
2026-07-28 12:57:00,ccf-aiops-武汉,service-vm-2,service,ens6,NULL,0,0,0,0,0,0,0,0,0
2026-07-28 12:57:00,ccf-aiops-武汉,service-vm-3,service,ens3,NULL,59.15555555555555,62.35555555555555,0.3555555555555555,0.31111111111111106,0,0,0,0,0
2026-07-28 12:57:00,ccf-aiops-武汉,service-vm-3,service,ens4,service,62.266666666666666,1182.0888888888887,0.5333333333333333,0.4,0,0,0,0,0
2026-07-28 12:57:00,ccf-aiops-武汉,service-vm-3,service,ens5,NULL,0,0,0,0,0,0,0,0,0
2026-07-28 12:57:00,ccf-aiops-武汉,service-vm-3,service,ens6,NULL,0,0,0,0,0,0,0,0,0
2026-07-28 12:57:00,ccf-aiops-武汉,traffic-vm,traffic,ens3,NULL,4.666666666666667,0,0.06666666666666667,0,0,0,0,0,0
2026-07-28 12:57:00,ccf-aiops-武汉,traffic-vm,traffic,ens4,business,1000.3333333333334,6537245.533333333,7.844444444444444,4384.222222222222,0,0,0,0,0
2026-07-28 12:57:00,ccf-aiops-武汉,traffic-vm,traffic,ens5,NULL,0,0,0,0,0,0,0,0,0
2026-07-28 12:57:00,ccf-aiops-武汉,traffic-vm,traffic,ens6,NULL,0,0,0,0,0,0,0,0,0
