timestamp,region,node,node_type,interface_id,if_role,rx_bytes_rate,tx_bytes_rate,rx_packets_rate,tx_packets_rate,rx_drop_rate,tx_drop_rate,rx_error_rate,tx_error_rate,carrier_changes
2026-07-28 17:28:00,ccf-aiops-西安,br-1,br,ens10,NULL,0,0,0,0,0,0,0,0,0
2026-07-28 17:28:00,ccf-aiops-西安,br-1,br,ens11,NULL,0,0,0,0,0,0,0,0,0
2026-07-28 17:28:00,ccf-aiops-西安,br-1,br,ens12,NULL,0,0,0,0,0,0,0,0,0
2026-07-28 17:28:00,ccf-aiops-西安,br-1,br,ens3,NULL,324.2,136.93333333333334,3.444444444444444,1.3555555555555554,0,0,0,0,0
2026-07-28 17:28:00,ccf-aiops-西安,br-1,br,ens4,backbone,659.1555555555555,437.55555555555554,4.822222222222222,4.022222222222222,0,0,0,0,0
2026-07-28 17:28:00,ccf-aiops-西安,br-1,br,ens5,backbone,581.3777777777777,2400.3777777777777,5.266666666666667,5.177777777777777,0,0,0,0,0
2026-07-28 17:28:00,ccf-aiops-西安,br-1,br,ens6,NULL,0,0,0,0,0,0,0,0,0
2026-07-28 17:28:00,ccf-aiops-西安,br-1,br,ens7,NULL,0,0,0,0,0,0,0,0,0
2026-07-28 17:28:00,ccf-aiops-西安,br-1,br,ens8,NULL,0,0,0,0,0,0,0,0,0
2026-07-28 17:28:00,ccf-aiops-西安,br-1,br,ens9,NULL,0,0,0,0,0,0,0,0,0
2026-07-28 17:28:00,ccf-aiops-西安,br-2,br,ens10,NULL,0,0,0,0,0,0,0,0,0
2026-07-28 17:28:00,ccf-aiops-西安,br-2,br,ens11,NULL,0,0,0,0,0,0,0,0,0
2026-07-28 17:28:00,ccf-aiops-西安,br-2,br,ens12,NULL,0,0,0,0,0,0,0,0,0
2026-07-28 17:28:00,ccf-aiops-西安,br-2,br,ens3,NULL,88.1111111111111,0,0.8,0,0.04444444444444444,0,0,0,0
2026-07-28 17:28:00,ccf-aiops-西安,br-2,br,ens4,backbone,641.1111111111111,451.8,4.71111111111111,4.155555555555555,0,0,0,0,0
2026-07-28 17:28:00,ccf-aiops-西安,br-2,br,ens5,backbone,594.3555555555555,2405.155555555555,5.333333333333333,4.955555555555555,0,0,0,0,0
2026-07-28 17:28:00,ccf-aiops-西安,br-2,br,ens6,NULL,0,0,0,0,0,0,0,0,0
2026-07-28 17:28:00,ccf-aiops-西安,br-2,br,ens7,NULL,0,0,0,0,0,0,0,0,0
2026-07-28 17:28:00,ccf-aiops-西安,br-2,br,ens8,NULL,0,0,0,0,0,0,0,0,0
2026-07-28 17:28:00,ccf-aiops-西安,br-2,br,ens9,NULL,0,0,0,0,0,0,0,0,0
2026-07-28 17:28:00,ccf-aiops-西安,cr-1,cr,ens10,NULL,0,0,0,0,0,0,0,0,0
2026-07-28 17:28:00,ccf-aiops-西安,cr-1,cr,ens11,NULL,0,0,0,0,0,0,0,0,0
2026-07-28 17:28:00,ccf-aiops-西安,cr-1,cr,ens12,NULL,0,0,0,0,0,0,0,0,0
2026-07-28 17:28:00,ccf-aiops-西安,cr-1,cr,ens3,NULL,65.66666666666667,0,0.6666666666666666,0,0,0,0,0,0
2026-07-28 17:28:00,ccf-aiops-西安,cr-1,cr,ens4,backbone,1217.3333333333333,137.4222222222222,5.155555555555555,1.222222222222222,0,0,0,0,0
2026-07-28 17:28:00,ccf-aiops-西安,cr-1,cr,ens5,backbone,711.9333333333333,3363.422222222222,6.333333333333333,9.866666666666667,0,0,0,0,0
2026-07-28 17:28:00,ccf-aiops-西安,cr-1,cr,ens6,NULL,0,0,0,0,0,0,0,0,0
2026-07-28 17:28:00,ccf-aiops-西安,cr-1,cr,ens7,NULL,0,0,0,0,0,0,0,0,0
2026-07-28 17:28:00,ccf-aiops-西安,cr-1,cr,ens8,NULL,0,0,0,0,0,0,0,0,0
2026-07-28 17:28:00,ccf-aiops-西安,cr-1,cr,ens9,NULL,0,0,0,0,0,0,0,0,0
2026-07-28 17:28:00,ccf-aiops-西安,cr-2,cr,ens10,NULL,0,0,0,0,0,0,0,0,0
2026-07-28 17:28:00,ccf-aiops-西安,cr-2,cr,ens11,NULL,0,0,0,0,0,0,0,0,0
2026-07-28 17:28:00,ccf-aiops-西安,cr-2,cr,ens12,NULL,0,0,0,0,0,0,0,0,0
2026-07-28 17:28:00,ccf-aiops-西安,cr-2,cr,ens3,NULL,77.44444444444443,0,0.7555555555555554,0,0,0,0,0,0
2026-07-28 17:28:00,ccf-aiops-西安,cr-2,cr,ens4,backbone,3734.6888888888884,979.0888888888888,5.688888888888888,8.844444444444443,0,0,0,0,0
2026-07-28 17:28:00,ccf-aiops-西安,cr-2,cr,ens5,backbone,1098.2,5675.622222222222,9.844444444444443,6.488888888888889,0,0,0,0,0
2026-07-28 17:28:00,ccf-aiops-西安,cr-2,cr,ens6,NULL,0,0,0,0,0,0,0,0,0
2026-07-28 17:28:00,ccf-aiops-西安,cr-2,cr,ens7,NULL,0,0,0,0,0,0,0,0,0
2026-07-28 17:28:00,ccf-aiops-西安,cr-2,cr,ens8,NULL,0,0,0,0,0,0,0,0,0
2026-07-28 17:28:00,ccf-aiops-西安,cr-2,cr,ens9,NULL,0,0,0,0,0,0,0,0,0
2026-07-28 17:28:00,ccf-aiops-西安,fw,firewall,ens3,NULL,223.3111111111111,131.2888888888889,1.8666666666666667,1,0,0,0,0,0
2026-07-28 17:28:00,ccf-aiops-西安,fw,firewall,ens4,backbone,8274.511111111111,1351.6888888888889,12.777777777777777,11.977777777777778,0,0,0,0,0
2026-07-28 17:28:00,ccf-aiops-西安,fw,firewall,ens5,business,1421.4,9409.155555555555,12.533333333333333,12.777777777777777,0,0,0,0,0
2026-07-28 17:28:00,ccf-aiops-西安,fw,firewall,ens6,NULL,0,0,0,0,0,0,0,0,0
2026-07-28 17:28:00,ccf-aiops-西安,monitor-vm,collector,ens3,NULL,201.3111111111111,67.6,2.111111111111111,0.6888888888888888,0,0,0,0,0
2026-07-28 17:28:00,ccf-aiops-西安,monitor-vm,collector,ens4,mgmt,27646.6,990.5111111111111,10.533333333333333,8.622222222222222,0,0,0,0,0
2026-07-28 17:28:00,ccf-aiops-西安,monitor-vm,collector,ens5,NULL,0,0,0,0,0,0,0,0,0
2026-07-28 17:28:00,ccf-aiops-西安,monitor-vm,collector,ens6,NULL,0,0,0,0,0,0,0,0,0
2026-07-28 17:28:00,ccf-aiops-西安,probe-vm,probe,ens3,NULL,77.44444444444443,0,0.7555555555555554,0,0,0,0,0,0
2026-07-28 17:28:00,ccf-aiops-西安,probe-vm,probe,ens4,business,124.26666666666667,1175.9555555555555,0.9333333333333333,0.4,0,0,0,0,0
2026-07-28 17:28:00,ccf-aiops-西安,probe-vm,probe,ens5,NULL,0,0,0,0,0,0,0,0,0
2026-07-28 17:28:00,ccf-aiops-西安,probe-vm,probe,ens6,NULL,0,0,0,0,0,0,0,0,0
2026-07-28 17:28:00,ccf-aiops-西安,service-vm-1,service,ens3,NULL,442.9111111111111,231.8222222222222,4.444444444444444,1.9777777777777776,0,0,0,0,0
2026-07-28 17:28:00,ccf-aiops-西安,service-vm-1,service,ens4,service,103.24444444444444,1186.911111111111,0.7555555555555554,0.3777777777777777,0,0,0,0,0
2026-07-28 17:28:00,ccf-aiops-西安,service-vm-1,service,ens5,NULL,0,0,0,0,0,0,0,0,0
2026-07-28 17:28:00,ccf-aiops-西安,service-vm-1,service,ens6,NULL,0,0,0,0,0,0,0,0,0
2026-07-28 17:28:00,ccf-aiops-西安,service-vm-2,service,ens3,NULL,99.3111111111111,62.35555555555555,0.5111111111111111,0.31111111111111106,0,0,0,0,0
2026-07-28 17:28:00,ccf-aiops-西安,service-vm-2,service,ens4,service,68.26666666666667,1176.4666666666667,0.5333333333333333,0.3555555555555555,0,0,0,0,0
2026-07-28 17:28:00,ccf-aiops-西安,service-vm-2,service,ens5,NULL,0,0,0,0,0,0,0,0,0
2026-07-28 17:28:00,ccf-aiops-西安,service-vm-2,service,ens6,NULL,0,0,0,0,0,0,0,0,0
2026-07-28 17:28:00,ccf-aiops-西安,service-vm-3,service,ens3,NULL,85.7111111111111,60.888888888888886,0.4888888888888889,0.28888888888888886,0,0,0,0,0
2026-07-28 17:28:00,ccf-aiops-西安,service-vm-3,service,ens4,service,97.24444444444444,1165.7777777777776,0.6222222222222221,0.26666666666666666,0,0,0,0,0
2026-07-28 17:28:00,ccf-aiops-西安,service-vm-3,service,ens5,NULL,0,0,0,0,0,0,0,0,0
2026-07-28 17:28:00,ccf-aiops-西安,service-vm-3,service,ens6,NULL,0,0,0,0,0,0,0,0,0
2026-07-28 17:28:00,ccf-aiops-西安,traffic-vm,traffic,ens3,NULL,247.13333333333333,130.35555555555555,2.355555555555555,0.9777777777777777,0,0,0,0,0
2026-07-28 17:28:00,ccf-aiops-西安,traffic-vm,traffic,ens4,business,1243.4666666666667,14714.355555555554,8.933333333333334,8.977777777777778,0,0,0,0,0
2026-07-28 17:28:00,ccf-aiops-西安,traffic-vm,traffic,ens5,NULL,0,0,0,0,0,0,0,0,0
2026-07-28 17:28:00,ccf-aiops-西安,traffic-vm,traffic,ens6,NULL,0,0,0,0,0,0,0,0,0
2026-07-28 17:29:00,ccf-aiops-西安,br-1,br,ens10,NULL,0,0,0,0,0,0,0,0,0
2026-07-28 17:29:00,ccf-aiops-西安,br-1,br,ens11,NULL,0,0,0,0,0,0,0,0,0
2026-07-28 17:29:00,ccf-aiops-西安,br-1,br,ens12,NULL,0,0,0,0,0,0,0,0,0
2026-07-28 17:29:00,ccf-aiops-西安,br-1,br,ens3,NULL,304.22222222222223,136.93333333333334,3.4888888888888885,1.3555555555555554,0,0,0,0,0
2026-07-28 17:29:00,ccf-aiops-西安,br-1,br,ens4,backbone,433.53333333333336,361.71111111111105,3.5777777777777775,3.2444444444444445,0,0,0,0,0
2026-07-28 17:29:00,ccf-aiops-西安,br-1,br,ens5,backbone,492.6444444444444,2720.4,4.355555555555555,4.266666666666667,0,0,0,0,0
2026-07-28 17:29:00,ccf-aiops-西安,br-1,br,ens6,NULL,0,0,0,0,0,0,0,0,0
2026-07-28 17:29:00,ccf-aiops-西安,br-1,br,ens7,NULL,0,0,0,0,0,0,0,0,0
2026-07-28 17:29:00,ccf-aiops-西安,br-1,br,ens8,NULL,0,0,0,0,0,0,0,0,0
2026-07-28 17:29:00,ccf-aiops-西安,br-1,br,ens9,NULL,0,0,0,0,0,0,0,0,0
2026-07-28 17:29:00,ccf-aiops-西安,br-2,br,ens10,NULL,0,0,0,0,0,0,0,0,0
2026-07-28 17:29:00,ccf-aiops-西安,br-2,br,ens11,NULL,0,0,0,0,0,0,0,0,0
2026-07-28 17:29:00,ccf-aiops-西安,br-2,br,ens12,NULL,0,0,0,0,0,0,0,0,0
2026-07-28 17:29:00,ccf-aiops-西安,br-2,br,ens3,NULL,172.35555555555553,114.22222222222221,1.3555555555555554,0.5555555555555555,0.04444444444444444,0,0,0,0
2026-07-28 17:29:00,ccf-aiops-西安,br-2,br,ens4,backbone,459.06666666666666,365.5777777777777,3.6888888888888887,3.311111111111111,0,0,0,0,0
2026-07-28 17:29:00,ccf-aiops-西安,br-2,br,ens5,backbone,496.6666666666667,2735.3555555555554,4.355555555555555,4.355555555555555,0,0,0,0,0
2026-07-28 17:29:00,ccf-aiops-西安,br-2,br,ens6,NULL,0,0,0,0,0,0,0,0,0
2026-07-28 17:29:00,ccf-aiops-西安,br-2,br,ens7,NULL,0,0,0,0,0,0,0,0,0
2026-07-28 17:29:00,ccf-aiops-西安,br-2,br,ens8,NULL,0,0,0,0,0,0,0,0,0
2026-07-28 17:29:00,ccf-aiops-西安,br-2,br,ens9,NULL,0,0,0,0,0,0,0,0,0
2026-07-28 17:29:00,ccf-aiops-西安,cr-1,cr,ens10,NULL,0,0,0,0,0,0,0,0,0
2026-07-28 17:29:00,ccf-aiops-西安,cr-1,cr,ens11,NULL,0,0,0,0,0,0,0,0,0
2026-07-28 17:29:00,ccf-aiops-西安,cr-1,cr,ens12,NULL,0,0,0,0,0,0,0,0,0
2026-07-28 17:29:00,ccf-aiops-西安,cr-1,cr,ens3,NULL,67.35555555555555,0,0.7555555555555554,0,0,0,0,0,0
2026-07-28 17:29:00,ccf-aiops-西安,cr-1,cr,ens4,backbone,2033.6,160.24444444444444,5.155555555555555,1.422222222222222,0,0,0,0,0
2026-07-28 17:29:00,ccf-aiops-西安,cr-1,cr,ens5,backbone,652.4444444444445,4513.266666666666,5.71111111111111,9.288888888888888,0,0,0,0,0
2026-07-28 17:29:00,ccf-aiops-西安,cr-1,cr,ens6,NULL,0,0,0,0,0,0,0,0,0
2026-07-28 17:29:00,ccf-aiops-西安,cr-1,cr,ens7,NULL,0,0,0,0,0,0,0,0,0
2026-07-28 17:29:00,ccf-aiops-西安,cr-1,cr,ens8,NULL,0,0,0,0,0,0,0,0,0
2026-07-28 17:29:00,ccf-aiops-西安,cr-1,cr,ens9,NULL,0,0,0,0,0,0,0,0,0
2026-07-28 17:29:00,ccf-aiops-西安,cr-2,cr,ens10,NULL,0,0,0,0,0,0,0,0,0
2026-07-28 17:29:00,ccf-aiops-西安,cr-2,cr,ens11,NULL,0,0,0,0,0,0,0,0,0
2026-07-28 17:29:00,ccf-aiops-西安,cr-2,cr,ens12,NULL,0,0,0,0,0,0,0,0,0
2026-07-28 17:29:00,ccf-aiops-西安,cr-2,cr,ens3,NULL,57.333333333333336,0,0.8,0,0,0,0,0,0
2026-07-28 17:29:00,ccf-aiops-西安,cr-2,cr,ens4,backbone,3631.755555555555,824.8222222222222,5.288888888888889,7.288888888888889,0,0,0,0,0
2026-07-28 17:29:00,ccf-aiops-西安,cr-2,cr,ens5,backbone,941.9333333333333,6339.688888888889,8.266666666666667,6.733333333333333,0,0,0,0,0
2026-07-28 17:29:00,ccf-aiops-西安,cr-2,cr,ens6,NULL,0,0,0,0,0,0,0,0,0
2026-07-28 17:29:00,ccf-aiops-西安,cr-2,cr,ens7,NULL,0,0,0,0,0,0,0,0,0
2026-07-28 17:29:00,ccf-aiops-西安,cr-2,cr,ens8,NULL,0,0,0,0,0,0,0,0,0
2026-07-28 17:29:00,ccf-aiops-西安,cr-2,cr,ens9,NULL,0,0,0,0,0,0,0,0,0
2026-07-28 17:29:00,ccf-aiops-西安,fw,firewall,ens3,NULL,152.13333333333333,67.6,1.6888888888888889,0.6888888888888888,0,0,0,0,0
2026-07-28 17:29:00,ccf-aiops-西安,fw,firewall,ens4,backbone,10149.111111111111,1168,12.533333333333333,10.155555555555555,0,0,0,0,0
2026-07-28 17:29:00,ccf-aiops-西安,fw,firewall,ens5,business,1245.0888888888887,11293.266666666666,10.733333333333333,12.622222222222222,0,0,0,0,0
2026-07-28 17:29:00,ccf-aiops-西安,fw,firewall,ens6,NULL,0,0,0,0,0,0,0,0,0
2026-07-28 17:29:00,ccf-aiops-西安,monitor-vm,collector,ens3,NULL,181.24444444444444,69.86666666666666,2.1555555555555554,0.711111111111111,0,0,0,0,0
2026-07-28 17:29:00,ccf-aiops-西安,monitor-vm,collector,ens4,mgmt,29534.866666666665,992.1555555555555,11.755555555555555,8.644444444444444,0,0,0,0,0
2026-07-28 17:29:00,ccf-aiops-西安,monitor-vm,collector,ens5,NULL,0,0,0,0,0,0,0,0,0
2026-07-28 17:29:00,ccf-aiops-西安,monitor-vm,collector,ens6,NULL,0,0,0,0,0,0,0,0,0
2026-07-28 17:29:00,ccf-aiops-西安,probe-vm,probe,ens3,NULL,108.84444444444443,61.42222222222222,1.0444444444444445,0.28888888888888886,0,0,0,0,0
2026-07-28 17:29:00,ccf-aiops-西安,probe-vm,probe,ens4,business,102.97777777777777,1172.2666666666667,0.6888888888888888,0.3333333333333333,0,0,0,0,0
2026-07-28 17:29:00,ccf-aiops-西安,probe-vm,probe,ens5,NULL,0,0,0,0,0,0,0,0,0
2026-07-28 17:29:00,ccf-aiops-西安,probe-vm,probe,ens6,NULL,0,0,0,0,0,0,0,0,0
2026-07-28 17:29:00,ccf-aiops-西安,service-vm-1,service,ens3,NULL,365.46666666666664,169.6,4.177777777777778,1.6888888888888889,0,0,0,0,0
2026-07-28 17:29:00,ccf-aiops-西安,service-vm-1,service,ens4,service,112.8,1187.0888888888887,0.8666666666666667,0.4,0,0,0,0,0
2026-07-28 17:29:00,ccf-aiops-西安,service-vm-1,service,ens5,NULL,0,0,0,0,0,0,0,0,0
2026-07-28 17:29:00,ccf-aiops-西安,service-vm-1,service,ens6,NULL,0,0,0,0,0,0,0,0,0
2026-07-28 17:29:00,ccf-aiops-西安,service-vm-2,service,ens3,NULL,29.333333333333332,0,0.3333333333333333,0,0,0,0,0,0
2026-07-28 17:29:00,ccf-aiops-西安,service-vm-2,service,ens4,service,69.9111111111111,1169.4888888888888,0.4888888888888889,0.26666666666666666,0,0,0,0,0
2026-07-28 17:29:00,ccf-aiops-西安,service-vm-2,service,ens5,NULL,0,0,0,0,0,0,0,0,0
2026-07-28 17:29:00,ccf-aiops-西安,service-vm-2,service,ens6,NULL,0,0,0,0,0,0,0,0,0
2026-07-28 17:29:00,ccf-aiops-西安,service-vm-3,service,ens3,NULL,98.1111111111111,59.42222222222222,0.6444444444444444,0.26666666666666666,0,0,0,0,0
2026-07-28 17:29:00,ccf-aiops-西安,service-vm-3,service,ens4,service,110.62222222222222,1177.6444444444444,0.7777777777777778,0.4,0,0,0,0,0
2026-07-28 17:29:00,ccf-aiops-西安,service-vm-3,service,ens5,NULL,0,0,0,0,0,0,0,0,0
2026-07-28 17:29:00,ccf-aiops-西安,service-vm-3,service,ens6,NULL,0,0,0,0,0,0,0,0,0
2026-07-28 17:29:00,ccf-aiops-西安,traffic-vm,traffic,ens3,NULL,249.84444444444443,130.35555555555555,2.466666666666667,0.9777777777777777,0,0,0,0,0
2026-07-28 17:29:00,ccf-aiops-西安,traffic-vm,traffic,ens4,business,1041.0666666666666,14690.355555555554,8.377777777777776,8.622222222222222,0,0,0,0,0
2026-07-28 17:29:00,ccf-aiops-西安,traffic-vm,traffic,ens5,NULL,0,0,0,0,0,0,0,0,0
2026-07-28 17:29:00,ccf-aiops-西安,traffic-vm,traffic,ens6,NULL,0,0,0,0,0,0,0,0,0
2026-07-28 17:30:00,ccf-aiops-西安,br-1,br,ens10,NULL,0,0,0,0,0,0,0,0,0
2026-07-28 17:30:00,ccf-aiops-西安,br-1,br,ens11,NULL,0,0,0,0,0,0,0,0,0
2026-07-28 17:30:00,ccf-aiops-西安,br-1,br,ens12,NULL,0,0,0,0,0,0,0,0,0
2026-07-28 17:30:00,ccf-aiops-西安,br-1,br,ens3,NULL,384,247.95555555555555,3.7333333333333334,1.8666666666666667,0,0,0,0,0
2026-07-28 17:30:00,ccf-aiops-西安,br-1,br,ens4,backbone,504.6,406.3111111111111,4,3.6666666666666665,0,0,0,0,0
2026-07-28 17:30:00,ccf-aiops-西安,br-1,br,ens5,backbone,544.8888888888889,2537.3555555555554,4.866666666666666,4.266666666666667,0,0,0,0,0
2026-07-28 17:30:00,ccf-aiops-西安,br-1,br,ens6,NULL,0,0,0,0,0,0,0,0,0
2026-07-28 17:30:00,ccf-aiops-西安,br-1,br,ens7,NULL,0,0,0,0,0,0,0,0,0
2026-07-28 17:30:00,ccf-aiops-西安,br-1,br,ens8,NULL,0,0,0,0,0,0,0,0,0
2026-07-28 17:30:00,ccf-aiops-西安,br-1,br,ens9,NULL,0,0,0,0,0,0,0,0,0
2026-07-28 17:30:00,ccf-aiops-西安,br-2,br,ens10,NULL,0,0,0,0,0,0,0,0,0
2026-07-28 17:30:00,ccf-aiops-西安,br-2,br,ens11,NULL,0,0,0,0,0,0,0,0,0
2026-07-28 17:30:00,ccf-aiops-西安,br-2,br,ens12,NULL,0,0,0,0,0,0,0,0,0
2026-07-28 17:30:00,ccf-aiops-西安,br-2,br,ens3,NULL,50.08888888888888,0,0.6666666666666666,0,0.04444444444444444,0,0,0,0
2026-07-28 17:30:00,ccf-aiops-西安,br-2,br,ens4,backbone,770.311111111111,539.0222222222222,5.7555555555555555,4.733333333333333,0,0,0,0,0
2026-07-28 17:30:00,ccf-aiops-西安,br-2,br,ens5,backbone,675.4,2959.0666666666666,5.7555555555555555,6.022222222222222,0,0,0,0,0
2026-07-28 17:30:00,ccf-aiops-西安,br-2,br,ens6,NULL,0,0,0,0,0,0,0,0,0
2026-07-28 17:30:00,ccf-aiops-西安,br-2,br,ens7,NULL,0,0,0,0,0,0,0,0,0
2026-07-28 17:30:00,ccf-aiops-西安,br-2,br,ens8,NULL,0,0,0,0,0,0,0,0,0
2026-07-28 17:30:00,ccf-aiops-西安,br-2,br,ens9,NULL,0,0,0,0,0,0,0,0,0
2026-07-28 17:30:00,ccf-aiops-西安,cr-1,cr,ens10,NULL,0,0,0,0,0,0,0,0,0
2026-07-28 17:30:00,ccf-aiops-西安,cr-1,cr,ens11,NULL,0,0,0,0,0,0,0,0,0
2026-07-28 17:30:00,ccf-aiops-西安,cr-1,cr,ens12,NULL,0,0,0,0,0,0,0,0,0
2026-07-28 17:30:00,ccf-aiops-西安,cr-1,cr,ens3,NULL,136.48888888888888,114.22222222222221,1.0222222222222221,0.5555555555555555,0,0,0,0,0
2026-07-28 17:30:00,ccf-aiops-西安,cr-1,cr,ens4,backbone,1956.2888888888888,181.15555555555554,5.688888888888888,1.6,0,0,0,0,0
2026-07-28 17:30:00,ccf-aiops-西安,cr-1,cr,ens5,backbone,874.2,4476.044444444444,7.533333333333333,11.31111111111111,0,0,0,0,0
2026-07-28 17:30:00,ccf-aiops-西安,cr-1,cr,ens6,NULL,0,0,0,0,0,0,0,0,0
2026-07-28 17:30:00,ccf-aiops-西安,cr-1,cr,ens7,NULL,0,0,0,0,0,0,0,0,0
2026-07-28 17:30:00,ccf-aiops-西安,cr-1,cr,ens8,NULL,0,0,0,0,0,0,0,0,0
2026-07-28 17:30:00,ccf-aiops-西安,cr-1,cr,ens9,NULL,0,0,0,0,0,0,0,0,0
2026-07-28 17:30:00,ccf-aiops-西安,cr-2,cr,ens10,NULL,0,0,0,0,0,0,0,0,0
2026-07-28 17:30:00,ccf-aiops-西安,cr-2,cr,ens11,NULL,0,0,0,0,0,0,0,0,0
2026-07-28 17:30:00,ccf-aiops-西安,cr-2,cr,ens12,NULL,0,0,0,0,0,0,0,0,0
2026-07-28 17:30:00,ccf-aiops-西安,cr-2,cr,ens3,NULL,142.44444444444443,114.22222222222221,1.111111111111111,0.5555555555555555,0,0,0,0,0
2026-07-28 17:30:00,ccf-aiops-西安,cr-2,cr,ens4,backbone,3830.3777777777777,1015.9333333333333,6.488888888888889,8.8,0,0,0,0,0
2026-07-28 17:30:00,ccf-aiops-西安,cr-2,cr,ens5,backbone,1138.7777777777776,6406.044444444444,9.844444444444443,7.822222222222222,0,0,0,0,0
2026-07-28 17:30:00,ccf-aiops-西安,cr-2,cr,ens6,NULL,0,0,0,0,0,0,0,0,0
2026-07-28 17:30:00,ccf-aiops-西安,cr-2,cr,ens7,NULL,0,0,0,0,0,0,0,0,0
2026-07-28 17:30:00,ccf-aiops-西安,cr-2,cr,ens8,NULL,0,0,0,0,0,0,0,0,0
2026-07-28 17:30:00,ccf-aiops-西安,cr-2,cr,ens9,NULL,0,0,0,0,0,0,0,0,0
2026-07-28 17:30:00,ccf-aiops-西安,fw,firewall,ens3,NULL,134.8,69.86666666666666,1.5111111111111108,0.711111111111111,0,0,0,0,0
2026-07-28 17:30:00,ccf-aiops-西安,fw,firewall,ens4,backbone,9798.377777777778,1392.5555555555554,13.733333333333333,12,0,0,0,0,0
2026-07-28 17:30:00,ccf-aiops-西安,fw,firewall,ens5,business,1484.4,10945.266666666666,12.622222222222222,13.844444444444443,0,0,0,0,0
2026-07-28 17:30:00,ccf-aiops-西安,fw,firewall,ens6,NULL,0,0,0,0,0,0,0,0,0
2026-07-28 17:30:00,ccf-aiops-西安,monitor-vm,collector,ens3,NULL,163.11111111111111,69.86666666666666,1.9777777777777776,0.711111111111111,0,0,0,0,0
2026-07-28 17:30:00,ccf-aiops-西安,monitor-vm,collector,ens4,mgmt,28744.42222222222,1016.4666666666667,11.42222222222222,8.933333333333334,0,0,0,0,0
2026-07-28 17:30:00,ccf-aiops-西安,monitor-vm,collector,ens5,NULL,0,0,0,0,0,0,0,0,0
2026-07-28 17:30:00,ccf-aiops-西安,monitor-vm,collector,ens6,NULL,0,0,0,0,0,0,0,0,0
2026-07-28 17:30:00,ccf-aiops-西安,probe-vm,probe,ens3,NULL,86.93333333333334,61.42222222222222,0.8,0.28888888888888886,0,0,0,0,0
2026-07-28 17:30:00,ccf-aiops-西安,probe-vm,probe,ens4,business,110.62222222222222,1172.8444444444442,0.7777777777777778,0.3555555555555555,0,0,0,0,0
2026-07-28 17:30:00,ccf-aiops-西安,probe-vm,probe,ens5,NULL,0,0,0,0,0,0,0,0,0
2026-07-28 17:30:00,ccf-aiops-西安,probe-vm,probe,ens6,NULL,0,0,0,0,0,0,0,0,0
2026-07-28 17:30:00,ccf-aiops-西安,service-vm-1,service,ens3,NULL,398.93333333333334,233.28888888888886,4.222222222222222,2,0,0,0,0,0
2026-07-28 17:30:00,ccf-aiops-西安,service-vm-1,service,ens4,service,99.42222222222222,1181.6888888888889,0.711111111111111,0.3333333333333333,0,0,0,0,0
2026-07-28 17:30:00,ccf-aiops-西安,service-vm-1,service,ens5,NULL,0,0,0,0,0,0,0,0,0
2026-07-28 17:30:00,ccf-aiops-西安,service-vm-1,service,ens6,NULL,0,0,0,0,0,0,0,0,0
2026-07-28 17:30:00,ccf-aiops-西安,service-vm-2,service,ens3,NULL,65.6,62.35555555555555,0.4444444444444444,0.31111111111111106,0,0,0,0,0
2026-07-28 17:30:00,ccf-aiops-西安,service-vm-2,service,ens4,service,95.6,1180.8666666666666,0.6666666666666666,0.4,0,0,0,0,0
2026-07-28 17:30:00,ccf-aiops-西安,service-vm-2,service,ens5,NULL,0,0,0,0,0,0,0,0,0
2026-07-28 17:30:00,ccf-aiops-西安,service-vm-2,service,ens6,NULL,0,0,0,0,0,0,0,0,0
2026-07-28 17:30:00,ccf-aiops-西安,service-vm-3,service,ens3,NULL,12.044444444444444,0,0.17777777777777776,0,0,0,0,0,0
2026-07-28 17:30:00,ccf-aiops-西安,service-vm-3,service,ens4,service,87.68888888888888,1166.7777777777776,0.5111111111111111,0.26666666666666666,0,0,0,0,0
2026-07-28 17:30:00,ccf-aiops-西安,service-vm-3,service,ens5,NULL,0,0,0,0,0,0,0,0,0
2026-07-28 17:30:00,ccf-aiops-西安,service-vm-3,service,ens6,NULL,0,0,0,0,0,0,0,0,0
2026-07-28 17:30:00,ccf-aiops-西安,traffic-vm,traffic,ens3,NULL,160.13333333333333,68.93333333333334,1.9333333333333333,0.6888888888888888,0,0,0,0,0
2026-07-28 17:30:00,ccf-aiops-西安,traffic-vm,traffic,ens4,business,1386.7333333333333,14924.488888888887,10.377777777777776,10.466666666666667,0,0,0,0,0
2026-07-28 17:30:00,ccf-aiops-西安,traffic-vm,traffic,ens5,NULL,0,0,0,0,0,0,0,0,0
2026-07-28 17:30:00,ccf-aiops-西安,traffic-vm,traffic,ens6,NULL,0,0,0,0,0,0,0,0,0
2026-07-28 17:31:00,ccf-aiops-西安,br-1,br,ens10,NULL,0,0,0,0,0,0,0,0,0
2026-07-28 17:31:00,ccf-aiops-西安,br-1,br,ens11,NULL,0,0,0,0,0,0,0,0,0
2026-07-28 17:31:00,ccf-aiops-西安,br-1,br,ens12,NULL,0,0,0,0,0,0,0,0,0
2026-07-28 17:31:00,ccf-aiops-西安,br-1,br,ens3,NULL,296.55555555555554,134.66666666666666,3.222222222222222,1.3333333333333333,0,0,0,0,0
2026-07-28 17:31:00,ccf-aiops-西安,br-1,br,ens4,backbone,491.9555555555555,408.0444444444444,3.6,3.6888888888888887,0,0,0,0,0
2026-07-28 17:31:00,ccf-aiops-西安,br-1,br,ens5,backbone,563.9555555555555,2348.244444444444,4.955555555555555,3.7333333333333334,0,0,0,0,0
2026-07-28 17:31:00,ccf-aiops-西安,br-1,br,ens6,NULL,0,0,0,0,0,0,0,0,0
2026-07-28 17:31:00,ccf-aiops-西安,br-1,br,ens7,NULL,0,0,0,0,0,0,0,0,0
2026-07-28 17:31:00,ccf-aiops-西安,br-1,br,ens8,NULL,0,0,0,0,0,0,0,0,0
2026-07-28 17:31:00,ccf-aiops-西安,br-1,br,ens9,NULL,0,0,0,0,0,0,0,0,0
2026-07-28 17:31:00,ccf-aiops-西安,br-2,br,ens10,NULL,0,0,0,0,0,0,0,0,0
2026-07-28 17:31:00,ccf-aiops-西安,br-2,br,ens11,NULL,0,0,0,0,0,0,0,0,0
2026-07-28 17:31:00,ccf-aiops-西安,br-2,br,ens12,NULL,0,0,0,0,0,0,0,0,0
2026-07-28 17:31:00,ccf-aiops-西安,br-2,br,ens3,NULL,67.3111111111111,0,0.6666666666666666,0,0.04444444444444444,0,0,0,0
2026-07-28 17:31:00,ccf-aiops-西安,br-2,br,ens4,backbone,758.311111111111,441.06666666666666,5.622222222222222,3.8888888888888884,0,0,0,0,0
2026-07-28 17:31:00,ccf-aiops-西安,br-2,br,ens5,backbone,582.0666666666667,2786.4444444444443,5,5.733333333333333,0,0,0,0,0
2026-07-28 17:31:00,ccf-aiops-西安,br-2,br,ens6,NULL,0,0,0,0,0,0,0,0,0
2026-07-28 17:31:00,ccf-aiops-西安,br-2,br,ens7,NULL,0,0,0,0,0,0,0,0,0
2026-07-28 17:31:00,ccf-aiops-西安,br-2,br,ens8,NULL,0,0,0,0,0,0,0,0,0
2026-07-28 17:31:00,ccf-aiops-西安,br-2,br,ens9,NULL,0,0,0,0,0,0,0,0,0
2026-07-28 17:31:00,ccf-aiops-西安,cr-1,cr,ens10,NULL,0,0,0,0,0,0,0,0,0
2026-07-28 17:31:00,ccf-aiops-西安,cr-1,cr,ens11,NULL,0,0,0,0,0,0,0,0,0
2026-07-28 17:31:00,ccf-aiops-西安,cr-1,cr,ens12,NULL,0,0,0,0,0,0,0,0,0
2026-07-28 17:31:00,ccf-aiops-西安,cr-1,cr,ens3,NULL,54.288888888888884,0,0.5777777777777777,0,0,0,0,0,0
2026-07-28 17:31:00,ccf-aiops-西安,cr-1,cr,ens4,backbone,1446.0888888888887,124.15555555555555,4.2,1.1333333333333333,0,0,0,0,0
2026-07-28 17:31:00,ccf-aiops-西安,cr-1,cr,ens5,backbone,818.0222222222221,3856.0666666666666,7.044444444444443,9.71111111111111,0,0,0,0,0
2026-07-28 17:31:00,ccf-aiops-西安,cr-1,cr,ens6,NULL,0,0,0,0,0,0,0,0,0
2026-07-28 17:31:00,ccf-aiops-西安,cr-1,cr,ens7,NULL,0,0,0,0,0,0,0,0,0
2026-07-28 17:31:00,ccf-aiops-西安,cr-1,cr,ens8,NULL,0,0,0,0,0,0,0,0,0
2026-07-28 17:31:00,ccf-aiops-西安,cr-1,cr,ens9,NULL,0,0,0,0,0,0,0,0,0
2026-07-28 17:31:00,ccf-aiops-西安,cr-2,cr,ens10,NULL,0,0,0,0,0,0,0,0,0
2026-07-28 17:31:00,ccf-aiops-西安,cr-2,cr,ens11,NULL,0,0,0,0,0,0,0,0,0
2026-07-28 17:31:00,ccf-aiops-西安,cr-2,cr,ens12,NULL,0,0,0,0,0,0,0,0,0
2026-07-28 17:31:00,ccf-aiops-西安,cr-2,cr,ens3,NULL,49.977777777777774,0,0.5111111111111111,0,0,0,0,0,0
2026-07-28 17:31:00,ccf-aiops-西安,cr-2,cr,ens4,backbone,3901.5333333333333,1019.9333333333333,6.622222222222222,8.822222222222221,0,0,0,0,0
2026-07-28 17:31:00,ccf-aiops-西安,cr-2,cr,ens5,backbone,1142.6,6190.7555555555555,9.866666666666667,7.777777777777777,0,0,0,0,0
2026-07-28 17:31:00,ccf-aiops-西安,cr-2,cr,ens6,NULL,0,0,0,0,0,0,0,0,0
2026-07-28 17:31:00,ccf-aiops-西安,cr-2,cr,ens7,NULL,0,0,0,0,0,0,0,0,0
2026-07-28 17:31:00,ccf-aiops-西安,cr-2,cr,ens8,NULL,0,0,0,0,0,0,0,0,0
2026-07-28 17:31:00,ccf-aiops-西安,cr-2,cr,ens9,NULL,0,0,0,0,0,0,0,0,0
2026-07-28 17:31:00,ccf-aiops-西安,fw,firewall,ens3,NULL,208.15555555555554,131.2888888888889,1.8222222222222222,1,0,0,0,0,0
2026-07-28 17:31:00,ccf-aiops-西安,fw,firewall,ens4,backbone,9044.644444444444,1284.7555555555555,12.066666666666666,11.066666666666666,0,0,0,0,0
2026-07-28 17:31:00,ccf-aiops-西安,fw,firewall,ens5,business,1389.9777777777776,10190.177777777777,11.844444444444443,12.177777777777777,0,0,0,0,0
2026-07-28 17:31:00,ccf-aiops-西安,fw,firewall,ens6,NULL,0,0,0,0,0,0,0,0,0
2026-07-28 17:31:00,ccf-aiops-西安,monitor-vm,collector,ens3,NULL,180.64444444444445,69.86666666666666,1.9777777777777776,0.711111111111111,0,0,0,0,0
2026-07-28 17:31:00,ccf-aiops-西安,monitor-vm,collector,ens4,mgmt,28146.11111111111,964.8666666666667,10.91111111111111,8.333333333333334,0,0,0,0,0
2026-07-28 17:31:00,ccf-aiops-西安,monitor-vm,collector,ens5,NULL,0,0,0,0,0,0,0,0,0
2026-07-28 17:31:00,ccf-aiops-西安,monitor-vm,collector,ens6,NULL,0,0,0,0,0,0,0,0,0
2026-07-28 17:31:00,ccf-aiops-西安,probe-vm,probe,ens3,NULL,52.64444444444444,0,0.5555555555555555,0,0,0,0,0,0
2026-07-28 17:31:00,ccf-aiops-西安,probe-vm,probe,ens4,business,124,1166.4888888888888,0.9333333333333333,0.28888888888888886,0,0,0,0,0
2026-07-28 17:31:00,ccf-aiops-西安,probe-vm,probe,ens5,NULL,0,0,0,0,0,0,0,0,0
2026-07-28 17:31:00,ccf-aiops-西安,probe-vm,probe,ens6,NULL,0,0,0,0,0,0,0,0,0
2026-07-28 17:31:00,ccf-aiops-西安,service-vm-1,service,ens3,NULL,359.08888888888885,169.6,3.911111111111111,1.6888888888888889,0,0,0,0,0
2026-07-28 17:31:00,ccf-aiops-西安,service-vm-1,service,ens4,service,120.44444444444443,1188.888888888889,0.9555555555555555,0.4,0,0,0,0,0
2026-07-28 17:31:00,ccf-aiops-西安,service-vm-1,service,ens5,NULL,0,0,0,0,0,0,0,0,0
2026-07-28 17:31:00,ccf-aiops-西安,service-vm-1,service,ens6,NULL,0,0,0,0,0,0,0,0,0
2026-07-28 17:31:00,ccf-aiops-西安,service-vm-2,service,ens3,NULL,84.15555555555555,62.35555555555555,0.4666666666666667,0.31111111111111106,0,0,0,0,0
2026-07-28 17:31:00,ccf-aiops-西安,service-vm-2,service,ens4,service,89.86666666666666,1169.4,0.6,0.26666666666666666,0,0,0,0,0
2026-07-28 17:31:00,ccf-aiops-西安,service-vm-2,service,ens5,NULL,0,0,0,0,0,0,0,0,0
2026-07-28 17:31:00,ccf-aiops-西安,service-vm-2,service,ens6,NULL,0,0,0,0,0,0,0,0,0
2026-07-28 17:31:00,ccf-aiops-西安,service-vm-3,service,ens3,NULL,86.1111111111111,60.888888888888886,0.4888888888888889,0.28888888888888886,0,0,0,0,0
2026-07-28 17:31:00,ccf-aiops-西安,service-vm-3,service,ens4,service,114.44444444444443,1166.3777777777775,0.8222222222222222,0.26666666666666666,0,0,0,0,0
2026-07-28 17:31:00,ccf-aiops-西安,service-vm-3,service,ens5,NULL,0,0,0,0,0,0,0,0,0
2026-07-28 17:31:00,ccf-aiops-西安,service-vm-3,service,ens6,NULL,0,0,0,0,0,0,0,0,0
2026-07-28 17:31:00,ccf-aiops-西安,traffic-vm,traffic,ens3,NULL,231.35555555555553,128.08888888888887,2.222222222222222,0.9555555555555555,0,0,0,0,0
2026-07-28 17:31:00,ccf-aiops-西安,traffic-vm,traffic,ens4,business,1352.1333333333334,14878.111111111111,9.6,10.066666666666666,0,0,0,0,0
2026-07-28 17:31:00,ccf-aiops-西安,traffic-vm,traffic,ens5,NULL,0,0,0,0,0,0,0,0,0
2026-07-28 17:31:00,ccf-aiops-西安,traffic-vm,traffic,ens6,NULL,0,0,0,0,0,0,0,0,0
2026-07-28 17:32:00,ccf-aiops-西安,br-1,br,ens10,NULL,0,0,0,0,0,0,0,0,0
2026-07-28 17:32:00,ccf-aiops-西安,br-1,br,ens11,NULL,0,0,0,0,0,0,0,0,0
2026-07-28 17:32:00,ccf-aiops-西安,br-1,br,ens12,NULL,0,0,0,0,0,0,0,0,0
2026-07-28 17:32:00,ccf-aiops-西安,br-1,br,ens3,NULL,336.51111111111106,136.93333333333334,3.4888888888888885,1.3555555555555554,0,0,0,0,0
2026-07-28 17:32:00,ccf-aiops-西安,br-1,br,ens4,backbone,815.0888888888888,819.5777777777778,5.955555555555555,7.244444444444444,0,0,0,0,0
2026-07-28 17:32:00,ccf-aiops-西安,br-1,br,ens5,backbone,964.7555555555555,2694.6888888888884,8.488888888888889,6.377777777777777,0,0,0,0,0
2026-07-28 17:32:00,ccf-aiops-西安,br-1,br,ens6,NULL,0,0,0,0,0,0,0,0,0
2026-07-28 17:32:00,ccf-aiops-西安,br-1,br,ens7,NULL,0,0,0,0,0,0,0,0,0
2026-07-28 17:32:00,ccf-aiops-西安,br-1,br,ens8,NULL,0,0,0,0,0,0,0,0,0
2026-07-28 17:32:00,ccf-aiops-西安,br-1,br,ens9,NULL,0,0,0,0,0,0,0,0,0
2026-07-28 17:32:00,ccf-aiops-西安,br-2,br,ens10,NULL,0,0,0,0,0,0,0,0,0
2026-07-28 17:32:00,ccf-aiops-西安,br-2,br,ens11,NULL,0,0,0,0,0,0,0,0,0
2026-07-28 17:32:00,ccf-aiops-西安,br-2,br,ens12,NULL,0,0,0,0,0,0,0,0,0
2026-07-28 17:32:00,ccf-aiops-西安,br-2,br,ens3,NULL,203.88888888888886,114.22222222222221,1.3555555555555554,0.5555555555555555,0.04444444444444444,0,0,0,0
2026-07-28 17:32:00,ccf-aiops-西安,br-2,br,ens4,backbone,1094.511111111111,591.2222222222222,8.11111111111111,5.244444444444444,0,0,0,0,0
2026-07-28 17:32:00,ccf-aiops-西安,br-2,br,ens5,backbone,745.2444444444444,3151.8888888888887,6.488888888888889,8.555555555555554,0,0,0,0,0
2026-07-28 17:32:00,ccf-aiops-西安,br-2,br,ens6,NULL,0,0,0,0,0,0,0,0,0
2026-07-28 17:32:00,ccf-aiops-西安,br-2,br,ens7,NULL,0,0,0,0,0,0,0,0,0
2026-07-28 17:32:00,ccf-aiops-西安,br-2,br,ens8,NULL,0,0,0,0,0,0,0,0,0
2026-07-28 17:32:00,ccf-aiops-西安,br-2,br,ens9,NULL,0,0,0,0,0,0,0,0,0
2026-07-28 17:32:00,ccf-aiops-西安,cr-1,cr,ens10,NULL,0,0,0,0,0,0,0,0,0
2026-07-28 17:32:00,ccf-aiops-西安,cr-1,cr,ens11,NULL,0,0,0,0,0,0,0,0,0
2026-07-28 17:32:00,ccf-aiops-西安,cr-1,cr,ens12,NULL,0,0,0,0,0,0,0,0,0
2026-07-28 17:32:00,ccf-aiops-西安,cr-1,cr,ens3,NULL,190.24444444444444,114.22222222222221,1.2666666666666666,0.5555555555555555,0,0,0,0,0
2026-07-28 17:32:00,ccf-aiops-西安,cr-1,cr,ens4,backbone,1984.6444444444444,130.24444444444444,7.733333333333333,1.2,0,0,0,0,0
2026-07-28 17:32:00,ccf-aiops-西安,cr-1,cr,ens5,backbone,838.9555555555555,4409.133333333333,7.355555555555555,13.511111111111111,0,0,0,0,0
2026-07-28 17:32:00,ccf-aiops-西安,cr-1,cr,ens6,NULL,0,0,0,0,0,0,0,0,0
2026-07-28 17:32:00,ccf-aiops-西安,cr-1,cr,ens7,NULL,0,0,0,0,0,0,0,0,0
2026-07-28 17:32:00,ccf-aiops-西安,cr-1,cr,ens8,NULL,0,0,0,0,0,0,0,0,0
2026-07-28 17:32:00,ccf-aiops-西安,cr-1,cr,ens9,NULL,0,0,0,0,0,0,0,0,0
2026-07-28 17:32:00,ccf-aiops-西安,cr-2,cr,ens10,NULL,0,0,0,0,0,0,0,0,0
2026-07-28 17:32:00,ccf-aiops-西安,cr-2,cr,ens11,NULL,0,0,0,0,0,0,0,0,0
2026-07-28 17:32:00,ccf-aiops-西安,cr-2,cr,ens12,NULL,0,0,0,0,0,0,0,0,0
2026-07-28 17:32:00,ccf-aiops-西安,cr-2,cr,ens3,NULL,94.73333333333333,10.533333333333333,0.8888888888888888,0.1111111111111111,0,0,0,0,0
2026-07-28 17:32:00,ccf-aiops-西安,cr-2,cr,ens4,backbone,3995.266666666667,1402.4222222222222,7.488888888888889,12.266666666666667,0,0,0,0,0
2026-07-28 17:32:00,ccf-aiops-西安,cr-2,cr,ens5,backbone,1530.3777777777775,6277.622222222222,13.377777777777776,8.6,0,0,0,0,0
2026-07-28 17:32:00,ccf-aiops-西安,cr-2,cr,ens6,NULL,0,0,0,0,0,0,0,0,0
2026-07-28 17:32:00,ccf-aiops-西安,cr-2,cr,ens7,NULL,0,0,0,0,0,0,0,0,0
2026-07-28 17:32:00,ccf-aiops-西安,cr-2,cr,ens8,NULL,0,0,0,0,0,0,0,0,0
2026-07-28 17:32:00,ccf-aiops-西安,cr-2,cr,ens9,NULL,0,0,0,0,0,0,0,0,0
2026-07-28 17:32:00,ccf-aiops-西安,fw,firewall,ens3,NULL,244.0222222222222,131.2888888888889,2.0444444444444443,1,0,0,0,0,0
2026-07-28 17:32:00,ccf-aiops-西安,fw,firewall,ens4,backbone,9561.644444444444,1786.7333333333333,16.8,15.466666666666667,0,0,0,0,0
2026-07-28 17:32:00,ccf-aiops-西安,fw,firewall,ens5,business,1916.3555555555554,10706.777777777777,16.466666666666665,16.91111111111111,0,0,0,0,0
2026-07-28 17:32:00,ccf-aiops-西安,fw,firewall,ens6,NULL,0,0,0,0,0,0,0,0,0
2026-07-28 17:32:00,ccf-aiops-西安,monitor-vm,collector,ens3,NULL,215.17777777777778,69.86666666666666,2.1777777777777776,0.711111111111111,0,0,0,0,0
2026-07-28 17:32:00,ccf-aiops-西安,monitor-vm,collector,ens4,mgmt,28005.666666666668,991.6222222222221,11,8.644444444444444,0,0,0,0,0
2026-07-28 17:32:00,ccf-aiops-西安,monitor-vm,collector,ens5,NULL,0,0,0,0,0,0,0,0,0
2026-07-28 17:32:00,ccf-aiops-西安,monitor-vm,collector,ens6,NULL,0,0,0,0,0,0,0,0,0
2026-07-28 17:32:00,ccf-aiops-西安,probe-vm,probe,ens3,NULL,90.6,0,0.8222222222222222,0,0,0,0,0,0
2026-07-28 17:32:00,ccf-aiops-西安,probe-vm,probe,ens4,business,120.17777777777776,1166.0222222222221,0.8888888888888888,0.26666666666666666,0,0,0,0,0
2026-07-28 17:32:00,ccf-aiops-西安,probe-vm,probe,ens5,NULL,0,0,0,0,0,0,0,0,0
2026-07-28 17:32:00,ccf-aiops-西安,probe-vm,probe,ens6,NULL,0,0,0,0,0,0,0,0,0
2026-07-28 17:32:00,ccf-aiops-西安,service-vm-1,service,ens3,NULL,455,233.28888888888886,4.488888888888889,2,0,0,0,0,0
2026-07-28 17:32:00,ccf-aiops-西安,service-vm-1,service,ens4,service,131.9111111111111,1190.0666666666666,1.0888888888888888,0.4222222222222222,0,0,0,0,0
2026-07-28 17:32:00,ccf-aiops-西安,service-vm-1,service,ens5,NULL,0,0,0,0,0,0,0,0,0
2026-07-28 17:32:00,ccf-aiops-西安,service-vm-1,service,ens6,NULL,0,0,0,0,0,0,0,0,0
2026-07-28 17:32:00,ccf-aiops-西安,service-vm-2,service,ens3,NULL,119.13333333333334,60.888888888888886,0.6888888888888888,0.28888888888888886,0,0,0,0,0
2026-07-28 17:32:00,ccf-aiops-西安,service-vm-2,service,ens4,service,122.08888888888889,1168.511111111111,0.9111111111111111,0.26666666666666666,0,0,0,0,0
2026-07-28 17:32:00,ccf-aiops-西安,service-vm-2,service,ens5,NULL,0,0,0,0,0,0,0,0,0
2026-07-28 17:32:00,ccf-aiops-西安,service-vm-2,service,ens6,NULL,0,0,0,0,0,0,0,0,0
2026-07-28 17:32:00,ccf-aiops-西安,service-vm-3,service,ens3,NULL,115.66666666666667,60.888888888888886,0.6444444444444444,0.28888888888888886,0,0,0,0,0
2026-07-28 17:32:00,ccf-aiops-西安,service-vm-3,service,ens4,service,122.08888888888889,1168.0444444444443,0.9111111111111111,0.28888888888888886,0,0,0,0,0
2026-07-28 17:32:00,ccf-aiops-西安,service-vm-3,service,ens5,NULL,0,0,0,0,0,0,0,0,0
2026-07-28 17:32:00,ccf-aiops-西安,service-vm-3,service,ens6,NULL,0,0,0,0,0,0,0,0,0
2026-07-28 17:32:00,ccf-aiops-西安,traffic-vm,traffic,ens3,NULL,266.0222222222222,130.35555555555555,2.422222222222222,0.9777777777777777,0,0,0,0,0
2026-07-28 17:32:00,ccf-aiops-西安,traffic-vm,traffic,ens4,business,1840.7333333333333,15235.555555555555,13.11111111111111,13.355555555555554,0,0,0,0,0
2026-07-28 17:32:00,ccf-aiops-西安,traffic-vm,traffic,ens5,NULL,0,0,0,0,0,0,0,0,0
2026-07-28 17:32:00,ccf-aiops-西安,traffic-vm,traffic,ens6,NULL,0,0,0,0,0,0,0,0,0
2026-07-28 17:33:00,ccf-aiops-西安,br-1,br,ens10,NULL,0,0,0,0,0,0,0,0,0
2026-07-28 17:33:00,ccf-aiops-西安,br-1,br,ens11,NULL,0,0,0,0,0,0,0,0,0
2026-07-28 17:33:00,ccf-aiops-西安,br-1,br,ens12,NULL,0,0,0,0,0,0,0,0,0
2026-07-28 17:33:00,ccf-aiops-西安,br-1,br,ens3,NULL,305.73333333333335,136.93333333333334,3.6,1.3555555555555554,0,0,0,0,0
2026-07-28 17:33:00,ccf-aiops-西安,br-1,br,ens4,backbone,688,513.911111111111,4.777777777777777,4.555555555555555,0,0,0,0,0
2026-07-28 17:33:00,ccf-aiops-西安,br-1,br,ens5,backbone,682.3555555555555,3065.0444444444443,5.888888888888888,5.71111111111111,0,0,0,0,0
2026-07-28 17:33:00,ccf-aiops-西安,br-1,br,ens6,NULL,0,0,0,0,0,0,0,0,0
2026-07-28 17:33:00,ccf-aiops-西安,br-1,br,ens7,NULL,0,0,0,0,0,0,0,0,0
2026-07-28 17:33:00,ccf-aiops-西安,br-1,br,ens8,NULL,0,0,0,0,0,0,0,0,0
2026-07-28 17:33:00,ccf-aiops-西安,br-1,br,ens9,NULL,0,0,0,0,0,0,0,0,0
2026-07-28 17:33:00,ccf-aiops-西安,br-2,br,ens10,NULL,0,0,0,0,0,0,0,0,0
2026-07-28 17:33:00,ccf-aiops-西安,br-2,br,ens11,NULL,0,0,0,0,0,0,0,0,0
2026-07-28 17:33:00,ccf-aiops-西安,br-2,br,ens12,NULL,0,0,0,0,0,0,0,0,0
2026-07-28 17:33:00,ccf-aiops-西安,br-2,br,ens3,NULL,71.37777777777777,0,0.9777777777777777,0,0.04444444444444444,0,0,0,0
2026-07-28 17:33:00,ccf-aiops-西安,br-2,br,ens4,backbone,792.4222222222221,558.2222222222222,5.444444444444444,4.955555555555555,0,0,0,0,0
2026-07-28 17:33:00,ccf-aiops-西安,br-2,br,ens5,backbone,715.8444444444444,3179.4,6.2,6.4,0,0,0,0,0
2026-07-28 17:33:00,ccf-aiops-西安,br-2,br,ens6,NULL,0,0,0,0,0,0,0,0,0
2026-07-28 17:33:00,ccf-aiops-西安,br-2,br,ens7,NULL,0,0,0,0,0,0,0,0,0
2026-07-28 17:33:00,ccf-aiops-西安,br-2,br,ens8,NULL,0,0,0,0,0,0,0,0,0
2026-07-28 17:33:00,ccf-aiops-西安,br-2,br,ens9,NULL,0,0,0,0,0,0,0,0,0
2026-07-28 17:33:00,ccf-aiops-西安,cr-1,cr,ens10,NULL,0,0,0,0,0,0,0,0,0
2026-07-28 17:33:00,ccf-aiops-西安,cr-1,cr,ens11,NULL,0,0,0,0,0,0,0,0,0
2026-07-28 17:33:00,ccf-aiops-西安,cr-1,cr,ens12,NULL,0,0,0,0,0,0,0,0,0
2026-07-28 17:33:00,ccf-aiops-西安,cr-1,cr,ens3,NULL,62.266666666666666,0,0.9555555555555555,0,0,0,0,0,0
2026-07-28 17:33:00,ccf-aiops-西安,cr-1,cr,ens4,backbone,2378.3777777777777,139.33333333333334,5.622222222222222,1.2444444444444442,0,0,0,0,0
2026-07-28 17:33:00,ccf-aiops-西安,cr-1,cr,ens5,backbone,628.311111111111,4870.888888888889,5.355555555555555,9.6,0,0,0,0,0
2026-07-28 17:33:00,ccf-aiops-西安,cr-1,cr,ens6,NULL,0,0,0,0,0,0,0,0,0
2026-07-28 17:33:00,ccf-aiops-西安,cr-1,cr,ens7,NULL,0,0,0,0,0,0,0,0,0
2026-07-28 17:33:00,ccf-aiops-西安,cr-1,cr,ens8,NULL,0,0,0,0,0,0,0,0,0
2026-07-28 17:33:00,ccf-aiops-西安,cr-1,cr,ens9,NULL,0,0,0,0,0,0,0,0,0
2026-07-28 17:33:00,ccf-aiops-西安,cr-2,cr,ens10,NULL,0,0,0,0,0,0,0,0,0
2026-07-28 17:33:00,ccf-aiops-西安,cr-2,cr,ens11,NULL,0,0,0,0,0,0,0,0,0
2026-07-28 17:33:00,ccf-aiops-西安,cr-2,cr,ens12,NULL,0,0,0,0,0,0,0,0,0
2026-07-28 17:33:00,ccf-aiops-西安,cr-2,cr,ens3,NULL,60.71111111111111,0,0.9333333333333333,0,0,0,0,0,0
2026-07-28 17:33:00,ccf-aiops-西安,cr-2,cr,ens4,backbone,3722.288888888889,1060.711111111111,5.622222222222222,9.155555555555555,0,0,0,0,0
2026-07-28 17:33:00,ccf-aiops-西安,cr-2,cr,ens5,backbone,1187.3777777777775,6400.733333333334,10.244444444444444,7,0,0,0,0,0
2026-07-28 17:33:00,ccf-aiops-西安,cr-2,cr,ens6,NULL,0,0,0,0,0,0,0,0,0
2026-07-28 17:33:00,ccf-aiops-西安,cr-2,cr,ens7,NULL,0,0,0,0,0,0,0,0,0
2026-07-28 17:33:00,ccf-aiops-西安,cr-2,cr,ens8,NULL,0,0,0,0,0,0,0,0,0
2026-07-28 17:33:00,ccf-aiops-西安,cr-2,cr,ens9,NULL,0,0,0,0,0,0,0,0,0
2026-07-28 17:33:00,ccf-aiops-西安,fw,firewall,ens3,NULL,206.57777777777775,128.88888888888889,2.0444444444444443,0.9555555555555555,0,0,0,0,0
2026-07-28 17:33:00,ccf-aiops-西安,fw,firewall,ens4,backbone,11126.4,1596.0444444444443,16.2,13.755555555555555,0,0,0,0,0
2026-07-28 17:33:00,ccf-aiops-西安,fw,firewall,ens5,business,1714.6444444444444,12272.044444444444,14.622222222222222,16.31111111111111,0,0,0,0,0
2026-07-28 17:33:00,ccf-aiops-西安,fw,firewall,ens6,NULL,0,0,0,0,0,0,0,0,0
2026-07-28 17:33:00,ccf-aiops-西安,monitor-vm,collector,ens3,NULL,187.28888888888886,68.93333333333334,2.3333333333333335,0.6888888888888888,0,0,0,0,0
2026-07-28 17:33:00,ccf-aiops-西安,monitor-vm,collector,ens4,mgmt,30147.933333333334,980.6888888888888,12.244444444444444,8.511111111111111,0,0,0,0,0
2026-07-28 17:33:00,ccf-aiops-西安,monitor-vm,collector,ens5,NULL,0,0,0,0,0,0,0,0,0
2026-07-28 17:33:00,ccf-aiops-西安,monitor-vm,collector,ens6,NULL,0,0,0,0,0,0,0,0,0
2026-07-28 17:33:00,ccf-aiops-西安,probe-vm,probe,ens3,NULL,59.288888888888884,0,0.9111111111111111,0,0,0,0,0,0
2026-07-28 17:33:00,ccf-aiops-西安,probe-vm,probe,ens4,business,120.97777777777777,1170.1777777777777,0.8888888888888888,0.3333333333333333,0,0,0,0,0
2026-07-28 17:33:00,ccf-aiops-西安,probe-vm,probe,ens5,NULL,0,0,0,0,0,0,0,0,0
2026-07-28 17:33:00,ccf-aiops-西安,probe-vm,probe,ens6,NULL,0,0,0,0,0,0,0,0,0
2026-07-28 17:33:00,ccf-aiops-西安,service-vm-1,service,ens3,NULL,418.8,230.08888888888887,4.533333333333333,1.9555555555555555,0,0,0,0,0
2026-07-28 17:33:00,ccf-aiops-西安,service-vm-1,service,ens4,service,108.97777777777777,1185.911111111111,0.8222222222222222,0.3777777777777777,0,0,0,0,0
2026-07-28 17:33:00,ccf-aiops-西安,service-vm-1,service,ens5,NULL,0,0,0,0,0,0,0,0,0
2026-07-28 17:33:00,ccf-aiops-西安,service-vm-1,service,ens6,NULL,0,0,0,0,0,0,0,0,0
2026-07-28 17:33:00,ccf-aiops-西安,service-vm-2,service,ens3,NULL,83.9111111111111,62.35555555555555,0.711111111111111,0.31111111111111106,0,0,0,0,0
2026-07-28 17:33:00,ccf-aiops-西安,service-vm-2,service,ens4,service,116.62222222222222,1177.311111111111,0.8444444444444444,0.3555555555555555,0,0,0,0,0
2026-07-28 17:33:00,ccf-aiops-西安,service-vm-2,service,ens5,NULL,0,0,0,0,0,0,0,0,0
2026-07-28 17:33:00,ccf-aiops-西安,service-vm-2,service,ens6,NULL,0,0,0,0,0,0,0,0,0
2026-07-28 17:33:00,ccf-aiops-西安,service-vm-3,service,ens3,NULL,88.66666666666667,60.888888888888886,0.7777777777777778,0.28888888888888886,0,0,0,0,0
2026-07-28 17:33:00,ccf-aiops-西安,service-vm-3,service,ens4,service,109.5111111111111,1166.3777777777775,0.7555555555555554,0.26666666666666666,0,0,0,0,0
2026-07-28 17:33:00,ccf-aiops-西安,service-vm-3,service,ens5,NULL,0,0,0,0,0,0,0,0,0
2026-07-28 17:33:00,ccf-aiops-西安,service-vm-3,service,ens6,NULL,0,0,0,0,0,0,0,0,0
2026-07-28 17:33:00,ccf-aiops-西安,traffic-vm,traffic,ens3,NULL,240.75555555555553,130.35555555555555,2.6,0.9777777777777777,0,0,0,0,0
2026-07-28 17:33:00,ccf-aiops-西安,traffic-vm,traffic,ens4,business,1216.5333333333333,14689.355555555554,8.422222222222222,8.444444444444445,0,0,0,0,0
2026-07-28 17:33:00,ccf-aiops-西安,traffic-vm,traffic,ens5,NULL,0,0,0,0,0,0,0,0,0
2026-07-28 17:33:00,ccf-aiops-西安,traffic-vm,traffic,ens6,NULL,0,0,0,0,0,0,0,0,0
2026-07-28 17:34:00,ccf-aiops-西安,br-1,br,ens10,NULL,0,0,0,0,0,0,0,0,0
2026-07-28 17:34:00,ccf-aiops-西安,br-1,br,ens11,NULL,0,0,0,0,0,0,0,0,0
2026-07-28 17:34:00,ccf-aiops-西安,br-1,br,ens12,NULL,0,0,0,0,0,0,0,0,0
2026-07-28 17:34:00,ccf-aiops-西安,br-1,br,ens3,NULL,295.51111111111106,136.93333333333334,3.444444444444444,1.3555555555555554,0,0,0,0,0
2026-07-28 17:34:00,ccf-aiops-西安,br-1,br,ens4,backbone,650.8444444444444,440.6444444444444,4.488888888888889,3.911111111111111,0,0,0,0,0
2026-07-28 17:34:00,ccf-aiops-西安,br-1,br,ens5,backbone,564.2888888888888,2747.755555555555,4.933333333333334,5.133333333333334,0,0,0,0,0
2026-07-28 17:34:00,ccf-aiops-西安,br-1,br,ens6,NULL,0,0,0,0,0,0,0,0,0
2026-07-28 17:34:00,ccf-aiops-西安,br-1,br,ens7,NULL,0,0,0,0,0,0,0,0,0
2026-07-28 17:34:00,ccf-aiops-西安,br-1,br,ens8,NULL,0,0,0,0,0,0,0,0,0
2026-07-28 17:34:00,ccf-aiops-西安,br-1,br,ens9,NULL,0,0,0,0,0,0,0,0,0
2026-07-28 17:34:00,ccf-aiops-西安,br-2,br,ens10,NULL,0,0,0,0,0,0,0,0,0
2026-07-28 17:34:00,ccf-aiops-西安,br-2,br,ens11,NULL,0,0,0,0,0,0,0,0,0
2026-07-28 17:34:00,ccf-aiops-西安,br-2,br,ens12,NULL,0,0,0,0,0,0,0,0,0
2026-07-28 17:34:00,ccf-aiops-西安,br-2,br,ens3,NULL,158.6222222222222,103.68888888888888,1.222222222222222,0.4444444444444444,0.04444444444444444,0,0,0,0
2026-07-28 17:34:00,ccf-aiops-西安,br-2,br,ens4,backbone,554.7333333333333,402.0444444444444,3.933333333333333,3.622222222222222,0,0,0,0,0
2026-07-28 17:34:00,ccf-aiops-西安,br-2,br,ens5,backbone,555.0444444444444,2794.777777777778,4.866666666666666,4.688888888888888,0,0,0,0,0
2026-07-28 17:34:00,ccf-aiops-西安,br-2,br,ens6,NULL,0,0,0,0,0,0,0,0,0
2026-07-28 17:34:00,ccf-aiops-西安,br-2,br,ens7,NULL,0,0,0,0,0,0,0,0,0
2026-07-28 17:34:00,ccf-aiops-西安,br-2,br,ens8,NULL,0,0,0,0,0,0,0,0,0
2026-07-28 17:34:00,ccf-aiops-西安,br-2,br,ens9,NULL,0,0,0,0,0,0,0,0,0
2026-07-28 17:34:00,ccf-aiops-西安,cr-1,cr,ens10,NULL,0,0,0,0,0,0,0,0,0
2026-07-28 17:34:00,ccf-aiops-西安,cr-1,cr,ens11,NULL,0,0,0,0,0,0,0,0,0
2026-07-28 17:34:00,ccf-aiops-西安,cr-1,cr,ens12,NULL,0,0,0,0,0,0,0,0,0
2026-07-28 17:34:00,ccf-aiops-西安,cr-1,cr,ens3,NULL,158.44444444444443,114.22222222222221,1.3333333333333333,0.5555555555555555,0,0,0,0,0
2026-07-28 17:34:00,ccf-aiops-西安,cr-1,cr,ens4,backbone,1896.1555555555556,164.24444444444444,4.733333333333333,1.4666666666666666,0,0,0,0,0
2026-07-28 17:34:00,ccf-aiops-西安,cr-1,cr,ens5,backbone,623.4222222222221,4213.155555555555,5.4,8.4,0,0,0,0,0
2026-07-28 17:34:00,ccf-aiops-西安,cr-1,cr,ens6,NULL,0,0,0,0,0,0,0,0,0
2026-07-28 17:34:00,ccf-aiops-西安,cr-1,cr,ens7,NULL,0,0,0,0,0,0,0,0,0
2026-07-28 17:34:00,ccf-aiops-西安,cr-1,cr,ens8,NULL,0,0,0,0,0,0,0,0,0
2026-07-28 17:34:00,ccf-aiops-西安,cr-1,cr,ens9,NULL,0,0,0,0,0,0,0,0,0
2026-07-28 17:34:00,ccf-aiops-西安,cr-2,cr,ens10,NULL,0,0,0,0,0,0,0,0,0
2026-07-28 17:34:00,ccf-aiops-西安,cr-2,cr,ens11,NULL,0,0,0,0,0,0,0,0,0
2026-07-28 17:34:00,ccf-aiops-西安,cr-2,cr,ens12,NULL,0,0,0,0,0,0,0,0,0
2026-07-28 17:34:00,ccf-aiops-西安,cr-2,cr,ens3,NULL,152.48888888888888,114.22222222222221,1.2444444444444442,0.5555555555555556,0,0,0,0,0
2026-07-28 17:34:00,ccf-aiops-西安,cr-2,cr,ens4,backbone,3724.777777777778,908.911111111111,5.5777777777777775,7.977777777777779,0,0,0,0,0
2026-07-28 17:34:00,ccf-aiops-西安,cr-2,cr,ens5,backbone,1035.5777777777778,6177.888888888889,9.066666666666666,6.822222222222223,0,0,0,0,0
2026-07-28 17:34:00,ccf-aiops-西安,cr-2,cr,ens6,NULL,0,0,0,0,0,0,0,0,0
2026-07-28 17:34:00,ccf-aiops-西安,cr-2,cr,ens7,NULL,0,0,0,0,0,0,0,0,0
2026-07-28 17:34:00,ccf-aiops-西安,cr-2,cr,ens8,NULL,0,0,0,0,0,0,0,0,0
2026-07-28 17:34:00,ccf-aiops-西安,cr-2,cr,ens9,NULL,0,0,0,0,0,0,0,0,0
2026-07-28 17:34:00,ccf-aiops-西安,fw,firewall,ens3,NULL,192.35555555555553,130.35555555555555,1.8222222222222222,0.9777777777777777,0,0,0,0,0
2026-07-28 17:34:00,ccf-aiops-西安,fw,firewall,ens4,backbone,9970.511111111111,1333.6888888888889,13.333333333333334,11.577777777777778,0,0,0,0,0
2026-07-28 17:34:00,ccf-aiops-西安,fw,firewall,ens5,business,1453.7555555555555,11120.422222222222,12.466666666666667,13.488888888888887,0,0,0,0,0
2026-07-28 17:34:00,ccf-aiops-西安,fw,firewall,ens6,NULL,0,0,0,0,0,0,0,0,0
2026-07-28 17:34:00,ccf-aiops-西安,monitor-vm,collector,ens3,NULL,225.9111111111111,126.62222222222222,2.4,0.9333333333333333,0,0,0,0,0
2026-07-28 17:34:00,ccf-aiops-西安,monitor-vm,collector,ens4,mgmt,28977.466666666667,997.6222222222221,11.555555555555554,8.71111111111111,0,0,0,0,0
2026-07-28 17:34:00,ccf-aiops-西安,monitor-vm,collector,ens5,NULL,0,0,0,0,0,0,0,0,0
2026-07-28 17:34:00,ccf-aiops-西安,monitor-vm,collector,ens6,NULL,0,0,0,0,0,0,0,0,0
2026-07-28 17:34:00,ccf-aiops-西安,probe-vm,probe,ens3,NULL,99.02222222222221,61.42222222222222,0.9777777777777777,0.28888888888888886,0,0,0,0,0
2026-07-28 17:34:00,ccf-aiops-西安,probe-vm,probe,ens4,business,131.9111111111111,1174.3555555555554,1.0222222222222221,0.3555555555555555,0,0,0,0,0
2026-07-28 17:34:00,ccf-aiops-西安,probe-vm,probe,ens5,NULL,0,0,0,0,0,0,0,0,0
2026-07-28 17:34:00,ccf-aiops-西安,probe-vm,probe,ens6,NULL,0,0,0,0,0,0,0,0,0
2026-07-28 17:34:00,ccf-aiops-西安,service-vm-1,service,ens3,NULL,412.6666666666667,232.35555555555553,4.422222222222222,1.9777777777777776,0,0,0,0,0
2026-07-28 17:34:00,ccf-aiops-西安,service-vm-1,service,ens4,service,126.44444444444443,1188.511111111111,1.0222222222222221,0.4,0,0,0,0,0
2026-07-28 17:34:00,ccf-aiops-西安,service-vm-1,service,ens5,NULL,0,0,0,0,0,0,0,0,0
2026-07-28 17:34:00,ccf-aiops-西安,service-vm-1,service,ens6,NULL,0,0,0,0,0,0,0,0,0
2026-07-28 17:34:00,ccf-aiops-西安,service-vm-2,service,ens3,NULL,69.68888888888888,62.35555555555555,0.4888888888888889,0.31111111111111106,0,0,0,0,0
2026-07-28 17:34:00,ccf-aiops-西安,service-vm-2,service,ens4,service,108.7111111111111,1169.9333333333334,0.7555555555555554,0.26666666666666666,0,0,0,0,0
2026-07-28 17:34:00,ccf-aiops-西安,service-vm-2,service,ens5,NULL,0,0,0,0,0,0,0,0,0
2026-07-28 17:34:00,ccf-aiops-西安,service-vm-2,service,ens6,NULL,0,0,0,0,0,0,0,0,0
2026-07-28 17:34:00,ccf-aiops-西安,service-vm-3,service,ens3,NULL,23.266666666666666,0,0.31111111111111106,0,0,0,0,0,0
2026-07-28 17:34:00,ccf-aiops-西安,service-vm-3,service,ens4,service,122.35555555555555,1166.511111111111,0.9111111111111111,0.26666666666666666,0,0,0,0,0
2026-07-28 17:34:00,ccf-aiops-西安,service-vm-3,service,ens5,NULL,0,0,0,0,0,0,0,0,0
2026-07-28 17:34:00,ccf-aiops-西安,service-vm-3,service,ens6,NULL,0,0,0,0,0,0,0,0,0
2026-07-28 17:34:00,ccf-aiops-西安,traffic-vm,traffic,ens3,NULL,175.33333333333334,66.66666666666667,2.1555555555555554,0.6666666666666666,0,0,0,0,0
2026-07-28 17:34:00,ccf-aiops-西安,traffic-vm,traffic,ens4,business,1265.7555555555555,14732.822222222221,8.8,8.933333333333334,0,0,0,0,0
2026-07-28 17:34:00,ccf-aiops-西安,traffic-vm,traffic,ens5,NULL,0,0,0,0,0,0,0,0,0
2026-07-28 17:34:00,ccf-aiops-西安,traffic-vm,traffic,ens6,NULL,0,0,0,0,0,0,0,0,0
2026-07-28 17:35:00,ccf-aiops-西安,br-1,br,ens10,NULL,0,0,0,0,0,0,0,0,0
2026-07-28 17:35:00,ccf-aiops-西安,br-1,br,ens11,NULL,0,0,0,0,0,0,0,0,0
2026-07-28 17:35:00,ccf-aiops-西安,br-1,br,ens12,NULL,0,0,0,0,0,0,0,0,0
2026-07-28 17:35:00,ccf-aiops-西安,br-1,br,ens3,NULL,396.35555555555555,250.2222222222222,3.911111111111111,1.8888888888888888,0,0,0,0,0
2026-07-28 17:35:00,ccf-aiops-西安,br-1,br,ens4,backbone,812.8,504.0222222222222,5.777777777777777,4.555555555555555,0,0,0,0,0
2026-07-28 17:35:00,ccf-aiops-西安,br-1,br,ens5,backbone,656.2888888888888,2715.6888888888884,5.866666666666666,6.044444444444443,0,0,0,0,0
2026-07-28 17:35:00,ccf-aiops-西安,br-1,br,ens6,NULL,0,0,0,0,0,0,0,0,0
2026-07-28 17:35:00,ccf-aiops-西安,br-1,br,ens7,NULL,0,0,0,0,0,0,0,0,0
2026-07-28 17:35:00,ccf-aiops-西安,br-1,br,ens8,NULL,0,0,0,0,0,0,0,0,0
2026-07-28 17:35:00,ccf-aiops-西安,br-1,br,ens9,NULL,0,0,0,0,0,0,0,0,0
2026-07-28 17:35:00,ccf-aiops-西安,br-2,br,ens10,NULL,0,0,0,0,0,0,0,0,0
2026-07-28 17:35:00,ccf-aiops-西安,br-2,br,ens11,NULL,0,0,0,0,0,0,0,0,0
2026-07-28 17:35:00,ccf-aiops-西安,br-2,br,ens12,NULL,0,0,0,0,0,0,0,0,0
2026-07-28 17:35:00,ccf-aiops-西安,br-2,br,ens3,NULL,56.93333333333333,0,0.7777777777777778,0,0.04444444444444444,0,0,0,0
2026-07-28 17:35:00,ccf-aiops-西安,br-2,br,ens4,backbone,596.6,402.73333333333335,4.311111111111111,3.711111111111111,0,0,0,0,0
2026-07-28 17:35:00,ccf-aiops-西安,br-2,br,ens5,backbone,556.5333333333333,2580.5333333333333,4.977777777777777,4.822222222222222,0,0,0,0,0
2026-07-28 17:35:00,ccf-aiops-西安,br-2,br,ens6,NULL,0,0,0,0,0,0,0,0,0
2026-07-28 17:35:00,ccf-aiops-西安,br-2,br,ens7,NULL,0,0,0,0,0,0,0,0,0
2026-07-28 17:35:00,ccf-aiops-西安,br-2,br,ens8,NULL,0,0,0,0,0,0,0,0,0
2026-07-28 17:35:00,ccf-aiops-西安,br-2,br,ens9,NULL,0,0,0,0,0,0,0,0,0
2026-07-28 17:35:00,ccf-aiops-西安,cr-1,cr,ens10,NULL,0,0,0,0,0,0,0,0,0
2026-07-28 17:35:00,ccf-aiops-西安,cr-1,cr,ens11,NULL,0,0,0,0,0,0,0,0,0
2026-07-28 17:35:00,ccf-aiops-西安,cr-1,cr,ens12,NULL,0,0,0,0,0,0,0,0,0
2026-07-28 17:35:00,ccf-aiops-西安,cr-1,cr,ens3,NULL,49.55555555555555,0,0.7777777777777778,0,0,0,0,0,0
2026-07-28 17:35:00,ccf-aiops-西安,cr-1,cr,ens4,backbone,1676.4444444444443,165.97777777777776,5.933333333333334,1.4888888888888887,0,0,0,0,0
2026-07-28 17:35:00,ccf-aiops-西安,cr-1,cr,ens5,backbone,768.2444444444444,3983.733333333333,6.777777777777777,10.688888888888888,0,0,0,0,0
2026-07-28 17:35:00,ccf-aiops-西安,cr-1,cr,ens6,NULL,0,0,0,0,0,0,0,0,0
2026-07-28 17:35:00,ccf-aiops-西安,cr-1,cr,ens7,NULL,0,0,0,0,0,0,0,0,0
2026-07-28 17:35:00,ccf-aiops-西安,cr-1,cr,ens8,NULL,0,0,0,0,0,0,0,0,0
2026-07-28 17:35:00,ccf-aiops-西安,cr-1,cr,ens9,NULL,0,0,0,0,0,0,0,0,0
2026-07-28 17:35:00,ccf-aiops-西安,cr-2,cr,ens10,NULL,0,0,0,0,0,0,0,0,0
2026-07-28 17:35:00,ccf-aiops-西安,cr-2,cr,ens11,NULL,0,0,0,0,0,0,0,0,0
2026-07-28 17:35:00,ccf-aiops-西安,cr-2,cr,ens12,NULL,0,0,0,0,0,0,0,0,0
2026-07-28 17:35:00,ccf-aiops-西安,cr-2,cr,ens3,NULL,44.93333333333333,0,0.711111111111111,0,0,0,0,0,0
2026-07-28 17:35:00,ccf-aiops-西安,cr-2,cr,ens4,backbone,3837.7111111111108,1024.5777777777778,6.244444444444444,9.133333333333333,0,0,0,0,0
2026-07-28 17:35:00,ccf-aiops-西安,cr-2,cr,ens5,backbone,1146.2666666666667,6088.688888888889,10.177777777777777,7.2,0,0,0,0,0
2026-07-28 17:35:00,ccf-aiops-西安,cr-2,cr,ens6,NULL,0,0,0,0,0,0,0,0,0
2026-07-28 17:35:00,ccf-aiops-西安,cr-2,cr,ens7,NULL,0,0,0,0,0,0,0,0,0
2026-07-28 17:35:00,ccf-aiops-西安,cr-2,cr,ens8,NULL,0,0,0,0,0,0,0,0,0
2026-07-28 17:35:00,ccf-aiops-西安,cr-2,cr,ens9,NULL,0,0,0,0,0,0,0,0,0
2026-07-28 17:35:00,ccf-aiops-西安,fw,firewall,ens3,NULL,136.3111111111111,68.93333333333334,1.5333333333333334,0.6888888888888888,0,0,0,0,0
2026-07-28 17:35:00,ccf-aiops-西安,fw,firewall,ens4,backbone,9206.088888888888,1362.1111111111109,13.288888888888888,11.955555555555554,0,0,0,0,0
2026-07-28 17:35:00,ccf-aiops-西安,fw,firewall,ens5,business,1486.1777777777777,10343.02222222222,12.888888888888888,13.31111111111111,0,0,0,0,0
2026-07-28 17:35:00,ccf-aiops-西安,fw,firewall,ens6,NULL,0,0,0,0,0,0,0,0,0
2026-07-28 17:35:00,ccf-aiops-西安,monitor-vm,collector,ens3,NULL,168.7111111111111,68.93333333333334,2.066666666666667,0.6888888888888888,0,0,0,0,0
2026-07-28 17:35:00,ccf-aiops-西安,monitor-vm,collector,ens4,mgmt,28065.355555555554,970.0222222222221,10.511111111111111,8.377777777777776,0,0,0,0,0
2026-07-28 17:35:00,ccf-aiops-西安,monitor-vm,collector,ens5,NULL,0,0,0,0,0,0,0,0,0
2026-07-28 17:35:00,ccf-aiops-西安,monitor-vm,collector,ens6,NULL,0,0,0,0,0,0,0,0,0
2026-07-28 17:35:00,ccf-aiops-西安,probe-vm,probe,ens3,NULL,43.6,0,0.6888888888888888,0,0,0,0,0,0
2026-07-28 17:35:00,ccf-aiops-西安,probe-vm,probe,ens4,business,120.17777777777776,1164.6,0.8888888888888888,0.26666666666666666,0,0,0,0,0
2026-07-28 17:35:00,ccf-aiops-西安,probe-vm,probe,ens5,NULL,0,0,0,0,0,0,0,0,0
2026-07-28 17:35:00,ccf-aiops-西安,probe-vm,probe,ens6,NULL,0,0,0,0,0,0,0,0,0
2026-07-28 17:35:00,ccf-aiops-西安,service-vm-1,service,ens3,NULL,351.6,170.93333333333334,4.044444444444444,1.6888888888888889,0,0,0,0,0
2026-07-28 17:35:00,ccf-aiops-西安,service-vm-1,service,ens4,service,118.8,1183.2,0.9333333333333333,0.3333333333333333,0,0,0,0,0
2026-07-28 17:35:00,ccf-aiops-西安,service-vm-1,service,ens5,NULL,0,0,0,0,0,0,0,0,0
2026-07-28 17:35:00,ccf-aiops-西安,service-vm-1,service,ens6,NULL,0,0,0,0,0,0,0,0,0
2026-07-28 17:35:00,ccf-aiops-西安,service-vm-2,service,ens3,NULL,12.31111111111111,0,0.17777777777777776,0,0,0,0,0,0
2026-07-28 17:35:00,ccf-aiops-西安,service-vm-2,service,ens4,service,123.15555555555555,1169.911111111111,0.9111111111111111,0.26666666666666666,0,0,0,0,0
2026-07-28 17:35:00,ccf-aiops-西安,service-vm-2,service,ens5,NULL,0,0,0,0,0,0,0,0,0
2026-07-28 17:35:00,ccf-aiops-西安,service-vm-2,service,ens6,NULL,0,0,0,0,0,0,0,0,0
2026-07-28 17:35:00,ccf-aiops-西安,service-vm-3,service,ens3,NULL,71.02537890572914,62.35832703675719,0.5333570380905818,0.3111249388861727,0,0,0,0,0
2026-07-28 17:35:00,ccf-aiops-西安,service-vm-3,service,ens4,service,143.11747188763945,1179.4524201075603,1.1556069158629272,0.4222409884883772,0,0,0,0,0
2026-07-28 17:35:00,ccf-aiops-西安,service-vm-3,service,ens5,NULL,0,0,0,0,0,0,0,0,0
2026-07-28 17:35:00,ccf-aiops-西安,service-vm-3,service,ens6,NULL,0,0,0,0,0,0,0,0,0
2026-07-28 17:35:00,ccf-aiops-西安,traffic-vm,traffic,ens3,NULL,176.53333333333333,68.93333333333334,2.1777777777777776,0.6888888888888888,0,0,0,0,0
2026-07-28 17:35:00,ccf-aiops-西安,traffic-vm,traffic,ens4,business,1459.8444444444442,14853.91111111111,10.044444444444444,10.133333333333333,0,0,0,0,0
2026-07-28 17:35:00,ccf-aiops-西安,traffic-vm,traffic,ens5,NULL,0,0,0,0,0,0,0,0,0
2026-07-28 17:35:00,ccf-aiops-西安,traffic-vm,traffic,ens6,NULL,0,0,0,0,0,0,0,0,0
2026-07-28 17:36:00,ccf-aiops-西安,br-1,br,ens10,NULL,0,0,0,0,0,0,0,0,0
2026-07-28 17:36:00,ccf-aiops-西安,br-1,br,ens11,NULL,0,0,0,0,0,0,0,0,0
2026-07-28 17:36:00,ccf-aiops-西安,br-1,br,ens12,NULL,0,0,0,0,0,0,0,0,0
2026-07-28 17:36:00,ccf-aiops-西安,br-1,br,ens3,NULL,294.88888888888886,134.66666666666666,3.466666666666667,1.3333333333333333,0,0,0,0,0
2026-07-28 17:36:00,ccf-aiops-西安,br-1,br,ens4,backbone,829.5333333333333,587.6666666666666,5.888888888888888,5.311111111111111,0,0,0,0,0
2026-07-28 17:36:00,ccf-aiops-西安,br-1,br,ens5,backbone,727.6222222222221,2881.0444444444443,6.444444444444444,6.244444444444444,0,0,0,0,0
2026-07-28 17:36:00,ccf-aiops-西安,br-1,br,ens6,NULL,0,0,0,0,0,0,0,0,0
2026-07-28 17:36:00,ccf-aiops-西安,br-1,br,ens7,NULL,0,0,0,0,0,0,0,0,0
2026-07-28 17:36:00,ccf-aiops-西安,br-1,br,ens8,NULL,0,0,0,0,0,0,0,0,0
2026-07-28 17:36:00,ccf-aiops-西安,br-1,br,ens9,NULL,0,0,0,0,0,0,0,0,0
2026-07-28 17:36:00,ccf-aiops-西安,br-2,br,ens10,NULL,0,0,0,0,0,0,0,0,0
2026-07-28 17:36:00,ccf-aiops-西安,br-2,br,ens11,NULL,0,0,0,0,0,0,0,0,0
2026-07-28 17:36:00,ccf-aiops-西安,br-2,br,ens12,NULL,0,0,0,0,0,0,0,0,0
2026-07-28 17:36:00,ccf-aiops-西安,br-2,br,ens3,NULL,64.3111111111111,0,0.8888888888888888,0,0.04444444444444444,0,0,0,0
2026-07-28 17:36:00,ccf-aiops-西安,br-2,br,ens4,backbone,766.0888888888888,524.0222222222222,5.51111111111111,4.688888888888888,0,0,0,0,0
2026-07-28 17:36:00,ccf-aiops-西安,br-2,br,ens5,backbone,675.1333333333333,2862.4444444444443,5.888888888888888,5.977777777777777,0,0,0,0,0
2026-07-28 17:36:00,ccf-aiops-西安,br-2,br,ens6,NULL,0,0,0,0,0,0,0,0,0
2026-07-28 17:36:00,ccf-aiops-西安,br-2,br,ens7,NULL,0,0,0,0,0,0,0,0,0
2026-07-28 17:36:00,ccf-aiops-西安,br-2,br,ens8,NULL,0,0,0,0,0,0,0,0,0
2026-07-28 17:36:00,ccf-aiops-西安,br-2,br,ens9,NULL,0,0,0,0,0,0,0,0,0
2026-07-28 17:36:00,ccf-aiops-西安,cr-1,cr,ens10,NULL,0,0,0,0,0,0,0,0,0
2026-07-28 17:36:00,ccf-aiops-西安,cr-1,cr,ens11,NULL,0,0,0,0,0,0,0,0,0
2026-07-28 17:36:00,ccf-aiops-西安,cr-1,cr,ens12,NULL,0,0,0,0,0,0,0,0,0
2026-07-28 17:36:00,ccf-aiops-西安,cr-1,cr,ens3,NULL,58.71111111111111,0,0.8222222222222222,0,0,0,0,0,0
2026-07-28 17:36:00,ccf-aiops-西安,cr-1,cr,ens4,backbone,2044.7333333333333,143.33333333333334,6.51111111111111,1.2888888888888888,0,0,0,0,0
2026-07-28 17:36:00,ccf-aiops-西安,cr-1,cr,ens5,backbone,800.6666666666666,4529.466666666666,7.044444444444443,12,0,0,0,0,0
2026-07-28 17:36:00,ccf-aiops-西安,cr-1,cr,ens6,NULL,0,0,0,0,0,0,0,0,0
2026-07-28 17:36:00,ccf-aiops-西安,cr-1,cr,ens7,NULL,0,0,0,0,0,0,0,0,0
2026-07-28 17:36:00,ccf-aiops-西安,cr-1,cr,ens8,NULL,0,0,0,0,0,0,0,0,0
2026-07-28 17:36:00,ccf-aiops-西安,cr-1,cr,ens9,NULL,0,0,0,0,0,0,0,0,0
2026-07-28 17:36:00,ccf-aiops-西安,cr-2,cr,ens10,NULL,0,0,0,0,0,0,0,0,0
2026-07-28 17:36:00,ccf-aiops-西安,cr-2,cr,ens11,NULL,0,0,0,0,0,0,0,0,0
2026-07-28 17:36:00,ccf-aiops-西安,cr-2,cr,ens12,NULL,0,0,0,0,0,0,0,0,0
2026-07-28 17:36:00,ccf-aiops-西安,cr-2,cr,ens3,NULL,156.66666666666666,114.22222222222221,1.3333333333333333,0.5555555555555555,0,0,0,0,0
2026-07-28 17:36:00,ccf-aiops-西安,cr-2,cr,ens4,backbone,3800.311111111111,1187.9333333333334,6.2,10.444444444444445,0,0,0,0,0
2026-07-28 17:36:00,ccf-aiops-西安,cr-2,cr,ens5,backbone,1312.6888888888889,6188.866666666667,11.511111111111111,7.4,0,0,0,0,0
2026-07-28 17:36:00,ccf-aiops-西安,cr-2,cr,ens6,NULL,0,0,0,0,0,0,0,0,0
2026-07-28 17:36:00,ccf-aiops-西安,cr-2,cr,ens7,NULL,0,0,0,0,0,0,0,0,0
2026-07-28 17:36:00,ccf-aiops-西安,cr-2,cr,ens8,NULL,0,0,0,0,0,0,0,0,0
2026-07-28 17:36:00,ccf-aiops-西安,cr-2,cr,ens9,NULL,0,0,0,0,0,0,0,0,0
2026-07-28 17:36:00,ccf-aiops-西安,fw,firewall,ens3,NULL,183.24444444444444,128.08888888888887,1.711111111111111,0.9555555555555555,0,0,0,0,0
2026-07-28 17:36:00,ccf-aiops-西安,fw,firewall,ens4,backbone,9814.822222222221,1575.3555555555554,15.31111111111111,13.733333333333333,0,0,0,0,0
2026-07-28 17:36:00,ccf-aiops-西安,fw,firewall,ens5,business,1670.8444444444442,10959.31111111111,14.4,15.4,0,0,0,0,0
2026-07-28 17:36:00,ccf-aiops-西安,fw,firewall,ens6,NULL,0,0,0,0,0,0,0,0,0
2026-07-28 17:36:00,ccf-aiops-西安,monitor-vm,collector,ens3,NULL,228.13333333333333,128.88888888888889,2.422222222222222,0.9555555555555555,0,0,0,0,0
2026-07-28 17:36:00,ccf-aiops-西安,monitor-vm,collector,ens4,mgmt,28523.11111111111,999.5333333333333,11,8.733333333333333,0,0,0,0,0
2026-07-28 17:36:00,ccf-aiops-西安,monitor-vm,collector,ens5,NULL,0,0,0,0,0,0,0,0,0
2026-07-28 17:36:00,ccf-aiops-西安,monitor-vm,collector,ens6,NULL,0,0,0,0,0,0,0,0,0
2026-07-28 17:36:00,ccf-aiops-西安,probe-vm,probe,ens3,NULL,54.977777777777774,0.9333333333333333,0.8666666666666667,0.02222222222222222,0,0,0,0,0
2026-07-28 17:36:00,ccf-aiops-西安,probe-vm,probe,ens4,business,112.53333333333333,1180,0.8,0.4222222222222222,0,0,0,0,0
2026-07-28 17:36:00,ccf-aiops-西安,probe-vm,probe,ens5,NULL,0,0,0,0,0,0,0,0,0
2026-07-28 17:36:00,ccf-aiops-西安,probe-vm,probe,ens6,NULL,0,0,0,0,0,0,0,0,0
2026-07-28 17:36:00,ccf-aiops-西安,service-vm-1,service,ens3,NULL,467.6444444444444,292.3111111111111,4.733333333333333,2.2444444444444445,0,0,0,0,0
2026-07-28 17:36:00,ccf-aiops-西安,service-vm-1,service,ens4,service,112.88888888888889,1189.1777777777777,0.9333333333333333,0.4,0,0,0,0,0
2026-07-28 17:36:00,ccf-aiops-西安,service-vm-1,service,ens5,NULL,0,0,0,0,0,0,0,0,0
2026-07-28 17:36:00,ccf-aiops-西安,service-vm-1,service,ens6,NULL,0,0,0,0,0,0,0,0,0
2026-07-28 17:36:00,ccf-aiops-西安,service-vm-2,service,ens3,NULL,116.35555555555555,123.77777777777777,0.6666666666666666,0.6,0,0,0,0,0
2026-07-28 17:36:00,ccf-aiops-西安,service-vm-2,service,ens4,service,99.24444444444444,1178.5333333333333,0.711111111111111,0.3777777777777777,0,0,0,0,0
2026-07-28 17:36:00,ccf-aiops-西安,service-vm-2,service,ens5,NULL,0,0,0,0,0,0,0,0,0
2026-07-28 17:36:00,ccf-aiops-西安,service-vm-2,service,ens6,NULL,0,0,0,0,0,0,0,0,0
2026-07-28 17:36:00,ccf-aiops-西安,service-vm-3,service,ens3,NULL,20.577777777777776,0,0.2,0,0,0,0,0,0
2026-07-28 17:36:00,ccf-aiops-西安,service-vm-3,service,ens4,service,103.33333333333333,1171.9777777777776,0.7555555555555554,0.3333333333333333,0,0,0,0,0
2026-07-28 17:36:00,ccf-aiops-西安,service-vm-3,service,ens5,NULL,0,0,0,0,0,0,0,0,0
2026-07-28 17:36:00,ccf-aiops-西安,service-vm-3,service,ens6,NULL,0,0,0,0,0,0,0,0,0
2026-07-28 17:36:00,ccf-aiops-西安,traffic-vm,traffic,ens3,NULL,238.53333333333333,130.35555555555555,2.4888888888888885,0.9777777777777777,0,0,0,0,0
2026-07-28 17:36:00,ccf-aiops-西安,traffic-vm,traffic,ens4,business,1510.6888888888889,14934.71111111111,10.644444444444444,10.8,0,0,0,0,0
2026-07-28 17:36:00,ccf-aiops-西安,traffic-vm,traffic,ens5,NULL,0,0,0,0,0,0,0,0,0
2026-07-28 17:36:00,ccf-aiops-西安,traffic-vm,traffic,ens6,NULL,0,0,0,0,0,0,0,0,0
2026-07-28 17:37:00,ccf-aiops-西安,br-1,br,ens10,NULL,0,0,0,0,0,0,0,0,0
2026-07-28 17:37:00,ccf-aiops-西安,br-1,br,ens11,NULL,0,0,0,0,0,0,0,0,0
2026-07-28 17:37:00,ccf-aiops-西安,br-1,br,ens12,NULL,0,0,0,0,0,0,0,0,0
2026-07-28 17:37:00,ccf-aiops-西安,br-1,br,ens3,NULL,389.8222222222222,240.6222222222222,3.822222222222222,1.8,0,0,0,0,0
2026-07-28 17:37:00,ccf-aiops-西安,br-1,br,ens4,backbone,840.5111111111111,351.2,3.3333333333333335,3.111111111111111,0,0,0,0,0
2026-07-28 17:37:00,ccf-aiops-西安,br-1,br,ens5,backbone,506.22222222222223,2869.4666666666667,4.422222222222222,4.066666666666666,0,0,0,0,0
2026-07-28 17:37:00,ccf-aiops-西安,br-1,br,ens6,NULL,0,0,0,0,0,0,0,0,0
2026-07-28 17:37:00,ccf-aiops-西安,br-1,br,ens7,NULL,0,0,0,0,0,0,0,0,0
2026-07-28 17:37:00,ccf-aiops-西安,br-1,br,ens8,NULL,0,0,0,0,0,0,0,0,0
2026-07-28 17:37:00,ccf-aiops-西安,br-1,br,ens9,NULL,0,0,0,0,0,0,0,0,0
2026-07-28 17:37:00,ccf-aiops-西安,br-2,br,ens10,NULL,0,0,0,0,0,0,0,0,0
2026-07-28 17:37:00,ccf-aiops-西安,br-2,br,ens11,NULL,0,0,0,0,0,0,0,0,0
2026-07-28 17:37:00,ccf-aiops-西安,br-2,br,ens12,NULL,0,0,0,0,0,0,0,0,0
2026-07-28 17:37:00,ccf-aiops-西安,br-2,br,ens3,NULL,46.08888888888888,0,0.6222222222222221,0,0.04444444444444444,0,0,0,0
2026-07-28 17:37:00,ccf-aiops-西安,br-2,br,ens4,backbone,6251.977777777777,521.2444444444444,8.066666666666666,5,0,0,0,0,0
2026-07-28 17:37:00,ccf-aiops-西安,br-2,br,ens5,backbone,665.7111111111111,8421.08888888889,6.2,7.933333333333334,0,0,0,0,0
2026-07-28 17:37:00,ccf-aiops-西安,br-2,br,ens6,NULL,0,0,0,0,0,0,0,0,0
2026-07-28 17:37:00,ccf-aiops-西安,br-2,br,ens7,NULL,0,0,0,0,0,0,0,0,0
2026-07-28 17:37:00,ccf-aiops-西安,br-2,br,ens8,NULL,0,0,0,0,0,0,0,0,0
2026-07-28 17:37:00,ccf-aiops-西安,br-2,br,ens9,NULL,0,0,0,0,0,0,0,0,0
2026-07-28 17:37:00,ccf-aiops-西安,cr-1,cr,ens10,NULL,0,0,0,0,0,0,0,0,0
2026-07-28 17:37:00,ccf-aiops-西安,cr-1,cr,ens11,NULL,0,0,0,0,0,0,0,0,0
2026-07-28 17:37:00,ccf-aiops-西安,cr-1,cr,ens12,NULL,0,0,0,0,0,0,0,0,0
2026-07-28 17:37:00,ccf-aiops-西安,cr-1,cr,ens3,NULL,32.977777777777774,0,0.5333333333333333,0,0,0,0,0,0
2026-07-28 17:37:00,ccf-aiops-西安,cr-1,cr,ens4,backbone,2037.822222222222,169.68888888888887,5.533333333333333,1.6222222222222222,0,0,0,0,0
2026-07-28 17:37:00,ccf-aiops-西安,cr-1,cr,ens5,backbone,649.8222222222222,4430.51111111111,5.688888888888888,9.266666666666667,0,0,0,0,0
2026-07-28 17:37:00,ccf-aiops-西安,cr-1,cr,ens6,NULL,0,0,0,0,0,0,0,0,0
2026-07-28 17:37:00,ccf-aiops-西安,cr-1,cr,ens7,NULL,0,0,0,0,0,0,0,0,0
2026-07-28 17:37:00,ccf-aiops-西安,cr-1,cr,ens8,NULL,0,0,0,0,0,0,0,0,0
2026-07-28 17:37:00,ccf-aiops-西安,cr-1,cr,ens9,NULL,0,0,0,0,0,0,0,0,0
2026-07-28 17:37:00,ccf-aiops-西安,cr-2,cr,ens10,NULL,0,0,0,0,0,0,0,0,0
2026-07-28 17:37:00,ccf-aiops-西安,cr-2,cr,ens11,NULL,0,0,0,0,0,0,0,0,0
2026-07-28 17:37:00,ccf-aiops-西安,cr-2,cr,ens12,NULL,0,0,0,0,0,0,0,0,0
2026-07-28 17:37:00,ccf-aiops-西安,cr-2,cr,ens3,NULL,31.42222222222222,0,0.5111111111111111,0,0,0,0,0,0
2026-07-28 17:37:00,ccf-aiops-西安,cr-2,cr,ens4,backbone,9780.71111111111,1091.8666666666666,8.933333333333334,9.755555555555555,0,0,0,0,0
2026-07-28 17:37:00,ccf-aiops-西安,cr-2,cr,ens5,backbone,1218.5333333333333,12216.133333333333,10.844444444444443,9.2,0,0,0,0,0
2026-07-28 17:37:00,ccf-aiops-西安,cr-2,cr,ens6,NULL,0,0,0,0,0,0,0,0,0
2026-07-28 17:37:00,ccf-aiops-西安,cr-2,cr,ens7,NULL,0,0,0,0,0,0,0,0,0
2026-07-28 17:37:00,ccf-aiops-西安,cr-2,cr,ens8,NULL,0,0,0,0,0,0,0,0,0
2026-07-28 17:37:00,ccf-aiops-西安,cr-2,cr,ens9,NULL,0,0,0,0,0,0,0,0,0
2026-07-28 17:37:00,ccf-aiops-西安,fw,firewall,ens3,NULL,184.97777777777776,130.44444444444443,1.7333333333333334,0.9777777777777777,0,0,0,0,0
2026-07-28 17:37:00,ccf-aiops-西安,fw,firewall,ens4,backbone,15160.133333333333,1334.0222222222221,14.933333333333334,11.888888888888888,0,0,0,0,0
2026-07-28 17:37:00,ccf-aiops-西安,fw,firewall,ens5,business,1422.0444444444443,16236.266666666666,12.6,14.244444444444444,0,0,0,0,0
2026-07-28 17:37:00,ccf-aiops-西安,fw,firewall,ens6,NULL,0,0,0,0,0,0,0,0,0
2026-07-28 17:37:00,ccf-aiops-西安,monitor-vm,collector,ens3,NULL,217.73333333333332,125.15555555555555,2.2888888888888888,0.9111111111111111,0,0,0,0,0
2026-07-28 17:37:00,ccf-aiops-西安,monitor-vm,collector,ens4,mgmt,28285.377777777776,1030.111111111111,10.733333333333333,9.088888888888887,0,0,0,0,0
2026-07-28 17:37:00,ccf-aiops-西安,monitor-vm,collector,ens5,NULL,0,0,0,0,0,0,0,0,0
2026-07-28 17:37:00,ccf-aiops-西安,monitor-vm,collector,ens6,NULL,0,0,0,0,0,0,0,0,0
2026-07-28 17:37:00,ccf-aiops-西安,probe-vm,probe,ens3,NULL,41.37777777777777,0,0.6666666666666666,0,0,0,0,0,0
2026-07-28 17:37:00,ccf-aiops-西安,probe-vm,probe,ens4,business,108.97777777777777,1174.1111111111109,0.8222222222222222,0.3777777777777777,0,0,0,0,0
2026-07-28 17:37:00,ccf-aiops-西安,probe-vm,probe,ens5,NULL,0,0,0,0,0,0,0,0,0
2026-07-28 17:37:00,ccf-aiops-西安,probe-vm,probe,ens6,NULL,0,0,0,0,0,0,0,0,0
2026-07-28 17:37:00,ccf-aiops-西安,service-vm-1,service,ens3,NULL,350.71111111111105,170.93333333333334,4.044444444444444,1.6888888888888889,0,0,0,0,0
2026-07-28 17:37:00,ccf-aiops-西安,service-vm-1,service,ens4,service,6346.6,1484.9777777777776,5.488888888888889,3.444444444444444,0,0,0,0,0
2026-07-28 17:37:00,ccf-aiops-西安,service-vm-1,service,ens5,NULL,0,0,0,0,0,0,0,0,0
2026-07-28 17:37:00,ccf-aiops-西安,service-vm-1,service,ens6,NULL,0,0,0,0,0,0,0,0,0
2026-07-28 17:37:00,ccf-aiops-西安,service-vm-2,service,ens3,NULL,9.377777777777776,0,0.13333333333333333,0,0,0,0,0,0
2026-07-28 17:37:00,ccf-aiops-西安,service-vm-2,service,ens4,service,78.93333333333334,1176.311111111111,0.6,0.3333333333333333,0,0,0,0,0
2026-07-28 17:37:00,ccf-aiops-西安,service-vm-2,service,ens5,NULL,0,0,0,0,0,0,0,0,0
2026-07-28 17:37:00,ccf-aiops-西安,service-vm-2,service,ens6,NULL,0,0,0,0,0,0,0,0,0
2026-07-28 17:37:00,ccf-aiops-西安,service-vm-3,service,ens3,NULL,60.48888888888889,62.35555555555555,0.3777777777777777,0.31111111111111106,0,0,0,0,0
2026-07-28 17:37:00,ccf-aiops-西安,service-vm-3,service,ens4,service,97.77777777777777,1177.7777777777776,0.7555555555555554,0.4,0,0,0,0,0
2026-07-28 17:37:00,ccf-aiops-西安,service-vm-3,service,ens5,NULL,0,0,0,0,0,0,0,0,0
2026-07-28 17:37:00,ccf-aiops-西安,service-vm-3,service,ens6,NULL,0,0,0,0,0,0,0,0,0
2026-07-28 17:37:00,ccf-aiops-西安,traffic-vm,traffic,ens3,NULL,212.8,128.88888888888889,2.2,0.9555555555555555,0,0,0,0,0
2026-07-28 17:37:00,ccf-aiops-西安,traffic-vm,traffic,ens4,business,1101.6888888888889,14674.555555555555,8.2,8.222222222222221,0,0,0,0,0
2026-07-28 17:37:00,ccf-aiops-西安,traffic-vm,traffic,ens5,NULL,0,0,0,0,0,0,0,0,0
2026-07-28 17:37:00,ccf-aiops-西安,traffic-vm,traffic,ens6,NULL,0,0,0,0,0,0,0,0,0
2026-07-28 17:38:00,ccf-aiops-西安,br-1,br,ens10,NULL,0,0,0,0,0,0,0,0,0
2026-07-28 17:38:00,ccf-aiops-西安,br-1,br,ens11,NULL,0,0,0,0,0,0,0,0,0
2026-07-28 17:38:00,ccf-aiops-西安,br-1,br,ens12,NULL,0,0,0,0,0,0,0,0,0
2026-07-28 17:38:00,ccf-aiops-西安,br-1,br,ens3,NULL,316.88888888888886,136.93333333333334,3.7777777777777777,1.3555555555555554,0,0,0,0,0
2026-07-28 17:38:00,ccf-aiops-西安,br-1,br,ens4,backbone,1438.2444444444443,1039.5777777777778,9.888888888888888,9.11111111111111,0,0,0,0,0
2026-07-28 17:38:00,ccf-aiops-西安,br-1,br,ens5,backbone,1193.8444444444442,3219.3777777777777,10.377777777777776,10.133333333333333,0,0,0,0,0
2026-07-28 17:38:00,ccf-aiops-西安,br-1,br,ens6,NULL,0,0,0,0,0,0,0,0,0
2026-07-28 17:38:00,ccf-aiops-西安,br-1,br,ens7,NULL,0,0,0,0,0,0,0,0,0
2026-07-28 17:38:00,ccf-aiops-西安,br-1,br,ens8,NULL,0,0,0,0,0,0,0,0,0
2026-07-28 17:38:00,ccf-aiops-西安,br-1,br,ens9,NULL,0,0,0,0,0,0,0,0,0
2026-07-28 17:38:00,ccf-aiops-西安,br-2,br,ens10,NULL,0,0,0,0,0,0,0,0,0
2026-07-28 17:38:00,ccf-aiops-西安,br-2,br,ens11,NULL,0,0,0,0,0,0,0,0,0
2026-07-28 17:38:00,ccf-aiops-西安,br-2,br,ens12,NULL,0,0,0,0,0,0,0,0,0
2026-07-28 17:38:00,ccf-aiops-西安,br-2,br,ens3,NULL,67.46666666666667,0,0.9333333333333333,0,0.04444444444444444,0,0,0,0
2026-07-28 17:38:00,ccf-aiops-西安,br-2,br,ens4,backbone,1449.3333333333333,1096.6888888888889,10,9.755555555555555,0,0,0,0,0
2026-07-28 17:38:00,ccf-aiops-西安,br-2,br,ens5,backbone,1236.0444444444443,3285.9333333333334,10.866666666666667,10.088888888888887,0,0,0,0,0
2026-07-28 17:38:00,ccf-aiops-西安,br-2,br,ens6,NULL,0,0,0,0,0,0,0,0,0
2026-07-28 17:38:00,ccf-aiops-西安,br-2,br,ens7,NULL,0,0,0,0,0,0,0,0,0
2026-07-28 17:38:00,ccf-aiops-西安,br-2,br,ens8,NULL,0,0,0,0,0,0,0,0,0
2026-07-28 17:38:00,ccf-aiops-西安,br-2,br,ens9,NULL,0,0,0,0,0,0,0,0,0
2026-07-28 17:38:00,ccf-aiops-西安,cr-1,cr,ens10,NULL,0,0,0,0,0,0,0,0,0
2026-07-28 17:38:00,ccf-aiops-西安,cr-1,cr,ens11,NULL,0,0,0,0,0,0,0,0,0
2026-07-28 17:38:00,ccf-aiops-西安,cr-1,cr,ens12,NULL,0,0,0,0,0,0,0,0,0
2026-07-28 17:38:00,ccf-aiops-西安,cr-1,cr,ens3,NULL,59.46666666666667,0,0.9333333333333333,0,0,0,0,0,0
2026-07-28 17:38:00,ccf-aiops-西安,cr-1,cr,ens4,backbone,2169.222222222222,147.4222222222222,10.533333333333333,1.3333333333333333,0,0,0,0,0
2026-07-28 17:38:00,ccf-aiops-西安,cr-1,cr,ens5,backbone,1283.1333333333334,4961.222222222222,11.11111111111111,19.933333333333334,0,0,0,0,0
2026-07-28 17:38:00,ccf-aiops-西安,cr-1,cr,ens6,NULL,0,0,0,0,0,0,0,0,0
2026-07-28 17:38:00,ccf-aiops-西安,cr-1,cr,ens7,NULL,0,0,0,0,0,0,0,0,0
2026-07-28 17:38:00,ccf-aiops-西安,cr-1,cr,ens8,NULL,0,0,0,0,0,0,0,0,0
2026-07-28 17:38:00,ccf-aiops-西安,cr-1,cr,ens9,NULL,0,0,0,0,0,0,0,0,0
2026-07-28 17:38:00,ccf-aiops-西安,cr-2,cr,ens10,NULL,0,0,0,0,0,0,0,0,0
2026-07-28 17:38:00,ccf-aiops-西安,cr-2,cr,ens11,NULL,0,0,0,0,0,0,0,0,0
2026-07-28 17:38:00,ccf-aiops-西安,cr-2,cr,ens12,NULL,0,0,0,0,0,0,0,0,0
2026-07-28 17:38:00,ccf-aiops-西安,cr-2,cr,ens3,NULL,59.46666666666667,0,0.9333333333333333,0,0,0,0,0,0
2026-07-28 17:38:00,ccf-aiops-西安,cr-2,cr,ens4,backbone,4322.133333333333,2112.511111111111,9.577777777777778,18.42222222222222,0,0,0,0,0
2026-07-28 17:38:00,ccf-aiops-西安,cr-2,cr,ens5,backbone,2233.9777777777776,6359.11111111111,19.444444444444443,10.533333333333333,0,0,0,0,0
2026-07-28 17:38:00,ccf-aiops-西安,cr-2,cr,ens6,NULL,0,0,0,0,0,0,0,0,0
2026-07-28 17:38:00,ccf-aiops-西安,cr-2,cr,ens7,NULL,0,0,0,0,0,0,0,0,0
2026-07-28 17:38:00,ccf-aiops-西安,cr-2,cr,ens8,NULL,0,0,0,0,0,0,0,0,0
2026-07-28 17:38:00,ccf-aiops-西安,cr-2,cr,ens9,NULL,0,0,0,0,0,0,0,0,0
2026-07-28 17:38:00,ccf-aiops-西安,fw,firewall,ens3,NULL,197.11111111111111,128.08888888888887,1.911111111111111,0.9555555555555555,0,0,0,0,0
2026-07-28 17:38:00,ccf-aiops-西安,fw,firewall,ens4,backbone,10237.91111111111,2620.3555555555554,23.466666666666665,22.777777777777775,0,0,0,0,0
2026-07-28 17:38:00,ccf-aiops-西安,fw,firewall,ens5,business,2697.3555555555554,11386.02222222222,23.42222222222222,23.6,0,0,0,0,0
2026-07-28 17:38:00,ccf-aiops-西安,fw,firewall,ens6,NULL,0,0,0,0,0,0,0,0,0
2026-07-28 17:38:00,ccf-aiops-西安,monitor-vm,collector,ens3,NULL,250.04444444444442,130.35555555555555,2.755555555555555,0.9777777777777777,0,0,0,0,0
2026-07-28 17:38:00,ccf-aiops-西安,monitor-vm,collector,ens4,mgmt,27723.44444444444,1010.1555555555555,10.42222222222222,8.844444444444443,0,0,0,0,0
2026-07-28 17:38:00,ccf-aiops-西安,monitor-vm,collector,ens5,NULL,0,0,0,0,0,0,0,0,0
2026-07-28 17:38:00,ccf-aiops-西安,monitor-vm,collector,ens6,NULL,0,0,0,0,0,0,0,0,0
2026-07-28 17:38:00,ccf-aiops-西安,probe-vm,probe,ens3,NULL,118.62222222222222,62.35555555555555,1.2888888888888888,0.31111111111111106,0,0,0,0,0
2026-07-28 17:38:00,ccf-aiops-西安,probe-vm,probe,ens4,business,119.57777777777777,1177.9333333333334,1,0.3777777777777777,0,0,0,0,0
2026-07-28 17:38:00,ccf-aiops-西安,probe-vm,probe,ens5,NULL,0,0,0,0,0,0,0,0,0
2026-07-28 17:38:00,ccf-aiops-西安,probe-vm,probe,ens6,NULL,0,0,0,0,0,0,0,0,0
2026-07-28 17:38:00,ccf-aiops-西安,service-vm-1,service,ens3,NULL,430.8444444444444,232.35555555555553,4.71111111111111,1.9777777777777776,0,0,0,0,0
2026-07-28 17:38:00,ccf-aiops-西安,service-vm-1,service,ens4,service,104.55555555555556,1193.7333333333333,0.8888888888888888,0.4444444444444444,0,0,0,0,0
2026-07-28 17:38:00,ccf-aiops-西安,service-vm-1,service,ens5,NULL,0,0,0,0,0,0,0,0,0
2026-07-28 17:38:00,ccf-aiops-西安,service-vm-1,service,ens6,NULL,0,0,0,0,0,0,0,0,0
2026-07-28 17:38:00,ccf-aiops-西安,service-vm-2,service,ens3,NULL,76.97777777777777,62.35555555555555,0.6,0.31111111111111106,0,0,0,0,0
2026-07-28 17:38:00,ccf-aiops-西安,service-vm-2,service,ens4,service,72.08888888888889,1170.4888888888888,0.5777777777777777,0.26666666666666666,0,0,0,0,0
2026-07-28 17:38:00,ccf-aiops-西安,service-vm-2,service,ens5,NULL,0,0,0,0,0,0,0,0,0
2026-07-28 17:38:00,ccf-aiops-西安,service-vm-2,service,ens6,NULL,0,0,0,0,0,0,0,0,0
2026-07-28 17:38:00,ccf-aiops-西安,service-vm-3,service,ens3,NULL,69.33333333333333,60.888888888888886,0.4888888888888889,0.28888888888888886,0,0,0,0,0
2026-07-28 17:38:00,ccf-aiops-西安,service-vm-3,service,ens4,service,95.8,1167.6,0.7777777777777778,0.28888888888888886,0,0,0,0,0
2026-07-28 17:38:00,ccf-aiops-西安,service-vm-3,service,ens5,NULL,0,0,0,0,0,0,0,0,0
2026-07-28 17:38:00,ccf-aiops-西安,service-vm-3,service,ens6,NULL,0,0,0,0,0,0,0,0,0
2026-07-28 17:38:00,ccf-aiops-西安,traffic-vm,traffic,ens3,NULL,239.28888888888886,130.35555555555555,2.6,0.9777777777777777,0,0,0,0,0
2026-07-28 17:38:00,ccf-aiops-西安,traffic-vm,traffic,ens4,business,2676.755555555555,15832.977777777776,18.4,18.51111111111111,0,0,0,0,0
2026-07-28 17:38:00,ccf-aiops-西安,traffic-vm,traffic,ens5,NULL,0,0,0,0,0,0,0,0,0
2026-07-28 17:38:00,ccf-aiops-西安,traffic-vm,traffic,ens6,NULL,0,0,0,0,0,0,0,0,0
2026-07-28 17:39:00,ccf-aiops-西安,br-1,br,ens10,NULL,0,0,0,0,0,0,0,0,0
2026-07-28 17:39:00,ccf-aiops-西安,br-1,br,ens11,NULL,0,0,0,0,0,0,0,0,0
2026-07-28 17:39:00,ccf-aiops-西安,br-1,br,ens12,NULL,0,0,0,0,0,0,0,0,0
2026-07-28 17:39:00,ccf-aiops-西安,br-1,br,ens3,NULL,322.6,134.66666666666666,3.8,1.3333333333333333,0,0,0,0,0
2026-07-28 17:39:00,ccf-aiops-西安,br-1,br,ens4,backbone,356.75555555555553,262.3777777777778,3.311111111111111,2.2666666666666666,0,0,0,0,0
2026-07-28 17:39:00,ccf-aiops-西安,br-1,br,ens5,backbone,408.6,2722.288888888889,3.466666666666667,3.0888888888888886,0,0,0,0,0
2026-07-28 17:39:00,ccf-aiops-西安,br-1,br,ens6,NULL,0,0,0,0,0,0,0,0,0
2026-07-28 17:39:00,ccf-aiops-西安,br-1,br,ens7,NULL,0,0,0,0,0,0,0,0,0
2026-07-28 17:39:00,ccf-aiops-西安,br-1,br,ens8,NULL,0,0,0,0,0,0,0,0,0
2026-07-28 17:39:00,ccf-aiops-西安,br-1,br,ens9,NULL,0,0,0,0,0,0,0,0,0
2026-07-28 17:39:00,ccf-aiops-西安,br-2,br,ens10,NULL,0,0,0,0,0,0,0,0,0
2026-07-28 17:39:00,ccf-aiops-西安,br-2,br,ens11,NULL,0,0,0,0,0,0,0,0,0
2026-07-28 17:39:00,ccf-aiops-西安,br-2,br,ens12,NULL,0,0,0,0,0,0,0,0,0
2026-07-28 17:39:00,ccf-aiops-西安,br-2,br,ens3,NULL,195.06666666666666,114.22222222222221,1.6888888888888889,0.5555555555555555,0.04444444444444444,0,0,0,0
2026-07-28 17:39:00,ccf-aiops-西安,br-2,br,ens4,backbone,499.1555555555555,277.22222222222223,4.2444444444444445,2.422222222222222,0,0,0,0,0
2026-07-28 17:39:00,ccf-aiops-西安,br-2,br,ens5,backbone,413.3333333333333,3206.266666666667,3.533333333333333,4.488888888888889,0,0,0,0,0
2026-07-28 17:39:00,ccf-aiops-西安,br-2,br,ens6,NULL,0,0,0,0,0,0,0,0,0
2026-07-28 17:39:00,ccf-aiops-西安,br-2,br,ens7,NULL,0,0,0,0,0,0,0,0,0
2026-07-28 17:39:00,ccf-aiops-西安,br-2,br,ens8,NULL,0,0,0,0,0,0,0,0,0
2026-07-28 17:39:00,ccf-aiops-西安,br-2,br,ens9,NULL,0,0,0,0,0,0,0,0,0
2026-07-28 17:39:00,ccf-aiops-西安,cr-1,cr,ens10,NULL,0,0,0,0,0,0,0,0,0
2026-07-28 17:39:00,ccf-aiops-西安,cr-1,cr,ens11,NULL,0,0,0,0,0,0,0,0,0
2026-07-28 17:39:00,ccf-aiops-西安,cr-1,cr,ens12,NULL,0,0,0,0,0,0,0,0,0
2026-07-28 17:39:00,ccf-aiops-西安,cr-1,cr,ens3,NULL,187.06666666666666,114.22222222222221,1.6888888888888889,0.5555555555555555,0,0,0,0,0
2026-07-28 17:39:00,ccf-aiops-西安,cr-1,cr,ens4,backbone,2725.6,103.42222222222222,4.688888888888888,0.9555555555555555,0,0,0,0,0
2026-07-28 17:39:00,ccf-aiops-西安,cr-1,cr,ens5,backbone,499.0222222222222,5421.044444444444,4.266666666666667,8.088888888888889,0,0,0,0,0
2026-07-28 17:39:00,ccf-aiops-西安,cr-1,cr,ens6,NULL,0,0,0,0,0,0,0,0,0
2026-07-28 17:39:00,ccf-aiops-西安,cr-1,cr,ens7,NULL,0,0,0,0,0,0,0,0,0
2026-07-28 17:39:00,ccf-aiops-西安,cr-1,cr,ens8,NULL,0,0,0,0,0,0,0,0,0
2026-07-28 17:39:00,ccf-aiops-西安,cr-1,cr,ens9,NULL,0,0,0,0,0,0,0,0,0
2026-07-28 17:39:00,ccf-aiops-西安,cr-2,cr,ens10,NULL,0,0,0,0,0,0,0,0,0
2026-07-28 17:39:00,ccf-aiops-西安,cr-2,cr,ens11,NULL,0,0,0,0,0,0,0,0,0
2026-07-28 17:39:00,ccf-aiops-西安,cr-2,cr,ens12,NULL,0,0,0,0,0,0,0,0,0
2026-07-28 17:39:00,ccf-aiops-西安,cr-2,cr,ens3,NULL,184.4,114.22222222222221,1.6444444444444444,0.5555555555555555,0,0,0,0,0
2026-07-28 17:39:00,ccf-aiops-西安,cr-2,cr,ens4,backbone,3538.266666666667,756.4444444444445,4.555555555555555,6.4,0,0,0,0,0
2026-07-28 17:39:00,ccf-aiops-西安,cr-2,cr,ens5,backbone,879.2888888888888,6750.977777777777,7.444444444444444,6.4,0,0,0,0,0
2026-07-28 17:39:00,ccf-aiops-西安,cr-2,cr,ens6,NULL,0,0,0,0,0,0,0,0,0
2026-07-28 17:39:00,ccf-aiops-西安,cr-2,cr,ens7,NULL,0,0,0,0,0,0,0,0,0
2026-07-28 17:39:00,ccf-aiops-西安,cr-2,cr,ens8,NULL,0,0,0,0,0,0,0,0,0
2026-07-28 17:39:00,ccf-aiops-西安,cr-2,cr,ens9,NULL,0,0,0,0,0,0,0,0,0
2026-07-28 17:39:00,ccf-aiops-西安,fw,firewall,ens3,NULL,160.75555555555553,68.93333333333334,1.7777777777777777,0.6888888888888888,0,0,0,0,0
2026-07-28 17:39:00,ccf-aiops-西安,fw,firewall,ens4,backbone,10789.4,1007.311111111111,11.355555555555554,8.511111111111111,0,0,0,0,0
2026-07-28 17:39:00,ccf-aiops-西安,fw,firewall,ens5,business,1082.5777777777778,11939.266666666666,9.133333333333333,11.511111111111111,0,0,0,0,0
2026-07-28 17:39:00,ccf-aiops-西安,fw,firewall,ens6,NULL,0,0,0,0,0,0,0,0,0
2026-07-28 17:39:00,ccf-aiops-西安,monitor-vm,collector,ens3,NULL,255.6222222222222,130.35555555555555,2.755555555555555,0.9777777777777777,0,0,0,0,0
2026-07-28 17:39:00,ccf-aiops-西安,monitor-vm,collector,ens4,mgmt,30208.533333333333,975.2222222222222,12.577777777777778,8.444444444444445,0,0,0,0,0
2026-07-28 17:39:00,ccf-aiops-西安,monitor-vm,collector,ens5,NULL,0,0,0,0,0,0,0,0,0
2026-07-28 17:39:00,ccf-aiops-西安,monitor-vm,collector,ens6,NULL,0,0,0,0,0,0,0,0,0
2026-07-28 17:39:00,ccf-aiops-西安,probe-vm,probe,ens3,NULL,134.22222222222223,62.35555555555555,1.422222222222222,0.31111111111111106,0,0,0,0,0
2026-07-28 17:39:00,ccf-aiops-西安,probe-vm,probe,ens4,business,120.44444444444443,1166.3777777777775,0.8888888888888888,0.26666666666666666,0,0,0,0,0
2026-07-28 17:39:00,ccf-aiops-西安,probe-vm,probe,ens5,NULL,0,0,0,0,0,0,0,0,0
2026-07-28 17:39:00,ccf-aiops-西安,probe-vm,probe,ens6,NULL,0,0,0,0,0,0,0,0,0
2026-07-28 17:39:00,ccf-aiops-西安,service-vm-1,service,ens3,NULL,443.2444444444444,232.35555555555553,4.8,1.9777777777777776,0,0,0,0,0
2026-07-28 17:39:00,ccf-aiops-西安,service-vm-1,service,ens4,service,102.13333333333334,1190.5777777777776,0.8666666666666667,0.4,0,0,0,0,0
2026-07-28 17:39:00,ccf-aiops-西安,service-vm-1,service,ens5,NULL,0,0,0,0,0,0,0,0,0
2026-07-28 17:39:00,ccf-aiops-西安,service-vm-1,service,ens6,NULL,0,0,0,0,0,0,0,0,0
2026-07-28 17:39:00,ccf-aiops-西安,service-vm-2,service,ens3,NULL,40.044444444444444,0,0.4666666666666667,0,0,0,0,0,0
2026-07-28 17:39:00,ccf-aiops-西安,service-vm-2,service,ens4,service,72.35555555555555,1168.511111111111,0.5777777777777777,0.26666666666666666,0,0,0,0,0
2026-07-28 17:39:00,ccf-aiops-西安,service-vm-2,service,ens5,NULL,0,0,0,0,0,0,0,0,0
2026-07-28 17:39:00,ccf-aiops-西安,service-vm-2,service,ens6,NULL,0,0,0,0,0,0,0,0,0
2026-07-28 17:39:00,ccf-aiops-西安,service-vm-3,service,ens3,NULL,40.044444444444444,0,0.4666666666666667,0,0,0,0,0,0
2026-07-28 17:39:00,ccf-aiops-西安,service-vm-3,service,ens4,service,101.6,1166.4666666666667,0.7333333333333333,0.26666666666666666,0,0,0,0,0
2026-07-28 17:39:00,ccf-aiops-西安,service-vm-3,service,ens5,NULL,0,0,0,0,0,0,0,0,0
2026-07-28 17:39:00,ccf-aiops-西安,service-vm-3,service,ens6,NULL,0,0,0,0,0,0,0,0,0
2026-07-28 17:39:00,ccf-aiops-西安,traffic-vm,traffic,ens3,NULL,208.04444444444445,68.93333333333334,2.5555555555555554,0.6888888888888888,0,0,0,0,0
2026-07-28 17:39:00,ccf-aiops-西安,traffic-vm,traffic,ens4,business,869.3777777777779,14556.688888888888,6.777777777777777,7.2,0,0,0,0,0
2026-07-28 17:39:00,ccf-aiops-西安,traffic-vm,traffic,ens5,NULL,0,0,0,0,0,0,0,0,0
2026-07-28 17:39:00,ccf-aiops-西安,traffic-vm,traffic,ens6,NULL,0,0,0,0,0,0,0,0,0
2026-07-28 17:40:00,ccf-aiops-西安,br-1,br,ens10,NULL,0,0,0,0,0,0,0,0,0
2026-07-28 17:40:00,ccf-aiops-西安,br-1,br,ens11,NULL,0,0,0,0,0,0,0,0,0
2026-07-28 17:40:00,ccf-aiops-西安,br-1,br,ens12,NULL,0,0,0,0,0,0,0,0,0
2026-07-28 17:40:00,ccf-aiops-西安,br-1,br,ens3,NULL,391.9555555555555,247.0222222222222,3.8666666666666667,1.8444444444444443,0,0,0,0,0
2026-07-28 17:40:00,ccf-aiops-西安,br-1,br,ens4,backbone,284.35555555555555,165.5111111111111,2.533333333333333,1.5111111111111108,0,0,0,0,0
2026-07-28 17:40:00,ccf-aiops-西安,br-1,br,ens5,backbone,321.7777777777777,2013.4222222222222,2.8666666666666667,2.4888888888888885,0,0,0,0,0
2026-07-28 17:40:00,ccf-aiops-西安,br-1,br,ens6,NULL,0,0,0,0,0,0,0,0,0
2026-07-28 17:40:00,ccf-aiops-西安,br-1,br,ens7,NULL,0,0,0,0,0,0,0,0,0
2026-07-28 17:40:00,ccf-aiops-西安,br-1,br,ens8,NULL,0,0,0,0,0,0,0,0,0
2026-07-28 17:40:00,ccf-aiops-西安,br-1,br,ens9,NULL,0,0,0,0,0,0,0,0,0
2026-07-28 17:40:00,ccf-aiops-西安,br-2,br,ens10,NULL,0,0,0,0,0,0,0,0,0
2026-07-28 17:40:00,ccf-aiops-西安,br-2,br,ens11,NULL,0,0,0,0,0,0,0,0,0
2026-07-28 17:40:00,ccf-aiops-西安,br-2,br,ens12,NULL,0,0,0,0,0,0,0,0,0
2026-07-28 17:40:00,ccf-aiops-西安,br-2,br,ens3,NULL,56.71111111111111,0,0.7777777777777778,0,0.04444444444444444,0,0,0,0
2026-07-28 17:40:00,ccf-aiops-西安,br-2,br,ens4,backbone,310.26666666666665,141.46666666666667,2.444444444444444,1.3555555555555554,0,0,0,0,0
2026-07-28 17:40:00,ccf-aiops-西安,br-2,br,ens5,backbone,280.37777777777774,2089.688888888889,2.4888888888888885,2.3333333333333335,0,0,0,0,0
2026-07-28 17:40:00,ccf-aiops-西安,br-2,br,ens6,NULL,0,0,0,0,0,0,0,0,0
2026-07-28 17:40:00,ccf-aiops-西安,br-2,br,ens7,NULL,0,0,0,0,0,0,0,0,0
2026-07-28 17:40:00,ccf-aiops-西安,br-2,br,ens8,NULL,0,0,0,0,0,0,0,0,0
2026-07-28 17:40:00,ccf-aiops-西安,br-2,br,ens9,NULL,0,0,0,0,0,0,0,0,0
2026-07-28 17:40:00,ccf-aiops-西安,cr-1,cr,ens10,NULL,0,0,0,0,0,0,0,0,0
2026-07-28 17:40:00,ccf-aiops-西安,cr-1,cr,ens11,NULL,0,0,0,0,0,0,0,0,0
2026-07-28 17:40:00,ccf-aiops-西安,cr-1,cr,ens12,NULL,0,0,0,0,0,0,0,0,0
2026-07-28 17:40:00,ccf-aiops-西安,cr-1,cr,ens3,NULL,42.044444444444444,0,0.6666666666666666,0,0,0,0,0,0
2026-07-28 17:40:00,ccf-aiops-西安,cr-1,cr,ens4,backbone,830.6888888888888,145.4222222222222,2.355555555555555,1.311111111111111,0,0,0,0,0
2026-07-28 17:40:00,ccf-aiops-西安,cr-1,cr,ens5,backbone,371.6444444444444,2599.022222222222,3.2666666666666666,3.822222222222222,0,0,0,0,0
2026-07-28 17:40:00,ccf-aiops-西安,cr-1,cr,ens6,NULL,0,0,0,0,0,0,0,0,0
2026-07-28 17:40:00,ccf-aiops-西安,cr-1,cr,ens7,NULL,0,0,0,0,0,0,0,0,0
2026-07-28 17:40:00,ccf-aiops-西安,cr-1,cr,ens8,NULL,0,0,0,0,0,0,0,0,0
2026-07-28 17:40:00,ccf-aiops-西安,cr-1,cr,ens9,NULL,0,0,0,0,0,0,0,0,0
2026-07-28 17:40:00,ccf-aiops-西安,cr-2,cr,ens10,NULL,0,0,0,0,0,0,0,0,0
2026-07-28 17:40:00,ccf-aiops-西安,cr-2,cr,ens11,NULL,0,0,0,0,0,0,0,0,0
2026-07-28 17:40:00,ccf-aiops-西安,cr-2,cr,ens12,NULL,0,0,0,0,0,0,0,0,0
2026-07-28 17:40:00,ccf-aiops-西安,cr-2,cr,ens3,NULL,44.71111111111111,0,0.711111111111111,0,0,0,0,0,0
2026-07-28 17:40:00,ccf-aiops-西安,cr-2,cr,ens4,backbone,3344.866666666667,391.55555555555554,3.0444444444444443,3.4888888888888885,0,0,0,0,0
2026-07-28 17:40:00,ccf-aiops-西安,cr-2,cr,ens5,backbone,516.4888888888888,5289.177777777777,4.555555555555555,3.933333333333333,0,0,0,0,0
2026-07-28 17:40:00,ccf-aiops-西安,cr-2,cr,ens6,NULL,0,0,0,0,0,0,0,0,0
2026-07-28 17:40:00,ccf-aiops-西安,cr-2,cr,ens7,NULL,0,0,0,0,0,0,0,0,0
2026-07-28 17:40:00,ccf-aiops-西安,cr-2,cr,ens8,NULL,0,0,0,0,0,0,0,0,0
2026-07-28 17:40:00,ccf-aiops-西安,cr-2,cr,ens9,NULL,0,0,0,0,0,0,0,0,0
2026-07-28 17:40:00,ccf-aiops-西安,fw,firewall,ens3,NULL,129.42222222222222,68.93333333333334,1.422222222222222,0.6888888888888888,0,0,0,0,0
2026-07-28 17:40:00,ccf-aiops-西安,fw,firewall,ens4,backbone,7722.888888888889,798.4444444444445,7.644444444444444,6.955555555555555,0,0,0,0,0
2026-07-28 17:40:00,ccf-aiops-西安,fw,firewall,ens5,business,877.5333333333333,8867.333333333334,7.622222222222222,7.733333333333333,0,0,0,0,0
2026-07-28 17:40:00,ccf-aiops-西安,fw,firewall,ens6,NULL,0,0,0,0,0,0,0,0,0
2026-07-28 17:40:00,ccf-aiops-西安,monitor-vm,collector,ens3,NULL,169.73333333333332,68.93333333333334,2.088888888888889,0.6888888888888888,0,0,0,0,0
2026-07-28 17:40:00,ccf-aiops-西安,monitor-vm,collector,ens4,mgmt,27749.866666666665,985.8888888888888,10.955555555555554,8.577777777777778,0,0,0,0,0
2026-07-28 17:40:00,ccf-aiops-西安,monitor-vm,collector,ens5,NULL,0,0,0,0,0,0,0,0,0
2026-07-28 17:40:00,ccf-aiops-西安,monitor-vm,collector,ens6,NULL,0,0,0,0,0,0,0,0,0
2026-07-28 17:40:00,ccf-aiops-西安,probe-vm,probe,ens3,NULL,100.22222222222221,61.42222222222222,1.0222222222222221,0.28888888888888886,0,0,0,0,0
2026-07-28 17:40:00,ccf-aiops-西安,probe-vm,probe,ens4,business,108.7111111111111,1165.6444444444444,0.7555555555555554,0.26666666666666666,0,0,0,0,0
2026-07-28 17:40:00,ccf-aiops-西安,probe-vm,probe,ens5,NULL,0,0,0,0,0,0,0,0,0
2026-07-28 17:40:00,ccf-aiops-西安,probe-vm,probe,ens6,NULL,0,0,0,0,0,0,0,0,0
2026-07-28 17:40:00,ccf-aiops-西安,service-vm-1,service,ens3,NULL,350.97777777777776,168.66666666666666,4.066666666666666,1.6666666666666667,0,0,0,0,0
2026-07-28 17:40:00,ccf-aiops-西安,service-vm-1,service,ens4,service,98.04444444444444,1190.622222222222,0.8222222222222222,0.4,0,0,0,0,0
2026-07-28 17:40:00,ccf-aiops-西安,service-vm-1,service,ens5,NULL,0,0,0,0,0,0,0,0,0
2026-07-28 17:40:00,ccf-aiops-西安,service-vm-1,service,ens6,NULL,0,0,0,0,0,0,0,0,0
2026-07-28 17:40:00,ccf-aiops-西安,service-vm-2,service,ens3,NULL,61.55555555555555,62.35555555555555,0.3777777777777777,0.31111111111111106,0,0,0,0,0
2026-07-28 17:40:00,ccf-aiops-西安,service-vm-2,service,ens4,service,67.73333333333333,1168.1777777777777,0.5333333333333333,0.26666666666666666,0,0,0,0,0
2026-07-28 17:40:00,ccf-aiops-西安,service-vm-2,service,ens5,NULL,0,0,0,0,0,0,0,0,0
2026-07-28 17:40:00,ccf-aiops-西安,service-vm-2,service,ens6,NULL,0,0,0,0,0,0,0,0,0
2026-07-28 17:40:00,ccf-aiops-西安,service-vm-3,service,ens3,NULL,8.488888888888889,0,0.1111111111111111,0,0,0,0,0,0
2026-07-28 17:40:00,ccf-aiops-西安,service-vm-3,service,ens4,service,89.86666666666666,1167.2666666666667,0.6,0.26666666666666666,0,0,0,0,0
2026-07-28 17:40:00,ccf-aiops-西安,service-vm-3,service,ens5,NULL,0,0,0,0,0,0,0,0,0
2026-07-28 17:40:00,ccf-aiops-西安,service-vm-3,service,ens6,NULL,0,0,0,0,0,0,0,0,0
2026-07-28 17:40:00,ccf-aiops-西安,traffic-vm,traffic,ens3,NULL,164.6222222222222,66.66666666666667,2.022222222222222,0.6666666666666666,0,0,0,0,0
2026-07-28 17:40:00,ccf-aiops-西安,traffic-vm,traffic,ens4,business,465.5777777777777,14143.577777777777,3.7777777777777777,3.8666666666666667,0,0,0,0,0
2026-07-28 17:40:00,ccf-aiops-西安,traffic-vm,traffic,ens5,NULL,0,0,0,0,0,0,0,0,0
2026-07-28 17:40:00,ccf-aiops-西安,traffic-vm,traffic,ens6,NULL,0,0,0,0,0,0,0,0,0
2026-07-28 17:41:00,ccf-aiops-西安,br-1,br,ens10,NULL,0,0,0,0,0,0,0,0,0
2026-07-28 17:41:00,ccf-aiops-西安,br-1,br,ens11,NULL,0,0,0,0,0,0,0,0,0
2026-07-28 17:41:00,ccf-aiops-西安,br-1,br,ens12,NULL,0,0,0,0,0,0,0,0,0
2026-07-28 17:41:00,ccf-aiops-西安,br-1,br,ens3,NULL,291.1555555555555,134.66666666666666,3.422222222222222,1.3333333333333333,0,0,0,0,0
2026-07-28 17:41:00,ccf-aiops-西安,br-1,br,ens4,backbone,1121.5333333333333,802.8666666666667,7.133333333333334,7.044444444444443,0,0,0,0,0
2026-07-28 17:41:00,ccf-aiops-西安,br-1,br,ens5,backbone,956.8222222222222,2900.0444444444443,8.4,7.844444444444444,0,0,0,0,0
2026-07-28 17:41:00,ccf-aiops-西安,br-1,br,ens6,NULL,0,0,0,0,0,0,0,0,0
2026-07-28 17:41:00,ccf-aiops-西安,br-1,br,ens7,NULL,0,0,0,0,0,0,0,0,0
2026-07-28 17:41:00,ccf-aiops-西安,br-1,br,ens8,NULL,0,0,0,0,0,0,0,0,0
2026-07-28 17:41:00,ccf-aiops-西安,br-1,br,ens9,NULL,0,0,0,0,0,0,0,0,0
2026-07-28 17:41:00,ccf-aiops-西安,br-2,br,ens10,NULL,0,0,0,0,0,0,0,0,0
2026-07-28 17:41:00,ccf-aiops-西安,br-2,br,ens11,NULL,0,0,0,0,0,0,0,0,0
2026-07-28 17:41:00,ccf-aiops-西安,br-2,br,ens12,NULL,0,0,0,0,0,0,0,0,0
2026-07-28 17:41:00,ccf-aiops-西安,br-2,br,ens3,NULL,67.86666666666666,0,0.9555555555555555,0,0.04444444444444444,0,0,0,0
2026-07-28 17:41:00,ccf-aiops-西安,br-2,br,ens4,backbone,1452.4666666666667,1101.8,10.02222222222222,9.733333333333333,0,0,0,0,0
2026-07-28 17:41:00,ccf-aiops-西安,br-2,br,ens5,backbone,1244.8,3268.422222222222,10.888888888888888,10.6,0,0,0,0,0
2026-07-28 17:41:00,ccf-aiops-西安,br-2,br,ens6,NULL,0,0,0,0,0,0,0,0,0
2026-07-28 17:41:00,ccf-aiops-西安,br-2,br,ens7,NULL,0,0,0,0,0,0,0,0,0
2026-07-28 17:41:00,ccf-aiops-西安,br-2,br,ens8,NULL,0,0,0,0,0,0,0,0,0
2026-07-28 17:41:00,ccf-aiops-西安,br-2,br,ens9,NULL,0,0,0,0,0,0,0,0,0
2026-07-28 17:41:00,ccf-aiops-西安,cr-1,cr,ens10,NULL,0,0,0,0,0,0,0,0,0
2026-07-28 17:41:00,ccf-aiops-西安,cr-1,cr,ens11,NULL,0,0,0,0,0,0,0,0,0
2026-07-28 17:41:00,ccf-aiops-西安,cr-1,cr,ens12,NULL,0,0,0,0,0,0,0,0,0
2026-07-28 17:41:00,ccf-aiops-西安,cr-1,cr,ens3,NULL,55.55555555555555,0,0.8888888888888888,0,0,0,0,0,0
2026-07-28 17:41:00,ccf-aiops-西安,cr-1,cr,ens4,backbone,2118,172.24444444444444,10.955555555555554,1.5555555555555556,0,0,0,0,0
2026-07-28 17:41:00,ccf-aiops-西安,cr-1,cr,ens5,backbone,1311.1333333333334,4829.466666666666,11.355555555555554,20.31111111111111,0,0,0,0,0
2026-07-28 17:41:00,ccf-aiops-西安,cr-1,cr,ens6,NULL,0,0,0,0,0,0,0,0,0
2026-07-28 17:41:00,ccf-aiops-西安,cr-1,cr,ens7,NULL,0,0,0,0,0,0,0,0,0
2026-07-28 17:41:00,ccf-aiops-西安,cr-1,cr,ens8,NULL,0,0,0,0,0,0,0,0,0
2026-07-28 17:41:00,ccf-aiops-西安,cr-1,cr,ens9,NULL,0,0,0,0,0,0,0,0,0
2026-07-28 17:41:00,ccf-aiops-西安,cr-2,cr,ens10,NULL,0,0,0,0,0,0,0,0,0
2026-07-28 17:41:00,ccf-aiops-西安,cr-2,cr,ens11,NULL,0,0,0,0,0,0,0,0,0
2026-07-28 17:41:00,ccf-aiops-西安,cr-2,cr,ens12,NULL,0,0,0,0,0,0,0,0,0
2026-07-28 17:41:00,ccf-aiops-西安,cr-2,cr,ens3,NULL,158.88888888888886,114.22222222222221,1.3777777777777775,0.5555555555555555,0,0,0,0,0
2026-07-28 17:41:00,ccf-aiops-西安,cr-2,cr,ens4,backbone,4357.022222222222,2072.8,9.155555555555555,18.066666666666666,0,0,0,0,0
2026-07-28 17:41:00,ccf-aiops-西安,cr-2,cr,ens5,backbone,2197.555555555555,6348.666666666667,19.133333333333333,10.155555555555555,0,0,0,0,0
2026-07-28 17:41:00,ccf-aiops-西安,cr-2,cr,ens6,NULL,0,0,0,0,0,0,0,0,0
2026-07-28 17:41:00,ccf-aiops-西安,cr-2,cr,ens7,NULL,0,0,0,0,0,0,0,0,0
2026-07-28 17:41:00,ccf-aiops-西安,cr-2,cr,ens8,NULL,0,0,0,0,0,0,0,0,0
2026-07-28 17:41:00,ccf-aiops-西安,cr-2,cr,ens9,NULL,0,0,0,0,0,0,0,0,0
2026-07-28 17:41:00,ccf-aiops-西安,fw,firewall,ens3,NULL,191.37777777777777,130.35555555555555,1.8222222222222222,0.9777777777777777,0,0,0,0,0
2026-07-28 17:41:00,ccf-aiops-西安,fw,firewall,ens4,backbone,9669.444444444443,2383.8444444444444,21.355555555555554,20.71111111111111,0,0,0,0,0
2026-07-28 17:41:00,ccf-aiops-西安,fw,firewall,ens5,business,2476.0444444444443,10806.777777777777,21.466666666666665,21.355555555555554,0,0,0,0,0
2026-07-28 17:41:00,ccf-aiops-西安,fw,firewall,ens6,NULL,0,0,0,0,0,0,0,0,0
2026-07-28 17:41:00,ccf-aiops-西安,monitor-vm,collector,ens3,NULL,175.24444444444444,68.93333333333334,2.1777777777777776,0.6888888888888888,0,0,0,0,0
2026-07-28 17:41:00,ccf-aiops-西安,monitor-vm,collector,ens4,mgmt,27275.24444444444,1006.911111111111,10.444444444444445,8.822222222222221,0,0,0,0,0
2026-07-28 17:41:00,ccf-aiops-西安,monitor-vm,collector,ens5,NULL,0,0,0,0,0,0,0,0,0
2026-07-28 17:41:00,ccf-aiops-西安,monitor-vm,collector,ens6,NULL,0,0,0,0,0,0,0,0,0
2026-07-28 17:41:00,ccf-aiops-西安,probe-vm,probe,ens3,NULL,55.86666666666667,0,0.8888888888888888,0,0,0,0,0,0
2026-07-28 17:41:00,ccf-aiops-西安,probe-vm,probe,ens4,business,112.53333333333333,1165.5333333333333,0.8,0.26666666666666666,0,0,0,0,0
2026-07-28 17:41:00,ccf-aiops-西安,probe-vm,probe,ens5,NULL,0,0,0,0,0,0,0,0,0
2026-07-28 17:41:00,ccf-aiops-西安,probe-vm,probe,ens6,NULL,0,0,0,0,0,0,0,0,0
2026-07-28 17:41:00,ccf-aiops-西安,service-vm-1,service,ens3,NULL,358.4444444444444,168.66666666666666,4.177777777777778,1.6666666666666667,0,0,0,0,0
2026-07-28 17:41:00,ccf-aiops-西安,service-vm-1,service,ens4,service,105.42222222222222,1191.311111111111,0.8444444444444444,0.4,0,0,0,0,0
2026-07-28 17:41:00,ccf-aiops-西安,service-vm-1,service,ens5,NULL,0,0,0,0,0,0,0,0,0
2026-07-28 17:41:00,ccf-aiops-西安,service-vm-1,service,ens6,NULL,0,0,0,0,0,0,0,0,0
2026-07-28 17:41:00,ccf-aiops-西安,service-vm-2,service,ens3,NULL,67.37777777777778,59.95555555555555,0.4666666666666667,0.26666666666666666,0,0,0,0,0
2026-07-28 17:41:00,ccf-aiops-西安,service-vm-2,service,ens4,service,101.86666666666666,1179.2444444444443,0.8666666666666667,0.3777777777777777,0,0,0,0,0
2026-07-28 17:41:00,ccf-aiops-西安,service-vm-2,service,ens5,NULL,0,0,0,0,0,0,0,0,0
2026-07-28 17:41:00,ccf-aiops-西安,service-vm-2,service,ens6,NULL,0,0,0,0,0,0,0,0,0
2026-07-28 17:41:00,ccf-aiops-西安,service-vm-3,service,ens3,NULL,65.5111111111111,62.35555555555555,0.4444444444444444,0.31111111111111106,0,0,0,0,0
2026-07-28 17:41:00,ccf-aiops-西安,service-vm-3,service,ens4,service,112.53333333333333,1166.911111111111,0.8,0.26666666666666666,0,0,0,0,0
2026-07-28 17:41:00,ccf-aiops-西安,service-vm-3,service,ens5,NULL,0,0,0,0,0,0,0,0,0
2026-07-28 17:41:00,ccf-aiops-西安,service-vm-3,service,ens6,NULL,0,0,0,0,0,0,0,0,0
2026-07-28 17:41:00,ccf-aiops-西安,traffic-vm,traffic,ens3,NULL,235.15555555555554,130.35555555555555,2.5555555555555554,0.9777777777777777,0,0,0,0,0
2026-07-28 17:41:00,ccf-aiops-西安,traffic-vm,traffic,ens4,business,2837.8,15916.488888888887,18.977777777777774,19.177777777777774,0,0,0,0,0
2026-07-28 17:41:00,ccf-aiops-西安,traffic-vm,traffic,ens5,NULL,0,0,0,0,0,0,0,0,0
2026-07-28 17:41:00,ccf-aiops-西安,traffic-vm,traffic,ens6,NULL,0,0,0,0,0,0,0,0,0
2026-07-28 17:42:00,ccf-aiops-西安,br-1,br,ens10,NULL,0,0,0,0,0,0,0,0,0
2026-07-28 17:42:00,ccf-aiops-西安,br-1,br,ens11,NULL,0,0,0,0,0,0,0,0,0
2026-07-28 17:42:00,ccf-aiops-西安,br-1,br,ens12,NULL,0,0,0,0,0,0,0,0,0
2026-07-28 17:42:00,ccf-aiops-西安,br-1,br,ens3,NULL,415.0222222222222,250.2222222222222,4.177777777777778,1.8888888888888888,0,0,0,0,0
2026-07-28 17:42:00,ccf-aiops-西安,br-1,br,ens4,backbone,1248.3333333333333,860.1333333333333,8.71111111111111,7.644444444444444,0,0,0,0,0
2026-07-28 17:42:00,ccf-aiops-西安,br-1,br,ens5,backbone,1017.8,3541.155555555555,8.933333333333334,9,0,0,0,0,0
2026-07-28 17:42:00,ccf-aiops-西安,br-1,br,ens6,NULL,0,0,0,0,0,0,0,0,0
2026-07-28 17:42:00,ccf-aiops-西安,br-1,br,ens7,NULL,0,0,0,0,0,0,0,0,0
2026-07-28 17:42:00,ccf-aiops-西安,br-1,br,ens8,NULL,0,0,0,0,0,0,0,0,0
2026-07-28 17:42:00,ccf-aiops-西安,br-1,br,ens9,NULL,0,0,0,0,0,0,0,0,0
2026-07-28 17:42:00,ccf-aiops-西安,br-2,br,ens10,NULL,0,0,0,0,0,0,0,0,0
2026-07-28 17:42:00,ccf-aiops-西安,br-2,br,ens11,NULL,0,0,0,0,0,0,0,0,0
2026-07-28 17:42:00,ccf-aiops-西安,br-2,br,ens12,NULL,0,0,0,0,0,0,0,0,0
2026-07-28 17:42:00,ccf-aiops-西安,br-2,br,ens3,NULL,74.44444444444443,0,1.0222222222222221,0,0.04444444444444444,0,0,0,0
2026-07-28 17:42:00,ccf-aiops-西安,br-2,br,ens4,backbone,1037.3555555555554,690.5555555555554,7.666666666666667,6.111111111111111,0,0,0,0,0
2026-07-28 17:42:00,ccf-aiops-西安,br-2,br,ens5,backbone,828.4888888888888,3676.822222222222,7.177777777777777,8.066666666666666,0,0,0,0,0
2026-07-28 17:42:00,ccf-aiops-西安,br-2,br,ens6,NULL,0,0,0,0,0,0,0,0,0
2026-07-28 17:42:00,ccf-aiops-西安,br-2,br,ens7,NULL,0,0,0,0,0,0,0,0,0
2026-07-28 17:42:00,ccf-aiops-西安,br-2,br,ens8,NULL,0,0,0,0,0,0,0,0,0
2026-07-28 17:42:00,ccf-aiops-西安,br-2,br,ens9,NULL,0,0,0,0,0,0,0,0,0
2026-07-28 17:42:00,ccf-aiops-西安,cr-1,cr,ens10,NULL,0,0,0,0,0,0,0,0,0
2026-07-28 17:42:00,ccf-aiops-西安,cr-1,cr,ens11,NULL,0,0,0,0,0,0,0,0,0
2026-07-28 17:42:00,ccf-aiops-西安,cr-1,cr,ens12,NULL,0,0,0,0,0,0,0,0,0
2026-07-28 17:42:00,ccf-aiops-西安,cr-1,cr,ens3,NULL,159.6,105.15555555555555,1.3555555555555554,0.4666666666666667,0,0,0,0,0
2026-07-28 17:42:00,ccf-aiops-西安,cr-1,cr,ens4,backbone,3185.311111111111,164.24444444444444,8.977777777777778,1.4666666666666666,0,0,0,0,0
2026-07-28 17:42:00,ccf-aiops-西安,cr-1,cr,ens5,backbone,1158.511111111111,6363.377777777777,10.177777777777777,17.62222222222222,0,0,0,0,0
2026-07-28 17:42:00,ccf-aiops-西安,cr-1,cr,ens6,NULL,0,0,0,0,0,0,0,0,0
2026-07-28 17:42:00,ccf-aiops-西安,cr-1,cr,ens7,NULL,0,0,0,0,0,0,0,0,0
2026-07-28 17:42:00,ccf-aiops-西安,cr-1,cr,ens8,NULL,0,0,0,0,0,0,0,0,0
2026-07-28 17:42:00,ccf-aiops-西安,cr-1,cr,ens9,NULL,0,0,0,0,0,0,0,0,0
2026-07-28 17:42:00,ccf-aiops-西安,cr-2,cr,ens10,NULL,0,0,0,0,0,0,0,0,0
2026-07-28 17:42:00,ccf-aiops-西安,cr-2,cr,ens11,NULL,0,0,0,0,0,0,0,0,0
2026-07-28 17:42:00,ccf-aiops-西安,cr-2,cr,ens12,NULL,0,0,0,0,0,0,0,0,0
2026-07-28 17:42:00,ccf-aiops-西安,cr-2,cr,ens3,NULL,62.44444444444444,0,0.9555555555555555,0,0,0,0,0,0
2026-07-28 17:42:00,ccf-aiops-西安,cr-2,cr,ens4,backbone,4213.044444444445,1674.1777777777777,8.71111111111111,14.511111111111111,0,0,0,0,0
2026-07-28 17:42:00,ccf-aiops-西安,cr-2,cr,ens5,backbone,1797.8666666666666,7134.6,15.577777777777778,10.4,0,0,0,0,0
2026-07-28 17:42:00,ccf-aiops-西安,cr-2,cr,ens6,NULL,0,0,0,0,0,0,0,0,0
2026-07-28 17:42:00,ccf-aiops-西安,cr-2,cr,ens7,NULL,0,0,0,0,0,0,0,0,0
2026-07-28 17:42:00,ccf-aiops-西安,cr-2,cr,ens8,NULL,0,0,0,0,0,0,0,0,0
2026-07-28 17:42:00,ccf-aiops-西安,cr-2,cr,ens9,NULL,0,0,0,0,0,0,0,0,0
2026-07-28 17:42:00,ccf-aiops-西安,fw,firewall,ens3,NULL,148.17777777777778,68.93333333333334,1.6888888888888889,0.6888888888888888,0,0,0,0,0
2026-07-28 17:42:00,ccf-aiops-西安,fw,firewall,ens4,backbone,11927.822222222221,2037.1555555555556,20.2,17.6,0,0,0,0,0
2026-07-28 17:42:00,ccf-aiops-西安,fw,firewall,ens5,business,2146.911111111111,13065.377777777778,18.488888888888887,20.2,0,0,0,0,0
2026-07-28 17:42:00,ccf-aiops-西安,fw,firewall,ens6,NULL,0,0,0,0,0,0,0,0,0
2026-07-28 17:42:00,ccf-aiops-西安,monitor-vm,collector,ens3,NULL,181.8222222222222,68,2.2444444444444445,0.6666666666666666,0,0,0,0,0
2026-07-28 17:42:00,ccf-aiops-西安,monitor-vm,collector,ens4,mgmt,30151.666666666668,988.0666666666667,12.266666666666667,8.6,0,0,0,0,0
2026-07-28 17:42:00,ccf-aiops-西安,monitor-vm,collector,ens5,NULL,0,0,0,0,0,0,0,0,0
2026-07-28 17:42:00,ccf-aiops-西安,monitor-vm,collector,ens6,NULL,0,0,0,0,0,0,0,0,0
2026-07-28 17:42:00,ccf-aiops-西安,probe-vm,probe,ens3,NULL,116,62.35555555555555,1.2444444444444442,0.31111111111111106,0,0,0,0,0
2026-07-28 17:42:00,ccf-aiops-西安,probe-vm,probe,ens4,business,108.35555555555555,1165.1333333333334,0.7555555555555554,0.26666666666666666,0,0,0,0,0
2026-07-28 17:42:00,ccf-aiops-西安,probe-vm,probe,ens5,NULL,0,0,0,0,0,0,0,0,0
2026-07-28 17:42:00,ccf-aiops-西安,probe-vm,probe,ens6,NULL,0,0,0,0,0,0,0,0,0
2026-07-28 17:42:00,ccf-aiops-西安,service-vm-1,service,ens3,NULL,365.73333333333335,168.66666666666666,4.266666666666667,1.6666666666666667,0,0,0,0,0
2026-07-28 17:42:00,ccf-aiops-西安,service-vm-1,service,ens4,service,131.9111111111111,1189.0666666666666,1.0888888888888888,0.4,0,0,0,0,0
2026-07-28 17:42:00,ccf-aiops-西安,service-vm-1,service,ens5,NULL,0,0,0,0,0,0,0,0,0
2026-07-28 17:42:00,ccf-aiops-西安,service-vm-1,service,ens6,NULL,0,0,0,0,0,0,0,0,0
2026-07-28 17:42:00,ccf-aiops-西安,service-vm-2,service,ens3,NULL,78.66666666666667,62.35555555555555,0.6222222222222221,0.31111111111111106,0,0,0,0,0
2026-07-28 17:42:00,ccf-aiops-西安,service-vm-2,service,ens4,service,114.97777777777777,1180.3555555555554,0.9555555555555555,0.3777777777777777,0,0,0,0,0
2026-07-28 17:42:00,ccf-aiops-西安,service-vm-2,service,ens5,NULL,0,0,0,0,0,0,0,0,0
2026-07-28 17:42:00,ccf-aiops-西安,service-vm-2,service,ens6,NULL,0,0,0,0,0,0,0,0,0
2026-07-28 17:42:00,ccf-aiops-西安,service-vm-3,service,ens3,NULL,82.26666666666667,61.42222222222222,0.6666666666666666,0.28888888888888886,0,0,0,0,0
2026-07-28 17:42:00,ccf-aiops-西安,service-vm-3,service,ens4,service,110.62222222222222,1171.2888888888888,0.7777777777777778,0.3333333333333333,0,0,0,0,0
2026-07-28 17:42:00,ccf-aiops-西安,service-vm-3,service,ens5,NULL,0,0,0,0,0,0,0,0,0
2026-07-28 17:42:00,ccf-aiops-西安,service-vm-3,service,ens6,NULL,0,0,0,0,0,0,0,0,0
2026-07-28 17:42:00,ccf-aiops-西安,traffic-vm,traffic,ens3,NULL,242.26666666666668,130.35555555555555,2.622222222222222,0.9777777777777777,0,0,0,0,0
2026-07-28 17:42:00,ccf-aiops-西安,traffic-vm,traffic,ens4,business,2142.0222222222224,15442.177777777777,14.888888888888888,15.088888888888887,0,0,0,0,0
2026-07-28 17:42:00,ccf-aiops-西安,traffic-vm,traffic,ens5,NULL,0,0,0,0,0,0,0,0,0
2026-07-28 17:42:00,ccf-aiops-西安,traffic-vm,traffic,ens6,NULL,0,0,0,0,0,0,0,0,0
2026-07-28 17:43:00,ccf-aiops-西安,br-1,br,ens10,NULL,0,0,0,0,0,0,0,0,0
2026-07-28 17:43:00,ccf-aiops-西安,br-1,br,ens11,NULL,0,0,0,0,0,0,0,0,0
2026-07-28 17:43:00,ccf-aiops-西安,br-1,br,ens12,NULL,0,0,0,0,0,0,0,0,0
2026-07-28 17:43:00,ccf-aiops-西安,br-1,br,ens3,NULL,294.71111111111105,136.93333333333334,3.466666666666667,1.3555555555555554,0,0,0,0,0
2026-07-28 17:43:00,ccf-aiops-西安,br-1,br,ens4,backbone,441.8444444444444,402.53333333333336,3.2444444444444445,3.622222222222222,0,0,0,0,0
2026-07-28 17:43:00,ccf-aiops-西安,br-1,br,ens5,backbone,543.6222222222221,2673.3555555555554,4.822222222222222,4.088888888888889,0,0,0,0,0
2026-07-28 17:43:00,ccf-aiops-西安,br-1,br,ens6,NULL,0,0,0,0,0,0,0,0,0
2026-07-28 17:43:00,ccf-aiops-西安,br-1,br,ens7,NULL,0,0,0,0,0,0,0,0,0
2026-07-28 17:43:00,ccf-aiops-西安,br-1,br,ens8,NULL,0,0,0,0,0,0,0,0,0
2026-07-28 17:43:00,ccf-aiops-西安,br-1,br,ens9,NULL,0,0,0,0,0,0,0,0,0
2026-07-28 17:43:00,ccf-aiops-西安,br-2,br,ens10,NULL,0,0,0,0,0,0,0,0,0
2026-07-28 17:43:00,ccf-aiops-西安,br-2,br,ens11,NULL,0,0,0,0,0,0,0,0,0
2026-07-28 17:43:00,ccf-aiops-西安,br-2,br,ens12,NULL,0,0,0,0,0,0,0,0,0
2026-07-28 17:43:00,ccf-aiops-西安,br-2,br,ens3,NULL,60.044444444444444,0,0.8444444444444444,0,0.04444444444444444,0,0,0,0
2026-07-28 17:43:00,ccf-aiops-西安,br-2,br,ens4,backbone,553.4,376.1555555555555,4.4,3.2,0,0,0,0,0
2026-07-28 17:43:00,ccf-aiops-西安,br-2,br,ens5,backbone,522.9555555555555,2852.311111111111,4.4,5.244444444444444,0,0,0,0,0
2026-07-28 17:43:00,ccf-aiops-西安,br-2,br,ens6,NULL,0,0,0,0,0,0,0,0,0
2026-07-28 17:43:00,ccf-aiops-西安,br-2,br,ens7,NULL,0,0,0,0,0,0,0,0,0
2026-07-28 17:43:00,ccf-aiops-西安,br-2,br,ens8,NULL,0,0,0,0,0,0,0,0,0
2026-07-28 17:43:00,ccf-aiops-西安,br-2,br,ens9,NULL,0,0,0,0,0,0,0,0,0
2026-07-28 17:43:00,ccf-aiops-西安,cr-1,cr,ens10,NULL,0,0,0,0,0,0,0,0,0
2026-07-28 17:43:00,ccf-aiops-西安,cr-1,cr,ens11,NULL,0,0,0,0,0,0,0,0,0
2026-07-28 17:43:00,ccf-aiops-西安,cr-1,cr,ens12,NULL,0,0,0,0,0,0,0,0,0
2026-07-28 17:43:00,ccf-aiops-西安,cr-1,cr,ens3,NULL,52.044444444444444,0,0.8444444444444444,0,0,0,0,0,0
2026-07-28 17:43:00,ccf-aiops-西安,cr-1,cr,ens4,backbone,2206.9555555555553,132.33333333333334,5.355555555555555,1.222222222222222,0,0,0,0,0
2026-07-28 17:43:00,ccf-aiops-西安,cr-1,cr,ens5,backbone,624.0666666666667,4740.288888888888,5.355555555555555,9.355555555555554,0,0,0,0,0
2026-07-28 17:43:00,ccf-aiops-西安,cr-1,cr,ens6,NULL,0,0,0,0,0,0,0,0,0
2026-07-28 17:43:00,ccf-aiops-西安,cr-1,cr,ens7,NULL,0,0,0,0,0,0,0,0,0
2026-07-28 17:43:00,ccf-aiops-西安,cr-1,cr,ens8,NULL,0,0,0,0,0,0,0,0,0
2026-07-28 17:43:00,ccf-aiops-西安,cr-1,cr,ens9,NULL,0,0,0,0,0,0,0,0,0
2026-07-28 17:43:00,ccf-aiops-西安,cr-2,cr,ens10,NULL,0,0,0,0,0,0,0,0,0
2026-07-28 17:43:00,ccf-aiops-西安,cr-2,cr,ens11,NULL,0,0,0,0,0,0,0,0,0
2026-07-28 17:43:00,ccf-aiops-西安,cr-2,cr,ens12,NULL,0,0,0,0,0,0,0,0,0
2026-07-28 17:43:00,ccf-aiops-西安,cr-2,cr,ens3,NULL,48.044444444444444,0,0.7777777777777778,0,0,0,0,0,0
2026-07-28 17:43:00,ccf-aiops-西安,cr-2,cr,ens4,backbone,3673.5777777777776,954.6,5.422222222222222,8.2,0,0,0,0,0
2026-07-28 17:43:00,ccf-aiops-西安,cr-2,cr,ens5,backbone,1080.7333333333333,6251.7555555555555,9.288888888888888,6.7555555555555555,0,0,0,0,0
2026-07-28 17:43:00,ccf-aiops-西安,cr-2,cr,ens6,NULL,0,0,0,0,0,0,0,0,0
2026-07-28 17:43:00,ccf-aiops-西安,cr-2,cr,ens7,NULL,0,0,0,0,0,0,0,0,0
2026-07-28 17:43:00,ccf-aiops-西安,cr-2,cr,ens8,NULL,0,0,0,0,0,0,0,0,0
2026-07-28 17:43:00,ccf-aiops-西安,cr-2,cr,ens9,NULL,0,0,0,0,0,0,0,0,0
2026-07-28 17:43:00,ccf-aiops-西安,fw,firewall,ens3,NULL,184.57777777777775,130.35555555555555,1.7333333333333334,0.9777777777777777,0,0,0,0,0
2026-07-28 17:43:00,ccf-aiops-西安,fw,firewall,ens4,backbone,9840.2,1242.6444444444444,12.6,10.71111111111111,0,0,0,0,0
2026-07-28 17:43:00,ccf-aiops-西安,fw,firewall,ens5,business,1346.2222222222222,10983.91111111111,11.533333333333333,12.688888888888888,0,0,0,0,0
2026-07-28 17:43:00,ccf-aiops-西安,fw,firewall,ens6,NULL,0,0,0,0,0,0,0,0,0
2026-07-28 17:43:00,ccf-aiops-西安,monitor-vm,collector,ens3,NULL,221.11111111111111,128.08888888888887,2.355555555555555,0.9555555555555555,0,0,0,0,0
2026-07-28 17:43:00,ccf-aiops-西安,monitor-vm,collector,ens4,mgmt,29064.377777777776,1014.8222222222222,11.8,8.91111111111111,0,0,0,0,0
2026-07-28 17:43:00,ccf-aiops-西安,monitor-vm,collector,ens5,NULL,0,0,0,0,0,0,0,0,0
2026-07-28 17:43:00,ccf-aiops-西安,monitor-vm,collector,ens6,NULL,0,0,0,0,0,0,0,0,0
2026-07-28 17:43:00,ccf-aiops-西安,probe-vm,probe,ens3,NULL,50.71111111111111,0,0.8222222222222222,0,0,0,0,0,0
2026-07-28 17:43:00,ccf-aiops-西安,probe-vm,probe,ens4,business,110.62222222222222,1166.5777777777776,0.7777777777777778,0.28888888888888886,0,0,0,0,0
2026-07-28 17:43:00,ccf-aiops-西安,probe-vm,probe,ens5,NULL,0,0,0,0,0,0,0,0,0
2026-07-28 17:43:00,ccf-aiops-西安,probe-vm,probe,ens6,NULL,0,0,0,0,0,0,0,0,0
2026-07-28 17:43:00,ccf-aiops-西安,service-vm-1,service,ens3,NULL,414.53333333333336,230.88888888888886,4.488888888888889,1.9555555555555555,0,0,0,0,0
2026-07-28 17:43:00,ccf-aiops-西安,service-vm-1,service,ens4,service,112.8,1189.7777777777776,0.8666666666666667,0.4,0,0,0,0,0
2026-07-28 17:43:00,ccf-aiops-西安,service-vm-1,service,ens5,NULL,0,0,0,0,0,0,0,0,0
2026-07-28 17:43:00,ccf-aiops-西安,service-vm-1,service,ens6,NULL,0,0,0,0,0,0,0,0,0
2026-07-28 17:43:00,ccf-aiops-西安,service-vm-2,service,ens3,NULL,61.91111111111111,62.35555555555555,0.4,0.31111111111111106,0,0,0,0,0
2026-07-28 17:43:00,ccf-aiops-西安,service-vm-2,service,ens4,service,99.95555555555555,1175.4222222222222,0.7777777777777778,0.3333333333333333,0,0,0,0,0
2026-07-28 17:43:00,ccf-aiops-西安,service-vm-2,service,ens5,NULL,0,0,0,0,0,0,0,0,0
2026-07-28 17:43:00,ccf-aiops-西安,service-vm-2,service,ens6,NULL,0,0,0,0,0,0,0,0,0
2026-07-28 17:43:00,ccf-aiops-西安,service-vm-3,service,ens3,NULL,63.86666666666667,59.95555555555555,0.4222222222222222,0.26666666666666666,0,0,0,0,0
2026-07-28 17:43:00,ccf-aiops-西安,service-vm-3,service,ens4,service,351.4222222222222,1167.9777777777776,3.5777777777777775,0.28888888888888886,0,0,0,0,0
2026-07-28 17:43:00,ccf-aiops-西安,service-vm-3,service,ens5,NULL,0,0,0,0,0,0,0,0,0
2026-07-28 17:43:00,ccf-aiops-西安,service-vm-3,service,ens6,NULL,0,0,0,0,0,0,0,0,0
2026-07-28 17:43:00,ccf-aiops-西安,traffic-vm,traffic,ens3,NULL,233.5111111111111,130.35555555555555,2.533333333333333,0.9777777777777777,0,0,0,0,0
2026-07-28 17:43:00,ccf-aiops-西安,traffic-vm,traffic,ens4,business,1169.6666666666667,14709.088888888888,9.222222222222221,8.622222222222222,0,0,0,0,0
2026-07-28 17:43:00,ccf-aiops-西安,traffic-vm,traffic,ens5,NULL,0,0,0,0,0,0,0,0,0
2026-07-28 17:43:00,ccf-aiops-西安,traffic-vm,traffic,ens6,NULL,0,0,0,0,0,0,0,0,0
2026-07-28 17:44:00,ccf-aiops-西安,br-1,br,ens10,NULL,0,0,0,0,0,0,0,0,0
2026-07-28 17:44:00,ccf-aiops-西安,br-1,br,ens11,NULL,0,0,0,0,0,0,0,0,0
2026-07-28 17:44:00,ccf-aiops-西安,br-1,br,ens12,NULL,0,0,0,0,0,0,0,0,0
2026-07-28 17:44:00,ccf-aiops-西安,br-1,br,ens3,NULL,396.71111111111105,250.2222222222222,3.911111111111111,1.8888888888888888,0,0,0,0,0
2026-07-28 17:44:00,ccf-aiops-西安,br-1,br,ens4,backbone,704674.6222222222,689.9777777777778,478.1333333333333,6.244444444444444,0,0,0,0,0
2026-07-28 17:44:00,ccf-aiops-西安,br-1,br,ens5,backbone,826.0444444444444,706634.4444444444,7.333333333333333,478.6666666666667,0,0,0,0,0
2026-07-28 17:44:00,ccf-aiops-西安,br-1,br,ens6,NULL,0,0,0,0,0,0,0,0,0
2026-07-28 17:44:00,ccf-aiops-西安,br-1,br,ens7,NULL,0,0,0,0,0,0,0,0,0
2026-07-28 17:44:00,ccf-aiops-西安,br-1,br,ens8,NULL,0,0,0,0,0,0,0,0,0
2026-07-28 17:44:00,ccf-aiops-西安,br-1,br,ens9,NULL,0,0,0,0,0,0,0,0,0
2026-07-28 17:44:00,ccf-aiops-西安,br-2,br,ens10,NULL,0,0,0,0,0,0,0,0,0
2026-07-28 17:44:00,ccf-aiops-西安,br-2,br,ens11,NULL,0,0,0,0,0,0,0,0,0
2026-07-28 17:44:00,ccf-aiops-西安,br-2,br,ens12,NULL,0,0,0,0,0,0,0,0,0
2026-07-28 17:44:00,ccf-aiops-西安,br-2,br,ens3,NULL,60.93333333333333,0,0.8444444444444444,0,0.04444444444444444,0,0,0,0
2026-07-28 17:44:00,ccf-aiops-西安,br-2,br,ens4,backbone,105081.4,558.0444444444444,75.82222222222222,5,0,0,0,0,0
2026-07-28 17:44:00,ccf-aiops-西安,br-2,br,ens5,backbone,701.3555555555555,107072.46666666666,6.133333333333334,76.35555555555555,0,0,0,0,0
2026-07-28 17:44:00,ccf-aiops-西安,br-2,br,ens6,NULL,0,0,0,0,0,0,0,0,0
2026-07-28 17:44:00,ccf-aiops-西安,br-2,br,ens7,NULL,0,0,0,0,0,0,0,0,0
2026-07-28 17:44:00,ccf-aiops-西安,br-2,br,ens8,NULL,0,0,0,0,0,0,0,0,0
2026-07-28 17:44:00,ccf-aiops-西安,br-2,br,ens9,NULL,0,0,0,0,0,0,0,0,0
2026-07-28 17:44:00,ccf-aiops-西安,cr-1,cr,ens10,NULL,0,0,0,0,0,0,0,0,0
2026-07-28 17:44:00,ccf-aiops-西安,cr-1,cr,ens11,NULL,0,0,0,0,0,0,0,0,0
2026-07-28 17:44:00,ccf-aiops-西安,cr-1,cr,ens12,NULL,0,0,0,0,0,0,0,0,0
2026-07-28 17:44:00,ccf-aiops-西安,cr-1,cr,ens3,NULL,149.37777777777777,103.68888888888888,1.222222222222222,0.4444444444444444,0,0,0,0,0
2026-07-28 17:44:00,ccf-aiops-西安,cr-1,cr,ens4,backbone,1115629.3555555556,166.66666666666666,752.6,1.5777777777777777,0,0,0,0,0
2026-07-28 17:44:00,ccf-aiops-西安,cr-1,cr,ens5,backbone,782.9777777777778,1117921.1777777777,6.955555555555555,757.5333333333333,0,0,0,0,0
2026-07-28 17:44:00,ccf-aiops-西安,cr-1,cr,ens6,NULL,0,0,0,0,0,0,0,0,0
2026-07-28 17:44:00,ccf-aiops-西安,cr-1,cr,ens7,NULL,0,0,0,0,0,0,0,0,0
2026-07-28 17:44:00,ccf-aiops-西安,cr-1,cr,ens8,NULL,0,0,0,0,0,0,0,0,0
2026-07-28 17:44:00,ccf-aiops-西安,cr-1,cr,ens9,NULL,0,0,0,0,0,0,0,0,0
2026-07-28 17:44:00,ccf-aiops-西安,cr-2,cr,ens10,NULL,0,0,0,0,0,0,0,0,0
2026-07-28 17:44:00,ccf-aiops-西安,cr-2,cr,ens11,NULL,0,0,0,0,0,0,0,0,0
2026-07-28 17:44:00,ccf-aiops-西安,cr-2,cr,ens12,NULL,0,0,0,0,0,0,0,0,0
2026-07-28 17:44:00,ccf-aiops-西安,cr-2,cr,ens3,NULL,50.266666666666666,0,0.8,0,0,0,0,0,0
2026-07-28 17:44:00,ccf-aiops-西安,cr-2,cr,ens4,backbone,108326.86666666667,1215.1777777777777,77.88888888888889,10.622222222222222,0,0,0,0,0
2026-07-28 17:44:00,ccf-aiops-西安,cr-2,cr,ens5,backbone,1334.2,110557.02222222222,11.622222222222222,78.93333333333334,0,0,0,0,0
2026-07-28 17:44:00,ccf-aiops-西安,cr-2,cr,ens6,NULL,0,0,0,0,0,0,0,0,0
2026-07-28 17:44:00,ccf-aiops-西安,cr-2,cr,ens7,NULL,0,0,0,0,0,0,0,0,0
2026-07-28 17:44:00,ccf-aiops-西安,cr-2,cr,ens8,NULL,0,0,0,0,0,0,0,0,0
2026-07-28 17:44:00,ccf-aiops-西安,cr-2,cr,ens9,NULL,0,0,0,0,0,0,0,0,0
2026-07-28 17:44:00,ccf-aiops-西安,fw,firewall,ens3,NULL,132.7111111111111,68.93333333333334,1.4666666666666666,0.6888888888888888,0,0,0,0,0
2026-07-28 17:44:00,ccf-aiops-西安,fw,firewall,ens4,backbone,879146.4,1753.4222222222222,600.3777777777777,15.333333333333334,0,0,0,0,0
2026-07-28 17:44:00,ccf-aiops-西安,fw,firewall,ens5,business,1877.8444444444442,880292.1111111111,16.266666666666666,600.4888888888888,0,0,0,0,0
2026-07-28 17:44:00,ccf-aiops-西安,fw,firewall,ens6,NULL,0,0,0,0,0,0,0,0,0
2026-07-28 17:44:00,ccf-aiops-西安,monitor-vm,collector,ens3,NULL,222.2222222222222,130.35555555555555,2.3333333333333335,0.9777777777777777,0,0,0,0,0
2026-07-28 17:44:00,ccf-aiops-西安,monitor-vm,collector,ens4,mgmt,28240.04444444444,970.0222222222221,10.8,8.377777777777776,0,0,0,0,0
2026-07-28 17:44:00,ccf-aiops-西安,monitor-vm,collector,ens5,NULL,0,0,0,0,0,0,0,0,0
2026-07-28 17:44:00,ccf-aiops-西安,monitor-vm,collector,ens6,NULL,0,0,0,0,0,0,0,0,0
2026-07-28 17:44:00,ccf-aiops-西安,probe-vm,probe,ens3,NULL,48.71111111111111,0,0.7777777777777778,0,0,0,0,0,0
2026-07-28 17:44:00,ccf-aiops-西安,probe-vm,probe,ens4,business,101.33333333333333,1166.1555555555556,0.6666666666666666,0.26666666666666666,0,0,0,0,0
2026-07-28 17:44:00,ccf-aiops-西安,probe-vm,probe,ens5,NULL,0,0,0,0,0,0,0,0,0
2026-07-28 17:44:00,ccf-aiops-西安,probe-vm,probe,ens6,NULL,0,0,0,0,0,0,0,0,0
2026-07-28 17:44:00,ccf-aiops-西安,service-vm-1,service,ens3,NULL,352.71111111111105,170.93333333333334,4.066666666666666,1.6888888888888889,0,0,0,0,0
2026-07-28 17:44:00,ccf-aiops-西安,service-vm-1,service,ens4,service,122.62222222222222,1190.4666666666667,0.9777777777777777,0.4,0,0,0,0,0
2026-07-28 17:44:00,ccf-aiops-西安,service-vm-1,service,ens5,NULL,0,0,0,0,0,0,0,0,0
2026-07-28 17:44:00,ccf-aiops-西安,service-vm-1,service,ens6,NULL,0,0,0,0,0,0,0,0,0
2026-07-28 17:44:00,ccf-aiops-西安,service-vm-2,service,ens3,NULL,8.71111111111111,0,0.1111111111111111,0,0,0,0,0,0
2026-07-28 17:44:00,ccf-aiops-西安,service-vm-2,service,ens4,service,949383.2,1205.9777777777776,638.311111111111,0.711111111111111,0,0,0,0,0
2026-07-28 17:44:00,ccf-aiops-西安,service-vm-2,service,ens5,NULL,0,0,0,0,0,0,0,0,0
2026-07-28 17:44:00,ccf-aiops-西安,service-vm-2,service,ens6,NULL,0,0,0,0,0,0,0,0,0
2026-07-28 17:44:00,ccf-aiops-西安,service-vm-3,service,ens3,NULL,13.555555555555554,0,0.17777777777777776,0,0,0,0,0,0
2026-07-28 17:44:00,ccf-aiops-西安,service-vm-3,service,ens4,service,122.35555555555555,1174.9777777777776,0.9111111111111111,0.3777777777777777,0,0,0,0,0
2026-07-28 17:44:00,ccf-aiops-西安,service-vm-3,service,ens5,NULL,0,0,0,0,0,0,0,0,0
2026-07-28 17:44:00,ccf-aiops-西安,service-vm-3,service,ens6,NULL,0,0,0,0,0,0,0,0,0
2026-07-28 17:44:00,ccf-aiops-西安,traffic-vm,traffic,ens3,NULL,234.7111111111111,130.35555555555555,2.533333333333333,0.9777777777777777,0,0,0,0,0
2026-07-28 17:44:00,ccf-aiops-西安,traffic-vm,traffic,ens4,business,1434.4666666666667,14924.044444444444,10.355555555555554,10.6,0,0,0,0,0
2026-07-28 17:44:00,ccf-aiops-西安,traffic-vm,traffic,ens5,NULL,0,0,0,0,0,0,0,0,0
2026-07-28 17:44:00,ccf-aiops-西安,traffic-vm,traffic,ens6,NULL,0,0,0,0,0,0,0,0,0
2026-07-28 17:45:00,ccf-aiops-西安,br-1,br,ens10,NULL,0,0,0,0,0,0,0,0,0
2026-07-28 17:45:00,ccf-aiops-西安,br-1,br,ens11,NULL,0,0,0,0,0,0,0,0,0
2026-07-28 17:45:00,ccf-aiops-西安,br-1,br,ens12,NULL,0,0,0,0,0,0,0,0,0
2026-07-28 17:45:00,ccf-aiops-西安,br-1,br,ens3,NULL,304.6,136.93333333333334,3.511111111111111,1.3555555555555554,0,0,0,0,0
2026-07-28 17:45:00,ccf-aiops-西安,br-1,br,ens4,backbone,2362942.6888888883,721.0222222222221,1593.4888888888888,6.311111111111111,0,0,0,0,0
2026-07-28 17:45:00,ccf-aiops-西安,br-1,br,ens5,backbone,868.6666666666666,2365088.8666666667,7.6,1593.8,0,0,0,0,0
2026-07-28 17:45:00,ccf-aiops-西安,br-1,br,ens6,NULL,0,0,0,0,0,0,0,0,0
2026-07-28 17:45:00,ccf-aiops-西安,br-1,br,ens7,NULL,0,0,0,0,0,0,0,0,0
2026-07-28 17:45:00,ccf-aiops-西安,br-1,br,ens8,NULL,0,0,0,0,0,0,0,0,0
2026-07-28 17:45:00,ccf-aiops-西安,br-1,br,ens9,NULL,0,0,0,0,0,0,0,0,0
2026-07-28 17:45:00,ccf-aiops-西安,br-2,br,ens10,NULL,0,0,0,0,0,0,0,0,0
2026-07-28 17:45:00,ccf-aiops-西安,br-2,br,ens11,NULL,0,0,0,0,0,0,0,0,0
2026-07-28 17:45:00,ccf-aiops-西安,br-2,br,ens12,NULL,0,0,0,0,0,0,0,0,0
2026-07-28 17:45:00,ccf-aiops-西安,br-2,br,ens3,NULL,164.33333333333334,114.22222222222221,1.2444444444444442,0.5555555555555555,0.04444444444444444,0,0,0,0
2026-07-28 17:45:00,ccf-aiops-西安,br-2,br,ens4,backbone,248865.1111111111,1000.0222222222221,174.33333333333334,8.755555555555555,0,0,0,0,0
2026-07-28 17:45:00,ccf-aiops-西安,br-2,br,ens5,backbone,1151.7333333333333,251287,10.02222222222222,175.17777777777778,0,0,0,0,0
2026-07-28 17:45:00,ccf-aiops-西安,br-2,br,ens6,NULL,0,0,0,0,0,0,0,0,0
2026-07-28 17:45:00,ccf-aiops-西安,br-2,br,ens7,NULL,0,0,0,0,0,0,0,0,0
2026-07-28 17:45:00,ccf-aiops-西安,br-2,br,ens8,NULL,0,0,0,0,0,0,0,0,0
2026-07-28 17:45:00,ccf-aiops-西安,br-2,br,ens9,NULL,0,0,0,0,0,0,0,0,0
2026-07-28 17:45:00,ccf-aiops-西安,cr-1,cr,ens10,NULL,0,0,0,0,0,0,0,0,0
2026-07-28 17:45:00,ccf-aiops-西安,cr-1,cr,ens11,NULL,0,0,0,0,0,0,0,0,0
2026-07-28 17:45:00,ccf-aiops-西安,cr-1,cr,ens12,NULL,0,0,0,0,0,0,0,0,0
2026-07-28 17:45:00,ccf-aiops-西安,cr-1,cr,ens3,NULL,40.53333333333333,0,0.6444444444444444,0,0,0,0,0,0
2026-07-28 17:45:00,ccf-aiops-西安,cr-1,cr,ens4,backbone,2362823.2888888884,103.24444444444444,1594.2222222222222,0.9555555555555555,0,0,0,0,0
2026-07-28 17:45:00,ccf-aiops-西安,cr-1,cr,ens5,backbone,1219.888888888889,2365704.2888888884,10.622222222222222,1603.4444444444443,0,0,0,0,0
2026-07-28 17:45:00,ccf-aiops-西安,cr-1,cr,ens6,NULL,0,0,0,0,0,0,0,0,0
2026-07-28 17:45:00,ccf-aiops-西安,cr-1,cr,ens7,NULL,0,0,0,0,0,0,0,0,0
2026-07-28 17:45:00,ccf-aiops-西安,cr-1,cr,ens8,NULL,0,0,0,0,0,0,0,0,0
2026-07-28 17:45:00,ccf-aiops-西安,cr-1,cr,ens9,NULL,0,0,0,0,0,0,0,0,0
2026-07-28 17:45:00,ccf-aiops-西安,cr-2,cr,ens10,NULL,0,0,0,0,0,0,0,0,0
2026-07-28 17:45:00,ccf-aiops-西安,cr-2,cr,ens11,NULL,0,0,0,0,0,0,0,0,0
2026-07-28 17:45:00,ccf-aiops-西安,cr-2,cr,ens12,NULL,0,0,0,0,0,0,0,0,0
2026-07-28 17:45:00,ccf-aiops-西安,cr-2,cr,ens3,NULL,60.511111111111106,10.533333333333333,0.8666666666666667,0.1111111111111111,0,0,0,0,0
2026-07-28 17:45:00,ccf-aiops-西安,cr-2,cr,ens4,backbone,251807.2222222222,2119.0666666666666,176.66666666666666,18.31111111111111,0,0,0,0,0
2026-07-28 17:45:00,ccf-aiops-西安,cr-2,cr,ens5,backbone,2235.822222222222,254522.53333333333,19.288888888888888,178.0222222222222,0,0,0,0,0
2026-07-28 17:45:00,ccf-aiops-西安,cr-2,cr,ens6,NULL,0,0,0,0,0,0,0,0,0
2026-07-28 17:45:00,ccf-aiops-西安,cr-2,cr,ens7,NULL,0,0,0,0,0,0,0,0,0
2026-07-28 17:45:00,ccf-aiops-西安,cr-2,cr,ens8,NULL,0,0,0,0,0,0,0,0,0
2026-07-28 17:45:00,ccf-aiops-西安,cr-2,cr,ens9,NULL,0,0,0,0,0,0,0,0,0
2026-07-28 17:45:00,ccf-aiops-西安,fw,firewall,ens3,NULL,196.11111111111111,130.35555555555555,1.8,0.9777777777777777,0,0,0,0,0
2026-07-28 17:45:00,ccf-aiops-西安,fw,firewall,ens4,backbone,2620050.4222222217,2143.311111111111,1771.4222222222222,18.51111111111111,0,0,0,0,0
2026-07-28 17:45:00,ccf-aiops-西安,fw,firewall,ens5,business,2296.5777777777776,2621188.8,19.777777777777775,1771.4666666666667,0,0,0,0,0
2026-07-28 17:45:00,ccf-aiops-西安,fw,firewall,ens6,NULL,0,0,0,0,0,0,0,0,0
2026-07-28 17:45:00,ccf-aiops-西安,monitor-vm,collector,ens3,NULL,183.26666666666668,68.93333333333334,2.2,0.6888888888888888,0,0,0,0,0
2026-07-28 17:45:00,ccf-aiops-西安,monitor-vm,collector,ens4,mgmt,29332.42222222222,987.2222222222222,11.933333333333334,8.577777777777778,0,0,0,0,0
2026-07-28 17:45:00,ccf-aiops-西安,monitor-vm,collector,ens5,NULL,0,0,0,0,0,0,0,0,0
2026-07-28 17:45:00,ccf-aiops-西安,monitor-vm,collector,ens6,NULL,0,0,0,0,0,0,0,0,0
2026-07-28 17:45:00,ccf-aiops-西安,probe-vm,probe,ens3,NULL,108.1111111111111,62.35555555555555,1.0444444444444445,0.31111111111111106,0,0,0,0,0
2026-07-28 17:45:00,ccf-aiops-西安,probe-vm,probe,ens4,business,145.55555555555554,1164.0666666666666,1.1777777777777776,0.26666666666666666,0,0,0,0,0
2026-07-28 17:45:00,ccf-aiops-西安,probe-vm,probe,ens5,NULL,0,0,0,0,0,0,0,0,0
2026-07-28 17:45:00,ccf-aiops-西安,probe-vm,probe,ens6,NULL,0,0,0,0,0,0,0,0,0
2026-07-28 17:45:00,ccf-aiops-西安,service-vm-1,service,ens3,NULL,365.93333333333334,170.93333333333334,4.177777777777778,1.6888888888888889,0,0,0,0,0
2026-07-28 17:45:00,ccf-aiops-西安,service-vm-1,service,ens4,service,130.53333333333333,1180,1.0666666666666667,0.28888888888888886,0,0,0,0,0
2026-07-28 17:45:00,ccf-aiops-西安,service-vm-1,service,ens5,NULL,0,0,0,0,0,0,0,0,0
2026-07-28 17:45:00,ccf-aiops-西安,service-vm-1,service,ens6,NULL,0,0,0,0,0,0,0,0,0
2026-07-28 17:45:00,ccf-aiops-西安,service-vm-2,service,ens3,NULL,73.44444444444443,62.35555555555555,0.4666666666666667,0.31111111111111106,0,0,0,0,0
2026-07-28 17:45:00,ccf-aiops-西安,service-vm-2,service,ens4,service,2608642.533333333,1176.1555555555556,1751.888888888889,0.3333333333333333,0,0,0,0,0
2026-07-28 17:45:00,ccf-aiops-西安,service-vm-2,service,ens5,NULL,0,0,0,0,0,0,0,0,0
2026-07-28 17:45:00,ccf-aiops-西安,service-vm-2,service,ens6,NULL,0,0,0,0,0,0,0,0,0
2026-07-28 17:45:00,ccf-aiops-西安,service-vm-3,service,ens3,NULL,9.866666666666667,0,0.13333333333333333,0,0,0,0,0,0
2026-07-28 17:45:00,ccf-aiops-西安,service-vm-3,service,ens4,service,143.64444444444445,1171.6666666666667,1.1555555555555554,0.3333333333333333,0,0,0,0,0
2026-07-28 17:45:00,ccf-aiops-西安,service-vm-3,service,ens5,NULL,0,0,0,0,0,0,0,0,0
2026-07-28 17:45:00,ccf-aiops-西安,service-vm-3,service,ens6,NULL,0,0,0,0,0,0,0,0,0
2026-07-28 17:45:00,ccf-aiops-西安,traffic-vm,traffic,ens3,NULL,168.53333333333333,68.93333333333334,2.066666666666667,0.6888888888888888,0,0,0,0,0
2026-07-28 17:45:00,ccf-aiops-西安,traffic-vm,traffic,ens4,business,2645.022222222222,15930.288888888888,18.933333333333334,19.177777777777774,0,0,0,0,0
2026-07-28 17:45:00,ccf-aiops-西安,traffic-vm,traffic,ens5,NULL,0,0,0,0,0,0,0,0,0
2026-07-28 17:45:00,ccf-aiops-西安,traffic-vm,traffic,ens6,NULL,0,0,0,0,0,0,0,0,0
