timestamp,region,node,node_type,interface_id,if_role,rx_bytes_rate,tx_bytes_rate,rx_packets_rate,tx_packets_rate,rx_drop_rate,tx_drop_rate,rx_error_rate,tx_error_rate,carrier_changes
2026-07-28 15:11:00,ccf-aiops-广州,br-1,br,ens10,NULL,0,0,0,0,0,0,0,0,0
2026-07-28 15:11:00,ccf-aiops-广州,br-1,br,ens11,NULL,0,0,0,0,0,0,0,0,0
2026-07-28 15:11:00,ccf-aiops-广州,br-1,br,ens12,NULL,0,0,0,0,0,0,0,0,0
2026-07-28 15:11:00,ccf-aiops-广州,br-1,br,ens3,NULL,34.888888888888886,0,0.5777777777777777,0,0,0,0,0,0
2026-07-28 15:11:00,ccf-aiops-广州,br-1,br,ens4,backbone,976.4444444444445,533.4444444444445,8.511111111111111,4.622222222222222,0,0,0,0,0
2026-07-28 15:11:00,ccf-aiops-广州,br-1,br,ens5,backbone,704.5111111111111,2766.0666666666666,5.977777777777777,5.51111111111111,0,0,0,0,0
2026-07-28 15:11:00,ccf-aiops-广州,br-1,br,ens6,NULL,0,0,0,0,0,0,0,0,0
2026-07-28 15:11:00,ccf-aiops-广州,br-1,br,ens7,NULL,0,0,0,0,0,0,0,0,0
2026-07-28 15:11:00,ccf-aiops-广州,br-1,br,ens8,NULL,0,0,0,0,0,0,0,0,0
2026-07-28 15:11:00,ccf-aiops-广州,br-1,br,ens9,NULL,0,0,0,0,0,0,0,0,0
2026-07-28 15:11:00,ccf-aiops-广州,br-2,br,ens10,NULL,0,0,0,0,0,0,0,0,0
2026-07-28 15:11:00,ccf-aiops-广州,br-2,br,ens11,NULL,0,0,0,0,0,0,0,0,0
2026-07-28 15:11:00,ccf-aiops-广州,br-2,br,ens12,NULL,0,0,0,0,0,0,0,0,0
2026-07-28 15:11:00,ccf-aiops-广州,br-2,br,ens3,NULL,34.888888888888886,0,0.5777777777777777,0,0,0,0,0,0
2026-07-28 15:11:00,ccf-aiops-广州,br-2,br,ens4,backbone,943.0666666666667,433.6666666666667,8.422222222222222,3.8,0,0,0,0,0
2026-07-28 15:11:00,ccf-aiops-广州,br-2,br,ens5,backbone,597.5555555555554,2685.133333333333,5.111111111111111,5.311111111111111,0,0,0,0,0
2026-07-28 15:11:00,ccf-aiops-广州,br-2,br,ens6,NULL,0,0,0,0,0,0,0,0,0
2026-07-28 15:11:00,ccf-aiops-广州,br-2,br,ens7,NULL,0,0,0,0,0,0,0,0,0
2026-07-28 15:11:00,ccf-aiops-广州,br-2,br,ens8,NULL,0,0,0,0,0,0,0,0,0
2026-07-28 15:11:00,ccf-aiops-广州,br-2,br,ens9,NULL,0,0,0,0,0,0,0,0,0
2026-07-28 15:11:00,ccf-aiops-广州,cr-1,cr,ens10,NULL,0,0,0,0,0,0,0,0,0
2026-07-28 15:11:00,ccf-aiops-广州,cr-1,cr,ens11,NULL,0,0,0,0,0,0,0,0,0
2026-07-28 15:11:00,ccf-aiops-广州,cr-1,cr,ens12,NULL,0,0,0,0,0,0,0,0,0
2026-07-28 15:11:00,ccf-aiops-广州,cr-1,cr,ens3,NULL,34.888888888888886,0,0.5777777777777777,0,0,0,0,0,0
2026-07-28 15:11:00,ccf-aiops-广州,cr-1,cr,ens4,backbone,2693.2222222222217,627.2222222222222,4.977777777777777,5.288888888888889,0,0,0,0,0
2026-07-28 15:11:00,ccf-aiops-广州,cr-1,cr,ens5,backbone,730.2444444444444,4723,6.111111111111111,5.777777777777777,0,0,0,0,0
2026-07-28 15:11:00,ccf-aiops-广州,cr-1,cr,ens6,NULL,0,0,0,0,0,0,0,0,0
2026-07-28 15:11:00,ccf-aiops-广州,cr-1,cr,ens7,NULL,0,0,0,0,0,0,0,0,0
2026-07-28 15:11:00,ccf-aiops-广州,cr-1,cr,ens8,NULL,0,0,0,0,0,0,0,0,0
2026-07-28 15:11:00,ccf-aiops-广州,cr-1,cr,ens9,NULL,0,0,0,0,0,0,0,0,0
2026-07-28 15:11:00,ccf-aiops-广州,cr-2,cr,ens10,NULL,0,0,0,0,0,0,0,0,0
2026-07-28 15:11:00,ccf-aiops-广州,cr-2,cr,ens11,NULL,0,0,0,0,0,0,0,0,0
2026-07-28 15:11:00,ccf-aiops-广州,cr-2,cr,ens12,NULL,0,0,0,0,0,0,0,0,0
2026-07-28 15:11:00,ccf-aiops-广州,cr-2,cr,ens3,NULL,33.55555555555556,0,0.5555555555555555,0,0,0,0,0,0
2026-07-28 15:11:00,ccf-aiops-广州,cr-2,cr,ens4,backbone,2693.4888888888886,569,5.977777777777777,4.866666666666666,0,0,0,0,0
2026-07-28 15:11:00,ccf-aiops-广州,cr-2,cr,ens5,backbone,693.2222222222222,4677.4222222222215,5.933333333333334,6.933333333333334,0,0,0,0,0
2026-07-28 15:11:00,ccf-aiops-广州,cr-2,cr,ens6,NULL,0,0,0,0,0,0,0,0,0
2026-07-28 15:11:00,ccf-aiops-广州,cr-2,cr,ens7,NULL,0,0,0,0,0,0,0,0,0
2026-07-28 15:11:00,ccf-aiops-广州,cr-2,cr,ens8,NULL,0,0,0,0,0,0,0,0,0
2026-07-28 15:11:00,ccf-aiops-广州,cr-2,cr,ens9,NULL,0,0,0,0,0,0,0,0,0
2026-07-28 15:11:00,ccf-aiops-广州,fw,firewall,ens3,NULL,273.37777777777774,162.88888888888886,2.8666666666666667,1.2888888888888888,0,0,0,0,0
2026-07-28 15:11:00,ccf-aiops-广州,fw,firewall,ens4,backbone,9301,1341.3333333333333,13.155555555555555,11.355555555555554,0,0,0,0,0
2026-07-28 15:11:00,ccf-aiops-广州,fw,firewall,ens5,business,1399.311111111111,10445.62222222222,11.844444444444443,13.155555555555555,0,0,0,0,0
2026-07-28 15:11:00,ccf-aiops-广州,fw,firewall,ens6,NULL,0,0,0,0,0,0,0,0,0
2026-07-28 15:11:00,ccf-aiops-广州,monitor-vm,collector,ens3,NULL,331.9555555555555,195.55555555555554,3.511111111111111,1.6222222222222222,0,0,0,0,0
2026-07-28 15:11:00,ccf-aiops-广州,monitor-vm,collector,ens4,mgmt,30668.866666666665,1015.8888888888888,11.244444444444444,8.91111111111111,0,0,0,0,0
2026-07-28 15:11:00,ccf-aiops-广州,monitor-vm,collector,ens5,NULL,0,0,0,0,0,0,0,0,0
2026-07-28 15:11:00,ccf-aiops-广州,monitor-vm,collector,ens6,NULL,0,0,0,0,0,0,0,0,0
2026-07-28 15:11:00,ccf-aiops-广州,probe-vm,probe,ens3,NULL,34.888888888888886,0,0.5777777777777777,0,0,0,0,0,0
2026-07-28 15:11:00,ccf-aiops-广州,probe-vm,probe,ens4,business,56.53333333333333,1169.2666666666667,0.4666666666666667,0.3333333333333333,0,0,0,0,0
2026-07-28 15:11:00,ccf-aiops-广州,probe-vm,probe,ens5,NULL,0,0,0,0,0,0,0,0,0
2026-07-28 15:11:00,ccf-aiops-广州,probe-vm,probe,ens6,NULL,0,0,0,0,0,0,0,0,0
2026-07-28 15:11:00,ccf-aiops-广州,service-vm-1,service,ens3,NULL,88.04444444444444,61.42222222222222,0.8444444444444444,0.28888888888888886,0,0,0,0,0
2026-07-28 15:11:00,ccf-aiops-广州,service-vm-1,service,ens4,service,65.73333333333333,1183.511111111111,0.5777777777777777,0.3555555555555555,0,0,0,0,0
2026-07-28 15:11:00,ccf-aiops-广州,service-vm-1,service,ens5,NULL,0,0,0,0,0,0,0,0,0
2026-07-28 15:11:00,ccf-aiops-广州,service-vm-1,service,ens6,NULL,0,0,0,0,0,0,0,0,0
2026-07-28 15:11:00,ccf-aiops-广州,service-vm-2,service,ens3,NULL,88.04444444444444,62.35555555555555,0.8444444444444444,0.31111111111111106,0,0,0,0,0
2026-07-28 15:11:00,ccf-aiops-广州,service-vm-2,service,ens4,service,63.6,1269.0666666666666,0.5333333333333333,0.3333333333333333,0,0,0,0,0
2026-07-28 15:11:00,ccf-aiops-广州,service-vm-2,service,ens5,NULL,0,0,0,0,0,0,0,0,0
2026-07-28 15:11:00,ccf-aiops-广州,service-vm-2,service,ens6,NULL,0,0,0,0,0,0,0,0,0
2026-07-28 15:11:00,ccf-aiops-广州,service-vm-3,service,ens3,NULL,446.6222222222222,669.5111111111111,3.0222222222222217,2.4888888888888885,0,0,0,0,0
2026-07-28 15:11:00,ccf-aiops-广州,service-vm-3,service,ens4,service,62.266666666666666,1180.511111111111,0.5333333333333333,0.3555555555555555,0,0,0,0,0
2026-07-28 15:11:00,ccf-aiops-广州,service-vm-3,service,ens5,NULL,0,0,0,0,0,0,0,0,0
2026-07-28 15:11:00,ccf-aiops-广州,service-vm-3,service,ens6,NULL,0,0,0,0,0,0,0,0,0
2026-07-28 15:11:00,ccf-aiops-广州,traffic-vm,traffic,ens3,NULL,158.88888888888886,68.93333333333334,1.9333333333333333,0.6888888888888888,0,0,0,0,0
2026-07-28 15:11:00,ccf-aiops-广州,traffic-vm,traffic,ens4,business,1434.822222222222,17083.533333333333,10.577777777777778,10.355555555555554,0,0,0,0,0
2026-07-28 15:11:00,ccf-aiops-广州,traffic-vm,traffic,ens5,NULL,0,0,0,0,0,0,0,0,0
2026-07-28 15:11:00,ccf-aiops-广州,traffic-vm,traffic,ens6,NULL,0,0,0,0,0,0,0,0,0
2026-07-28 15:12:00,ccf-aiops-广州,br-1,br,ens10,NULL,0,0,0,0,0,0,0,0,0
2026-07-28 15:12:00,ccf-aiops-广州,br-1,br,ens11,NULL,0,0,0,0,0,0,0,0,0
2026-07-28 15:12:00,ccf-aiops-广州,br-1,br,ens12,NULL,0,0,0,0,0,0,0,0,0
2026-07-28 15:12:00,ccf-aiops-广州,br-1,br,ens3,NULL,149.77777777777777,114.22222222222221,1.1333333333333333,0.5555555555555555,0,0,0,0,0
2026-07-28 15:12:00,ccf-aiops-广州,br-1,br,ens4,backbone,878.1111111111111,444.7777777777777,7.644444444444444,3.9555555555555553,0,0,0,0,0
2026-07-28 15:12:00,ccf-aiops-广州,br-1,br,ens5,backbone,608.3777777777777,2632.644444444444,5.333333333333333,5.066666666666666,0,0,0,0,0
2026-07-28 15:12:00,ccf-aiops-广州,br-1,br,ens6,NULL,0,0,0,0,0,0,0,0,0
2026-07-28 15:12:00,ccf-aiops-广州,br-1,br,ens7,NULL,0,0,0,0,0,0,0,0,0
2026-07-28 15:12:00,ccf-aiops-广州,br-1,br,ens8,NULL,0,0,0,0,0,0,0,0,0
2026-07-28 15:12:00,ccf-aiops-广州,br-1,br,ens9,NULL,0,0,0,0,0,0,0,0,0
2026-07-28 15:12:00,ccf-aiops-广州,br-2,br,ens10,NULL,0,0,0,0,0,0,0,0,0
2026-07-28 15:12:00,ccf-aiops-广州,br-2,br,ens11,NULL,0,0,0,0,0,0,0,0,0
2026-07-28 15:12:00,ccf-aiops-广州,br-2,br,ens12,NULL,0,0,0,0,0,0,0,0,0
2026-07-28 15:12:00,ccf-aiops-广州,br-2,br,ens3,NULL,149.77777777777777,114.22222222222221,1.1333333333333333,0.5555555555555555,0,0,0,0,0
2026-07-28 15:12:00,ccf-aiops-广州,br-2,br,ens4,backbone,851.7777777777777,434.2444444444444,7.622222222222222,3.933333333333333,0,0,0,0,0
2026-07-28 15:12:00,ccf-aiops-广州,br-2,br,ens5,backbone,573.0444444444444,2559.0444444444443,5.088888888888889,4.977777777777777,0,0,0,0,0
2026-07-28 15:12:00,ccf-aiops-广州,br-2,br,ens6,NULL,0,0,0,0,0,0,0,0,0
2026-07-28 15:12:00,ccf-aiops-广州,br-2,br,ens7,NULL,0,0,0,0,0,0,0,0,0
2026-07-28 15:12:00,ccf-aiops-广州,br-2,br,ens8,NULL,0,0,0,0,0,0,0,0,0
2026-07-28 15:12:00,ccf-aiops-广州,br-2,br,ens9,NULL,0,0,0,0,0,0,0,0,0
2026-07-28 15:12:00,ccf-aiops-广州,cr-1,cr,ens10,NULL,0,0,0,0,0,0,0,0,0
2026-07-28 15:12:00,ccf-aiops-广州,cr-1,cr,ens11,NULL,0,0,0,0,0,0,0,0,0
2026-07-28 15:12:00,ccf-aiops-广州,cr-1,cr,ens12,NULL,0,0,0,0,0,0,0,0,0
2026-07-28 15:12:00,ccf-aiops-广州,cr-1,cr,ens3,NULL,42.13333333333333,0,0.5777777777777777,0,0,0,0,0,0
2026-07-28 15:12:00,ccf-aiops-广州,cr-1,cr,ens4,backbone,2811.733333333333,617.6444444444444,6.555555555555555,5.466666666666667,0,0,0,0,0
2026-07-28 15:12:00,ccf-aiops-广州,cr-1,cr,ens5,backbone,740.4888888888888,4788.022222222222,6.51111111111111,7.4,0,0,0,0,0
2026-07-28 15:12:00,ccf-aiops-广州,cr-1,cr,ens6,NULL,0,0,0,0,0,0,0,0,0
2026-07-28 15:12:00,ccf-aiops-广州,cr-1,cr,ens7,NULL,0,0,0,0,0,0,0,0,0
2026-07-28 15:12:00,ccf-aiops-广州,cr-1,cr,ens8,NULL,0,0,0,0,0,0,0,0,0
2026-07-28 15:12:00,ccf-aiops-广州,cr-1,cr,ens9,NULL,0,0,0,0,0,0,0,0,0
2026-07-28 15:12:00,ccf-aiops-广州,cr-2,cr,ens10,NULL,0,0,0,0,0,0,0,0,0
2026-07-28 15:12:00,ccf-aiops-广州,cr-2,cr,ens11,NULL,0,0,0,0,0,0,0,0,0
2026-07-28 15:12:00,ccf-aiops-广州,cr-2,cr,ens12,NULL,0,0,0,0,0,0,0,0,0
2026-07-28 15:12:00,ccf-aiops-广州,cr-2,cr,ens3,NULL,42.13333333333333,0,0.5777777777777777,0,0,0,0,0,0
2026-07-28 15:12:00,ccf-aiops-广州,cr-2,cr,ens4,backbone,2311,479.26666666666665,3.2888888888888888,4.2444444444444445,0,0,0,0,0
2026-07-28 15:12:00,ccf-aiops-广州,cr-2,cr,ens5,backbone,607.311111111111,4203.2444444444445,5.355555555555555,4.177777777777778,0,0,0,0,0
2026-07-28 15:12:00,ccf-aiops-广州,cr-2,cr,ens6,NULL,0,0,0,0,0,0,0,0,0
2026-07-28 15:12:00,ccf-aiops-广州,cr-2,cr,ens7,NULL,0,0,0,0,0,0,0,0,0
2026-07-28 15:12:00,ccf-aiops-广州,cr-2,cr,ens8,NULL,0,0,0,0,0,0,0,0,0
2026-07-28 15:12:00,ccf-aiops-广州,cr-2,cr,ens9,NULL,0,0,0,0,0,0,0,0,0
2026-07-28 15:12:00,ccf-aiops-广州,fw,firewall,ens3,NULL,227.46666666666667,102.93333333333334,2.6,1.0222222222222221,0,0,0,0,0
2026-07-28 15:12:00,ccf-aiops-广州,fw,firewall,ens4,backbone,8819.4,1199.1333333333334,12.02222222222222,10.555555555555554,0,0,0,0,0
2026-07-28 15:12:00,ccf-aiops-广州,fw,firewall,ens5,business,1255.5555555555554,9968.977777777776,11.02222222222222,12.088888888888887,0,0,0,0,0
2026-07-28 15:12:00,ccf-aiops-广州,fw,firewall,ens6,NULL,0,0,0,0,0,0,0,0,0
2026-07-28 15:12:00,ccf-aiops-广州,monitor-vm,collector,ens3,NULL,335.1111111111111,194.75555555555553,3.466666666666667,1.6222222222222222,0,0,0,0,0
2026-07-28 15:12:00,ccf-aiops-广州,monitor-vm,collector,ens4,mgmt,30276.022222222222,1060.9555555555555,11.355555555555554,9.444444444444445,0,0,0,0,0
2026-07-28 15:12:00,ccf-aiops-广州,monitor-vm,collector,ens5,NULL,0,0,0,0,0,0,0,0,0
2026-07-28 15:12:00,ccf-aiops-广州,monitor-vm,collector,ens6,NULL,0,0,0,0,0,0,0,0,0
2026-07-28 15:12:00,ccf-aiops-广州,probe-vm,probe,ens3,NULL,42.13333333333333,0,0.5777777777777777,0,0,0,0,0,0
2026-07-28 15:12:00,ccf-aiops-广州,probe-vm,probe,ens4,business,64.17777777777778,1166.9777777777776,0.5555555555555555,0.31111111111111106,0,0,0,0,0
2026-07-28 15:12:00,ccf-aiops-广州,probe-vm,probe,ens5,NULL,0,0,0,0,0,0,0,0,0
2026-07-28 15:12:00,ccf-aiops-广州,probe-vm,probe,ens6,NULL,0,0,0,0,0,0,0,0,0
2026-07-28 15:12:00,ccf-aiops-广州,service-vm-1,service,ens3,NULL,42.13333333333333,0,0.5777777777777777,0,0,0,0,0,0
2026-07-28 15:12:00,ccf-aiops-广州,service-vm-1,service,ens4,service,62.266666666666666,1186.7777777777776,0.5333333333333333,0.4,0,0,0,0,0
2026-07-28 15:12:00,ccf-aiops-广州,service-vm-1,service,ens5,NULL,0,0,0,0,0,0,0,0,0
2026-07-28 15:12:00,ccf-aiops-广州,service-vm-1,service,ens6,NULL,0,0,0,0,0,0,0,0,0
2026-07-28 15:12:00,ccf-aiops-广州,service-vm-2,service,ens3,NULL,90.08888888888889,61.42222222222222,0.7777777777777778,0.28888888888888886,0,0,0,0,0
2026-07-28 15:12:00,ccf-aiops-广州,service-vm-2,service,ens4,service,69.9111111111111,1180.888888888889,0.6222222222222221,0.3777777777777777,0,0,0,0,0
2026-07-28 15:12:00,ccf-aiops-广州,service-vm-2,service,ens5,NULL,0,0,0,0,0,0,0,0,0
2026-07-28 15:12:00,ccf-aiops-广州,service-vm-2,service,ens6,NULL,0,0,0,0,0,0,0,0,0
2026-07-28 15:12:00,ccf-aiops-广州,service-vm-3,service,ens3,NULL,712.0666666666667,756.9777777777778,3.466666666666667,2.6,0,0,0,0,0
2026-07-28 15:12:00,ccf-aiops-广州,service-vm-3,service,ens4,service,66.08888888888889,1182.1555555555556,0.5777777777777777,0.3555555555555555,0,0,0,0,0
2026-07-28 15:12:00,ccf-aiops-广州,service-vm-3,service,ens5,NULL,0,0,0,0,0,0,0,0,0
2026-07-28 15:12:00,ccf-aiops-广州,service-vm-3,service,ens6,NULL,0,0,0,0,0,0,0,0,0
2026-07-28 15:12:00,ccf-aiops-广州,traffic-vm,traffic,ens3,NULL,212.75555555555553,130.35555555555555,2.111111111111111,0.9777777777777777,0,0,0,0,0
2026-07-28 15:12:00,ccf-aiops-广州,traffic-vm,traffic,ens4,business,1344.9333333333334,16962.066666666666,10.244444444444444,9.622222222222222,0,0,0,0,0
2026-07-28 15:12:00,ccf-aiops-广州,traffic-vm,traffic,ens5,NULL,0,0,0,0,0,0,0,0,0
2026-07-28 15:12:00,ccf-aiops-广州,traffic-vm,traffic,ens6,NULL,0,0,0,0,0,0,0,0,0
2026-07-28 15:13:00,ccf-aiops-广州,br-1,br,ens10,NULL,0,0,0,0,0,0,0,0,0
2026-07-28 15:13:00,ccf-aiops-广州,br-1,br,ens11,NULL,0,0,0,0,0,0,0,0,0
2026-07-28 15:13:00,ccf-aiops-广州,br-1,br,ens12,NULL,0,0,0,0,0,0,0,0,0
2026-07-28 15:13:00,ccf-aiops-广州,br-1,br,ens3,NULL,48.666666666666664,0,0.7555555555555554,0,0,0,0,0,0
2026-07-28 15:13:00,ccf-aiops-广州,br-1,br,ens4,backbone,649865.1555555555,4424.266666666666,70.82222222222222,49.31111111111111,0,0,0,0,0
2026-07-28 15:13:00,ccf-aiops-广州,br-1,br,ens5,backbone,4595.11111111111,651543,50.733333333333334,65.48888888888888,0,0,0,0,0
2026-07-28 15:13:00,ccf-aiops-广州,br-1,br,ens6,NULL,0,0,0,0,0,0,0,0,0
2026-07-28 15:13:00,ccf-aiops-广州,br-1,br,ens7,NULL,0,0,0,0,0,0,0,0,0
2026-07-28 15:13:00,ccf-aiops-广州,br-1,br,ens8,NULL,0,0,0,0,0,0,0,0,0
2026-07-28 15:13:00,ccf-aiops-广州,br-1,br,ens9,NULL,0,0,0,0,0,0,0,0,0
2026-07-28 15:13:00,ccf-aiops-广州,br-2,br,ens10,NULL,0,0,0,0,0,0,0,0,0
2026-07-28 15:13:00,ccf-aiops-广州,br-2,br,ens11,NULL,0,0,0,0,0,0,0,0,0
2026-07-28 15:13:00,ccf-aiops-广州,br-2,br,ens12,NULL,0,0,0,0,0,0,0,0,0
2026-07-28 15:13:00,ccf-aiops-广州,br-2,br,ens3,NULL,50.222222222222214,0,0.7777777777777778,0,0,0,0,0,0
2026-07-28 15:13:00,ccf-aiops-广州,br-2,br,ens4,backbone,585.2222222222222,204.86666666666667,5.622222222222222,1.9333333333333333,0,0,0,0,0
2026-07-28 15:13:00,ccf-aiops-广州,br-2,br,ens5,backbone,363.3333333333333,2481.5777777777776,3.2888888888888888,2.8,0,0,0,0,0
2026-07-28 15:13:00,ccf-aiops-广州,br-2,br,ens6,NULL,0,0,0,0,0,0,0,0,0
2026-07-28 15:13:00,ccf-aiops-广州,br-2,br,ens7,NULL,0,0,0,0,0,0,0,0,0
2026-07-28 15:13:00,ccf-aiops-广州,br-2,br,ens8,NULL,0,0,0,0,0,0,0,0,0
2026-07-28 15:13:00,ccf-aiops-广州,br-2,br,ens9,NULL,0,0,0,0,0,0,0,0,0
2026-07-28 15:13:00,ccf-aiops-广州,cr-1,cr,ens10,NULL,0,0,0,0,0,0,0,0,0
2026-07-28 15:13:00,ccf-aiops-广州,cr-1,cr,ens11,NULL,0,0,0,0,0,0,0,0,0
2026-07-28 15:13:00,ccf-aiops-广州,cr-1,cr,ens12,NULL,0,0,0,0,0,0,0,0,0
2026-07-28 15:13:00,ccf-aiops-广州,cr-1,cr,ens3,NULL,156.3111111111111,114.22222222222221,1.311111111111111,0.5555555555555555,0,0,0,0,0
2026-07-28 15:13:00,ccf-aiops-广州,cr-1,cr,ens4,backbone,651843.4222222221,359.71111111111105,76.88888888888889,3.0888888888888886,0,0,0,0,0
2026-07-28 15:13:00,ccf-aiops-广州,cr-1,cr,ens5,backbone,478.46666666666664,654128.7333333333,4.088888888888889,76.68888888888888,0,0,0,0,0
2026-07-28 15:13:00,ccf-aiops-广州,cr-1,cr,ens6,NULL,0,0,0,0,0,0,0,0,0
2026-07-28 15:13:00,ccf-aiops-广州,cr-1,cr,ens7,NULL,0,0,0,0,0,0,0,0,0
2026-07-28 15:13:00,ccf-aiops-广州,cr-1,cr,ens8,NULL,0,0,0,0,0,0,0,0,0
2026-07-28 15:13:00,ccf-aiops-广州,cr-1,cr,ens9,NULL,0,0,0,0,0,0,0,0,0
2026-07-28 15:13:00,ccf-aiops-广州,cr-2,cr,ens10,NULL,0,0,0,0,0,0,0,0,0
2026-07-28 15:13:00,ccf-aiops-广州,cr-2,cr,ens11,NULL,0,0,0,0,0,0,0,0,0
2026-07-28 15:13:00,ccf-aiops-广州,cr-2,cr,ens12,NULL,0,0,0,0,0,0,0,0,0
2026-07-28 15:13:00,ccf-aiops-广州,cr-2,cr,ens3,NULL,148.08888888888887,114.22222222222221,1.2,0.5555555555555555,0,0,0,0,0
2026-07-28 15:13:00,ccf-aiops-广州,cr-2,cr,ens4,backbone,3193.9555555555553,4532.4,4.177777777777778,50.288888888888884,0,0,0,0,0
2026-07-28 15:13:00,ccf-aiops-广州,cr-2,cr,ens5,backbone,4656.622222222222,5116.31111111111,51.35555555555555,5.111111111111111,0,0,0,0,0
2026-07-28 15:13:00,ccf-aiops-广州,cr-2,cr,ens6,NULL,0,0,0,0,0,0,0,0,0
2026-07-28 15:13:00,ccf-aiops-广州,cr-2,cr,ens7,NULL,0,0,0,0,0,0,0,0,0
2026-07-28 15:13:00,ccf-aiops-广州,cr-2,cr,ens8,NULL,0,0,0,0,0,0,0,0,0
2026-07-28 15:13:00,ccf-aiops-广州,cr-2,cr,ens9,NULL,0,0,0,0,0,0,0,0,0
2026-07-28 15:13:00,ccf-aiops-广州,fw,firewall,ens3,NULL,329.3333333333333,222.97777777777776,3.1777777777777776,1.5777777777777777,0,0,0,0,0
2026-07-28 15:13:00,ccf-aiops-广州,fw,firewall,ens4,backbone,659847.6888888888,5087.377777777777,93.04444444444444,55,0,0,0,0,0
2026-07-28 15:13:00,ccf-aiops-广州,fw,firewall,ens5,business,5153.177777777777,660869.6,55.577777777777776,91.62222222222222,0,0,0,0,0
2026-07-28 15:13:00,ccf-aiops-广州,fw,firewall,ens6,NULL,0,0,0,0,0,0,0,0,0
2026-07-28 15:13:00,ccf-aiops-广州,monitor-vm,collector,ens3,NULL,349.8222222222222,199.28888888888886,3.7333333333333334,1.6666666666666667,0,0,0,0,0
2026-07-28 15:13:00,ccf-aiops-广州,monitor-vm,collector,ens4,mgmt,31103.466666666667,1040.4666666666667,11.888888888888888,9.2,0,0,0,0,0
2026-07-28 15:13:00,ccf-aiops-广州,monitor-vm,collector,ens5,NULL,0,0,0,0,0,0,0,0,0
2026-07-28 15:13:00,ccf-aiops-广州,monitor-vm,collector,ens6,NULL,0,0,0,0,0,0,0,0,0
2026-07-28 15:13:00,ccf-aiops-广州,probe-vm,probe,ens3,NULL,47.11111111111111,0.9333333333333333,0.7333333333333333,0.02222222222222222,0,0,0,0,0
2026-07-28 15:13:00,ccf-aiops-广州,probe-vm,probe,ens4,business,62.266666666666666,1171.2222222222222,0.5333333333333333,0.3555555555555555,0,0,0,0,0
2026-07-28 15:13:00,ccf-aiops-广州,probe-vm,probe,ens5,NULL,0,0,0,0,0,0,0,0,0
2026-07-28 15:13:00,ccf-aiops-广州,probe-vm,probe,ens6,NULL,0,0,0,0,0,0,0,0,0
2026-07-28 15:13:00,ccf-aiops-广州,service-vm-1,service,ens3,NULL,39.331585262877205,0,0.6221945691302608,0,0,0,0,0,0
2026-07-28 15:13:00,ccf-aiops-广州,service-vm-1,service,ens4,service,66.61926136616151,1188.5471756810807,0.5777520999066709,0.42220345762410555,0,0,0,0,0
2026-07-28 15:13:00,ccf-aiops-广州,service-vm-1,service,ens5,NULL,0,0,0,0,0,0,0,0,0
2026-07-28 15:13:00,ccf-aiops-广州,service-vm-1,service,ens6,NULL,0,0,0,0,0,0,0,0,0
2026-07-28 15:13:00,ccf-aiops-广州,service-vm-2,service,ens3,NULL,104.7111111111111,60.888888888888886,1.0666666666666667,0.28888888888888886,0,0,0,0,0
2026-07-28 15:13:00,ccf-aiops-广州,service-vm-2,service,ens4,service,64.44444444444444,1182.1111111111109,0.5555555555555555,0.3777777777777777,0,0,0,0,0
2026-07-28 15:13:00,ccf-aiops-广州,service-vm-2,service,ens5,NULL,0,0,0,0,0,0,0,0,0
2026-07-28 15:13:00,ccf-aiops-广州,service-vm-2,service,ens6,NULL,0,0,0,0,0,0,0,0,0
2026-07-28 15:13:00,ccf-aiops-广州,service-vm-3,service,ens3,NULL,425.6,812.311111111111,5.71111111111111,5.244444444444444,0,0,0,0,0
2026-07-28 15:13:00,ccf-aiops-广州,service-vm-3,service,ens4,service,651738.0888888888,5470.0888888888885,93.46666666666667,48.53333333333333,0,0,0,0,0
2026-07-28 15:13:00,ccf-aiops-广州,service-vm-3,service,ens5,NULL,0,0,0,0,0,0,0,0,0
2026-07-28 15:13:00,ccf-aiops-广州,service-vm-3,service,ens6,NULL,0,0,0,0,0,0,0,0,0
2026-07-28 15:13:00,ccf-aiops-广州,traffic-vm,traffic,ens3,NULL,228.57777777777775,128.88888888888889,2.422222222222222,0.9555555555555555,0,0,0,0,0
2026-07-28 15:13:00,ccf-aiops-广州,traffic-vm,traffic,ens4,business,665.0222222222221,16387.17777777778,5.111111111111111,4.555555555555555,0,0,0,0,0
2026-07-28 15:13:00,ccf-aiops-广州,traffic-vm,traffic,ens5,NULL,0,0,0,0,0,0,0,0,0
2026-07-28 15:13:00,ccf-aiops-广州,traffic-vm,traffic,ens6,NULL,0,0,0,0,0,0,0,0,0
2026-07-28 15:14:00,ccf-aiops-广州,br-1,br,ens10,NULL,0,0,0,0,0,0,0,0,0
2026-07-28 15:14:00,ccf-aiops-广州,br-1,br,ens11,NULL,0,0,0,0,0,0,0,0,0
2026-07-28 15:14:00,ccf-aiops-广州,br-1,br,ens12,NULL,0,0,0,0,0,0,0,0,0
2026-07-28 15:14:00,ccf-aiops-广州,br-1,br,ens3,NULL,33.55555555555556,0,0.5555555555555555,0,0,0,0,0,0
2026-07-28 15:14:00,ccf-aiops-广州,br-1,br,ens4,backbone,789.2666666666667,305.22222222222223,7.444444444444444,2.711111111111111,0,0,0,0,0
2026-07-28 15:14:00,ccf-aiops-广州,br-1,br,ens5,backbone,454.4,2212.6666666666665,3.9555555555555553,3.511111111111111,0,0,0,0,0
2026-07-28 15:14:00,ccf-aiops-广州,br-1,br,ens6,NULL,0,0,0,0,0,0,0,0,0
2026-07-28 15:14:00,ccf-aiops-广州,br-1,br,ens7,NULL,0,0,0,0,0,0,0,0,0
2026-07-28 15:14:00,ccf-aiops-广州,br-1,br,ens8,NULL,0,0,0,0,0,0,0,0,0
2026-07-28 15:14:00,ccf-aiops-广州,br-1,br,ens9,NULL,0,0,0,0,0,0,0,0,0
2026-07-28 15:14:00,ccf-aiops-广州,br-2,br,ens10,NULL,0,0,0,0,0,0,0,0,0
2026-07-28 15:14:00,ccf-aiops-广州,br-2,br,ens11,NULL,0,0,0,0,0,0,0,0,0
2026-07-28 15:14:00,ccf-aiops-广州,br-2,br,ens12,NULL,0,0,0,0,0,0,0,0,0
2026-07-28 15:14:00,ccf-aiops-广州,br-2,br,ens3,NULL,33.55555555555556,0,0.5555555555555555,0,0,0,0,0,0
2026-07-28 15:14:00,ccf-aiops-广州,br-2,br,ens4,backbone,788.4888888888888,242.0222222222222,7.377777777777777,2.222222222222222,0,0,0,0,0
2026-07-28 15:14:00,ccf-aiops-广州,br-2,br,ens5,backbone,393.71111111111105,2184.9777777777776,3.511111111111111,3.511111111111111,0,0,0,0,0
2026-07-28 15:14:00,ccf-aiops-广州,br-2,br,ens6,NULL,0,0,0,0,0,0,0,0,0
2026-07-28 15:14:00,ccf-aiops-广州,br-2,br,ens7,NULL,0,0,0,0,0,0,0,0,0
2026-07-28 15:14:00,ccf-aiops-广州,br-2,br,ens8,NULL,0,0,0,0,0,0,0,0,0
2026-07-28 15:14:00,ccf-aiops-广州,br-2,br,ens9,NULL,0,0,0,0,0,0,0,0,0
2026-07-28 15:14:00,ccf-aiops-广州,cr-1,cr,ens10,NULL,0,0,0,0,0,0,0,0,0
2026-07-28 15:14:00,ccf-aiops-广州,cr-1,cr,ens11,NULL,0,0,0,0,0,0,0,0,0
2026-07-28 15:14:00,ccf-aiops-广州,cr-1,cr,ens12,NULL,0,0,0,0,0,0,0,0,0
2026-07-28 15:14:00,ccf-aiops-广州,cr-1,cr,ens3,NULL,141.2,114.22222222222221,1.111111111111111,0.5555555555555555,0,0,0,0,0
2026-07-28 15:14:00,ccf-aiops-广州,cr-1,cr,ens4,backbone,2319,432.71111111111105,4.4,3.7333333333333334,0,0,0,0,0
2026-07-28 15:14:00,ccf-aiops-广州,cr-1,cr,ens5,backbone,556.0888888888888,4066.111111111111,4.777777777777777,5.088888888888889,0,0,0,0,0
2026-07-28 15:14:00,ccf-aiops-广州,cr-1,cr,ens6,NULL,0,0,0,0,0,0,0,0,0
2026-07-28 15:14:00,ccf-aiops-广州,cr-1,cr,ens7,NULL,0,0,0,0,0,0,0,0,0
2026-07-28 15:14:00,ccf-aiops-广州,cr-1,cr,ens8,NULL,0,0,0,0,0,0,0,0,0
2026-07-28 15:14:00,ccf-aiops-广州,cr-1,cr,ens9,NULL,0,0,0,0,0,0,0,0,0
2026-07-28 15:14:00,ccf-aiops-广州,cr-2,cr,ens10,NULL,0,0,0,0,0,0,0,0,0
2026-07-28 15:14:00,ccf-aiops-广州,cr-2,cr,ens11,NULL,0,0,0,0,0,0,0,0,0
2026-07-28 15:14:00,ccf-aiops-广州,cr-2,cr,ens12,NULL,0,0,0,0,0,0,0,0,0
2026-07-28 15:14:00,ccf-aiops-广州,cr-2,cr,ens3,NULL,40.75555555555555,0,0.6444444444444444,0,0,0,0,0,0
2026-07-28 15:14:00,ccf-aiops-广州,cr-2,cr,ens4,backbone,1994.7777777777776,277.9555555555555,2.6,2.444444444444444,0,0,0,0,0
2026-07-28 15:14:00,ccf-aiops-广州,cr-2,cr,ens5,backbone,398.71111111111105,3735.1777777777775,3.466666666666667,3.2888888888888888,0,0,0,0,0
2026-07-28 15:14:00,ccf-aiops-广州,cr-2,cr,ens6,NULL,0,0,0,0,0,0,0,0,0
2026-07-28 15:14:00,ccf-aiops-广州,cr-2,cr,ens7,NULL,0,0,0,0,0,0,0,0,0
2026-07-28 15:14:00,ccf-aiops-广州,cr-2,cr,ens8,NULL,0,0,0,0,0,0,0,0,0
2026-07-28 15:14:00,ccf-aiops-广州,cr-2,cr,ens9,NULL,0,0,0,0,0,0,0,0,0
2026-07-28 15:14:00,ccf-aiops-广州,fw,firewall,ens3,NULL,222,100.66666666666667,2.622222222222222,1,0,0,0,0,0
2026-07-28 15:14:00,ccf-aiops-广州,fw,firewall,ens4,backbone,7588.444444444443,778.2,8.022222222222222,6.688888888888888,0,0,0,0,0
2026-07-28 15:14:00,ccf-aiops-广州,fw,firewall,ens5,business,838.4444444444445,8722.377777777778,7.2,7.933333333333334,0,0,0,0,0
2026-07-28 15:14:00,ccf-aiops-广州,fw,firewall,ens6,NULL,0,0,0,0,0,0,0,0,0
2026-07-28 15:14:00,ccf-aiops-广州,monitor-vm,collector,ens3,NULL,276.1333333333333,134.66666666666666,3.2,1.3333333333333333,0,0,0,0,0
2026-07-28 15:14:00,ccf-aiops-广州,monitor-vm,collector,ens4,mgmt,29395.377777777776,1027.9333333333334,10.622222222222222,9.066666666666666,0,0,0,0,0
2026-07-28 15:14:00,ccf-aiops-广州,monitor-vm,collector,ens5,NULL,0,0,0,0,0,0,0,0,0
2026-07-28 15:14:00,ccf-aiops-广州,monitor-vm,collector,ens6,NULL,0,0,0,0,0,0,0,0,0
2026-07-28 15:14:00,ccf-aiops-广州,probe-vm,probe,ens3,NULL,90.57777777777777,62.35555555555555,0.8666666666666667,0.31111111111111106,0,0,0,0,0
2026-07-28 15:14:00,ccf-aiops-广州,probe-vm,probe,ens4,business,67.64444444444445,1175,0.6,0.3777777777777777,0,0,0,0,0
2026-07-28 15:14:00,ccf-aiops-广州,probe-vm,probe,ens5,NULL,0,0,0,0,0,0,0,0,0
2026-07-28 15:14:00,ccf-aiops-广州,probe-vm,probe,ens6,NULL,0,0,0,0,0,0,0,0,0
2026-07-28 15:14:00,ccf-aiops-广州,service-vm-1,service,ens3,NULL,143.73333333333332,122.3111111111111,1.1333333333333333,0.5777777777777777,0,0,0,0,0
2026-07-28 15:14:00,ccf-aiops-广州,service-vm-1,service,ens4,service,73.73333333333333,1192.7333333333333,0.6666666666666666,0.4666666666666667,0,0,0,0,0
2026-07-28 15:14:00,ccf-aiops-广州,service-vm-1,service,ens5,NULL,0,0,0,0,0,0,0,0,0
2026-07-28 15:14:00,ccf-aiops-广州,service-vm-1,service,ens6,NULL,0,0,0,0,0,0,0,0,0
2026-07-28 15:14:00,ccf-aiops-广州,service-vm-2,service,ens3,NULL,32.22222222222222,0,0.5333333333333333,0,0,0,0,0,0
2026-07-28 15:14:00,ccf-aiops-广州,service-vm-2,service,ens4,service,67.64444444444445,1184.1333333333334,0.6,0.4,0,0,0,0,0
2026-07-28 15:14:00,ccf-aiops-广州,service-vm-2,service,ens5,NULL,0,0,0,0,0,0,0,0,0
2026-07-28 15:14:00,ccf-aiops-广州,service-vm-2,service,ens6,NULL,0,0,0,0,0,0,0,0,0
2026-07-28 15:14:00,ccf-aiops-广州,service-vm-3,service,ens3,NULL,87.15555555555555,40.044444444444444,1.2444444444444442,0.3777777777777777,0,0,0,0,0
2026-07-28 15:14:00,ccf-aiops-广州,service-vm-3,service,ens4,service,66.08888888888889,1184.711111111111,0.5777777777777777,0.4,0,0,0,0,0
2026-07-28 15:14:00,ccf-aiops-广州,service-vm-3,service,ens5,NULL,0,0,0,0,0,0,0,0,0
2026-07-28 15:14:00,ccf-aiops-广州,service-vm-3,service,ens6,NULL,0,0,0,0,0,0,0,0,0
2026-07-28 15:14:00,ccf-aiops-广州,traffic-vm,traffic,ens3,NULL,206.7111111111111,128.88888888888889,2.111111111111111,0.9555555555555555,0,0,0,0,0
2026-07-28 15:14:00,ccf-aiops-广州,traffic-vm,traffic,ens4,business,1139.3777777777775,16730.42222222222,8.177777777777777,7.644444444444444,0,0,0,0,0
2026-07-28 15:14:00,ccf-aiops-广州,traffic-vm,traffic,ens5,NULL,0,0,0,0,0,0,0,0,0
2026-07-28 15:14:00,ccf-aiops-广州,traffic-vm,traffic,ens6,NULL,0,0,0,0,0,0,0,0,0
2026-07-28 15:15:00,ccf-aiops-广州,br-1,br,ens10,NULL,0,0,0,0,0,0,0,0,0
2026-07-28 15:15:00,ccf-aiops-广州,br-1,br,ens11,NULL,0,0,0,0,0,0,0,0,0
2026-07-28 15:15:00,ccf-aiops-广州,br-1,br,ens12,NULL,0,0,0,0,0,0,0,0,0
2026-07-28 15:15:00,ccf-aiops-广州,br-1,br,ens3,NULL,140.97777777777776,114.22222222222221,1.111111111111111,0.5555555555555555,0,0,0,0,0
2026-07-28 15:15:00,ccf-aiops-广州,br-1,br,ens4,backbone,556.1777777777777,169.57777777777775,5.688888888888888,1.5555555555555556,0,0,0,0,0
2026-07-28 15:15:00,ccf-aiops-广州,br-1,br,ens5,backbone,314.6444444444444,2094.266666666667,2.8,2.2888888888888888,0,0,0,0,0
2026-07-28 15:15:00,ccf-aiops-广州,br-1,br,ens6,NULL,0,0,0,0,0,0,0,0,0
2026-07-28 15:15:00,ccf-aiops-广州,br-1,br,ens7,NULL,0,0,0,0,0,0,0,0,0
2026-07-28 15:15:00,ccf-aiops-广州,br-1,br,ens8,NULL,0,0,0,0,0,0,0,0,0
2026-07-28 15:15:00,ccf-aiops-广州,br-1,br,ens9,NULL,0,0,0,0,0,0,0,0,0
2026-07-28 15:15:00,ccf-aiops-广州,br-2,br,ens10,NULL,0,0,0,0,0,0,0,0,0
2026-07-28 15:15:00,ccf-aiops-广州,br-2,br,ens11,NULL,0,0,0,0,0,0,0,0,0
2026-07-28 15:15:00,ccf-aiops-广州,br-2,br,ens12,NULL,0,0,0,0,0,0,0,0,0
2026-07-28 15:15:00,ccf-aiops-广州,br-2,br,ens3,NULL,140.97777777777776,114.22222222222221,1.111111111111111,0.5555555555555555,0,0,0,0,0
2026-07-28 15:15:00,ccf-aiops-广州,br-2,br,ens4,backbone,559,107.84444444444443,5.688888888888888,1.0222222222222221,0,0,0,0,0
2026-07-28 15:15:00,ccf-aiops-广州,br-2,br,ens5,backbone,244.55555555555554,2050.5777777777776,2.1555555555555554,2.311111111111111,0,0,0,0,0
2026-07-28 15:15:00,ccf-aiops-广州,br-2,br,ens6,NULL,0,0,0,0,0,0,0,0,0
2026-07-28 15:15:00,ccf-aiops-广州,br-2,br,ens7,NULL,0,0,0,0,0,0,0,0,0
2026-07-28 15:15:00,ccf-aiops-广州,br-2,br,ens8,NULL,0,0,0,0,0,0,0,0,0
2026-07-28 15:15:00,ccf-aiops-广州,br-2,br,ens9,NULL,0,0,0,0,0,0,0,0,0
2026-07-28 15:15:00,ccf-aiops-广州,cr-1,cr,ens10,NULL,0,0,0,0,0,0,0,0,0
2026-07-28 15:15:00,ccf-aiops-广州,cr-1,cr,ens11,NULL,0,0,0,0,0,0,0,0,0
2026-07-28 15:15:00,ccf-aiops-广州,cr-1,cr,ens12,NULL,0,0,0,0,0,0,0,0,0
2026-07-28 15:15:00,ccf-aiops-广州,cr-1,cr,ens3,NULL,33.333333333333336,0,0.5555555555555555,0,0,0,0,0,0
2026-07-28 15:15:00,ccf-aiops-广州,cr-1,cr,ens4,backbone,2175.288888888889,211.24444444444444,3.0444444444444443,1.8888888888888888,0,0,0,0,0
2026-07-28 15:15:00,ccf-aiops-广州,cr-1,cr,ens5,backbone,335.2888888888889,4026.511111111111,2.9555555555555553,3.844444444444444,0,0,0,0,0
2026-07-28 15:15:00,ccf-aiops-广州,cr-1,cr,ens6,NULL,0,0,0,0,0,0,0,0,0
2026-07-28 15:15:00,ccf-aiops-广州,cr-1,cr,ens7,NULL,0,0,0,0,0,0,0,0,0
2026-07-28 15:15:00,ccf-aiops-广州,cr-1,cr,ens8,NULL,0,0,0,0,0,0,0,0,0
2026-07-28 15:15:00,ccf-aiops-广州,cr-1,cr,ens9,NULL,0,0,0,0,0,0,0,0,0
2026-07-28 15:15:00,ccf-aiops-广州,cr-2,cr,ens10,NULL,0,0,0,0,0,0,0,0,0
2026-07-28 15:15:00,ccf-aiops-广州,cr-2,cr,ens11,NULL,0,0,0,0,0,0,0,0,0
2026-07-28 15:15:00,ccf-aiops-广州,cr-2,cr,ens12,NULL,0,0,0,0,0,0,0,0,0
2026-07-28 15:15:00,ccf-aiops-广州,cr-2,cr,ens3,NULL,32,0,0.5333333333333333,0,0,0,0,0,0
2026-07-28 15:15:00,ccf-aiops-广州,cr-2,cr,ens4,backbone,1872.2,262.73333333333335,1.8888888888888888,2.2666666666666666,0,0,0,0,0
2026-07-28 15:15:00,ccf-aiops-广州,cr-2,cr,ens5,backbone,383.1333333333333,3553.4444444444443,3.2888888888888888,2.6,0,0,0,0,0
2026-07-28 15:15:00,ccf-aiops-广州,cr-2,cr,ens6,NULL,0,0,0,0,0,0,0,0,0
2026-07-28 15:15:00,ccf-aiops-广州,cr-2,cr,ens7,NULL,0,0,0,0,0,0,0,0,0
2026-07-28 15:15:00,ccf-aiops-广州,cr-2,cr,ens8,NULL,0,0,0,0,0,0,0,0,0
2026-07-28 15:15:00,ccf-aiops-广州,cr-2,cr,ens9,NULL,0,0,0,0,0,0,0,0,0
2026-07-28 15:15:00,ccf-aiops-广州,fw,firewall,ens3,NULL,266.4,162.08888888888887,2.7777777777777777,1.2888888888888888,0,0,0,0,0
2026-07-28 15:15:00,ccf-aiops-广州,fw,firewall,ens4,backbone,7304,701.2222222222222,7.044444444444443,6.066666666666666,0,0,0,0,0
2026-07-28 15:15:00,ccf-aiops-广州,fw,firewall,ens5,business,753.8222222222222,8455.244444444445,6.488888888888889,7.111111111111111,0,0,0,0,0
2026-07-28 15:15:00,ccf-aiops-广州,fw,firewall,ens6,NULL,0,0,0,0,0,0,0,0,0
2026-07-28 15:15:00,ccf-aiops-广州,monitor-vm,collector,ens3,NULL,280,136.93333333333334,3.2444444444444445,1.3555555555555554,0,0,0,0,0
2026-07-28 15:15:00,ccf-aiops-广州,monitor-vm,collector,ens4,mgmt,29661.333333333332,1029.8444444444444,10.42222222222222,9.088888888888887,0,0,0,0,0
2026-07-28 15:15:00,ccf-aiops-广州,monitor-vm,collector,ens5,NULL,0,0,0,0,0,0,0,0,0
2026-07-28 15:15:00,ccf-aiops-广州,monitor-vm,collector,ens6,NULL,0,0,0,0,0,0,0,0,0
2026-07-28 15:15:00,ccf-aiops-广州,probe-vm,probe,ens3,NULL,32,0,0.5333333333333333,0,0,0,0,0,0
2026-07-28 15:15:00,ccf-aiops-广州,probe-vm,probe,ens4,business,62.266666666666666,1173.7555555555555,0.5333333333333333,0.3777777777777777,0,0,0,0,0
2026-07-28 15:15:00,ccf-aiops-广州,probe-vm,probe,ens5,NULL,0,0,0,0,0,0,0,0,0
2026-07-28 15:15:00,ccf-aiops-广州,probe-vm,probe,ens6,NULL,0,0,0,0,0,0,0,0,0
2026-07-28 15:15:00,ccf-aiops-广州,service-vm-1,service,ens3,NULL,33.333333333333336,0,0.5555555555555555,0,0,0,0,0,0
2026-07-28 15:15:00,ccf-aiops-广州,service-vm-1,service,ens4,service,68,1183.8444444444442,0.6,0.3555555555555555,0,0,0,0,0
2026-07-28 15:15:00,ccf-aiops-广州,service-vm-1,service,ens5,NULL,0,0,0,0,0,0,0,0,0
2026-07-28 15:15:00,ccf-aiops-广州,service-vm-1,service,ens6,NULL,0,0,0,0,0,0,0,0,0
2026-07-28 15:15:00,ccf-aiops-广州,service-vm-2,service,ens3,NULL,34.666666666666664,0.9333333333333333,0.5777777777777777,0.02222222222222222,0,0,0,0,0
2026-07-28 15:15:00,ccf-aiops-广州,service-vm-2,service,ens4,service,64.17777777777778,1184.2444444444443,0.5555555555555555,0.4,0,0,0,0,0
2026-07-28 15:15:00,ccf-aiops-广州,service-vm-2,service,ens5,NULL,0,0,0,0,0,0,0,0,0
2026-07-28 15:15:00,ccf-aiops-广州,service-vm-2,service,ens6,NULL,0,0,0,0,0,0,0,0,0
2026-07-28 15:15:00,ccf-aiops-广州,service-vm-3,service,ens3,NULL,121.1111111111111,96.88888888888889,1.4666666666666666,0.5333333333333333,0,0,0,0,0
2026-07-28 15:15:00,ccf-aiops-广州,service-vm-3,service,ens4,service,62.266666666666666,1182.622222222222,0.5333333333333333,0.3555555555555555,0,0,0,0,0
2026-07-28 15:15:00,ccf-aiops-广州,service-vm-3,service,ens5,NULL,0,0,0,0,0,0,0,0,0
2026-07-28 15:15:00,ccf-aiops-广州,service-vm-3,service,ens6,NULL,0,0,0,0,0,0,0,0,0
2026-07-28 15:15:00,ccf-aiops-广州,traffic-vm,traffic,ens3,NULL,157.33333333333334,68.93333333333334,1.911111111111111,0.6888888888888888,0,0,0,0,0
2026-07-28 15:15:00,ccf-aiops-广州,traffic-vm,traffic,ens4,business,578,16312.866666666667,4.555555555555555,4,0,0,0,0,0
2026-07-28 15:15:00,ccf-aiops-广州,traffic-vm,traffic,ens5,NULL,0,0,0,0,0,0,0,0,0
2026-07-28 15:15:00,ccf-aiops-广州,traffic-vm,traffic,ens6,NULL,0,0,0,0,0,0,0,0,0
2026-07-28 15:16:00,ccf-aiops-广州,br-1,br,ens10,NULL,0,0,0,0,0,0,0,0,0
2026-07-28 15:16:00,ccf-aiops-广州,br-1,br,ens11,NULL,0,0,0,0,0,0,0,0,0
2026-07-28 15:16:00,ccf-aiops-广州,br-1,br,ens12,NULL,0,0,0,0,0,0,0,0,0
2026-07-28 15:16:00,ccf-aiops-广州,br-1,br,ens3,NULL,33.511111111111106,0,0.5333333333333333,0,0,0,0,0,0
2026-07-28 15:16:00,ccf-aiops-广州,br-1,br,ens4,backbone,787.4444444444445,310.97777777777776,7.5777777777777775,2.755555555555555,0,0,0,0,0
2026-07-28 15:16:00,ccf-aiops-广州,br-1,br,ens5,backbone,449.9555555555555,2185.5777777777776,3.933333333333333,3.711111111111111,0,0,0,0,0
2026-07-28 15:16:00,ccf-aiops-广州,br-1,br,ens6,NULL,0,0,0,0,0,0,0,0,0
2026-07-28 15:16:00,ccf-aiops-广州,br-1,br,ens7,NULL,0,0,0,0,0,0,0,0,0
2026-07-28 15:16:00,ccf-aiops-广州,br-1,br,ens8,NULL,0,0,0,0,0,0,0,0,0
2026-07-28 15:16:00,ccf-aiops-广州,br-1,br,ens9,NULL,0,0,0,0,0,0,0,0,0
2026-07-28 15:16:00,ccf-aiops-广州,br-2,br,ens10,NULL,0,0,0,0,0,0,0,0,0
2026-07-28 15:16:00,ccf-aiops-广州,br-2,br,ens11,NULL,0,0,0,0,0,0,0,0,0
2026-07-28 15:16:00,ccf-aiops-广州,br-2,br,ens12,NULL,0,0,0,0,0,0,0,0,0
2026-07-28 15:16:00,ccf-aiops-广州,br-2,br,ens3,NULL,31.866666666666667,0,0.5111111111111111,0,0,0,0,0,0
2026-07-28 15:16:00,ccf-aiops-广州,br-2,br,ens4,backbone,745.0666666666667,278.8444444444444,7.155555555555555,2.444444444444444,0,0,0,0,0
2026-07-28 15:16:00,ccf-aiops-广州,br-2,br,ens5,backbone,432.5777777777777,2144.088888888889,3.7777777777777777,3.3333333333333335,0,0,0,0,0
2026-07-28 15:16:00,ccf-aiops-广州,br-2,br,ens6,NULL,0,0,0,0,0,0,0,0,0
2026-07-28 15:16:00,ccf-aiops-广州,br-2,br,ens7,NULL,0,0,0,0,0,0,0,0,0
2026-07-28 15:16:00,ccf-aiops-广州,br-2,br,ens8,NULL,0,0,0,0,0,0,0,0,0
2026-07-28 15:16:00,ccf-aiops-广州,br-2,br,ens9,NULL,0,0,0,0,0,0,0,0,0
2026-07-28 15:16:00,ccf-aiops-广州,cr-1,cr,ens10,NULL,0,0,0,0,0,0,0,0,0
2026-07-28 15:16:00,ccf-aiops-广州,cr-1,cr,ens11,NULL,0,0,0,0,0,0,0,0,0
2026-07-28 15:16:00,ccf-aiops-广州,cr-1,cr,ens12,NULL,0,0,0,0,0,0,0,0,0
2026-07-28 15:16:00,ccf-aiops-广州,cr-1,cr,ens3,NULL,31.866666666666667,0,0.5111111111111111,0,0,0,0,0,0
2026-07-28 15:16:00,ccf-aiops-广州,cr-1,cr,ens4,backbone,2120.777777777778,378.17777777777775,3.2444444444444445,3.2666666666666666,0,0,0,0,0
2026-07-28 15:16:00,ccf-aiops-广州,cr-1,cr,ens5,backbone,492.8444444444444,3893.9333333333334,4.222222222222222,3.9555555555555553,0,0,0,0,0
2026-07-28 15:16:00,ccf-aiops-广州,cr-1,cr,ens6,NULL,0,0,0,0,0,0,0,0,0
2026-07-28 15:16:00,ccf-aiops-广州,cr-1,cr,ens7,NULL,0,0,0,0,0,0,0,0,0
2026-07-28 15:16:00,ccf-aiops-广州,cr-1,cr,ens8,NULL,0,0,0,0,0,0,0,0,0
2026-07-28 15:16:00,ccf-aiops-广州,cr-1,cr,ens9,NULL,0,0,0,0,0,0,0,0,0
2026-07-28 15:16:00,ccf-aiops-广州,cr-2,cr,ens10,NULL,0,0,0,0,0,0,0,0,0
2026-07-28 15:16:00,ccf-aiops-广州,cr-2,cr,ens11,NULL,0,0,0,0,0,0,0,0,0
2026-07-28 15:16:00,ccf-aiops-广州,cr-2,cr,ens12,NULL,0,0,0,0,0,0,0,0,0
2026-07-28 15:16:00,ccf-aiops-广州,cr-2,cr,ens3,NULL,26.533333333333335,0,0.4222222222222222,0,0,0,0,0,0
2026-07-28 15:16:00,ccf-aiops-广州,cr-2,cr,ens4,backbone,2501.4,550.1333333333333,5.555555555555555,4.7555555555555555,0,0,0,0,0
2026-07-28 15:16:00,ccf-aiops-广州,cr-2,cr,ens5,backbone,672.6222222222221,4311.177777777778,5.8,6.355555555555555,0,0,0,0,0
2026-07-28 15:16:00,ccf-aiops-广州,cr-2,cr,ens6,NULL,0,0,0,0,0,0,0,0,0
2026-07-28 15:16:00,ccf-aiops-广州,cr-2,cr,ens7,NULL,0,0,0,0,0,0,0,0,0
2026-07-28 15:16:00,ccf-aiops-广州,cr-2,cr,ens8,NULL,0,0,0,0,0,0,0,0,0
2026-07-28 15:16:00,ccf-aiops-广州,cr-2,cr,ens9,NULL,0,0,0,0,0,0,0,0,0
2026-07-28 15:16:00,ccf-aiops-广州,fw,firewall,ens3,NULL,266.35555555555555,162.88888888888886,2.7333333333333334,1.2888888888888888,0,0,0,0,0
2026-07-28 15:16:00,ccf-aiops-广州,fw,firewall,ens4,backbone,8243.644444444444,1154.822222222222,11.088888888888887,9.91111111111111,0,0,0,0,0
2026-07-28 15:16:00,ccf-aiops-广州,fw,firewall,ens5,business,1215.0666666666666,9392.31111111111,10.42222222222222,11.133333333333333,0,0,0,0,0
2026-07-28 15:16:00,ccf-aiops-广州,fw,firewall,ens6,NULL,0,0,0,0,0,0,0,0,0
2026-07-28 15:16:00,ccf-aiops-广州,monitor-vm,collector,ens3,NULL,327.55555555555554,198.35555555555553,3.4,1.6444444444444444,0,0,0,0,0
2026-07-28 15:16:00,ccf-aiops-广州,monitor-vm,collector,ens4,mgmt,29345.866666666665,1070.2444444444443,10.755555555555555,9.555555555555554,0,0,0,0,0
2026-07-28 15:16:00,ccf-aiops-广州,monitor-vm,collector,ens5,NULL,0,0,0,0,0,0,0,0,0
2026-07-28 15:16:00,ccf-aiops-广州,monitor-vm,collector,ens6,NULL,0,0,0,0,0,0,0,0,0
2026-07-28 15:16:00,ccf-aiops-广州,probe-vm,probe,ens3,NULL,82.35555555555555,62.35555555555555,0.7333333333333333,0.31111111111111106,0,0,0,0,0
2026-07-28 15:16:00,ccf-aiops-广州,probe-vm,probe,ens4,business,66.08888888888889,1171.911111111111,0.5777777777777777,0.3555555555555555,0,0,0,0,0
2026-07-28 15:16:00,ccf-aiops-广州,probe-vm,probe,ens5,NULL,0,0,0,0,0,0,0,0,0
2026-07-28 15:16:00,ccf-aiops-广州,probe-vm,probe,ens6,NULL,0,0,0,0,0,0,0,0,0
2026-07-28 15:16:00,ccf-aiops-广州,service-vm-1,service,ens3,NULL,81.32971867916983,61.41949246700146,0.711079507577441,0.28887604995333543,0,0,0,0,0
2026-07-28 15:16:00,ccf-aiops-广州,service-vm-1,service,ens4,service,66.08595173547843,1183.3918492511443,0.5777520999066709,0.3555397537887205,0,0,0,0,0
2026-07-28 15:16:00,ccf-aiops-广州,service-vm-1,service,ens5,NULL,0,0,0,0,0,0,0,0,0
2026-07-28 15:16:00,ccf-aiops-广州,service-vm-1,service,ens6,NULL,0,0,0,0,0,0,0,0,0
2026-07-28 15:16:00,ccf-aiops-广州,service-vm-2,service,ens3,NULL,86.48888888888888,62.35555555555555,0.8222222222222222,0.31111111111111106,0,0,0,0,0
2026-07-28 15:16:00,ccf-aiops-广州,service-vm-2,service,ens4,service,69.9111111111111,1183.0444444444443,0.6222222222222221,0.4,0,0,0,0,0
2026-07-28 15:16:00,ccf-aiops-广州,service-vm-2,service,ens5,NULL,0,0,0,0,0,0,0,0,0
2026-07-28 15:16:00,ccf-aiops-广州,service-vm-2,service,ens6,NULL,0,0,0,0,0,0,0,0,0
2026-07-28 15:16:00,ccf-aiops-广州,service-vm-3,service,ens3,NULL,84.53333333333333,34.93333333333333,1.2,0.3555555555555555,0,0,0,0,0
2026-07-28 15:16:00,ccf-aiops-广州,service-vm-3,service,ens4,service,69.9111111111111,1184.2222222222222,0.6222222222222221,0.3777777777777777,0,0,0,0,0
2026-07-28 15:16:00,ccf-aiops-广州,service-vm-3,service,ens5,NULL,0,0,0,0,0,0,0,0,0
2026-07-28 15:16:00,ccf-aiops-广州,service-vm-3,service,ens6,NULL,0,0,0,0,0,0,0,0,0
2026-07-28 15:16:00,ccf-aiops-广州,traffic-vm,traffic,ens3,NULL,206.4,128.08888888888887,2.1333333333333333,0.9555555555555555,0,0,0,0,0
2026-07-28 15:16:00,ccf-aiops-广州,traffic-vm,traffic,ens4,business,811.6222222222221,16511.48888888889,6.377777777777777,5.644444444444444,0,0,0,0,0
2026-07-28 15:16:00,ccf-aiops-广州,traffic-vm,traffic,ens5,NULL,0,0,0,0,0,0,0,0,0
2026-07-28 15:16:00,ccf-aiops-广州,traffic-vm,traffic,ens6,NULL,0,0,0,0,0,0,0,0,0
2026-07-28 15:17:00,ccf-aiops-广州,br-1,br,ens10,NULL,0,0,0,0,0,0,0,0,0
2026-07-28 15:17:00,ccf-aiops-广州,br-1,br,ens11,NULL,0,0,0,0,0,0,0,0,0
2026-07-28 15:17:00,ccf-aiops-广州,br-1,br,ens12,NULL,0,0,0,0,0,0,0,0,0
2026-07-28 15:17:00,ccf-aiops-广州,br-1,br,ens3,NULL,33.55555555555556,0,0.5555555555555555,0,0,0,0,0,0
2026-07-28 15:17:00,ccf-aiops-广州,br-1,br,ens4,backbone,474.26666666666665,108.08888888888889,5.088888888888889,1.0222222222222221,0,0,0,0,0
2026-07-28 15:17:00,ccf-aiops-广州,br-1,br,ens5,backbone,264.7111111111111,2018.6,2.4,2.022222222222222,0,0,0,0,0
2026-07-28 15:17:00,ccf-aiops-广州,br-1,br,ens6,NULL,0,0,0,0,0,0,0,0,0
2026-07-28 15:17:00,ccf-aiops-广州,br-1,br,ens7,NULL,0,0,0,0,0,0,0,0,0
2026-07-28 15:17:00,ccf-aiops-广州,br-1,br,ens8,NULL,0,0,0,0,0,0,0,0,0
2026-07-28 15:17:00,ccf-aiops-广州,br-1,br,ens9,NULL,0,0,0,0,0,0,0,0,0
2026-07-28 15:17:00,ccf-aiops-广州,br-2,br,ens10,NULL,0,0,0,0,0,0,0,0,0
2026-07-28 15:17:00,ccf-aiops-广州,br-2,br,ens11,NULL,0,0,0,0,0,0,0,0,0
2026-07-28 15:17:00,ccf-aiops-广州,br-2,br,ens12,NULL,0,0,0,0,0,0,0,0,0
2026-07-28 15:17:00,ccf-aiops-广州,br-2,br,ens3,NULL,33.55555555555556,0,0.5555555555555555,0,0,0,0,0,0
2026-07-28 15:17:00,ccf-aiops-广州,br-2,br,ens4,backbone,512.4222222222222,104,5.4,1,0,0,0,0,0
2026-07-28 15:17:00,ccf-aiops-广州,br-2,br,ens5,backbone,252.7111111111111,1978.6444444444444,2.2666666666666666,2.1555555555555554,0,0,0,0,0
2026-07-28 15:17:00,ccf-aiops-广州,br-2,br,ens6,NULL,0,0,0,0,0,0,0,0,0
2026-07-28 15:17:00,ccf-aiops-广州,br-2,br,ens7,NULL,0,0,0,0,0,0,0,0,0
2026-07-28 15:17:00,ccf-aiops-广州,br-2,br,ens8,NULL,0,0,0,0,0,0,0,0,0
2026-07-28 15:17:00,ccf-aiops-广州,br-2,br,ens9,NULL,0,0,0,0,0,0,0,0,0
2026-07-28 15:17:00,ccf-aiops-广州,cr-1,cr,ens10,NULL,0,0,0,0,0,0,0,0,0
2026-07-28 15:17:00,ccf-aiops-广州,cr-1,cr,ens11,NULL,0,0,0,0,0,0,0,0,0
2026-07-28 15:17:00,ccf-aiops-广州,cr-1,cr,ens12,NULL,0,0,0,0,0,0,0,0,0
2026-07-28 15:17:00,ccf-aiops-广州,cr-1,cr,ens3,NULL,40.75555555555555,10.533333333333333,0.6666666666666666,0.1111111111111111,0,0,0,0,0
2026-07-28 15:17:00,ccf-aiops-广州,cr-1,cr,ens4,backbone,2205.4444444444443,230.2,3.533333333333333,2.088888888888889,0,0,0,0,0
2026-07-28 15:17:00,ccf-aiops-广州,cr-1,cr,ens5,backbone,354.7777777777777,3949.6666666666665,3.1555555555555554,4.222222222222222,0,0,0,0,0
2026-07-28 15:17:00,ccf-aiops-广州,cr-1,cr,ens6,NULL,0,0,0,0,0,0,0,0,0
2026-07-28 15:17:00,ccf-aiops-广州,cr-1,cr,ens7,NULL,0,0,0,0,0,0,0,0,0
2026-07-28 15:17:00,ccf-aiops-广州,cr-1,cr,ens8,NULL,0,0,0,0,0,0,0,0,0
2026-07-28 15:17:00,ccf-aiops-广州,cr-1,cr,ens9,NULL,0,0,0,0,0,0,0,0,0
2026-07-28 15:17:00,ccf-aiops-广州,cr-2,cr,ens10,NULL,0,0,0,0,0,0,0,0,0
2026-07-28 15:17:00,ccf-aiops-广州,cr-2,cr,ens11,NULL,0,0,0,0,0,0,0,0,0
2026-07-28 15:17:00,ccf-aiops-广州,cr-2,cr,ens12,NULL,0,0,0,0,0,0,0,0,0
2026-07-28 15:17:00,ccf-aiops-广州,cr-2,cr,ens3,NULL,142.75555555555553,114.22222222222221,1.1333333333333333,0.5555555555555555,0,0,0,0,0
2026-07-28 15:17:00,ccf-aiops-广州,cr-2,cr,ens4,backbone,1908.3555555555554,203.37777777777777,1.7555555555555555,1.7777777777777777,0,0,0,0,0
2026-07-28 15:17:00,ccf-aiops-广州,cr-2,cr,ens5,backbone,318.4888888888889,3756.422222222222,2.7333333333333334,2.5777777777777775,0,0,0,0,0
2026-07-28 15:17:00,ccf-aiops-广州,cr-2,cr,ens6,NULL,0,0,0,0,0,0,0,0,0
2026-07-28 15:17:00,ccf-aiops-广州,cr-2,cr,ens7,NULL,0,0,0,0,0,0,0,0,0
2026-07-28 15:17:00,ccf-aiops-广州,cr-2,cr,ens8,NULL,0,0,0,0,0,0,0,0,0
2026-07-28 15:17:00,ccf-aiops-广州,cr-2,cr,ens9,NULL,0,0,0,0,0,0,0,0,0
2026-07-28 15:17:00,ccf-aiops-广州,fw,firewall,ens3,NULL,220.44444444444443,102.93333333333334,2.6,1.0222222222222221,0,0,0,0,0
2026-07-28 15:17:00,ccf-aiops-广州,fw,firewall,ens4,backbone,7619.844444444444,614.8444444444444,6.71111111111111,5.333333333333333,0,0,0,0,0
2026-07-28 15:17:00,ccf-aiops-广州,fw,firewall,ens5,business,673.1777777777777,8760.155555555555,5.822222222222222,6.666666666666667,0,0,0,0,0
2026-07-28 15:17:00,ccf-aiops-广州,fw,firewall,ens6,NULL,0,0,0,0,0,0,0,0,0
2026-07-28 15:17:00,ccf-aiops-广州,monitor-vm,collector,ens3,NULL,329.2888888888889,196.08888888888887,3.466666666666667,1.6222222222222222,0,0,0,0,0
2026-07-28 15:17:00,ccf-aiops-广州,monitor-vm,collector,ens4,mgmt,29507.733333333334,1014.5555555555554,10.777777777777777,8.91111111111111,0,0,0,0,0
2026-07-28 15:17:00,ccf-aiops-广州,monitor-vm,collector,ens5,NULL,0,0,0,0,0,0,0,0,0
2026-07-28 15:17:00,ccf-aiops-广州,monitor-vm,collector,ens6,NULL,0,0,0,0,0,0,0,0,0
2026-07-28 15:17:00,ccf-aiops-广州,probe-vm,probe,ens3,NULL,86.7111111111111,61.42222222222222,0.8222222222222222,0.28888888888888886,0,0,0,0,0
2026-07-28 15:17:00,ccf-aiops-广州,probe-vm,probe,ens4,business,65.73333333333333,1174.0888888888887,0.5777777777777777,0.3555555555555555,0,0,0,0,0
2026-07-28 15:17:00,ccf-aiops-广州,probe-vm,probe,ens5,NULL,0,0,0,0,0,0,0,0,0
2026-07-28 15:17:00,ccf-aiops-广州,probe-vm,probe,ens6,NULL,0,0,0,0,0,0,0,0,0
2026-07-28 15:17:00,ccf-aiops-广州,service-vm-1,service,ens3,NULL,89.6,60.888888888888886,0.8666666666666667,0.28888888888888886,0,0,0,0,0
2026-07-28 15:17:00,ccf-aiops-广州,service-vm-1,service,ens4,service,65.73333333333333,1182.0222222222221,0.5777777777777777,0.3333333333333333,0,0,0,0,0
2026-07-28 15:17:00,ccf-aiops-广州,service-vm-1,service,ens5,NULL,0,0,0,0,0,0,0,0,0
2026-07-28 15:17:00,ccf-aiops-广州,service-vm-1,service,ens6,NULL,0,0,0,0,0,0,0,0,0
2026-07-28 15:17:00,ccf-aiops-广州,service-vm-2,service,ens3,NULL,86.7111111111111,61.42222222222222,0.8222222222222222,0.28888888888888886,0,0,0,0,0
2026-07-28 15:17:00,ccf-aiops-广州,service-vm-2,service,ens4,service,67.64444444444445,1180.4888888888888,0.6,0.3777777777777777,0,0,0,0,0
2026-07-28 15:17:00,ccf-aiops-广州,service-vm-2,service,ens5,NULL,0,0,0,0,0,0,0,0,0
2026-07-28 15:17:00,ccf-aiops-广州,service-vm-2,service,ens6,NULL,0,0,0,0,0,0,0,0,0
2026-07-28 15:17:00,ccf-aiops-广州,service-vm-3,service,ens3,NULL,206.4222222222222,154.84444444444443,1.7555555555555555,0.8888888888888888,0,0,0,0,0
2026-07-28 15:17:00,ccf-aiops-广州,service-vm-3,service,ens4,service,63.822222222222216,1184.7777777777776,0.5555555555555555,0.3777777777777777,0,0,0,0,0
2026-07-28 15:17:00,ccf-aiops-广州,service-vm-3,service,ens5,NULL,0,0,0,0,0,0,0,0,0
2026-07-28 15:17:00,ccf-aiops-广州,service-vm-3,service,ens6,NULL,0,0,0,0,0,0,0,0,0
2026-07-28 15:17:00,ccf-aiops-广州,traffic-vm,traffic,ens3,NULL,209.37777777777777,128.88888888888889,2.1555555555555554,0.9555555555555555,0,0,0,0,0
2026-07-28 15:17:00,ccf-aiops-广州,traffic-vm,traffic,ens4,business,437.4,16234.266666666666,3.711111111111111,3.355555555555555,0,0,0,0,0
2026-07-28 15:17:00,ccf-aiops-广州,traffic-vm,traffic,ens5,NULL,0,0,0,0,0,0,0,0,0
2026-07-28 15:17:00,ccf-aiops-广州,traffic-vm,traffic,ens6,NULL,0,0,0,0,0,0,0,0,0
2026-07-28 15:18:00,ccf-aiops-广州,br-1,br,ens10,NULL,0,0,0,0,0,0,0,0,0
2026-07-28 15:18:00,ccf-aiops-广州,br-1,br,ens11,NULL,0,0,0,0,0,0,0,0,0
2026-07-28 15:18:00,ccf-aiops-广州,br-1,br,ens12,NULL,0,0,0,0,0,0,0,0,0
2026-07-28 15:18:00,ccf-aiops-广州,br-1,br,ens3,NULL,57.64444444444445,0,0.8888888888888888,0,0,0,0,0,0
2026-07-28 15:18:00,ccf-aiops-广州,br-1,br,ens4,backbone,662.3777777777779,309.66666666666674,6.444444444444444,2.755555555555555,0,0,0,0,0
2026-07-28 15:18:00,ccf-aiops-广州,br-1,br,ens5,backbone,458.9111111111112,2087.488888888889,4.044444444444444,3.1333333333333333,0,0,0,0,0
2026-07-28 15:18:00,ccf-aiops-广州,br-1,br,ens6,NULL,0,0,0,0,0,0,0,0,0
2026-07-28 15:18:00,ccf-aiops-广州,br-1,br,ens7,NULL,0,0,0,0,0,0,0,0,0
2026-07-28 15:18:00,ccf-aiops-广州,br-1,br,ens8,NULL,0,0,0,0,0,0,0,0,0
2026-07-28 15:18:00,ccf-aiops-广州,br-1,br,ens9,NULL,0,0,0,0,0,0,0,0,0
2026-07-28 15:18:00,ccf-aiops-广州,br-2,br,ens10,NULL,0,0,0,0,0,0,0,0,0
2026-07-28 15:18:00,ccf-aiops-广州,br-2,br,ens11,NULL,0,0,0,0,0,0,0,0,0
2026-07-28 15:18:00,ccf-aiops-广州,br-2,br,ens12,NULL,0,0,0,0,0,0,0,0,0
2026-07-28 15:18:00,ccf-aiops-广州,br-2,br,ens3,NULL,64.84444444444445,10.533333333333333,1,0.1111111111111111,0,0,0,0,0
2026-07-28 15:18:00,ccf-aiops-广州,br-2,br,ens4,backbone,713.4888888888888,252.44444444444443,6.955555555555555,2.2888888888888888,0,0,0,0,0
2026-07-28 15:18:00,ccf-aiops-广州,br-2,br,ens5,backbone,402.8,2155.5777777777776,3.5777777777777775,3.6666666666666665,0,0,0,0,0
2026-07-28 15:18:00,ccf-aiops-广州,br-2,br,ens6,NULL,0,0,0,0,0,0,0,0,0
2026-07-28 15:18:00,ccf-aiops-广州,br-2,br,ens7,NULL,0,0,0,0,0,0,0,0,0
2026-07-28 15:18:00,ccf-aiops-广州,br-2,br,ens8,NULL,0,0,0,0,0,0,0,0,0
2026-07-28 15:18:00,ccf-aiops-广州,br-2,br,ens9,NULL,0,0,0,0,0,0,0,0,0
2026-07-28 15:18:00,ccf-aiops-广州,cr-1,cr,ens10,NULL,0,0,0,0,0,0,0,0,0
2026-07-28 15:18:00,ccf-aiops-广州,cr-1,cr,ens11,NULL,0,0,0,0,0,0,0,0,0
2026-07-28 15:18:00,ccf-aiops-广州,cr-1,cr,ens12,NULL,0,0,0,0,0,0,0,0,0
2026-07-28 15:18:00,ccf-aiops-广州,cr-1,cr,ens3,NULL,57.64444444444444,0,0.8888888888888888,0,0,0,0,0,0
2026-07-28 15:18:00,ccf-aiops-广州,cr-1,cr,ens4,backbone,2166.9333333333334,436.6,3.8,3.8,0,0,0,0,0
2026-07-28 15:18:00,ccf-aiops-广州,cr-1,cr,ens5,backbone,561.1777777777777,4024.4666666666667,4.866666666666666,4.5777777777777775,0,0,0,0,0
2026-07-28 15:18:00,ccf-aiops-广州,cr-1,cr,ens6,NULL,0,0,0,0,0,0,0,0,0
2026-07-28 15:18:00,ccf-aiops-广州,cr-1,cr,ens7,NULL,0,0,0,0,0,0,0,0,0
2026-07-28 15:18:00,ccf-aiops-广州,cr-1,cr,ens8,NULL,0,0,0,0,0,0,0,0,0
2026-07-28 15:18:00,ccf-aiops-广州,cr-1,cr,ens9,NULL,0,0,0,0,0,0,0,0,0
2026-07-28 15:18:00,ccf-aiops-广州,cr-2,cr,ens10,NULL,0,0,0,0,0,0,0,0,0
2026-07-28 15:18:00,ccf-aiops-广州,cr-2,cr,ens11,NULL,0,0,0,0,0,0,0,0,0
2026-07-28 15:18:00,ccf-aiops-广州,cr-2,cr,ens12,NULL,0,0,0,0,0,0,0,0,0
2026-07-28 15:18:00,ccf-aiops-广州,cr-2,cr,ens3,NULL,64.08888888888889,0,0.9777777777777777,0,0,0,0,0,0
2026-07-28 15:18:00,ccf-aiops-广州,cr-2,cr,ens4,backbone,2121.0666666666666,395.6,4.044444444444444,3.4888888888888885,0,0,0,0,0
2026-07-28 15:18:00,ccf-aiops-广州,cr-2,cr,ens5,backbone,510.35555555555555,3752.9777777777776,4.444444444444444,4.644444444444444,0,0,0,0,0
2026-07-28 15:18:00,ccf-aiops-广州,cr-2,cr,ens6,NULL,0,0,0,0,0,0,0,0,0
2026-07-28 15:18:00,ccf-aiops-广州,cr-2,cr,ens7,NULL,0,0,0,0,0,0,0,0,0
2026-07-28 15:18:00,ccf-aiops-广州,cr-2,cr,ens8,NULL,0,0,0,0,0,0,0,0,0
2026-07-28 15:18:00,ccf-aiops-广州,cr-2,cr,ens9,NULL,0,0,0,0,0,0,0,0,0
2026-07-28 15:18:00,ccf-aiops-广州,fw,firewall,ens3,NULL,302.5777777777777,164.35555555555553,3.2666666666666666,1.311111111111111,0,0,0,0,0
2026-07-28 15:18:00,ccf-aiops-广州,fw,firewall,ens4,backbone,7661.4222222222215,1037.5777777777778,9.866666666666667,8.977777777777778,0,0,0,0,0
2026-07-28 15:18:00,ccf-aiops-广州,fw,firewall,ens5,business,1101.6444444444444,8814.355555555554,9.533333333333333,9.977777777777778,0,0,0,0,0
2026-07-28 15:18:00,ccf-aiops-广州,fw,firewall,ens6,NULL,0,0,0,0,0,0,0,0,0
2026-07-28 15:18:00,ccf-aiops-广州,monitor-vm,collector,ens3,NULL,357.46666666666664,198.35555555555553,3.844444444444444,1.6444444444444444,0,0,0,0,0
2026-07-28 15:18:00,ccf-aiops-广州,monitor-vm,collector,ens4,mgmt,29410.222222222223,1033.6666666666667,10.755555555555555,9.133333333333333,0,0,0,0,0
2026-07-28 15:18:00,ccf-aiops-广州,monitor-vm,collector,ens5,NULL,0,0,0,0,0,0,0,0,0
2026-07-28 15:18:00,ccf-aiops-广州,monitor-vm,collector,ens6,NULL,0,0,0,0,0,0,0,0,0
2026-07-28 15:18:00,ccf-aiops-广州,probe-vm,probe,ens3,NULL,60.75555555555555,0,0.9333333333333333,0,0,0,0,0,0
2026-07-28 15:18:00,ccf-aiops-广州,probe-vm,probe,ens4,business,50.8,1164.0222222222221,0.4,0.26666666666666666,0,0,0,0,0
2026-07-28 15:18:00,ccf-aiops-广州,probe-vm,probe,ens5,NULL,0,0,0,0,0,0,0,0,0
2026-07-28 15:18:00,ccf-aiops-广州,probe-vm,probe,ens6,NULL,0,0,0,0,0,0,0,0,0
2026-07-28 15:18:00,ccf-aiops-广州,service-vm-1,service,ens3,NULL,60.977777777777774,0,0.9333333333333333,0,0,0,0,0,0
2026-07-28 15:18:00,ccf-aiops-广州,service-vm-1,service,ens4,service,73.9111111111111,1193.622222222222,0.6666666666666666,0.4666666666666667,0,0,0,0,0
2026-07-28 15:18:00,ccf-aiops-广州,service-vm-1,service,ens5,NULL,0,0,0,0,0,0,0,0,0
2026-07-28 15:18:00,ccf-aiops-广州,service-vm-1,service,ens6,NULL,0,0,0,0,0,0,0,0,0
2026-07-28 15:18:00,ccf-aiops-广州,service-vm-2,service,ens3,NULL,44.53333333333333,0,0.6888888888888888,0,0,0,0,0,0
2026-07-28 15:18:00,ccf-aiops-广州,service-vm-2,service,ens4,service,62.266666666666666,1181.888888888889,0.5333333333333333,0.3777777777777777,0,0,0,0,0
2026-07-28 15:18:00,ccf-aiops-广州,service-vm-2,service,ens5,NULL,0,0,0,0,0,0,0,0,0
2026-07-28 15:18:00,ccf-aiops-广州,service-vm-2,service,ens6,NULL,0,0,0,0,0,0,0,0,0
2026-07-28 15:18:00,ccf-aiops-广州,service-vm-3,service,ens3,NULL,151.95555555555555,94.88888888888889,1.6444444444444446,0.6222222222222222,0,0,0,0,0
2026-07-28 15:18:00,ccf-aiops-广州,service-vm-3,service,ens4,service,62.266666666666666,1184.6,0.5333333333333333,0.3777777777777778,0,0,0,0,0
2026-07-28 15:18:00,ccf-aiops-广州,service-vm-3,service,ens5,NULL,0,0,0,0,0,0,0,0,0
2026-07-28 15:18:00,ccf-aiops-广州,service-vm-3,service,ens6,NULL,0,0,0,0,0,0,0,0,0
2026-07-28 15:18:00,ccf-aiops-广州,traffic-vm,traffic,ens3,NULL,172.97777777777776,68.93333333333334,2.111111111111111,0.6888888888888888,0,0,0,0,0
2026-07-28 15:18:00,ccf-aiops-广州,traffic-vm,traffic,ens4,business,797.9777777777778,16536.066666666666,6.4,5.9111111111111105,0,0,0,0,0
2026-07-28 15:18:00,ccf-aiops-广州,traffic-vm,traffic,ens5,NULL,0,0,0,0,0,0,0,0,0
2026-07-28 15:18:00,ccf-aiops-广州,traffic-vm,traffic,ens6,NULL,0,0,0,0,0,0,0,0,0
2026-07-28 15:19:00,ccf-aiops-广州,br-1,br,ens10,NULL,0,0,0,0,0,0,0,0,0
2026-07-28 15:19:00,ccf-aiops-广州,br-1,br,ens11,NULL,0,0,0,0,0,0,0,0,0
2026-07-28 15:19:00,ccf-aiops-广州,br-1,br,ens12,NULL,0,0,0,0,0,0,0,0,0
2026-07-28 15:19:00,ccf-aiops-广州,br-1,br,ens3,NULL,30.666666666666668,0,0.5111111111111111,0,0,0,0,0,0
2026-07-28 15:19:00,ccf-aiops-广州,br-1,br,ens4,backbone,872.3333333333334,370.53333333333336,7.4,3.2666666666666666,0,0,0,0,0
2026-07-28 15:19:00,ccf-aiops-广州,br-1,br,ens5,backbone,523.0666666666667,2478.0444444444443,4.6,4.955555555555555,0,0,0,0,0
2026-07-28 15:19:00,ccf-aiops-广州,br-1,br,ens6,NULL,0,0,0,0,0,0,0,0,0
2026-07-28 15:19:00,ccf-aiops-广州,br-1,br,ens7,NULL,0,0,0,0,0,0,0,0,0
2026-07-28 15:19:00,ccf-aiops-广州,br-1,br,ens8,NULL,0,0,0,0,0,0,0,0,0
2026-07-28 15:19:00,ccf-aiops-广州,br-1,br,ens9,NULL,0,0,0,0,0,0,0,0,0
2026-07-28 15:19:00,ccf-aiops-广州,br-2,br,ens10,NULL,0,0,0,0,0,0,0,0,0
2026-07-28 15:19:00,ccf-aiops-广州,br-2,br,ens11,NULL,0,0,0,0,0,0,0,0,0
2026-07-28 15:19:00,ccf-aiops-广州,br-2,br,ens12,NULL,0,0,0,0,0,0,0,0,0
2026-07-28 15:19:00,ccf-aiops-广州,br-2,br,ens3,NULL,30.666666666666668,0,0.5111111111111111,0,0,0,0,0,0
2026-07-28 15:19:00,ccf-aiops-广州,br-2,br,ens4,backbone,850.2666666666667,474.3111111111111,7.155555555555555,4.288888888888889,0,0,0,0,0
2026-07-28 15:19:00,ccf-aiops-广州,br-2,br,ens5,backbone,635.0444444444444,2469.4888888888886,5.622222222222222,4.666666666666667,0,0,0,0,0
2026-07-28 15:19:00,ccf-aiops-广州,br-2,br,ens6,NULL,0,0,0,0,0,0,0,0,0
2026-07-28 15:19:00,ccf-aiops-广州,br-2,br,ens7,NULL,0,0,0,0,0,0,0,0,0
2026-07-28 15:19:00,ccf-aiops-广州,br-2,br,ens8,NULL,0,0,0,0,0,0,0,0,0
2026-07-28 15:19:00,ccf-aiops-广州,br-2,br,ens9,NULL,0,0,0,0,0,0,0,0,0
2026-07-28 15:19:00,ccf-aiops-广州,cr-1,cr,ens10,NULL,0,0,0,0,0,0,0,0,0
2026-07-28 15:19:00,ccf-aiops-广州,cr-1,cr,ens11,NULL,0,0,0,0,0,0,0,0,0
2026-07-28 15:19:00,ccf-aiops-广州,cr-1,cr,ens12,NULL,0,0,0,0,0,0,0,0,0
2026-07-28 15:19:00,ccf-aiops-广州,cr-1,cr,ens3,NULL,30.666666666666668,0,0.5111111111111111,0,0,0,0,0,0
2026-07-28 15:19:00,ccf-aiops-广州,cr-1,cr,ens4,backbone,2599.511111111111,526.6,6,4.644444444444444,0,0,0,0,0
2026-07-28 15:19:00,ccf-aiops-广州,cr-1,cr,ens5,backbone,650.8222222222222,4506.7555555555555,5.71111111111111,6.8,0,0,0,0,0
2026-07-28 15:19:00,ccf-aiops-广州,cr-1,cr,ens6,NULL,0,0,0,0,0,0,0,0,0
2026-07-28 15:19:00,ccf-aiops-广州,cr-1,cr,ens7,NULL,0,0,0,0,0,0,0,0,0
2026-07-28 15:19:00,ccf-aiops-广州,cr-1,cr,ens8,NULL,0,0,0,0,0,0,0,0,0
2026-07-28 15:19:00,ccf-aiops-广州,cr-1,cr,ens9,NULL,0,0,0,0,0,0,0,0,0
2026-07-28 15:19:00,ccf-aiops-广州,cr-2,cr,ens10,NULL,0,0,0,0,0,0,0,0,0
2026-07-28 15:19:00,ccf-aiops-广州,cr-2,cr,ens11,NULL,0,0,0,0,0,0,0,0,0
2026-07-28 15:19:00,ccf-aiops-广州,cr-2,cr,ens12,NULL,0,0,0,0,0,0,0,0,0
2026-07-28 15:19:00,ccf-aiops-广州,cr-2,cr,ens3,NULL,30.666666666666668,0,0.5111111111111111,0,0,0,0,0,0
2026-07-28 15:19:00,ccf-aiops-广州,cr-2,cr,ens4,backbone,2375.755555555555,572.1777777777777,4.422222222222222,5,0,0,0,0,0
2026-07-28 15:19:00,ccf-aiops-广州,cr-2,cr,ens5,backbone,686.4888888888888,4144.8,5.955555555555555,5.133333333333334,0,0,0,0,0
2026-07-28 15:19:00,ccf-aiops-广州,cr-2,cr,ens6,NULL,0,0,0,0,0,0,0,0,0
2026-07-28 15:19:00,ccf-aiops-广州,cr-2,cr,ens7,NULL,0,0,0,0,0,0,0,0,0
2026-07-28 15:19:00,ccf-aiops-广州,cr-2,cr,ens8,NULL,0,0,0,0,0,0,0,0,0
2026-07-28 15:19:00,ccf-aiops-广州,cr-2,cr,ens9,NULL,0,0,0,0,0,0,0,0,0
2026-07-28 15:19:00,ccf-aiops-广州,fw,firewall,ens3,NULL,264.93333333333334,160.6222222222222,2.755555555555555,1.2666666666666666,0,0,0,0,0
2026-07-28 15:19:00,ccf-aiops-广州,fw,firewall,ens4,backbone,8505.555555555555,1311.4222222222222,12.4,11.4,0,0,0,0,0
2026-07-28 15:19:00,ccf-aiops-广州,fw,firewall,ens5,business,1375.4888888888888,9660.044444444444,11.955555555555554,12.511111111111111,0,0,0,0,0
2026-07-28 15:19:00,ccf-aiops-广州,fw,firewall,ens6,NULL,0,0,0,0,0,0,0,0,0
2026-07-28 15:19:00,ccf-aiops-广州,monitor-vm,collector,ens3,NULL,327.73333333333335,194.6222222222222,3.444444444444444,1.6,0,0,0,0,0
2026-07-28 15:19:00,ccf-aiops-广州,monitor-vm,collector,ens4,mgmt,29859,1062.8666666666666,11.511111111111111,9.466666666666667,0,0,0,0,0
2026-07-28 15:19:00,ccf-aiops-广州,monitor-vm,collector,ens5,NULL,0,0,0,0,0,0,0,0,0
2026-07-28 15:19:00,ccf-aiops-广州,monitor-vm,collector,ens6,NULL,0,0,0,0,0,0,0,0,0
2026-07-28 15:19:00,ccf-aiops-广州,probe-vm,probe,ens3,NULL,86.48888888888888,62.35555555555555,0.8222222222222222,0.31111111111111106,0,0,0,0,0
2026-07-28 15:19:00,ccf-aiops-广州,probe-vm,probe,ens4,business,64.17777777777778,1172.622222222222,0.5555555555555555,0.3555555555555555,0,0,0,0,0
2026-07-28 15:19:00,ccf-aiops-广州,probe-vm,probe,ens5,NULL,0,0,0,0,0,0,0,0,0
2026-07-28 15:19:00,ccf-aiops-广州,probe-vm,probe,ens6,NULL,0,0,0,0,0,0,0,0,0
2026-07-28 15:19:00,ccf-aiops-广州,service-vm-1,service,ens3,NULL,83.82222222222222,62.35555555555555,0.7777777777777778,0.31111111111111106,0,0,0,0,0
2026-07-28 15:19:00,ccf-aiops-广州,service-vm-1,service,ens4,service,66.08888888888889,1187.6,0.5777777777777777,0.4,0,0,0,0,0
2026-07-28 15:19:00,ccf-aiops-广州,service-vm-1,service,ens5,NULL,0,0,0,0,0,0,0,0,0
2026-07-28 15:19:00,ccf-aiops-广州,service-vm-1,service,ens6,NULL,0,0,0,0,0,0,0,0,0
2026-07-28 15:19:00,ccf-aiops-广州,service-vm-2,service,ens3,NULL,29.333333333333332,0,0.4888888888888889,0,0,0,0,0,0
2026-07-28 15:19:00,ccf-aiops-广州,service-vm-2,service,ens4,service,68,1184.2888888888888,0.6,0.4,0,0,0,0,0
2026-07-28 15:19:00,ccf-aiops-广州,service-vm-2,service,ens5,NULL,0,0,0,0,0,0,0,0,0
2026-07-28 15:19:00,ccf-aiops-广州,service-vm-2,service,ens6,NULL,0,0,0,0,0,0,0,0,0
2026-07-28 15:19:00,ccf-aiops-广州,service-vm-3,service,ens3,NULL,138.08888888888887,97.28888888888888,1.4666666666666666,0.6666666666666666,0,0,0,0,0
2026-07-28 15:19:00,ccf-aiops-广州,service-vm-3,service,ens4,service,64.44444444444444,1182.6444444444444,0.5555555555555555,0.3555555555555555,0,0,0,0,0
2026-07-28 15:19:00,ccf-aiops-广州,service-vm-3,service,ens5,NULL,0,0,0,0,0,0,0,0,0
2026-07-28 15:19:00,ccf-aiops-广州,service-vm-3,service,ens6,NULL,0,0,0,0,0,0,0,0,0
2026-07-28 15:19:00,ccf-aiops-广州,traffic-vm,traffic,ens3,NULL,153.24444444444444,67.6,1.8666666666666667,0.6888888888888888,0,0,0,0,0
2026-07-28 15:19:00,ccf-aiops-广州,traffic-vm,traffic,ens4,business,1352.6666666666667,16904.866666666665,9.644444444444444,9.177777777777777,0,0,0,0,0
2026-07-28 15:19:00,ccf-aiops-广州,traffic-vm,traffic,ens5,NULL,0,0,0,0,0,0,0,0,0
2026-07-28 15:19:00,ccf-aiops-广州,traffic-vm,traffic,ens6,NULL,0,0,0,0,0,0,0,0,0
2026-07-28 15:20:00,ccf-aiops-广州,br-1,br,ens10,NULL,0,0,0,0,0,0,0,0,0
2026-07-28 15:20:00,ccf-aiops-广州,br-1,br,ens11,NULL,0,0,0,0,0,0,0,0,0
2026-07-28 15:20:00,ccf-aiops-广州,br-1,br,ens12,NULL,0,0,0,0,0,0,0,0,0
2026-07-28 15:20:00,ccf-aiops-广州,br-1,br,ens3,NULL,41.733333333333334,10.533333333333333,0.6666666666666666,0.1111111111111111,0,0,0,0,0
2026-07-28 15:20:00,ccf-aiops-广州,br-1,br,ens4,backbone,684.5555555555554,258.6,6.71111111111111,2.4,0,0,0,0,0
2026-07-28 15:20:00,ccf-aiops-广州,br-1,br,ens5,backbone,399.6666666666667,2370.8,3.6,3.222222222222222,0,0,0,0,0
2026-07-28 15:20:00,ccf-aiops-广州,br-1,br,ens6,NULL,0,0,0,0,0,0,0,0,0
2026-07-28 15:20:00,ccf-aiops-广州,br-1,br,ens7,NULL,0,0,0,0,0,0,0,0,0
2026-07-28 15:20:00,ccf-aiops-广州,br-1,br,ens8,NULL,0,0,0,0,0,0,0,0,0
2026-07-28 15:20:00,ccf-aiops-广州,br-1,br,ens9,NULL,0,0,0,0,0,0,0,0,0
2026-07-28 15:20:00,ccf-aiops-广州,br-2,br,ens10,NULL,0,0,0,0,0,0,0,0,0
2026-07-28 15:20:00,ccf-aiops-广州,br-2,br,ens11,NULL,0,0,0,0,0,0,0,0,0
2026-07-28 15:20:00,ccf-aiops-广州,br-2,br,ens12,NULL,0,0,0,0,0,0,0,0,0
2026-07-28 15:20:00,ccf-aiops-广州,br-2,br,ens3,NULL,142.17777777777778,114.22222222222221,1.111111111111111,0.5555555555555555,0,0,0,0,0
2026-07-28 15:20:00,ccf-aiops-广州,br-2,br,ens4,backbone,679.5555555555554,200.64444444444445,6.666666666666667,1.8666666666666667,0,0,0,0,0
2026-07-28 15:20:00,ccf-aiops-广州,br-2,br,ens5,backbone,342.9111111111111,2445.5777777777776,3.066666666666667,3.3333333333333335,0,0,0,0,0
2026-07-28 15:20:00,ccf-aiops-广州,br-2,br,ens6,NULL,0,0,0,0,0,0,0,0,0
2026-07-28 15:20:00,ccf-aiops-广州,br-2,br,ens7,NULL,0,0,0,0,0,0,0,0,0
2026-07-28 15:20:00,ccf-aiops-广州,br-2,br,ens8,NULL,0,0,0,0,0,0,0,0,0
2026-07-28 15:20:00,ccf-aiops-广州,br-2,br,ens9,NULL,0,0,0,0,0,0,0,0,0
2026-07-28 15:20:00,ccf-aiops-广州,cr-1,cr,ens10,NULL,0,0,0,0,0,0,0,0,0
2026-07-28 15:20:00,ccf-aiops-广州,cr-1,cr,ens11,NULL,0,0,0,0,0,0,0,0,0
2026-07-28 15:20:00,ccf-aiops-广州,cr-1,cr,ens12,NULL,0,0,0,0,0,0,0,0,0
2026-07-28 15:20:00,ccf-aiops-广州,cr-1,cr,ens3,NULL,142.17777777777778,114.22222222222221,1.111111111111111,0.5555555555555555,0,0,0,0,0
2026-07-28 15:20:00,ccf-aiops-广州,cr-1,cr,ens4,backbone,2617.733333333333,331.0444444444444,5.177777777777777,2.9777777777777774,0,0,0,0,0
2026-07-28 15:20:00,ccf-aiops-广州,cr-1,cr,ens5,backbone,447.6222222222222,4760.822222222222,3.9555555555555553,6.088888888888889,0,0,0,0,0
2026-07-28 15:20:00,ccf-aiops-广州,cr-1,cr,ens6,NULL,0,0,0,0,0,0,0,0,0
2026-07-28 15:20:00,ccf-aiops-广州,cr-1,cr,ens7,NULL,0,0,0,0,0,0,0,0,0
2026-07-28 15:20:00,ccf-aiops-广州,cr-1,cr,ens8,NULL,0,0,0,0,0,0,0,0,0
2026-07-28 15:20:00,ccf-aiops-广州,cr-1,cr,ens9,NULL,0,0,0,0,0,0,0,0,0
2026-07-28 15:20:00,ccf-aiops-广州,cr-2,cr,ens10,NULL,0,0,0,0,0,0,0,0,0
2026-07-28 15:20:00,ccf-aiops-广州,cr-2,cr,ens11,NULL,0,0,0,0,0,0,0,0,0
2026-07-28 15:20:00,ccf-aiops-广州,cr-2,cr,ens12,NULL,0,0,0,0,0,0,0,0,0
2026-07-28 15:20:00,ccf-aiops-广州,cr-2,cr,ens3,NULL,34.53333333333333,0,0.5555555555555555,0,0,0,0,0,0
2026-07-28 15:20:00,ccf-aiops-广州,cr-2,cr,ens4,backbone,2295.3555555555554,416.08888888888885,2.755555555555555,3.711111111111111,0,0,0,0,0
2026-07-28 15:20:00,ccf-aiops-广州,cr-2,cr,ens5,backbone,534.7555555555556,4186.711111111111,4.71111111111111,3.6,0,0,0,0,0
2026-07-28 15:20:00,ccf-aiops-广州,cr-2,cr,ens6,NULL,0,0,0,0,0,0,0,0,0
2026-07-28 15:20:00,ccf-aiops-广州,cr-2,cr,ens7,NULL,0,0,0,0,0,0,0,0,0
2026-07-28 15:20:00,ccf-aiops-广州,cr-2,cr,ens8,NULL,0,0,0,0,0,0,0,0,0
2026-07-28 15:20:00,ccf-aiops-广州,cr-2,cr,ens9,NULL,0,0,0,0,0,0,0,0,0
2026-07-28 15:20:00,ccf-aiops-广州,fw,firewall,ens3,NULL,274.35555555555555,165.28888888888886,2.8666666666666667,1.3333333333333333,0,0,0,0,0
2026-07-28 15:20:00,ccf-aiops-广州,fw,firewall,ens4,backbone,9005.088888888888,1052.7555555555555,11.044444444444444,9.222222222222221,0,0,0,0,0
2026-07-28 15:20:00,ccf-aiops-广州,fw,firewall,ens5,business,1116.6444444444444,10162.977777777776,9.777777777777777,11.2,0,0,0,0,0
2026-07-28 15:20:00,ccf-aiops-广州,fw,firewall,ens6,NULL,0,0,0,0,0,0,0,0,0
2026-07-28 15:20:00,ccf-aiops-广州,monitor-vm,collector,ens3,NULL,278.4444444444444,135.6,3.222222222222222,1.3555555555555554,0,0,0,0,0
2026-07-28 15:20:00,ccf-aiops-广州,monitor-vm,collector,ens4,mgmt,30571.11111111111,1027.9333333333334,11.222222222222221,9.066666666666666,0,0,0,0,0
2026-07-28 15:20:00,ccf-aiops-广州,monitor-vm,collector,ens5,NULL,0,0,0,0,0,0,0,0,0
2026-07-28 15:20:00,ccf-aiops-广州,monitor-vm,collector,ens6,NULL,0,0,0,0,0,0,0,0,0
2026-07-28 15:20:00,ccf-aiops-广州,probe-vm,probe,ens3,NULL,87.68888888888888,61.42222222222222,0.8222222222222222,0.28888888888888886,0,0,0,0,0
2026-07-28 15:20:00,ccf-aiops-广州,probe-vm,probe,ens4,business,64.17777777777778,1168.7555555555555,0.5555555555555555,0.3333333333333333,0,0,0,0,0
2026-07-28 15:20:00,ccf-aiops-广州,probe-vm,probe,ens5,NULL,0,0,0,0,0,0,0,0,0
2026-07-28 15:20:00,ccf-aiops-广州,probe-vm,probe,ens6,NULL,0,0,0,0,0,0,0,0,0
2026-07-28 15:20:00,ccf-aiops-广州,service-vm-1,service,ens3,NULL,34.53179858672947,0,0.5555308652948757,0,0,0,0,0,0
2026-07-28 15:20:00,ccf-aiops-广州,service-vm-1,service,ens4,service,64.17492555886405,1183.2585218434738,0.5555308652948757,0.3555397537887205,0,0,0,0,0
2026-07-28 15:20:00,ccf-aiops-广州,service-vm-1,service,ens5,NULL,0,0,0,0,0,0,0,0,0
2026-07-28 15:20:00,ccf-aiops-广州,service-vm-1,service,ens6,NULL,0,0,0,0,0,0,0,0,0
2026-07-28 15:20:00,ccf-aiops-广州,service-vm-2,service,ens3,NULL,35.86666666666667,0,0.5777777777777777,0,0,0,0,0,0
2026-07-28 15:20:00,ccf-aiops-广州,service-vm-2,service,ens4,service,66.08888888888889,1184.3333333333333,0.5777777777777777,0.4,0,0,0,0,0
2026-07-28 15:20:00,ccf-aiops-广州,service-vm-2,service,ens5,NULL,0,0,0,0,0,0,0,0,0
2026-07-28 15:20:00,ccf-aiops-广州,service-vm-2,service,ens6,NULL,0,0,0,0,0,0,0,0,0
2026-07-28 15:20:00,ccf-aiops-广州,service-vm-3,service,ens3,NULL,89.86666666666666,35.86666666666667,1.2888888888888888,0.3777777777777777,0,0,0,0,0
2026-07-28 15:20:00,ccf-aiops-广州,service-vm-3,service,ens4,service,64.17777777777778,1184.0444444444443,0.5555555555555555,0.3777777777777777,0,0,0,0,0
2026-07-28 15:20:00,ccf-aiops-广州,service-vm-3,service,ens5,NULL,0,0,0,0,0,0,0,0,0
2026-07-28 15:20:00,ccf-aiops-广州,service-vm-3,service,ens6,NULL,0,0,0,0,0,0,0,0,0
2026-07-28 15:20:00,ccf-aiops-广州,traffic-vm,traffic,ens3,NULL,217.0222222222222,131.2888888888889,2.2666666666666666,1,0,0,0,0,0
2026-07-28 15:20:00,ccf-aiops-广州,traffic-vm,traffic,ens4,business,946.5111111111111,16589.666666666668,7.155555555555555,6.444444444444444,0,0,0,0,0
2026-07-28 15:20:00,ccf-aiops-广州,traffic-vm,traffic,ens5,NULL,0,0,0,0,0,0,0,0,0
2026-07-28 15:20:00,ccf-aiops-广州,traffic-vm,traffic,ens6,NULL,0,0,0,0,0,0,0,0,0
2026-07-28 15:21:00,ccf-aiops-广州,br-1,br,ens10,NULL,0,0,0,0,0,0,0,0,0
2026-07-28 15:21:00,ccf-aiops-广州,br-1,br,ens11,NULL,0,0,0,0,0,0,0,0,0
2026-07-28 15:21:00,ccf-aiops-广州,br-1,br,ens12,NULL,0,0,0,0,0,0,0,0,0
2026-07-28 15:21:00,ccf-aiops-广州,br-1,br,ens3,NULL,33.355555555555554,0,0.5333333333333333,0,0,0,0,0,0
2026-07-28 15:21:00,ccf-aiops-广州,br-1,br,ens4,backbone,1157.1777777777777,482.08888888888885,10.02222222222222,4.2,0,0,0,0,0
2026-07-28 15:21:00,ccf-aiops-广州,br-1,br,ens5,backbone,751.6222222222221,3011.8888888888887,6.533333333333333,7.355555555555555,0,0,0,0,0
2026-07-28 15:21:00,ccf-aiops-广州,br-1,br,ens6,NULL,0,0,0,0,0,0,0,0,0
2026-07-28 15:21:00,ccf-aiops-广州,br-1,br,ens7,NULL,0,0,0,0,0,0,0,0,0
2026-07-28 15:21:00,ccf-aiops-广州,br-1,br,ens8,NULL,0,0,0,0,0,0,0,0,0
2026-07-28 15:21:00,ccf-aiops-广州,br-1,br,ens9,NULL,0,0,0,0,0,0,0,0,0
2026-07-28 15:21:00,ccf-aiops-广州,br-2,br,ens10,NULL,0,0,0,0,0,0,0,0,0
2026-07-28 15:21:00,ccf-aiops-广州,br-2,br,ens11,NULL,0,0,0,0,0,0,0,0,0
2026-07-28 15:21:00,ccf-aiops-广州,br-2,br,ens12,NULL,0,0,0,0,0,0,0,0,0
2026-07-28 15:21:00,ccf-aiops-广州,br-2,br,ens3,NULL,33.355555555555554,0,0.5333333333333333,0,0,0,0,0,0
2026-07-28 15:21:00,ccf-aiops-广州,br-2,br,ens4,backbone,1135.6,872.1333333333333,9.533333333333333,7.466666666666667,0,0,0,0,0
2026-07-28 15:21:00,ccf-aiops-广州,br-2,br,ens5,backbone,1136.311111111111,2895.4444444444443,9.755555555555555,6.933333333333334,0,0,0,0,0
2026-07-28 15:21:00,ccf-aiops-广州,br-2,br,ens6,NULL,0,0,0,0,0,0,0,0,0
2026-07-28 15:21:00,ccf-aiops-广州,br-2,br,ens7,NULL,0,0,0,0,0,0,0,0,0
2026-07-28 15:21:00,ccf-aiops-广州,br-2,br,ens8,NULL,0,0,0,0,0,0,0,0,0
2026-07-28 15:21:00,ccf-aiops-广州,br-2,br,ens9,NULL,0,0,0,0,0,0,0,0,0
2026-07-28 15:21:00,ccf-aiops-广州,cr-1,cr,ens10,NULL,0,0,0,0,0,0,0,0,0
2026-07-28 15:21:00,ccf-aiops-广州,cr-1,cr,ens11,NULL,0,0,0,0,0,0,0,0,0
2026-07-28 15:21:00,ccf-aiops-广州,cr-1,cr,ens12,NULL,0,0,0,0,0,0,0,0,0
2026-07-28 15:21:00,ccf-aiops-广州,cr-1,cr,ens3,NULL,33.355555555555554,0,0.5333333333333333,0,0,0,0,0,0
2026-07-28 15:21:00,ccf-aiops-广州,cr-1,cr,ens4,backbone,2873.422222222222,797.2444444444444,6.333333333333333,6.822222222222222,0,0,0,0,0
2026-07-28 15:21:00,ccf-aiops-广州,cr-1,cr,ens5,backbone,1031.911111111111,5104.911111111111,8.844444444444443,6.555555555555555,0,0,0,0,0
2026-07-28 15:21:00,ccf-aiops-广州,cr-1,cr,ens6,NULL,0,0,0,0,0,0,0,0,0
2026-07-28 15:21:00,ccf-aiops-广州,cr-1,cr,ens7,NULL,0,0,0,0,0,0,0,0,0
2026-07-28 15:21:00,ccf-aiops-广州,cr-1,cr,ens8,NULL,0,0,0,0,0,0,0,0,0
2026-07-28 15:21:00,ccf-aiops-广州,cr-1,cr,ens9,NULL,0,0,0,0,0,0,0,0,0
2026-07-28 15:21:00,ccf-aiops-广州,cr-2,cr,ens10,NULL,0,0,0,0,0,0,0,0,0
2026-07-28 15:21:00,ccf-aiops-广州,cr-2,cr,ens11,NULL,0,0,0,0,0,0,0,0,0
2026-07-28 15:21:00,ccf-aiops-广州,cr-2,cr,ens12,NULL,0,0,0,0,0,0,0,0,0
2026-07-28 15:21:00,ccf-aiops-广州,cr-2,cr,ens3,NULL,36.02222222222222,0,0.5777777777777777,0,0,0,0,0,0
2026-07-28 15:21:00,ccf-aiops-广州,cr-2,cr,ens4,backbone,3679.9777777777776,1002.8222222222222,11.977777777777778,8.71111111111111,0,0,0,0,0
2026-07-28 15:21:00,ccf-aiops-广州,cr-2,cr,ens5,backbone,1111.7555555555555,5593.31111111111,9.6,12.822222222222221,0,0,0,0,0
2026-07-28 15:21:00,ccf-aiops-广州,cr-2,cr,ens6,NULL,0,0,0,0,0,0,0,0,0
2026-07-28 15:21:00,ccf-aiops-广州,cr-2,cr,ens7,NULL,0,0,0,0,0,0,0,0,0
2026-07-28 15:21:00,ccf-aiops-广州,cr-2,cr,ens8,NULL,0,0,0,0,0,0,0,0,0
2026-07-28 15:21:00,ccf-aiops-广州,cr-2,cr,ens9,NULL,0,0,0,0,0,0,0,0,0
2026-07-28 15:21:00,ccf-aiops-广州,fw,firewall,ens3,NULL,274.51111111111106,165.28888888888886,2.8666666666666667,1.3333333333333333,0,0,0,0,0
2026-07-28 15:21:00,ccf-aiops-广州,fw,firewall,ens4,backbone,10855.02222222222,2148.1777777777775,20.644444444444442,18.377777777777776,0,0,0,0,0
2026-07-28 15:21:00,ccf-aiops-广州,fw,firewall,ens5,business,2208.777777777778,12006.866666666667,18.88888888888889,20.733333333333334,0,0,0,0,0
2026-07-28 15:21:00,ccf-aiops-广州,fw,firewall,ens6,NULL,0,0,0,0,0,0,0,0,0
2026-07-28 15:21:00,ccf-aiops-广州,monitor-vm,collector,ens3,NULL,325,194.75555555555553,3.4,1.6222222222222222,0,0,0,0,0
2026-07-28 15:21:00,ccf-aiops-广州,monitor-vm,collector,ens4,mgmt,30779.777777777774,1066.6888888888889,11.844444444444443,9.511111111111111,0,0,0,0,0
2026-07-28 15:21:00,ccf-aiops-广州,monitor-vm,collector,ens5,NULL,0,0,0,0,0,0,0,0,0
2026-07-28 15:21:00,ccf-aiops-广州,monitor-vm,collector,ens6,NULL,0,0,0,0,0,0,0,0,0
2026-07-28 15:21:00,ccf-aiops-广州,probe-vm,probe,ens3,NULL,85.17777777777776,62.35555555555555,0.7777777777777778,0.31111111111111106,0,0,0,0,0
2026-07-28 15:21:00,ccf-aiops-广州,probe-vm,probe,ens4,business,66.08888888888889,1175.4666666666667,0.5777777777777777,0.3777777777777777,0,0,0,0,0
2026-07-28 15:21:00,ccf-aiops-广州,probe-vm,probe,ens5,NULL,0,0,0,0,0,0,0,0,0
2026-07-28 15:21:00,ccf-aiops-广州,probe-vm,probe,ens6,NULL,0,0,0,0,0,0,0,0,0
2026-07-28 15:21:00,ccf-aiops-广州,service-vm-1,service,ens3,NULL,87.84054042042575,60.88618283631838,0.8221856806364163,0.28887604995333543,0,0,0,0,0
2026-07-28 15:21:00,ccf-aiops-广州,service-vm-1,service,ens4,service,64.17492555886405,1186.1695035776186,0.5555308652948759,0.37776098840051553,0,0,0,0,0
2026-07-28 15:21:00,ccf-aiops-广州,service-vm-1,service,ens5,NULL,0,0,0,0,0,0,0,0,0
2026-07-28 15:21:00,ccf-aiops-广州,service-vm-1,service,ens6,NULL,0,0,0,0,0,0,0,0,0
2026-07-28 15:21:00,ccf-aiops-广州,service-vm-2,service,ens3,NULL,84.13333333333334,60.888888888888886,0.7777777777777778,0.28888888888888886,0,0,0,0,0
2026-07-28 15:21:00,ccf-aiops-广州,service-vm-2,service,ens4,service,150.48888888888888,1182.911111111111,1.311111111111111,0.3777777777777777,0,0,0,0,0
2026-07-28 15:21:00,ccf-aiops-广州,service-vm-2,service,ens5,NULL,0,0,0,0,0,0,0,0,0
2026-07-28 15:21:00,ccf-aiops-广州,service-vm-2,service,ens6,NULL,0,0,0,0,0,0,0,0,0
2026-07-28 15:21:00,ccf-aiops-广州,service-vm-3,service,ens3,NULL,139.73333333333332,97.28888888888888,1.4888888888888887,0.6666666666666666,0,0,0,0,0
2026-07-28 15:21:00,ccf-aiops-广州,service-vm-3,service,ens4,service,146.66666666666666,1184.3333333333333,1.2666666666666666,0.3777777777777777,0,0,0,0,0
2026-07-28 15:21:00,ccf-aiops-广州,service-vm-3,service,ens5,NULL,0,0,0,0,0,0,0,0,0
2026-07-28 15:21:00,ccf-aiops-广州,service-vm-3,service,ens6,NULL,0,0,0,0,0,0,0,0,0
2026-07-28 15:21:00,ccf-aiops-广州,traffic-vm,traffic,ens3,NULL,208.13333333333333,131.2888888888889,2.1333333333333333,1,0,0,0,0,0
2026-07-28 15:21:00,ccf-aiops-广州,traffic-vm,traffic,ens4,business,1496.2,17049.444444444445,11.666666666666666,10.266666666666667,0,0,0,0,0
2026-07-28 15:21:00,ccf-aiops-广州,traffic-vm,traffic,ens5,NULL,0,0,0,0,0,0,0,0,0
2026-07-28 15:21:00,ccf-aiops-广州,traffic-vm,traffic,ens6,NULL,0,0,0,0,0,0,0,0,0
2026-07-28 15:22:00,ccf-aiops-广州,br-1,br,ens10,NULL,0,0,0,0,0,0,0,0,0
2026-07-28 15:22:00,ccf-aiops-广州,br-1,br,ens11,NULL,0,0,0,0,0,0,0,0,0
2026-07-28 15:22:00,ccf-aiops-广州,br-1,br,ens12,NULL,0,0,0,0,0,0,0,0,0
2026-07-28 15:22:00,ccf-aiops-广州,br-1,br,ens3,NULL,61.511111111111106,0,0.9333333333333333,0,0,0,0,0,0
2026-07-28 15:22:00,ccf-aiops-广州,br-1,br,ens4,backbone,1147640.2222222222,1096.9777777777776,781.7555555555555,9.444444444444445,0,0,0,0,0
2026-07-28 15:22:00,ccf-aiops-广州,br-1,br,ens5,backbone,1255.911111111111,1149589.4,10.733333333333333,779.0222222222221,0,0,0,0,0
2026-07-28 15:22:00,ccf-aiops-广州,br-1,br,ens6,NULL,0,0,0,0,0,0,0,0,0
2026-07-28 15:22:00,ccf-aiops-广州,br-1,br,ens7,NULL,0,0,0,0,0,0,0,0,0
2026-07-28 15:22:00,ccf-aiops-广州,br-1,br,ens8,NULL,0,0,0,0,0,0,0,0,0
2026-07-28 15:22:00,ccf-aiops-广州,br-1,br,ens9,NULL,0,0,0,0,0,0,0,0,0
2026-07-28 15:22:00,ccf-aiops-广州,br-2,br,ens10,NULL,0,0,0,0,0,0,0,0,0
2026-07-28 15:22:00,ccf-aiops-广州,br-2,br,ens11,NULL,0,0,0,0,0,0,0,0,0
2026-07-28 15:22:00,ccf-aiops-广州,br-2,br,ens12,NULL,0,0,0,0,0,0,0,0,0
2026-07-28 15:22:00,ccf-aiops-广州,br-2,br,ens3,NULL,58.31111111111111,0,0.8888888888888888,0,0,0,0,0,0
2026-07-28 15:22:00,ccf-aiops-广州,br-2,br,ens4,backbone,1693339.0666666667,926.6444444444444,1148.6444444444444,8.4,0,0,0,0,0
2026-07-28 15:22:00,ccf-aiops-广州,br-2,br,ens5,backbone,1091.1333333333334,1695429.6666666667,9.71111111111111,1145.911111111111,0,0,0,0,0
2026-07-28 15:22:00,ccf-aiops-广州,br-2,br,ens6,NULL,0,0,0,0,0,0,0,0,0
2026-07-28 15:22:00,ccf-aiops-广州,br-2,br,ens7,NULL,0,0,0,0,0,0,0,0,0
2026-07-28 15:22:00,ccf-aiops-广州,br-2,br,ens8,NULL,0,0,0,0,0,0,0,0,0
2026-07-28 15:22:00,ccf-aiops-广州,br-2,br,ens9,NULL,0,0,0,0,0,0,0,0,0
2026-07-28 15:22:00,ccf-aiops-广州,cr-1,cr,ens10,NULL,0,0,0,0,0,0,0,0,0
2026-07-28 15:22:00,ccf-aiops-广州,cr-1,cr,ens11,NULL,0,0,0,0,0,0,0,0,0
2026-07-28 15:22:00,ccf-aiops-广州,cr-1,cr,ens12,NULL,0,0,0,0,0,0,0,0,0
2026-07-28 15:22:00,ccf-aiops-广州,cr-1,cr,ens3,NULL,65.5111111111111,10.533333333333333,1,0.1111111111111111,0,0,0,0,0
2026-07-28 15:22:00,ccf-aiops-广州,cr-1,cr,ens4,backbone,1168193.6,1140.4888888888888,792.4444444444445,9.844444444444443,0,0,0,0,0
2026-07-28 15:22:00,ccf-aiops-广州,cr-1,cr,ens5,backbone,1266.622222222222,1170383.8,10.933333333333334,793.4666666666667,0,0,0,0,0
2026-07-28 15:22:00,ccf-aiops-广州,cr-1,cr,ens6,NULL,0,0,0,0,0,0,0,0,0
2026-07-28 15:22:00,ccf-aiops-广州,cr-1,cr,ens7,NULL,0,0,0,0,0,0,0,0,0
2026-07-28 15:22:00,ccf-aiops-广州,cr-1,cr,ens8,NULL,0,0,0,0,0,0,0,0,0
2026-07-28 15:22:00,ccf-aiops-广州,cr-1,cr,ens9,NULL,0,0,0,0,0,0,0,0,0
2026-07-28 15:22:00,ccf-aiops-广州,cr-2,cr,ens10,NULL,0,0,0,0,0,0,0,0,0
2026-07-28 15:22:00,ccf-aiops-广州,cr-2,cr,ens11,NULL,0,0,0,0,0,0,0,0,0
2026-07-28 15:22:00,ccf-aiops-广州,cr-2,cr,ens12,NULL,0,0,0,0,0,0,0,0,0
2026-07-28 15:22:00,ccf-aiops-广州,cr-2,cr,ens3,NULL,168.93333333333334,114.22222222222221,1.4888888888888887,0.5555555555555555,0,0,0,0,0
2026-07-28 15:22:00,ccf-aiops-广州,cr-2,cr,ens4,backbone,333890.28888888884,1227.9777777777776,233.2222222222222,10.71111111111111,0,0,0,0,0
2026-07-28 15:22:00,ccf-aiops-广州,cr-2,cr,ens5,backbone,1340.822222222222,336287.2444444444,11.644444444444444,234.37777777777777,0,0,0,0,0
2026-07-28 15:22:00,ccf-aiops-广州,cr-2,cr,ens6,NULL,0,0,0,0,0,0,0,0,0
2026-07-28 15:22:00,ccf-aiops-广州,cr-2,cr,ens7,NULL,0,0,0,0,0,0,0,0,0
2026-07-28 15:22:00,ccf-aiops-广州,cr-2,cr,ens8,NULL,0,0,0,0,0,0,0,0,0
2026-07-28 15:22:00,ccf-aiops-广州,cr-2,cr,ens9,NULL,0,0,0,0,0,0,0,0,0
2026-07-28 15:22:00,ccf-aiops-广州,fw,firewall,ens3,NULL,245.2,101.6,2.9555555555555553,1.0222222222222221,0,0,0,0,0
2026-07-28 15:22:00,ccf-aiops-广州,fw,firewall,ens4,backbone,684532.8444444444,2623.511111111111,476.53333333333336,22.62222222222222,0,0,0,0,0
2026-07-28 15:22:00,ccf-aiops-广州,fw,firewall,ens5,business,2679.4,685676.4666666667,23.08888888888889,476.53333333333336,0,0,0,0,0
2026-07-28 15:22:00,ccf-aiops-广州,fw,firewall,ens6,NULL,0,0,0,0,0,0,0,0,0
2026-07-28 15:22:00,ccf-aiops-广州,monitor-vm,collector,ens3,NULL,360.8,199.28888888888886,3.8888888888888884,1.6666666666666667,0,0,0,0,0
2026-07-28 15:22:00,ccf-aiops-广州,monitor-vm,collector,ens4,mgmt,31465.333333333332,1009.0888888888888,12.066666666666666,8.844444444444443,0,0,0,0,0
2026-07-28 15:22:00,ccf-aiops-广州,monitor-vm,collector,ens5,NULL,0,0,0,0,0,0,0,0,0
2026-07-28 15:22:00,ccf-aiops-广州,monitor-vm,collector,ens6,NULL,0,0,0,0,0,0,0,0,0
2026-07-28 15:22:00,ccf-aiops-广州,probe-vm,probe,ens3,NULL,115.46666666666667,62.35555555555555,1.222222222222222,0.31111111111111106,0,0,0,0,0
2026-07-28 15:22:00,ccf-aiops-广州,probe-vm,probe,ens4,business,66.08888888888889,1172.1555555555556,0.5777777777777777,0.3555555555555555,0,0,0,0,0
2026-07-28 15:22:00,ccf-aiops-广州,probe-vm,probe,ens5,NULL,0,0,0,0,0,0,0,0,0
2026-07-28 15:22:00,ccf-aiops-广州,probe-vm,probe,ens6,NULL,0,0,0,0,0,0,0,0,0
2026-07-28 15:22:00,ccf-aiops-广州,service-vm-1,service,ens3,NULL,114.44444444444443,62.35555555555555,1.2,0.31111111111111106,0,0,0,0,0
2026-07-28 15:22:00,ccf-aiops-广州,service-vm-1,service,ens4,service,60.35555555555555,1185.2,0.5111111111111111,0.3777777777777777,0,0,0,0,0
2026-07-28 15:22:00,ccf-aiops-广州,service-vm-1,service,ens5,NULL,0,0,0,0,0,0,0,0,0
2026-07-28 15:22:00,ccf-aiops-广州,service-vm-1,service,ens6,NULL,0,0,0,0,0,0,0,0,0
2026-07-28 15:22:00,ccf-aiops-广州,service-vm-2,service,ens3,NULL,121.28888888888888,62.35555555555555,1.222222222222222,0.31111111111111106,0,0,0,0,0
2026-07-28 15:22:00,ccf-aiops-广州,service-vm-2,service,ens4,service,68.44444444444443,1185.7333333333333,0.6,0.4222222222222222,0,0,0,0,0
2026-07-28 15:22:00,ccf-aiops-广州,service-vm-2,service,ens5,NULL,0,0,0,0,0,0,0,0,0
2026-07-28 15:22:00,ccf-aiops-广州,service-vm-2,service,ens6,NULL,0,0,0,0,0,0,0,0,0
2026-07-28 15:22:00,ccf-aiops-广州,service-vm-3,service,ens3,NULL,121.2,35.86666666666667,1.6444444444444444,0.3777777777777777,0,0,0,0,0
2026-07-28 15:22:00,ccf-aiops-广州,service-vm-3,service,ens4,service,4562540.866666666,1207.2666666666667,3062.9333333333334,0.6666666666666666,0,0,0,0,0
2026-07-28 15:22:00,ccf-aiops-广州,service-vm-3,service,ens5,NULL,0,0,0,0,0,0,0,0,0
2026-07-28 15:22:00,ccf-aiops-广州,service-vm-3,service,ens6,NULL,0,0,0,0,0,0,0,0,0
2026-07-28 15:22:00,ccf-aiops-广州,traffic-vm,traffic,ens3,NULL,195.24444444444444,69.86666666666666,2.355555555555555,0.711111111111111,0,0,0,0,0
2026-07-28 15:22:00,ccf-aiops-广州,traffic-vm,traffic,ens4,business,2636.822222222222,17943.555555555555,18.466666666666665,18.111111111111107,0,0,0,0,0
2026-07-28 15:22:00,ccf-aiops-广州,traffic-vm,traffic,ens5,NULL,0,0,0,0,0,0,0,0,0
2026-07-28 15:22:00,ccf-aiops-广州,traffic-vm,traffic,ens6,NULL,0,0,0,0,0,0,0,0,0
2026-07-28 15:23:00,ccf-aiops-广州,br-1,br,ens10,NULL,0,0,0,0,0,0,0,0,0
2026-07-28 15:23:00,ccf-aiops-广州,br-1,br,ens11,NULL,0,0,0,0,0,0,0,0,0
2026-07-28 15:23:00,ccf-aiops-广州,br-1,br,ens12,NULL,0,0,0,0,0,0,0,0,0
2026-07-28 15:23:00,ccf-aiops-广州,br-1,br,ens3,NULL,41.86666666666667,10.533333333333333,0.6888888888888888,0.1111111111111111,0,0,0,0,0
2026-07-28 15:23:00,ccf-aiops-广州,br-1,br,ens4,backbone,2592771.755555555,533.8444444444444,1748.3555555555554,4.644444444444444,0,0,0,0,0
2026-07-28 15:23:00,ccf-aiops-广州,br-1,br,ens5,backbone,690.7777777777777,2595207.822222222,5.977777777777777,1746.1111111111109,0,0,0,0,0
2026-07-28 15:23:00,ccf-aiops-广州,br-1,br,ens6,NULL,0,0,0,0,0,0,0,0,0
2026-07-28 15:23:00,ccf-aiops-广州,br-1,br,ens7,NULL,0,0,0,0,0,0,0,0,0
2026-07-28 15:23:00,ccf-aiops-广州,br-1,br,ens8,NULL,0,0,0,0,0,0,0,0,0
2026-07-28 15:23:00,ccf-aiops-广州,br-1,br,ens9,NULL,0,0,0,0,0,0,0,0,0
2026-07-28 15:23:00,ccf-aiops-广州,br-2,br,ens10,NULL,0,0,0,0,0,0,0,0,0
2026-07-28 15:23:00,ccf-aiops-广州,br-2,br,ens11,NULL,0,0,0,0,0,0,0,0,0
2026-07-28 15:23:00,ccf-aiops-广州,br-2,br,ens12,NULL,0,0,0,0,0,0,0,0,0
2026-07-28 15:23:00,ccf-aiops-广州,br-2,br,ens3,NULL,34.666666666666664,0,0.5777777777777777,0,0,0,0,0,0
2026-07-28 15:23:00,ccf-aiops-广州,br-2,br,ens4,backbone,10455697.177777776,633.2,7025.644444444444,5.644444444444444,0,0,0,0,0
2026-07-28 15:23:00,ccf-aiops-广州,br-2,br,ens5,backbone,814.2666666666667,10458133.777777778,7.088888888888889,7023.4,0,0,0,0,0
2026-07-28 15:23:00,ccf-aiops-广州,br-2,br,ens6,NULL,0,0,0,0,0,0,0,0,0
2026-07-28 15:23:00,ccf-aiops-广州,br-2,br,ens7,NULL,0,0,0,0,0,0,0,0,0
2026-07-28 15:23:00,ccf-aiops-广州,br-2,br,ens8,NULL,0,0,0,0,0,0,0,0,0
2026-07-28 15:23:00,ccf-aiops-广州,br-2,br,ens9,NULL,0,0,0,0,0,0,0,0,0
2026-07-28 15:23:00,ccf-aiops-广州,cr-1,cr,ens10,NULL,0,0,0,0,0,0,0,0,0
2026-07-28 15:23:00,ccf-aiops-广州,cr-1,cr,ens11,NULL,0,0,0,0,0,0,0,0,0
2026-07-28 15:23:00,ccf-aiops-广州,cr-1,cr,ens12,NULL,0,0,0,0,0,0,0,0,0
2026-07-28 15:23:00,ccf-aiops-广州,cr-1,cr,ens3,NULL,36,0,0.6,0,0,0,0,0,0
2026-07-28 15:23:00,ccf-aiops-广州,cr-1,cr,ens4,backbone,2596071.533333333,694.8888888888888,1746.5555555555554,6.111111111111111,0,0,0,0,0
2026-07-28 15:23:00,ccf-aiops-广州,cr-1,cr,ens5,backbone,813.1111111111111,2598954.577777778,7.111111111111111,1748.0888888888887,0,0,0,0,0
2026-07-28 15:23:00,ccf-aiops-广州,cr-1,cr,ens6,NULL,0,0,0,0,0,0,0,0,0
2026-07-28 15:23:00,ccf-aiops-广州,cr-1,cr,ens7,NULL,0,0,0,0,0,0,0,0,0
2026-07-28 15:23:00,ccf-aiops-广州,cr-1,cr,ens8,NULL,0,0,0,0,0,0,0,0,0
2026-07-28 15:23:00,ccf-aiops-广州,cr-1,cr,ens9,NULL,0,0,0,0,0,0,0,0,0
2026-07-28 15:23:00,ccf-aiops-广州,cr-2,cr,ens10,NULL,0,0,0,0,0,0,0,0,0
2026-07-28 15:23:00,ccf-aiops-广州,cr-2,cr,ens11,NULL,0,0,0,0,0,0,0,0,0
2026-07-28 15:23:00,ccf-aiops-广州,cr-2,cr,ens12,NULL,0,0,0,0,0,0,0,0,0
2026-07-28 15:23:00,ccf-aiops-广州,cr-2,cr,ens3,NULL,37.55555555555555,0,0.6222222222222221,0,0,0,0,0,0
2026-07-28 15:23:00,ccf-aiops-广州,cr-2,cr,ens4,backbone,10435832.444444444,698.8888888888888,7009.288888888888,5.977777777777777,0,0,0,0,0
2026-07-28 15:23:00,ccf-aiops-广州,cr-2,cr,ens5,backbone,808.8444444444444,10438510.955555554,6.888888888888888,7010.622222222222,0,0,0,0,0
2026-07-28 15:23:00,ccf-aiops-广州,cr-2,cr,ens6,NULL,0,0,0,0,0,0,0,0,0
2026-07-28 15:23:00,ccf-aiops-广州,cr-2,cr,ens7,NULL,0,0,0,0,0,0,0,0,0
2026-07-28 15:23:00,ccf-aiops-广州,cr-2,cr,ens8,NULL,0,0,0,0,0,0,0,0,0
2026-07-28 15:23:00,ccf-aiops-广州,cr-2,cr,ens9,NULL,0,0,0,0,0,0,0,0,0
2026-07-28 15:23:00,ccf-aiops-广州,fw,firewall,ens3,NULL,273.2888888888889,163.0222222222222,2.8888888888888884,1.311111111111111,0,0,0,0,0
2026-07-28 15:23:00,ccf-aiops-广州,fw,firewall,ens4,backbone,13055498.044444444,1631.311111111111,8771.533333333333,14.044444444444444,0,0,0,0,0
2026-07-28 15:23:00,ccf-aiops-广州,fw,firewall,ens5,business,1708.1333333333334,13056673.088888887,14.755555555555555,8771.888888888887,0,0,0,0,0
2026-07-28 15:23:00,ccf-aiops-广州,fw,firewall,ens6,NULL,0,0,0,0,0,0,0,0,0
2026-07-28 15:23:00,ccf-aiops-广州,monitor-vm,collector,ens3,NULL,278.5777777777777,135.6,3.2444444444444445,1.3555555555555554,0,0,0,0,0
2026-07-28 15:23:00,ccf-aiops-广州,monitor-vm,collector,ens4,mgmt,33266.11111111111,1068.6,13.733333333333333,9.533333333333333,0,0,0,0,0
2026-07-28 15:23:00,ccf-aiops-广州,monitor-vm,collector,ens5,NULL,0,0,0,0,0,0,0,0,0
2026-07-28 15:23:00,ccf-aiops-广州,monitor-vm,collector,ens6,NULL,0,0,0,0,0,0,0,0,0
2026-07-28 15:23:00,ccf-aiops-广州,probe-vm,probe,ens3,NULL,36,0,0.6,0,0,0,0,0,0
2026-07-28 15:23:00,ccf-aiops-广州,probe-vm,probe,ens4,business,66.08888888888889,1173.3777777777775,0.5777777777777777,0.3777777777777777,0,0,0,0,0
2026-07-28 15:23:00,ccf-aiops-广州,probe-vm,probe,ens5,NULL,0,0,0,0,0,0,0,0,0
2026-07-28 15:23:00,ccf-aiops-广州,probe-vm,probe,ens6,NULL,0,0,0,0,0,0,0,0,0
2026-07-28 15:23:00,ccf-aiops-广州,service-vm-1,service,ens3,NULL,34.66512599440025,0,0.5777520999066709,0,0,0,0,0,0
2026-07-28 15:23:00,ccf-aiops-广州,service-vm-1,service,ens4,service,64.17492555886406,1184.3473623394516,0.5555308652948757,0.3555397537887205,0,0,0,0,0
2026-07-28 15:23:00,ccf-aiops-广州,service-vm-1,service,ens5,NULL,0,0,0,0,0,0,0,0,0
2026-07-28 15:23:00,ccf-aiops-广州,service-vm-1,service,ens6,NULL,0,0,0,0,0,0,0,0,0
2026-07-28 15:23:00,ccf-aiops-广州,service-vm-2,service,ens3,NULL,37.333333333333336,0,0.6222222222222221,0,0,0,0,0,0
2026-07-28 15:23:00,ccf-aiops-广州,service-vm-2,service,ens4,service,68,1184.3333333333333,0.6,0.4,0,0,0,0,0
2026-07-28 15:23:00,ccf-aiops-广州,service-vm-2,service,ens5,NULL,0,0,0,0,0,0,0,0,0
2026-07-28 15:23:00,ccf-aiops-广州,service-vm-2,service,ens6,NULL,0,0,0,0,0,0,0,0,0
2026-07-28 15:23:00,ccf-aiops-广州,service-vm-3,service,ens3,NULL,93.9111111111111,37.333333333333336,1.3555555555555554,0.4,0,0,0,0,0
2026-07-28 15:23:00,ccf-aiops-广州,service-vm-3,service,ens4,service,13043070,1194.3333333333333,8754.355555555554,0.4888888888888889,0,0,0,0,0
2026-07-28 15:23:00,ccf-aiops-广州,service-vm-3,service,ens5,NULL,0,0,0,0,0,0,0,0,0
2026-07-28 15:23:00,ccf-aiops-广州,service-vm-3,service,ens6,NULL,0,0,0,0,0,0,0,0,0
2026-07-28 15:23:00,ccf-aiops-广州,traffic-vm,traffic,ens3,NULL,167.6,76.53333333333333,2.0444444444444443,0.8,0,0,0,0,0
2026-07-28 15:23:00,ccf-aiops-广州,traffic-vm,traffic,ens4,business,1669.9777777777776,17201.155555555553,11.888888888888888,11.577777777777778,0,0,0,0,0
2026-07-28 15:23:00,ccf-aiops-广州,traffic-vm,traffic,ens5,NULL,0,0,0,0,0,0,0,0,0
2026-07-28 15:23:00,ccf-aiops-广州,traffic-vm,traffic,ens6,NULL,0,0,0,0,0,0,0,0,0
2026-07-28 15:24:00,ccf-aiops-广州,br-1,br,ens10,NULL,0,0,0,0,0,0,0,0,0
2026-07-28 15:24:00,ccf-aiops-广州,br-1,br,ens11,NULL,0,0,0,0,0,0,0,0,0
2026-07-28 15:24:00,ccf-aiops-广州,br-1,br,ens12,NULL,0,0,0,0,0,0,0,0,0
2026-07-28 15:24:00,ccf-aiops-广州,br-1,br,ens3,NULL,38.13333333333333,0,0.5111111111111111,0,0,0,0,0,0
2026-07-28 15:24:00,ccf-aiops-广州,br-1,br,ens4,backbone,1978720.2,148.15555555555554,1333.311111111111,1.3333333333333333,0,0,0,0,0
2026-07-28 15:24:00,ccf-aiops-广州,br-1,br,ens5,backbone,360.68888888888887,1980514.3333333333,3.1555555555555554,1330.4666666666667,0,0,0,0,0
2026-07-28 15:24:00,ccf-aiops-广州,br-1,br,ens6,NULL,0,0,0,0,0,0,0,0,0
2026-07-28 15:24:00,ccf-aiops-广州,br-1,br,ens7,NULL,0,0,0,0,0,0,0,0,0
2026-07-28 15:24:00,ccf-aiops-广州,br-1,br,ens8,NULL,0,0,0,0,0,0,0,0,0
2026-07-28 15:24:00,ccf-aiops-广州,br-1,br,ens9,NULL,0,0,0,0,0,0,0,0,0
2026-07-28 15:24:00,ccf-aiops-广州,br-2,br,ens10,NULL,0,0,0,0,0,0,0,0,0
2026-07-28 15:24:00,ccf-aiops-广州,br-2,br,ens11,NULL,0,0,0,0,0,0,0,0,0
2026-07-28 15:24:00,ccf-aiops-广州,br-2,br,ens12,NULL,0,0,0,0,0,0,0,0,0
2026-07-28 15:24:00,ccf-aiops-广州,br-2,br,ens3,NULL,38.13333333333333,0,0.5111111111111111,0,0,0,0,0,0
2026-07-28 15:24:00,ccf-aiops-广州,br-2,br,ens4,backbone,8224802.177777777,1437.2888888888888,5525.0888888888885,1.9333333333333333,0,0,0,0,0
2026-07-28 15:24:00,ccf-aiops-广州,br-2,br,ens5,backbone,1636.5333333333333,8226652.755555555,3.6444444444444444,5522.466666666666,0,0,0,0,0
2026-07-28 15:24:00,ccf-aiops-广州,br-2,br,ens6,NULL,0,0,0,0,0,0,0,0,0
2026-07-28 15:24:00,ccf-aiops-广州,br-2,br,ens7,NULL,0,0,0,0,0,0,0,0,0
2026-07-28 15:24:00,ccf-aiops-广州,br-2,br,ens8,NULL,0,0,0,0,0,0,0,0,0
2026-07-28 15:24:00,ccf-aiops-广州,br-2,br,ens9,NULL,0,0,0,0,0,0,0,0,0
2026-07-28 15:24:00,ccf-aiops-广州,cr-1,cr,ens10,NULL,0,0,0,0,0,0,0,0,0
2026-07-28 15:24:00,ccf-aiops-广州,cr-1,cr,ens11,NULL,0,0,0,0,0,0,0,0,0
2026-07-28 15:24:00,ccf-aiops-广州,cr-1,cr,ens12,NULL,0,0,0,0,0,0,0,0,0
2026-07-28 15:24:00,ccf-aiops-广州,cr-1,cr,ens3,NULL,38.13333333333333,0,0.5111111111111111,0,0,0,0,0,0
2026-07-28 15:24:00,ccf-aiops-广州,cr-1,cr,ens4,backbone,1964989.6222222222,1562.7333333333333,1320.6666666666667,2.9555555555555553,0,0,0,0,0
2026-07-28 15:24:00,ccf-aiops-广州,cr-1,cr,ens5,backbone,1686.6,1967039.1555555554,4.022222222222222,1321.3555555555554,0,0,0,0,0
2026-07-28 15:24:00,ccf-aiops-广州,cr-1,cr,ens6,NULL,0,0,0,0,0,0,0,0,0
2026-07-28 15:24:00,ccf-aiops-广州,cr-1,cr,ens7,NULL,0,0,0,0,0,0,0,0,0
2026-07-28 15:24:00,ccf-aiops-广州,cr-1,cr,ens8,NULL,0,0,0,0,0,0,0,0,0
2026-07-28 15:24:00,ccf-aiops-广州,cr-1,cr,ens9,NULL,0,0,0,0,0,0,0,0,0
2026-07-28 15:24:00,ccf-aiops-广州,cr-2,cr,ens10,NULL,0,0,0,0,0,0,0,0,0
2026-07-28 15:24:00,ccf-aiops-广州,cr-2,cr,ens11,NULL,0,0,0,0,0,0,0,0,0
2026-07-28 15:24:00,ccf-aiops-广州,cr-2,cr,ens12,NULL,0,0,0,0,0,0,0,0,0
2026-07-28 15:24:00,ccf-aiops-广州,cr-2,cr,ens3,NULL,35.46666666666667,0,0.4666666666666667,0,0,0,0,0,0
2026-07-28 15:24:00,ccf-aiops-广州,cr-2,cr,ens4,backbone,10252836.6,381.97777777777776,6883.177777777777,3.355555555555555,0,0,0,0,0
2026-07-28 15:24:00,ccf-aiops-广州,cr-2,cr,ens5,backbone,500.7777777777777,10254758.244444443,4.377777777777777,6883.866666666667,0,0,0,0,0
2026-07-28 15:24:00,ccf-aiops-广州,cr-2,cr,ens6,NULL,0,0,0,0,0,0,0,0,0
2026-07-28 15:24:00,ccf-aiops-广州,cr-2,cr,ens7,NULL,0,0,0,0,0,0,0,0,0
2026-07-28 15:24:00,ccf-aiops-广州,cr-2,cr,ens8,NULL,0,0,0,0,0,0,0,0,0
2026-07-28 15:24:00,ccf-aiops-广州,cr-2,cr,ens9,NULL,0,0,0,0,0,0,0,0,0
2026-07-28 15:24:00,ccf-aiops-广州,fw,firewall,ens3,NULL,219.37777777777777,101.6,2.4888888888888885,1.0222222222222221,0,0,0,0,0
2026-07-28 15:24:00,ccf-aiops-广州,fw,firewall,ens4,backbone,12379046.6,2167.5555555555557,8311.844444444443,8.2,0,0,0,0,0
2026-07-28 15:24:00,ccf-aiops-广州,fw,firewall,ens5,business,2240.644444444444,12380190.266666668,8.866666666666667,8311.91111111111,0,0,0,0,0
2026-07-28 15:24:00,ccf-aiops-广州,fw,firewall,ens6,NULL,0,0,0,0,0,0,0,0,0
2026-07-28 15:24:00,ccf-aiops-广州,monitor-vm,collector,ens3,NULL,392.3111111111111,260.17777777777775,3.755555555555555,1.9555555555555555,0,0,0,0,0
2026-07-28 15:24:00,ccf-aiops-广州,monitor-vm,collector,ens4,mgmt,30689.6,1068.0666666666666,11.4,9.533333333333333,0,0,0,0,0
2026-07-28 15:24:00,ccf-aiops-广州,monitor-vm,collector,ens5,NULL,0,0,0,0,0,0,0,0,0
2026-07-28 15:24:00,ccf-aiops-广州,monitor-vm,collector,ens6,NULL,0,0,0,0,0,0,0,0,0
2026-07-28 15:24:00,ccf-aiops-广州,probe-vm,probe,ens3,NULL,36.8,0,0.4888888888888889,0,0,0,0,0,0
2026-07-28 15:24:00,ccf-aiops-广州,probe-vm,probe,ens4,business,62.266666666666666,1173.4,0.5333333333333333,0.3777777777777777,0,0,0,0,0
2026-07-28 15:24:00,ccf-aiops-广州,probe-vm,probe,ens5,NULL,0,0,0,0,0,0,0,0,0
2026-07-28 15:24:00,ccf-aiops-广州,probe-vm,probe,ens6,NULL,0,0,0,0,0,0,0,0,0
2026-07-28 15:24:00,ccf-aiops-广州,service-vm-1,service,ens3,NULL,36.8,0,0.4888888888888889,0,0,0,0,0,0
2026-07-28 15:24:00,ccf-aiops-广州,service-vm-1,service,ens4,service,64.17777777777778,1186.1111111111109,0.5555555555555555,0.3777777777777777,0,0,0,0,0
2026-07-28 15:24:00,ccf-aiops-广州,service-vm-1,service,ens5,NULL,0,0,0,0,0,0,0,0,0
2026-07-28 15:24:00,ccf-aiops-广州,service-vm-1,service,ens6,NULL,0,0,0,0,0,0,0,0,0
2026-07-28 15:24:00,ccf-aiops-广州,service-vm-2,service,ens3,NULL,140.84444444444443,122.3111111111111,1.0888888888888888,0.5777777777777777,0,0,0,0,0
2026-07-28 15:24:00,ccf-aiops-广州,service-vm-2,service,ens4,service,64.17777777777778,1185.5777777777776,0.5555555555555555,0.4,0,0,0,0,0
2026-07-28 15:24:00,ccf-aiops-广州,service-vm-2,service,ens5,NULL,0,0,0,0,0,0,0,0,0
2026-07-28 15:24:00,ccf-aiops-广州,service-vm-2,service,ens6,NULL,0,0,0,0,0,0,0,0,0
2026-07-28 15:24:00,ccf-aiops-广州,service-vm-3,service,ens3,NULL,190.2222222222222,154.97777777777776,1.7333333333333334,0.9111111111111111,0,0,0,0,0
2026-07-28 15:24:00,ccf-aiops-广州,service-vm-3,service,ens4,service,8480806.222222222,2493.3555555555554,5692.822222222222,1.0888888888888888,0,0,0,0,0
2026-07-28 15:24:00,ccf-aiops-广州,service-vm-3,service,ens5,NULL,0,0,0,0,0,0,0,0,0
2026-07-28 15:24:00,ccf-aiops-广州,service-vm-3,service,ens6,NULL,0,0,0,0,0,0,0,0,0
2026-07-28 15:24:00,ccf-aiops-广州,traffic-vm,traffic,ens3,NULL,159.86666666666667,69.86666666666666,1.9333333333333333,0.711111111111111,0,0,0,0,0
2026-07-28 15:24:00,ccf-aiops-广州,traffic-vm,traffic,ens4,business,467.55555555555554,16223.133333333333,3.8666666666666667,3.2,0,0,0,0,0
2026-07-28 15:24:00,ccf-aiops-广州,traffic-vm,traffic,ens5,NULL,0,0,0,0,0,0,0,0,0
2026-07-28 15:24:00,ccf-aiops-广州,traffic-vm,traffic,ens6,NULL,0,0,0,0,0,0,0,0,0
2026-07-28 15:25:00,ccf-aiops-广州,br-1,br,ens10,NULL,0,0,0,0,0,0,0,0,0
2026-07-28 15:25:00,ccf-aiops-广州,br-1,br,ens11,NULL,0,0,0,0,0,0,0,0,0
2026-07-28 15:25:00,ccf-aiops-广州,br-1,br,ens12,NULL,0,0,0,0,0,0,0,0,0
2026-07-28 15:25:00,ccf-aiops-广州,br-1,br,ens3,NULL,141.2,114.22222222222221,1.111111111111111,0.5555555555555555,0,0,0,0,0
2026-07-28 15:25:00,ccf-aiops-广州,br-1,br,ens4,backbone,935.3777777777777,602.4222222222221,7.9111111111111105,5.444444444444444,0,0,0,0,0
2026-07-28 15:25:00,ccf-aiops-广州,br-1,br,ens5,backbone,781.5777777777778,2444.911111111111,6.933333333333334,5.466666666666667,0,0,0,0,0
2026-07-28 15:25:00,ccf-aiops-广州,br-1,br,ens6,NULL,0,0,0,0,0,0,0,0,0
2026-07-28 15:25:00,ccf-aiops-广州,br-1,br,ens7,NULL,0,0,0,0,0,0,0,0,0
2026-07-28 15:25:00,ccf-aiops-广州,br-1,br,ens8,NULL,0,0,0,0,0,0,0,0,0
2026-07-28 15:25:00,ccf-aiops-广州,br-1,br,ens9,NULL,0,0,0,0,0,0,0,0,0
2026-07-28 15:25:00,ccf-aiops-广州,br-2,br,ens10,NULL,0,0,0,0,0,0,0,0,0
2026-07-28 15:25:00,ccf-aiops-广州,br-2,br,ens11,NULL,0,0,0,0,0,0,0,0,0
2026-07-28 15:25:00,ccf-aiops-广州,br-2,br,ens12,NULL,0,0,0,0,0,0,0,0,0
2026-07-28 15:25:00,ccf-aiops-广州,br-2,br,ens3,NULL,141.2,114.22222222222221,1.111111111111111,0.5555555555555555,0,0,0,0,0
2026-07-28 15:25:00,ccf-aiops-广州,br-2,br,ens4,backbone,1082.9777777777776,466.08888888888885,8.666666666666666,4.311111111111111,0,0,0,0,0
2026-07-28 15:25:00,ccf-aiops-广州,br-2,br,ens5,backbone,572.6666666666666,2513.133333333333,5.111111111111111,5.622222222222222,0,0,0,0,0
2026-07-28 15:25:00,ccf-aiops-广州,br-2,br,ens6,NULL,0,0,0,0,0,0,0,0,0
2026-07-28 15:25:00,ccf-aiops-广州,br-2,br,ens7,NULL,0,0,0,0,0,0,0,0,0
2026-07-28 15:25:00,ccf-aiops-广州,br-2,br,ens8,NULL,0,0,0,0,0,0,0,0,0
2026-07-28 15:25:00,ccf-aiops-广州,br-2,br,ens9,NULL,0,0,0,0,0,0,0,0,0
2026-07-28 15:25:00,ccf-aiops-广州,cr-1,cr,ens10,NULL,0,0,0,0,0,0,0,0,0
2026-07-28 15:25:00,ccf-aiops-广州,cr-1,cr,ens11,NULL,0,0,0,0,0,0,0,0,0
2026-07-28 15:25:00,ccf-aiops-广州,cr-1,cr,ens12,NULL,0,0,0,0,0,0,0,0,0
2026-07-28 15:25:00,ccf-aiops-广州,cr-1,cr,ens3,NULL,141.2,114.22222222222221,1.111111111111111,0.5555555555555555,0,0,0,0,0
2026-07-28 15:25:00,ccf-aiops-广州,cr-1,cr,ens4,backbone,2710.511111111111,681.311111111111,7.533333333333333,6,0,0,0,0,0
2026-07-28 15:25:00,ccf-aiops-广州,cr-1,cr,ens5,backbone,794.0666666666667,4424.622222222222,6.933333333333334,8.266666666666667,0,0,0,0,0
2026-07-28 15:25:00,ccf-aiops-广州,cr-1,cr,ens6,NULL,0,0,0,0,0,0,0,0,0
2026-07-28 15:25:00,ccf-aiops-广州,cr-1,cr,ens7,NULL,0,0,0,0,0,0,0,0,0
2026-07-28 15:25:00,ccf-aiops-广州,cr-1,cr,ens8,NULL,0,0,0,0,0,0,0,0,0
2026-07-28 15:25:00,ccf-aiops-广州,cr-1,cr,ens9,NULL,0,0,0,0,0,0,0,0,0
2026-07-28 15:25:00,ccf-aiops-广州,cr-2,cr,ens10,NULL,0,0,0,0,0,0,0,0,0
2026-07-28 15:25:00,ccf-aiops-广州,cr-2,cr,ens11,NULL,0,0,0,0,0,0,0,0,0
2026-07-28 15:25:00,ccf-aiops-广州,cr-2,cr,ens12,NULL,0,0,0,0,0,0,0,0,0
2026-07-28 15:25:00,ccf-aiops-广州,cr-2,cr,ens3,NULL,34.888888888888886,0,0.5777777777777777,0,0,0,0,0,0
2026-07-28 15:25:00,ccf-aiops-广州,cr-2,cr,ens4,backbone,2286.4,553.911111111111,3.9555555555555553,4.955555555555555,0,0,0,0,0
2026-07-28 15:25:00,ccf-aiops-广州,cr-2,cr,ens5,backbone,666.8444444444444,4077.9777777777776,5.888888888888888,4.71111111111111,0,0,0,0,0
2026-07-28 15:25:00,ccf-aiops-广州,cr-2,cr,ens6,NULL,0,0,0,0,0,0,0,0,0
2026-07-28 15:25:00,ccf-aiops-广州,cr-2,cr,ens7,NULL,0,0,0,0,0,0,0,0,0
2026-07-28 15:25:00,ccf-aiops-广州,cr-2,cr,ens8,NULL,0,0,0,0,0,0,0,0,0
2026-07-28 15:25:00,ccf-aiops-广州,cr-2,cr,ens9,NULL,0,0,0,0,0,0,0,0,0
2026-07-28 15:25:00,ccf-aiops-广州,fw,firewall,ens3,NULL,274.71111111111105,165.28888888888886,2.8888888888888884,1.3333333333333333,0,0,0,0,0
2026-07-28 15:25:00,ccf-aiops-广州,fw,firewall,ens4,backbone,8466.111111111111,1380.3333333333333,13.066666666666666,12.088888888888887,0,0,0,0,0
2026-07-28 15:25:00,ccf-aiops-广州,fw,firewall,ens5,business,1442.4888888888888,9622.088888888888,12.622222222222222,13.2,0,0,0,0,0
2026-07-28 15:25:00,ccf-aiops-广州,fw,firewall,ens6,NULL,0,0,0,0,0,0,0,0,0
2026-07-28 15:25:00,ccf-aiops-广州,monitor-vm,collector,ens3,NULL,274.5777777777777,135.6,3.1777777777777776,1.3555555555555554,0,0,0,0,0
2026-07-28 15:25:00,ccf-aiops-广州,monitor-vm,collector,ens4,mgmt,29281.04444444444,1052.7777777777778,10.4,9.355555555555554,0,0,0,0,0
2026-07-28 15:25:00,ccf-aiops-广州,monitor-vm,collector,ens5,NULL,0,0,0,0,0,0,0,0,0
2026-07-28 15:25:00,ccf-aiops-广州,monitor-vm,collector,ens6,NULL,0,0,0,0,0,0,0,0,0
2026-07-28 15:25:00,ccf-aiops-广州,probe-vm,probe,ens3,NULL,83.82222222222222,61.42222222222222,0.7777777777777778,0.28888888888888886,0,0,0,0,0
2026-07-28 15:25:00,ccf-aiops-广州,probe-vm,probe,ens4,business,66.08888888888889,1176.511111111111,0.5777777777777777,0.4,0,0,0,0,0
2026-07-28 15:25:00,ccf-aiops-广州,probe-vm,probe,ens5,NULL,0,0,0,0,0,0,0,0,0
2026-07-28 15:25:00,ccf-aiops-广州,probe-vm,probe,ens6,NULL,0,0,0,0,0,0,0,0,0
2026-07-28 15:25:00,ccf-aiops-广州,service-vm-1,service,ens3,NULL,32,0,0.5333333333333333,0,0,0,0,0,0
2026-07-28 15:25:00,ccf-aiops-广州,service-vm-1,service,ens4,service,62.266666666666666,1182.0666666666666,0.5333333333333333,0.3333333333333333,0,0,0,0,0
2026-07-28 15:25:00,ccf-aiops-广州,service-vm-1,service,ens5,NULL,0,0,0,0,0,0,0,0,0
2026-07-28 15:25:00,ccf-aiops-广州,service-vm-1,service,ens6,NULL,0,0,0,0,0,0,0,0,0
2026-07-28 15:25:00,ccf-aiops-广州,service-vm-2,service,ens3,NULL,35.11111111111111,0,0.5777777777777777,0,0,0,0,0,0
2026-07-28 15:25:00,ccf-aiops-广州,service-vm-2,service,ens4,service,64.17777777777778,1184.6888888888889,0.5555555555555555,0.4,0,0,0,0,0
2026-07-28 15:25:00,ccf-aiops-广州,service-vm-2,service,ens5,NULL,0,0,0,0,0,0,0,0,0
2026-07-28 15:25:00,ccf-aiops-广州,service-vm-2,service,ens6,NULL,0,0,0,0,0,0,0,0,0
2026-07-28 15:25:00,ccf-aiops-广州,service-vm-3,service,ens3,NULL,380.53333333333336,714.4444444444445,3.844444444444444,2.2666666666666666,0,0,0,0,0
2026-07-28 15:25:00,ccf-aiops-广州,service-vm-3,service,ens4,service,64.17777777777778,1185,0.5555555555555555,0.3777777777777777,0,0,0,0,0
2026-07-28 15:25:00,ccf-aiops-广州,service-vm-3,service,ens5,NULL,0,0,0,0,0,0,0,0,0
2026-07-28 15:25:00,ccf-aiops-广州,service-vm-3,service,ens6,NULL,0,0,0,0,0,0,0,0,0
2026-07-28 15:25:00,ccf-aiops-广州,traffic-vm,traffic,ens3,NULL,209.51111111111112,129.02222222222224,2.1777777777777776,0.9777777777777777,0,0,0,0,0
2026-07-28 15:25:00,ccf-aiops-广州,traffic-vm,traffic,ens4,business,1599.9777777777779,17122.95555555556,11.511111111111111,11.2,0,0,0,0,0
2026-07-28 15:25:00,ccf-aiops-广州,traffic-vm,traffic,ens5,NULL,0,0,0,0,0,0,0,0,0
2026-07-28 15:25:00,ccf-aiops-广州,traffic-vm,traffic,ens6,NULL,0,0,0,0,0,0,0,0,0
2026-07-28 15:26:00,ccf-aiops-广州,br-1,br,ens10,NULL,0,0,0,0,0,0,0,0,0
2026-07-28 15:26:00,ccf-aiops-广州,br-1,br,ens11,NULL,0,0,0,0,0,0,0,0,0
2026-07-28 15:26:00,ccf-aiops-广州,br-1,br,ens12,NULL,0,0,0,0,0,0,0,0,0
2026-07-28 15:26:00,ccf-aiops-广州,br-1,br,ens3,NULL,50.13333333333333,0,0.6888888888888888,0,0,0,0,0,0
2026-07-28 15:26:00,ccf-aiops-广州,br-1,br,ens4,backbone,918.9333333333333,403.6222222222222,8.377777777777776,3.6666666666666665,0,0,0,0,0
2026-07-28 15:26:00,ccf-aiops-广州,br-1,br,ens5,backbone,561.9333333333333,2935.266666666667,5,5.177777777777777,0,0,0,0,0
2026-07-28 15:26:00,ccf-aiops-广州,br-1,br,ens6,NULL,0,0,0,0,0,0,0,0,0
2026-07-28 15:26:00,ccf-aiops-广州,br-1,br,ens7,NULL,0,0,0,0,0,0,0,0,0
2026-07-28 15:26:00,ccf-aiops-广州,br-1,br,ens8,NULL,0,0,0,0,0,0,0,0,0
2026-07-28 15:26:00,ccf-aiops-广州,br-1,br,ens9,NULL,0,0,0,0,0,0,0,0,0
2026-07-28 15:26:00,ccf-aiops-广州,br-2,br,ens10,NULL,0,0,0,0,0,0,0,0,0
2026-07-28 15:26:00,ccf-aiops-广州,br-2,br,ens11,NULL,0,0,0,0,0,0,0,0,0
2026-07-28 15:26:00,ccf-aiops-广州,br-2,br,ens12,NULL,0,0,0,0,0,0,0,0,0
2026-07-28 15:26:00,ccf-aiops-广州,br-2,br,ens3,NULL,49.733333333333334,0,0.6888888888888888,0,0,0,0,0,0
2026-07-28 15:26:00,ccf-aiops-广州,br-2,br,ens4,backbone,979.6888888888888,458.22222222222223,8.71111111111111,4.088888888888889,0,0,0,0,0
2026-07-28 15:26:00,ccf-aiops-广州,br-2,br,ens5,backbone,622.6222222222221,2908.9777777777776,5.422222222222222,5.4,0,0,0,0,0
2026-07-28 15:26:00,ccf-aiops-广州,br-2,br,ens6,NULL,0,0,0,0,0,0,0,0,0
2026-07-28 15:26:00,ccf-aiops-广州,br-2,br,ens7,NULL,0,0,0,0,0,0,0,0,0
2026-07-28 15:26:00,ccf-aiops-广州,br-2,br,ens8,NULL,0,0,0,0,0,0,0,0,0
2026-07-28 15:26:00,ccf-aiops-广州,br-2,br,ens9,NULL,0,0,0,0,0,0,0,0,0
2026-07-28 15:26:00,ccf-aiops-广州,cr-1,cr,ens10,NULL,0,0,0,0,0,0,0,0,0
2026-07-28 15:26:00,ccf-aiops-广州,cr-1,cr,ens11,NULL,0,0,0,0,0,0,0,0,0
2026-07-28 15:26:00,ccf-aiops-广州,cr-1,cr,ens12,NULL,0,0,0,0,0,0,0,0,0
2026-07-28 15:26:00,ccf-aiops-广州,cr-1,cr,ens3,NULL,48.577777777777776,0,0.6666666666666666,0,0,0,0,0,0
2026-07-28 15:26:00,ccf-aiops-广州,cr-1,cr,ens4,backbone,3032.4,609.8,5.9111111111111105,5.333333333333333,0,0,0,0,0
2026-07-28 15:26:00,ccf-aiops-广州,cr-1,cr,ens5,backbone,735.311111111111,5517.133333333333,6.377777777777777,7.133333333333334,0,0,0,0,0
2026-07-28 15:26:00,ccf-aiops-广州,cr-1,cr,ens6,NULL,0,0,0,0,0,0,0,0,0
2026-07-28 15:26:00,ccf-aiops-广州,cr-1,cr,ens7,NULL,0,0,0,0,0,0,0,0,0
2026-07-28 15:26:00,ccf-aiops-广州,cr-1,cr,ens8,NULL,0,0,0,0,0,0,0,0,0
2026-07-28 15:26:00,ccf-aiops-广州,cr-1,cr,ens9,NULL,0,0,0,0,0,0,0,0,0
2026-07-28 15:26:00,ccf-aiops-广州,cr-2,cr,ens10,NULL,0,0,0,0,0,0,0,0,0
2026-07-28 15:26:00,ccf-aiops-广州,cr-2,cr,ens11,NULL,0,0,0,0,0,0,0,0,0
2026-07-28 15:26:00,ccf-aiops-广州,cr-2,cr,ens12,NULL,0,0,0,0,0,0,0,0,0
2026-07-28 15:26:00,ccf-aiops-广州,cr-2,cr,ens3,NULL,48.13333333333333,0,0.6666666666666666,0,0,0,0,0,0
2026-07-28 15:26:00,ccf-aiops-广州,cr-2,cr,ens4,backbone,2643.822222222222,588.7111111111111,5.022222222222222,5.244444444444444,0,0,0,0,0
2026-07-28 15:26:00,ccf-aiops-广州,cr-2,cr,ens5,backbone,707.3777777777777,4617.2,6.244444444444444,5.977777777777777,0,0,0,0,0
2026-07-28 15:26:00,ccf-aiops-广州,cr-2,cr,ens6,NULL,0,0,0,0,0,0,0,0,0
2026-07-28 15:26:00,ccf-aiops-广州,cr-2,cr,ens7,NULL,0,0,0,0,0,0,0,0,0
2026-07-28 15:26:00,ccf-aiops-广州,cr-2,cr,ens8,NULL,0,0,0,0,0,0,0,0,0
2026-07-28 15:26:00,ccf-aiops-广州,cr-2,cr,ens9,NULL,0,0,0,0,0,0,0,0,0
2026-07-28 15:26:00,ccf-aiops-广州,fw,firewall,ens3,NULL,286.6222222222222,165.28888888888886,2.9555555555555553,1.3333333333333333,0,0,0,0,0
2026-07-28 15:26:00,ccf-aiops-广州,fw,firewall,ens4,backbone,9888.977777777776,1408.0222222222221,14.622222222222222,12.31111111111111,0,0,0,0,0
2026-07-28 15:26:00,ccf-aiops-广州,fw,firewall,ens5,business,1464.4444444444443,11038.4,12.777777777777777,14.666666666666666,0,0,0,0,0
2026-07-28 15:26:00,ccf-aiops-广州,fw,firewall,ens6,NULL,0,0,0,0,0,0,0,0,0
2026-07-28 15:26:00,ccf-aiops-广州,monitor-vm,collector,ens3,NULL,351.2888888888889,199.28888888888886,3.6666666666666665,1.6666666666666667,0,0,0,0,0
2026-07-28 15:26:00,ccf-aiops-广州,monitor-vm,collector,ens4,mgmt,31558.022222222222,1045.1333333333334,12.066666666666666,9.266666666666667,0,0,0,0,0
2026-07-28 15:26:00,ccf-aiops-广州,monitor-vm,collector,ens5,NULL,0,0,0,0,0,0,0,0,0
2026-07-28 15:26:00,ccf-aiops-广州,monitor-vm,collector,ens6,NULL,0,0,0,0,0,0,0,0,0
2026-07-28 15:26:00,ccf-aiops-广州,probe-vm,probe,ens3,NULL,105.95555555555555,62.35555555555555,1,0.31111111111111106,0,0,0,0,0
2026-07-28 15:26:00,ccf-aiops-广州,probe-vm,probe,ens4,business,60.35555555555555,1169.8,0.5111111111111111,0.3333333333333333,0,0,0,0,0
2026-07-28 15:26:00,ccf-aiops-广州,probe-vm,probe,ens5,NULL,0,0,0,0,0,0,0,0,0
2026-07-28 15:26:00,ccf-aiops-广州,probe-vm,probe,ens6,NULL,0,0,0,0,0,0,0,0,0
2026-07-28 15:26:00,ccf-aiops-广州,service-vm-1,service,ens3,NULL,102.83987378338742,59.95289098262299,0.9555130883071864,0.26665481534154034,0,0,0,0,0
2026-07-28 15:26:00,ccf-aiops-广州,service-vm-1,service,ens4,service,64.17492555886406,1183.525176658815,0.5555308652948757,0.3555397537887205,0,0,0,0,0
2026-07-28 15:26:00,ccf-aiops-广州,service-vm-1,service,ens5,NULL,0,0,0,0,0,0,0,0,0
2026-07-28 15:26:00,ccf-aiops-广州,service-vm-1,service,ens6,NULL,0,0,0,0,0,0,0,0,0
2026-07-28 15:26:00,ccf-aiops-广州,service-vm-2,service,ens3,NULL,115.86666666666666,62.35555555555555,1.1555555555555554,0.31111111111111106,0,0,0,0,0
2026-07-28 15:26:00,ccf-aiops-广州,service-vm-2,service,ens4,service,62.266666666666666,1187.2888888888888,0.5333333333333333,0.4222222222222222,0,0,0,0,0
2026-07-28 15:26:00,ccf-aiops-广州,service-vm-2,service,ens5,NULL,0,0,0,0,0,0,0,0,0
2026-07-28 15:26:00,ccf-aiops-广州,service-vm-2,service,ens6,NULL,0,0,0,0,0,0,0,0,0
2026-07-28 15:26:00,ccf-aiops-广州,service-vm-3,service,ens3,NULL,658.8444444444444,2432.8888888888887,6.244444444444444,3.6666666666666665,0,0,0,0,0
2026-07-28 15:26:00,ccf-aiops-广州,service-vm-3,service,ens4,service,64.17777777777778,1184.2444444444443,0.5555555555555555,0.3777777777777777,0,0,0,0,0
2026-07-28 15:26:00,ccf-aiops-广州,service-vm-3,service,ens5,NULL,0,0,0,0,0,0,0,0,0
2026-07-28 15:26:00,ccf-aiops-广州,service-vm-3,service,ens6,NULL,0,0,0,0,0,0,0,0,0
2026-07-28 15:26:00,ccf-aiops-广州,traffic-vm,traffic,ens3,NULL,234.97777777777776,129.82222222222222,2.444444444444444,0.9777777777777777,0,0,0,0,0
2026-07-28 15:26:00,ccf-aiops-广州,traffic-vm,traffic,ens4,business,1248.2,16855.466666666667,9.4,8.8,0,0,0,0,0
2026-07-28 15:26:00,ccf-aiops-广州,traffic-vm,traffic,ens5,NULL,0,0,0,0,0,0,0,0,0
2026-07-28 15:26:00,ccf-aiops-广州,traffic-vm,traffic,ens6,NULL,0,0,0,0,0,0,0,0,0
2026-07-28 15:27:00,ccf-aiops-广州,br-1,br,ens10,NULL,0,0,0,0,0,0,0,0,0
2026-07-28 15:27:00,ccf-aiops-广州,br-1,br,ens11,NULL,0,0,0,0,0,0,0,0,0
2026-07-28 15:27:00,ccf-aiops-广州,br-1,br,ens12,NULL,0,0,0,0,0,0,0,0,0
2026-07-28 15:27:00,ccf-aiops-广州,br-1,br,ens3,NULL,29.555555555555554,0,0.4888888888888889,0,0,0,0,0,0
2026-07-28 15:27:00,ccf-aiops-广州,br-1,br,ens4,backbone,1178.9333333333334,713.3555555555555,9.266666666666667,6.155555555555555,0,0,0,0,0
2026-07-28 15:27:00,ccf-aiops-广州,br-1,br,ens5,backbone,888.6666666666666,3072.0444444444443,7.6,6.844444444444444,0,0,0,0,0
2026-07-28 15:27:00,ccf-aiops-广州,br-1,br,ens6,NULL,0,0,0,0,0,0,0,0,0
2026-07-28 15:27:00,ccf-aiops-广州,br-1,br,ens7,NULL,0,0,0,0,0,0,0,0,0
2026-07-28 15:27:00,ccf-aiops-广州,br-1,br,ens8,NULL,0,0,0,0,0,0,0,0,0
2026-07-28 15:27:00,ccf-aiops-广州,br-1,br,ens9,NULL,0,0,0,0,0,0,0,0,0
2026-07-28 15:27:00,ccf-aiops-广州,br-2,br,ens10,NULL,0,0,0,0,0,0,0,0,0
2026-07-28 15:27:00,ccf-aiops-广州,br-2,br,ens11,NULL,0,0,0,0,0,0,0,0,0
2026-07-28 15:27:00,ccf-aiops-广州,br-2,br,ens12,NULL,0,0,0,0,0,0,0,0,0
2026-07-28 15:27:00,ccf-aiops-广州,br-2,br,ens3,NULL,29.555555555555554,0,0.4888888888888889,0,0,0,0,0,0
2026-07-28 15:27:00,ccf-aiops-广州,br-2,br,ens4,backbone,13275.666666666666,1046.0888888888887,16.533333333333335,9.933333333333334,0,0,0,0,0
2026-07-28 15:27:00,ccf-aiops-广州,br-2,br,ens5,backbone,1245.5555555555554,15125.755555555554,11.466666666666667,13.466666666666667,0,0,0,0,0
2026-07-28 15:27:00,ccf-aiops-广州,br-2,br,ens6,NULL,0,0,0,0,0,0,0,0,0
2026-07-28 15:27:00,ccf-aiops-广州,br-2,br,ens7,NULL,0,0,0,0,0,0,0,0,0
2026-07-28 15:27:00,ccf-aiops-广州,br-2,br,ens8,NULL,0,0,0,0,0,0,0,0,0
2026-07-28 15:27:00,ccf-aiops-广州,br-2,br,ens9,NULL,0,0,0,0,0,0,0,0,0
2026-07-28 15:27:00,ccf-aiops-广州,cr-1,cr,ens10,NULL,0,0,0,0,0,0,0,0,0
2026-07-28 15:27:00,ccf-aiops-广州,cr-1,cr,ens11,NULL,0,0,0,0,0,0,0,0,0
2026-07-28 15:27:00,ccf-aiops-广州,cr-1,cr,ens12,NULL,0,0,0,0,0,0,0,0,0
2026-07-28 15:27:00,ccf-aiops-广州,cr-1,cr,ens3,NULL,137.2,114.22222222222221,1.0444444444444445,0.5555555555555555,0,0,0,0,0
2026-07-28 15:27:00,ccf-aiops-广州,cr-1,cr,ens4,backbone,15120.22222222222,1265.9555555555555,13.02222222222222,11.622222222222222,0,0,0,0,0
2026-07-28 15:27:00,ccf-aiops-广州,cr-1,cr,ens5,backbone,1386.6666666666667,17373.066666666666,12.666666666666666,13.466666666666667,0,0,0,0,0
2026-07-28 15:27:00,ccf-aiops-广州,cr-1,cr,ens6,NULL,0,0,0,0,0,0,0,0,0
2026-07-28 15:27:00,ccf-aiops-广州,cr-1,cr,ens7,NULL,0,0,0,0,0,0,0,0,0
2026-07-28 15:27:00,ccf-aiops-广州,cr-1,cr,ens8,NULL,0,0,0,0,0,0,0,0,0
2026-07-28 15:27:00,ccf-aiops-广州,cr-1,cr,ens9,NULL,0,0,0,0,0,0,0,0,0
2026-07-28 15:27:00,ccf-aiops-广州,cr-2,cr,ens10,NULL,0,0,0,0,0,0,0,0,0
2026-07-28 15:27:00,ccf-aiops-广州,cr-2,cr,ens11,NULL,0,0,0,0,0,0,0,0,0
2026-07-28 15:27:00,ccf-aiops-广州,cr-2,cr,ens12,NULL,0,0,0,0,0,0,0,0,0
2026-07-28 15:27:00,ccf-aiops-广州,cr-2,cr,ens3,NULL,148.97777777777776,114.22222222222221,1.222222222222222,0.5555555555555555,0,0,0,0,0
2026-07-28 15:27:00,ccf-aiops-广州,cr-2,cr,ens4,backbone,3059.244444444444,637.4222222222221,8.31111111111111,5.466666666666667,0,0,0,0,0
2026-07-28 15:27:00,ccf-aiops-广州,cr-2,cr,ens5,backbone,753.4666666666667,4982.866666666667,6.444444444444444,9.155555555555555,0,0,0,0,0
2026-07-28 15:27:00,ccf-aiops-广州,cr-2,cr,ens6,NULL,0,0,0,0,0,0,0,0,0
2026-07-28 15:27:00,ccf-aiops-广州,cr-2,cr,ens7,NULL,0,0,0,0,0,0,0,0,0
2026-07-28 15:27:00,ccf-aiops-广州,cr-2,cr,ens8,NULL,0,0,0,0,0,0,0,0,0
2026-07-28 15:27:00,ccf-aiops-广州,cr-2,cr,ens9,NULL,0,0,0,0,0,0,0,0,0
2026-07-28 15:27:00,ccf-aiops-广州,fw,firewall,ens3,NULL,229.33333333333334,103.86666666666666,2.7333333333333334,1.0444444444444445,0,0,0,0,0
2026-07-28 15:27:00,ccf-aiops-广州,fw,firewall,ens4,backbone,22148.91111111111,2099.0222222222224,23.62222222222222,18.733333333333334,0,0,0,0,0
2026-07-28 15:27:00,ccf-aiops-广州,fw,firewall,ens5,business,2162.911111111111,23256.04444444444,19.288888888888888,23.177777777777774,0,0,0,0,0
2026-07-28 15:27:00,ccf-aiops-广州,fw,firewall,ens6,NULL,0,0,0,0,0,0,0,0,0
2026-07-28 15:27:00,ccf-aiops-广州,monitor-vm,collector,ens3,NULL,278.88888888888886,137.86666666666667,3.222222222222222,1.3777777777777775,0,0,0,0,0
2026-07-28 15:27:00,ccf-aiops-广州,monitor-vm,collector,ens4,mgmt,30956.688888888886,1041.3111111111111,11.511111111111111,9.222222222222221,0,0,0,0,0
2026-07-28 15:27:00,ccf-aiops-广州,monitor-vm,collector,ens5,NULL,0,0,0,0,0,0,0,0,0
2026-07-28 15:27:00,ccf-aiops-广州,monitor-vm,collector,ens6,NULL,0,0,0,0,0,0,0,0,0
2026-07-28 15:27:00,ccf-aiops-广州,probe-vm,probe,ens3,NULL,86.93333333333334,62.35555555555555,0.8222222222222222,0.31111111111111106,0,0,0,0,0
2026-07-28 15:27:00,ccf-aiops-广州,probe-vm,probe,ens4,business,68,1173.7333333333333,0.6,0.3555555555555555,0,0,0,0,0
2026-07-28 15:27:00,ccf-aiops-广州,probe-vm,probe,ens5,NULL,0,0,0,0,0,0,0,0,0
2026-07-28 15:27:00,ccf-aiops-广州,probe-vm,probe,ens6,NULL,0,0,0,0,0,0,0,0,0
2026-07-28 15:27:00,ccf-aiops-广州,service-vm-1,service,ens3,NULL,88.26274387804986,62.352784320696856,0.8444069152482111,0.3110972845651304,0,0,0,0,0
2026-07-28 15:27:00,ccf-aiops-广州,service-vm-1,service,ens4,service,66.08595173547842,1183.5029554242033,0.5777520999066709,0.3555397537887205,0,0,0,0,0
2026-07-28 15:27:00,ccf-aiops-广州,service-vm-1,service,ens5,NULL,0,0,0,0,0,0,0,0,0
2026-07-28 15:27:00,ccf-aiops-广州,service-vm-1,service,ens6,NULL,0,0,0,0,0,0,0,0,0
2026-07-28 15:27:00,ccf-aiops-广州,service-vm-2,service,ens3,NULL,28.22222222222222,0,0.4666666666666667,0,0,0,0,0,0
2026-07-28 15:27:00,ccf-aiops-广州,service-vm-2,service,ens4,service,64.17777777777778,1183.5777777777776,0.5555555555555555,0.3777777777777777,0,0,0,0,0
2026-07-28 15:27:00,ccf-aiops-广州,service-vm-2,service,ens5,NULL,0,0,0,0,0,0,0,0,0
2026-07-28 15:27:00,ccf-aiops-广州,service-vm-2,service,ens6,NULL,0,0,0,0,0,0,0,0,0
2026-07-28 15:27:00,ccf-aiops-广州,service-vm-3,service,ens3,NULL,256.3111111111111,802.1333333333333,2.9777777777777774,1.9333333333333333,0,0,0,0,0
2026-07-28 15:27:00,ccf-aiops-广州,service-vm-3,service,ens4,service,65.91111111111111,1186.3333333333333,0.5777777777777777,0.3777777777777777,0,0,0,0,0
2026-07-28 15:27:00,ccf-aiops-广州,service-vm-3,service,ens5,NULL,0,0,0,0,0,0,0,0,0
2026-07-28 15:27:00,ccf-aiops-广州,service-vm-3,service,ens6,NULL,0,0,0,0,0,0,0,0,0
2026-07-28 15:27:00,ccf-aiops-广州,traffic-vm,traffic,ens3,NULL,156.2222222222222,69.86666666666666,1.8888888888888888,0.711111111111111,0,0,0,0,0
2026-07-28 15:27:00,ccf-aiops-广州,traffic-vm,traffic,ens4,business,2009.511111111111,17547.48888888889,14.666666666666666,14.266666666666667,0,0,0,0,0
2026-07-28 15:27:00,ccf-aiops-广州,traffic-vm,traffic,ens5,NULL,0,0,0,0,0,0,0,0,0
2026-07-28 15:27:00,ccf-aiops-广州,traffic-vm,traffic,ens6,NULL,0,0,0,0,0,0,0,0,0
2026-07-28 15:28:00,ccf-aiops-广州,br-1,br,ens10,NULL,0,0,0,0,0,0,0,0,0
2026-07-28 15:28:00,ccf-aiops-广州,br-1,br,ens11,NULL,0,0,0,0,0,0,0,0,0
2026-07-28 15:28:00,ccf-aiops-广州,br-1,br,ens12,NULL,0,0,0,0,0,0,0,0,0
2026-07-28 15:28:00,ccf-aiops-广州,br-1,br,ens3,NULL,35.86666666666667,0,0.5777777777777777,0,0,0,0,0,0
2026-07-28 15:28:00,ccf-aiops-广州,br-1,br,ens4,backbone,650.9555555555555,267.53333333333336,6.488888888888889,2.4,0,0,0,0,0
2026-07-28 15:28:00,ccf-aiops-广州,br-1,br,ens5,backbone,425.53333333333336,2355.622222222222,3.7333333333333334,3.0222222222222217,0,0,0,0,0
2026-07-28 15:28:00,ccf-aiops-广州,br-1,br,ens6,NULL,0,0,0,0,0,0,0,0,0
2026-07-28 15:28:00,ccf-aiops-广州,br-1,br,ens7,NULL,0,0,0,0,0,0,0,0,0
2026-07-28 15:28:00,ccf-aiops-广州,br-1,br,ens8,NULL,0,0,0,0,0,0,0,0,0
2026-07-28 15:28:00,ccf-aiops-广州,br-1,br,ens9,NULL,0,0,0,0,0,0,0,0,0
2026-07-28 15:28:00,ccf-aiops-广州,br-2,br,ens10,NULL,0,0,0,0,0,0,0,0,0
2026-07-28 15:28:00,ccf-aiops-广州,br-2,br,ens11,NULL,0,0,0,0,0,0,0,0,0
2026-07-28 15:28:00,ccf-aiops-广州,br-2,br,ens12,NULL,0,0,0,0,0,0,0,0,0
2026-07-28 15:28:00,ccf-aiops-广州,br-2,br,ens3,NULL,143.5111111111111,115.68888888888888,1.1333333333333333,0.5777777777777777,0,0,0,0,0
2026-07-28 15:28:00,ccf-aiops-广州,br-2,br,ens4,backbone,685.9777777777778,163.26666666666668,6.6,1.5555555555555556,0,0,0,0,0
2026-07-28 15:28:00,ccf-aiops-广州,br-2,br,ens5,backbone,316.4222222222222,2440.777777777778,2.8666666666666667,3.1777777777777776,0,0,0,0,0
2026-07-28 15:28:00,ccf-aiops-广州,br-2,br,ens6,NULL,0,0,0,0,0,0,0,0,0
2026-07-28 15:28:00,ccf-aiops-广州,br-2,br,ens7,NULL,0,0,0,0,0,0,0,0,0
2026-07-28 15:28:00,ccf-aiops-广州,br-2,br,ens8,NULL,0,0,0,0,0,0,0,0,0
2026-07-28 15:28:00,ccf-aiops-广州,br-2,br,ens9,NULL,0,0,0,0,0,0,0,0,0
2026-07-28 15:28:00,ccf-aiops-广州,cr-1,cr,ens10,NULL,0,0,0,0,0,0,0,0,0
2026-07-28 15:28:00,ccf-aiops-广州,cr-1,cr,ens11,NULL,0,0,0,0,0,0,0,0,0
2026-07-28 15:28:00,ccf-aiops-广州,cr-1,cr,ens12,NULL,0,0,0,0,0,0,0,0,0
2026-07-28 15:28:00,ccf-aiops-广州,cr-1,cr,ens3,NULL,35.86666666666667,0,0.5777777777777777,0,0,0,0,0,0
2026-07-28 15:28:00,ccf-aiops-广州,cr-1,cr,ens4,backbone,2515.0666666666666,362.08888888888885,4.355555555555555,3.1777777777777776,0,0,0,0,0
2026-07-28 15:28:00,ccf-aiops-广州,cr-1,cr,ens5,backbone,481.9555555555555,4499.066666666667,4.2,5.155555555555555,0,0,0,0,0
2026-07-28 15:28:00,ccf-aiops-广州,cr-1,cr,ens6,NULL,0,0,0,0,0,0,0,0,0
2026-07-28 15:28:00,ccf-aiops-广州,cr-1,cr,ens7,NULL,0,0,0,0,0,0,0,0,0
2026-07-28 15:28:00,ccf-aiops-广州,cr-1,cr,ens8,NULL,0,0,0,0,0,0,0,0,0
2026-07-28 15:28:00,ccf-aiops-广州,cr-1,cr,ens9,NULL,0,0,0,0,0,0,0,0,0
2026-07-28 15:28:00,ccf-aiops-广州,cr-2,cr,ens10,NULL,0,0,0,0,0,0,0,0,0
2026-07-28 15:28:00,ccf-aiops-广州,cr-2,cr,ens11,NULL,0,0,0,0,0,0,0,0,0
2026-07-28 15:28:00,ccf-aiops-广州,cr-2,cr,ens12,NULL,0,0,0,0,0,0,0,0,0
2026-07-28 15:28:00,ccf-aiops-广州,cr-2,cr,ens3,NULL,35.86666666666667,0,0.5777777777777777,0,0,0,0,0,0
2026-07-28 15:28:00,ccf-aiops-广州,cr-2,cr,ens4,backbone,2328.288888888889,359.3333333333333,3.111111111111111,3.1333333333333333,0,0,0,0,0
2026-07-28 15:28:00,ccf-aiops-广州,cr-2,cr,ens5,backbone,478.8,4235.355555555555,4.133333333333334,3.911111111111111,0,0,0,0,0
2026-07-28 15:28:00,ccf-aiops-广州,cr-2,cr,ens6,NULL,0,0,0,0,0,0,0,0,0
2026-07-28 15:28:00,ccf-aiops-广州,cr-2,cr,ens7,NULL,0,0,0,0,0,0,0,0,0
2026-07-28 15:28:00,ccf-aiops-广州,cr-2,cr,ens8,NULL,0,0,0,0,0,0,0,0,0
2026-07-28 15:28:00,ccf-aiops-广州,cr-2,cr,ens9,NULL,0,0,0,0,0,0,0,0,0
2026-07-28 15:28:00,ccf-aiops-广州,fw,firewall,ens3,NULL,270.17777777777775,161.68888888888887,2.844444444444444,1.311111111111111,0,0,0,0,0
2026-07-28 15:28:00,ccf-aiops-广州,fw,firewall,ens4,backbone,8610.6,911.5555555555554,9.777777777777777,7.9111111111111105,0,0,0,0,0
2026-07-28 15:28:00,ccf-aiops-广州,fw,firewall,ens5,business,978.911111111111,9739.977777777776,8.511111111111111,9.644444444444444,0,0,0,0,0
2026-07-28 15:28:00,ccf-aiops-广州,fw,firewall,ens6,NULL,0,0,0,0,0,0,0,0,0
2026-07-28 15:28:00,ccf-aiops-广州,monitor-vm,collector,ens3,NULL,386.08888888888885,256.97777777777776,3.7777777777777777,1.911111111111111,0,0,0,0,0
2026-07-28 15:28:00,ccf-aiops-广州,monitor-vm,collector,ens4,mgmt,30510.155555555553,1062.3333333333333,11.266666666666667,9.466666666666667,0,0,0,0,0
2026-07-28 15:28:00,ccf-aiops-广州,monitor-vm,collector,ens5,NULL,0,0,0,0,0,0,0,0,0
2026-07-28 15:28:00,ccf-aiops-广州,monitor-vm,collector,ens6,NULL,0,0,0,0,0,0,0,0,0
2026-07-28 15:28:00,ccf-aiops-广州,probe-vm,probe,ens3,NULL,91.68888888888888,62.35555555555555,0.8888888888888888,0.31111111111111106,0,0,0,0,0
2026-07-28 15:28:00,ccf-aiops-广州,probe-vm,probe,ens4,business,62.266666666666666,1170.7333333333333,0.5333333333333333,0.3555555555555555,0,0,0,0,0
2026-07-28 15:28:00,ccf-aiops-广州,probe-vm,probe,ens5,NULL,0,0,0,0,0,0,0,0,0
2026-07-28 15:28:00,ccf-aiops-广州,probe-vm,probe,ens6,NULL,0,0,0,0,0,0,0,0,0
2026-07-28 15:28:00,ccf-aiops-广州,service-vm-1,service,ens3,NULL,89.02222222222221,61.42222222222222,0.8444444444444444,0.28888888888888886,0,0,0,0,0
2026-07-28 15:28:00,ccf-aiops-广州,service-vm-1,service,ens4,service,65.73333333333333,1187.8666666666666,0.5777777777777777,0.4,0,0,0,0,0
2026-07-28 15:28:00,ccf-aiops-广州,service-vm-1,service,ens5,NULL,0,0,0,0,0,0,0,0,0
2026-07-28 15:28:00,ccf-aiops-广州,service-vm-1,service,ens6,NULL,0,0,0,0,0,0,0,0,0
2026-07-28 15:28:00,ccf-aiops-广州,service-vm-2,service,ens3,NULL,34.53333333333333,0,0.5555555555555555,0,0,0,0,0,0
2026-07-28 15:28:00,ccf-aiops-广州,service-vm-2,service,ens4,service,69.9111111111111,1182.2888888888888,0.6222222222222221,0.3777777777777777,0,0,0,0,0
2026-07-28 15:28:00,ccf-aiops-广州,service-vm-2,service,ens5,NULL,0,0,0,0,0,0,0,0,0
2026-07-28 15:28:00,ccf-aiops-广州,service-vm-2,service,ens6,NULL,0,0,0,0,0,0,0,0,0
2026-07-28 15:28:00,ccf-aiops-广州,service-vm-3,service,ens3,NULL,237.06666666666666,330.08888888888885,2.6,1.422222222222222,0,0,0,0,0
2026-07-28 15:28:00,ccf-aiops-广州,service-vm-3,service,ens4,service,68,1186.1111111111109,0.6,0.3777777777777777,0,0,0,0,0
2026-07-28 15:28:00,ccf-aiops-广州,service-vm-3,service,ens5,NULL,0,0,0,0,0,0,0,0,0
2026-07-28 15:28:00,ccf-aiops-广州,service-vm-3,service,ens6,NULL,0,0,0,0,0,0,0,0,0
2026-07-28 15:28:00,ccf-aiops-广州,traffic-vm,traffic,ens3,NULL,155.77777777777777,67.6,1.8888888888888888,0.6888888888888888,0,0,0,0,0
2026-07-28 15:28:00,ccf-aiops-广州,traffic-vm,traffic,ens4,business,776.6,16468.444444444445,6.066666666666666,5.377777777777777,0,0,0,0,0
2026-07-28 15:28:00,ccf-aiops-广州,traffic-vm,traffic,ens5,NULL,0,0,0,0,0,0,0,0,0
2026-07-28 15:28:00,ccf-aiops-广州,traffic-vm,traffic,ens6,NULL,0,0,0,0,0,0,0,0,0
2026-07-28 15:29:00,ccf-aiops-广州,br-1,br,ens10,NULL,0,0,0,0,0,0,0,0,0
2026-07-28 15:29:00,ccf-aiops-广州,br-1,br,ens11,NULL,0,0,0,0,0,0,0,0,0
2026-07-28 15:29:00,ccf-aiops-广州,br-1,br,ens12,NULL,0,0,0,0,0,0,0,0,0
2026-07-28 15:29:00,ccf-aiops-广州,br-1,br,ens3,NULL,38.48888888888889,0,0.5333333333333333,0,0,0,0,0,0
2026-07-28 15:29:00,ccf-aiops-广州,br-1,br,ens4,backbone,1368.9333333333334,739.6888888888888,11.422222222222222,6.422222222222222,0,0,0,0,0
2026-07-28 15:29:00,ccf-aiops-广州,br-1,br,ens5,backbone,897.6,2930.8,7.711111111111112,7.422222222222222,0,0,0,0,0
2026-07-28 15:29:00,ccf-aiops-广州,br-1,br,ens6,NULL,0,0,0,0,0,0,0,0,0
2026-07-28 15:29:00,ccf-aiops-广州,br-1,br,ens7,NULL,0,0,0,0,0,0,0,0,0
2026-07-28 15:29:00,ccf-aiops-广州,br-1,br,ens8,NULL,0,0,0,0,0,0,0,0,0
2026-07-28 15:29:00,ccf-aiops-广州,br-1,br,ens9,NULL,0,0,0,0,0,0,0,0,0
2026-07-28 15:29:00,ccf-aiops-广州,br-2,br,ens10,NULL,0,0,0,0,0,0,0,0,0
2026-07-28 15:29:00,ccf-aiops-广州,br-2,br,ens11,NULL,0,0,0,0,0,0,0,0,0
2026-07-28 15:29:00,ccf-aiops-广州,br-2,br,ens12,NULL,0,0,0,0,0,0,0,0,0
2026-07-28 15:29:00,ccf-aiops-广州,br-2,br,ens3,NULL,38.48888888888889,0,0.5333333333333333,0,0,0,0,0,0
2026-07-28 15:29:00,ccf-aiops-广州,br-2,br,ens4,backbone,1647,884.3777777777777,12.91111111111111,7.844444444444444,0,0,0,0,0
2026-07-28 15:29:00,ccf-aiops-广州,br-2,br,ens5,backbone,1019.6444444444444,3179.7111111111108,8.933333333333334,8.888888888888888,0,0,0,0,0
2026-07-28 15:29:00,ccf-aiops-广州,br-2,br,ens6,NULL,0,0,0,0,0,0,0,0,0
2026-07-28 15:29:00,ccf-aiops-广州,br-2,br,ens7,NULL,0,0,0,0,0,0,0,0,0
2026-07-28 15:29:00,ccf-aiops-广州,br-2,br,ens8,NULL,0,0,0,0,0,0,0,0,0
2026-07-28 15:29:00,ccf-aiops-广州,br-2,br,ens9,NULL,0,0,0,0,0,0,0,0,0
2026-07-28 15:29:00,ccf-aiops-广州,cr-1,cr,ens10,NULL,0,0,0,0,0,0,0,0,0
2026-07-28 15:29:00,ccf-aiops-广州,cr-1,cr,ens11,NULL,0,0,0,0,0,0,0,0,0
2026-07-28 15:29:00,ccf-aiops-广州,cr-1,cr,ens12,NULL,0,0,0,0,0,0,0,0,0
2026-07-28 15:29:00,ccf-aiops-广州,cr-1,cr,ens3,NULL,144.8,115.68888888888888,1.0666666666666667,0.5777777777777777,0,0,0,0,0
2026-07-28 15:29:00,ccf-aiops-广州,cr-1,cr,ens4,backbone,3134.3333333333335,1023.6444444444444,9.044444444444444,9.02222222222222,0,0,0,0,0
2026-07-28 15:29:00,ccf-aiops-广州,cr-1,cr,ens5,backbone,1141.9555555555555,5137.11111111111,10.02222222222222,9.91111111111111,0,0,0,0,0
2026-07-28 15:29:00,ccf-aiops-广州,cr-1,cr,ens6,NULL,0,0,0,0,0,0,0,0,0
2026-07-28 15:29:00,ccf-aiops-广州,cr-1,cr,ens7,NULL,0,0,0,0,0,0,0,0,0
2026-07-28 15:29:00,ccf-aiops-广州,cr-1,cr,ens8,NULL,0,0,0,0,0,0,0,0,0
2026-07-28 15:29:00,ccf-aiops-广州,cr-1,cr,ens9,NULL,0,0,0,0,0,0,0,0,0
2026-07-28 15:29:00,ccf-aiops-广州,cr-2,cr,ens10,NULL,0,0,0,0,0,0,0,0,0
2026-07-28 15:29:00,ccf-aiops-广州,cr-2,cr,ens11,NULL,0,0,0,0,0,0,0,0,0
2026-07-28 15:29:00,ccf-aiops-广州,cr-2,cr,ens12,NULL,0,0,0,0,0,0,0,0,0
2026-07-28 15:29:00,ccf-aiops-广州,cr-2,cr,ens3,NULL,41.15555555555555,0,0.5777777777777777,0,0,0,0,0,0
2026-07-28 15:29:00,ccf-aiops-广州,cr-2,cr,ens4,backbone,3037.5777777777776,707.5333333333333,7.644444444444444,6.022222222222222,0,0,0,0,0
2026-07-28 15:29:00,ccf-aiops-广州,cr-2,cr,ens5,backbone,822.2,4854.466666666666,6.977777777777777,8.422222222222222,0,0,0,0,0
2026-07-28 15:29:00,ccf-aiops-广州,cr-2,cr,ens6,NULL,0,0,0,0,0,0,0,0,0
2026-07-28 15:29:00,ccf-aiops-广州,cr-2,cr,ens7,NULL,0,0,0,0,0,0,0,0,0
2026-07-28 15:29:00,ccf-aiops-广州,cr-2,cr,ens8,NULL,0,0,0,0,0,0,0,0,0
2026-07-28 15:29:00,ccf-aiops-广州,cr-2,cr,ens9,NULL,0,0,0,0,0,0,0,0,0
2026-07-28 15:29:00,ccf-aiops-广州,fw,firewall,ens3,NULL,279.6444444444444,162.88888888888886,2.8666666666666667,1.2888888888888888,0,0,0,0,0
2026-07-28 15:29:00,ccf-aiops-广州,fw,firewall,ens4,backbone,9549.888888888887,1793.622222222222,17.022222222222222,15.466666666666667,0,0,0,0,0
2026-07-28 15:29:00,ccf-aiops-广州,fw,firewall,ens5,business,1850.2222222222222,10697.133333333333,15.933333333333334,17.044444444444444,0,0,0,0,0
2026-07-28 15:29:00,ccf-aiops-广州,fw,firewall,ens6,NULL,0,0,0,0,0,0,0,0,0
2026-07-28 15:29:00,ccf-aiops-广州,monitor-vm,collector,ens3,NULL,281.06666666666666,134.66666666666666,3.1777777777777776,1.3333333333333333,0,0,0,0,0
2026-07-28 15:29:00,ccf-aiops-广州,monitor-vm,collector,ens4,mgmt,30022.933333333334,1006.911111111111,10.844444444444443,8.822222222222221,0,0,0,0,0
2026-07-28 15:29:00,ccf-aiops-广州,monitor-vm,collector,ens5,NULL,0,0,0,0,0,0,0,0,0
2026-07-28 15:29:00,ccf-aiops-广州,monitor-vm,collector,ens6,NULL,0,0,0,0,0,0,0,0,0
2026-07-28 15:29:00,ccf-aiops-广州,probe-vm,probe,ens3,NULL,35.6,1.5555555555555556,0.4888888888888889,0.02222222222222222,0,0,0,0,0
2026-07-28 15:29:00,ccf-aiops-广州,probe-vm,probe,ens4,business,64.17777777777778,1170.9333333333334,0.5555555555555555,0.3555555555555555,0,0,0,0,0
2026-07-28 15:29:00,ccf-aiops-广州,probe-vm,probe,ens5,NULL,0,0,0,0,0,0,0,0,0
2026-07-28 15:29:00,ccf-aiops-广州,probe-vm,probe,ens6,NULL,0,0,0,0,0,0,0,0,0
2026-07-28 15:29:00,ccf-aiops-广州,service-vm-1,service,ens3,NULL,38.48717834762899,0,0.5333096306830807,0,0,0,0,0,0
2026-07-28 15:29:00,ccf-aiops-广州,service-vm-1,service,ens4,service,64.17492555886405,1183.21407937425,0.5555308652948757,0.35553975378872055,0,0,0,0,0
2026-07-28 15:29:00,ccf-aiops-广州,service-vm-1,service,ens5,NULL,0,0,0,0,0,0,0,0,0
2026-07-28 15:29:00,ccf-aiops-广州,service-vm-1,service,ens6,NULL,0,0,0,0,0,0,0,0,0
2026-07-28 15:29:00,ccf-aiops-广州,service-vm-2,service,ens3,NULL,30.88888888888889,0,0.5111111111111111,0,0,0,0,0,0
2026-07-28 15:29:00,ccf-aiops-广州,service-vm-2,service,ens4,service,62.266666666666666,1181.0888888888887,0.5333333333333333,0.3555555555555555,0,0,0,0,0
2026-07-28 15:29:00,ccf-aiops-广州,service-vm-2,service,ens5,NULL,0,0,0,0,0,0,0,0,0
2026-07-28 15:29:00,ccf-aiops-广州,service-vm-2,service,ens6,NULL,0,0,0,0,0,0,0,0,0
2026-07-28 15:29:00,ccf-aiops-广州,service-vm-3,service,ens3,NULL,217.24444444444444,194.53333333333333,2.7333333333333334,1.5333333333333334,0,0,0,0,0
2026-07-28 15:29:00,ccf-aiops-广州,service-vm-3,service,ens4,service,62.266666666666666,1185.511111111111,0.5333333333333333,0.3777777777777777,0,0,0,0,0
2026-07-28 15:29:00,ccf-aiops-广州,service-vm-3,service,ens5,NULL,0,0,0,0,0,0,0,0,0
2026-07-28 15:29:00,ccf-aiops-广州,service-vm-3,service,ens6,NULL,0,0,0,0,0,0,0,0,0
2026-07-28 15:29:00,ccf-aiops-广州,traffic-vm,traffic,ens3,NULL,205.24444444444444,128.88888888888889,2.088888888888889,0.9555555555555555,0,0,0,0,0
2026-07-28 15:29:00,ccf-aiops-广州,traffic-vm,traffic,ens4,business,2362.244444444444,17673.31111111111,16.2,15.755555555555555,0,0,0,0,0
2026-07-28 15:29:00,ccf-aiops-广州,traffic-vm,traffic,ens5,NULL,0,0,0,0,0,0,0,0,0
2026-07-28 15:29:00,ccf-aiops-广州,traffic-vm,traffic,ens6,NULL,0,0,0,0,0,0,0,0,0
