timestamp,region,node,node_type,metric_name,label,value
2026-07-28 12:35:00,ccf-aiops-南京,br-1,br,bgp_command_success,"command=""bgp_summary""",1
2026-07-28 12:35:00,ccf-aiops-南京,br-1,br,bgp_peer_count,,2
2026-07-28 12:35:00,ccf-aiops-南京,br-1,br,bgp_peer_prefix_received,"peer=""fd00:100:10::41"",remote_as=""65005"",state=""Established""",7
2026-07-28 12:35:00,ccf-aiops-南京,br-1,br,bgp_peer_prefix_received,"peer=""fd00:100:10::51"",remote_as=""65006"",state=""Established""",7
2026-07-28 12:35:00,ccf-aiops-南京,br-1,br,bgp_peer_prefix_sent,"peer=""fd00:100:10::41"",remote_as=""65005"",state=""Established""",8
2026-07-28 12:35:00,ccf-aiops-南京,br-1,br,bgp_peer_prefix_sent,"peer=""fd00:100:10::51"",remote_as=""65006"",state=""Established""",8
2026-07-28 12:35:00,ccf-aiops-南京,br-1,br,bgp_peer_up,"peer=""fd00:100:10::51"",remote_as=""65006"",state=""Established""",1
2026-07-28 12:35:00,ccf-aiops-南京,br-1,br,bgp_peer_up,"peer=""fd00:100:10::41"",remote_as=""65005"",state=""Established""",1
2026-07-28 12:35:00,ccf-aiops-南京,br-1,br,bgp_peer_uptime_seconds,"peer=""fd00:100:10::51"",remote_as=""65006"",state=""Established""",2412653
2026-07-28 12:35:00,ccf-aiops-南京,br-1,br,bgp_peer_uptime_seconds,"peer=""fd00:100:10::41"",remote_as=""65005"",state=""Established""",2412653
2026-07-28 12:35:00,ccf-aiops-南京,br-1,br,ipv6_default_route_changed_total,,0
2026-07-28 12:35:00,ccf-aiops-南京,br-1,br,ipv6_default_route_info,"next_hop=""240a:a023::1"",dev=""ens4"",protocol=""unknown"",metric=""1024"",route_index=""0"",nh_index=""0""",1
2026-07-28 12:35:00,ccf-aiops-南京,br-1,br,ipv6_route_change_total,"prefix=""fd00:6:40::/64""",0
2026-07-28 12:35:00,ccf-aiops-南京,br-1,br,ipv6_route_change_total,"prefix=""fd00:5:40::/64""",0
2026-07-28 12:35:00,ccf-aiops-南京,br-1,br,ipv6_route_change_total,"prefix=""::/0""",0
2026-07-28 12:35:00,ccf-aiops-南京,br-1,br,ipv6_route_change_total,"prefix=""fd00:7:40::/64""",8
2026-07-28 12:35:00,ccf-aiops-南京,br-1,br,ipv6_route_change_total,"prefix=""fd00:8:40::/64""",0
2026-07-28 12:35:00,ccf-aiops-南京,br-1,br,ipv6_route_change_total,"prefix=""fd00:1:40::/64""",0
2026-07-28 12:35:00,ccf-aiops-南京,br-1,br,ipv6_route_change_total,"prefix=""fd00:2:40::/64""",5
2026-07-28 12:35:00,ccf-aiops-南京,br-1,br,ipv6_route_change_total,"prefix=""fd00:3:40::/64""",0
2026-07-28 12:35:00,ccf-aiops-南京,br-1,br,ipv6_route_change_total,"prefix=""fd00:4:40::/64""",0
2026-07-28 12:35:00,ccf-aiops-南京,br-1,br,ipv6_route_count,"protocol=""all""",17
2026-07-28 12:35:00,ccf-aiops-南京,br-1,br,ipv6_route_count,"protocol=""bgp""",7
2026-07-28 12:35:00,ccf-aiops-南京,br-1,br,ipv6_route_count,"protocol=""kernel""",7
2026-07-28 12:35:00,ccf-aiops-南京,br-1,br,ipv6_route_count,"protocol=""ospf""",2
2026-07-28 12:35:00,ccf-aiops-南京,br-1,br,ipv6_route_count,"protocol=""unknown""",1
2026-07-28 12:35:00,ccf-aiops-南京,br-1,br,ipv6_route_exists,"prefix=""fd00:6:40::/64""",1
2026-07-28 12:35:00,ccf-aiops-南京,br-1,br,ipv6_route_exists,"prefix=""fd00:7:40::/64""",1
2026-07-28 12:35:00,ccf-aiops-南京,br-1,br,ipv6_route_exists,"prefix=""fd00:8:40::/64""",1
2026-07-28 12:35:00,ccf-aiops-南京,br-1,br,ipv6_route_exists,"prefix=""fd00:5:40::/64""",1
2026-07-28 12:35:00,ccf-aiops-南京,br-1,br,ipv6_route_exists,"prefix=""fd00:4:40::/64""",1
2026-07-28 12:35:00,ccf-aiops-南京,br-1,br,ipv6_route_exists,"prefix=""fd00:3:40::/64""",1
2026-07-28 12:35:00,ccf-aiops-南京,br-1,br,ipv6_route_exists,"prefix=""fd00:2:40::/64""",1
2026-07-28 12:35:00,ccf-aiops-南京,br-1,br,ipv6_route_exists,"prefix=""fd00:1:40::/64""",1
2026-07-28 12:35:00,ccf-aiops-南京,br-1,br,ipv6_route_exists,"prefix=""::/0""",1
2026-07-28 12:35:00,ccf-aiops-南京,br-1,br,ipv6_route_nexthop_info,"prefix=""::/0"",next_hop=""240a:a023::1"",dev=""ens4"",protocol=""unknown"",metric=""1024"",route_index=""0"",nh_index=""0""",1
2026-07-28 12:35:00,ccf-aiops-南京,br-1,br,ipv6_route_nexthop_info,"prefix=""fd00:3:40::/64"",next_hop=""fe80::100:10:41"",dev=""ens4"",protocol=""bgp"",metric=""20"",route_index=""0"",nh_index=""0""",1
2026-07-28 12:35:00,ccf-aiops-南京,br-1,br,ipv6_route_nexthop_info,"prefix=""fd00:4:40::/64"",next_hop=""fe80::100:10:41"",dev=""ens4"",protocol=""bgp"",metric=""20"",route_index=""0"",nh_index=""0""",1
2026-07-28 12:35:00,ccf-aiops-南京,br-1,br,ipv6_route_nexthop_info,"prefix=""fd00:5:40::/64"",next_hop=""fe80::100:10:41"",dev=""ens4"",protocol=""bgp"",metric=""20"",route_index=""0"",nh_index=""0""",1
2026-07-28 12:35:00,ccf-aiops-南京,br-1,br,ipv6_route_nexthop_info,"prefix=""fd00:8:40::/64"",next_hop=""fe80::100:10:41"",dev=""ens4"",protocol=""bgp"",metric=""20"",route_index=""0"",nh_index=""0""",1
2026-07-28 12:35:00,ccf-aiops-南京,br-1,br,ipv6_route_nexthop_info,"prefix=""fd00:1:40::/64"",next_hop=""fe80::100:10:51"",dev=""ens4"",protocol=""bgp"",metric=""20"",route_index=""0"",nh_index=""0""",1
2026-07-28 12:35:00,ccf-aiops-南京,br-1,br,ipv6_route_nexthop_info,"prefix=""fd00:2:40::/64"",next_hop=""fe80::100:10:51"",dev=""ens4"",protocol=""bgp"",metric=""20"",route_index=""0"",nh_index=""0""",1
2026-07-28 12:35:00,ccf-aiops-南京,br-1,br,ipv6_route_nexthop_info,"prefix=""fd00:7:40::/64"",next_hop=""fe80::7:20:12"",dev=""ens5"",protocol=""ospf"",metric=""20"",route_index=""0"",nh_index=""0""",1
2026-07-28 12:35:00,ccf-aiops-南京,br-1,br,ipv6_route_nexthop_info,"prefix=""fd00:7:40::/64"",next_hop=""fe80::7:20:11"",dev=""ens5"",protocol=""ospf"",metric=""20"",route_index=""0"",nh_index=""1""",1
2026-07-28 12:35:00,ccf-aiops-南京,br-1,br,ipv6_route_nexthop_info,"prefix=""fd00:6:40::/64"",next_hop=""fe80::100:10:51"",dev=""ens4"",protocol=""bgp"",metric=""20"",route_index=""0"",nh_index=""0""",1
2026-07-28 12:35:00,ccf-aiops-南京,br-1,br,ospf6_interface_cost,"interface=""ens5""",1
2026-07-28 12:35:00,ccf-aiops-南京,br-1,br,ospf6_interface_enabled,"interface=""ens7""",1
2026-07-28 12:35:00,ccf-aiops-南京,br-1,br,ospf6_interface_enabled,"interface=""virbr0""",0
2026-07-28 12:35:00,ccf-aiops-南京,br-1,br,ospf6_interface_enabled,"interface=""lo""",1
2026-07-28 12:35:00,ccf-aiops-南京,br-1,br,ospf6_interface_enabled,"interface=""ens6""",1
2026-07-28 12:35:00,ccf-aiops-南京,br-1,br,ospf6_interface_enabled,"interface=""ens8""",1
2026-07-28 12:35:00,ccf-aiops-南京,br-1,br,ospf6_interface_enabled,"interface=""ens9""",1
2026-07-28 12:35:00,ccf-aiops-南京,br-1,br,ospf6_interface_enabled,"interface=""ens10""",1
2026-07-28 12:35:00,ccf-aiops-南京,br-1,br,ospf6_interface_enabled,"interface=""ens11""",1
2026-07-28 12:35:00,ccf-aiops-南京,br-1,br,ospf6_interface_enabled,"interface=""ens12""",1
2026-07-28 12:35:00,ccf-aiops-南京,br-1,br,ospf6_interface_enabled,"interface=""ens3""",1
2026-07-28 12:35:00,ccf-aiops-南京,br-1,br,ospf6_interface_enabled,"interface=""ens4""",1
2026-07-28 12:35:00,ccf-aiops-南京,br-1,br,ospf6_interface_enabled,"interface=""ens5""",1
2026-07-28 12:35:00,ccf-aiops-南京,br-1,br,ospf6_neighbor_state_code,"state=""Full"",interface=""ens5"",neighbor_id=""7.7.7.2""",6
2026-07-28 12:35:00,ccf-aiops-南京,br-1,br,ospf6_neighbor_state_code,"state=""Twoway"",interface=""ens5"",neighbor_id=""7.7.7.11""",2
2026-07-28 12:35:00,ccf-aiops-南京,br-1,br,ospf6_neighbor_state_code,"state=""Full"",interface=""ens5"",neighbor_id=""7.7.7.12""",6
2026-07-28 12:35:00,ccf-aiops-南京,br-2,br,bgp_command_success,"command=""bgp_summary""",1
2026-07-28 12:35:00,ccf-aiops-南京,br-2,br,bgp_peer_count,,2
2026-07-28 12:35:00,ccf-aiops-南京,br-2,br,bgp_peer_prefix_received,"peer=""fd00:100:10::52"",remote_as=""65006"",state=""Established""",7
2026-07-28 12:35:00,ccf-aiops-南京,br-2,br,bgp_peer_prefix_received,"peer=""fd00:100:10::42"",remote_as=""65005"",state=""Established""",7
2026-07-28 12:35:00,ccf-aiops-南京,br-2,br,bgp_peer_prefix_sent,"peer=""fd00:100:10::52"",remote_as=""65006"",state=""Established""",8
2026-07-28 12:35:00,ccf-aiops-南京,br-2,br,bgp_peer_prefix_sent,"peer=""fd00:100:10::42"",remote_as=""65005"",state=""Established""",8
2026-07-28 12:35:00,ccf-aiops-南京,br-2,br,bgp_peer_up,"peer=""fd00:100:10::52"",remote_as=""65006"",state=""Established""",1
2026-07-28 12:35:00,ccf-aiops-南京,br-2,br,bgp_peer_up,"peer=""fd00:100:10::42"",remote_as=""65005"",state=""Established""",1
2026-07-28 12:35:00,ccf-aiops-南京,br-2,br,bgp_peer_uptime_seconds,"peer=""fd00:100:10::52"",remote_as=""65006"",state=""Established""",2412621
2026-07-28 12:35:00,ccf-aiops-南京,br-2,br,bgp_peer_uptime_seconds,"peer=""fd00:100:10::42"",remote_as=""65005"",state=""Established""",2412621
2026-07-28 12:35:00,ccf-aiops-南京,br-2,br,ipv6_default_route_changed_total,,0
2026-07-28 12:35:00,ccf-aiops-南京,br-2,br,ipv6_default_route_info,"next_hop=""240a:a023::1"",dev=""ens4"",protocol=""unknown"",metric=""1024"",route_index=""0"",nh_index=""0""",1
2026-07-28 12:35:00,ccf-aiops-南京,br-2,br,ipv6_route_change_total,"prefix=""fd00:7:40::/64""",10
2026-07-28 12:35:00,ccf-aiops-南京,br-2,br,ipv6_route_change_total,"prefix=""fd00:5:40::/64""",0
2026-07-28 12:35:00,ccf-aiops-南京,br-2,br,ipv6_route_change_total,"prefix=""fd00:8:40::/64""",0
2026-07-28 12:35:00,ccf-aiops-南京,br-2,br,ipv6_route_change_total,"prefix=""::/0""",0
2026-07-28 12:35:00,ccf-aiops-南京,br-2,br,ipv6_route_change_total,"prefix=""fd00:1:40::/64""",0
2026-07-28 12:35:00,ccf-aiops-南京,br-2,br,ipv6_route_change_total,"prefix=""fd00:6:40::/64""",0
2026-07-28 12:35:00,ccf-aiops-南京,br-2,br,ipv6_route_change_total,"prefix=""fd00:2:40::/64""",3
2026-07-28 12:35:00,ccf-aiops-南京,br-2,br,ipv6_route_change_total,"prefix=""fd00:3:40::/64""",0
2026-07-28 12:35:00,ccf-aiops-南京,br-2,br,ipv6_route_change_total,"prefix=""fd00:4:40::/64""",0
2026-07-28 12:35:00,ccf-aiops-南京,br-2,br,ipv6_route_count,"protocol=""unknown""",1
2026-07-28 12:35:00,ccf-aiops-南京,br-2,br,ipv6_route_count,"protocol=""all""",17
2026-07-28 12:35:00,ccf-aiops-南京,br-2,br,ipv6_route_count,"protocol=""bgp""",7
2026-07-28 12:35:00,ccf-aiops-南京,br-2,br,ipv6_route_count,"protocol=""kernel""",7
2026-07-28 12:35:00,ccf-aiops-南京,br-2,br,ipv6_route_count,"protocol=""ospf""",2
2026-07-28 12:35:00,ccf-aiops-南京,br-2,br,ipv6_route_exists,"prefix=""fd00:8:40::/64""",1
2026-07-28 12:35:00,ccf-aiops-南京,br-2,br,ipv6_route_exists,"prefix=""fd00:7:40::/64""",1
2026-07-28 12:35:00,ccf-aiops-南京,br-2,br,ipv6_route_exists,"prefix=""fd00:6:40::/64""",1
2026-07-28 12:35:00,ccf-aiops-南京,br-2,br,ipv6_route_exists,"prefix=""fd00:5:40::/64""",1
2026-07-28 12:35:00,ccf-aiops-南京,br-2,br,ipv6_route_exists,"prefix=""fd00:4:40::/64""",1
2026-07-28 12:35:00,ccf-aiops-南京,br-2,br,ipv6_route_exists,"prefix=""::/0""",1
2026-07-28 12:35:00,ccf-aiops-南京,br-2,br,ipv6_route_exists,"prefix=""fd00:1:40::/64""",1
2026-07-28 12:35:00,ccf-aiops-南京,br-2,br,ipv6_route_exists,"prefix=""fd00:2:40::/64""",1
2026-07-28 12:35:00,ccf-aiops-南京,br-2,br,ipv6_route_exists,"prefix=""fd00:3:40::/64""",1
2026-07-28 12:35:00,ccf-aiops-南京,br-2,br,ipv6_route_nexthop_info,"prefix=""::/0"",next_hop=""240a:a023::1"",dev=""ens4"",protocol=""unknown"",metric=""1024"",route_index=""0"",nh_index=""0""",1
2026-07-28 12:35:00,ccf-aiops-南京,br-2,br,ipv6_route_nexthop_info,"prefix=""fd00:3:40::/64"",next_hop=""fe80::100:10:42"",dev=""ens4"",protocol=""bgp"",metric=""20"",route_index=""0"",nh_index=""0""",1
2026-07-28 12:35:00,ccf-aiops-南京,br-2,br,ipv6_route_nexthop_info,"prefix=""fd00:4:40::/64"",next_hop=""fe80::100:10:42"",dev=""ens4"",protocol=""bgp"",metric=""20"",route_index=""0"",nh_index=""0""",1
2026-07-28 12:35:00,ccf-aiops-南京,br-2,br,ipv6_route_nexthop_info,"prefix=""fd00:5:40::/64"",next_hop=""fe80::100:10:42"",dev=""ens4"",protocol=""bgp"",metric=""20"",route_index=""0"",nh_index=""0""",1
2026-07-28 12:35:00,ccf-aiops-南京,br-2,br,ipv6_route_nexthop_info,"prefix=""fd00:8:40::/64"",next_hop=""fe80::100:10:42"",dev=""ens4"",protocol=""bgp"",metric=""20"",route_index=""0"",nh_index=""0""",1
2026-07-28 12:35:00,ccf-aiops-南京,br-2,br,ipv6_route_nexthop_info,"prefix=""fd00:1:40::/64"",next_hop=""fe80::100:10:52"",dev=""ens4"",protocol=""bgp"",metric=""20"",route_index=""0"",nh_index=""0""",1
2026-07-28 12:35:00,ccf-aiops-南京,br-2,br,ipv6_route_nexthop_info,"prefix=""fd00:2:40::/64"",next_hop=""fe80::100:10:52"",dev=""ens4"",protocol=""bgp"",metric=""20"",route_index=""0"",nh_index=""0""",1
2026-07-28 12:35:00,ccf-aiops-南京,br-2,br,ipv6_route_nexthop_info,"prefix=""fd00:6:40::/64"",next_hop=""fe80::100:10:52"",dev=""ens4"",protocol=""bgp"",metric=""20"",route_index=""0"",nh_index=""0""",1
2026-07-28 12:35:00,ccf-aiops-南京,br-2,br,ipv6_route_nexthop_info,"prefix=""fd00:7:40::/64"",next_hop=""fe80::7:20:12"",dev=""ens5"",protocol=""ospf"",metric=""20"",route_index=""0"",nh_index=""0""",1
2026-07-28 12:35:00,ccf-aiops-南京,br-2,br,ipv6_route_nexthop_info,"prefix=""fd00:7:40::/64"",next_hop=""fe80::7:20:11"",dev=""ens5"",protocol=""ospf"",metric=""20"",route_index=""0"",nh_index=""1""",1
2026-07-28 12:35:00,ccf-aiops-南京,br-2,br,ospf6_interface_cost,"interface=""ens5""",1
2026-07-28 12:35:00,ccf-aiops-南京,br-2,br,ospf6_interface_enabled,"interface=""ens10""",1
2026-07-28 12:35:00,ccf-aiops-南京,br-2,br,ospf6_interface_enabled,"interface=""ens11""",1
2026-07-28 12:35:00,ccf-aiops-南京,br-2,br,ospf6_interface_enabled,"interface=""virbr0""",0
2026-07-28 12:35:00,ccf-aiops-南京,br-2,br,ospf6_interface_enabled,"interface=""ens3""",1
2026-07-28 12:35:00,ccf-aiops-南京,br-2,br,ospf6_interface_enabled,"interface=""ens4""",1
2026-07-28 12:35:00,ccf-aiops-南京,br-2,br,ospf6_interface_enabled,"interface=""ens5""",1
2026-07-28 12:35:00,ccf-aiops-南京,br-2,br,ospf6_interface_enabled,"interface=""ens12""",1
2026-07-28 12:35:00,ccf-aiops-南京,br-2,br,ospf6_interface_enabled,"interface=""ens6""",1
2026-07-28 12:35:00,ccf-aiops-南京,br-2,br,ospf6_interface_enabled,"interface=""ens7""",1
2026-07-28 12:35:00,ccf-aiops-南京,br-2,br,ospf6_interface_enabled,"interface=""ens8""",1
2026-07-28 12:35:00,ccf-aiops-南京,br-2,br,ospf6_interface_enabled,"interface=""ens9""",1
2026-07-28 12:35:00,ccf-aiops-南京,br-2,br,ospf6_interface_enabled,"interface=""lo""",1
2026-07-28 12:35:00,ccf-aiops-南京,br-2,br,ospf6_neighbor_state_code,"state=""Full"",interface=""ens5"",neighbor_id=""7.7.7.1""",6
2026-07-28 12:35:00,ccf-aiops-南京,br-2,br,ospf6_neighbor_state_code,"state=""Full"",interface=""ens5"",neighbor_id=""7.7.7.11""",6
2026-07-28 12:35:00,ccf-aiops-南京,br-2,br,ospf6_neighbor_state_code,"state=""Full"",interface=""ens5"",neighbor_id=""7.7.7.12""",6
2026-07-28 12:35:00,ccf-aiops-南京,cr-1,cr,ipv6_default_route_changed_total,,0
2026-07-28 12:35:00,ccf-aiops-南京,cr-1,cr,ipv6_default_route_info,"next_hop=""fd00:7:20::2"",dev=""ens4"",protocol=""196"",metric=""20"",route_index=""0"",nh_index=""1""",1
2026-07-28 12:35:00,ccf-aiops-南京,cr-1,cr,ipv6_default_route_info,"next_hop=""fd00:7:20::1"",dev=""ens4"",protocol=""196"",metric=""20"",route_index=""0"",nh_index=""0""",1
2026-07-28 12:35:00,ccf-aiops-南京,cr-1,cr,ipv6_route_change_total,"prefix=""fd00:3:40::/64""",0
2026-07-28 12:35:00,ccf-aiops-南京,cr-1,cr,ipv6_route_change_total,"prefix=""fd00:4:40::/64""",5
2026-07-28 12:35:00,ccf-aiops-南京,cr-1,cr,ipv6_route_change_total,"prefix=""fd00:5:40::/64""",5
2026-07-28 12:35:00,ccf-aiops-南京,cr-1,cr,ipv6_route_change_total,"prefix=""fd00:6:40::/64""",5
2026-07-28 12:35:00,ccf-aiops-南京,cr-1,cr,ipv6_route_change_total,"prefix=""fd00:7:40::/64""",0
2026-07-28 12:35:00,ccf-aiops-南京,cr-1,cr,ipv6_route_change_total,"prefix=""fd00:8:40::/64""",5
2026-07-28 12:35:00,ccf-aiops-南京,cr-1,cr,ipv6_route_change_total,"prefix=""::/0""",0
2026-07-28 12:35:00,ccf-aiops-南京,cr-1,cr,ipv6_route_change_total,"prefix=""fd00:1:40::/64""",5
2026-07-28 12:35:00,ccf-aiops-南京,cr-1,cr,ipv6_route_change_total,"prefix=""fd00:2:40::/64""",0
2026-07-28 12:35:00,ccf-aiops-南京,cr-1,cr,ipv6_route_count,"protocol=""all""",16
2026-07-28 12:35:00,ccf-aiops-南京,cr-1,cr,ipv6_route_count,"protocol=""196""",2
2026-07-28 12:35:00,ccf-aiops-南京,cr-1,cr,ipv6_route_count,"protocol=""kernel""",7
2026-07-28 12:35:00,ccf-aiops-南京,cr-1,cr,ipv6_route_count,"protocol=""ospf""",7
2026-07-28 12:35:00,ccf-aiops-南京,cr-1,cr,ipv6_route_exists,"prefix=""fd00:8:40::/64""",1
2026-07-28 12:35:00,ccf-aiops-南京,cr-1,cr,ipv6_route_exists,"prefix=""::/0""",1
2026-07-28 12:35:00,ccf-aiops-南京,cr-1,cr,ipv6_route_exists,"prefix=""fd00:1:40::/64""",1
2026-07-28 12:35:00,ccf-aiops-南京,cr-1,cr,ipv6_route_exists,"prefix=""fd00:2:40::/64""",1
2026-07-28 12:35:00,ccf-aiops-南京,cr-1,cr,ipv6_route_exists,"prefix=""fd00:3:40::/64""",1
2026-07-28 12:35:00,ccf-aiops-南京,cr-1,cr,ipv6_route_exists,"prefix=""fd00:4:40::/64""",1
2026-07-28 12:35:00,ccf-aiops-南京,cr-1,cr,ipv6_route_exists,"prefix=""fd00:5:40::/64""",1
2026-07-28 12:35:00,ccf-aiops-南京,cr-1,cr,ipv6_route_exists,"prefix=""fd00:6:40::/64""",1
2026-07-28 12:35:00,ccf-aiops-南京,cr-1,cr,ipv6_route_exists,"prefix=""fd00:7:40::/64""",1
2026-07-28 12:35:00,ccf-aiops-南京,cr-1,cr,ipv6_route_nexthop_info,"prefix=""fd00:7:40::/64"",next_hop=""fd00:7:30::254"",dev=""ens5"",protocol=""196"",metric=""20"",route_index=""0"",nh_index=""0""",1
2026-07-28 12:35:00,ccf-aiops-南京,cr-1,cr,ipv6_route_nexthop_info,"prefix=""fd00:4:40::/64"",next_hop=""fe80::7:20:1"",dev=""ens4"",protocol=""ospf"",metric=""20"",route_index=""0"",nh_index=""0""",1
2026-07-28 12:35:00,ccf-aiops-南京,cr-1,cr,ipv6_route_nexthop_info,"prefix=""fd00:8:40::/64"",next_hop=""fe80::7:20:2"",dev=""ens4"",protocol=""ospf"",metric=""20"",route_index=""0"",nh_index=""1""",1
2026-07-28 12:35:00,ccf-aiops-南京,cr-1,cr,ipv6_route_nexthop_info,"prefix=""fd00:6:40::/64"",next_hop=""fe80::7:20:1"",dev=""ens4"",protocol=""ospf"",metric=""20"",route_index=""0"",nh_index=""0""",1
2026-07-28 12:35:00,ccf-aiops-南京,cr-1,cr,ipv6_route_nexthop_info,"prefix=""::/0"",next_hop=""fd00:7:20::2"",dev=""ens4"",protocol=""196"",metric=""20"",route_index=""0"",nh_index=""1""",1
2026-07-28 12:35:00,ccf-aiops-南京,cr-1,cr,ipv6_route_nexthop_info,"prefix=""fd00:1:40::/64"",next_hop=""fe80::7:20:1"",dev=""ens4"",protocol=""ospf"",metric=""20"",route_index=""0"",nh_index=""0""",1
2026-07-28 12:35:00,ccf-aiops-南京,cr-1,cr,ipv6_route_nexthop_info,"prefix=""fd00:2:40::/64"",next_hop=""fe80::7:20:1"",dev=""ens4"",protocol=""ospf"",metric=""20"",route_index=""0"",nh_index=""0""",1
2026-07-28 12:35:00,ccf-aiops-南京,cr-1,cr,ipv6_route_nexthop_info,"prefix=""::/0"",next_hop=""fd00:7:20::1"",dev=""ens4"",protocol=""196"",metric=""20"",route_index=""0"",nh_index=""0""",1
2026-07-28 12:35:00,ccf-aiops-南京,cr-1,cr,ipv6_route_nexthop_info,"prefix=""fd00:3:40::/64"",next_hop=""fe80::7:20:1"",dev=""ens4"",protocol=""ospf"",metric=""20"",route_index=""0"",nh_index=""0""",1
2026-07-28 12:35:00,ccf-aiops-南京,cr-1,cr,ipv6_route_nexthop_info,"prefix=""fd00:5:40::/64"",next_hop=""fe80::7:20:1"",dev=""ens4"",protocol=""ospf"",metric=""20"",route_index=""0"",nh_index=""0""",1
2026-07-28 12:35:00,ccf-aiops-南京,cr-1,cr,ipv6_route_nexthop_info,"prefix=""fd00:8:40::/64"",next_hop=""fe80::7:20:1"",dev=""ens4"",protocol=""ospf"",metric=""20"",route_index=""0"",nh_index=""0""",1
2026-07-28 12:35:00,ccf-aiops-南京,cr-1,cr,ipv6_route_nexthop_info,"prefix=""fd00:1:40::/64"",next_hop=""fe80::7:20:2"",dev=""ens4"",protocol=""ospf"",metric=""20"",route_index=""0"",nh_index=""1""",1
2026-07-28 12:35:00,ccf-aiops-南京,cr-1,cr,ipv6_route_nexthop_info,"prefix=""fd00:2:40::/64"",next_hop=""fe80::7:20:2"",dev=""ens4"",protocol=""ospf"",metric=""20"",route_index=""0"",nh_index=""1""",1
2026-07-28 12:35:00,ccf-aiops-南京,cr-1,cr,ipv6_route_nexthop_info,"prefix=""fd00:3:40::/64"",next_hop=""fe80::7:20:2"",dev=""ens4"",protocol=""ospf"",metric=""20"",route_index=""0"",nh_index=""1""",1
2026-07-28 12:35:00,ccf-aiops-南京,cr-1,cr,ipv6_route_nexthop_info,"prefix=""fd00:4:40::/64"",next_hop=""fe80::7:20:2"",dev=""ens4"",protocol=""ospf"",metric=""20"",route_index=""0"",nh_index=""1""",1
2026-07-28 12:35:00,ccf-aiops-南京,cr-1,cr,ipv6_route_nexthop_info,"prefix=""fd00:6:40::/64"",next_hop=""fe80::7:20:2"",dev=""ens4"",protocol=""ospf"",metric=""20"",route_index=""0"",nh_index=""1""",1
2026-07-28 12:35:00,ccf-aiops-南京,cr-1,cr,ipv6_route_nexthop_info,"prefix=""fd00:5:40::/64"",next_hop=""fe80::7:20:2"",dev=""ens4"",protocol=""ospf"",metric=""20"",route_index=""0"",nh_index=""1""",1
2026-07-28 12:35:00,ccf-aiops-南京,cr-1,cr,ospf6_interface_cost,"interface=""ens5""",1
2026-07-28 12:35:00,ccf-aiops-南京,cr-1,cr,ospf6_interface_cost,"interface=""ens4""",1
2026-07-28 12:35:00,ccf-aiops-南京,cr-1,cr,ospf6_interface_enabled,"interface=""ens4""",1
2026-07-28 12:35:00,ccf-aiops-南京,cr-1,cr,ospf6_interface_enabled,"interface=""ens11""",1
2026-07-28 12:35:00,ccf-aiops-南京,cr-1,cr,ospf6_interface_enabled,"interface=""ens10""",1
2026-07-28 12:35:00,ccf-aiops-南京,cr-1,cr,ospf6_interface_enabled,"interface=""ens5""",1
2026-07-28 12:35:00,ccf-aiops-南京,cr-1,cr,ospf6_interface_enabled,"interface=""ens6""",1
2026-07-28 12:35:00,ccf-aiops-南京,cr-1,cr,ospf6_interface_enabled,"interface=""ens12""",1
2026-07-28 12:35:00,ccf-aiops-南京,cr-1,cr,ospf6_interface_enabled,"interface=""ens3""",1
2026-07-28 12:35:00,ccf-aiops-南京,cr-1,cr,ospf6_interface_enabled,"interface=""ens7""",1
2026-07-28 12:35:00,ccf-aiops-南京,cr-1,cr,ospf6_interface_enabled,"interface=""ens8""",1
2026-07-28 12:35:00,ccf-aiops-南京,cr-1,cr,ospf6_interface_enabled,"interface=""ens9""",1
2026-07-28 12:35:00,ccf-aiops-南京,cr-1,cr,ospf6_interface_enabled,"interface=""lo""",1
2026-07-28 12:35:00,ccf-aiops-南京,cr-1,cr,ospf6_interface_enabled,"interface=""virbr0""",0
2026-07-28 12:35:00,ccf-aiops-南京,cr-1,cr,ospf6_interface_enabled,"interface=""vxlan100""",1
2026-07-28 12:35:00,ccf-aiops-南京,cr-1,cr,ospf6_neighbor_state_code,"state=""Full"",interface=""ens5"",neighbor_id=""7.7.7.12""",6
2026-07-28 12:35:00,ccf-aiops-南京,cr-1,cr,ospf6_neighbor_state_code,"state=""Full"",interface=""ens4"",neighbor_id=""7.7.7.2""",6
2026-07-28 12:35:00,ccf-aiops-南京,cr-1,cr,ospf6_neighbor_state_code,"state=""Full"",interface=""ens4"",neighbor_id=""7.7.7.12""",6
2026-07-28 12:35:00,ccf-aiops-南京,cr-1,cr,ospf6_neighbor_state_code,"state=""Twoway"",interface=""ens4"",neighbor_id=""7.7.7.1""",2
2026-07-28 12:35:00,ccf-aiops-南京,cr-1,cr,bgp_command_success,,
2026-07-28 12:35:00,ccf-aiops-南京,cr-1,cr,bgp_peer_up,,
2026-07-28 12:35:00,ccf-aiops-南京,cr-1,cr,bgp_peer_uptime_seconds,,
2026-07-28 12:35:00,ccf-aiops-南京,cr-1,cr,bgp_peer_prefix_received,,
2026-07-28 12:35:00,ccf-aiops-南京,cr-1,cr,bgp_peer_prefix_sent,,
2026-07-28 12:35:00,ccf-aiops-南京,cr-1,cr,bgp_peer_count,,
2026-07-28 12:35:00,ccf-aiops-南京,cr-2,cr,ipv6_default_route_changed_total,,0
2026-07-28 12:35:00,ccf-aiops-南京,cr-2,cr,ipv6_default_route_info,"next_hop=""fd00:7:20::2"",dev=""ens4"",protocol=""196"",metric=""20"",route_index=""0"",nh_index=""1""",1
2026-07-28 12:35:00,ccf-aiops-南京,cr-2,cr,ipv6_default_route_info,"next_hop=""fd00:7:20::1"",dev=""ens4"",protocol=""196"",metric=""20"",route_index=""0"",nh_index=""0""",1
2026-07-28 12:35:00,ccf-aiops-南京,cr-2,cr,ipv6_route_change_total,"prefix=""fd00:2:40::/64""",3
2026-07-28 12:35:00,ccf-aiops-南京,cr-2,cr,ipv6_route_change_total,"prefix=""fd00:1:40::/64""",3
2026-07-28 12:35:00,ccf-aiops-南京,cr-2,cr,ipv6_route_change_total,"prefix=""::/0""",0
2026-07-28 12:35:00,ccf-aiops-南京,cr-2,cr,ipv6_route_change_total,"prefix=""fd00:3:40::/64""",3
2026-07-28 12:35:00,ccf-aiops-南京,cr-2,cr,ipv6_route_change_total,"prefix=""fd00:4:40::/64""",3
2026-07-28 12:35:00,ccf-aiops-南京,cr-2,cr,ipv6_route_change_total,"prefix=""fd00:5:40::/64""",3
2026-07-28 12:35:00,ccf-aiops-南京,cr-2,cr,ipv6_route_change_total,"prefix=""fd00:6:40::/64""",3
2026-07-28 12:35:00,ccf-aiops-南京,cr-2,cr,ipv6_route_change_total,"prefix=""fd00:7:40::/64""",0
2026-07-28 12:35:00,ccf-aiops-南京,cr-2,cr,ipv6_route_change_total,"prefix=""fd00:8:40::/64""",3
2026-07-28 12:35:00,ccf-aiops-南京,cr-2,cr,ipv6_route_count,"protocol=""196""",2
2026-07-28 12:35:00,ccf-aiops-南京,cr-2,cr,ipv6_route_count,"protocol=""all""",15
2026-07-28 12:35:00,ccf-aiops-南京,cr-2,cr,ipv6_route_count,"protocol=""kernel""",6
2026-07-28 12:35:00,ccf-aiops-南京,cr-2,cr,ipv6_route_count,"protocol=""ospf""",7
2026-07-28 12:35:00,ccf-aiops-南京,cr-2,cr,ipv6_route_exists,"prefix=""fd00:2:40::/64""",1
2026-07-28 12:35:00,ccf-aiops-南京,cr-2,cr,ipv6_route_exists,"prefix=""::/0""",1
2026-07-28 12:35:00,ccf-aiops-南京,cr-2,cr,ipv6_route_exists,"prefix=""fd00:1:40::/64""",1
2026-07-28 12:35:00,ccf-aiops-南京,cr-2,cr,ipv6_route_exists,"prefix=""fd00:3:40::/64""",1
2026-07-28 12:35:00,ccf-aiops-南京,cr-2,cr,ipv6_route_exists,"prefix=""fd00:4:40::/64""",1
2026-07-28 12:35:00,ccf-aiops-南京,cr-2,cr,ipv6_route_exists,"prefix=""fd00:5:40::/64""",1
2026-07-28 12:35:00,ccf-aiops-南京,cr-2,cr,ipv6_route_exists,"prefix=""fd00:6:40::/64""",1
2026-07-28 12:35:00,ccf-aiops-南京,cr-2,cr,ipv6_route_exists,"prefix=""fd00:7:40::/64""",1
2026-07-28 12:35:00,ccf-aiops-南京,cr-2,cr,ipv6_route_exists,"prefix=""fd00:8:40::/64""",1
2026-07-28 12:35:00,ccf-aiops-南京,cr-2,cr,ipv6_route_nexthop_info,"prefix=""fd00:1:40::/64"",next_hop=""fe80::7:20:1"",dev=""ens4"",protocol=""ospf"",metric=""20"",route_index=""0"",nh_index=""1""",1
2026-07-28 12:35:00,ccf-aiops-南京,cr-2,cr,ipv6_route_nexthop_info,"prefix=""::/0"",next_hop=""fd00:7:20::1"",dev=""ens4"",protocol=""196"",metric=""20"",route_index=""0"",nh_index=""0""",1
2026-07-28 12:35:00,ccf-aiops-南京,cr-2,cr,ipv6_route_nexthop_info,"prefix=""fd00:2:40::/64"",next_hop=""fe80::7:20:2"",dev=""ens4"",protocol=""ospf"",metric=""20"",route_index=""0"",nh_index=""0""",1
2026-07-28 12:35:00,ccf-aiops-南京,cr-2,cr,ipv6_route_nexthop_info,"prefix=""fd00:1:40::/64"",next_hop=""fe80::7:20:2"",dev=""ens4"",protocol=""ospf"",metric=""20"",route_index=""0"",nh_index=""0""",1
2026-07-28 12:35:00,ccf-aiops-南京,cr-2,cr,ipv6_route_nexthop_info,"prefix=""fd00:8:40::/64"",next_hop=""fe80::7:20:1"",dev=""ens4"",protocol=""ospf"",metric=""20"",route_index=""0"",nh_index=""1""",1
2026-07-28 12:35:00,ccf-aiops-南京,cr-2,cr,ipv6_route_nexthop_info,"prefix=""fd00:6:40::/64"",next_hop=""fe80::7:20:1"",dev=""ens4"",protocol=""ospf"",metric=""20"",route_index=""0"",nh_index=""1""",1
2026-07-28 12:35:00,ccf-aiops-南京,cr-2,cr,ipv6_route_nexthop_info,"prefix=""fd00:5:40::/64"",next_hop=""fe80::7:20:1"",dev=""ens4"",protocol=""ospf"",metric=""20"",route_index=""0"",nh_index=""1""",1
2026-07-28 12:35:00,ccf-aiops-南京,cr-2,cr,ipv6_route_nexthop_info,"prefix=""fd00:4:40::/64"",next_hop=""fe80::7:20:1"",dev=""ens4"",protocol=""ospf"",metric=""20"",route_index=""0"",nh_index=""1""",1
2026-07-28 12:35:00,ccf-aiops-南京,cr-2,cr,ipv6_route_nexthop_info,"prefix=""fd00:3:40::/64"",next_hop=""fe80::7:20:1"",dev=""ens4"",protocol=""ospf"",metric=""20"",route_index=""0"",nh_index=""1""",1
2026-07-28 12:35:00,ccf-aiops-南京,cr-2,cr,ipv6_route_nexthop_info,"prefix=""fd00:2:40::/64"",next_hop=""fe80::7:20:1"",dev=""ens4"",protocol=""ospf"",metric=""20"",route_index=""0"",nh_index=""1""",1
2026-07-28 12:35:00,ccf-aiops-南京,cr-2,cr,ipv6_route_nexthop_info,"prefix=""::/0"",next_hop=""fd00:7:20::2"",dev=""ens4"",protocol=""196"",metric=""20"",route_index=""0"",nh_index=""1""",1
2026-07-28 12:35:00,ccf-aiops-南京,cr-2,cr,ipv6_route_nexthop_info,"prefix=""fd00:3:40::/64"",next_hop=""fe80::7:20:2"",dev=""ens4"",protocol=""ospf"",metric=""20"",route_index=""0"",nh_index=""0""",1
2026-07-28 12:35:00,ccf-aiops-南京,cr-2,cr,ipv6_route_nexthop_info,"prefix=""fd00:4:40::/64"",next_hop=""fe80::7:20:2"",dev=""ens4"",protocol=""ospf"",metric=""20"",route_index=""0"",nh_index=""0""",1
2026-07-28 12:35:00,ccf-aiops-南京,cr-2,cr,ipv6_route_nexthop_info,"prefix=""fd00:5:40::/64"",next_hop=""fe80::7:20:2"",dev=""ens4"",protocol=""ospf"",metric=""20"",route_index=""0"",nh_index=""0""",1
2026-07-28 12:35:00,ccf-aiops-南京,cr-2,cr,ipv6_route_nexthop_info,"prefix=""fd00:6:40::/64"",next_hop=""fe80::7:20:2"",dev=""ens4"",protocol=""ospf"",metric=""20"",route_index=""0"",nh_index=""0""",1
2026-07-28 12:35:00,ccf-aiops-南京,cr-2,cr,ipv6_route_nexthop_info,"prefix=""fd00:8:40::/64"",next_hop=""fe80::7:20:2"",dev=""ens4"",protocol=""ospf"",metric=""20"",route_index=""0"",nh_index=""0""",1
2026-07-28 12:35:00,ccf-aiops-南京,cr-2,cr,ipv6_route_nexthop_info,"prefix=""fd00:7:40::/64"",next_hop=""fd00:7:30::254"",dev=""ens5"",protocol=""196"",metric=""20"",route_index=""0"",nh_index=""0""",1
2026-07-28 12:35:00,ccf-aiops-南京,cr-2,cr,ospf6_interface_cost,"interface=""ens5""",1
2026-07-28 12:35:00,ccf-aiops-南京,cr-2,cr,ospf6_interface_cost,"interface=""ens4""",1
2026-07-28 12:35:00,ccf-aiops-南京,cr-2,cr,ospf6_interface_enabled,"interface=""ens8""",1
2026-07-28 12:35:00,ccf-aiops-南京,cr-2,cr,ospf6_interface_enabled,"interface=""virbr0""",0
2026-07-28 12:35:00,ccf-aiops-南京,cr-2,cr,ospf6_interface_enabled,"interface=""lo""",1
2026-07-28 12:35:00,ccf-aiops-南京,cr-2,cr,ospf6_interface_enabled,"interface=""ens9""",1
2026-07-28 12:35:00,ccf-aiops-南京,cr-2,cr,ospf6_interface_enabled,"interface=""ens7""",1
2026-07-28 12:35:00,ccf-aiops-南京,cr-2,cr,ospf6_interface_enabled,"interface=""ens6""",1
2026-07-28 12:35:00,ccf-aiops-南京,cr-2,cr,ospf6_interface_enabled,"interface=""ens5""",1
2026-07-28 12:35:00,ccf-aiops-南京,cr-2,cr,ospf6_interface_enabled,"interface=""ens4""",1
2026-07-28 12:35:00,ccf-aiops-南京,cr-2,cr,ospf6_interface_enabled,"interface=""ens3""",1
2026-07-28 12:35:00,ccf-aiops-南京,cr-2,cr,ospf6_interface_enabled,"interface=""ens12""",1
2026-07-28 12:35:00,ccf-aiops-南京,cr-2,cr,ospf6_interface_enabled,"interface=""ens11""",1
2026-07-28 12:35:00,ccf-aiops-南京,cr-2,cr,ospf6_interface_enabled,"interface=""ens10""",1
2026-07-28 12:35:00,ccf-aiops-南京,cr-2,cr,ospf6_neighbor_state_code,"state=""Full"",interface=""ens4"",neighbor_id=""7.7.7.1""",6
2026-07-28 12:35:00,ccf-aiops-南京,cr-2,cr,ospf6_neighbor_state_code,"state=""Full"",interface=""ens5"",neighbor_id=""7.7.7.11""",6
2026-07-28 12:35:00,ccf-aiops-南京,cr-2,cr,ospf6_neighbor_state_code,"state=""Full"",interface=""ens4"",neighbor_id=""7.7.7.11""",6
2026-07-28 12:35:00,ccf-aiops-南京,cr-2,cr,ospf6_neighbor_state_code,"state=""Full"",interface=""ens4"",neighbor_id=""7.7.7.2""",6
2026-07-28 12:35:00,ccf-aiops-南京,cr-2,cr,bgp_command_success,,
2026-07-28 12:35:00,ccf-aiops-南京,cr-2,cr,bgp_peer_up,,
2026-07-28 12:35:00,ccf-aiops-南京,cr-2,cr,bgp_peer_uptime_seconds,,
2026-07-28 12:35:00,ccf-aiops-南京,cr-2,cr,bgp_peer_prefix_received,,
2026-07-28 12:35:00,ccf-aiops-南京,cr-2,cr,bgp_peer_prefix_sent,,
2026-07-28 12:35:00,ccf-aiops-南京,cr-2,cr,bgp_peer_count,,
2026-07-28 12:36:00,ccf-aiops-南京,br-1,br,bgp_command_success,"command=""bgp_summary""",1
2026-07-28 12:36:00,ccf-aiops-南京,br-1,br,bgp_peer_count,,2
2026-07-28 12:36:00,ccf-aiops-南京,br-1,br,bgp_peer_prefix_received,"peer=""fd00:100:10::41"",remote_as=""65005"",state=""Established""",7
2026-07-28 12:36:00,ccf-aiops-南京,br-1,br,bgp_peer_prefix_received,"peer=""fd00:100:10::51"",remote_as=""65006"",state=""Established""",7
2026-07-28 12:36:00,ccf-aiops-南京,br-1,br,bgp_peer_prefix_sent,"peer=""fd00:100:10::51"",remote_as=""65006"",state=""Established""",8
2026-07-28 12:36:00,ccf-aiops-南京,br-1,br,bgp_peer_prefix_sent,"peer=""fd00:100:10::41"",remote_as=""65005"",state=""Established""",8
2026-07-28 12:36:00,ccf-aiops-南京,br-1,br,bgp_peer_up,"peer=""fd00:100:10::41"",remote_as=""65005"",state=""Established""",1
2026-07-28 12:36:00,ccf-aiops-南京,br-1,br,bgp_peer_up,"peer=""fd00:100:10::51"",remote_as=""65006"",state=""Established""",1
2026-07-28 12:36:00,ccf-aiops-南京,br-1,br,bgp_peer_uptime_seconds,"peer=""fd00:100:10::41"",remote_as=""65005"",state=""Established""",2412715
2026-07-28 12:36:00,ccf-aiops-南京,br-1,br,bgp_peer_uptime_seconds,"peer=""fd00:100:10::51"",remote_as=""65006"",state=""Established""",2412715
2026-07-28 12:36:00,ccf-aiops-南京,br-1,br,ipv6_default_route_changed_total,,0
2026-07-28 12:36:00,ccf-aiops-南京,br-1,br,ipv6_default_route_info,"next_hop=""240a:a023::1"",dev=""ens4"",protocol=""unknown"",metric=""1024"",route_index=""0"",nh_index=""0""",1
2026-07-28 12:36:00,ccf-aiops-南京,br-1,br,ipv6_route_change_total,"prefix=""::/0""",0
2026-07-28 12:36:00,ccf-aiops-南京,br-1,br,ipv6_route_change_total,"prefix=""fd00:1:40::/64""",0
2026-07-28 12:36:00,ccf-aiops-南京,br-1,br,ipv6_route_change_total,"prefix=""fd00:2:40::/64""",5
2026-07-28 12:36:00,ccf-aiops-南京,br-1,br,ipv6_route_change_total,"prefix=""fd00:3:40::/64""",0
2026-07-28 12:36:00,ccf-aiops-南京,br-1,br,ipv6_route_change_total,"prefix=""fd00:4:40::/64""",0
2026-07-28 12:36:00,ccf-aiops-南京,br-1,br,ipv6_route_change_total,"prefix=""fd00:5:40::/64""",0
2026-07-28 12:36:00,ccf-aiops-南京,br-1,br,ipv6_route_change_total,"prefix=""fd00:6:40::/64""",0
2026-07-28 12:36:00,ccf-aiops-南京,br-1,br,ipv6_route_change_total,"prefix=""fd00:7:40::/64""",8
2026-07-28 12:36:00,ccf-aiops-南京,br-1,br,ipv6_route_change_total,"prefix=""fd00:8:40::/64""",0
2026-07-28 12:36:00,ccf-aiops-南京,br-1,br,ipv6_route_count,"protocol=""all""",17
2026-07-28 12:36:00,ccf-aiops-南京,br-1,br,ipv6_route_count,"protocol=""bgp""",7
2026-07-28 12:36:00,ccf-aiops-南京,br-1,br,ipv6_route_count,"protocol=""unknown""",1
2026-07-28 12:36:00,ccf-aiops-南京,br-1,br,ipv6_route_count,"protocol=""kernel""",7
2026-07-28 12:36:00,ccf-aiops-南京,br-1,br,ipv6_route_count,"protocol=""ospf""",2
2026-07-28 12:36:00,ccf-aiops-南京,br-1,br,ipv6_route_exists,"prefix=""fd00:6:40::/64""",1
2026-07-28 12:36:00,ccf-aiops-南京,br-1,br,ipv6_route_exists,"prefix=""fd00:5:40::/64""",1
2026-07-28 12:36:00,ccf-aiops-南京,br-1,br,ipv6_route_exists,"prefix=""fd00:4:40::/64""",1
2026-07-28 12:36:00,ccf-aiops-南京,br-1,br,ipv6_route_exists,"prefix=""fd00:8:40::/64""",1
2026-07-28 12:36:00,ccf-aiops-南京,br-1,br,ipv6_route_exists,"prefix=""::/0""",1
2026-07-28 12:36:00,ccf-aiops-南京,br-1,br,ipv6_route_exists,"prefix=""fd00:1:40::/64""",1
2026-07-28 12:36:00,ccf-aiops-南京,br-1,br,ipv6_route_exists,"prefix=""fd00:2:40::/64""",1
2026-07-28 12:36:00,ccf-aiops-南京,br-1,br,ipv6_route_exists,"prefix=""fd00:3:40::/64""",1
2026-07-28 12:36:00,ccf-aiops-南京,br-1,br,ipv6_route_exists,"prefix=""fd00:7:40::/64""",1
2026-07-28 12:36:00,ccf-aiops-南京,br-1,br,ipv6_route_nexthop_info,"prefix=""fd00:2:40::/64"",next_hop=""fe80::100:10:51"",dev=""ens4"",protocol=""bgp"",metric=""20"",route_index=""0"",nh_index=""0""",1
2026-07-28 12:36:00,ccf-aiops-南京,br-1,br,ipv6_route_nexthop_info,"prefix=""fd00:7:40::/64"",next_hop=""fe80::7:20:12"",dev=""ens5"",protocol=""ospf"",metric=""20"",route_index=""0"",nh_index=""0""",1
2026-07-28 12:36:00,ccf-aiops-南京,br-1,br,ipv6_route_nexthop_info,"prefix=""fd00:7:40::/64"",next_hop=""fe80::7:20:11"",dev=""ens5"",protocol=""ospf"",metric=""20"",route_index=""0"",nh_index=""1""",1
2026-07-28 12:36:00,ccf-aiops-南京,br-1,br,ipv6_route_nexthop_info,"prefix=""fd00:6:40::/64"",next_hop=""fe80::100:10:51"",dev=""ens4"",protocol=""bgp"",metric=""20"",route_index=""0"",nh_index=""0""",1
2026-07-28 12:36:00,ccf-aiops-南京,br-1,br,ipv6_route_nexthop_info,"prefix=""fd00:1:40::/64"",next_hop=""fe80::100:10:51"",dev=""ens4"",protocol=""bgp"",metric=""20"",route_index=""0"",nh_index=""0""",1
2026-07-28 12:36:00,ccf-aiops-南京,br-1,br,ipv6_route_nexthop_info,"prefix=""fd00:8:40::/64"",next_hop=""fe80::100:10:41"",dev=""ens4"",protocol=""bgp"",metric=""20"",route_index=""0"",nh_index=""0""",1
2026-07-28 12:36:00,ccf-aiops-南京,br-1,br,ipv6_route_nexthop_info,"prefix=""fd00:5:40::/64"",next_hop=""fe80::100:10:41"",dev=""ens4"",protocol=""bgp"",metric=""20"",route_index=""0"",nh_index=""0""",1
2026-07-28 12:36:00,ccf-aiops-南京,br-1,br,ipv6_route_nexthop_info,"prefix=""fd00:4:40::/64"",next_hop=""fe80::100:10:41"",dev=""ens4"",protocol=""bgp"",metric=""20"",route_index=""0"",nh_index=""0""",1
2026-07-28 12:36:00,ccf-aiops-南京,br-1,br,ipv6_route_nexthop_info,"prefix=""fd00:3:40::/64"",next_hop=""fe80::100:10:41"",dev=""ens4"",protocol=""bgp"",metric=""20"",route_index=""0"",nh_index=""0""",1
2026-07-28 12:36:00,ccf-aiops-南京,br-1,br,ipv6_route_nexthop_info,"prefix=""::/0"",next_hop=""240a:a023::1"",dev=""ens4"",protocol=""unknown"",metric=""1024"",route_index=""0"",nh_index=""0""",1
2026-07-28 12:36:00,ccf-aiops-南京,br-1,br,ospf6_interface_cost,"interface=""ens5""",1
2026-07-28 12:36:00,ccf-aiops-南京,br-1,br,ospf6_interface_enabled,"interface=""ens10""",1
2026-07-28 12:36:00,ccf-aiops-南京,br-1,br,ospf6_interface_enabled,"interface=""ens11""",1
2026-07-28 12:36:00,ccf-aiops-南京,br-1,br,ospf6_interface_enabled,"interface=""ens3""",1
2026-07-28 12:36:00,ccf-aiops-南京,br-1,br,ospf6_interface_enabled,"interface=""ens12""",1
2026-07-28 12:36:00,ccf-aiops-南京,br-1,br,ospf6_interface_enabled,"interface=""virbr0""",0
2026-07-28 12:36:00,ccf-aiops-南京,br-1,br,ospf6_interface_enabled,"interface=""lo""",1
2026-07-28 12:36:00,ccf-aiops-南京,br-1,br,ospf6_interface_enabled,"interface=""ens9""",1
2026-07-28 12:36:00,ccf-aiops-南京,br-1,br,ospf6_interface_enabled,"interface=""ens8""",1
2026-07-28 12:36:00,ccf-aiops-南京,br-1,br,ospf6_interface_enabled,"interface=""ens6""",1
2026-07-28 12:36:00,ccf-aiops-南京,br-1,br,ospf6_interface_enabled,"interface=""ens5""",1
2026-07-28 12:36:00,ccf-aiops-南京,br-1,br,ospf6_interface_enabled,"interface=""ens4""",1
2026-07-28 12:36:00,ccf-aiops-南京,br-1,br,ospf6_interface_enabled,"interface=""ens7""",1
2026-07-28 12:36:00,ccf-aiops-南京,br-1,br,ospf6_neighbor_state_code,"state=""Twoway"",interface=""ens5"",neighbor_id=""7.7.7.11""",2
2026-07-28 12:36:00,ccf-aiops-南京,br-1,br,ospf6_neighbor_state_code,"state=""Full"",interface=""ens5"",neighbor_id=""7.7.7.12""",6
2026-07-28 12:36:00,ccf-aiops-南京,br-1,br,ospf6_neighbor_state_code,"state=""Full"",interface=""ens5"",neighbor_id=""7.7.7.2""",6
2026-07-28 12:36:00,ccf-aiops-南京,br-2,br,bgp_command_success,"command=""bgp_summary""",1
2026-07-28 12:36:00,ccf-aiops-南京,br-2,br,bgp_peer_count,,2
2026-07-28 12:36:00,ccf-aiops-南京,br-2,br,bgp_peer_prefix_received,"peer=""fd00:100:10::42"",remote_as=""65005"",state=""Established""",7
2026-07-28 12:36:00,ccf-aiops-南京,br-2,br,bgp_peer_prefix_received,"peer=""fd00:100:10::52"",remote_as=""65006"",state=""Established""",7
2026-07-28 12:36:00,ccf-aiops-南京,br-2,br,bgp_peer_prefix_sent,"peer=""fd00:100:10::52"",remote_as=""65006"",state=""Established""",8
2026-07-28 12:36:00,ccf-aiops-南京,br-2,br,bgp_peer_prefix_sent,"peer=""fd00:100:10::42"",remote_as=""65005"",state=""Established""",8
2026-07-28 12:36:00,ccf-aiops-南京,br-2,br,bgp_peer_up,"peer=""fd00:100:10::42"",remote_as=""65005"",state=""Established""",1
2026-07-28 12:36:00,ccf-aiops-南京,br-2,br,bgp_peer_up,"peer=""fd00:100:10::52"",remote_as=""65006"",state=""Established""",1
2026-07-28 12:36:00,ccf-aiops-南京,br-2,br,bgp_peer_uptime_seconds,"peer=""fd00:100:10::52"",remote_as=""65006"",state=""Established""",2412682
2026-07-28 12:36:00,ccf-aiops-南京,br-2,br,bgp_peer_uptime_seconds,"peer=""fd00:100:10::42"",remote_as=""65005"",state=""Established""",2412682
2026-07-28 12:36:00,ccf-aiops-南京,br-2,br,ipv6_default_route_changed_total,,0
2026-07-28 12:36:00,ccf-aiops-南京,br-2,br,ipv6_default_route_info,"next_hop=""240a:a023::1"",dev=""ens4"",protocol=""unknown"",metric=""1024"",route_index=""0"",nh_index=""0""",1
2026-07-28 12:36:00,ccf-aiops-南京,br-2,br,ipv6_route_change_total,"prefix=""fd00:3:40::/64""",0
2026-07-28 12:36:00,ccf-aiops-南京,br-2,br,ipv6_route_change_total,"prefix=""fd00:2:40::/64""",3
2026-07-28 12:36:00,ccf-aiops-南京,br-2,br,ipv6_route_change_total,"prefix=""fd00:1:40::/64""",0
2026-07-28 12:36:00,ccf-aiops-南京,br-2,br,ipv6_route_change_total,"prefix=""::/0""",0
2026-07-28 12:36:00,ccf-aiops-南京,br-2,br,ipv6_route_change_total,"prefix=""fd00:8:40::/64""",0
2026-07-28 12:36:00,ccf-aiops-南京,br-2,br,ipv6_route_change_total,"prefix=""fd00:7:40::/64""",10
2026-07-28 12:36:00,ccf-aiops-南京,br-2,br,ipv6_route_change_total,"prefix=""fd00:6:40::/64""",0
2026-07-28 12:36:00,ccf-aiops-南京,br-2,br,ipv6_route_change_total,"prefix=""fd00:5:40::/64""",0
2026-07-28 12:36:00,ccf-aiops-南京,br-2,br,ipv6_route_change_total,"prefix=""fd00:4:40::/64""",0
2026-07-28 12:36:00,ccf-aiops-南京,br-2,br,ipv6_route_count,"protocol=""kernel""",7
2026-07-28 12:36:00,ccf-aiops-南京,br-2,br,ipv6_route_count,"protocol=""unknown""",1
2026-07-28 12:36:00,ccf-aiops-南京,br-2,br,ipv6_route_count,"protocol=""ospf""",2
2026-07-28 12:36:00,ccf-aiops-南京,br-2,br,ipv6_route_count,"protocol=""all""",17
2026-07-28 12:36:00,ccf-aiops-南京,br-2,br,ipv6_route_count,"protocol=""bgp""",7
2026-07-28 12:36:00,ccf-aiops-南京,br-2,br,ipv6_route_exists,"prefix=""fd00:4:40::/64""",1
2026-07-28 12:36:00,ccf-aiops-南京,br-2,br,ipv6_route_exists,"prefix=""fd00:3:40::/64""",1
2026-07-28 12:36:00,ccf-aiops-南京,br-2,br,ipv6_route_exists,"prefix=""fd00:2:40::/64""",1
2026-07-28 12:36:00,ccf-aiops-南京,br-2,br,ipv6_route_exists,"prefix=""fd00:1:40::/64""",1
2026-07-28 12:36:00,ccf-aiops-南京,br-2,br,ipv6_route_exists,"prefix=""::/0""",1
2026-07-28 12:36:00,ccf-aiops-南京,br-2,br,ipv6_route_exists,"prefix=""fd00:5:40::/64""",1
2026-07-28 12:36:00,ccf-aiops-南京,br-2,br,ipv6_route_exists,"prefix=""fd00:6:40::/64""",1
2026-07-28 12:36:00,ccf-aiops-南京,br-2,br,ipv6_route_exists,"prefix=""fd00:8:40::/64""",1
2026-07-28 12:36:00,ccf-aiops-南京,br-2,br,ipv6_route_exists,"prefix=""fd00:7:40::/64""",1
2026-07-28 12:36:00,ccf-aiops-南京,br-2,br,ipv6_route_nexthop_info,"prefix=""fd00:6:40::/64"",next_hop=""fe80::100:10:52"",dev=""ens4"",protocol=""bgp"",metric=""20"",route_index=""0"",nh_index=""0""",1
2026-07-28 12:36:00,ccf-aiops-南京,br-2,br,ipv6_route_nexthop_info,"prefix=""fd00:7:40::/64"",next_hop=""fe80::7:20:12"",dev=""ens5"",protocol=""ospf"",metric=""20"",route_index=""0"",nh_index=""0""",1
2026-07-28 12:36:00,ccf-aiops-南京,br-2,br,ipv6_route_nexthop_info,"prefix=""fd00:7:40::/64"",next_hop=""fe80::7:20:11"",dev=""ens5"",protocol=""ospf"",metric=""20"",route_index=""0"",nh_index=""1""",1
2026-07-28 12:36:00,ccf-aiops-南京,br-2,br,ipv6_route_nexthop_info,"prefix=""fd00:2:40::/64"",next_hop=""fe80::100:10:52"",dev=""ens4"",protocol=""bgp"",metric=""20"",route_index=""0"",nh_index=""0""",1
2026-07-28 12:36:00,ccf-aiops-南京,br-2,br,ipv6_route_nexthop_info,"prefix=""fd00:1:40::/64"",next_hop=""fe80::100:10:52"",dev=""ens4"",protocol=""bgp"",metric=""20"",route_index=""0"",nh_index=""0""",1
2026-07-28 12:36:00,ccf-aiops-南京,br-2,br,ipv6_route_nexthop_info,"prefix=""fd00:8:40::/64"",next_hop=""fe80::100:10:42"",dev=""ens4"",protocol=""bgp"",metric=""20"",route_index=""0"",nh_index=""0""",1
2026-07-28 12:36:00,ccf-aiops-南京,br-2,br,ipv6_route_nexthop_info,"prefix=""fd00:5:40::/64"",next_hop=""fe80::100:10:42"",dev=""ens4"",protocol=""bgp"",metric=""20"",route_index=""0"",nh_index=""0""",1
2026-07-28 12:36:00,ccf-aiops-南京,br-2,br,ipv6_route_nexthop_info,"prefix=""fd00:4:40::/64"",next_hop=""fe80::100:10:42"",dev=""ens4"",protocol=""bgp"",metric=""20"",route_index=""0"",nh_index=""0""",1
2026-07-28 12:36:00,ccf-aiops-南京,br-2,br,ipv6_route_nexthop_info,"prefix=""fd00:3:40::/64"",next_hop=""fe80::100:10:42"",dev=""ens4"",protocol=""bgp"",metric=""20"",route_index=""0"",nh_index=""0""",1
2026-07-28 12:36:00,ccf-aiops-南京,br-2,br,ipv6_route_nexthop_info,"prefix=""::/0"",next_hop=""240a:a023::1"",dev=""ens4"",protocol=""unknown"",metric=""1024"",route_index=""0"",nh_index=""0""",1
2026-07-28 12:36:00,ccf-aiops-南京,br-2,br,ospf6_interface_cost,"interface=""ens5""",1
2026-07-28 12:36:00,ccf-aiops-南京,br-2,br,ospf6_interface_enabled,"interface=""ens8""",1
2026-07-28 12:36:00,ccf-aiops-南京,br-2,br,ospf6_interface_enabled,"interface=""virbr0""",0
2026-07-28 12:36:00,ccf-aiops-南京,br-2,br,ospf6_interface_enabled,"interface=""lo""",1
2026-07-28 12:36:00,ccf-aiops-南京,br-2,br,ospf6_interface_enabled,"interface=""ens9""",1
2026-07-28 12:36:00,ccf-aiops-南京,br-2,br,ospf6_interface_enabled,"interface=""ens7""",1
2026-07-28 12:36:00,ccf-aiops-南京,br-2,br,ospf6_interface_enabled,"interface=""ens6""",1
2026-07-28 12:36:00,ccf-aiops-南京,br-2,br,ospf6_interface_enabled,"interface=""ens5""",1
2026-07-28 12:36:00,ccf-aiops-南京,br-2,br,ospf6_interface_enabled,"interface=""ens4""",1
2026-07-28 12:36:00,ccf-aiops-南京,br-2,br,ospf6_interface_enabled,"interface=""ens3""",1
2026-07-28 12:36:00,ccf-aiops-南京,br-2,br,ospf6_interface_enabled,"interface=""ens12""",1
2026-07-28 12:36:00,ccf-aiops-南京,br-2,br,ospf6_interface_enabled,"interface=""ens11""",1
2026-07-28 12:36:00,ccf-aiops-南京,br-2,br,ospf6_interface_enabled,"interface=""ens10""",1
2026-07-28 12:36:00,ccf-aiops-南京,br-2,br,ospf6_neighbor_state_code,"state=""Full"",interface=""ens5"",neighbor_id=""7.7.7.12""",6
2026-07-28 12:36:00,ccf-aiops-南京,br-2,br,ospf6_neighbor_state_code,"state=""Full"",interface=""ens5"",neighbor_id=""7.7.7.11""",6
2026-07-28 12:36:00,ccf-aiops-南京,br-2,br,ospf6_neighbor_state_code,"state=""Full"",interface=""ens5"",neighbor_id=""7.7.7.1""",6
2026-07-28 12:36:00,ccf-aiops-南京,cr-1,cr,ipv6_default_route_changed_total,,0
2026-07-28 12:36:00,ccf-aiops-南京,cr-1,cr,ipv6_default_route_info,"next_hop=""fd00:7:20::2"",dev=""ens4"",protocol=""196"",metric=""20"",route_index=""0"",nh_index=""1""",1
2026-07-28 12:36:00,ccf-aiops-南京,cr-1,cr,ipv6_default_route_info,"next_hop=""fd00:7:20::1"",dev=""ens4"",protocol=""196"",metric=""20"",route_index=""0"",nh_index=""0""",1
2026-07-28 12:36:00,ccf-aiops-南京,cr-1,cr,ipv6_route_change_total,"prefix=""fd00:1:40::/64""",5
2026-07-28 12:36:00,ccf-aiops-南京,cr-1,cr,ipv6_route_change_total,"prefix=""::/0""",0
2026-07-28 12:36:00,ccf-aiops-南京,cr-1,cr,ipv6_route_change_total,"prefix=""fd00:8:40::/64""",5
2026-07-28 12:36:00,ccf-aiops-南京,cr-1,cr,ipv6_route_change_total,"prefix=""fd00:7:40::/64""",0
2026-07-28 12:36:00,ccf-aiops-南京,cr-1,cr,ipv6_route_change_total,"prefix=""fd00:6:40::/64""",5
2026-07-28 12:36:00,ccf-aiops-南京,cr-1,cr,ipv6_route_change_total,"prefix=""fd00:5:40::/64""",5
2026-07-28 12:36:00,ccf-aiops-南京,cr-1,cr,ipv6_route_change_total,"prefix=""fd00:4:40::/64""",5
2026-07-28 12:36:00,ccf-aiops-南京,cr-1,cr,ipv6_route_change_total,"prefix=""fd00:2:40::/64""",0
2026-07-28 12:36:00,ccf-aiops-南京,cr-1,cr,ipv6_route_change_total,"prefix=""fd00:3:40::/64""",0
2026-07-28 12:36:00,ccf-aiops-南京,cr-1,cr,ipv6_route_count,"protocol=""ospf""",7
2026-07-28 12:36:00,ccf-aiops-南京,cr-1,cr,ipv6_route_count,"protocol=""kernel""",7
2026-07-28 12:36:00,ccf-aiops-南京,cr-1,cr,ipv6_route_count,"protocol=""all""",16
2026-07-28 12:36:00,ccf-aiops-南京,cr-1,cr,ipv6_route_count,"protocol=""196""",2
2026-07-28 12:36:00,ccf-aiops-南京,cr-1,cr,ipv6_route_exists,"prefix=""fd00:3:40::/64""",1
2026-07-28 12:36:00,ccf-aiops-南京,cr-1,cr,ipv6_route_exists,"prefix=""::/0""",1
2026-07-28 12:36:00,ccf-aiops-南京,cr-1,cr,ipv6_route_exists,"prefix=""fd00:2:40::/64""",1
2026-07-28 12:36:00,ccf-aiops-南京,cr-1,cr,ipv6_route_exists,"prefix=""fd00:1:40::/64""",1
2026-07-28 12:36:00,ccf-aiops-南京,cr-1,cr,ipv6_route_exists,"prefix=""fd00:8:40::/64""",1
2026-07-28 12:36:00,ccf-aiops-南京,cr-1,cr,ipv6_route_exists,"prefix=""fd00:7:40::/64""",1
2026-07-28 12:36:00,ccf-aiops-南京,cr-1,cr,ipv6_route_exists,"prefix=""fd00:6:40::/64""",1
2026-07-28 12:36:00,ccf-aiops-南京,cr-1,cr,ipv6_route_exists,"prefix=""fd00:5:40::/64""",1
2026-07-28 12:36:00,ccf-aiops-南京,cr-1,cr,ipv6_route_exists,"prefix=""fd00:4:40::/64""",1
2026-07-28 12:36:00,ccf-aiops-南京,cr-1,cr,ipv6_route_nexthop_info,"prefix=""fd00:8:40::/64"",next_hop=""fe80::7:20:1"",dev=""ens4"",protocol=""ospf"",metric=""20"",route_index=""0"",nh_index=""0""",1
2026-07-28 12:36:00,ccf-aiops-南京,cr-1,cr,ipv6_route_nexthop_info,"prefix=""fd00:6:40::/64"",next_hop=""fe80::7:20:1"",dev=""ens4"",protocol=""ospf"",metric=""20"",route_index=""0"",nh_index=""0""",1
2026-07-28 12:36:00,ccf-aiops-南京,cr-1,cr,ipv6_route_nexthop_info,"prefix=""fd00:5:40::/64"",next_hop=""fe80::7:20:1"",dev=""ens4"",protocol=""ospf"",metric=""20"",route_index=""0"",nh_index=""0""",1
2026-07-28 12:36:00,ccf-aiops-南京,cr-1,cr,ipv6_route_nexthop_info,"prefix=""fd00:4:40::/64"",next_hop=""fe80::7:20:1"",dev=""ens4"",protocol=""ospf"",metric=""20"",route_index=""0"",nh_index=""0""",1
2026-07-28 12:36:00,ccf-aiops-南京,cr-1,cr,ipv6_route_nexthop_info,"prefix=""fd00:2:40::/64"",next_hop=""fe80::7:20:1"",dev=""ens4"",protocol=""ospf"",metric=""20"",route_index=""0"",nh_index=""0""",1
2026-07-28 12:36:00,ccf-aiops-南京,cr-1,cr,ipv6_route_nexthop_info,"prefix=""fd00:1:40::/64"",next_hop=""fe80::7:20:1"",dev=""ens4"",protocol=""ospf"",metric=""20"",route_index=""0"",nh_index=""0""",1
2026-07-28 12:36:00,ccf-aiops-南京,cr-1,cr,ipv6_route_nexthop_info,"prefix=""::/0"",next_hop=""fd00:7:20::2"",dev=""ens4"",protocol=""196"",metric=""20"",route_index=""0"",nh_index=""1""",1
2026-07-28 12:36:00,ccf-aiops-南京,cr-1,cr,ipv6_route_nexthop_info,"prefix=""::/0"",next_hop=""fd00:7:20::1"",dev=""ens4"",protocol=""196"",metric=""20"",route_index=""0"",nh_index=""0""",1
2026-07-28 12:36:00,ccf-aiops-南京,cr-1,cr,ipv6_route_nexthop_info,"prefix=""fd00:3:40::/64"",next_hop=""fe80::7:20:1"",dev=""ens4"",protocol=""ospf"",metric=""20"",route_index=""0"",nh_index=""0""",1
2026-07-28 12:36:00,ccf-aiops-南京,cr-1,cr,ipv6_route_nexthop_info,"prefix=""fd00:1:40::/64"",next_hop=""fe80::7:20:2"",dev=""ens4"",protocol=""ospf"",metric=""20"",route_index=""0"",nh_index=""1""",1
2026-07-28 12:36:00,ccf-aiops-南京,cr-1,cr,ipv6_route_nexthop_info,"prefix=""fd00:2:40::/64"",next_hop=""fe80::7:20:2"",dev=""ens4"",protocol=""ospf"",metric=""20"",route_index=""0"",nh_index=""1""",1
2026-07-28 12:36:00,ccf-aiops-南京,cr-1,cr,ipv6_route_nexthop_info,"prefix=""fd00:3:40::/64"",next_hop=""fe80::7:20:2"",dev=""ens4"",protocol=""ospf"",metric=""20"",route_index=""0"",nh_index=""1""",1
2026-07-28 12:36:00,ccf-aiops-南京,cr-1,cr,ipv6_route_nexthop_info,"prefix=""fd00:4:40::/64"",next_hop=""fe80::7:20:2"",dev=""ens4"",protocol=""ospf"",metric=""20"",route_index=""0"",nh_index=""1""",1
2026-07-28 12:36:00,ccf-aiops-南京,cr-1,cr,ipv6_route_nexthop_info,"prefix=""fd00:5:40::/64"",next_hop=""fe80::7:20:2"",dev=""ens4"",protocol=""ospf"",metric=""20"",route_index=""0"",nh_index=""1""",1
2026-07-28 12:36:00,ccf-aiops-南京,cr-1,cr,ipv6_route_nexthop_info,"prefix=""fd00:6:40::/64"",next_hop=""fe80::7:20:2"",dev=""ens4"",protocol=""ospf"",metric=""20"",route_index=""0"",nh_index=""1""",1
2026-07-28 12:36:00,ccf-aiops-南京,cr-1,cr,ipv6_route_nexthop_info,"prefix=""fd00:8:40::/64"",next_hop=""fe80::7:20:2"",dev=""ens4"",protocol=""ospf"",metric=""20"",route_index=""0"",nh_index=""1""",1
2026-07-28 12:36:00,ccf-aiops-南京,cr-1,cr,ipv6_route_nexthop_info,"prefix=""fd00:7:40::/64"",next_hop=""fd00:7:30::254"",dev=""ens5"",protocol=""196"",metric=""20"",route_index=""0"",nh_index=""0""",1
2026-07-28 12:36:00,ccf-aiops-南京,cr-1,cr,ospf6_interface_cost,"interface=""ens5""",1
2026-07-28 12:36:00,ccf-aiops-南京,cr-1,cr,ospf6_interface_cost,"interface=""ens4""",1
2026-07-28 12:36:00,ccf-aiops-南京,cr-1,cr,ospf6_interface_enabled,"interface=""vxlan100""",1
2026-07-28 12:36:00,ccf-aiops-南京,cr-1,cr,ospf6_interface_enabled,"interface=""virbr0""",0
2026-07-28 12:36:00,ccf-aiops-南京,cr-1,cr,ospf6_interface_enabled,"interface=""lo""",1
2026-07-28 12:36:00,ccf-aiops-南京,cr-1,cr,ospf6_interface_enabled,"interface=""ens8""",1
2026-07-28 12:36:00,ccf-aiops-南京,cr-1,cr,ospf6_interface_enabled,"interface=""ens7""",1
2026-07-28 12:36:00,ccf-aiops-南京,cr-1,cr,ospf6_interface_enabled,"interface=""ens6""",1
2026-07-28 12:36:00,ccf-aiops-南京,cr-1,cr,ospf6_interface_enabled,"interface=""ens10""",1
2026-07-28 12:36:00,ccf-aiops-南京,cr-1,cr,ospf6_interface_enabled,"interface=""ens11""",1
2026-07-28 12:36:00,ccf-aiops-南京,cr-1,cr,ospf6_interface_enabled,"interface=""ens12""",1
2026-07-28 12:36:00,ccf-aiops-南京,cr-1,cr,ospf6_interface_enabled,"interface=""ens3""",1
2026-07-28 12:36:00,ccf-aiops-南京,cr-1,cr,ospf6_interface_enabled,"interface=""ens4""",1
2026-07-28 12:36:00,ccf-aiops-南京,cr-1,cr,ospf6_interface_enabled,"interface=""ens5""",1
2026-07-28 12:36:00,ccf-aiops-南京,cr-1,cr,ospf6_interface_enabled,"interface=""ens9""",1
2026-07-28 12:36:00,ccf-aiops-南京,cr-1,cr,ospf6_neighbor_state_code,"state=""Full"",interface=""ens5"",neighbor_id=""7.7.7.12""",6
2026-07-28 12:36:00,ccf-aiops-南京,cr-1,cr,ospf6_neighbor_state_code,"state=""Full"",interface=""ens4"",neighbor_id=""7.7.7.2""",6
2026-07-28 12:36:00,ccf-aiops-南京,cr-1,cr,ospf6_neighbor_state_code,"state=""Full"",interface=""ens4"",neighbor_id=""7.7.7.12""",6
2026-07-28 12:36:00,ccf-aiops-南京,cr-1,cr,ospf6_neighbor_state_code,"state=""Twoway"",interface=""ens4"",neighbor_id=""7.7.7.1""",2
2026-07-28 12:36:00,ccf-aiops-南京,cr-1,cr,bgp_command_success,,
2026-07-28 12:36:00,ccf-aiops-南京,cr-1,cr,bgp_peer_up,,
2026-07-28 12:36:00,ccf-aiops-南京,cr-1,cr,bgp_peer_uptime_seconds,,
2026-07-28 12:36:00,ccf-aiops-南京,cr-1,cr,bgp_peer_prefix_received,,
2026-07-28 12:36:00,ccf-aiops-南京,cr-1,cr,bgp_peer_prefix_sent,,
2026-07-28 12:36:00,ccf-aiops-南京,cr-1,cr,bgp_peer_count,,
2026-07-28 12:36:00,ccf-aiops-南京,cr-2,cr,ipv6_default_route_changed_total,,0
2026-07-28 12:36:00,ccf-aiops-南京,cr-2,cr,ipv6_default_route_info,"next_hop=""fd00:7:20::2"",dev=""ens4"",protocol=""196"",metric=""20"",route_index=""0"",nh_index=""1""",1
2026-07-28 12:36:00,ccf-aiops-南京,cr-2,cr,ipv6_default_route_info,"next_hop=""fd00:7:20::1"",dev=""ens4"",protocol=""196"",metric=""20"",route_index=""0"",nh_index=""0""",1
2026-07-28 12:36:00,ccf-aiops-南京,cr-2,cr,ipv6_route_change_total,"prefix=""fd00:1:40::/64""",3
2026-07-28 12:36:00,ccf-aiops-南京,cr-2,cr,ipv6_route_change_total,"prefix=""fd00:8:40::/64""",3
2026-07-28 12:36:00,ccf-aiops-南京,cr-2,cr,ipv6_route_change_total,"prefix=""fd00:7:40::/64""",0
2026-07-28 12:36:00,ccf-aiops-南京,cr-2,cr,ipv6_route_change_total,"prefix=""fd00:5:40::/64""",3
2026-07-28 12:36:00,ccf-aiops-南京,cr-2,cr,ipv6_route_change_total,"prefix=""::/0""",0
2026-07-28 12:36:00,ccf-aiops-南京,cr-2,cr,ipv6_route_change_total,"prefix=""fd00:2:40::/64""",3
2026-07-28 12:36:00,ccf-aiops-南京,cr-2,cr,ipv6_route_change_total,"prefix=""fd00:3:40::/64""",3
2026-07-28 12:36:00,ccf-aiops-南京,cr-2,cr,ipv6_route_change_total,"prefix=""fd00:4:40::/64""",3
2026-07-28 12:36:00,ccf-aiops-南京,cr-2,cr,ipv6_route_change_total,"prefix=""fd00:6:40::/64""",3
2026-07-28 12:36:00,ccf-aiops-南京,cr-2,cr,ipv6_route_count,"protocol=""ospf""",7
2026-07-28 12:36:00,ccf-aiops-南京,cr-2,cr,ipv6_route_count,"protocol=""196""",2
2026-07-28 12:36:00,ccf-aiops-南京,cr-2,cr,ipv6_route_count,"protocol=""all""",15
2026-07-28 12:36:00,ccf-aiops-南京,cr-2,cr,ipv6_route_count,"protocol=""kernel""",6
2026-07-28 12:36:00,ccf-aiops-南京,cr-2,cr,ipv6_route_exists,"prefix=""fd00:8:40::/64""",1
2026-07-28 12:36:00,ccf-aiops-南京,cr-2,cr,ipv6_route_exists,"prefix=""::/0""",1
2026-07-28 12:36:00,ccf-aiops-南京,cr-2,cr,ipv6_route_exists,"prefix=""fd00:1:40::/64""",1
2026-07-28 12:36:00,ccf-aiops-南京,cr-2,cr,ipv6_route_exists,"prefix=""fd00:2:40::/64""",1
2026-07-28 12:36:00,ccf-aiops-南京,cr-2,cr,ipv6_route_exists,"prefix=""fd00:3:40::/64""",1
2026-07-28 12:36:00,ccf-aiops-南京,cr-2,cr,ipv6_route_exists,"prefix=""fd00:4:40::/64""",1
2026-07-28 12:36:00,ccf-aiops-南京,cr-2,cr,ipv6_route_exists,"prefix=""fd00:5:40::/64""",1
2026-07-28 12:36:00,ccf-aiops-南京,cr-2,cr,ipv6_route_exists,"prefix=""fd00:7:40::/64""",1
2026-07-28 12:36:00,ccf-aiops-南京,cr-2,cr,ipv6_route_exists,"prefix=""fd00:6:40::/64""",1
2026-07-28 12:36:00,ccf-aiops-南京,cr-2,cr,ipv6_route_nexthop_info,"prefix=""fd00:4:40::/64"",next_hop=""fe80::7:20:1"",dev=""ens4"",protocol=""ospf"",metric=""20"",route_index=""0"",nh_index=""1""",1
2026-07-28 12:36:00,ccf-aiops-南京,cr-2,cr,ipv6_route_nexthop_info,"prefix=""::/0"",next_hop=""fd00:7:20::1"",dev=""ens4"",protocol=""196"",metric=""20"",route_index=""0"",nh_index=""0""",1
2026-07-28 12:36:00,ccf-aiops-南京,cr-2,cr,ipv6_route_nexthop_info,"prefix=""::/0"",next_hop=""fd00:7:20::2"",dev=""ens4"",protocol=""196"",metric=""20"",route_index=""0"",nh_index=""1""",1
2026-07-28 12:36:00,ccf-aiops-南京,cr-2,cr,ipv6_route_nexthop_info,"prefix=""fd00:1:40::/64"",next_hop=""fe80::7:20:1"",dev=""ens4"",protocol=""ospf"",metric=""20"",route_index=""0"",nh_index=""1""",1
2026-07-28 12:36:00,ccf-aiops-南京,cr-2,cr,ipv6_route_nexthop_info,"prefix=""fd00:2:40::/64"",next_hop=""fe80::7:20:1"",dev=""ens4"",protocol=""ospf"",metric=""20"",route_index=""0"",nh_index=""1""",1
2026-07-28 12:36:00,ccf-aiops-南京,cr-2,cr,ipv6_route_nexthop_info,"prefix=""fd00:7:40::/64"",next_hop=""fd00:7:30::254"",dev=""ens5"",protocol=""196"",metric=""20"",route_index=""0"",nh_index=""0""",1
2026-07-28 12:36:00,ccf-aiops-南京,cr-2,cr,ipv6_route_nexthop_info,"prefix=""fd00:3:40::/64"",next_hop=""fe80::7:20:1"",dev=""ens4"",protocol=""ospf"",metric=""20"",route_index=""0"",nh_index=""1""",1
2026-07-28 12:36:00,ccf-aiops-南京,cr-2,cr,ipv6_route_nexthop_info,"prefix=""fd00:1:40::/64"",next_hop=""fe80::7:20:2"",dev=""ens4"",protocol=""ospf"",metric=""20"",route_index=""0"",nh_index=""0""",1
2026-07-28 12:36:00,ccf-aiops-南京,cr-2,cr,ipv6_route_nexthop_info,"prefix=""fd00:5:40::/64"",next_hop=""fe80::7:20:1"",dev=""ens4"",protocol=""ospf"",metric=""20"",route_index=""0"",nh_index=""1""",1
2026-07-28 12:36:00,ccf-aiops-南京,cr-2,cr,ipv6_route_nexthop_info,"prefix=""fd00:6:40::/64"",next_hop=""fe80::7:20:1"",dev=""ens4"",protocol=""ospf"",metric=""20"",route_index=""0"",nh_index=""1""",1
2026-07-28 12:36:00,ccf-aiops-南京,cr-2,cr,ipv6_route_nexthop_info,"prefix=""fd00:8:40::/64"",next_hop=""fe80::7:20:1"",dev=""ens4"",protocol=""ospf"",metric=""20"",route_index=""0"",nh_index=""1""",1
2026-07-28 12:36:00,ccf-aiops-南京,cr-2,cr,ipv6_route_nexthop_info,"prefix=""fd00:8:40::/64"",next_hop=""fe80::7:20:2"",dev=""ens4"",protocol=""ospf"",metric=""20"",route_index=""0"",nh_index=""0""",1
2026-07-28 12:36:00,ccf-aiops-南京,cr-2,cr,ipv6_route_nexthop_info,"prefix=""fd00:6:40::/64"",next_hop=""fe80::7:20:2"",dev=""ens4"",protocol=""ospf"",metric=""20"",route_index=""0"",nh_index=""0""",1
2026-07-28 12:36:00,ccf-aiops-南京,cr-2,cr,ipv6_route_nexthop_info,"prefix=""fd00:5:40::/64"",next_hop=""fe80::7:20:2"",dev=""ens4"",protocol=""ospf"",metric=""20"",route_index=""0"",nh_index=""0""",1
2026-07-28 12:36:00,ccf-aiops-南京,cr-2,cr,ipv6_route_nexthop_info,"prefix=""fd00:4:40::/64"",next_hop=""fe80::7:20:2"",dev=""ens4"",protocol=""ospf"",metric=""20"",route_index=""0"",nh_index=""0""",1
2026-07-28 12:36:00,ccf-aiops-南京,cr-2,cr,ipv6_route_nexthop_info,"prefix=""fd00:3:40::/64"",next_hop=""fe80::7:20:2"",dev=""ens4"",protocol=""ospf"",metric=""20"",route_index=""0"",nh_index=""0""",1
2026-07-28 12:36:00,ccf-aiops-南京,cr-2,cr,ipv6_route_nexthop_info,"prefix=""fd00:2:40::/64"",next_hop=""fe80::7:20:2"",dev=""ens4"",protocol=""ospf"",metric=""20"",route_index=""0"",nh_index=""0""",1
2026-07-28 12:36:00,ccf-aiops-南京,cr-2,cr,ospf6_interface_cost,"interface=""ens4""",1
2026-07-28 12:36:00,ccf-aiops-南京,cr-2,cr,ospf6_interface_cost,"interface=""ens5""",1
2026-07-28 12:36:00,ccf-aiops-南京,cr-2,cr,ospf6_interface_enabled,"interface=""virbr0""",0
2026-07-28 12:36:00,ccf-aiops-南京,cr-2,cr,ospf6_interface_enabled,"interface=""lo""",1
2026-07-28 12:36:00,ccf-aiops-南京,cr-2,cr,ospf6_interface_enabled,"interface=""ens9""",1
2026-07-28 12:36:00,ccf-aiops-南京,cr-2,cr,ospf6_interface_enabled,"interface=""ens8""",1
2026-07-28 12:36:00,ccf-aiops-南京,cr-2,cr,ospf6_interface_enabled,"interface=""ens7""",1
2026-07-28 12:36:00,ccf-aiops-南京,cr-2,cr,ospf6_interface_enabled,"interface=""ens6""",1
2026-07-28 12:36:00,ccf-aiops-南京,cr-2,cr,ospf6_interface_enabled,"interface=""ens5""",1
2026-07-28 12:36:00,ccf-aiops-南京,cr-2,cr,ospf6_interface_enabled,"interface=""ens4""",1
2026-07-28 12:36:00,ccf-aiops-南京,cr-2,cr,ospf6_interface_enabled,"interface=""ens3""",1
2026-07-28 12:36:00,ccf-aiops-南京,cr-2,cr,ospf6_interface_enabled,"interface=""ens12""",1
2026-07-28 12:36:00,ccf-aiops-南京,cr-2,cr,ospf6_interface_enabled,"interface=""ens11""",1
2026-07-28 12:36:00,ccf-aiops-南京,cr-2,cr,ospf6_interface_enabled,"interface=""ens10""",1
2026-07-28 12:36:00,ccf-aiops-南京,cr-2,cr,ospf6_neighbor_state_code,"state=""Full"",interface=""ens4"",neighbor_id=""7.7.7.1""",6
2026-07-28 12:36:00,ccf-aiops-南京,cr-2,cr,ospf6_neighbor_state_code,"state=""Full"",interface=""ens4"",neighbor_id=""7.7.7.11""",6
2026-07-28 12:36:00,ccf-aiops-南京,cr-2,cr,ospf6_neighbor_state_code,"state=""Full"",interface=""ens4"",neighbor_id=""7.7.7.2""",6
2026-07-28 12:36:00,ccf-aiops-南京,cr-2,cr,ospf6_neighbor_state_code,"state=""Full"",interface=""ens5"",neighbor_id=""7.7.7.11""",6
2026-07-28 12:36:00,ccf-aiops-南京,cr-2,cr,bgp_command_success,,
2026-07-28 12:36:00,ccf-aiops-南京,cr-2,cr,bgp_peer_up,,
2026-07-28 12:36:00,ccf-aiops-南京,cr-2,cr,bgp_peer_uptime_seconds,,
2026-07-28 12:36:00,ccf-aiops-南京,cr-2,cr,bgp_peer_prefix_received,,
2026-07-28 12:36:00,ccf-aiops-南京,cr-2,cr,bgp_peer_prefix_sent,,
2026-07-28 12:36:00,ccf-aiops-南京,cr-2,cr,bgp_peer_count,,
2026-07-28 12:37:00,ccf-aiops-南京,br-1,br,bgp_command_success,"command=""bgp_summary""",1
2026-07-28 12:37:00,ccf-aiops-南京,br-1,br,bgp_peer_count,,2
2026-07-28 12:37:00,ccf-aiops-南京,br-1,br,bgp_peer_prefix_received,"peer=""fd00:100:10::41"",remote_as=""65005"",state=""Established""",7
2026-07-28 12:37:00,ccf-aiops-南京,br-1,br,bgp_peer_prefix_received,"peer=""fd00:100:10::51"",remote_as=""65006"",state=""Established""",7
2026-07-28 12:37:00,ccf-aiops-南京,br-1,br,bgp_peer_prefix_sent,"peer=""fd00:100:10::41"",remote_as=""65005"",state=""Established""",8
2026-07-28 12:37:00,ccf-aiops-南京,br-1,br,bgp_peer_prefix_sent,"peer=""fd00:100:10::51"",remote_as=""65006"",state=""Established""",8
2026-07-28 12:37:00,ccf-aiops-南京,br-1,br,bgp_peer_up,"peer=""fd00:100:10::51"",remote_as=""65006"",state=""Established""",1
2026-07-28 12:37:00,ccf-aiops-南京,br-1,br,bgp_peer_up,"peer=""fd00:100:10::41"",remote_as=""65005"",state=""Established""",1
2026-07-28 12:37:00,ccf-aiops-南京,br-1,br,bgp_peer_uptime_seconds,"peer=""fd00:100:10::51"",remote_as=""65006"",state=""Established""",2412776
2026-07-28 12:37:00,ccf-aiops-南京,br-1,br,bgp_peer_uptime_seconds,"peer=""fd00:100:10::41"",remote_as=""65005"",state=""Established""",2412776
2026-07-28 12:37:00,ccf-aiops-南京,br-1,br,ipv6_default_route_changed_total,,0
2026-07-28 12:37:00,ccf-aiops-南京,br-1,br,ipv6_default_route_info,"next_hop=""240a:a023::1"",dev=""ens4"",protocol=""unknown"",metric=""1024"",route_index=""0"",nh_index=""0""",1
2026-07-28 12:37:00,ccf-aiops-南京,br-1,br,ipv6_route_change_total,"prefix=""fd00:4:40::/64""",0
2026-07-28 12:37:00,ccf-aiops-南京,br-1,br,ipv6_route_change_total,"prefix=""fd00:5:40::/64""",0
2026-07-28 12:37:00,ccf-aiops-南京,br-1,br,ipv6_route_change_total,"prefix=""fd00:6:40::/64""",0
2026-07-28 12:37:00,ccf-aiops-南京,br-1,br,ipv6_route_change_total,"prefix=""fd00:3:40::/64""",0
2026-07-28 12:37:00,ccf-aiops-南京,br-1,br,ipv6_route_change_total,"prefix=""fd00:2:40::/64""",5
2026-07-28 12:37:00,ccf-aiops-南京,br-1,br,ipv6_route_change_total,"prefix=""fd00:7:40::/64""",8
2026-07-28 12:37:00,ccf-aiops-南京,br-1,br,ipv6_route_change_total,"prefix=""fd00:8:40::/64""",0
2026-07-28 12:37:00,ccf-aiops-南京,br-1,br,ipv6_route_change_total,"prefix=""::/0""",0
2026-07-28 12:37:00,ccf-aiops-南京,br-1,br,ipv6_route_change_total,"prefix=""fd00:1:40::/64""",0
2026-07-28 12:37:00,ccf-aiops-南京,br-1,br,ipv6_route_count,"protocol=""all""",17
2026-07-28 12:37:00,ccf-aiops-南京,br-1,br,ipv6_route_count,"protocol=""bgp""",7
2026-07-28 12:37:00,ccf-aiops-南京,br-1,br,ipv6_route_count,"protocol=""kernel""",7
2026-07-28 12:37:00,ccf-aiops-南京,br-1,br,ipv6_route_count,"protocol=""ospf""",2
2026-07-28 12:37:00,ccf-aiops-南京,br-1,br,ipv6_route_count,"protocol=""unknown""",1
2026-07-28 12:37:00,ccf-aiops-南京,br-1,br,ipv6_route_exists,"prefix=""fd00:4:40::/64""",1
2026-07-28 12:37:00,ccf-aiops-南京,br-1,br,ipv6_route_exists,"prefix=""fd00:8:40::/64""",1
2026-07-28 12:37:00,ccf-aiops-南京,br-1,br,ipv6_route_exists,"prefix=""fd00:7:40::/64""",1
2026-07-28 12:37:00,ccf-aiops-南京,br-1,br,ipv6_route_exists,"prefix=""fd00:6:40::/64""",1
2026-07-28 12:37:00,ccf-aiops-南京,br-1,br,ipv6_route_exists,"prefix=""fd00:5:40::/64""",1
2026-07-28 12:37:00,ccf-aiops-南京,br-1,br,ipv6_route_exists,"prefix=""fd00:3:40::/64""",1
2026-07-28 12:37:00,ccf-aiops-南京,br-1,br,ipv6_route_exists,"prefix=""fd00:2:40::/64""",1
2026-07-28 12:37:00,ccf-aiops-南京,br-1,br,ipv6_route_exists,"prefix=""fd00:1:40::/64""",1
2026-07-28 12:37:00,ccf-aiops-南京,br-1,br,ipv6_route_exists,"prefix=""::/0""",1
2026-07-28 12:37:00,ccf-aiops-南京,br-1,br,ipv6_route_nexthop_info,"prefix=""fd00:1:40::/64"",next_hop=""fe80::100:10:51"",dev=""ens4"",protocol=""bgp"",metric=""20"",route_index=""0"",nh_index=""0""",1
2026-07-28 12:37:00,ccf-aiops-南京,br-1,br,ipv6_route_nexthop_info,"prefix=""::/0"",next_hop=""240a:a023::1"",dev=""ens4"",protocol=""unknown"",metric=""1024"",route_index=""0"",nh_index=""0""",1
2026-07-28 12:37:00,ccf-aiops-南京,br-1,br,ipv6_route_nexthop_info,"prefix=""fd00:3:40::/64"",next_hop=""fe80::100:10:41"",dev=""ens4"",protocol=""bgp"",metric=""20"",route_index=""0"",nh_index=""0""",1
2026-07-28 12:37:00,ccf-aiops-南京,br-1,br,ipv6_route_nexthop_info,"prefix=""fd00:4:40::/64"",next_hop=""fe80::100:10:41"",dev=""ens4"",protocol=""bgp"",metric=""20"",route_index=""0"",nh_index=""0""",1
2026-07-28 12:37:00,ccf-aiops-南京,br-1,br,ipv6_route_nexthop_info,"prefix=""fd00:5:40::/64"",next_hop=""fe80::100:10:41"",dev=""ens4"",protocol=""bgp"",metric=""20"",route_index=""0"",nh_index=""0""",1
2026-07-28 12:37:00,ccf-aiops-南京,br-1,br,ipv6_route_nexthop_info,"prefix=""fd00:8:40::/64"",next_hop=""fe80::100:10:41"",dev=""ens4"",protocol=""bgp"",metric=""20"",route_index=""0"",nh_index=""0""",1
2026-07-28 12:37:00,ccf-aiops-南京,br-1,br,ipv6_route_nexthop_info,"prefix=""fd00:2:40::/64"",next_hop=""fe80::100:10:51"",dev=""ens4"",protocol=""bgp"",metric=""20"",route_index=""0"",nh_index=""0""",1
2026-07-28 12:37:00,ccf-aiops-南京,br-1,br,ipv6_route_nexthop_info,"prefix=""fd00:6:40::/64"",next_hop=""fe80::100:10:51"",dev=""ens4"",protocol=""bgp"",metric=""20"",route_index=""0"",nh_index=""0""",1
2026-07-28 12:37:00,ccf-aiops-南京,br-1,br,ipv6_route_nexthop_info,"prefix=""fd00:7:40::/64"",next_hop=""fe80::7:20:12"",dev=""ens5"",protocol=""ospf"",metric=""20"",route_index=""0"",nh_index=""0""",1
2026-07-28 12:37:00,ccf-aiops-南京,br-1,br,ipv6_route_nexthop_info,"prefix=""fd00:7:40::/64"",next_hop=""fe80::7:20:11"",dev=""ens5"",protocol=""ospf"",metric=""20"",route_index=""0"",nh_index=""1""",1
2026-07-28 12:37:00,ccf-aiops-南京,br-1,br,ospf6_interface_cost,"interface=""ens5""",1
2026-07-28 12:37:00,ccf-aiops-南京,br-1,br,ospf6_interface_enabled,"interface=""ens3""",1
2026-07-28 12:37:00,ccf-aiops-南京,br-1,br,ospf6_interface_enabled,"interface=""ens4""",1
2026-07-28 12:37:00,ccf-aiops-南京,br-1,br,ospf6_interface_enabled,"interface=""ens12""",1
2026-07-28 12:37:00,ccf-aiops-南京,br-1,br,ospf6_interface_enabled,"interface=""ens5""",1
2026-07-28 12:37:00,ccf-aiops-南京,br-1,br,ospf6_interface_enabled,"interface=""ens11""",1
2026-07-28 12:37:00,ccf-aiops-南京,br-1,br,ospf6_interface_enabled,"interface=""ens10""",1
2026-07-28 12:37:00,ccf-aiops-南京,br-1,br,ospf6_interface_enabled,"interface=""ens6""",1
2026-07-28 12:37:00,ccf-aiops-南京,br-1,br,ospf6_interface_enabled,"interface=""ens7""",1
2026-07-28 12:37:00,ccf-aiops-南京,br-1,br,ospf6_interface_enabled,"interface=""ens8""",1
2026-07-28 12:37:00,ccf-aiops-南京,br-1,br,ospf6_interface_enabled,"interface=""ens9""",1
2026-07-28 12:37:00,ccf-aiops-南京,br-1,br,ospf6_interface_enabled,"interface=""lo""",1
2026-07-28 12:37:00,ccf-aiops-南京,br-1,br,ospf6_interface_enabled,"interface=""virbr0""",0
2026-07-28 12:37:00,ccf-aiops-南京,br-1,br,ospf6_neighbor_state_code,"state=""Full"",interface=""ens5"",neighbor_id=""7.7.7.12""",6
2026-07-28 12:37:00,ccf-aiops-南京,br-1,br,ospf6_neighbor_state_code,"state=""Twoway"",interface=""ens5"",neighbor_id=""7.7.7.11""",2
2026-07-28 12:37:00,ccf-aiops-南京,br-1,br,ospf6_neighbor_state_code,"state=""Full"",interface=""ens5"",neighbor_id=""7.7.7.2""",6
2026-07-28 12:37:00,ccf-aiops-南京,br-2,br,bgp_command_success,"command=""bgp_summary""",1
2026-07-28 12:37:00,ccf-aiops-南京,br-2,br,bgp_peer_count,,2
2026-07-28 12:37:00,ccf-aiops-南京,br-2,br,bgp_peer_prefix_received,"peer=""fd00:100:10::52"",remote_as=""65006"",state=""Established""",7
2026-07-28 12:37:00,ccf-aiops-南京,br-2,br,bgp_peer_prefix_received,"peer=""fd00:100:10::42"",remote_as=""65005"",state=""Established""",7
2026-07-28 12:37:00,ccf-aiops-南京,br-2,br,bgp_peer_prefix_sent,"peer=""fd00:100:10::52"",remote_as=""65006"",state=""Established""",8
2026-07-28 12:37:00,ccf-aiops-南京,br-2,br,bgp_peer_prefix_sent,"peer=""fd00:100:10::42"",remote_as=""65005"",state=""Established""",8
2026-07-28 12:37:00,ccf-aiops-南京,br-2,br,bgp_peer_up,"peer=""fd00:100:10::52"",remote_as=""65006"",state=""Established""",1
2026-07-28 12:37:00,ccf-aiops-南京,br-2,br,bgp_peer_up,"peer=""fd00:100:10::42"",remote_as=""65005"",state=""Established""",1
2026-07-28 12:37:00,ccf-aiops-南京,br-2,br,bgp_peer_uptime_seconds,"peer=""fd00:100:10::42"",remote_as=""65005"",state=""Established""",2412744
2026-07-28 12:37:00,ccf-aiops-南京,br-2,br,bgp_peer_uptime_seconds,"peer=""fd00:100:10::52"",remote_as=""65006"",state=""Established""",2412744
2026-07-28 12:37:00,ccf-aiops-南京,br-2,br,ipv6_default_route_changed_total,,0
2026-07-28 12:37:00,ccf-aiops-南京,br-2,br,ipv6_default_route_info,"next_hop=""240a:a023::1"",dev=""ens4"",protocol=""unknown"",metric=""1024"",route_index=""0"",nh_index=""0""",1
2026-07-28 12:37:00,ccf-aiops-南京,br-2,br,ipv6_route_change_total,"prefix=""::/0""",0
2026-07-28 12:37:00,ccf-aiops-南京,br-2,br,ipv6_route_change_total,"prefix=""fd00:7:40::/64""",10
2026-07-28 12:37:00,ccf-aiops-南京,br-2,br,ipv6_route_change_total,"prefix=""fd00:6:40::/64""",0
2026-07-28 12:37:00,ccf-aiops-南京,br-2,br,ipv6_route_change_total,"prefix=""fd00:5:40::/64""",0
2026-07-28 12:37:00,ccf-aiops-南京,br-2,br,ipv6_route_change_total,"prefix=""fd00:4:40::/64""",0
2026-07-28 12:37:00,ccf-aiops-南京,br-2,br,ipv6_route_change_total,"prefix=""fd00:8:40::/64""",0
2026-07-28 12:37:00,ccf-aiops-南京,br-2,br,ipv6_route_change_total,"prefix=""fd00:3:40::/64""",0
2026-07-28 12:37:00,ccf-aiops-南京,br-2,br,ipv6_route_change_total,"prefix=""fd00:2:40::/64""",3
2026-07-28 12:37:00,ccf-aiops-南京,br-2,br,ipv6_route_change_total,"prefix=""fd00:1:40::/64""",0
2026-07-28 12:37:00,ccf-aiops-南京,br-2,br,ipv6_route_count,"protocol=""bgp""",7
2026-07-28 12:37:00,ccf-aiops-南京,br-2,br,ipv6_route_count,"protocol=""kernel""",7
2026-07-28 12:37:00,ccf-aiops-南京,br-2,br,ipv6_route_count,"protocol=""ospf""",2
2026-07-28 12:37:00,ccf-aiops-南京,br-2,br,ipv6_route_count,"protocol=""all""",17
2026-07-28 12:37:00,ccf-aiops-南京,br-2,br,ipv6_route_count,"protocol=""unknown""",1
2026-07-28 12:37:00,ccf-aiops-南京,br-2,br,ipv6_route_exists,"prefix=""fd00:1:40::/64""",1
2026-07-28 12:37:00,ccf-aiops-南京,br-2,br,ipv6_route_exists,"prefix=""fd00:8:40::/64""",1
2026-07-28 12:37:00,ccf-aiops-南京,br-2,br,ipv6_route_exists,"prefix=""fd00:7:40::/64""",1
2026-07-28 12:37:00,ccf-aiops-南京,br-2,br,ipv6_route_exists,"prefix=""fd00:6:40::/64""",1
2026-07-28 12:37:00,ccf-aiops-南京,br-2,br,ipv6_route_exists,"prefix=""fd00:5:40::/64""",1
2026-07-28 12:37:00,ccf-aiops-南京,br-2,br,ipv6_route_exists,"prefix=""fd00:4:40::/64""",1
2026-07-28 12:37:00,ccf-aiops-南京,br-2,br,ipv6_route_exists,"prefix=""fd00:3:40::/64""",1
2026-07-28 12:37:00,ccf-aiops-南京,br-2,br,ipv6_route_exists,"prefix=""fd00:2:40::/64""",1
2026-07-28 12:37:00,ccf-aiops-南京,br-2,br,ipv6_route_exists,"prefix=""::/0""",1
2026-07-28 12:37:00,ccf-aiops-南京,br-2,br,ipv6_route_nexthop_info,"prefix=""fd00:1:40::/64"",next_hop=""fe80::100:10:52"",dev=""ens4"",protocol=""bgp"",metric=""20"",route_index=""0"",nh_index=""0""",1
2026-07-28 12:37:00,ccf-aiops-南京,br-2,br,ipv6_route_nexthop_info,"prefix=""fd00:7:40::/64"",next_hop=""fe80::7:20:12"",dev=""ens5"",protocol=""ospf"",metric=""20"",route_index=""0"",nh_index=""0""",1
2026-07-28 12:37:00,ccf-aiops-南京,br-2,br,ipv6_route_nexthop_info,"prefix=""fd00:7:40::/64"",next_hop=""fe80::7:20:11"",dev=""ens5"",protocol=""ospf"",metric=""20"",route_index=""0"",nh_index=""1""",1
2026-07-28 12:37:00,ccf-aiops-南京,br-2,br,ipv6_route_nexthop_info,"prefix=""fd00:6:40::/64"",next_hop=""fe80::100:10:52"",dev=""ens4"",protocol=""bgp"",metric=""20"",route_index=""0"",nh_index=""0""",1
2026-07-28 12:37:00,ccf-aiops-南京,br-2,br,ipv6_route_nexthop_info,"prefix=""fd00:2:40::/64"",next_hop=""fe80::100:10:52"",dev=""ens4"",protocol=""bgp"",metric=""20"",route_index=""0"",nh_index=""0""",1
2026-07-28 12:37:00,ccf-aiops-南京,br-2,br,ipv6_route_nexthop_info,"prefix=""fd00:3:40::/64"",next_hop=""fe80::100:10:42"",dev=""ens4"",protocol=""bgp"",metric=""20"",route_index=""0"",nh_index=""0""",1
2026-07-28 12:37:00,ccf-aiops-南京,br-2,br,ipv6_route_nexthop_info,"prefix=""::/0"",next_hop=""240a:a023::1"",dev=""ens4"",protocol=""unknown"",metric=""1024"",route_index=""0"",nh_index=""0""",1
2026-07-28 12:37:00,ccf-aiops-南京,br-2,br,ipv6_route_nexthop_info,"prefix=""fd00:4:40::/64"",next_hop=""fe80::100:10:42"",dev=""ens4"",protocol=""bgp"",metric=""20"",route_index=""0"",nh_index=""0""",1
2026-07-28 12:37:00,ccf-aiops-南京,br-2,br,ipv6_route_nexthop_info,"prefix=""fd00:5:40::/64"",next_hop=""fe80::100:10:42"",dev=""ens4"",protocol=""bgp"",metric=""20"",route_index=""0"",nh_index=""0""",1
2026-07-28 12:37:00,ccf-aiops-南京,br-2,br,ipv6_route_nexthop_info,"prefix=""fd00:8:40::/64"",next_hop=""fe80::100:10:42"",dev=""ens4"",protocol=""bgp"",metric=""20"",route_index=""0"",nh_index=""0""",1
2026-07-28 12:37:00,ccf-aiops-南京,br-2,br,ospf6_interface_cost,"interface=""ens5""",1
2026-07-28 12:37:00,ccf-aiops-南京,br-2,br,ospf6_interface_enabled,"interface=""ens5""",1
2026-07-28 12:37:00,ccf-aiops-南京,br-2,br,ospf6_interface_enabled,"interface=""ens3""",1
2026-07-28 12:37:00,ccf-aiops-南京,br-2,br,ospf6_interface_enabled,"interface=""ens12""",1
2026-07-28 12:37:00,ccf-aiops-南京,br-2,br,ospf6_interface_enabled,"interface=""ens11""",1
2026-07-28 12:37:00,ccf-aiops-南京,br-2,br,ospf6_interface_enabled,"interface=""ens10""",1
2026-07-28 12:37:00,ccf-aiops-南京,br-2,br,ospf6_interface_enabled,"interface=""ens4""",1
2026-07-28 12:37:00,ccf-aiops-南京,br-2,br,ospf6_interface_enabled,"interface=""ens6""",1
2026-07-28 12:37:00,ccf-aiops-南京,br-2,br,ospf6_interface_enabled,"interface=""ens7""",1
2026-07-28 12:37:00,ccf-aiops-南京,br-2,br,ospf6_interface_enabled,"interface=""ens8""",1
2026-07-28 12:37:00,ccf-aiops-南京,br-2,br,ospf6_interface_enabled,"interface=""virbr0""",0
2026-07-28 12:37:00,ccf-aiops-南京,br-2,br,ospf6_interface_enabled,"interface=""lo""",1
2026-07-28 12:37:00,ccf-aiops-南京,br-2,br,ospf6_interface_enabled,"interface=""ens9""",1
2026-07-28 12:37:00,ccf-aiops-南京,br-2,br,ospf6_neighbor_state_code,"state=""Full"",interface=""ens5"",neighbor_id=""7.7.7.12""",6
2026-07-28 12:37:00,ccf-aiops-南京,br-2,br,ospf6_neighbor_state_code,"state=""Full"",interface=""ens5"",neighbor_id=""7.7.7.1""",6
2026-07-28 12:37:00,ccf-aiops-南京,br-2,br,ospf6_neighbor_state_code,"state=""Full"",interface=""ens5"",neighbor_id=""7.7.7.11""",6
2026-07-28 12:37:00,ccf-aiops-南京,cr-1,cr,ipv6_default_route_changed_total,,0
2026-07-28 12:37:00,ccf-aiops-南京,cr-1,cr,ipv6_default_route_info,"next_hop=""fd00:7:20::1"",dev=""ens4"",protocol=""196"",metric=""20"",route_index=""0"",nh_index=""0""",1
2026-07-28 12:37:00,ccf-aiops-南京,cr-1,cr,ipv6_default_route_info,"next_hop=""fd00:7:20::2"",dev=""ens4"",protocol=""196"",metric=""20"",route_index=""0"",nh_index=""1""",1
2026-07-28 12:37:00,ccf-aiops-南京,cr-1,cr,ipv6_route_change_total,"prefix=""fd00:6:40::/64""",5
2026-07-28 12:37:00,ccf-aiops-南京,cr-1,cr,ipv6_route_change_total,"prefix=""fd00:8:40::/64""",5
2026-07-28 12:37:00,ccf-aiops-南京,cr-1,cr,ipv6_route_change_total,"prefix=""fd00:7:40::/64""",0
2026-07-28 12:37:00,ccf-aiops-南京,cr-1,cr,ipv6_route_change_total,"prefix=""fd00:5:40::/64""",5
2026-07-28 12:37:00,ccf-aiops-南京,cr-1,cr,ipv6_route_change_total,"prefix=""fd00:4:40::/64""",5
2026-07-28 12:37:00,ccf-aiops-南京,cr-1,cr,ipv6_route_change_total,"prefix=""fd00:3:40::/64""",0
2026-07-28 12:37:00,ccf-aiops-南京,cr-1,cr,ipv6_route_change_total,"prefix=""fd00:2:40::/64""",0
2026-07-28 12:37:00,ccf-aiops-南京,cr-1,cr,ipv6_route_change_total,"prefix=""fd00:1:40::/64""",5
2026-07-28 12:37:00,ccf-aiops-南京,cr-1,cr,ipv6_route_change_total,"prefix=""::/0""",0
2026-07-28 12:37:00,ccf-aiops-南京,cr-1,cr,ipv6_route_count,"protocol=""all""",16
2026-07-28 12:37:00,ccf-aiops-南京,cr-1,cr,ipv6_route_count,"protocol=""kernel""",7
2026-07-28 12:37:00,ccf-aiops-南京,cr-1,cr,ipv6_route_count,"protocol=""ospf""",7
2026-07-28 12:37:00,ccf-aiops-南京,cr-1,cr,ipv6_route_count,"protocol=""196""",2
2026-07-28 12:37:00,ccf-aiops-南京,cr-1,cr,ipv6_route_exists,"prefix=""fd00:4:40::/64""",1
2026-07-28 12:37:00,ccf-aiops-南京,cr-1,cr,ipv6_route_exists,"prefix=""fd00:5:40::/64""",1
2026-07-28 12:37:00,ccf-aiops-南京,cr-1,cr,ipv6_route_exists,"prefix=""::/0""",1
2026-07-28 12:37:00,ccf-aiops-南京,cr-1,cr,ipv6_route_exists,"prefix=""fd00:1:40::/64""",1
2026-07-28 12:37:00,ccf-aiops-南京,cr-1,cr,ipv6_route_exists,"prefix=""fd00:2:40::/64""",1
2026-07-28 12:37:00,ccf-aiops-南京,cr-1,cr,ipv6_route_exists,"prefix=""fd00:3:40::/64""",1
2026-07-28 12:37:00,ccf-aiops-南京,cr-1,cr,ipv6_route_exists,"prefix=""fd00:8:40::/64""",1
2026-07-28 12:37:00,ccf-aiops-南京,cr-1,cr,ipv6_route_exists,"prefix=""fd00:7:40::/64""",1
2026-07-28 12:37:00,ccf-aiops-南京,cr-1,cr,ipv6_route_exists,"prefix=""fd00:6:40::/64""",1
2026-07-28 12:37:00,ccf-aiops-南京,cr-1,cr,ipv6_route_nexthop_info,"prefix=""fd00:7:40::/64"",next_hop=""fd00:7:30::254"",dev=""ens5"",protocol=""196"",metric=""20"",route_index=""0"",nh_index=""0""",1
2026-07-28 12:37:00,ccf-aiops-南京,cr-1,cr,ipv6_route_nexthop_info,"prefix=""fd00:2:40::/64"",next_hop=""fe80::7:20:2"",dev=""ens4"",protocol=""ospf"",metric=""20"",route_index=""0"",nh_index=""1""",1
2026-07-28 12:37:00,ccf-aiops-南京,cr-1,cr,ipv6_route_nexthop_info,"prefix=""fd00:8:40::/64"",next_hop=""fe80::7:20:2"",dev=""ens4"",protocol=""ospf"",metric=""20"",route_index=""0"",nh_index=""1""",1
2026-07-28 12:37:00,ccf-aiops-南京,cr-1,cr,ipv6_route_nexthop_info,"prefix=""fd00:5:40::/64"",next_hop=""fe80::7:20:2"",dev=""ens4"",protocol=""ospf"",metric=""20"",route_index=""0"",nh_index=""1""",1
2026-07-28 12:37:00,ccf-aiops-南京,cr-1,cr,ipv6_route_nexthop_info,"prefix=""fd00:6:40::/64"",next_hop=""fe80::7:20:2"",dev=""ens4"",protocol=""ospf"",metric=""20"",route_index=""0"",nh_index=""1""",1
2026-07-28 12:37:00,ccf-aiops-南京,cr-1,cr,ipv6_route_nexthop_info,"prefix=""::/0"",next_hop=""fd00:7:20::1"",dev=""ens4"",protocol=""196"",metric=""20"",route_index=""0"",nh_index=""0""",1
2026-07-28 12:37:00,ccf-aiops-南京,cr-1,cr,ipv6_route_nexthop_info,"prefix=""::/0"",next_hop=""fd00:7:20::2"",dev=""ens4"",protocol=""196"",metric=""20"",route_index=""0"",nh_index=""1""",1
2026-07-28 12:37:00,ccf-aiops-南京,cr-1,cr,ipv6_route_nexthop_info,"prefix=""fd00:1:40::/64"",next_hop=""fe80::7:20:1"",dev=""ens4"",protocol=""ospf"",metric=""20"",route_index=""0"",nh_index=""0""",1
2026-07-28 12:37:00,ccf-aiops-南京,cr-1,cr,ipv6_route_nexthop_info,"prefix=""fd00:2:40::/64"",next_hop=""fe80::7:20:1"",dev=""ens4"",protocol=""ospf"",metric=""20"",route_index=""0"",nh_index=""0""",1
2026-07-28 12:37:00,ccf-aiops-南京,cr-1,cr,ipv6_route_nexthop_info,"prefix=""fd00:3:40::/64"",next_hop=""fe80::7:20:1"",dev=""ens4"",protocol=""ospf"",metric=""20"",route_index=""0"",nh_index=""0""",1
2026-07-28 12:37:00,ccf-aiops-南京,cr-1,cr,ipv6_route_nexthop_info,"prefix=""fd00:4:40::/64"",next_hop=""fe80::7:20:1"",dev=""ens4"",protocol=""ospf"",metric=""20"",route_index=""0"",nh_index=""0""",1
2026-07-28 12:37:00,ccf-aiops-南京,cr-1,cr,ipv6_route_nexthop_info,"prefix=""fd00:5:40::/64"",next_hop=""fe80::7:20:1"",dev=""ens4"",protocol=""ospf"",metric=""20"",route_index=""0"",nh_index=""0""",1
2026-07-28 12:37:00,ccf-aiops-南京,cr-1,cr,ipv6_route_nexthop_info,"prefix=""fd00:6:40::/64"",next_hop=""fe80::7:20:1"",dev=""ens4"",protocol=""ospf"",metric=""20"",route_index=""0"",nh_index=""0""",1
2026-07-28 12:37:00,ccf-aiops-南京,cr-1,cr,ipv6_route_nexthop_info,"prefix=""fd00:8:40::/64"",next_hop=""fe80::7:20:1"",dev=""ens4"",protocol=""ospf"",metric=""20"",route_index=""0"",nh_index=""0""",1
2026-07-28 12:37:00,ccf-aiops-南京,cr-1,cr,ipv6_route_nexthop_info,"prefix=""fd00:1:40::/64"",next_hop=""fe80::7:20:2"",dev=""ens4"",protocol=""ospf"",metric=""20"",route_index=""0"",nh_index=""1""",1
2026-07-28 12:37:00,ccf-aiops-南京,cr-1,cr,ipv6_route_nexthop_info,"prefix=""fd00:3:40::/64"",next_hop=""fe80::7:20:2"",dev=""ens4"",protocol=""ospf"",metric=""20"",route_index=""0"",nh_index=""1""",1
2026-07-28 12:37:00,ccf-aiops-南京,cr-1,cr,ipv6_route_nexthop_info,"prefix=""fd00:4:40::/64"",next_hop=""fe80::7:20:2"",dev=""ens4"",protocol=""ospf"",metric=""20"",route_index=""0"",nh_index=""1""",1
2026-07-28 12:37:00,ccf-aiops-南京,cr-1,cr,ospf6_interface_cost,"interface=""ens5""",1
2026-07-28 12:37:00,ccf-aiops-南京,cr-1,cr,ospf6_interface_cost,"interface=""ens4""",1
2026-07-28 12:37:00,ccf-aiops-南京,cr-1,cr,ospf6_interface_enabled,"interface=""ens7""",1
2026-07-28 12:37:00,ccf-aiops-南京,cr-1,cr,ospf6_interface_enabled,"interface=""ens8""",1
2026-07-28 12:37:00,ccf-aiops-南京,cr-1,cr,ospf6_interface_enabled,"interface=""ens6""",1
2026-07-28 12:37:00,ccf-aiops-南京,cr-1,cr,ospf6_interface_enabled,"interface=""ens5""",1
2026-07-28 12:37:00,ccf-aiops-南京,cr-1,cr,ospf6_interface_enabled,"interface=""ens9""",1
2026-07-28 12:37:00,ccf-aiops-南京,cr-1,cr,ospf6_interface_enabled,"interface=""ens4""",1
2026-07-28 12:37:00,ccf-aiops-南京,cr-1,cr,ospf6_interface_enabled,"interface=""ens3""",1
2026-07-28 12:37:00,ccf-aiops-南京,cr-1,cr,ospf6_interface_enabled,"interface=""ens12""",1
2026-07-28 12:37:00,ccf-aiops-南京,cr-1,cr,ospf6_interface_enabled,"interface=""virbr0""",0
2026-07-28 12:37:00,ccf-aiops-南京,cr-1,cr,ospf6_interface_enabled,"interface=""vxlan100""",1
2026-07-28 12:37:00,ccf-aiops-南京,cr-1,cr,ospf6_interface_enabled,"interface=""lo""",1
2026-07-28 12:37:00,ccf-aiops-南京,cr-1,cr,ospf6_interface_enabled,"interface=""ens10""",1
2026-07-28 12:37:00,ccf-aiops-南京,cr-1,cr,ospf6_interface_enabled,"interface=""ens11""",1
2026-07-28 12:37:00,ccf-aiops-南京,cr-1,cr,ospf6_neighbor_state_code,"state=""Twoway"",interface=""ens4"",neighbor_id=""7.7.7.1""",2
2026-07-28 12:37:00,ccf-aiops-南京,cr-1,cr,ospf6_neighbor_state_code,"state=""Full"",interface=""ens5"",neighbor_id=""7.7.7.12""",6
2026-07-28 12:37:00,ccf-aiops-南京,cr-1,cr,ospf6_neighbor_state_code,"state=""Full"",interface=""ens4"",neighbor_id=""7.7.7.12""",6
2026-07-28 12:37:00,ccf-aiops-南京,cr-1,cr,ospf6_neighbor_state_code,"state=""Full"",interface=""ens4"",neighbor_id=""7.7.7.2""",6
2026-07-28 12:37:00,ccf-aiops-南京,cr-1,cr,bgp_command_success,,
2026-07-28 12:37:00,ccf-aiops-南京,cr-1,cr,bgp_peer_up,,
2026-07-28 12:37:00,ccf-aiops-南京,cr-1,cr,bgp_peer_uptime_seconds,,
2026-07-28 12:37:00,ccf-aiops-南京,cr-1,cr,bgp_peer_prefix_received,,
2026-07-28 12:37:00,ccf-aiops-南京,cr-1,cr,bgp_peer_prefix_sent,,
2026-07-28 12:37:00,ccf-aiops-南京,cr-1,cr,bgp_peer_count,,
2026-07-28 12:37:00,ccf-aiops-南京,cr-2,cr,ipv6_default_route_changed_total,,0
2026-07-28 12:37:00,ccf-aiops-南京,cr-2,cr,ipv6_default_route_info,"next_hop=""fd00:7:20::2"",dev=""ens4"",protocol=""196"",metric=""20"",route_index=""0"",nh_index=""1""",1
2026-07-28 12:37:00,ccf-aiops-南京,cr-2,cr,ipv6_default_route_info,"next_hop=""fd00:7:20::1"",dev=""ens4"",protocol=""196"",metric=""20"",route_index=""0"",nh_index=""0""",1
2026-07-28 12:37:00,ccf-aiops-南京,cr-2,cr,ipv6_route_change_total,"prefix=""fd00:5:40::/64""",3
2026-07-28 12:37:00,ccf-aiops-南京,cr-2,cr,ipv6_route_change_total,"prefix=""fd00:4:40::/64""",3
2026-07-28 12:37:00,ccf-aiops-南京,cr-2,cr,ipv6_route_change_total,"prefix=""fd00:6:40::/64""",3
2026-07-28 12:37:00,ccf-aiops-南京,cr-2,cr,ipv6_route_change_total,"prefix=""fd00:7:40::/64""",0
2026-07-28 12:37:00,ccf-aiops-南京,cr-2,cr,ipv6_route_change_total,"prefix=""fd00:8:40::/64""",3
2026-07-28 12:37:00,ccf-aiops-南京,cr-2,cr,ipv6_route_change_total,"prefix=""fd00:3:40::/64""",3
2026-07-28 12:37:00,ccf-aiops-南京,cr-2,cr,ipv6_route_change_total,"prefix=""fd00:2:40::/64""",3
2026-07-28 12:37:00,ccf-aiops-南京,cr-2,cr,ipv6_route_change_total,"prefix=""fd00:1:40::/64""",3
2026-07-28 12:37:00,ccf-aiops-南京,cr-2,cr,ipv6_route_change_total,"prefix=""::/0""",0
2026-07-28 12:37:00,ccf-aiops-南京,cr-2,cr,ipv6_route_count,"protocol=""196""",2
2026-07-28 12:37:00,ccf-aiops-南京,cr-2,cr,ipv6_route_count,"protocol=""all""",15
2026-07-28 12:37:00,ccf-aiops-南京,cr-2,cr,ipv6_route_count,"protocol=""kernel""",6
2026-07-28 12:37:00,ccf-aiops-南京,cr-2,cr,ipv6_route_count,"protocol=""ospf""",7
2026-07-28 12:37:00,ccf-aiops-南京,cr-2,cr,ipv6_route_exists,"prefix=""::/0""",1
2026-07-28 12:37:00,ccf-aiops-南京,cr-2,cr,ipv6_route_exists,"prefix=""fd00:1:40::/64""",1
2026-07-28 12:37:00,ccf-aiops-南京,cr-2,cr,ipv6_route_exists,"prefix=""fd00:2:40::/64""",1
2026-07-28 12:37:00,ccf-aiops-南京,cr-2,cr,ipv6_route_exists,"prefix=""fd00:3:40::/64""",1
2026-07-28 12:37:00,ccf-aiops-南京,cr-2,cr,ipv6_route_exists,"prefix=""fd00:4:40::/64""",1
2026-07-28 12:37:00,ccf-aiops-南京,cr-2,cr,ipv6_route_exists,"prefix=""fd00:5:40::/64""",1
2026-07-28 12:37:00,ccf-aiops-南京,cr-2,cr,ipv6_route_exists,"prefix=""fd00:6:40::/64""",1
2026-07-28 12:37:00,ccf-aiops-南京,cr-2,cr,ipv6_route_exists,"prefix=""fd00:7:40::/64""",1
2026-07-28 12:37:00,ccf-aiops-南京,cr-2,cr,ipv6_route_exists,"prefix=""fd00:8:40::/64""",1
2026-07-28 12:37:00,ccf-aiops-南京,cr-2,cr,ipv6_route_nexthop_info,"prefix=""fd00:3:40::/64"",next_hop=""fe80::7:20:2"",dev=""ens4"",protocol=""ospf"",metric=""20"",route_index=""0"",nh_index=""0""",1
2026-07-28 12:37:00,ccf-aiops-南京,cr-2,cr,ipv6_route_nexthop_info,"prefix=""fd00:4:40::/64"",next_hop=""fe80::7:20:2"",dev=""ens4"",protocol=""ospf"",metric=""20"",route_index=""0"",nh_index=""0""",1
2026-07-28 12:37:00,ccf-aiops-南京,cr-2,cr,ipv6_route_nexthop_info,"prefix=""fd00:5:40::/64"",next_hop=""fe80::7:20:2"",dev=""ens4"",protocol=""ospf"",metric=""20"",route_index=""0"",nh_index=""0""",1
2026-07-28 12:37:00,ccf-aiops-南京,cr-2,cr,ipv6_route_nexthop_info,"prefix=""fd00:6:40::/64"",next_hop=""fe80::7:20:2"",dev=""ens4"",protocol=""ospf"",metric=""20"",route_index=""0"",nh_index=""0""",1
2026-07-28 12:37:00,ccf-aiops-南京,cr-2,cr,ipv6_route_nexthop_info,"prefix=""fd00:8:40::/64"",next_hop=""fe80::7:20:2"",dev=""ens4"",protocol=""ospf"",metric=""20"",route_index=""0"",nh_index=""0""",1
2026-07-28 12:37:00,ccf-aiops-南京,cr-2,cr,ipv6_route_nexthop_info,"prefix=""fd00:7:40::/64"",next_hop=""fd00:7:30::254"",dev=""ens5"",protocol=""196"",metric=""20"",route_index=""0"",nh_index=""0""",1
2026-07-28 12:37:00,ccf-aiops-南京,cr-2,cr,ipv6_route_nexthop_info,"prefix=""fd00:1:40::/64"",next_hop=""fe80::7:20:2"",dev=""ens4"",protocol=""ospf"",metric=""20"",route_index=""0"",nh_index=""0""",1
2026-07-28 12:37:00,ccf-aiops-南京,cr-2,cr,ipv6_route_nexthop_info,"prefix=""::/0"",next_hop=""fd00:7:20::1"",dev=""ens4"",protocol=""196"",metric=""20"",route_index=""0"",nh_index=""0""",1
2026-07-28 12:37:00,ccf-aiops-南京,cr-2,cr,ipv6_route_nexthop_info,"prefix=""::/0"",next_hop=""fd00:7:20::2"",dev=""ens4"",protocol=""196"",metric=""20"",route_index=""0"",nh_index=""1""",1
2026-07-28 12:37:00,ccf-aiops-南京,cr-2,cr,ipv6_route_nexthop_info,"prefix=""fd00:1:40::/64"",next_hop=""fe80::7:20:1"",dev=""ens4"",protocol=""ospf"",metric=""20"",route_index=""0"",nh_index=""1""",1
2026-07-28 12:37:00,ccf-aiops-南京,cr-2,cr,ipv6_route_nexthop_info,"prefix=""fd00:2:40::/64"",next_hop=""fe80::7:20:1"",dev=""ens4"",protocol=""ospf"",metric=""20"",route_index=""0"",nh_index=""1""",1
2026-07-28 12:37:00,ccf-aiops-南京,cr-2,cr,ipv6_route_nexthop_info,"prefix=""fd00:3:40::/64"",next_hop=""fe80::7:20:1"",dev=""ens4"",protocol=""ospf"",metric=""20"",route_index=""0"",nh_index=""1""",1
2026-07-28 12:37:00,ccf-aiops-南京,cr-2,cr,ipv6_route_nexthop_info,"prefix=""fd00:4:40::/64"",next_hop=""fe80::7:20:1"",dev=""ens4"",protocol=""ospf"",metric=""20"",route_index=""0"",nh_index=""1""",1
2026-07-28 12:37:00,ccf-aiops-南京,cr-2,cr,ipv6_route_nexthop_info,"prefix=""fd00:5:40::/64"",next_hop=""fe80::7:20:1"",dev=""ens4"",protocol=""ospf"",metric=""20"",route_index=""0"",nh_index=""1""",1
2026-07-28 12:37:00,ccf-aiops-南京,cr-2,cr,ipv6_route_nexthop_info,"prefix=""fd00:6:40::/64"",next_hop=""fe80::7:20:1"",dev=""ens4"",protocol=""ospf"",metric=""20"",route_index=""0"",nh_index=""1""",1
2026-07-28 12:37:00,ccf-aiops-南京,cr-2,cr,ipv6_route_nexthop_info,"prefix=""fd00:8:40::/64"",next_hop=""fe80::7:20:1"",dev=""ens4"",protocol=""ospf"",metric=""20"",route_index=""0"",nh_index=""1""",1
2026-07-28 12:37:00,ccf-aiops-南京,cr-2,cr,ipv6_route_nexthop_info,"prefix=""fd00:2:40::/64"",next_hop=""fe80::7:20:2"",dev=""ens4"",protocol=""ospf"",metric=""20"",route_index=""0"",nh_index=""0""",1
2026-07-28 12:37:00,ccf-aiops-南京,cr-2,cr,ospf6_interface_cost,"interface=""ens4""",1
2026-07-28 12:37:00,ccf-aiops-南京,cr-2,cr,ospf6_interface_cost,"interface=""ens5""",1
2026-07-28 12:37:00,ccf-aiops-南京,cr-2,cr,ospf6_interface_enabled,"interface=""ens8""",1
2026-07-28 12:37:00,ccf-aiops-南京,cr-2,cr,ospf6_interface_enabled,"interface=""lo""",1
2026-07-28 12:37:00,ccf-aiops-南京,cr-2,cr,ospf6_interface_enabled,"interface=""virbr0""",0
2026-07-28 12:37:00,ccf-aiops-南京,cr-2,cr,ospf6_interface_enabled,"interface=""ens11""",1
2026-07-28 12:37:00,ccf-aiops-南京,cr-2,cr,ospf6_interface_enabled,"interface=""ens12""",1
2026-07-28 12:37:00,ccf-aiops-南京,cr-2,cr,ospf6_interface_enabled,"interface=""ens3""",1
2026-07-28 12:37:00,ccf-aiops-南京,cr-2,cr,ospf6_interface_enabled,"interface=""ens4""",1
2026-07-28 12:37:00,ccf-aiops-南京,cr-2,cr,ospf6_interface_enabled,"interface=""ens5""",1
2026-07-28 12:37:00,ccf-aiops-南京,cr-2,cr,ospf6_interface_enabled,"interface=""ens6""",1
2026-07-28 12:37:00,ccf-aiops-南京,cr-2,cr,ospf6_interface_enabled,"interface=""ens7""",1
2026-07-28 12:37:00,ccf-aiops-南京,cr-2,cr,ospf6_interface_enabled,"interface=""ens10""",1
2026-07-28 12:37:00,ccf-aiops-南京,cr-2,cr,ospf6_interface_enabled,"interface=""ens9""",1
2026-07-28 12:37:00,ccf-aiops-南京,cr-2,cr,ospf6_neighbor_state_code,"state=""Full"",interface=""ens4"",neighbor_id=""7.7.7.1""",6
2026-07-28 12:37:00,ccf-aiops-南京,cr-2,cr,ospf6_neighbor_state_code,"state=""Full"",interface=""ens4"",neighbor_id=""7.7.7.11""",6
2026-07-28 12:37:00,ccf-aiops-南京,cr-2,cr,ospf6_neighbor_state_code,"state=""Full"",interface=""ens4"",neighbor_id=""7.7.7.2""",6
2026-07-28 12:37:00,ccf-aiops-南京,cr-2,cr,ospf6_neighbor_state_code,"state=""Full"",interface=""ens5"",neighbor_id=""7.7.7.11""",6
2026-07-28 12:37:00,ccf-aiops-南京,cr-2,cr,bgp_command_success,,
2026-07-28 12:37:00,ccf-aiops-南京,cr-2,cr,bgp_peer_up,,
2026-07-28 12:37:00,ccf-aiops-南京,cr-2,cr,bgp_peer_uptime_seconds,,
2026-07-28 12:37:00,ccf-aiops-南京,cr-2,cr,bgp_peer_prefix_received,,
2026-07-28 12:37:00,ccf-aiops-南京,cr-2,cr,bgp_peer_prefix_sent,,
2026-07-28 12:37:00,ccf-aiops-南京,cr-2,cr,bgp_peer_count,,
2026-07-28 12:38:00,ccf-aiops-南京,br-1,br,bgp_command_success,"command=""bgp_summary""",1
2026-07-28 12:38:00,ccf-aiops-南京,br-1,br,bgp_peer_count,,2
2026-07-28 12:38:00,ccf-aiops-南京,br-1,br,bgp_peer_prefix_received,"peer=""fd00:100:10::51"",remote_as=""65006"",state=""Established""",7
2026-07-28 12:38:00,ccf-aiops-南京,br-1,br,bgp_peer_prefix_received,"peer=""fd00:100:10::41"",remote_as=""65005"",state=""Established""",7
2026-07-28 12:38:00,ccf-aiops-南京,br-1,br,bgp_peer_prefix_sent,"peer=""fd00:100:10::41"",remote_as=""65005"",state=""Established""",8
2026-07-28 12:38:00,ccf-aiops-南京,br-1,br,bgp_peer_prefix_sent,"peer=""fd00:100:10::51"",remote_as=""65006"",state=""Established""",8
2026-07-28 12:38:00,ccf-aiops-南京,br-1,br,bgp_peer_up,"peer=""fd00:100:10::41"",remote_as=""65005"",state=""Established""",1
2026-07-28 12:38:00,ccf-aiops-南京,br-1,br,bgp_peer_up,"peer=""fd00:100:10::51"",remote_as=""65006"",state=""Established""",1
2026-07-28 12:38:00,ccf-aiops-南京,br-1,br,bgp_peer_uptime_seconds,"peer=""fd00:100:10::41"",remote_as=""65005"",state=""Established""",2412837
2026-07-28 12:38:00,ccf-aiops-南京,br-1,br,bgp_peer_uptime_seconds,"peer=""fd00:100:10::51"",remote_as=""65006"",state=""Established""",2412837
2026-07-28 12:38:00,ccf-aiops-南京,br-1,br,ipv6_default_route_changed_total,,0
2026-07-28 12:38:00,ccf-aiops-南京,br-1,br,ipv6_default_route_info,"next_hop=""240a:a023::1"",dev=""ens4"",protocol=""unknown"",metric=""1024"",route_index=""0"",nh_index=""0""",1
2026-07-28 12:38:00,ccf-aiops-南京,br-1,br,ipv6_route_change_total,"prefix=""fd00:6:40::/64""",0
2026-07-28 12:38:00,ccf-aiops-南京,br-1,br,ipv6_route_change_total,"prefix=""::/0""",0
2026-07-28 12:38:00,ccf-aiops-南京,br-1,br,ipv6_route_change_total,"prefix=""fd00:1:40::/64""",0
2026-07-28 12:38:00,ccf-aiops-南京,br-1,br,ipv6_route_change_total,"prefix=""fd00:2:40::/64""",5
2026-07-28 12:38:00,ccf-aiops-南京,br-1,br,ipv6_route_change_total,"prefix=""fd00:3:40::/64""",0
2026-07-28 12:38:00,ccf-aiops-南京,br-1,br,ipv6_route_change_total,"prefix=""fd00:4:40::/64""",0
2026-07-28 12:38:00,ccf-aiops-南京,br-1,br,ipv6_route_change_total,"prefix=""fd00:5:40::/64""",0
2026-07-28 12:38:00,ccf-aiops-南京,br-1,br,ipv6_route_change_total,"prefix=""fd00:7:40::/64""",8
2026-07-28 12:38:00,ccf-aiops-南京,br-1,br,ipv6_route_change_total,"prefix=""fd00:8:40::/64""",0
2026-07-28 12:38:00,ccf-aiops-南京,br-1,br,ipv6_route_count,"protocol=""kernel""",7
2026-07-28 12:38:00,ccf-aiops-南京,br-1,br,ipv6_route_count,"protocol=""unknown""",1
2026-07-28 12:38:00,ccf-aiops-南京,br-1,br,ipv6_route_count,"protocol=""ospf""",2
2026-07-28 12:38:00,ccf-aiops-南京,br-1,br,ipv6_route_count,"protocol=""bgp""",7
2026-07-28 12:38:00,ccf-aiops-南京,br-1,br,ipv6_route_count,"protocol=""all""",17
2026-07-28 12:38:00,ccf-aiops-南京,br-1,br,ipv6_route_exists,"prefix=""fd00:3:40::/64""",1
2026-07-28 12:38:00,ccf-aiops-南京,br-1,br,ipv6_route_exists,"prefix=""fd00:2:40::/64""",1
2026-07-28 12:38:00,ccf-aiops-南京,br-1,br,ipv6_route_exists,"prefix=""fd00:1:40::/64""",1
2026-07-28 12:38:00,ccf-aiops-南京,br-1,br,ipv6_route_exists,"prefix=""fd00:5:40::/64""",1
2026-07-28 12:38:00,ccf-aiops-南京,br-1,br,ipv6_route_exists,"prefix=""fd00:6:40::/64""",1
2026-07-28 12:38:00,ccf-aiops-南京,br-1,br,ipv6_route_exists,"prefix=""fd00:7:40::/64""",1
2026-07-28 12:38:00,ccf-aiops-南京,br-1,br,ipv6_route_exists,"prefix=""fd00:8:40::/64""",1
2026-07-28 12:38:00,ccf-aiops-南京,br-1,br,ipv6_route_exists,"prefix=""fd00:4:40::/64""",1
2026-07-28 12:38:00,ccf-aiops-南京,br-1,br,ipv6_route_exists,"prefix=""::/0""",1
2026-07-28 12:38:00,ccf-aiops-南京,br-1,br,ipv6_route_nexthop_info,"prefix=""fd00:6:40::/64"",next_hop=""fe80::100:10:51"",dev=""ens4"",protocol=""bgp"",metric=""20"",route_index=""0"",nh_index=""0""",1
2026-07-28 12:38:00,ccf-aiops-南京,br-1,br,ipv6_route_nexthop_info,"prefix=""fd00:7:40::/64"",next_hop=""fe80::7:20:12"",dev=""ens5"",protocol=""ospf"",metric=""20"",route_index=""0"",nh_index=""0""",1
2026-07-28 12:38:00,ccf-aiops-南京,br-1,br,ipv6_route_nexthop_info,"prefix=""fd00:7:40::/64"",next_hop=""fe80::7:20:11"",dev=""ens5"",protocol=""ospf"",metric=""20"",route_index=""0"",nh_index=""1""",1
2026-07-28 12:38:00,ccf-aiops-南京,br-1,br,ipv6_route_nexthop_info,"prefix=""fd00:2:40::/64"",next_hop=""fe80::100:10:51"",dev=""ens4"",protocol=""bgp"",metric=""20"",route_index=""0"",nh_index=""0""",1
2026-07-28 12:38:00,ccf-aiops-南京,br-1,br,ipv6_route_nexthop_info,"prefix=""fd00:1:40::/64"",next_hop=""fe80::100:10:51"",dev=""ens4"",protocol=""bgp"",metric=""20"",route_index=""0"",nh_index=""0""",1
2026-07-28 12:38:00,ccf-aiops-南京,br-1,br,ipv6_route_nexthop_info,"prefix=""fd00:8:40::/64"",next_hop=""fe80::100:10:41"",dev=""ens4"",protocol=""bgp"",metric=""20"",route_index=""0"",nh_index=""0""",1
2026-07-28 12:38:00,ccf-aiops-南京,br-1,br,ipv6_route_nexthop_info,"prefix=""fd00:5:40::/64"",next_hop=""fe80::100:10:41"",dev=""ens4"",protocol=""bgp"",metric=""20"",route_index=""0"",nh_index=""0""",1
2026-07-28 12:38:00,ccf-aiops-南京,br-1,br,ipv6_route_nexthop_info,"prefix=""fd00:4:40::/64"",next_hop=""fe80::100:10:41"",dev=""ens4"",protocol=""bgp"",metric=""20"",route_index=""0"",nh_index=""0""",1
2026-07-28 12:38:00,ccf-aiops-南京,br-1,br,ipv6_route_nexthop_info,"prefix=""fd00:3:40::/64"",next_hop=""fe80::100:10:41"",dev=""ens4"",protocol=""bgp"",metric=""20"",route_index=""0"",nh_index=""0""",1
2026-07-28 12:38:00,ccf-aiops-南京,br-1,br,ipv6_route_nexthop_info,"prefix=""::/0"",next_hop=""240a:a023::1"",dev=""ens4"",protocol=""unknown"",metric=""1024"",route_index=""0"",nh_index=""0""",1
2026-07-28 12:38:00,ccf-aiops-南京,br-1,br,ospf6_interface_cost,"interface=""ens5""",1
2026-07-28 12:38:00,ccf-aiops-南京,br-1,br,ospf6_interface_enabled,"interface=""virbr0""",0
2026-07-28 12:38:00,ccf-aiops-南京,br-1,br,ospf6_interface_enabled,"interface=""ens10""",1
2026-07-28 12:38:00,ccf-aiops-南京,br-1,br,ospf6_interface_enabled,"interface=""ens11""",1
2026-07-28 12:38:00,ccf-aiops-南京,br-1,br,ospf6_interface_enabled,"interface=""ens12""",1
2026-07-28 12:38:00,ccf-aiops-南京,br-1,br,ospf6_interface_enabled,"interface=""ens3""",1
2026-07-28 12:38:00,ccf-aiops-南京,br-1,br,ospf6_interface_enabled,"interface=""ens4""",1
2026-07-28 12:38:00,ccf-aiops-南京,br-1,br,ospf6_interface_enabled,"interface=""ens5""",1
2026-07-28 12:38:00,ccf-aiops-南京,br-1,br,ospf6_interface_enabled,"interface=""ens6""",1
2026-07-28 12:38:00,ccf-aiops-南京,br-1,br,ospf6_interface_enabled,"interface=""ens7""",1
2026-07-28 12:38:00,ccf-aiops-南京,br-1,br,ospf6_interface_enabled,"interface=""ens8""",1
2026-07-28 12:38:00,ccf-aiops-南京,br-1,br,ospf6_interface_enabled,"interface=""ens9""",1
2026-07-28 12:38:00,ccf-aiops-南京,br-1,br,ospf6_interface_enabled,"interface=""lo""",1
2026-07-28 12:38:00,ccf-aiops-南京,br-1,br,ospf6_neighbor_state_code,"state=""Full"",interface=""ens5"",neighbor_id=""7.7.7.2""",6
2026-07-28 12:38:00,ccf-aiops-南京,br-1,br,ospf6_neighbor_state_code,"state=""Twoway"",interface=""ens5"",neighbor_id=""7.7.7.11""",2
2026-07-28 12:38:00,ccf-aiops-南京,br-1,br,ospf6_neighbor_state_code,"state=""Full"",interface=""ens5"",neighbor_id=""7.7.7.12""",6
2026-07-28 12:38:00,ccf-aiops-南京,br-2,br,bgp_command_success,"command=""bgp_summary""",1
2026-07-28 12:38:00,ccf-aiops-南京,br-2,br,bgp_peer_count,,2
2026-07-28 12:38:00,ccf-aiops-南京,br-2,br,bgp_peer_prefix_received,"peer=""fd00:100:10::42"",remote_as=""65005"",state=""Established""",7
2026-07-28 12:38:00,ccf-aiops-南京,br-2,br,bgp_peer_prefix_received,"peer=""fd00:100:10::52"",remote_as=""65006"",state=""Established""",7
2026-07-28 12:38:00,ccf-aiops-南京,br-2,br,bgp_peer_prefix_sent,"peer=""fd00:100:10::42"",remote_as=""65005"",state=""Established""",8
2026-07-28 12:38:00,ccf-aiops-南京,br-2,br,bgp_peer_prefix_sent,"peer=""fd00:100:10::52"",remote_as=""65006"",state=""Established""",8
2026-07-28 12:38:00,ccf-aiops-南京,br-2,br,bgp_peer_up,"peer=""fd00:100:10::42"",remote_as=""65005"",state=""Established""",1
2026-07-28 12:38:00,ccf-aiops-南京,br-2,br,bgp_peer_up,"peer=""fd00:100:10::52"",remote_as=""65006"",state=""Established""",1
2026-07-28 12:38:00,ccf-aiops-南京,br-2,br,bgp_peer_uptime_seconds,"peer=""fd00:100:10::42"",remote_as=""65005"",state=""Established""",2412805
2026-07-28 12:38:00,ccf-aiops-南京,br-2,br,bgp_peer_uptime_seconds,"peer=""fd00:100:10::52"",remote_as=""65006"",state=""Established""",2412805
2026-07-28 12:38:00,ccf-aiops-南京,br-2,br,ipv6_default_route_changed_total,,0
2026-07-28 12:38:00,ccf-aiops-南京,br-2,br,ipv6_default_route_info,"next_hop=""240a:a023::1"",dev=""ens4"",protocol=""unknown"",metric=""1024"",route_index=""0"",nh_index=""0""",1
2026-07-28 12:38:00,ccf-aiops-南京,br-2,br,ipv6_route_change_total,"prefix=""fd00:7:40::/64""",10
2026-07-28 12:38:00,ccf-aiops-南京,br-2,br,ipv6_route_change_total,"prefix=""fd00:6:40::/64""",0
2026-07-28 12:38:00,ccf-aiops-南京,br-2,br,ipv6_route_change_total,"prefix=""::/0""",0
2026-07-28 12:38:00,ccf-aiops-南京,br-2,br,ipv6_route_change_total,"prefix=""fd00:1:40::/64""",0
2026-07-28 12:38:00,ccf-aiops-南京,br-2,br,ipv6_route_change_total,"prefix=""fd00:8:40::/64""",0
2026-07-28 12:38:00,ccf-aiops-南京,br-2,br,ipv6_route_change_total,"prefix=""fd00:2:40::/64""",3
2026-07-28 12:38:00,ccf-aiops-南京,br-2,br,ipv6_route_change_total,"prefix=""fd00:3:40::/64""",0
2026-07-28 12:38:00,ccf-aiops-南京,br-2,br,ipv6_route_change_total,"prefix=""fd00:4:40::/64""",0
2026-07-28 12:38:00,ccf-aiops-南京,br-2,br,ipv6_route_change_total,"prefix=""fd00:5:40::/64""",0
2026-07-28 12:38:00,ccf-aiops-南京,br-2,br,ipv6_route_count,"protocol=""bgp""",7
2026-07-28 12:38:00,ccf-aiops-南京,br-2,br,ipv6_route_count,"protocol=""kernel""",7
2026-07-28 12:38:00,ccf-aiops-南京,br-2,br,ipv6_route_count,"protocol=""ospf""",2
2026-07-28 12:38:00,ccf-aiops-南京,br-2,br,ipv6_route_count,"protocol=""unknown""",1
2026-07-28 12:38:00,ccf-aiops-南京,br-2,br,ipv6_route_count,"protocol=""all""",17
2026-07-28 12:38:00,ccf-aiops-南京,br-2,br,ipv6_route_exists,"prefix=""fd00:8:40::/64""",1
2026-07-28 12:38:00,ccf-aiops-南京,br-2,br,ipv6_route_exists,"prefix=""fd00:7:40::/64""",1
2026-07-28 12:38:00,ccf-aiops-南京,br-2,br,ipv6_route_exists,"prefix=""fd00:6:40::/64""",1
2026-07-28 12:38:00,ccf-aiops-南京,br-2,br,ipv6_route_exists,"prefix=""fd00:4:40::/64""",1
2026-07-28 12:38:00,ccf-aiops-南京,br-2,br,ipv6_route_exists,"prefix=""fd00:3:40::/64""",1
2026-07-28 12:38:00,ccf-aiops-南京,br-2,br,ipv6_route_exists,"prefix=""fd00:5:40::/64""",1
2026-07-28 12:38:00,ccf-aiops-南京,br-2,br,ipv6_route_exists,"prefix=""fd00:2:40::/64""",1
2026-07-28 12:38:00,ccf-aiops-南京,br-2,br,ipv6_route_exists,"prefix=""::/0""",1
2026-07-28 12:38:00,ccf-aiops-南京,br-2,br,ipv6_route_exists,"prefix=""fd00:1:40::/64""",1
2026-07-28 12:38:00,ccf-aiops-南京,br-2,br,ipv6_route_nexthop_info,"prefix=""fd00:6:40::/64"",next_hop=""fe80::100:10:52"",dev=""ens4"",protocol=""bgp"",metric=""20"",route_index=""0"",nh_index=""0""",1
2026-07-28 12:38:00,ccf-aiops-南京,br-2,br,ipv6_route_nexthop_info,"prefix=""fd00:2:40::/64"",next_hop=""fe80::100:10:52"",dev=""ens4"",protocol=""bgp"",metric=""20"",route_index=""0"",nh_index=""0""",1
2026-07-28 12:38:00,ccf-aiops-南京,br-2,br,ipv6_route_nexthop_info,"prefix=""fd00:1:40::/64"",next_hop=""fe80::100:10:52"",dev=""ens4"",protocol=""bgp"",metric=""20"",route_index=""0"",nh_index=""0""",1
2026-07-28 12:38:00,ccf-aiops-南京,br-2,br,ipv6_route_nexthop_info,"prefix=""::/0"",next_hop=""240a:a023::1"",dev=""ens4"",protocol=""unknown"",metric=""1024"",route_index=""0"",nh_index=""0""",1
2026-07-28 12:38:00,ccf-aiops-南京,br-2,br,ipv6_route_nexthop_info,"prefix=""fd00:3:40::/64"",next_hop=""fe80::100:10:42"",dev=""ens4"",protocol=""bgp"",metric=""20"",route_index=""0"",nh_index=""0""",1
2026-07-28 12:38:00,ccf-aiops-南京,br-2,br,ipv6_route_nexthop_info,"prefix=""fd00:7:40::/64"",next_hop=""fe80::7:20:12"",dev=""ens5"",protocol=""ospf"",metric=""20"",route_index=""0"",nh_index=""0""",1
2026-07-28 12:38:00,ccf-aiops-南京,br-2,br,ipv6_route_nexthop_info,"prefix=""fd00:4:40::/64"",next_hop=""fe80::100:10:42"",dev=""ens4"",protocol=""bgp"",metric=""20"",route_index=""0"",nh_index=""0""",1
2026-07-28 12:38:00,ccf-aiops-南京,br-2,br,ipv6_route_nexthop_info,"prefix=""fd00:8:40::/64"",next_hop=""fe80::100:10:42"",dev=""ens4"",protocol=""bgp"",metric=""20"",route_index=""0"",nh_index=""0""",1
2026-07-28 12:38:00,ccf-aiops-南京,br-2,br,ipv6_route_nexthop_info,"prefix=""fd00:5:40::/64"",next_hop=""fe80::100:10:42"",dev=""ens4"",protocol=""bgp"",metric=""20"",route_index=""0"",nh_index=""0""",1
2026-07-28 12:38:00,ccf-aiops-南京,br-2,br,ipv6_route_nexthop_info,"prefix=""fd00:7:40::/64"",next_hop=""fe80::7:20:11"",dev=""ens5"",protocol=""ospf"",metric=""20"",route_index=""0"",nh_index=""1""",1
2026-07-28 12:38:00,ccf-aiops-南京,br-2,br,ospf6_interface_cost,"interface=""ens5""",1
2026-07-28 12:38:00,ccf-aiops-南京,br-2,br,ospf6_interface_enabled,"interface=""ens4""",1
2026-07-28 12:38:00,ccf-aiops-南京,br-2,br,ospf6_interface_enabled,"interface=""ens5""",1
2026-07-28 12:38:00,ccf-aiops-南京,br-2,br,ospf6_interface_enabled,"interface=""virbr0""",0
2026-07-28 12:38:00,ccf-aiops-南京,br-2,br,ospf6_interface_enabled,"interface=""ens10""",1
2026-07-28 12:38:00,ccf-aiops-南京,br-2,br,ospf6_interface_enabled,"interface=""ens11""",1
2026-07-28 12:38:00,ccf-aiops-南京,br-2,br,ospf6_interface_enabled,"interface=""ens12""",1
2026-07-28 12:38:00,ccf-aiops-南京,br-2,br,ospf6_interface_enabled,"interface=""ens3""",1
2026-07-28 12:38:00,ccf-aiops-南京,br-2,br,ospf6_interface_enabled,"interface=""lo""",1
2026-07-28 12:38:00,ccf-aiops-南京,br-2,br,ospf6_interface_enabled,"interface=""ens9""",1
2026-07-28 12:38:00,ccf-aiops-南京,br-2,br,ospf6_interface_enabled,"interface=""ens8""",1
2026-07-28 12:38:00,ccf-aiops-南京,br-2,br,ospf6_interface_enabled,"interface=""ens7""",1
2026-07-28 12:38:00,ccf-aiops-南京,br-2,br,ospf6_interface_enabled,"interface=""ens6""",1
2026-07-28 12:38:00,ccf-aiops-南京,br-2,br,ospf6_neighbor_state_code,"state=""Full"",interface=""ens5"",neighbor_id=""7.7.7.12""",6
2026-07-28 12:38:00,ccf-aiops-南京,br-2,br,ospf6_neighbor_state_code,"state=""Full"",interface=""ens5"",neighbor_id=""7.7.7.1""",6
2026-07-28 12:38:00,ccf-aiops-南京,br-2,br,ospf6_neighbor_state_code,"state=""Full"",interface=""ens5"",neighbor_id=""7.7.7.11""",6
2026-07-28 12:38:00,ccf-aiops-南京,cr-1,cr,ipv6_default_route_changed_total,,0
2026-07-28 12:38:00,ccf-aiops-南京,cr-1,cr,ipv6_default_route_info,"next_hop=""fd00:7:20::1"",dev=""ens4"",protocol=""196"",metric=""20"",route_index=""0"",nh_index=""0""",1
2026-07-28 12:38:00,ccf-aiops-南京,cr-1,cr,ipv6_default_route_info,"next_hop=""fd00:7:20::2"",dev=""ens4"",protocol=""196"",metric=""20"",route_index=""0"",nh_index=""1""",1
2026-07-28 12:38:00,ccf-aiops-南京,cr-1,cr,ipv6_route_change_total,"prefix=""fd00:2:40::/64""",0
2026-07-28 12:38:00,ccf-aiops-南京,cr-1,cr,ipv6_route_change_total,"prefix=""fd00:1:40::/64""",5
2026-07-28 12:38:00,ccf-aiops-南京,cr-1,cr,ipv6_route_change_total,"prefix=""::/0""",0
2026-07-28 12:38:00,ccf-aiops-南京,cr-1,cr,ipv6_route_change_total,"prefix=""fd00:4:40::/64""",5
2026-07-28 12:38:00,ccf-aiops-南京,cr-1,cr,ipv6_route_change_total,"prefix=""fd00:5:40::/64""",5
2026-07-28 12:38:00,ccf-aiops-南京,cr-1,cr,ipv6_route_change_total,"prefix=""fd00:6:40::/64""",5
2026-07-28 12:38:00,ccf-aiops-南京,cr-1,cr,ipv6_route_change_total,"prefix=""fd00:7:40::/64""",0
2026-07-28 12:38:00,ccf-aiops-南京,cr-1,cr,ipv6_route_change_total,"prefix=""fd00:3:40::/64""",0
2026-07-28 12:38:00,ccf-aiops-南京,cr-1,cr,ipv6_route_change_total,"prefix=""fd00:8:40::/64""",5
2026-07-28 12:38:00,ccf-aiops-南京,cr-1,cr,ipv6_route_count,"protocol=""196""",2
2026-07-28 12:38:00,ccf-aiops-南京,cr-1,cr,ipv6_route_count,"protocol=""all""",16
2026-07-28 12:38:00,ccf-aiops-南京,cr-1,cr,ipv6_route_count,"protocol=""ospf""",7
2026-07-28 12:38:00,ccf-aiops-南京,cr-1,cr,ipv6_route_count,"protocol=""kernel""",7
2026-07-28 12:38:00,ccf-aiops-南京,cr-1,cr,ipv6_route_exists,"prefix=""fd00:8:40::/64""",1
2026-07-28 12:38:00,ccf-aiops-南京,cr-1,cr,ipv6_route_exists,"prefix=""fd00:7:40::/64""",1
2026-07-28 12:38:00,ccf-aiops-南京,cr-1,cr,ipv6_route_exists,"prefix=""fd00:6:40::/64""",1
2026-07-28 12:38:00,ccf-aiops-南京,cr-1,cr,ipv6_route_exists,"prefix=""fd00:5:40::/64""",1
2026-07-28 12:38:00,ccf-aiops-南京,cr-1,cr,ipv6_route_exists,"prefix=""fd00:4:40::/64""",1
2026-07-28 12:38:00,ccf-aiops-南京,cr-1,cr,ipv6_route_exists,"prefix=""fd00:3:40::/64""",1
2026-07-28 12:38:00,ccf-aiops-南京,cr-1,cr,ipv6_route_exists,"prefix=""fd00:2:40::/64""",1
2026-07-28 12:38:00,ccf-aiops-南京,cr-1,cr,ipv6_route_exists,"prefix=""fd00:1:40::/64""",1
2026-07-28 12:38:00,ccf-aiops-南京,cr-1,cr,ipv6_route_exists,"prefix=""::/0""",1
2026-07-28 12:38:00,ccf-aiops-南京,cr-1,cr,ipv6_route_nexthop_info,"prefix=""fd00:7:40::/64"",next_hop=""fd00:7:30::254"",dev=""ens5"",protocol=""196"",metric=""20"",route_index=""0"",nh_index=""0""",1
2026-07-28 12:38:00,ccf-aiops-南京,cr-1,cr,ipv6_route_nexthop_info,"prefix=""fd00:5:40::/64"",next_hop=""fe80::7:20:1"",dev=""ens4"",protocol=""ospf"",metric=""20"",route_index=""0"",nh_index=""0""",1
2026-07-28 12:38:00,ccf-aiops-南京,cr-1,cr,ipv6_route_nexthop_info,"prefix=""fd00:8:40::/64"",next_hop=""fe80::7:20:2"",dev=""ens4"",protocol=""ospf"",metric=""20"",route_index=""0"",nh_index=""1""",1
2026-07-28 12:38:00,ccf-aiops-南京,cr-1,cr,ipv6_route_nexthop_info,"prefix=""::/0"",next_hop=""fd00:7:20::2"",dev=""ens4"",protocol=""196"",metric=""20"",route_index=""0"",nh_index=""1""",1
2026-07-28 12:38:00,ccf-aiops-南京,cr-1,cr,ipv6_route_nexthop_info,"prefix=""fd00:6:40::/64"",next_hop=""fe80::7:20:1"",dev=""ens4"",protocol=""ospf"",metric=""20"",route_index=""0"",nh_index=""0""",1
2026-07-28 12:38:00,ccf-aiops-南京,cr-1,cr,ipv6_route_nexthop_info,"prefix=""fd00:8:40::/64"",next_hop=""fe80::7:20:1"",dev=""ens4"",protocol=""ospf"",metric=""20"",route_index=""0"",nh_index=""0""",1
2026-07-28 12:38:00,ccf-aiops-南京,cr-1,cr,ipv6_route_nexthop_info,"prefix=""fd00:1:40::/64"",next_hop=""fe80::7:20:2"",dev=""ens4"",protocol=""ospf"",metric=""20"",route_index=""0"",nh_index=""1""",1
2026-07-28 12:38:00,ccf-aiops-南京,cr-1,cr,ipv6_route_nexthop_info,"prefix=""fd00:4:40::/64"",next_hop=""fe80::7:20:1"",dev=""ens4"",protocol=""ospf"",metric=""20"",route_index=""0"",nh_index=""0""",1
2026-07-28 12:38:00,ccf-aiops-南京,cr-1,cr,ipv6_route_nexthop_info,"prefix=""fd00:3:40::/64"",next_hop=""fe80::7:20:1"",dev=""ens4"",protocol=""ospf"",metric=""20"",route_index=""0"",nh_index=""0""",1
2026-07-28 12:38:00,ccf-aiops-南京,cr-1,cr,ipv6_route_nexthop_info,"prefix=""fd00:2:40::/64"",next_hop=""fe80::7:20:1"",dev=""ens4"",protocol=""ospf"",metric=""20"",route_index=""0"",nh_index=""0""",1
2026-07-28 12:38:00,ccf-aiops-南京,cr-1,cr,ipv6_route_nexthop_info,"prefix=""fd00:1:40::/64"",next_hop=""fe80::7:20:1"",dev=""ens4"",protocol=""ospf"",metric=""20"",route_index=""0"",nh_index=""0""",1
2026-07-28 12:38:00,ccf-aiops-南京,cr-1,cr,ipv6_route_nexthop_info,"prefix=""::/0"",next_hop=""fd00:7:20::1"",dev=""ens4"",protocol=""196"",metric=""20"",route_index=""0"",nh_index=""0""",1
2026-07-28 12:38:00,ccf-aiops-南京,cr-1,cr,ipv6_route_nexthop_info,"prefix=""fd00:2:40::/64"",next_hop=""fe80::7:20:2"",dev=""ens4"",protocol=""ospf"",metric=""20"",route_index=""0"",nh_index=""1""",1
2026-07-28 12:38:00,ccf-aiops-南京,cr-1,cr,ipv6_route_nexthop_info,"prefix=""fd00:3:40::/64"",next_hop=""fe80::7:20:2"",dev=""ens4"",protocol=""ospf"",metric=""20"",route_index=""0"",nh_index=""1""",1
2026-07-28 12:38:00,ccf-aiops-南京,cr-1,cr,ipv6_route_nexthop_info,"prefix=""fd00:4:40::/64"",next_hop=""fe80::7:20:2"",dev=""ens4"",protocol=""ospf"",metric=""20"",route_index=""0"",nh_index=""1""",1
2026-07-28 12:38:00,ccf-aiops-南京,cr-1,cr,ipv6_route_nexthop_info,"prefix=""fd00:6:40::/64"",next_hop=""fe80::7:20:2"",dev=""ens4"",protocol=""ospf"",metric=""20"",route_index=""0"",nh_index=""1""",1
2026-07-28 12:38:00,ccf-aiops-南京,cr-1,cr,ipv6_route_nexthop_info,"prefix=""fd00:5:40::/64"",next_hop=""fe80::7:20:2"",dev=""ens4"",protocol=""ospf"",metric=""20"",route_index=""0"",nh_index=""1""",1
2026-07-28 12:38:00,ccf-aiops-南京,cr-1,cr,ospf6_interface_cost,"interface=""ens5""",1
2026-07-28 12:38:00,ccf-aiops-南京,cr-1,cr,ospf6_interface_cost,"interface=""ens4""",1
2026-07-28 12:38:00,ccf-aiops-南京,cr-1,cr,ospf6_interface_enabled,"interface=""ens4""",1
2026-07-28 12:38:00,ccf-aiops-南京,cr-1,cr,ospf6_interface_enabled,"interface=""ens10""",1
2026-07-28 12:38:00,ccf-aiops-南京,cr-1,cr,ospf6_interface_enabled,"interface=""ens11""",1
2026-07-28 12:38:00,ccf-aiops-南京,cr-1,cr,ospf6_interface_enabled,"interface=""ens5""",1
2026-07-28 12:38:00,ccf-aiops-南京,cr-1,cr,ospf6_interface_enabled,"interface=""ens6""",1
2026-07-28 12:38:00,ccf-aiops-南京,cr-1,cr,ospf6_interface_enabled,"interface=""ens12""",1
2026-07-28 12:38:00,ccf-aiops-南京,cr-1,cr,ospf6_interface_enabled,"interface=""ens3""",1
2026-07-28 12:38:00,ccf-aiops-南京,cr-1,cr,ospf6_interface_enabled,"interface=""ens7""",1
2026-07-28 12:38:00,ccf-aiops-南京,cr-1,cr,ospf6_interface_enabled,"interface=""ens8""",1
2026-07-28 12:38:00,ccf-aiops-南京,cr-1,cr,ospf6_interface_enabled,"interface=""ens9""",1
2026-07-28 12:38:00,ccf-aiops-南京,cr-1,cr,ospf6_interface_enabled,"interface=""lo""",1
2026-07-28 12:38:00,ccf-aiops-南京,cr-1,cr,ospf6_interface_enabled,"interface=""virbr0""",0
2026-07-28 12:38:00,ccf-aiops-南京,cr-1,cr,ospf6_interface_enabled,"interface=""vxlan100""",1
2026-07-28 12:38:00,ccf-aiops-南京,cr-1,cr,ospf6_neighbor_state_code,"state=""Full"",interface=""ens5"",neighbor_id=""7.7.7.12""",6
2026-07-28 12:38:00,ccf-aiops-南京,cr-1,cr,ospf6_neighbor_state_code,"state=""Full"",interface=""ens4"",neighbor_id=""7.7.7.2""",6
2026-07-28 12:38:00,ccf-aiops-南京,cr-1,cr,ospf6_neighbor_state_code,"state=""Full"",interface=""ens4"",neighbor_id=""7.7.7.12""",6
2026-07-28 12:38:00,ccf-aiops-南京,cr-1,cr,ospf6_neighbor_state_code,"state=""Twoway"",interface=""ens4"",neighbor_id=""7.7.7.1""",2
2026-07-28 12:38:00,ccf-aiops-南京,cr-1,cr,bgp_command_success,,
2026-07-28 12:38:00,ccf-aiops-南京,cr-1,cr,bgp_peer_up,,
2026-07-28 12:38:00,ccf-aiops-南京,cr-1,cr,bgp_peer_uptime_seconds,,
2026-07-28 12:38:00,ccf-aiops-南京,cr-1,cr,bgp_peer_prefix_received,,
2026-07-28 12:38:00,ccf-aiops-南京,cr-1,cr,bgp_peer_prefix_sent,,
2026-07-28 12:38:00,ccf-aiops-南京,cr-1,cr,bgp_peer_count,,
2026-07-28 12:38:00,ccf-aiops-南京,cr-2,cr,ipv6_default_route_changed_total,,0
2026-07-28 12:38:00,ccf-aiops-南京,cr-2,cr,ipv6_default_route_info,"next_hop=""fd00:7:20::2"",dev=""ens4"",protocol=""196"",metric=""20"",route_index=""0"",nh_index=""1""",1
2026-07-28 12:38:00,ccf-aiops-南京,cr-2,cr,ipv6_default_route_info,"next_hop=""fd00:7:20::1"",dev=""ens4"",protocol=""196"",metric=""20"",route_index=""0"",nh_index=""0""",1
2026-07-28 12:38:00,ccf-aiops-南京,cr-2,cr,ipv6_route_change_total,"prefix=""fd00:1:40::/64""",3
2026-07-28 12:38:00,ccf-aiops-南京,cr-2,cr,ipv6_route_change_total,"prefix=""fd00:7:40::/64""",0
2026-07-28 12:38:00,ccf-aiops-南京,cr-2,cr,ipv6_route_change_total,"prefix=""fd00:8:40::/64""",3
2026-07-28 12:38:00,ccf-aiops-南京,cr-2,cr,ipv6_route_change_total,"prefix=""fd00:2:40::/64""",3
2026-07-28 12:38:00,ccf-aiops-南京,cr-2,cr,ipv6_route_change_total,"prefix=""fd00:3:40::/64""",3
2026-07-28 12:38:00,ccf-aiops-南京,cr-2,cr,ipv6_route_change_total,"prefix=""::/0""",0
2026-07-28 12:38:00,ccf-aiops-南京,cr-2,cr,ipv6_route_change_total,"prefix=""fd00:4:40::/64""",3
2026-07-28 12:38:00,ccf-aiops-南京,cr-2,cr,ipv6_route_change_total,"prefix=""fd00:5:40::/64""",3
2026-07-28 12:38:00,ccf-aiops-南京,cr-2,cr,ipv6_route_change_total,"prefix=""fd00:6:40::/64""",3
2026-07-28 12:38:00,ccf-aiops-南京,cr-2,cr,ipv6_route_count,"protocol=""ospf""",7
2026-07-28 12:38:00,ccf-aiops-南京,cr-2,cr,ipv6_route_count,"protocol=""kernel""",6
2026-07-28 12:38:00,ccf-aiops-南京,cr-2,cr,ipv6_route_count,"protocol=""all""",15
2026-07-28 12:38:00,ccf-aiops-南京,cr-2,cr,ipv6_route_count,"protocol=""196""",2
2026-07-28 12:38:00,ccf-aiops-南京,cr-2,cr,ipv6_route_exists,"prefix=""fd00:1:40::/64""",1
2026-07-28 12:38:00,ccf-aiops-南京,cr-2,cr,ipv6_route_exists,"prefix=""::/0""",1
2026-07-28 12:38:00,ccf-aiops-南京,cr-2,cr,ipv6_route_exists,"prefix=""fd00:8:40::/64""",1
2026-07-28 12:38:00,ccf-aiops-南京,cr-2,cr,ipv6_route_exists,"prefix=""fd00:7:40::/64""",1
2026-07-28 12:38:00,ccf-aiops-南京,cr-2,cr,ipv6_route_exists,"prefix=""fd00:2:40::/64""",1
2026-07-28 12:38:00,ccf-aiops-南京,cr-2,cr,ipv6_route_exists,"prefix=""fd00:3:40::/64""",1
2026-07-28 12:38:00,ccf-aiops-南京,cr-2,cr,ipv6_route_exists,"prefix=""fd00:4:40::/64""",1
2026-07-28 12:38:00,ccf-aiops-南京,cr-2,cr,ipv6_route_exists,"prefix=""fd00:5:40::/64""",1
2026-07-28 12:38:00,ccf-aiops-南京,cr-2,cr,ipv6_route_exists,"prefix=""fd00:6:40::/64""",1
2026-07-28 12:38:00,ccf-aiops-南京,cr-2,cr,ipv6_route_nexthop_info,"prefix=""fd00:4:40::/64"",next_hop=""fe80::7:20:1"",dev=""ens4"",protocol=""ospf"",metric=""20"",route_index=""0"",nh_index=""1""",1
2026-07-28 12:38:00,ccf-aiops-南京,cr-2,cr,ipv6_route_nexthop_info,"prefix=""::/0"",next_hop=""fd00:7:20::1"",dev=""ens4"",protocol=""196"",metric=""20"",route_index=""0"",nh_index=""0""",1
2026-07-28 12:38:00,ccf-aiops-南京,cr-2,cr,ipv6_route_nexthop_info,"prefix=""fd00:2:40::/64"",next_hop=""fe80::7:20:2"",dev=""ens4"",protocol=""ospf"",metric=""20"",route_index=""0"",nh_index=""0""",1
2026-07-28 12:38:00,ccf-aiops-南京,cr-2,cr,ipv6_route_nexthop_info,"prefix=""fd00:1:40::/64"",next_hop=""fe80::7:20:2"",dev=""ens4"",protocol=""ospf"",metric=""20"",route_index=""0"",nh_index=""0""",1
2026-07-28 12:38:00,ccf-aiops-南京,cr-2,cr,ipv6_route_nexthop_info,"prefix=""fd00:8:40::/64"",next_hop=""fe80::7:20:1"",dev=""ens4"",protocol=""ospf"",metric=""20"",route_index=""0"",nh_index=""1""",1
2026-07-28 12:38:00,ccf-aiops-南京,cr-2,cr,ipv6_route_nexthop_info,"prefix=""fd00:6:40::/64"",next_hop=""fe80::7:20:1"",dev=""ens4"",protocol=""ospf"",metric=""20"",route_index=""0"",nh_index=""1""",1
2026-07-28 12:38:00,ccf-aiops-南京,cr-2,cr,ipv6_route_nexthop_info,"prefix=""fd00:5:40::/64"",next_hop=""fe80::7:20:1"",dev=""ens4"",protocol=""ospf"",metric=""20"",route_index=""0"",nh_index=""1""",1
2026-07-28 12:38:00,ccf-aiops-南京,cr-2,cr,ipv6_route_nexthop_info,"prefix=""fd00:3:40::/64"",next_hop=""fe80::7:20:1"",dev=""ens4"",protocol=""ospf"",metric=""20"",route_index=""0"",nh_index=""1""",1
2026-07-28 12:38:00,ccf-aiops-南京,cr-2,cr,ipv6_route_nexthop_info,"prefix=""fd00:2:40::/64"",next_hop=""fe80::7:20:1"",dev=""ens4"",protocol=""ospf"",metric=""20"",route_index=""0"",nh_index=""1""",1
2026-07-28 12:38:00,ccf-aiops-南京,cr-2,cr,ipv6_route_nexthop_info,"prefix=""fd00:1:40::/64"",next_hop=""fe80::7:20:1"",dev=""ens4"",protocol=""ospf"",metric=""20"",route_index=""0"",nh_index=""1""",1
2026-07-28 12:38:00,ccf-aiops-南京,cr-2,cr,ipv6_route_nexthop_info,"prefix=""::/0"",next_hop=""fd00:7:20::2"",dev=""ens4"",protocol=""196"",metric=""20"",route_index=""0"",nh_index=""1""",1
2026-07-28 12:38:00,ccf-aiops-南京,cr-2,cr,ipv6_route_nexthop_info,"prefix=""fd00:3:40::/64"",next_hop=""fe80::7:20:2"",dev=""ens4"",protocol=""ospf"",metric=""20"",route_index=""0"",nh_index=""0""",1
2026-07-28 12:38:00,ccf-aiops-南京,cr-2,cr,ipv6_route_nexthop_info,"prefix=""fd00:4:40::/64"",next_hop=""fe80::7:20:2"",dev=""ens4"",protocol=""ospf"",metric=""20"",route_index=""0"",nh_index=""0""",1
2026-07-28 12:38:00,ccf-aiops-南京,cr-2,cr,ipv6_route_nexthop_info,"prefix=""fd00:5:40::/64"",next_hop=""fe80::7:20:2"",dev=""ens4"",protocol=""ospf"",metric=""20"",route_index=""0"",nh_index=""0""",1
2026-07-28 12:38:00,ccf-aiops-南京,cr-2,cr,ipv6_route_nexthop_info,"prefix=""fd00:6:40::/64"",next_hop=""fe80::7:20:2"",dev=""ens4"",protocol=""ospf"",metric=""20"",route_index=""0"",nh_index=""0""",1
2026-07-28 12:38:00,ccf-aiops-南京,cr-2,cr,ipv6_route_nexthop_info,"prefix=""fd00:8:40::/64"",next_hop=""fe80::7:20:2"",dev=""ens4"",protocol=""ospf"",metric=""20"",route_index=""0"",nh_index=""0""",1
2026-07-28 12:38:00,ccf-aiops-南京,cr-2,cr,ipv6_route_nexthop_info,"prefix=""fd00:7:40::/64"",next_hop=""fd00:7:30::254"",dev=""ens5"",protocol=""196"",metric=""20"",route_index=""0"",nh_index=""0""",1
2026-07-28 12:38:00,ccf-aiops-南京,cr-2,cr,ospf6_interface_cost,"interface=""ens5""",1
2026-07-28 12:38:00,ccf-aiops-南京,cr-2,cr,ospf6_interface_cost,"interface=""ens4""",1
2026-07-28 12:38:00,ccf-aiops-南京,cr-2,cr,ospf6_interface_enabled,"interface=""ens8""",1
2026-07-28 12:38:00,ccf-aiops-南京,cr-2,cr,ospf6_interface_enabled,"interface=""virbr0""",0
2026-07-28 12:38:00,ccf-aiops-南京,cr-2,cr,ospf6_interface_enabled,"interface=""lo""",1
2026-07-28 12:38:00,ccf-aiops-南京,cr-2,cr,ospf6_interface_enabled,"interface=""ens9""",1
2026-07-28 12:38:00,ccf-aiops-南京,cr-2,cr,ospf6_interface_enabled,"interface=""ens7""",1
2026-07-28 12:38:00,ccf-aiops-南京,cr-2,cr,ospf6_interface_enabled,"interface=""ens6""",1
2026-07-28 12:38:00,ccf-aiops-南京,cr-2,cr,ospf6_interface_enabled,"interface=""ens5""",1
2026-07-28 12:38:00,ccf-aiops-南京,cr-2,cr,ospf6_interface_enabled,"interface=""ens4""",1
2026-07-28 12:38:00,ccf-aiops-南京,cr-2,cr,ospf6_interface_enabled,"interface=""ens3""",1
2026-07-28 12:38:00,ccf-aiops-南京,cr-2,cr,ospf6_interface_enabled,"interface=""ens12""",1
2026-07-28 12:38:00,ccf-aiops-南京,cr-2,cr,ospf6_interface_enabled,"interface=""ens11""",1
2026-07-28 12:38:00,ccf-aiops-南京,cr-2,cr,ospf6_interface_enabled,"interface=""ens10""",1
2026-07-28 12:38:00,ccf-aiops-南京,cr-2,cr,ospf6_neighbor_state_code,"state=""Full"",interface=""ens4"",neighbor_id=""7.7.7.1""",6
2026-07-28 12:38:00,ccf-aiops-南京,cr-2,cr,ospf6_neighbor_state_code,"state=""Full"",interface=""ens5"",neighbor_id=""7.7.7.11""",6
2026-07-28 12:38:00,ccf-aiops-南京,cr-2,cr,ospf6_neighbor_state_code,"state=""Full"",interface=""ens4"",neighbor_id=""7.7.7.11""",6
2026-07-28 12:38:00,ccf-aiops-南京,cr-2,cr,ospf6_neighbor_state_code,"state=""Full"",interface=""ens4"",neighbor_id=""7.7.7.2""",6
2026-07-28 12:38:00,ccf-aiops-南京,cr-2,cr,bgp_command_success,,
2026-07-28 12:38:00,ccf-aiops-南京,cr-2,cr,bgp_peer_up,,
2026-07-28 12:38:00,ccf-aiops-南京,cr-2,cr,bgp_peer_uptime_seconds,,
2026-07-28 12:38:00,ccf-aiops-南京,cr-2,cr,bgp_peer_prefix_received,,
2026-07-28 12:38:00,ccf-aiops-南京,cr-2,cr,bgp_peer_prefix_sent,,
2026-07-28 12:38:00,ccf-aiops-南京,cr-2,cr,bgp_peer_count,,
2026-07-28 12:39:00,ccf-aiops-南京,br-1,br,bgp_command_success,"command=""bgp_summary""",1
2026-07-28 12:39:00,ccf-aiops-南京,br-1,br,bgp_peer_count,,2
2026-07-28 12:39:00,ccf-aiops-南京,br-1,br,bgp_peer_prefix_received,"peer=""fd00:100:10::41"",remote_as=""65005"",state=""Established""",7
2026-07-28 12:39:00,ccf-aiops-南京,br-1,br,bgp_peer_prefix_received,"peer=""fd00:100:10::51"",remote_as=""65006"",state=""Established""",7
2026-07-28 12:39:00,ccf-aiops-南京,br-1,br,bgp_peer_prefix_sent,"peer=""fd00:100:10::51"",remote_as=""65006"",state=""Established""",8
2026-07-28 12:39:00,ccf-aiops-南京,br-1,br,bgp_peer_prefix_sent,"peer=""fd00:100:10::41"",remote_as=""65005"",state=""Established""",8
2026-07-28 12:39:00,ccf-aiops-南京,br-1,br,bgp_peer_up,"peer=""fd00:100:10::41"",remote_as=""65005"",state=""Established""",1
2026-07-28 12:39:00,ccf-aiops-南京,br-1,br,bgp_peer_up,"peer=""fd00:100:10::51"",remote_as=""65006"",state=""Established""",1
2026-07-28 12:39:00,ccf-aiops-南京,br-1,br,bgp_peer_uptime_seconds,"peer=""fd00:100:10::41"",remote_as=""65005"",state=""Established""",2412898
2026-07-28 12:39:00,ccf-aiops-南京,br-1,br,bgp_peer_uptime_seconds,"peer=""fd00:100:10::51"",remote_as=""65006"",state=""Established""",2412898
2026-07-28 12:39:00,ccf-aiops-南京,br-1,br,ipv6_default_route_changed_total,,0
2026-07-28 12:39:00,ccf-aiops-南京,br-1,br,ipv6_default_route_info,"next_hop=""240a:a023::1"",dev=""ens4"",protocol=""unknown"",metric=""1024"",route_index=""0"",nh_index=""0""",1
2026-07-28 12:39:00,ccf-aiops-南京,br-1,br,ipv6_route_change_total,"prefix=""::/0""",0
2026-07-28 12:39:00,ccf-aiops-南京,br-1,br,ipv6_route_change_total,"prefix=""fd00:1:40::/64""",0
2026-07-28 12:39:00,ccf-aiops-南京,br-1,br,ipv6_route_change_total,"prefix=""fd00:2:40::/64""",5
2026-07-28 12:39:00,ccf-aiops-南京,br-1,br,ipv6_route_change_total,"prefix=""fd00:3:40::/64""",0
2026-07-28 12:39:00,ccf-aiops-南京,br-1,br,ipv6_route_change_total,"prefix=""fd00:4:40::/64""",0
2026-07-28 12:39:00,ccf-aiops-南京,br-1,br,ipv6_route_change_total,"prefix=""fd00:5:40::/64""",0
2026-07-28 12:39:00,ccf-aiops-南京,br-1,br,ipv6_route_change_total,"prefix=""fd00:6:40::/64""",0
2026-07-28 12:39:00,ccf-aiops-南京,br-1,br,ipv6_route_change_total,"prefix=""fd00:7:40::/64""",8
2026-07-28 12:39:00,ccf-aiops-南京,br-1,br,ipv6_route_change_total,"prefix=""fd00:8:40::/64""",0
2026-07-28 12:39:00,ccf-aiops-南京,br-1,br,ipv6_route_count,"protocol=""unknown""",1
2026-07-28 12:39:00,ccf-aiops-南京,br-1,br,ipv6_route_count,"protocol=""ospf""",2
2026-07-28 12:39:00,ccf-aiops-南京,br-1,br,ipv6_route_count,"protocol=""all""",17
2026-07-28 12:39:00,ccf-aiops-南京,br-1,br,ipv6_route_count,"protocol=""kernel""",7
2026-07-28 12:39:00,ccf-aiops-南京,br-1,br,ipv6_route_count,"protocol=""bgp""",7
2026-07-28 12:39:00,ccf-aiops-南京,br-1,br,ipv6_route_exists,"prefix=""::/0""",1
2026-07-28 12:39:00,ccf-aiops-南京,br-1,br,ipv6_route_exists,"prefix=""fd00:1:40::/64""",1
2026-07-28 12:39:00,ccf-aiops-南京,br-1,br,ipv6_route_exists,"prefix=""fd00:2:40::/64""",1
2026-07-28 12:39:00,ccf-aiops-南京,br-1,br,ipv6_route_exists,"prefix=""fd00:3:40::/64""",1
2026-07-28 12:39:00,ccf-aiops-南京,br-1,br,ipv6_route_exists,"prefix=""fd00:4:40::/64""",1
2026-07-28 12:39:00,ccf-aiops-南京,br-1,br,ipv6_route_exists,"prefix=""fd00:5:40::/64""",1
2026-07-28 12:39:00,ccf-aiops-南京,br-1,br,ipv6_route_exists,"prefix=""fd00:6:40::/64""",1
2026-07-28 12:39:00,ccf-aiops-南京,br-1,br,ipv6_route_exists,"prefix=""fd00:7:40::/64""",1
2026-07-28 12:39:00,ccf-aiops-南京,br-1,br,ipv6_route_exists,"prefix=""fd00:8:40::/64""",1
2026-07-28 12:39:00,ccf-aiops-南京,br-1,br,ipv6_route_nexthop_info,"prefix=""fd00:8:40::/64"",next_hop=""fe80::100:10:41"",dev=""ens4"",protocol=""bgp"",metric=""20"",route_index=""0"",nh_index=""0""",1
2026-07-28 12:39:00,ccf-aiops-南京,br-1,br,ipv6_route_nexthop_info,"prefix=""fd00:7:40::/64"",next_hop=""fe80::7:20:12"",dev=""ens5"",protocol=""ospf"",metric=""20"",route_index=""0"",nh_index=""0""",1
2026-07-28 12:39:00,ccf-aiops-南京,br-1,br,ipv6_route_nexthop_info,"prefix=""fd00:7:40::/64"",next_hop=""fe80::7:20:11"",dev=""ens5"",protocol=""ospf"",metric=""20"",route_index=""0"",nh_index=""1""",1
2026-07-28 12:39:00,ccf-aiops-南京,br-1,br,ipv6_route_nexthop_info,"prefix=""fd00:6:40::/64"",next_hop=""fe80::100:10:51"",dev=""ens4"",protocol=""bgp"",metric=""20"",route_index=""0"",nh_index=""0""",1
2026-07-28 12:39:00,ccf-aiops-南京,br-1,br,ipv6_route_nexthop_info,"prefix=""fd00:2:40::/64"",next_hop=""fe80::100:10:51"",dev=""ens4"",protocol=""bgp"",metric=""20"",route_index=""0"",nh_index=""0""",1
2026-07-28 12:39:00,ccf-aiops-南京,br-1,br,ipv6_route_nexthop_info,"prefix=""fd00:1:40::/64"",next_hop=""fe80::100:10:51"",dev=""ens4"",protocol=""bgp"",metric=""20"",route_index=""0"",nh_index=""0""",1
2026-07-28 12:39:00,ccf-aiops-南京,br-1,br,ipv6_route_nexthop_info,"prefix=""fd00:5:40::/64"",next_hop=""fe80::100:10:41"",dev=""ens4"",protocol=""bgp"",metric=""20"",route_index=""0"",nh_index=""0""",1
2026-07-28 12:39:00,ccf-aiops-南京,br-1,br,ipv6_route_nexthop_info,"prefix=""fd00:4:40::/64"",next_hop=""fe80::100:10:41"",dev=""ens4"",protocol=""bgp"",metric=""20"",route_index=""0"",nh_index=""0""",1
2026-07-28 12:39:00,ccf-aiops-南京,br-1,br,ipv6_route_nexthop_info,"prefix=""fd00:3:40::/64"",next_hop=""fe80::100:10:41"",dev=""ens4"",protocol=""bgp"",metric=""20"",route_index=""0"",nh_index=""0""",1
2026-07-28 12:39:00,ccf-aiops-南京,br-1,br,ipv6_route_nexthop_info,"prefix=""::/0"",next_hop=""240a:a023::1"",dev=""ens4"",protocol=""unknown"",metric=""1024"",route_index=""0"",nh_index=""0""",1
2026-07-28 12:39:00,ccf-aiops-南京,br-1,br,ospf6_interface_cost,"interface=""ens5""",1
2026-07-28 12:39:00,ccf-aiops-南京,br-1,br,ospf6_interface_enabled,"interface=""ens12""",1
2026-07-28 12:39:00,ccf-aiops-南京,br-1,br,ospf6_interface_enabled,"interface=""ens3""",1
2026-07-28 12:39:00,ccf-aiops-南京,br-1,br,ospf6_interface_enabled,"interface=""ens4""",1
2026-07-28 12:39:00,ccf-aiops-南京,br-1,br,ospf6_interface_enabled,"interface=""ens5""",1
2026-07-28 12:39:00,ccf-aiops-南京,br-1,br,ospf6_interface_enabled,"interface=""ens6""",1
2026-07-28 12:39:00,ccf-aiops-南京,br-1,br,ospf6_interface_enabled,"interface=""ens7""",1
2026-07-28 12:39:00,ccf-aiops-南京,br-1,br,ospf6_interface_enabled,"interface=""ens8""",1
2026-07-28 12:39:00,ccf-aiops-南京,br-1,br,ospf6_interface_enabled,"interface=""ens11""",1
2026-07-28 12:39:00,ccf-aiops-南京,br-1,br,ospf6_interface_enabled,"interface=""ens9""",1
2026-07-28 12:39:00,ccf-aiops-南京,br-1,br,ospf6_interface_enabled,"interface=""lo""",1
2026-07-28 12:39:00,ccf-aiops-南京,br-1,br,ospf6_interface_enabled,"interface=""virbr0""",0
2026-07-28 12:39:00,ccf-aiops-南京,br-1,br,ospf6_interface_enabled,"interface=""ens10""",1
2026-07-28 12:39:00,ccf-aiops-南京,br-1,br,ospf6_neighbor_state_code,"state=""Full"",interface=""ens5"",neighbor_id=""7.7.7.2""",6
2026-07-28 12:39:00,ccf-aiops-南京,br-1,br,ospf6_neighbor_state_code,"state=""Full"",interface=""ens5"",neighbor_id=""7.7.7.12""",6
2026-07-28 12:39:00,ccf-aiops-南京,br-1,br,ospf6_neighbor_state_code,"state=""Twoway"",interface=""ens5"",neighbor_id=""7.7.7.11""",2
2026-07-28 12:39:00,ccf-aiops-南京,br-2,br,bgp_command_success,"command=""bgp_summary""",1
2026-07-28 12:39:00,ccf-aiops-南京,br-2,br,bgp_peer_count,,2
2026-07-28 12:39:00,ccf-aiops-南京,br-2,br,bgp_peer_prefix_received,"peer=""fd00:100:10::52"",remote_as=""65006"",state=""Established""",7
2026-07-28 12:39:00,ccf-aiops-南京,br-2,br,bgp_peer_prefix_received,"peer=""fd00:100:10::42"",remote_as=""65005"",state=""Established""",7
2026-07-28 12:39:00,ccf-aiops-南京,br-2,br,bgp_peer_prefix_sent,"peer=""fd00:100:10::52"",remote_as=""65006"",state=""Established""",8
2026-07-28 12:39:00,ccf-aiops-南京,br-2,br,bgp_peer_prefix_sent,"peer=""fd00:100:10::42"",remote_as=""65005"",state=""Established""",8
2026-07-28 12:39:00,ccf-aiops-南京,br-2,br,bgp_peer_up,"peer=""fd00:100:10::52"",remote_as=""65006"",state=""Established""",1
2026-07-28 12:39:00,ccf-aiops-南京,br-2,br,bgp_peer_up,"peer=""fd00:100:10::42"",remote_as=""65005"",state=""Established""",1
2026-07-28 12:39:00,ccf-aiops-南京,br-2,br,bgp_peer_uptime_seconds,"peer=""fd00:100:10::42"",remote_as=""65005"",state=""Established""",2412866
2026-07-28 12:39:00,ccf-aiops-南京,br-2,br,bgp_peer_uptime_seconds,"peer=""fd00:100:10::52"",remote_as=""65006"",state=""Established""",2412866
2026-07-28 12:39:00,ccf-aiops-南京,br-2,br,ipv6_default_route_changed_total,,0
2026-07-28 12:39:00,ccf-aiops-南京,br-2,br,ipv6_default_route_info,"next_hop=""240a:a023::1"",dev=""ens4"",protocol=""unknown"",metric=""1024"",route_index=""0"",nh_index=""0""",1
2026-07-28 12:39:00,ccf-aiops-南京,br-2,br,ipv6_route_change_total,"prefix=""fd00:1:40::/64""",0
2026-07-28 12:39:00,ccf-aiops-南京,br-2,br,ipv6_route_change_total,"prefix=""::/0""",0
2026-07-28 12:39:00,ccf-aiops-南京,br-2,br,ipv6_route_change_total,"prefix=""fd00:8:40::/64""",0
2026-07-28 12:39:00,ccf-aiops-南京,br-2,br,ipv6_route_change_total,"prefix=""fd00:7:40::/64""",10
2026-07-28 12:39:00,ccf-aiops-南京,br-2,br,ipv6_route_change_total,"prefix=""fd00:6:40::/64""",0
2026-07-28 12:39:00,ccf-aiops-南京,br-2,br,ipv6_route_change_total,"prefix=""fd00:5:40::/64""",0
2026-07-28 12:39:00,ccf-aiops-南京,br-2,br,ipv6_route_change_total,"prefix=""fd00:4:40::/64""",0
2026-07-28 12:39:00,ccf-aiops-南京,br-2,br,ipv6_route_change_total,"prefix=""fd00:3:40::/64""",0
2026-07-28 12:39:00,ccf-aiops-南京,br-2,br,ipv6_route_change_total,"prefix=""fd00:2:40::/64""",3
2026-07-28 12:39:00,ccf-aiops-南京,br-2,br,ipv6_route_count,"protocol=""unknown""",1
2026-07-28 12:39:00,ccf-aiops-南京,br-2,br,ipv6_route_count,"protocol=""ospf""",2
2026-07-28 12:39:00,ccf-aiops-南京,br-2,br,ipv6_route_count,"protocol=""kernel""",7
2026-07-28 12:39:00,ccf-aiops-南京,br-2,br,ipv6_route_count,"protocol=""bgp""",7
2026-07-28 12:39:00,ccf-aiops-南京,br-2,br,ipv6_route_count,"protocol=""all""",17
2026-07-28 12:39:00,ccf-aiops-南京,br-2,br,ipv6_route_exists,"prefix=""fd00:4:40::/64""",1
2026-07-28 12:39:00,ccf-aiops-南京,br-2,br,ipv6_route_exists,"prefix=""fd00:8:40::/64""",1
2026-07-28 12:39:00,ccf-aiops-南京,br-2,br,ipv6_route_exists,"prefix=""fd00:7:40::/64""",1
2026-07-28 12:39:00,ccf-aiops-南京,br-2,br,ipv6_route_exists,"prefix=""fd00:6:40::/64""",1
2026-07-28 12:39:00,ccf-aiops-南京,br-2,br,ipv6_route_exists,"prefix=""fd00:5:40::/64""",1
2026-07-28 12:39:00,ccf-aiops-南京,br-2,br,ipv6_route_exists,"prefix=""fd00:3:40::/64""",1
2026-07-28 12:39:00,ccf-aiops-南京,br-2,br,ipv6_route_exists,"prefix=""fd00:2:40::/64""",1
2026-07-28 12:39:00,ccf-aiops-南京,br-2,br,ipv6_route_exists,"prefix=""::/0""",1
2026-07-28 12:39:00,ccf-aiops-南京,br-2,br,ipv6_route_exists,"prefix=""fd00:1:40::/64""",1
2026-07-28 12:39:00,ccf-aiops-南京,br-2,br,ipv6_route_nexthop_info,"prefix=""fd00:2:40::/64"",next_hop=""fe80::100:10:52"",dev=""ens4"",protocol=""bgp"",metric=""20"",route_index=""0"",nh_index=""0""",1
2026-07-28 12:39:00,ccf-aiops-南京,br-2,br,ipv6_route_nexthop_info,"prefix=""fd00:6:40::/64"",next_hop=""fe80::100:10:52"",dev=""ens4"",protocol=""bgp"",metric=""20"",route_index=""0"",nh_index=""0""",1
2026-07-28 12:39:00,ccf-aiops-南京,br-2,br,ipv6_route_nexthop_info,"prefix=""fd00:1:40::/64"",next_hop=""fe80::100:10:52"",dev=""ens4"",protocol=""bgp"",metric=""20"",route_index=""0"",nh_index=""0""",1
2026-07-28 12:39:00,ccf-aiops-南京,br-2,br,ipv6_route_nexthop_info,"prefix=""fd00:8:40::/64"",next_hop=""fe80::100:10:42"",dev=""ens4"",protocol=""bgp"",metric=""20"",route_index=""0"",nh_index=""0""",1
2026-07-28 12:39:00,ccf-aiops-南京,br-2,br,ipv6_route_nexthop_info,"prefix=""fd00:7:40::/64"",next_hop=""fe80::7:20:11"",dev=""ens5"",protocol=""ospf"",metric=""20"",route_index=""0"",nh_index=""1""",1
2026-07-28 12:39:00,ccf-aiops-南京,br-2,br,ipv6_route_nexthop_info,"prefix=""fd00:7:40::/64"",next_hop=""fe80::7:20:12"",dev=""ens5"",protocol=""ospf"",metric=""20"",route_index=""0"",nh_index=""0""",1
2026-07-28 12:39:00,ccf-aiops-南京,br-2,br,ipv6_route_nexthop_info,"prefix=""fd00:5:40::/64"",next_hop=""fe80::100:10:42"",dev=""ens4"",protocol=""bgp"",metric=""20"",route_index=""0"",nh_index=""0""",1
2026-07-28 12:39:00,ccf-aiops-南京,br-2,br,ipv6_route_nexthop_info,"prefix=""fd00:4:40::/64"",next_hop=""fe80::100:10:42"",dev=""ens4"",protocol=""bgp"",metric=""20"",route_index=""0"",nh_index=""0""",1
2026-07-28 12:39:00,ccf-aiops-南京,br-2,br,ipv6_route_nexthop_info,"prefix=""::/0"",next_hop=""240a:a023::1"",dev=""ens4"",protocol=""unknown"",metric=""1024"",route_index=""0"",nh_index=""0""",1
2026-07-28 12:39:00,ccf-aiops-南京,br-2,br,ipv6_route_nexthop_info,"prefix=""fd00:3:40::/64"",next_hop=""fe80::100:10:42"",dev=""ens4"",protocol=""bgp"",metric=""20"",route_index=""0"",nh_index=""0""",1
2026-07-28 12:39:00,ccf-aiops-南京,br-2,br,ospf6_interface_cost,"interface=""ens5""",1
2026-07-28 12:39:00,ccf-aiops-南京,br-2,br,ospf6_interface_enabled,"interface=""virbr0""",0
2026-07-28 12:39:00,ccf-aiops-南京,br-2,br,ospf6_interface_enabled,"interface=""lo""",1
2026-07-28 12:39:00,ccf-aiops-南京,br-2,br,ospf6_interface_enabled,"interface=""ens9""",1
2026-07-28 12:39:00,ccf-aiops-南京,br-2,br,ospf6_interface_enabled,"interface=""ens6""",1
2026-07-28 12:39:00,ccf-aiops-南京,br-2,br,ospf6_interface_enabled,"interface=""ens8""",1
2026-07-28 12:39:00,ccf-aiops-南京,br-2,br,ospf6_interface_enabled,"interface=""ens7""",1
2026-07-28 12:39:00,ccf-aiops-南京,br-2,br,ospf6_interface_enabled,"interface=""ens5""",1
2026-07-28 12:39:00,ccf-aiops-南京,br-2,br,ospf6_interface_enabled,"interface=""ens4""",1
2026-07-28 12:39:00,ccf-aiops-南京,br-2,br,ospf6_interface_enabled,"interface=""ens3""",1
2026-07-28 12:39:00,ccf-aiops-南京,br-2,br,ospf6_interface_enabled,"interface=""ens12""",1
2026-07-28 12:39:00,ccf-aiops-南京,br-2,br,ospf6_interface_enabled,"interface=""ens11""",1
2026-07-28 12:39:00,ccf-aiops-南京,br-2,br,ospf6_interface_enabled,"interface=""ens10""",1
2026-07-28 12:39:00,ccf-aiops-南京,br-2,br,ospf6_neighbor_state_code,"state=""Full"",interface=""ens5"",neighbor_id=""7.7.7.1""",6
2026-07-28 12:39:00,ccf-aiops-南京,br-2,br,ospf6_neighbor_state_code,"state=""Full"",interface=""ens5"",neighbor_id=""7.7.7.11""",6
2026-07-28 12:39:00,ccf-aiops-南京,br-2,br,ospf6_neighbor_state_code,"state=""Full"",interface=""ens5"",neighbor_id=""7.7.7.12""",6
2026-07-28 12:39:00,ccf-aiops-南京,cr-1,cr,ipv6_default_route_changed_total,,0
2026-07-28 12:39:00,ccf-aiops-南京,cr-1,cr,ipv6_default_route_info,"next_hop=""fd00:7:20::2"",dev=""ens4"",protocol=""196"",metric=""20"",route_index=""0"",nh_index=""1""",1
2026-07-28 12:39:00,ccf-aiops-南京,cr-1,cr,ipv6_default_route_info,"next_hop=""fd00:7:20::1"",dev=""ens4"",protocol=""196"",metric=""20"",route_index=""0"",nh_index=""0""",1
2026-07-28 12:39:00,ccf-aiops-南京,cr-1,cr,ipv6_route_change_total,"prefix=""fd00:2:40::/64""",0
2026-07-28 12:39:00,ccf-aiops-南京,cr-1,cr,ipv6_route_change_total,"prefix=""fd00:8:40::/64""",5
2026-07-28 12:39:00,ccf-aiops-南京,cr-1,cr,ipv6_route_change_total,"prefix=""fd00:7:40::/64""",0
2026-07-28 12:39:00,ccf-aiops-南京,cr-1,cr,ipv6_route_change_total,"prefix=""fd00:6:40::/64""",5
2026-07-28 12:39:00,ccf-aiops-南京,cr-1,cr,ipv6_route_change_total,"prefix=""fd00:5:40::/64""",5
2026-07-28 12:39:00,ccf-aiops-南京,cr-1,cr,ipv6_route_change_total,"prefix=""fd00:4:40::/64""",5
2026-07-28 12:39:00,ccf-aiops-南京,cr-1,cr,ipv6_route_change_total,"prefix=""fd00:3:40::/64""",0
2026-07-28 12:39:00,ccf-aiops-南京,cr-1,cr,ipv6_route_change_total,"prefix=""::/0""",0
2026-07-28 12:39:00,ccf-aiops-南京,cr-1,cr,ipv6_route_change_total,"prefix=""fd00:1:40::/64""",5
2026-07-28 12:39:00,ccf-aiops-南京,cr-1,cr,ipv6_route_count,"protocol=""ospf""",7
2026-07-28 12:39:00,ccf-aiops-南京,cr-1,cr,ipv6_route_count,"protocol=""kernel""",7
2026-07-28 12:39:00,ccf-aiops-南京,cr-1,cr,ipv6_route_count,"protocol=""all""",16
2026-07-28 12:39:00,ccf-aiops-南京,cr-1,cr,ipv6_route_count,"protocol=""196""",2
2026-07-28 12:39:00,ccf-aiops-南京,cr-1,cr,ipv6_route_exists,"prefix=""fd00:5:40::/64""",1
2026-07-28 12:39:00,ccf-aiops-南京,cr-1,cr,ipv6_route_exists,"prefix=""fd00:4:40::/64""",1
2026-07-28 12:39:00,ccf-aiops-南京,cr-1,cr,ipv6_route_exists,"prefix=""fd00:3:40::/64""",1
2026-07-28 12:39:00,ccf-aiops-南京,cr-1,cr,ipv6_route_exists,"prefix=""fd00:2:40::/64""",1
2026-07-28 12:39:00,ccf-aiops-南京,cr-1,cr,ipv6_route_exists,"prefix=""fd00:1:40::/64""",1
2026-07-28 12:39:00,ccf-aiops-南京,cr-1,cr,ipv6_route_exists,"prefix=""::/0""",1
2026-07-28 12:39:00,ccf-aiops-南京,cr-1,cr,ipv6_route_exists,"prefix=""fd00:6:40::/64""",1
2026-07-28 12:39:00,ccf-aiops-南京,cr-1,cr,ipv6_route_exists,"prefix=""fd00:8:40::/64""",1
2026-07-28 12:39:00,ccf-aiops-南京,cr-1,cr,ipv6_route_exists,"prefix=""fd00:7:40::/64""",1
2026-07-28 12:39:00,ccf-aiops-南京,cr-1,cr,ipv6_route_nexthop_info,"prefix=""fd00:2:40::/64"",next_hop=""fe80::7:20:2"",dev=""ens4"",protocol=""ospf"",metric=""20"",route_index=""0"",nh_index=""1""",1
2026-07-28 12:39:00,ccf-aiops-南京,cr-1,cr,ipv6_route_nexthop_info,"prefix=""::/0"",next_hop=""fd00:7:20::1"",dev=""ens4"",protocol=""196"",metric=""20"",route_index=""0"",nh_index=""0""",1
2026-07-28 12:39:00,ccf-aiops-南京,cr-1,cr,ipv6_route_nexthop_info,"prefix=""fd00:7:40::/64"",next_hop=""fd00:7:30::254"",dev=""ens5"",protocol=""196"",metric=""20"",route_index=""0"",nh_index=""0""",1
2026-07-28 12:39:00,ccf-aiops-南京,cr-1,cr,ipv6_route_nexthop_info,"prefix=""::/0"",next_hop=""fd00:7:20::2"",dev=""ens4"",protocol=""196"",metric=""20"",route_index=""0"",nh_index=""1""",1
2026-07-28 12:39:00,ccf-aiops-南京,cr-1,cr,ipv6_route_nexthop_info,"prefix=""fd00:1:40::/64"",next_hop=""fe80::7:20:1"",dev=""ens4"",protocol=""ospf"",metric=""20"",route_index=""0"",nh_index=""0""",1
2026-07-28 12:39:00,ccf-aiops-南京,cr-1,cr,ipv6_route_nexthop_info,"prefix=""fd00:2:40::/64"",next_hop=""fe80::7:20:1"",dev=""ens4"",protocol=""ospf"",metric=""20"",route_index=""0"",nh_index=""0""",1
2026-07-28 12:39:00,ccf-aiops-南京,cr-1,cr,ipv6_route_nexthop_info,"prefix=""fd00:3:40::/64"",next_hop=""fe80::7:20:1"",dev=""ens4"",protocol=""ospf"",metric=""20"",route_index=""0"",nh_index=""0""",1
2026-07-28 12:39:00,ccf-aiops-南京,cr-1,cr,ipv6_route_nexthop_info,"prefix=""fd00:4:40::/64"",next_hop=""fe80::7:20:1"",dev=""ens4"",protocol=""ospf"",metric=""20"",route_index=""0"",nh_index=""0""",1
2026-07-28 12:39:00,ccf-aiops-南京,cr-1,cr,ipv6_route_nexthop_info,"prefix=""fd00:5:40::/64"",next_hop=""fe80::7:20:1"",dev=""ens4"",protocol=""ospf"",metric=""20"",route_index=""0"",nh_index=""0""",1
2026-07-28 12:39:00,ccf-aiops-南京,cr-1,cr,ipv6_route_nexthop_info,"prefix=""fd00:6:40::/64"",next_hop=""fe80::7:20:1"",dev=""ens4"",protocol=""ospf"",metric=""20"",route_index=""0"",nh_index=""0""",1
2026-07-28 12:39:00,ccf-aiops-南京,cr-1,cr,ipv6_route_nexthop_info,"prefix=""fd00:8:40::/64"",next_hop=""fe80::7:20:1"",dev=""ens4"",protocol=""ospf"",metric=""20"",route_index=""0"",nh_index=""0""",1
2026-07-28 12:39:00,ccf-aiops-南京,cr-1,cr,ipv6_route_nexthop_info,"prefix=""fd00:8:40::/64"",next_hop=""fe80::7:20:2"",dev=""ens4"",protocol=""ospf"",metric=""20"",route_index=""0"",nh_index=""1""",1
2026-07-28 12:39:00,ccf-aiops-南京,cr-1,cr,ipv6_route_nexthop_info,"prefix=""fd00:6:40::/64"",next_hop=""fe80::7:20:2"",dev=""ens4"",protocol=""ospf"",metric=""20"",route_index=""0"",nh_index=""1""",1
2026-07-28 12:39:00,ccf-aiops-南京,cr-1,cr,ipv6_route_nexthop_info,"prefix=""fd00:5:40::/64"",next_hop=""fe80::7:20:2"",dev=""ens4"",protocol=""ospf"",metric=""20"",route_index=""0"",nh_index=""1""",1
2026-07-28 12:39:00,ccf-aiops-南京,cr-1,cr,ipv6_route_nexthop_info,"prefix=""fd00:4:40::/64"",next_hop=""fe80::7:20:2"",dev=""ens4"",protocol=""ospf"",metric=""20"",route_index=""0"",nh_index=""1""",1
2026-07-28 12:39:00,ccf-aiops-南京,cr-1,cr,ipv6_route_nexthop_info,"prefix=""fd00:3:40::/64"",next_hop=""fe80::7:20:2"",dev=""ens4"",protocol=""ospf"",metric=""20"",route_index=""0"",nh_index=""1""",1
2026-07-28 12:39:00,ccf-aiops-南京,cr-1,cr,ipv6_route_nexthop_info,"prefix=""fd00:1:40::/64"",next_hop=""fe80::7:20:2"",dev=""ens4"",protocol=""ospf"",metric=""20"",route_index=""0"",nh_index=""1""",1
2026-07-28 12:39:00,ccf-aiops-南京,cr-1,cr,ospf6_interface_cost,"interface=""ens5""",1
2026-07-28 12:39:00,ccf-aiops-南京,cr-1,cr,ospf6_interface_cost,"interface=""ens4""",1
2026-07-28 12:39:00,ccf-aiops-南京,cr-1,cr,ospf6_interface_enabled,"interface=""ens10""",1
2026-07-28 12:39:00,ccf-aiops-南京,cr-1,cr,ospf6_interface_enabled,"interface=""ens5""",1
2026-07-28 12:39:00,ccf-aiops-南京,cr-1,cr,ospf6_interface_enabled,"interface=""ens6""",1
2026-07-28 12:39:00,ccf-aiops-南京,cr-1,cr,ospf6_interface_enabled,"interface=""ens7""",1
2026-07-28 12:39:00,ccf-aiops-南京,cr-1,cr,ospf6_interface_enabled,"interface=""ens8""",1
2026-07-28 12:39:00,ccf-aiops-南京,cr-1,cr,ospf6_interface_enabled,"interface=""ens4""",1
2026-07-28 12:39:00,ccf-aiops-南京,cr-1,cr,ospf6_interface_enabled,"interface=""ens3""",1
2026-07-28 12:39:00,ccf-aiops-南京,cr-1,cr,ospf6_interface_enabled,"interface=""ens9""",1
2026-07-28 12:39:00,ccf-aiops-南京,cr-1,cr,ospf6_interface_enabled,"interface=""lo""",1
2026-07-28 12:39:00,ccf-aiops-南京,cr-1,cr,ospf6_interface_enabled,"interface=""virbr0""",0
2026-07-28 12:39:00,ccf-aiops-南京,cr-1,cr,ospf6_interface_enabled,"interface=""vxlan100""",1
2026-07-28 12:39:00,ccf-aiops-南京,cr-1,cr,ospf6_interface_enabled,"interface=""ens11""",1
2026-07-28 12:39:00,ccf-aiops-南京,cr-1,cr,ospf6_interface_enabled,"interface=""ens12""",1
2026-07-28 12:39:00,ccf-aiops-南京,cr-1,cr,ospf6_neighbor_state_code,"state=""Full"",interface=""ens5"",neighbor_id=""7.7.7.12""",6
2026-07-28 12:39:00,ccf-aiops-南京,cr-1,cr,ospf6_neighbor_state_code,"state=""Full"",interface=""ens4"",neighbor_id=""7.7.7.2""",6
2026-07-28 12:39:00,ccf-aiops-南京,cr-1,cr,ospf6_neighbor_state_code,"state=""Full"",interface=""ens4"",neighbor_id=""7.7.7.12""",6
2026-07-28 12:39:00,ccf-aiops-南京,cr-1,cr,ospf6_neighbor_state_code,"state=""Twoway"",interface=""ens4"",neighbor_id=""7.7.7.1""",2
2026-07-28 12:39:00,ccf-aiops-南京,cr-1,cr,bgp_command_success,,
2026-07-28 12:39:00,ccf-aiops-南京,cr-1,cr,bgp_peer_up,,
2026-07-28 12:39:00,ccf-aiops-南京,cr-1,cr,bgp_peer_uptime_seconds,,
2026-07-28 12:39:00,ccf-aiops-南京,cr-1,cr,bgp_peer_prefix_received,,
2026-07-28 12:39:00,ccf-aiops-南京,cr-1,cr,bgp_peer_prefix_sent,,
2026-07-28 12:39:00,ccf-aiops-南京,cr-1,cr,bgp_peer_count,,
2026-07-28 12:39:00,ccf-aiops-南京,cr-2,cr,ipv6_default_route_changed_total,,0
2026-07-28 12:39:00,ccf-aiops-南京,cr-2,cr,ipv6_default_route_info,"next_hop=""fd00:7:20::2"",dev=""ens4"",protocol=""196"",metric=""20"",route_index=""0"",nh_index=""1""",1
2026-07-28 12:39:00,ccf-aiops-南京,cr-2,cr,ipv6_default_route_info,"next_hop=""fd00:7:20::1"",dev=""ens4"",protocol=""196"",metric=""20"",route_index=""0"",nh_index=""0""",1
2026-07-28 12:39:00,ccf-aiops-南京,cr-2,cr,ipv6_route_change_total,"prefix=""fd00:1:40::/64""",3
2026-07-28 12:39:00,ccf-aiops-南京,cr-2,cr,ipv6_route_change_total,"prefix=""::/0""",0
2026-07-28 12:39:00,ccf-aiops-南京,cr-2,cr,ipv6_route_change_total,"prefix=""fd00:8:40::/64""",3
2026-07-28 12:39:00,ccf-aiops-南京,cr-2,cr,ipv6_route_change_total,"prefix=""fd00:7:40::/64""",0
2026-07-28 12:39:00,ccf-aiops-南京,cr-2,cr,ipv6_route_change_total,"prefix=""fd00:6:40::/64""",3
2026-07-28 12:39:00,ccf-aiops-南京,cr-2,cr,ipv6_route_change_total,"prefix=""fd00:5:40::/64""",3
2026-07-28 12:39:00,ccf-aiops-南京,cr-2,cr,ipv6_route_change_total,"prefix=""fd00:4:40::/64""",3
2026-07-28 12:39:00,ccf-aiops-南京,cr-2,cr,ipv6_route_change_total,"prefix=""fd00:3:40::/64""",3
2026-07-28 12:39:00,ccf-aiops-南京,cr-2,cr,ipv6_route_change_total,"prefix=""fd00:2:40::/64""",3
2026-07-28 12:39:00,ccf-aiops-南京,cr-2,cr,ipv6_route_count,"protocol=""196""",2
2026-07-28 12:39:00,ccf-aiops-南京,cr-2,cr,ipv6_route_count,"protocol=""all""",15
2026-07-28 12:39:00,ccf-aiops-南京,cr-2,cr,ipv6_route_count,"protocol=""kernel""",6
2026-07-28 12:39:00,ccf-aiops-南京,cr-2,cr,ipv6_route_count,"protocol=""ospf""",7
2026-07-28 12:39:00,ccf-aiops-南京,cr-2,cr,ipv6_route_exists,"prefix=""fd00:7:40::/64""",1
2026-07-28 12:39:00,ccf-aiops-南京,cr-2,cr,ipv6_route_exists,"prefix=""fd00:8:40::/64""",1
2026-07-28 12:39:00,ccf-aiops-南京,cr-2,cr,ipv6_route_exists,"prefix=""fd00:5:40::/64""",1
2026-07-28 12:39:00,ccf-aiops-南京,cr-2,cr,ipv6_route_exists,"prefix=""fd00:6:40::/64""",1
2026-07-28 12:39:00,ccf-aiops-南京,cr-2,cr,ipv6_route_exists,"prefix=""fd00:3:40::/64""",1
2026-07-28 12:39:00,ccf-aiops-南京,cr-2,cr,ipv6_route_exists,"prefix=""fd00:2:40::/64""",1
2026-07-28 12:39:00,ccf-aiops-南京,cr-2,cr,ipv6_route_exists,"prefix=""fd00:1:40::/64""",1
2026-07-28 12:39:00,ccf-aiops-南京,cr-2,cr,ipv6_route_exists,"prefix=""::/0""",1
2026-07-28 12:39:00,ccf-aiops-南京,cr-2,cr,ipv6_route_exists,"prefix=""fd00:4:40::/64""",1
2026-07-28 12:39:00,ccf-aiops-南京,cr-2,cr,ipv6_route_nexthop_info,"prefix=""fd00:6:40::/64"",next_hop=""fe80::7:20:2"",dev=""ens4"",protocol=""ospf"",metric=""20"",route_index=""0"",nh_index=""0""",1
2026-07-28 12:39:00,ccf-aiops-南京,cr-2,cr,ipv6_route_nexthop_info,"prefix=""fd00:8:40::/64"",next_hop=""fe80::7:20:2"",dev=""ens4"",protocol=""ospf"",metric=""20"",route_index=""0"",nh_index=""0""",1
2026-07-28 12:39:00,ccf-aiops-南京,cr-2,cr,ipv6_route_nexthop_info,"prefix=""fd00:5:40::/64"",next_hop=""fe80::7:20:2"",dev=""ens4"",protocol=""ospf"",metric=""20"",route_index=""0"",nh_index=""0""",1
2026-07-28 12:39:00,ccf-aiops-南京,cr-2,cr,ipv6_route_nexthop_info,"prefix=""fd00:4:40::/64"",next_hop=""fe80::7:20:2"",dev=""ens4"",protocol=""ospf"",metric=""20"",route_index=""0"",nh_index=""0""",1
2026-07-28 12:39:00,ccf-aiops-南京,cr-2,cr,ipv6_route_nexthop_info,"prefix=""fd00:3:40::/64"",next_hop=""fe80::7:20:2"",dev=""ens4"",protocol=""ospf"",metric=""20"",route_index=""0"",nh_index=""0""",1
2026-07-28 12:39:00,ccf-aiops-南京,cr-2,cr,ipv6_route_nexthop_info,"prefix=""fd00:2:40::/64"",next_hop=""fe80::7:20:2"",dev=""ens4"",protocol=""ospf"",metric=""20"",route_index=""0"",nh_index=""0""",1
2026-07-28 12:39:00,ccf-aiops-南京,cr-2,cr,ipv6_route_nexthop_info,"prefix=""fd00:1:40::/64"",next_hop=""fe80::7:20:2"",dev=""ens4"",protocol=""ospf"",metric=""20"",route_index=""0"",nh_index=""0""",1
2026-07-28 12:39:00,ccf-aiops-南京,cr-2,cr,ipv6_route_nexthop_info,"prefix=""fd00:7:40::/64"",next_hop=""fd00:7:30::254"",dev=""ens5"",protocol=""196"",metric=""20"",route_index=""0"",nh_index=""0""",1
2026-07-28 12:39:00,ccf-aiops-南京,cr-2,cr,ipv6_route_nexthop_info,"prefix=""fd00:8:40::/64"",next_hop=""fe80::7:20:1"",dev=""ens4"",protocol=""ospf"",metric=""20"",route_index=""0"",nh_index=""1""",1
2026-07-28 12:39:00,ccf-aiops-南京,cr-2,cr,ipv6_route_nexthop_info,"prefix=""fd00:6:40::/64"",next_hop=""fe80::7:20:1"",dev=""ens4"",protocol=""ospf"",metric=""20"",route_index=""0"",nh_index=""1""",1
2026-07-28 12:39:00,ccf-aiops-南京,cr-2,cr,ipv6_route_nexthop_info,"prefix=""fd00:5:40::/64"",next_hop=""fe80::7:20:1"",dev=""ens4"",protocol=""ospf"",metric=""20"",route_index=""0"",nh_index=""1""",1
2026-07-28 12:39:00,ccf-aiops-南京,cr-2,cr,ipv6_route_nexthop_info,"prefix=""fd00:4:40::/64"",next_hop=""fe80::7:20:1"",dev=""ens4"",protocol=""ospf"",metric=""20"",route_index=""0"",nh_index=""1""",1
2026-07-28 12:39:00,ccf-aiops-南京,cr-2,cr,ipv6_route_nexthop_info,"prefix=""fd00:3:40::/64"",next_hop=""fe80::7:20:1"",dev=""ens4"",protocol=""ospf"",metric=""20"",route_index=""0"",nh_index=""1""",1
2026-07-28 12:39:00,ccf-aiops-南京,cr-2,cr,ipv6_route_nexthop_info,"prefix=""fd00:2:40::/64"",next_hop=""fe80::7:20:1"",dev=""ens4"",protocol=""ospf"",metric=""20"",route_index=""0"",nh_index=""1""",1
2026-07-28 12:39:00,ccf-aiops-南京,cr-2,cr,ipv6_route_nexthop_info,"prefix=""fd00:1:40::/64"",next_hop=""fe80::7:20:1"",dev=""ens4"",protocol=""ospf"",metric=""20"",route_index=""0"",nh_index=""1""",1
2026-07-28 12:39:00,ccf-aiops-南京,cr-2,cr,ipv6_route_nexthop_info,"prefix=""::/0"",next_hop=""fd00:7:20::2"",dev=""ens4"",protocol=""196"",metric=""20"",route_index=""0"",nh_index=""1""",1
2026-07-28 12:39:00,ccf-aiops-南京,cr-2,cr,ipv6_route_nexthop_info,"prefix=""::/0"",next_hop=""fd00:7:20::1"",dev=""ens4"",protocol=""196"",metric=""20"",route_index=""0"",nh_index=""0""",1
2026-07-28 12:39:00,ccf-aiops-南京,cr-2,cr,ospf6_interface_cost,"interface=""ens4""",1
2026-07-28 12:39:00,ccf-aiops-南京,cr-2,cr,ospf6_interface_cost,"interface=""ens5""",1
2026-07-28 12:39:00,ccf-aiops-南京,cr-2,cr,ospf6_interface_enabled,"interface=""ens4""",1
2026-07-28 12:39:00,ccf-aiops-南京,cr-2,cr,ospf6_interface_enabled,"interface=""lo""",1
2026-07-28 12:39:00,ccf-aiops-南京,cr-2,cr,ospf6_interface_enabled,"interface=""ens9""",1
2026-07-28 12:39:00,ccf-aiops-南京,cr-2,cr,ospf6_interface_enabled,"interface=""ens8""",1
2026-07-28 12:39:00,ccf-aiops-南京,cr-2,cr,ospf6_interface_enabled,"interface=""ens7""",1
2026-07-28 12:39:00,ccf-aiops-南京,cr-2,cr,ospf6_interface_enabled,"interface=""ens6""",1
2026-07-28 12:39:00,ccf-aiops-南京,cr-2,cr,ospf6_interface_enabled,"interface=""ens5""",1
2026-07-28 12:39:00,ccf-aiops-南京,cr-2,cr,ospf6_interface_enabled,"interface=""virbr0""",0
2026-07-28 12:39:00,ccf-aiops-南京,cr-2,cr,ospf6_interface_enabled,"interface=""ens3""",1
2026-07-28 12:39:00,ccf-aiops-南京,cr-2,cr,ospf6_interface_enabled,"interface=""ens12""",1
2026-07-28 12:39:00,ccf-aiops-南京,cr-2,cr,ospf6_interface_enabled,"interface=""ens11""",1
2026-07-28 12:39:00,ccf-aiops-南京,cr-2,cr,ospf6_interface_enabled,"interface=""ens10""",1
2026-07-28 12:39:00,ccf-aiops-南京,cr-2,cr,ospf6_neighbor_state_code,"state=""Full"",interface=""ens4"",neighbor_id=""7.7.7.2""",6
2026-07-28 12:39:00,ccf-aiops-南京,cr-2,cr,ospf6_neighbor_state_code,"state=""Full"",interface=""ens5"",neighbor_id=""7.7.7.11""",6
2026-07-28 12:39:00,ccf-aiops-南京,cr-2,cr,ospf6_neighbor_state_code,"state=""Full"",interface=""ens4"",neighbor_id=""7.7.7.11""",6
2026-07-28 12:39:00,ccf-aiops-南京,cr-2,cr,ospf6_neighbor_state_code,"state=""Full"",interface=""ens4"",neighbor_id=""7.7.7.1""",6
2026-07-28 12:39:00,ccf-aiops-南京,cr-2,cr,bgp_command_success,,
2026-07-28 12:39:00,ccf-aiops-南京,cr-2,cr,bgp_peer_up,,
2026-07-28 12:39:00,ccf-aiops-南京,cr-2,cr,bgp_peer_uptime_seconds,,
2026-07-28 12:39:00,ccf-aiops-南京,cr-2,cr,bgp_peer_prefix_received,,
2026-07-28 12:39:00,ccf-aiops-南京,cr-2,cr,bgp_peer_prefix_sent,,
2026-07-28 12:39:00,ccf-aiops-南京,cr-2,cr,bgp_peer_count,,
2026-07-28 12:40:00,ccf-aiops-南京,br-1,br,bgp_command_success,"command=""bgp_summary""",1
2026-07-28 12:40:00,ccf-aiops-南京,br-1,br,bgp_peer_count,,2
2026-07-28 12:40:00,ccf-aiops-南京,br-1,br,bgp_peer_prefix_received,"peer=""fd00:100:10::41"",remote_as=""65005"",state=""Established""",7
2026-07-28 12:40:00,ccf-aiops-南京,br-1,br,bgp_peer_prefix_received,"peer=""fd00:100:10::51"",remote_as=""65006"",state=""Established""",7
2026-07-28 12:40:00,ccf-aiops-南京,br-1,br,bgp_peer_prefix_sent,"peer=""fd00:100:10::41"",remote_as=""65005"",state=""Established""",8
2026-07-28 12:40:00,ccf-aiops-南京,br-1,br,bgp_peer_prefix_sent,"peer=""fd00:100:10::51"",remote_as=""65006"",state=""Established""",8
2026-07-28 12:40:00,ccf-aiops-南京,br-1,br,bgp_peer_up,"peer=""fd00:100:10::51"",remote_as=""65006"",state=""Established""",1
2026-07-28 12:40:00,ccf-aiops-南京,br-1,br,bgp_peer_up,"peer=""fd00:100:10::41"",remote_as=""65005"",state=""Established""",1
2026-07-28 12:40:00,ccf-aiops-南京,br-1,br,bgp_peer_uptime_seconds,"peer=""fd00:100:10::51"",remote_as=""65006"",state=""Established""",2412959
2026-07-28 12:40:00,ccf-aiops-南京,br-1,br,bgp_peer_uptime_seconds,"peer=""fd00:100:10::41"",remote_as=""65005"",state=""Established""",2412959
2026-07-28 12:40:00,ccf-aiops-南京,br-1,br,ipv6_default_route_changed_total,,0
2026-07-28 12:40:00,ccf-aiops-南京,br-1,br,ipv6_default_route_info,"next_hop=""240a:a023::1"",dev=""ens4"",protocol=""unknown"",metric=""1024"",route_index=""0"",nh_index=""0""",1
2026-07-28 12:40:00,ccf-aiops-南京,br-1,br,ipv6_route_change_total,"prefix=""fd00:6:40::/64""",0
2026-07-28 12:40:00,ccf-aiops-南京,br-1,br,ipv6_route_change_total,"prefix=""fd00:5:40::/64""",0
2026-07-28 12:40:00,ccf-aiops-南京,br-1,br,ipv6_route_change_total,"prefix=""::/0""",0
2026-07-28 12:40:00,ccf-aiops-南京,br-1,br,ipv6_route_change_total,"prefix=""fd00:7:40::/64""",8
2026-07-28 12:40:00,ccf-aiops-南京,br-1,br,ipv6_route_change_total,"prefix=""fd00:8:40::/64""",0
2026-07-28 12:40:00,ccf-aiops-南京,br-1,br,ipv6_route_change_total,"prefix=""fd00:1:40::/64""",0
2026-07-28 12:40:00,ccf-aiops-南京,br-1,br,ipv6_route_change_total,"prefix=""fd00:2:40::/64""",5
2026-07-28 12:40:00,ccf-aiops-南京,br-1,br,ipv6_route_change_total,"prefix=""fd00:3:40::/64""",0
2026-07-28 12:40:00,ccf-aiops-南京,br-1,br,ipv6_route_change_total,"prefix=""fd00:4:40::/64""",0
2026-07-28 12:40:00,ccf-aiops-南京,br-1,br,ipv6_route_count,"protocol=""all""",17
2026-07-28 12:40:00,ccf-aiops-南京,br-1,br,ipv6_route_count,"protocol=""bgp""",7
2026-07-28 12:40:00,ccf-aiops-南京,br-1,br,ipv6_route_count,"protocol=""kernel""",7
2026-07-28 12:40:00,ccf-aiops-南京,br-1,br,ipv6_route_count,"protocol=""ospf""",2
2026-07-28 12:40:00,ccf-aiops-南京,br-1,br,ipv6_route_count,"protocol=""unknown""",1
2026-07-28 12:40:00,ccf-aiops-南京,br-1,br,ipv6_route_exists,"prefix=""fd00:6:40::/64""",1
2026-07-28 12:40:00,ccf-aiops-南京,br-1,br,ipv6_route_exists,"prefix=""fd00:7:40::/64""",1
2026-07-28 12:40:00,ccf-aiops-南京,br-1,br,ipv6_route_exists,"prefix=""fd00:8:40::/64""",1
2026-07-28 12:40:00,ccf-aiops-南京,br-1,br,ipv6_route_exists,"prefix=""fd00:5:40::/64""",1
2026-07-28 12:40:00,ccf-aiops-南京,br-1,br,ipv6_route_exists,"prefix=""fd00:4:40::/64""",1
2026-07-28 12:40:00,ccf-aiops-南京,br-1,br,ipv6_route_exists,"prefix=""fd00:3:40::/64""",1
2026-07-28 12:40:00,ccf-aiops-南京,br-1,br,ipv6_route_exists,"prefix=""fd00:2:40::/64""",1
2026-07-28 12:40:00,ccf-aiops-南京,br-1,br,ipv6_route_exists,"prefix=""fd00:1:40::/64""",1
2026-07-28 12:40:00,ccf-aiops-南京,br-1,br,ipv6_route_exists,"prefix=""::/0""",1
2026-07-28 12:40:00,ccf-aiops-南京,br-1,br,ipv6_route_nexthop_info,"prefix=""::/0"",next_hop=""240a:a023::1"",dev=""ens4"",protocol=""unknown"",metric=""1024"",route_index=""0"",nh_index=""0""",1
2026-07-28 12:40:00,ccf-aiops-南京,br-1,br,ipv6_route_nexthop_info,"prefix=""fd00:3:40::/64"",next_hop=""fe80::100:10:41"",dev=""ens4"",protocol=""bgp"",metric=""20"",route_index=""0"",nh_index=""0""",1
2026-07-28 12:40:00,ccf-aiops-南京,br-1,br,ipv6_route_nexthop_info,"prefix=""fd00:4:40::/64"",next_hop=""fe80::100:10:41"",dev=""ens4"",protocol=""bgp"",metric=""20"",route_index=""0"",nh_index=""0""",1
2026-07-28 12:40:00,ccf-aiops-南京,br-1,br,ipv6_route_nexthop_info,"prefix=""fd00:5:40::/64"",next_hop=""fe80::100:10:41"",dev=""ens4"",protocol=""bgp"",metric=""20"",route_index=""0"",nh_index=""0""",1
2026-07-28 12:40:00,ccf-aiops-南京,br-1,br,ipv6_route_nexthop_info,"prefix=""fd00:8:40::/64"",next_hop=""fe80::100:10:41"",dev=""ens4"",protocol=""bgp"",metric=""20"",route_index=""0"",nh_index=""0""",1
2026-07-28 12:40:00,ccf-aiops-南京,br-1,br,ipv6_route_nexthop_info,"prefix=""fd00:1:40::/64"",next_hop=""fe80::100:10:51"",dev=""ens4"",protocol=""bgp"",metric=""20"",route_index=""0"",nh_index=""0""",1
2026-07-28 12:40:00,ccf-aiops-南京,br-1,br,ipv6_route_nexthop_info,"prefix=""fd00:2:40::/64"",next_hop=""fe80::100:10:51"",dev=""ens4"",protocol=""bgp"",metric=""20"",route_index=""0"",nh_index=""0""",1
2026-07-28 12:40:00,ccf-aiops-南京,br-1,br,ipv6_route_nexthop_info,"prefix=""fd00:6:40::/64"",next_hop=""fe80::100:10:51"",dev=""ens4"",protocol=""bgp"",metric=""20"",route_index=""0"",nh_index=""0""",1
2026-07-28 12:40:00,ccf-aiops-南京,br-1,br,ipv6_route_nexthop_info,"prefix=""fd00:7:40::/64"",next_hop=""fe80::7:20:12"",dev=""ens5"",protocol=""ospf"",metric=""20"",route_index=""0"",nh_index=""0""",1
2026-07-28 12:40:00,ccf-aiops-南京,br-1,br,ipv6_route_nexthop_info,"prefix=""fd00:7:40::/64"",next_hop=""fe80::7:20:11"",dev=""ens5"",protocol=""ospf"",metric=""20"",route_index=""0"",nh_index=""1""",1
2026-07-28 12:40:00,ccf-aiops-南京,br-1,br,ospf6_interface_cost,"interface=""ens5""",1
2026-07-28 12:40:00,ccf-aiops-南京,br-1,br,ospf6_interface_enabled,"interface=""ens7""",1
2026-07-28 12:40:00,ccf-aiops-南京,br-1,br,ospf6_interface_enabled,"interface=""virbr0""",0
2026-07-28 12:40:00,ccf-aiops-南京,br-1,br,ospf6_interface_enabled,"interface=""lo""",1
2026-07-28 12:40:00,ccf-aiops-南京,br-1,br,ospf6_interface_enabled,"interface=""ens6""",1
2026-07-28 12:40:00,ccf-aiops-南京,br-1,br,ospf6_interface_enabled,"interface=""ens10""",1
2026-07-28 12:40:00,ccf-aiops-南京,br-1,br,ospf6_interface_enabled,"interface=""ens11""",1
2026-07-28 12:40:00,ccf-aiops-南京,br-1,br,ospf6_interface_enabled,"interface=""ens12""",1
2026-07-28 12:40:00,ccf-aiops-南京,br-1,br,ospf6_interface_enabled,"interface=""ens3""",1
2026-07-28 12:40:00,ccf-aiops-南京,br-1,br,ospf6_interface_enabled,"interface=""ens8""",1
2026-07-28 12:40:00,ccf-aiops-南京,br-1,br,ospf6_interface_enabled,"interface=""ens4""",1
2026-07-28 12:40:00,ccf-aiops-南京,br-1,br,ospf6_interface_enabled,"interface=""ens5""",1
2026-07-28 12:40:00,ccf-aiops-南京,br-1,br,ospf6_interface_enabled,"interface=""ens9""",1
2026-07-28 12:40:00,ccf-aiops-南京,br-1,br,ospf6_neighbor_state_code,"state=""Full"",interface=""ens5"",neighbor_id=""7.7.7.12""",6
2026-07-28 12:40:00,ccf-aiops-南京,br-1,br,ospf6_neighbor_state_code,"state=""Full"",interface=""ens5"",neighbor_id=""7.7.7.2""",6
2026-07-28 12:40:00,ccf-aiops-南京,br-1,br,ospf6_neighbor_state_code,"state=""Twoway"",interface=""ens5"",neighbor_id=""7.7.7.11""",2
2026-07-28 12:40:00,ccf-aiops-南京,br-2,br,bgp_command_success,"command=""bgp_summary""",1
2026-07-28 12:40:00,ccf-aiops-南京,br-2,br,bgp_peer_count,,2
2026-07-28 12:40:00,ccf-aiops-南京,br-2,br,bgp_peer_prefix_received,"peer=""fd00:100:10::52"",remote_as=""65006"",state=""Established""",7
2026-07-28 12:40:00,ccf-aiops-南京,br-2,br,bgp_peer_prefix_received,"peer=""fd00:100:10::42"",remote_as=""65005"",state=""Established""",7
2026-07-28 12:40:00,ccf-aiops-南京,br-2,br,bgp_peer_prefix_sent,"peer=""fd00:100:10::52"",remote_as=""65006"",state=""Established""",8
2026-07-28 12:40:00,ccf-aiops-南京,br-2,br,bgp_peer_prefix_sent,"peer=""fd00:100:10::42"",remote_as=""65005"",state=""Established""",8
2026-07-28 12:40:00,ccf-aiops-南京,br-2,br,bgp_peer_up,"peer=""fd00:100:10::52"",remote_as=""65006"",state=""Established""",1
2026-07-28 12:40:00,ccf-aiops-南京,br-2,br,bgp_peer_up,"peer=""fd00:100:10::42"",remote_as=""65005"",state=""Established""",1
2026-07-28 12:40:00,ccf-aiops-南京,br-2,br,bgp_peer_uptime_seconds,"peer=""fd00:100:10::52"",remote_as=""65006"",state=""Established""",2412927
2026-07-28 12:40:00,ccf-aiops-南京,br-2,br,bgp_peer_uptime_seconds,"peer=""fd00:100:10::42"",remote_as=""65005"",state=""Established""",2412927
2026-07-28 12:40:00,ccf-aiops-南京,br-2,br,ipv6_default_route_changed_total,,0
2026-07-28 12:40:00,ccf-aiops-南京,br-2,br,ipv6_default_route_info,"next_hop=""240a:a023::1"",dev=""ens4"",protocol=""unknown"",metric=""1024"",route_index=""0"",nh_index=""0""",1
2026-07-28 12:40:00,ccf-aiops-南京,br-2,br,ipv6_route_change_total,"prefix=""fd00:2:40::/64""",3
2026-07-28 12:40:00,ccf-aiops-南京,br-2,br,ipv6_route_change_total,"prefix=""fd00:6:40::/64""",0
2026-07-28 12:40:00,ccf-aiops-南京,br-2,br,ipv6_route_change_total,"prefix=""fd00:5:40::/64""",0
2026-07-28 12:40:00,ccf-aiops-南京,br-2,br,ipv6_route_change_total,"prefix=""fd00:8:40::/64""",0
2026-07-28 12:40:00,ccf-aiops-南京,br-2,br,ipv6_route_change_total,"prefix=""fd00:7:40::/64""",10
2026-07-28 12:40:00,ccf-aiops-南京,br-2,br,ipv6_route_change_total,"prefix=""fd00:4:40::/64""",0
2026-07-28 12:40:00,ccf-aiops-南京,br-2,br,ipv6_route_change_total,"prefix=""fd00:3:40::/64""",0
2026-07-28 12:40:00,ccf-aiops-南京,br-2,br,ipv6_route_change_total,"prefix=""fd00:1:40::/64""",0
2026-07-28 12:40:00,ccf-aiops-南京,br-2,br,ipv6_route_change_total,"prefix=""::/0""",0
2026-07-28 12:40:00,ccf-aiops-南京,br-2,br,ipv6_route_count,"protocol=""unknown""",1
2026-07-28 12:40:00,ccf-aiops-南京,br-2,br,ipv6_route_count,"protocol=""all""",17
2026-07-28 12:40:00,ccf-aiops-南京,br-2,br,ipv6_route_count,"protocol=""bgp""",7
2026-07-28 12:40:00,ccf-aiops-南京,br-2,br,ipv6_route_count,"protocol=""kernel""",7
2026-07-28 12:40:00,ccf-aiops-南京,br-2,br,ipv6_route_count,"protocol=""ospf""",2
2026-07-28 12:40:00,ccf-aiops-南京,br-2,br,ipv6_route_exists,"prefix=""fd00:4:40::/64""",1
2026-07-28 12:40:00,ccf-aiops-南京,br-2,br,ipv6_route_exists,"prefix=""fd00:5:40::/64""",1
2026-07-28 12:40:00,ccf-aiops-南京,br-2,br,ipv6_route_exists,"prefix=""fd00:6:40::/64""",1
2026-07-28 12:40:00,ccf-aiops-南京,br-2,br,ipv6_route_exists,"prefix=""fd00:7:40::/64""",1
2026-07-28 12:40:00,ccf-aiops-南京,br-2,br,ipv6_route_exists,"prefix=""fd00:8:40::/64""",1
2026-07-28 12:40:00,ccf-aiops-南京,br-2,br,ipv6_route_exists,"prefix=""fd00:3:40::/64""",1
2026-07-28 12:40:00,ccf-aiops-南京,br-2,br,ipv6_route_exists,"prefix=""fd00:2:40::/64""",1
2026-07-28 12:40:00,ccf-aiops-南京,br-2,br,ipv6_route_exists,"prefix=""::/0""",1
2026-07-28 12:40:00,ccf-aiops-南京,br-2,br,ipv6_route_exists,"prefix=""fd00:1:40::/64""",1
2026-07-28 12:40:00,ccf-aiops-南京,br-2,br,ipv6_route_nexthop_info,"prefix=""::/0"",next_hop=""240a:a023::1"",dev=""ens4"",protocol=""unknown"",metric=""1024"",route_index=""0"",nh_index=""0""",1
2026-07-28 12:40:00,ccf-aiops-南京,br-2,br,ipv6_route_nexthop_info,"prefix=""fd00:3:40::/64"",next_hop=""fe80::100:10:42"",dev=""ens4"",protocol=""bgp"",metric=""20"",route_index=""0"",nh_index=""0""",1
2026-07-28 12:40:00,ccf-aiops-南京,br-2,br,ipv6_route_nexthop_info,"prefix=""fd00:4:40::/64"",next_hop=""fe80::100:10:42"",dev=""ens4"",protocol=""bgp"",metric=""20"",route_index=""0"",nh_index=""0""",1
2026-07-28 12:40:00,ccf-aiops-南京,br-2,br,ipv6_route_nexthop_info,"prefix=""fd00:5:40::/64"",next_hop=""fe80::100:10:42"",dev=""ens4"",protocol=""bgp"",metric=""20"",route_index=""0"",nh_index=""0""",1
2026-07-28 12:40:00,ccf-aiops-南京,br-2,br,ipv6_route_nexthop_info,"prefix=""fd00:8:40::/64"",next_hop=""fe80::100:10:42"",dev=""ens4"",protocol=""bgp"",metric=""20"",route_index=""0"",nh_index=""0""",1
2026-07-28 12:40:00,ccf-aiops-南京,br-2,br,ipv6_route_nexthop_info,"prefix=""fd00:1:40::/64"",next_hop=""fe80::100:10:52"",dev=""ens4"",protocol=""bgp"",metric=""20"",route_index=""0"",nh_index=""0""",1
2026-07-28 12:40:00,ccf-aiops-南京,br-2,br,ipv6_route_nexthop_info,"prefix=""fd00:2:40::/64"",next_hop=""fe80::100:10:52"",dev=""ens4"",protocol=""bgp"",metric=""20"",route_index=""0"",nh_index=""0""",1
2026-07-28 12:40:00,ccf-aiops-南京,br-2,br,ipv6_route_nexthop_info,"prefix=""fd00:6:40::/64"",next_hop=""fe80::100:10:52"",dev=""ens4"",protocol=""bgp"",metric=""20"",route_index=""0"",nh_index=""0""",1
2026-07-28 12:40:00,ccf-aiops-南京,br-2,br,ipv6_route_nexthop_info,"prefix=""fd00:7:40::/64"",next_hop=""fe80::7:20:11"",dev=""ens5"",protocol=""ospf"",metric=""20"",route_index=""0"",nh_index=""1""",1
2026-07-28 12:40:00,ccf-aiops-南京,br-2,br,ipv6_route_nexthop_info,"prefix=""fd00:7:40::/64"",next_hop=""fe80::7:20:12"",dev=""ens5"",protocol=""ospf"",metric=""20"",route_index=""0"",nh_index=""0""",1
2026-07-28 12:40:00,ccf-aiops-南京,br-2,br,ospf6_interface_cost,"interface=""ens5""",1
2026-07-28 12:40:00,ccf-aiops-南京,br-2,br,ospf6_interface_enabled,"interface=""lo""",1
2026-07-28 12:40:00,ccf-aiops-南京,br-2,br,ospf6_interface_enabled,"interface=""ens5""",1
2026-07-28 12:40:00,ccf-aiops-南京,br-2,br,ospf6_interface_enabled,"interface=""ens6""",1
2026-07-28 12:40:00,ccf-aiops-南京,br-2,br,ospf6_interface_enabled,"interface=""virbr0""",0
2026-07-28 12:40:00,ccf-aiops-南京,br-2,br,ospf6_interface_enabled,"interface=""ens9""",1
2026-07-28 12:40:00,ccf-aiops-南京,br-2,br,ospf6_interface_enabled,"interface=""ens8""",1
2026-07-28 12:40:00,ccf-aiops-南京,br-2,br,ospf6_interface_enabled,"interface=""ens4""",1
2026-07-28 12:40:00,ccf-aiops-南京,br-2,br,ospf6_interface_enabled,"interface=""ens3""",1
2026-07-28 12:40:00,ccf-aiops-南京,br-2,br,ospf6_interface_enabled,"interface=""ens12""",1
2026-07-28 12:40:00,ccf-aiops-南京,br-2,br,ospf6_interface_enabled,"interface=""ens11""",1
2026-07-28 12:40:00,ccf-aiops-南京,br-2,br,ospf6_interface_enabled,"interface=""ens10""",1
2026-07-28 12:40:00,ccf-aiops-南京,br-2,br,ospf6_interface_enabled,"interface=""ens7""",1
2026-07-28 12:40:00,ccf-aiops-南京,br-2,br,ospf6_neighbor_state_code,"state=""Full"",interface=""ens5"",neighbor_id=""7.7.7.12""",6
2026-07-28 12:40:00,ccf-aiops-南京,br-2,br,ospf6_neighbor_state_code,"state=""Full"",interface=""ens5"",neighbor_id=""7.7.7.11""",6
2026-07-28 12:40:00,ccf-aiops-南京,br-2,br,ospf6_neighbor_state_code,"state=""Full"",interface=""ens5"",neighbor_id=""7.7.7.1""",6
2026-07-28 12:40:00,ccf-aiops-南京,cr-1,cr,ipv6_default_route_changed_total,,0
2026-07-28 12:40:00,ccf-aiops-南京,cr-1,cr,ipv6_default_route_info,"next_hop=""fd00:7:20::2"",dev=""ens4"",protocol=""196"",metric=""20"",route_index=""0"",nh_index=""1""",1
2026-07-28 12:40:00,ccf-aiops-南京,cr-1,cr,ipv6_default_route_info,"next_hop=""fd00:7:20::1"",dev=""ens4"",protocol=""196"",metric=""20"",route_index=""0"",nh_index=""0""",1
2026-07-28 12:40:00,ccf-aiops-南京,cr-1,cr,ipv6_route_change_total,"prefix=""fd00:2:40::/64""",0
2026-07-28 12:40:00,ccf-aiops-南京,cr-1,cr,ipv6_route_change_total,"prefix=""fd00:1:40::/64""",5
2026-07-28 12:40:00,ccf-aiops-南京,cr-1,cr,ipv6_route_change_total,"prefix=""::/0""",0
2026-07-28 12:40:00,ccf-aiops-南京,cr-1,cr,ipv6_route_change_total,"prefix=""fd00:4:40::/64""",5
2026-07-28 12:40:00,ccf-aiops-南京,cr-1,cr,ipv6_route_change_total,"prefix=""fd00:5:40::/64""",5
2026-07-28 12:40:00,ccf-aiops-南京,cr-1,cr,ipv6_route_change_total,"prefix=""fd00:6:40::/64""",5
2026-07-28 12:40:00,ccf-aiops-南京,cr-1,cr,ipv6_route_change_total,"prefix=""fd00:7:40::/64""",0
2026-07-28 12:40:00,ccf-aiops-南京,cr-1,cr,ipv6_route_change_total,"prefix=""fd00:8:40::/64""",5
2026-07-28 12:40:00,ccf-aiops-南京,cr-1,cr,ipv6_route_change_total,"prefix=""fd00:3:40::/64""",0
2026-07-28 12:40:00,ccf-aiops-南京,cr-1,cr,ipv6_route_count,"protocol=""kernel""",7
2026-07-28 12:40:00,ccf-aiops-南京,cr-1,cr,ipv6_route_count,"protocol=""ospf""",7
2026-07-28 12:40:00,ccf-aiops-南京,cr-1,cr,ipv6_route_count,"protocol=""all""",16
2026-07-28 12:40:00,ccf-aiops-南京,cr-1,cr,ipv6_route_count,"protocol=""196""",2
2026-07-28 12:40:00,ccf-aiops-南京,cr-1,cr,ipv6_route_exists,"prefix=""fd00:8:40::/64""",1
2026-07-28 12:40:00,ccf-aiops-南京,cr-1,cr,ipv6_route_exists,"prefix=""::/0""",1
2026-07-28 12:40:00,ccf-aiops-南京,cr-1,cr,ipv6_route_exists,"prefix=""fd00:1:40::/64""",1
2026-07-28 12:40:00,ccf-aiops-南京,cr-1,cr,ipv6_route_exists,"prefix=""fd00:2:40::/64""",1
2026-07-28 12:40:00,ccf-aiops-南京,cr-1,cr,ipv6_route_exists,"prefix=""fd00:3:40::/64""",1
2026-07-28 12:40:00,ccf-aiops-南京,cr-1,cr,ipv6_route_exists,"prefix=""fd00:4:40::/64""",1
2026-07-28 12:40:00,ccf-aiops-南京,cr-1,cr,ipv6_route_exists,"prefix=""fd00:5:40::/64""",1
2026-07-28 12:40:00,ccf-aiops-南京,cr-1,cr,ipv6_route_exists,"prefix=""fd00:6:40::/64""",1
2026-07-28 12:40:00,ccf-aiops-南京,cr-1,cr,ipv6_route_exists,"prefix=""fd00:7:40::/64""",1
2026-07-28 12:40:00,ccf-aiops-南京,cr-1,cr,ipv6_route_nexthop_info,"prefix=""::/0"",next_hop=""fd00:7:20::1"",dev=""ens4"",protocol=""196"",metric=""20"",route_index=""0"",nh_index=""0""",1
2026-07-28 12:40:00,ccf-aiops-南京,cr-1,cr,ipv6_route_nexthop_info,"prefix=""::/0"",next_hop=""fd00:7:20::2"",dev=""ens4"",protocol=""196"",metric=""20"",route_index=""0"",nh_index=""1""",1
2026-07-28 12:40:00,ccf-aiops-南京,cr-1,cr,ipv6_route_nexthop_info,"prefix=""fd00:1:40::/64"",next_hop=""fe80::7:20:1"",dev=""ens4"",protocol=""ospf"",metric=""20"",route_index=""0"",nh_index=""0""",1
2026-07-28 12:40:00,ccf-aiops-南京,cr-1,cr,ipv6_route_nexthop_info,"prefix=""fd00:2:40::/64"",next_hop=""fe80::7:20:1"",dev=""ens4"",protocol=""ospf"",metric=""20"",route_index=""0"",nh_index=""0""",1
2026-07-28 12:40:00,ccf-aiops-南京,cr-1,cr,ipv6_route_nexthop_info,"prefix=""fd00:7:40::/64"",next_hop=""fd00:7:30::254"",dev=""ens5"",protocol=""196"",metric=""20"",route_index=""0"",nh_index=""0""",1
2026-07-28 12:40:00,ccf-aiops-南京,cr-1,cr,ipv6_route_nexthop_info,"prefix=""fd00:3:40::/64"",next_hop=""fe80::7:20:1"",dev=""ens4"",protocol=""ospf"",metric=""20"",route_index=""0"",nh_index=""0""",1
2026-07-28 12:40:00,ccf-aiops-南京,cr-1,cr,ipv6_route_nexthop_info,"prefix=""fd00:4:40::/64"",next_hop=""fe80::7:20:1"",dev=""ens4"",protocol=""ospf"",metric=""20"",route_index=""0"",nh_index=""0""",1
2026-07-28 12:40:00,ccf-aiops-南京,cr-1,cr,ipv6_route_nexthop_info,"prefix=""fd00:5:40::/64"",next_hop=""fe80::7:20:1"",dev=""ens4"",protocol=""ospf"",metric=""20"",route_index=""0"",nh_index=""0""",1
2026-07-28 12:40:00,ccf-aiops-南京,cr-1,cr,ipv6_route_nexthop_info,"prefix=""fd00:3:40::/64"",next_hop=""fe80::7:20:2"",dev=""ens4"",protocol=""ospf"",metric=""20"",route_index=""0"",nh_index=""1""",1
2026-07-28 12:40:00,ccf-aiops-南京,cr-1,cr,ipv6_route_nexthop_info,"prefix=""fd00:6:40::/64"",next_hop=""fe80::7:20:1"",dev=""ens4"",protocol=""ospf"",metric=""20"",route_index=""0"",nh_index=""0""",1
2026-07-28 12:40:00,ccf-aiops-南京,cr-1,cr,ipv6_route_nexthop_info,"prefix=""fd00:8:40::/64"",next_hop=""fe80::7:20:1"",dev=""ens4"",protocol=""ospf"",metric=""20"",route_index=""0"",nh_index=""0""",1
2026-07-28 12:40:00,ccf-aiops-南京,cr-1,cr,ipv6_route_nexthop_info,"prefix=""fd00:1:40::/64"",next_hop=""fe80::7:20:2"",dev=""ens4"",protocol=""ospf"",metric=""20"",route_index=""0"",nh_index=""1""",1
2026-07-28 12:40:00,ccf-aiops-南京,cr-1,cr,ipv6_route_nexthop_info,"prefix=""fd00:2:40::/64"",next_hop=""fe80::7:20:2"",dev=""ens4"",protocol=""ospf"",metric=""20"",route_index=""0"",nh_index=""1""",1
2026-07-28 12:40:00,ccf-aiops-南京,cr-1,cr,ipv6_route_nexthop_info,"prefix=""fd00:8:40::/64"",next_hop=""fe80::7:20:2"",dev=""ens4"",protocol=""ospf"",metric=""20"",route_index=""0"",nh_index=""1""",1
2026-07-28 12:40:00,ccf-aiops-南京,cr-1,cr,ipv6_route_nexthop_info,"prefix=""fd00:6:40::/64"",next_hop=""fe80::7:20:2"",dev=""ens4"",protocol=""ospf"",metric=""20"",route_index=""0"",nh_index=""1""",1
2026-07-28 12:40:00,ccf-aiops-南京,cr-1,cr,ipv6_route_nexthop_info,"prefix=""fd00:5:40::/64"",next_hop=""fe80::7:20:2"",dev=""ens4"",protocol=""ospf"",metric=""20"",route_index=""0"",nh_index=""1""",1
2026-07-28 12:40:00,ccf-aiops-南京,cr-1,cr,ipv6_route_nexthop_info,"prefix=""fd00:4:40::/64"",next_hop=""fe80::7:20:2"",dev=""ens4"",protocol=""ospf"",metric=""20"",route_index=""0"",nh_index=""1""",1
2026-07-28 12:40:00,ccf-aiops-南京,cr-1,cr,ospf6_interface_cost,"interface=""ens4""",1
2026-07-28 12:40:00,ccf-aiops-南京,cr-1,cr,ospf6_interface_cost,"interface=""ens5""",1
2026-07-28 12:40:00,ccf-aiops-南京,cr-1,cr,ospf6_interface_enabled,"interface=""ens7""",1
2026-07-28 12:40:00,ccf-aiops-南京,cr-1,cr,ospf6_interface_enabled,"interface=""ens11""",1
2026-07-28 12:40:00,ccf-aiops-南京,cr-1,cr,ospf6_interface_enabled,"interface=""vxlan100""",1
2026-07-28 12:40:00,ccf-aiops-南京,cr-1,cr,ospf6_interface_enabled,"interface=""virbr0""",0
2026-07-28 12:40:00,ccf-aiops-南京,cr-1,cr,ospf6_interface_enabled,"interface=""lo""",1
2026-07-28 12:40:00,ccf-aiops-南京,cr-1,cr,ospf6_interface_enabled,"interface=""ens9""",1
2026-07-28 12:40:00,ccf-aiops-南京,cr-1,cr,ospf6_interface_enabled,"interface=""ens8""",1
2026-07-28 12:40:00,ccf-aiops-南京,cr-1,cr,ospf6_interface_enabled,"interface=""ens10""",1
2026-07-28 12:40:00,ccf-aiops-南京,cr-1,cr,ospf6_interface_enabled,"interface=""ens6""",1
2026-07-28 12:40:00,ccf-aiops-南京,cr-1,cr,ospf6_interface_enabled,"interface=""ens5""",1
2026-07-28 12:40:00,ccf-aiops-南京,cr-1,cr,ospf6_interface_enabled,"interface=""ens4""",1
2026-07-28 12:40:00,ccf-aiops-南京,cr-1,cr,ospf6_interface_enabled,"interface=""ens3""",1
2026-07-28 12:40:00,ccf-aiops-南京,cr-1,cr,ospf6_interface_enabled,"interface=""ens12""",1
2026-07-28 12:40:00,ccf-aiops-南京,cr-1,cr,ospf6_neighbor_state_code,"state=""Twoway"",interface=""ens4"",neighbor_id=""7.7.7.1""",2
2026-07-28 12:40:00,ccf-aiops-南京,cr-1,cr,ospf6_neighbor_state_code,"state=""Full"",interface=""ens4"",neighbor_id=""7.7.7.12""",6
2026-07-28 12:40:00,ccf-aiops-南京,cr-1,cr,ospf6_neighbor_state_code,"state=""Full"",interface=""ens4"",neighbor_id=""7.7.7.2""",6
2026-07-28 12:40:00,ccf-aiops-南京,cr-1,cr,ospf6_neighbor_state_code,"state=""Full"",interface=""ens5"",neighbor_id=""7.7.7.12""",6
2026-07-28 12:40:00,ccf-aiops-南京,cr-1,cr,bgp_command_success,,
2026-07-28 12:40:00,ccf-aiops-南京,cr-1,cr,bgp_peer_up,,
2026-07-28 12:40:00,ccf-aiops-南京,cr-1,cr,bgp_peer_uptime_seconds,,
2026-07-28 12:40:00,ccf-aiops-南京,cr-1,cr,bgp_peer_prefix_received,,
2026-07-28 12:40:00,ccf-aiops-南京,cr-1,cr,bgp_peer_prefix_sent,,
2026-07-28 12:40:00,ccf-aiops-南京,cr-1,cr,bgp_peer_count,,
2026-07-28 12:40:00,ccf-aiops-南京,cr-2,cr,ipv6_default_route_changed_total,,0
2026-07-28 12:40:00,ccf-aiops-南京,cr-2,cr,ipv6_default_route_info,"next_hop=""fd00:7:20::2"",dev=""ens4"",protocol=""196"",metric=""20"",route_index=""0"",nh_index=""1""",1
2026-07-28 12:40:00,ccf-aiops-南京,cr-2,cr,ipv6_default_route_info,"next_hop=""fd00:7:20::1"",dev=""ens4"",protocol=""196"",metric=""20"",route_index=""0"",nh_index=""0""",1
2026-07-28 12:40:00,ccf-aiops-南京,cr-2,cr,ipv6_route_change_total,"prefix=""fd00:1:40::/64""",3
2026-07-28 12:40:00,ccf-aiops-南京,cr-2,cr,ipv6_route_change_total,"prefix=""::/0""",0
2026-07-28 12:40:00,ccf-aiops-南京,cr-2,cr,ipv6_route_change_total,"prefix=""fd00:8:40::/64""",3
2026-07-28 12:40:00,ccf-aiops-南京,cr-2,cr,ipv6_route_change_total,"prefix=""fd00:7:40::/64""",0
2026-07-28 12:40:00,ccf-aiops-南京,cr-2,cr,ipv6_route_change_total,"prefix=""fd00:6:40::/64""",3
2026-07-28 12:40:00,ccf-aiops-南京,cr-2,cr,ipv6_route_change_total,"prefix=""fd00:5:40::/64""",3
2026-07-28 12:40:00,ccf-aiops-南京,cr-2,cr,ipv6_route_change_total,"prefix=""fd00:4:40::/64""",3
2026-07-28 12:40:00,ccf-aiops-南京,cr-2,cr,ipv6_route_change_total,"prefix=""fd00:3:40::/64""",3
2026-07-28 12:40:00,ccf-aiops-南京,cr-2,cr,ipv6_route_change_total,"prefix=""fd00:2:40::/64""",3
2026-07-28 12:40:00,ccf-aiops-南京,cr-2,cr,ipv6_route_count,"protocol=""ospf""",7
2026-07-28 12:40:00,ccf-aiops-南京,cr-2,cr,ipv6_route_count,"protocol=""kernel""",6
2026-07-28 12:40:00,ccf-aiops-南京,cr-2,cr,ipv6_route_count,"protocol=""all""",15
2026-07-28 12:40:00,ccf-aiops-南京,cr-2,cr,ipv6_route_count,"protocol=""196""",2
2026-07-28 12:40:00,ccf-aiops-南京,cr-2,cr,ipv6_route_exists,"prefix=""fd00:2:40::/64""",1
2026-07-28 12:40:00,ccf-aiops-南京,cr-2,cr,ipv6_route_exists,"prefix=""fd00:8:40::/64""",1
2026-07-28 12:40:00,ccf-aiops-南京,cr-2,cr,ipv6_route_exists,"prefix=""fd00:7:40::/64""",1
2026-07-28 12:40:00,ccf-aiops-南京,cr-2,cr,ipv6_route_exists,"prefix=""fd00:6:40::/64""",1
2026-07-28 12:40:00,ccf-aiops-南京,cr-2,cr,ipv6_route_exists,"prefix=""fd00:5:40::/64""",1
2026-07-28 12:40:00,ccf-aiops-南京,cr-2,cr,ipv6_route_exists,"prefix=""fd00:4:40::/64""",1
2026-07-28 12:40:00,ccf-aiops-南京,cr-2,cr,ipv6_route_exists,"prefix=""fd00:3:40::/64""",1
2026-07-28 12:40:00,ccf-aiops-南京,cr-2,cr,ipv6_route_exists,"prefix=""fd00:1:40::/64""",1
2026-07-28 12:40:00,ccf-aiops-南京,cr-2,cr,ipv6_route_exists,"prefix=""::/0""",1
2026-07-28 12:40:00,ccf-aiops-南京,cr-2,cr,ipv6_route_nexthop_info,"prefix=""fd00:4:40::/64"",next_hop=""fe80::7:20:1"",dev=""ens4"",protocol=""ospf"",metric=""20"",route_index=""0"",nh_index=""1""",1
2026-07-28 12:40:00,ccf-aiops-南京,cr-2,cr,ipv6_route_nexthop_info,"prefix=""::/0"",next_hop=""fd00:7:20::2"",dev=""ens4"",protocol=""196"",metric=""20"",route_index=""0"",nh_index=""1""",1
2026-07-28 12:40:00,ccf-aiops-南京,cr-2,cr,ipv6_route_nexthop_info,"prefix=""::/0"",next_hop=""fd00:7:20::1"",dev=""ens4"",protocol=""196"",metric=""20"",route_index=""0"",nh_index=""0""",1
2026-07-28 12:40:00,ccf-aiops-南京,cr-2,cr,ipv6_route_nexthop_info,"prefix=""fd00:1:40::/64"",next_hop=""fe80::7:20:1"",dev=""ens4"",protocol=""ospf"",metric=""20"",route_index=""0"",nh_index=""1""",1
2026-07-28 12:40:00,ccf-aiops-南京,cr-2,cr,ipv6_route_nexthop_info,"prefix=""fd00:2:40::/64"",next_hop=""fe80::7:20:1"",dev=""ens4"",protocol=""ospf"",metric=""20"",route_index=""0"",nh_index=""1""",1
2026-07-28 12:40:00,ccf-aiops-南京,cr-2,cr,ipv6_route_nexthop_info,"prefix=""fd00:3:40::/64"",next_hop=""fe80::7:20:1"",dev=""ens4"",protocol=""ospf"",metric=""20"",route_index=""0"",nh_index=""1""",1
2026-07-28 12:40:00,ccf-aiops-南京,cr-2,cr,ipv6_route_nexthop_info,"prefix=""fd00:5:40::/64"",next_hop=""fe80::7:20:1"",dev=""ens4"",protocol=""ospf"",metric=""20"",route_index=""0"",nh_index=""1""",1
2026-07-28 12:40:00,ccf-aiops-南京,cr-2,cr,ipv6_route_nexthop_info,"prefix=""fd00:6:40::/64"",next_hop=""fe80::7:20:1"",dev=""ens4"",protocol=""ospf"",metric=""20"",route_index=""0"",nh_index=""1""",1
2026-07-28 12:40:00,ccf-aiops-南京,cr-2,cr,ipv6_route_nexthop_info,"prefix=""fd00:8:40::/64"",next_hop=""fe80::7:20:1"",dev=""ens4"",protocol=""ospf"",metric=""20"",route_index=""0"",nh_index=""1""",1
2026-07-28 12:40:00,ccf-aiops-南京,cr-2,cr,ipv6_route_nexthop_info,"prefix=""fd00:1:40::/64"",next_hop=""fe80::7:20:2"",dev=""ens4"",protocol=""ospf"",metric=""20"",route_index=""0"",nh_index=""0""",1
2026-07-28 12:40:00,ccf-aiops-南京,cr-2,cr,ipv6_route_nexthop_info,"prefix=""fd00:2:40::/64"",next_hop=""fe80::7:20:2"",dev=""ens4"",protocol=""ospf"",metric=""20"",route_index=""0"",nh_index=""0""",1
2026-07-28 12:40:00,ccf-aiops-南京,cr-2,cr,ipv6_route_nexthop_info,"prefix=""fd00:3:40::/64"",next_hop=""fe80::7:20:2"",dev=""ens4"",protocol=""ospf"",metric=""20"",route_index=""0"",nh_index=""0""",1
2026-07-28 12:40:00,ccf-aiops-南京,cr-2,cr,ipv6_route_nexthop_info,"prefix=""fd00:4:40::/64"",next_hop=""fe80::7:20:2"",dev=""ens4"",protocol=""ospf"",metric=""20"",route_index=""0"",nh_index=""0""",1
2026-07-28 12:40:00,ccf-aiops-南京,cr-2,cr,ipv6_route_nexthop_info,"prefix=""fd00:5:40::/64"",next_hop=""fe80::7:20:2"",dev=""ens4"",protocol=""ospf"",metric=""20"",route_index=""0"",nh_index=""0""",1
2026-07-28 12:40:00,ccf-aiops-南京,cr-2,cr,ipv6_route_nexthop_info,"prefix=""fd00:6:40::/64"",next_hop=""fe80::7:20:2"",dev=""ens4"",protocol=""ospf"",metric=""20"",route_index=""0"",nh_index=""0""",1
2026-07-28 12:40:00,ccf-aiops-南京,cr-2,cr,ipv6_route_nexthop_info,"prefix=""fd00:8:40::/64"",next_hop=""fe80::7:20:2"",dev=""ens4"",protocol=""ospf"",metric=""20"",route_index=""0"",nh_index=""0""",1
2026-07-28 12:40:00,ccf-aiops-南京,cr-2,cr,ipv6_route_nexthop_info,"prefix=""fd00:7:40::/64"",next_hop=""fd00:7:30::254"",dev=""ens5"",protocol=""196"",metric=""20"",route_index=""0"",nh_index=""0""",1
2026-07-28 12:40:00,ccf-aiops-南京,cr-2,cr,ospf6_interface_cost,"interface=""ens4""",1
2026-07-28 12:40:00,ccf-aiops-南京,cr-2,cr,ospf6_interface_cost,"interface=""ens5""",1
2026-07-28 12:40:00,ccf-aiops-南京,cr-2,cr,ospf6_interface_enabled,"interface=""ens12""",1
2026-07-28 12:40:00,ccf-aiops-南京,cr-2,cr,ospf6_interface_enabled,"interface=""lo""",1
2026-07-28 12:40:00,ccf-aiops-南京,cr-2,cr,ospf6_interface_enabled,"interface=""ens10""",1
2026-07-28 12:40:00,ccf-aiops-南京,cr-2,cr,ospf6_interface_enabled,"interface=""ens11""",1
2026-07-28 12:40:00,ccf-aiops-南京,cr-2,cr,ospf6_interface_enabled,"interface=""ens3""",1
2026-07-28 12:40:00,ccf-aiops-南京,cr-2,cr,ospf6_interface_enabled,"interface=""ens4""",1
2026-07-28 12:40:00,ccf-aiops-南京,cr-2,cr,ospf6_interface_enabled,"interface=""ens5""",1
2026-07-28 12:40:00,ccf-aiops-南京,cr-2,cr,ospf6_interface_enabled,"interface=""ens6""",1
2026-07-28 12:40:00,ccf-aiops-南京,cr-2,cr,ospf6_interface_enabled,"interface=""ens7""",1
2026-07-28 12:40:00,ccf-aiops-南京,cr-2,cr,ospf6_interface_enabled,"interface=""ens8""",1
2026-07-28 12:40:00,ccf-aiops-南京,cr-2,cr,ospf6_interface_enabled,"interface=""ens9""",1
2026-07-28 12:40:00,ccf-aiops-南京,cr-2,cr,ospf6_interface_enabled,"interface=""virbr0""",0
2026-07-28 12:40:00,ccf-aiops-南京,cr-2,cr,ospf6_neighbor_state_code,"state=""Full"",interface=""ens4"",neighbor_id=""7.7.7.1""",6
2026-07-28 12:40:00,ccf-aiops-南京,cr-2,cr,ospf6_neighbor_state_code,"state=""Full"",interface=""ens4"",neighbor_id=""7.7.7.11""",6
2026-07-28 12:40:00,ccf-aiops-南京,cr-2,cr,ospf6_neighbor_state_code,"state=""Full"",interface=""ens4"",neighbor_id=""7.7.7.2""",6
2026-07-28 12:40:00,ccf-aiops-南京,cr-2,cr,ospf6_neighbor_state_code,"state=""Full"",interface=""ens5"",neighbor_id=""7.7.7.11""",6
2026-07-28 12:40:00,ccf-aiops-南京,cr-2,cr,bgp_command_success,,
2026-07-28 12:40:00,ccf-aiops-南京,cr-2,cr,bgp_peer_up,,
2026-07-28 12:40:00,ccf-aiops-南京,cr-2,cr,bgp_peer_uptime_seconds,,
2026-07-28 12:40:00,ccf-aiops-南京,cr-2,cr,bgp_peer_prefix_received,,
2026-07-28 12:40:00,ccf-aiops-南京,cr-2,cr,bgp_peer_prefix_sent,,
2026-07-28 12:40:00,ccf-aiops-南京,cr-2,cr,bgp_peer_count,,
2026-07-28 12:41:00,ccf-aiops-南京,br-1,br,bgp_command_success,"command=""bgp_summary""",1
2026-07-28 12:41:00,ccf-aiops-南京,br-1,br,bgp_peer_count,,2
2026-07-28 12:41:00,ccf-aiops-南京,br-1,br,bgp_peer_prefix_received,"peer=""fd00:100:10::41"",remote_as=""65005"",state=""Established""",7
2026-07-28 12:41:00,ccf-aiops-南京,br-1,br,bgp_peer_prefix_received,"peer=""fd00:100:10::51"",remote_as=""65006"",state=""Established""",7
2026-07-28 12:41:00,ccf-aiops-南京,br-1,br,bgp_peer_prefix_sent,"peer=""fd00:100:10::41"",remote_as=""65005"",state=""Established""",8
2026-07-28 12:41:00,ccf-aiops-南京,br-1,br,bgp_peer_prefix_sent,"peer=""fd00:100:10::51"",remote_as=""65006"",state=""Established""",8
2026-07-28 12:41:00,ccf-aiops-南京,br-1,br,bgp_peer_up,"peer=""fd00:100:10::41"",remote_as=""65005"",state=""Established""",1
2026-07-28 12:41:00,ccf-aiops-南京,br-1,br,bgp_peer_up,"peer=""fd00:100:10::51"",remote_as=""65006"",state=""Established""",1
2026-07-28 12:41:00,ccf-aiops-南京,br-1,br,bgp_peer_uptime_seconds,"peer=""fd00:100:10::51"",remote_as=""65006"",state=""Established""",2413005
2026-07-28 12:41:00,ccf-aiops-南京,br-1,br,bgp_peer_uptime_seconds,"peer=""fd00:100:10::41"",remote_as=""65005"",state=""Established""",2413005
2026-07-28 12:41:00,ccf-aiops-南京,br-1,br,ipv6_default_route_changed_total,,0
2026-07-28 12:41:00,ccf-aiops-南京,br-1,br,ipv6_default_route_info,"next_hop=""240a:a023::1"",dev=""ens4"",protocol=""unknown"",metric=""1024"",route_index=""0"",nh_index=""0""",1
2026-07-28 12:41:00,ccf-aiops-南京,br-1,br,ipv6_route_change_total,"prefix=""fd00:2:40::/64""",5
2026-07-28 12:41:00,ccf-aiops-南京,br-1,br,ipv6_route_change_total,"prefix=""fd00:4:40::/64""",0
2026-07-28 12:41:00,ccf-aiops-南京,br-1,br,ipv6_route_change_total,"prefix=""::/0""",0
2026-07-28 12:41:00,ccf-aiops-南京,br-1,br,ipv6_route_change_total,"prefix=""fd00:1:40::/64""",0
2026-07-28 12:41:00,ccf-aiops-南京,br-1,br,ipv6_route_change_total,"prefix=""fd00:8:40::/64""",0
2026-07-28 12:41:00,ccf-aiops-南京,br-1,br,ipv6_route_change_total,"prefix=""fd00:3:40::/64""",0
2026-07-28 12:41:00,ccf-aiops-南京,br-1,br,ipv6_route_change_total,"prefix=""fd00:5:40::/64""",0
2026-07-28 12:41:00,ccf-aiops-南京,br-1,br,ipv6_route_change_total,"prefix=""fd00:6:40::/64""",0
2026-07-28 12:41:00,ccf-aiops-南京,br-1,br,ipv6_route_change_total,"prefix=""fd00:7:40::/64""",8
2026-07-28 12:41:00,ccf-aiops-南京,br-1,br,ipv6_route_count,"protocol=""all""",17
2026-07-28 12:41:00,ccf-aiops-南京,br-1,br,ipv6_route_count,"protocol=""bgp""",7
2026-07-28 12:41:00,ccf-aiops-南京,br-1,br,ipv6_route_count,"protocol=""kernel""",7
2026-07-28 12:41:00,ccf-aiops-南京,br-1,br,ipv6_route_count,"protocol=""ospf""",2
2026-07-28 12:41:00,ccf-aiops-南京,br-1,br,ipv6_route_count,"protocol=""unknown""",1
2026-07-28 12:41:00,ccf-aiops-南京,br-1,br,ipv6_route_exists,"prefix=""fd00:4:40::/64""",1
2026-07-28 12:41:00,ccf-aiops-南京,br-1,br,ipv6_route_exists,"prefix=""::/0""",1
2026-07-28 12:41:00,ccf-aiops-南京,br-1,br,ipv6_route_exists,"prefix=""fd00:1:40::/64""",1
2026-07-28 12:41:00,ccf-aiops-南京,br-1,br,ipv6_route_exists,"prefix=""fd00:2:40::/64""",1
2026-07-28 12:41:00,ccf-aiops-南京,br-1,br,ipv6_route_exists,"prefix=""fd00:3:40::/64""",1
2026-07-28 12:41:00,ccf-aiops-南京,br-1,br,ipv6_route_exists,"prefix=""fd00:5:40::/64""",1
2026-07-28 12:41:00,ccf-aiops-南京,br-1,br,ipv6_route_exists,"prefix=""fd00:6:40::/64""",1
2026-07-28 12:41:00,ccf-aiops-南京,br-1,br,ipv6_route_exists,"prefix=""fd00:7:40::/64""",1
2026-07-28 12:41:00,ccf-aiops-南京,br-1,br,ipv6_route_exists,"prefix=""fd00:8:40::/64""",1
2026-07-28 12:41:00,ccf-aiops-南京,br-1,br,ipv6_route_nexthop_info,"prefix=""::/0"",next_hop=""240a:a023::1"",dev=""ens4"",protocol=""unknown"",metric=""1024"",route_index=""0"",nh_index=""0""",1
2026-07-28 12:41:00,ccf-aiops-南京,br-1,br,ipv6_route_nexthop_info,"prefix=""fd00:6:40::/64"",next_hop=""fe80::100:10:51"",dev=""ens4"",protocol=""bgp"",metric=""20"",route_index=""0"",nh_index=""0""",1
2026-07-28 12:41:00,ccf-aiops-南京,br-1,br,ipv6_route_nexthop_info,"prefix=""fd00:2:40::/64"",next_hop=""fe80::100:10:51"",dev=""ens4"",protocol=""bgp"",metric=""20"",route_index=""0"",nh_index=""0""",1
2026-07-28 12:41:00,ccf-aiops-南京,br-1,br,ipv6_route_nexthop_info,"prefix=""fd00:7:40::/64"",next_hop=""fe80::7:20:11"",dev=""ens5"",protocol=""ospf"",metric=""20"",route_index=""0"",nh_index=""1""",1
2026-07-28 12:41:00,ccf-aiops-南京,br-1,br,ipv6_route_nexthop_info,"prefix=""fd00:7:40::/64"",next_hop=""fe80::7:20:12"",dev=""ens5"",protocol=""ospf"",metric=""20"",route_index=""0"",nh_index=""0""",1
2026-07-28 12:41:00,ccf-aiops-南京,br-1,br,ipv6_route_nexthop_info,"prefix=""fd00:1:40::/64"",next_hop=""fe80::100:10:51"",dev=""ens4"",protocol=""bgp"",metric=""20"",route_index=""0"",nh_index=""0""",1
2026-07-28 12:41:00,ccf-aiops-南京,br-1,br,ipv6_route_nexthop_info,"prefix=""fd00:8:40::/64"",next_hop=""fe80::100:10:41"",dev=""ens4"",protocol=""bgp"",metric=""20"",route_index=""0"",nh_index=""0""",1
2026-07-28 12:41:00,ccf-aiops-南京,br-1,br,ipv6_route_nexthop_info,"prefix=""fd00:5:40::/64"",next_hop=""fe80::100:10:41"",dev=""ens4"",protocol=""bgp"",metric=""20"",route_index=""0"",nh_index=""0""",1
2026-07-28 12:41:00,ccf-aiops-南京,br-1,br,ipv6_route_nexthop_info,"prefix=""fd00:4:40::/64"",next_hop=""fe80::100:10:41"",dev=""ens4"",protocol=""bgp"",metric=""20"",route_index=""0"",nh_index=""0""",1
2026-07-28 12:41:00,ccf-aiops-南京,br-1,br,ipv6_route_nexthop_info,"prefix=""fd00:3:40::/64"",next_hop=""fe80::100:10:41"",dev=""ens4"",protocol=""bgp"",metric=""20"",route_index=""0"",nh_index=""0""",1
2026-07-28 12:41:00,ccf-aiops-南京,br-1,br,ospf6_interface_cost,"interface=""ens5""",1
2026-07-28 12:41:00,ccf-aiops-南京,br-1,br,ospf6_interface_enabled,"interface=""ens10""",1
2026-07-28 12:41:00,ccf-aiops-南京,br-1,br,ospf6_interface_enabled,"interface=""ens11""",1
2026-07-28 12:41:00,ccf-aiops-南京,br-1,br,ospf6_interface_enabled,"interface=""ens12""",1
2026-07-28 12:41:00,ccf-aiops-南京,br-1,br,ospf6_interface_enabled,"interface=""virbr0""",0
2026-07-28 12:41:00,ccf-aiops-南京,br-1,br,ospf6_interface_enabled,"interface=""lo""",1
2026-07-28 12:41:00,ccf-aiops-南京,br-1,br,ospf6_interface_enabled,"interface=""ens9""",1
2026-07-28 12:41:00,ccf-aiops-南京,br-1,br,ospf6_interface_enabled,"interface=""ens8""",1
2026-07-28 12:41:00,ccf-aiops-南京,br-1,br,ospf6_interface_enabled,"interface=""ens7""",1
2026-07-28 12:41:00,ccf-aiops-南京,br-1,br,ospf6_interface_enabled,"interface=""ens6""",1
2026-07-28 12:41:00,ccf-aiops-南京,br-1,br,ospf6_interface_enabled,"interface=""ens5""",1
2026-07-28 12:41:00,ccf-aiops-南京,br-1,br,ospf6_interface_enabled,"interface=""ens4""",1
2026-07-28 12:41:00,ccf-aiops-南京,br-1,br,ospf6_interface_enabled,"interface=""ens3""",1
2026-07-28 12:41:00,ccf-aiops-南京,br-1,br,ospf6_neighbor_state_code,"state=""Twoway"",interface=""ens5"",neighbor_id=""7.7.7.11""",2
2026-07-28 12:41:00,ccf-aiops-南京,br-1,br,ospf6_neighbor_state_code,"state=""Full"",interface=""ens5"",neighbor_id=""7.7.7.12""",6
2026-07-28 12:41:00,ccf-aiops-南京,br-1,br,ospf6_neighbor_state_code,"state=""Full"",interface=""ens5"",neighbor_id=""7.7.7.2""",6
2026-07-28 12:41:00,ccf-aiops-南京,br-2,br,bgp_command_success,"command=""bgp_summary""",1
2026-07-28 12:41:00,ccf-aiops-南京,br-2,br,bgp_peer_count,,2
2026-07-28 12:41:00,ccf-aiops-南京,br-2,br,bgp_peer_prefix_received,"peer=""fd00:100:10::52"",remote_as=""65006"",state=""Established""",7
2026-07-28 12:41:00,ccf-aiops-南京,br-2,br,bgp_peer_prefix_received,"peer=""fd00:100:10::42"",remote_as=""65005"",state=""Established""",7
2026-07-28 12:41:00,ccf-aiops-南京,br-2,br,bgp_peer_prefix_sent,"peer=""fd00:100:10::52"",remote_as=""65006"",state=""Established""",8
2026-07-28 12:41:00,ccf-aiops-南京,br-2,br,bgp_peer_prefix_sent,"peer=""fd00:100:10::42"",remote_as=""65005"",state=""Established""",8
2026-07-28 12:41:00,ccf-aiops-南京,br-2,br,bgp_peer_up,"peer=""fd00:100:10::52"",remote_as=""65006"",state=""Established""",1
2026-07-28 12:41:00,ccf-aiops-南京,br-2,br,bgp_peer_up,"peer=""fd00:100:10::42"",remote_as=""65005"",state=""Established""",1
2026-07-28 12:41:00,ccf-aiops-南京,br-2,br,bgp_peer_uptime_seconds,"peer=""fd00:100:10::42"",remote_as=""65005"",state=""Established""",2412988
2026-07-28 12:41:00,ccf-aiops-南京,br-2,br,bgp_peer_uptime_seconds,"peer=""fd00:100:10::52"",remote_as=""65006"",state=""Established""",2412988
2026-07-28 12:41:00,ccf-aiops-南京,br-2,br,ipv6_default_route_changed_total,,0
2026-07-28 12:41:00,ccf-aiops-南京,br-2,br,ipv6_default_route_info,"next_hop=""240a:a023::1"",dev=""ens4"",protocol=""unknown"",metric=""1024"",route_index=""0"",nh_index=""0""",1
2026-07-28 12:41:00,ccf-aiops-南京,br-2,br,ipv6_route_change_total,"prefix=""fd00:7:40::/64""",10
2026-07-28 12:41:00,ccf-aiops-南京,br-2,br,ipv6_route_change_total,"prefix=""::/0""",0
2026-07-28 12:41:00,ccf-aiops-南京,br-2,br,ipv6_route_change_total,"prefix=""fd00:6:40::/64""",0
2026-07-28 12:41:00,ccf-aiops-南京,br-2,br,ipv6_route_change_total,"prefix=""fd00:8:40::/64""",0
2026-07-28 12:41:00,ccf-aiops-南京,br-2,br,ipv6_route_change_total,"prefix=""fd00:5:40::/64""",0
2026-07-28 12:41:00,ccf-aiops-南京,br-2,br,ipv6_route_change_total,"prefix=""fd00:4:40::/64""",0
2026-07-28 12:41:00,ccf-aiops-南京,br-2,br,ipv6_route_change_total,"prefix=""fd00:1:40::/64""",0
2026-07-28 12:41:00,ccf-aiops-南京,br-2,br,ipv6_route_change_total,"prefix=""fd00:3:40::/64""",0
2026-07-28 12:41:00,ccf-aiops-南京,br-2,br,ipv6_route_change_total,"prefix=""fd00:2:40::/64""",3
2026-07-28 12:41:00,ccf-aiops-南京,br-2,br,ipv6_route_count,"protocol=""kernel""",7
2026-07-28 12:41:00,ccf-aiops-南京,br-2,br,ipv6_route_count,"protocol=""bgp""",7
2026-07-28 12:41:00,ccf-aiops-南京,br-2,br,ipv6_route_count,"protocol=""ospf""",2
2026-07-28 12:41:00,ccf-aiops-南京,br-2,br,ipv6_route_count,"protocol=""all""",17
2026-07-28 12:41:00,ccf-aiops-南京,br-2,br,ipv6_route_count,"protocol=""unknown""",1
2026-07-28 12:41:00,ccf-aiops-南京,br-2,br,ipv6_route_exists,"prefix=""fd00:3:40::/64""",1
2026-07-28 12:41:00,ccf-aiops-南京,br-2,br,ipv6_route_exists,"prefix=""fd00:8:40::/64""",1
2026-07-28 12:41:00,ccf-aiops-南京,br-2,br,ipv6_route_exists,"prefix=""fd00:7:40::/64""",1
2026-07-28 12:41:00,ccf-aiops-南京,br-2,br,ipv6_route_exists,"prefix=""fd00:6:40::/64""",1
2026-07-28 12:41:00,ccf-aiops-南京,br-2,br,ipv6_route_exists,"prefix=""fd00:5:40::/64""",1
2026-07-28 12:41:00,ccf-aiops-南京,br-2,br,ipv6_route_exists,"prefix=""fd00:4:40::/64""",1
2026-07-28 12:41:00,ccf-aiops-南京,br-2,br,ipv6_route_exists,"prefix=""fd00:2:40::/64""",1
2026-07-28 12:41:00,ccf-aiops-南京,br-2,br,ipv6_route_exists,"prefix=""fd00:1:40::/64""",1
2026-07-28 12:41:00,ccf-aiops-南京,br-2,br,ipv6_route_exists,"prefix=""::/0""",1
2026-07-28 12:41:00,ccf-aiops-南京,br-2,br,ipv6_route_nexthop_info,"prefix=""fd00:3:40::/64"",next_hop=""fe80::100:10:42"",dev=""ens4"",protocol=""bgp"",metric=""20"",route_index=""0"",nh_index=""0""",1
2026-07-28 12:41:00,ccf-aiops-南京,br-2,br,ipv6_route_nexthop_info,"prefix=""fd00:8:40::/64"",next_hop=""fe80::100:10:42"",dev=""ens4"",protocol=""bgp"",metric=""20"",route_index=""0"",nh_index=""0""",1
2026-07-28 12:41:00,ccf-aiops-南京,br-2,br,ipv6_route_nexthop_info,"prefix=""fd00:5:40::/64"",next_hop=""fe80::100:10:42"",dev=""ens4"",protocol=""bgp"",metric=""20"",route_index=""0"",nh_index=""0""",1
2026-07-28 12:41:00,ccf-aiops-南京,br-2,br,ipv6_route_nexthop_info,"prefix=""::/0"",next_hop=""240a:a023::1"",dev=""ens4"",protocol=""unknown"",metric=""1024"",route_index=""0"",nh_index=""0""",1
2026-07-28 12:41:00,ccf-aiops-南京,br-2,br,ipv6_route_nexthop_info,"prefix=""fd00:4:40::/64"",next_hop=""fe80::100:10:42"",dev=""ens4"",protocol=""bgp"",metric=""20"",route_index=""0"",nh_index=""0""",1
2026-07-28 12:41:00,ccf-aiops-南京,br-2,br,ipv6_route_nexthop_info,"prefix=""fd00:2:40::/64"",next_hop=""fe80::100:10:52"",dev=""ens4"",protocol=""bgp"",metric=""20"",route_index=""0"",nh_index=""0""",1
2026-07-28 12:41:00,ccf-aiops-南京,br-2,br,ipv6_route_nexthop_info,"prefix=""fd00:6:40::/64"",next_hop=""fe80::100:10:52"",dev=""ens4"",protocol=""bgp"",metric=""20"",route_index=""0"",nh_index=""0""",1
2026-07-28 12:41:00,ccf-aiops-南京,br-2,br,ipv6_route_nexthop_info,"prefix=""fd00:7:40::/64"",next_hop=""fe80::7:20:11"",dev=""ens5"",protocol=""ospf"",metric=""20"",route_index=""0"",nh_index=""1""",1
2026-07-28 12:41:00,ccf-aiops-南京,br-2,br,ipv6_route_nexthop_info,"prefix=""fd00:1:40::/64"",next_hop=""fe80::100:10:52"",dev=""ens4"",protocol=""bgp"",metric=""20"",route_index=""0"",nh_index=""0""",1
2026-07-28 12:41:00,ccf-aiops-南京,br-2,br,ipv6_route_nexthop_info,"prefix=""fd00:7:40::/64"",next_hop=""fe80::7:20:12"",dev=""ens5"",protocol=""ospf"",metric=""20"",route_index=""0"",nh_index=""0""",1
2026-07-28 12:41:00,ccf-aiops-南京,br-2,br,ospf6_interface_cost,"interface=""ens5""",1
2026-07-28 12:41:00,ccf-aiops-南京,br-2,br,ospf6_interface_enabled,"interface=""ens7""",1
2026-07-28 12:41:00,ccf-aiops-南京,br-2,br,ospf6_interface_enabled,"interface=""ens12""",1
2026-07-28 12:41:00,ccf-aiops-南京,br-2,br,ospf6_interface_enabled,"interface=""ens3""",1
2026-07-28 12:41:00,ccf-aiops-南京,br-2,br,ospf6_interface_enabled,"interface=""ens4""",1
2026-07-28 12:41:00,ccf-aiops-南京,br-2,br,ospf6_interface_enabled,"interface=""ens5""",1
2026-07-28 12:41:00,ccf-aiops-南京,br-2,br,ospf6_interface_enabled,"interface=""ens10""",1
2026-07-28 12:41:00,ccf-aiops-南京,br-2,br,ospf6_interface_enabled,"interface=""ens11""",1
2026-07-28 12:41:00,ccf-aiops-南京,br-2,br,ospf6_interface_enabled,"interface=""ens6""",1
2026-07-28 12:41:00,ccf-aiops-南京,br-2,br,ospf6_interface_enabled,"interface=""ens9""",1
2026-07-28 12:41:00,ccf-aiops-南京,br-2,br,ospf6_interface_enabled,"interface=""ens8""",1
2026-07-28 12:41:00,ccf-aiops-南京,br-2,br,ospf6_interface_enabled,"interface=""lo""",1
2026-07-28 12:41:00,ccf-aiops-南京,br-2,br,ospf6_interface_enabled,"interface=""virbr0""",0
2026-07-28 12:41:00,ccf-aiops-南京,br-2,br,ospf6_neighbor_state_code,"state=""Full"",interface=""ens5"",neighbor_id=""7.7.7.1""",6
2026-07-28 12:41:00,ccf-aiops-南京,br-2,br,ospf6_neighbor_state_code,"state=""Full"",interface=""ens5"",neighbor_id=""7.7.7.11""",6
2026-07-28 12:41:00,ccf-aiops-南京,br-2,br,ospf6_neighbor_state_code,"state=""Full"",interface=""ens5"",neighbor_id=""7.7.7.12""",6
2026-07-28 12:41:00,ccf-aiops-南京,cr-1,cr,ipv6_default_route_changed_total,,0
2026-07-28 12:41:00,ccf-aiops-南京,cr-1,cr,ipv6_default_route_info,"next_hop=""fd00:7:20::1"",dev=""ens4"",protocol=""196"",metric=""20"",route_index=""0"",nh_index=""0""",1
2026-07-28 12:41:00,ccf-aiops-南京,cr-1,cr,ipv6_default_route_info,"next_hop=""fd00:7:20::2"",dev=""ens4"",protocol=""196"",metric=""20"",route_index=""0"",nh_index=""1""",1
2026-07-28 12:41:00,ccf-aiops-南京,cr-1,cr,ipv6_route_change_total,"prefix=""fd00:7:40::/64""",0
2026-07-28 12:41:00,ccf-aiops-南京,cr-1,cr,ipv6_route_change_total,"prefix=""fd00:6:40::/64""",5
2026-07-28 12:41:00,ccf-aiops-南京,cr-1,cr,ipv6_route_change_total,"prefix=""fd00:5:40::/64""",5
2026-07-28 12:41:00,ccf-aiops-南京,cr-1,cr,ipv6_route_change_total,"prefix=""fd00:4:40::/64""",5
2026-07-28 12:41:00,ccf-aiops-南京,cr-1,cr,ipv6_route_change_total,"prefix=""fd00:3:40::/64""",0
2026-07-28 12:41:00,ccf-aiops-南京,cr-1,cr,ipv6_route_change_total,"prefix=""fd00:2:40::/64""",0
2026-07-28 12:41:00,ccf-aiops-南京,cr-1,cr,ipv6_route_change_total,"prefix=""fd00:1:40::/64""",5
2026-07-28 12:41:00,ccf-aiops-南京,cr-1,cr,ipv6_route_change_total,"prefix=""::/0""",0
2026-07-28 12:41:00,ccf-aiops-南京,cr-1,cr,ipv6_route_change_total,"prefix=""fd00:8:40::/64""",5
2026-07-28 12:41:00,ccf-aiops-南京,cr-1,cr,ipv6_route_count,"protocol=""kernel""",7
2026-07-28 12:41:00,ccf-aiops-南京,cr-1,cr,ipv6_route_count,"protocol=""ospf""",7
2026-07-28 12:41:00,ccf-aiops-南京,cr-1,cr,ipv6_route_count,"protocol=""all""",16
2026-07-28 12:41:00,ccf-aiops-南京,cr-1,cr,ipv6_route_count,"protocol=""196""",2
2026-07-28 12:41:00,ccf-aiops-南京,cr-1,cr,ipv6_route_exists,"prefix=""fd00:1:40::/64""",1
2026-07-28 12:41:00,ccf-aiops-南京,cr-1,cr,ipv6_route_exists,"prefix=""::/0""",1
2026-07-28 12:41:00,ccf-aiops-南京,cr-1,cr,ipv6_route_exists,"prefix=""fd00:2:40::/64""",1
2026-07-28 12:41:00,ccf-aiops-南京,cr-1,cr,ipv6_route_exists,"prefix=""fd00:3:40::/64""",1
2026-07-28 12:41:00,ccf-aiops-南京,cr-1,cr,ipv6_route_exists,"prefix=""fd00:4:40::/64""",1
2026-07-28 12:41:00,ccf-aiops-南京,cr-1,cr,ipv6_route_exists,"prefix=""fd00:5:40::/64""",1
2026-07-28 12:41:00,ccf-aiops-南京,cr-1,cr,ipv6_route_exists,"prefix=""fd00:6:40::/64""",1
2026-07-28 12:41:00,ccf-aiops-南京,cr-1,cr,ipv6_route_exists,"prefix=""fd00:7:40::/64""",1
2026-07-28 12:41:00,ccf-aiops-南京,cr-1,cr,ipv6_route_exists,"prefix=""fd00:8:40::/64""",1
2026-07-28 12:41:00,ccf-aiops-南京,cr-1,cr,ipv6_route_nexthop_info,"prefix=""fd00:7:40::/64"",next_hop=""fd00:7:30::254"",dev=""ens5"",protocol=""196"",metric=""20"",route_index=""0"",nh_index=""0""",1
2026-07-28 12:41:00,ccf-aiops-南京,cr-1,cr,ipv6_route_nexthop_info,"prefix=""fd00:8:40::/64"",next_hop=""fe80::7:20:2"",dev=""ens4"",protocol=""ospf"",metric=""20"",route_index=""0"",nh_index=""1""",1
2026-07-28 12:41:00,ccf-aiops-南京,cr-1,cr,ipv6_route_nexthop_info,"prefix=""fd00:6:40::/64"",next_hop=""fe80::7:20:2"",dev=""ens4"",protocol=""ospf"",metric=""20"",route_index=""0"",nh_index=""1""",1
2026-07-28 12:41:00,ccf-aiops-南京,cr-1,cr,ipv6_route_nexthop_info,"prefix=""fd00:5:40::/64"",next_hop=""fe80::7:20:2"",dev=""ens4"",protocol=""ospf"",metric=""20"",route_index=""0"",nh_index=""1""",1
2026-07-28 12:41:00,ccf-aiops-南京,cr-1,cr,ipv6_route_nexthop_info,"prefix=""fd00:4:40::/64"",next_hop=""fe80::7:20:2"",dev=""ens4"",protocol=""ospf"",metric=""20"",route_index=""0"",nh_index=""1""",1
2026-07-28 12:41:00,ccf-aiops-南京,cr-1,cr,ipv6_route_nexthop_info,"prefix=""fd00:3:40::/64"",next_hop=""fe80::7:20:2"",dev=""ens4"",protocol=""ospf"",metric=""20"",route_index=""0"",nh_index=""1""",1
2026-07-28 12:41:00,ccf-aiops-南京,cr-1,cr,ipv6_route_nexthop_info,"prefix=""fd00:2:40::/64"",next_hop=""fe80::7:20:2"",dev=""ens4"",protocol=""ospf"",metric=""20"",route_index=""0"",nh_index=""1""",1
2026-07-28 12:41:00,ccf-aiops-南京,cr-1,cr,ipv6_route_nexthop_info,"prefix=""fd00:1:40::/64"",next_hop=""fe80::7:20:2"",dev=""ens4"",protocol=""ospf"",metric=""20"",route_index=""0"",nh_index=""1""",1
2026-07-28 12:41:00,ccf-aiops-南京,cr-1,cr,ipv6_route_nexthop_info,"prefix=""fd00:6:40::/64"",next_hop=""fe80::7:20:1"",dev=""ens4"",protocol=""ospf"",metric=""20"",route_index=""0"",nh_index=""0""",1
2026-07-28 12:41:00,ccf-aiops-南京,cr-1,cr,ipv6_route_nexthop_info,"prefix=""fd00:5:40::/64"",next_hop=""fe80::7:20:1"",dev=""ens4"",protocol=""ospf"",metric=""20"",route_index=""0"",nh_index=""0""",1
2026-07-28 12:41:00,ccf-aiops-南京,cr-1,cr,ipv6_route_nexthop_info,"prefix=""fd00:4:40::/64"",next_hop=""fe80::7:20:1"",dev=""ens4"",protocol=""ospf"",metric=""20"",route_index=""0"",nh_index=""0""",1
2026-07-28 12:41:00,ccf-aiops-南京,cr-1,cr,ipv6_route_nexthop_info,"prefix=""fd00:3:40::/64"",next_hop=""fe80::7:20:1"",dev=""ens4"",protocol=""ospf"",metric=""20"",route_index=""0"",nh_index=""0""",1
2026-07-28 12:41:00,ccf-aiops-南京,cr-1,cr,ipv6_route_nexthop_info,"prefix=""fd00:2:40::/64"",next_hop=""fe80::7:20:1"",dev=""ens4"",protocol=""ospf"",metric=""20"",route_index=""0"",nh_index=""0""",1
2026-07-28 12:41:00,ccf-aiops-南京,cr-1,cr,ipv6_route_nexthop_info,"prefix=""fd00:1:40::/64"",next_hop=""fe80::7:20:1"",dev=""ens4"",protocol=""ospf"",metric=""20"",route_index=""0"",nh_index=""0""",1
2026-07-28 12:41:00,ccf-aiops-南京,cr-1,cr,ipv6_route_nexthop_info,"prefix=""::/0"",next_hop=""fd00:7:20::2"",dev=""ens4"",protocol=""196"",metric=""20"",route_index=""0"",nh_index=""1""",1
2026-07-28 12:41:00,ccf-aiops-南京,cr-1,cr,ipv6_route_nexthop_info,"prefix=""::/0"",next_hop=""fd00:7:20::1"",dev=""ens4"",protocol=""196"",metric=""20"",route_index=""0"",nh_index=""0""",1
2026-07-28 12:41:00,ccf-aiops-南京,cr-1,cr,ipv6_route_nexthop_info,"prefix=""fd00:8:40::/64"",next_hop=""fe80::7:20:1"",dev=""ens4"",protocol=""ospf"",metric=""20"",route_index=""0"",nh_index=""0""",1
2026-07-28 12:41:00,ccf-aiops-南京,cr-1,cr,ospf6_interface_cost,"interface=""ens5""",1
2026-07-28 12:41:00,ccf-aiops-南京,cr-1,cr,ospf6_interface_cost,"interface=""ens4""",1
2026-07-28 12:41:00,ccf-aiops-南京,cr-1,cr,ospf6_interface_enabled,"interface=""ens12""",1
2026-07-28 12:41:00,ccf-aiops-南京,cr-1,cr,ospf6_interface_enabled,"interface=""ens10""",1
2026-07-28 12:41:00,ccf-aiops-南京,cr-1,cr,ospf6_interface_enabled,"interface=""vxlan100""",1
2026-07-28 12:41:00,ccf-aiops-南京,cr-1,cr,ospf6_interface_enabled,"interface=""virbr0""",0
2026-07-28 12:41:00,ccf-aiops-南京,cr-1,cr,ospf6_interface_enabled,"interface=""lo""",1
2026-07-28 12:41:00,ccf-aiops-南京,cr-1,cr,ospf6_interface_enabled,"interface=""ens9""",1
2026-07-28 12:41:00,ccf-aiops-南京,cr-1,cr,ospf6_interface_enabled,"interface=""ens8""",1
2026-07-28 12:41:00,ccf-aiops-南京,cr-1,cr,ospf6_interface_enabled,"interface=""ens7""",1
2026-07-28 12:41:00,ccf-aiops-南京,cr-1,cr,ospf6_interface_enabled,"interface=""ens6""",1
2026-07-28 12:41:00,ccf-aiops-南京,cr-1,cr,ospf6_interface_enabled,"interface=""ens5""",1
2026-07-28 12:41:00,ccf-aiops-南京,cr-1,cr,ospf6_interface_enabled,"interface=""ens4""",1
2026-07-28 12:41:00,ccf-aiops-南京,cr-1,cr,ospf6_interface_enabled,"interface=""ens3""",1
2026-07-28 12:41:00,ccf-aiops-南京,cr-1,cr,ospf6_interface_enabled,"interface=""ens11""",1
2026-07-28 12:41:00,ccf-aiops-南京,cr-1,cr,ospf6_neighbor_state_code,"state=""Full"",interface=""ens5"",neighbor_id=""7.7.7.12""",6
2026-07-28 12:41:00,ccf-aiops-南京,cr-1,cr,ospf6_neighbor_state_code,"state=""Full"",interface=""ens4"",neighbor_id=""7.7.7.12""",6
2026-07-28 12:41:00,ccf-aiops-南京,cr-1,cr,ospf6_neighbor_state_code,"state=""Twoway"",interface=""ens4"",neighbor_id=""7.7.7.1""",2
2026-07-28 12:41:00,ccf-aiops-南京,cr-1,cr,ospf6_neighbor_state_code,"state=""Full"",interface=""ens4"",neighbor_id=""7.7.7.2""",6
2026-07-28 12:41:00,ccf-aiops-南京,cr-1,cr,bgp_command_success,,
2026-07-28 12:41:00,ccf-aiops-南京,cr-1,cr,bgp_peer_up,,
2026-07-28 12:41:00,ccf-aiops-南京,cr-1,cr,bgp_peer_uptime_seconds,,
2026-07-28 12:41:00,ccf-aiops-南京,cr-1,cr,bgp_peer_prefix_received,,
2026-07-28 12:41:00,ccf-aiops-南京,cr-1,cr,bgp_peer_prefix_sent,,
2026-07-28 12:41:00,ccf-aiops-南京,cr-1,cr,bgp_peer_count,,
2026-07-28 12:41:00,ccf-aiops-南京,cr-2,cr,ipv6_default_route_changed_total,,0
2026-07-28 12:41:00,ccf-aiops-南京,cr-2,cr,ipv6_default_route_info,"next_hop=""fd00:7:20::1"",dev=""ens4"",protocol=""196"",metric=""20"",route_index=""0"",nh_index=""0""",1
2026-07-28 12:41:00,ccf-aiops-南京,cr-2,cr,ipv6_default_route_info,"next_hop=""fd00:7:20::2"",dev=""ens4"",protocol=""196"",metric=""20"",route_index=""0"",nh_index=""1""",1
2026-07-28 12:41:00,ccf-aiops-南京,cr-2,cr,ipv6_route_change_total,"prefix=""fd00:8:40::/64""",3
2026-07-28 12:41:00,ccf-aiops-南京,cr-2,cr,ipv6_route_change_total,"prefix=""fd00:6:40::/64""",3
2026-07-28 12:41:00,ccf-aiops-南京,cr-2,cr,ipv6_route_change_total,"prefix=""fd00:5:40::/64""",3
2026-07-28 12:41:00,ccf-aiops-南京,cr-2,cr,ipv6_route_change_total,"prefix=""fd00:7:40::/64""",0
2026-07-28 12:41:00,ccf-aiops-南京,cr-2,cr,ipv6_route_change_total,"prefix=""::/0""",0
2026-07-28 12:41:00,ccf-aiops-南京,cr-2,cr,ipv6_route_change_total,"prefix=""fd00:4:40::/64""",3
2026-07-28 12:41:00,ccf-aiops-南京,cr-2,cr,ipv6_route_change_total,"prefix=""fd00:3:40::/64""",3
2026-07-28 12:41:00,ccf-aiops-南京,cr-2,cr,ipv6_route_change_total,"prefix=""fd00:2:40::/64""",3
2026-07-28 12:41:00,ccf-aiops-南京,cr-2,cr,ipv6_route_change_total,"prefix=""fd00:1:40::/64""",3
2026-07-28 12:41:00,ccf-aiops-南京,cr-2,cr,ipv6_route_count,"protocol=""ospf""",7
2026-07-28 12:41:00,ccf-aiops-南京,cr-2,cr,ipv6_route_count,"protocol=""kernel""",6
2026-07-28 12:41:00,ccf-aiops-南京,cr-2,cr,ipv6_route_count,"protocol=""all""",15
2026-07-28 12:41:00,ccf-aiops-南京,cr-2,cr,ipv6_route_count,"protocol=""196""",2
2026-07-28 12:41:00,ccf-aiops-南京,cr-2,cr,ipv6_route_exists,"prefix=""fd00:2:40::/64""",1
2026-07-28 12:41:00,ccf-aiops-南京,cr-2,cr,ipv6_route_exists,"prefix=""fd00:1:40::/64""",1
2026-07-28 12:41:00,ccf-aiops-南京,cr-2,cr,ipv6_route_exists,"prefix=""fd00:3:40::/64""",1
2026-07-28 12:41:00,ccf-aiops-南京,cr-2,cr,ipv6_route_exists,"prefix=""fd00:4:40::/64""",1
2026-07-28 12:41:00,ccf-aiops-南京,cr-2,cr,ipv6_route_exists,"prefix=""fd00:5:40::/64""",1
2026-07-28 12:41:00,ccf-aiops-南京,cr-2,cr,ipv6_route_exists,"prefix=""fd00:6:40::/64""",1
2026-07-28 12:41:00,ccf-aiops-南京,cr-2,cr,ipv6_route_exists,"prefix=""fd00:7:40::/64""",1
2026-07-28 12:41:00,ccf-aiops-南京,cr-2,cr,ipv6_route_exists,"prefix=""fd00:8:40::/64""",1
2026-07-28 12:41:00,ccf-aiops-南京,cr-2,cr,ipv6_route_exists,"prefix=""::/0""",1
2026-07-28 12:41:00,ccf-aiops-南京,cr-2,cr,ipv6_route_nexthop_info,"prefix=""fd00:4:40::/64"",next_hop=""fe80::7:20:1"",dev=""ens4"",protocol=""ospf"",metric=""20"",route_index=""0"",nh_index=""1""",1
2026-07-28 12:41:00,ccf-aiops-南京,cr-2,cr,ipv6_route_nexthop_info,"prefix=""::/0"",next_hop=""fd00:7:20::1"",dev=""ens4"",protocol=""196"",metric=""20"",route_index=""0"",nh_index=""0""",1
2026-07-28 12:41:00,ccf-aiops-南京,cr-2,cr,ipv6_route_nexthop_info,"prefix=""::/0"",next_hop=""fd00:7:20::2"",dev=""ens4"",protocol=""196"",metric=""20"",route_index=""0"",nh_index=""1""",1
2026-07-28 12:41:00,ccf-aiops-南京,cr-2,cr,ipv6_route_nexthop_info,"prefix=""fd00:1:40::/64"",next_hop=""fe80::7:20:1"",dev=""ens4"",protocol=""ospf"",metric=""20"",route_index=""0"",nh_index=""1""",1
2026-07-28 12:41:00,ccf-aiops-南京,cr-2,cr,ipv6_route_nexthop_info,"prefix=""fd00:2:40::/64"",next_hop=""fe80::7:20:1"",dev=""ens4"",protocol=""ospf"",metric=""20"",route_index=""0"",nh_index=""1""",1
2026-07-28 12:41:00,ccf-aiops-南京,cr-2,cr,ipv6_route_nexthop_info,"prefix=""fd00:3:40::/64"",next_hop=""fe80::7:20:1"",dev=""ens4"",protocol=""ospf"",metric=""20"",route_index=""0"",nh_index=""1""",1
2026-07-28 12:41:00,ccf-aiops-南京,cr-2,cr,ipv6_route_nexthop_info,"prefix=""fd00:7:40::/64"",next_hop=""fd00:7:30::254"",dev=""ens5"",protocol=""196"",metric=""20"",route_index=""0"",nh_index=""0""",1
2026-07-28 12:41:00,ccf-aiops-南京,cr-2,cr,ipv6_route_nexthop_info,"prefix=""fd00:5:40::/64"",next_hop=""fe80::7:20:1"",dev=""ens4"",protocol=""ospf"",metric=""20"",route_index=""0"",nh_index=""1""",1
2026-07-28 12:41:00,ccf-aiops-南京,cr-2,cr,ipv6_route_nexthop_info,"prefix=""fd00:6:40::/64"",next_hop=""fe80::7:20:1"",dev=""ens4"",protocol=""ospf"",metric=""20"",route_index=""0"",nh_index=""1""",1
2026-07-28 12:41:00,ccf-aiops-南京,cr-2,cr,ipv6_route_nexthop_info,"prefix=""fd00:8:40::/64"",next_hop=""fe80::7:20:1"",dev=""ens4"",protocol=""ospf"",metric=""20"",route_index=""0"",nh_index=""1""",1
2026-07-28 12:41:00,ccf-aiops-南京,cr-2,cr,ipv6_route_nexthop_info,"prefix=""fd00:1:40::/64"",next_hop=""fe80::7:20:2"",dev=""ens4"",protocol=""ospf"",metric=""20"",route_index=""0"",nh_index=""0""",1
2026-07-28 12:41:00,ccf-aiops-南京,cr-2,cr,ipv6_route_nexthop_info,"prefix=""fd00:2:40::/64"",next_hop=""fe80::7:20:2"",dev=""ens4"",protocol=""ospf"",metric=""20"",route_index=""0"",nh_index=""0""",1
2026-07-28 12:41:00,ccf-aiops-南京,cr-2,cr,ipv6_route_nexthop_info,"prefix=""fd00:3:40::/64"",next_hop=""fe80::7:20:2"",dev=""ens4"",protocol=""ospf"",metric=""20"",route_index=""0"",nh_index=""0""",1
2026-07-28 12:41:00,ccf-aiops-南京,cr-2,cr,ipv6_route_nexthop_info,"prefix=""fd00:4:40::/64"",next_hop=""fe80::7:20:2"",dev=""ens4"",protocol=""ospf"",metric=""20"",route_index=""0"",nh_index=""0""",1
2026-07-28 12:41:00,ccf-aiops-南京,cr-2,cr,ipv6_route_nexthop_info,"prefix=""fd00:5:40::/64"",next_hop=""fe80::7:20:2"",dev=""ens4"",protocol=""ospf"",metric=""20"",route_index=""0"",nh_index=""0""",1
2026-07-28 12:41:00,ccf-aiops-南京,cr-2,cr,ipv6_route_nexthop_info,"prefix=""fd00:6:40::/64"",next_hop=""fe80::7:20:2"",dev=""ens4"",protocol=""ospf"",metric=""20"",route_index=""0"",nh_index=""0""",1
2026-07-28 12:41:00,ccf-aiops-南京,cr-2,cr,ipv6_route_nexthop_info,"prefix=""fd00:8:40::/64"",next_hop=""fe80::7:20:2"",dev=""ens4"",protocol=""ospf"",metric=""20"",route_index=""0"",nh_index=""0""",1
2026-07-28 12:41:00,ccf-aiops-南京,cr-2,cr,ospf6_interface_cost,"interface=""ens5""",1
2026-07-28 12:41:00,ccf-aiops-南京,cr-2,cr,ospf6_interface_cost,"interface=""ens4""",1
2026-07-28 12:41:00,ccf-aiops-南京,cr-2,cr,ospf6_interface_enabled,"interface=""virbr0""",0
2026-07-28 12:41:00,ccf-aiops-南京,cr-2,cr,ospf6_interface_enabled,"interface=""lo""",1
2026-07-28 12:41:00,ccf-aiops-南京,cr-2,cr,ospf6_interface_enabled,"interface=""ens11""",1
2026-07-28 12:41:00,ccf-aiops-南京,cr-2,cr,ospf6_interface_enabled,"interface=""ens10""",1
2026-07-28 12:41:00,ccf-aiops-南京,cr-2,cr,ospf6_interface_enabled,"interface=""ens12""",1
2026-07-28 12:41:00,ccf-aiops-南京,cr-2,cr,ospf6_interface_enabled,"interface=""ens3""",1
2026-07-28 12:41:00,ccf-aiops-南京,cr-2,cr,ospf6_interface_enabled,"interface=""ens4""",1
2026-07-28 12:41:00,ccf-aiops-南京,cr-2,cr,ospf6_interface_enabled,"interface=""ens5""",1
2026-07-28 12:41:00,ccf-aiops-南京,cr-2,cr,ospf6_interface_enabled,"interface=""ens6""",1
2026-07-28 12:41:00,ccf-aiops-南京,cr-2,cr,ospf6_interface_enabled,"interface=""ens7""",1
2026-07-28 12:41:00,ccf-aiops-南京,cr-2,cr,ospf6_interface_enabled,"interface=""ens8""",1
2026-07-28 12:41:00,ccf-aiops-南京,cr-2,cr,ospf6_interface_enabled,"interface=""ens9""",1
2026-07-28 12:41:00,ccf-aiops-南京,cr-2,cr,ospf6_neighbor_state_code,"state=""Full"",interface=""ens4"",neighbor_id=""7.7.7.1""",6
2026-07-28 12:41:00,ccf-aiops-南京,cr-2,cr,ospf6_neighbor_state_code,"state=""Full"",interface=""ens4"",neighbor_id=""7.7.7.11""",6
2026-07-28 12:41:00,ccf-aiops-南京,cr-2,cr,ospf6_neighbor_state_code,"state=""Full"",interface=""ens4"",neighbor_id=""7.7.7.2""",6
2026-07-28 12:41:00,ccf-aiops-南京,cr-2,cr,ospf6_neighbor_state_code,"state=""Full"",interface=""ens5"",neighbor_id=""7.7.7.11""",6
2026-07-28 12:41:00,ccf-aiops-南京,cr-2,cr,bgp_command_success,,
2026-07-28 12:41:00,ccf-aiops-南京,cr-2,cr,bgp_peer_up,,
2026-07-28 12:41:00,ccf-aiops-南京,cr-2,cr,bgp_peer_uptime_seconds,,
2026-07-28 12:41:00,ccf-aiops-南京,cr-2,cr,bgp_peer_prefix_received,,
2026-07-28 12:41:00,ccf-aiops-南京,cr-2,cr,bgp_peer_prefix_sent,,
2026-07-28 12:41:00,ccf-aiops-南京,cr-2,cr,bgp_peer_count,,
2026-07-28 12:42:00,ccf-aiops-南京,br-1,br,bgp_command_success,"command=""bgp_summary""",1
2026-07-28 12:42:00,ccf-aiops-南京,br-1,br,bgp_peer_count,,2
2026-07-28 12:42:00,ccf-aiops-南京,br-1,br,bgp_peer_prefix_received,"peer=""fd00:100:10::41"",remote_as=""65005"",state=""Established""",7
2026-07-28 12:42:00,ccf-aiops-南京,br-1,br,bgp_peer_prefix_received,"peer=""fd00:100:10::51"",remote_as=""65006"",state=""Established""",7
2026-07-28 12:42:00,ccf-aiops-南京,br-1,br,bgp_peer_prefix_sent,"peer=""fd00:100:10::51"",remote_as=""65006"",state=""Established""",8
2026-07-28 12:42:00,ccf-aiops-南京,br-1,br,bgp_peer_prefix_sent,"peer=""fd00:100:10::41"",remote_as=""65005"",state=""Established""",8
2026-07-28 12:42:00,ccf-aiops-南京,br-1,br,bgp_peer_up,"peer=""fd00:100:10::41"",remote_as=""65005"",state=""Established""",1
2026-07-28 12:42:00,ccf-aiops-南京,br-1,br,bgp_peer_up,"peer=""fd00:100:10::51"",remote_as=""65006"",state=""Established""",1
2026-07-28 12:42:00,ccf-aiops-南京,br-1,br,bgp_peer_uptime_seconds,"peer=""fd00:100:10::41"",remote_as=""65005"",state=""Established""",2413066
2026-07-28 12:42:00,ccf-aiops-南京,br-1,br,bgp_peer_uptime_seconds,"peer=""fd00:100:10::51"",remote_as=""65006"",state=""Established""",2413066
2026-07-28 12:42:00,ccf-aiops-南京,br-1,br,ipv6_default_route_changed_total,,0
2026-07-28 12:42:00,ccf-aiops-南京,br-1,br,ipv6_default_route_info,"next_hop=""240a:a023::1"",dev=""ens4"",protocol=""unknown"",metric=""1024"",route_index=""0"",nh_index=""0""",1
2026-07-28 12:42:00,ccf-aiops-南京,br-1,br,ipv6_route_change_total,"prefix=""fd00:1:40::/64""",0
2026-07-28 12:42:00,ccf-aiops-南京,br-1,br,ipv6_route_change_total,"prefix=""::/0""",0
2026-07-28 12:42:00,ccf-aiops-南京,br-1,br,ipv6_route_change_total,"prefix=""fd00:2:40::/64""",5
2026-07-28 12:42:00,ccf-aiops-南京,br-1,br,ipv6_route_change_total,"prefix=""fd00:3:40::/64""",0
2026-07-28 12:42:00,ccf-aiops-南京,br-1,br,ipv6_route_change_total,"prefix=""fd00:4:40::/64""",0
2026-07-28 12:42:00,ccf-aiops-南京,br-1,br,ipv6_route_change_total,"prefix=""fd00:5:40::/64""",0
2026-07-28 12:42:00,ccf-aiops-南京,br-1,br,ipv6_route_change_total,"prefix=""fd00:6:40::/64""",0
2026-07-28 12:42:00,ccf-aiops-南京,br-1,br,ipv6_route_change_total,"prefix=""fd00:7:40::/64""",8
2026-07-28 12:42:00,ccf-aiops-南京,br-1,br,ipv6_route_change_total,"prefix=""fd00:8:40::/64""",0
2026-07-28 12:42:00,ccf-aiops-南京,br-1,br,ipv6_route_count,"protocol=""kernel""",7
2026-07-28 12:42:00,ccf-aiops-南京,br-1,br,ipv6_route_count,"protocol=""all""",17
2026-07-28 12:42:00,ccf-aiops-南京,br-1,br,ipv6_route_count,"protocol=""bgp""",7
2026-07-28 12:42:00,ccf-aiops-南京,br-1,br,ipv6_route_count,"protocol=""unknown""",1
2026-07-28 12:42:00,ccf-aiops-南京,br-1,br,ipv6_route_count,"protocol=""ospf""",2
2026-07-28 12:42:00,ccf-aiops-南京,br-1,br,ipv6_route_exists,"prefix=""fd00:2:40::/64""",1
2026-07-28 12:42:00,ccf-aiops-南京,br-1,br,ipv6_route_exists,"prefix=""fd00:7:40::/64""",1
2026-07-28 12:42:00,ccf-aiops-南京,br-1,br,ipv6_route_exists,"prefix=""fd00:6:40::/64""",1
2026-07-28 12:42:00,ccf-aiops-南京,br-1,br,ipv6_route_exists,"prefix=""fd00:5:40::/64""",1
2026-07-28 12:42:00,ccf-aiops-南京,br-1,br,ipv6_route_exists,"prefix=""fd00:4:40::/64""",1
2026-07-28 12:42:00,ccf-aiops-南京,br-1,br,ipv6_route_exists,"prefix=""fd00:3:40::/64""",1
2026-07-28 12:42:00,ccf-aiops-南京,br-1,br,ipv6_route_exists,"prefix=""fd00:1:40::/64""",1
2026-07-28 12:42:00,ccf-aiops-南京,br-1,br,ipv6_route_exists,"prefix=""::/0""",1
2026-07-28 12:42:00,ccf-aiops-南京,br-1,br,ipv6_route_exists,"prefix=""fd00:8:40::/64""",1
2026-07-28 12:42:00,ccf-aiops-南京,br-1,br,ipv6_route_nexthop_info,"prefix=""::/0"",next_hop=""240a:a023::1"",dev=""ens4"",protocol=""unknown"",metric=""1024"",route_index=""0"",nh_index=""0""",1
2026-07-28 12:42:00,ccf-aiops-南京,br-1,br,ipv6_route_nexthop_info,"prefix=""fd00:7:40::/64"",next_hop=""fe80::7:20:12"",dev=""ens5"",protocol=""ospf"",metric=""20"",route_index=""0"",nh_index=""0""",1
2026-07-28 12:42:00,ccf-aiops-南京,br-1,br,ipv6_route_nexthop_info,"prefix=""fd00:7:40::/64"",next_hop=""fe80::7:20:11"",dev=""ens5"",protocol=""ospf"",metric=""20"",route_index=""0"",nh_index=""1""",1
2026-07-28 12:42:00,ccf-aiops-南京,br-1,br,ipv6_route_nexthop_info,"prefix=""fd00:6:40::/64"",next_hop=""fe80::100:10:51"",dev=""ens4"",protocol=""bgp"",metric=""20"",route_index=""0"",nh_index=""0""",1
2026-07-28 12:42:00,ccf-aiops-南京,br-1,br,ipv6_route_nexthop_info,"prefix=""fd00:2:40::/64"",next_hop=""fe80::100:10:51"",dev=""ens4"",protocol=""bgp"",metric=""20"",route_index=""0"",nh_index=""0""",1
2026-07-28 12:42:00,ccf-aiops-南京,br-1,br,ipv6_route_nexthop_info,"prefix=""fd00:1:40::/64"",next_hop=""fe80::100:10:51"",dev=""ens4"",protocol=""bgp"",metric=""20"",route_index=""0"",nh_index=""0""",1
2026-07-28 12:42:00,ccf-aiops-南京,br-1,br,ipv6_route_nexthop_info,"prefix=""fd00:8:40::/64"",next_hop=""fe80::100:10:41"",dev=""ens4"",protocol=""bgp"",metric=""20"",route_index=""0"",nh_index=""0""",1
2026-07-28 12:42:00,ccf-aiops-南京,br-1,br,ipv6_route_nexthop_info,"prefix=""fd00:5:40::/64"",next_hop=""fe80::100:10:41"",dev=""ens4"",protocol=""bgp"",metric=""20"",route_index=""0"",nh_index=""0""",1
2026-07-28 12:42:00,ccf-aiops-南京,br-1,br,ipv6_route_nexthop_info,"prefix=""fd00:3:40::/64"",next_hop=""fe80::100:10:41"",dev=""ens4"",protocol=""bgp"",metric=""20"",route_index=""0"",nh_index=""0""",1
2026-07-28 12:42:00,ccf-aiops-南京,br-1,br,ipv6_route_nexthop_info,"prefix=""fd00:4:40::/64"",next_hop=""fe80::100:10:41"",dev=""ens4"",protocol=""bgp"",metric=""20"",route_index=""0"",nh_index=""0""",1
2026-07-28 12:42:00,ccf-aiops-南京,br-1,br,ospf6_interface_cost,"interface=""ens5""",1
2026-07-28 12:42:00,ccf-aiops-南京,br-1,br,ospf6_interface_enabled,"interface=""virbr0""",0
2026-07-28 12:42:00,ccf-aiops-南京,br-1,br,ospf6_interface_enabled,"interface=""ens9""",1
2026-07-28 12:42:00,ccf-aiops-南京,br-1,br,ospf6_interface_enabled,"interface=""ens8""",1
2026-07-28 12:42:00,ccf-aiops-南京,br-1,br,ospf6_interface_enabled,"interface=""ens7""",1
2026-07-28 12:42:00,ccf-aiops-南京,br-1,br,ospf6_interface_enabled,"interface=""ens6""",1
2026-07-28 12:42:00,ccf-aiops-南京,br-1,br,ospf6_interface_enabled,"interface=""ens5""",1
2026-07-28 12:42:00,ccf-aiops-南京,br-1,br,ospf6_interface_enabled,"interface=""ens4""",1
2026-07-28 12:42:00,ccf-aiops-南京,br-1,br,ospf6_interface_enabled,"interface=""ens3""",1
2026-07-28 12:42:00,ccf-aiops-南京,br-1,br,ospf6_interface_enabled,"interface=""ens12""",1
2026-07-28 12:42:00,ccf-aiops-南京,br-1,br,ospf6_interface_enabled,"interface=""ens11""",1
2026-07-28 12:42:00,ccf-aiops-南京,br-1,br,ospf6_interface_enabled,"interface=""ens10""",1
2026-07-28 12:42:00,ccf-aiops-南京,br-1,br,ospf6_interface_enabled,"interface=""lo""",1
2026-07-28 12:42:00,ccf-aiops-南京,br-1,br,ospf6_neighbor_state_code,"state=""Full"",interface=""ens5"",neighbor_id=""7.7.7.12""",6
2026-07-28 12:42:00,ccf-aiops-南京,br-1,br,ospf6_neighbor_state_code,"state=""Full"",interface=""ens5"",neighbor_id=""7.7.7.2""",6
2026-07-28 12:42:00,ccf-aiops-南京,br-1,br,ospf6_neighbor_state_code,"state=""Twoway"",interface=""ens5"",neighbor_id=""7.7.7.11""",2
2026-07-28 12:42:00,ccf-aiops-南京,br-2,br,bgp_command_success,"command=""bgp_summary""",1
2026-07-28 12:42:00,ccf-aiops-南京,br-2,br,bgp_peer_count,,2
2026-07-28 12:42:00,ccf-aiops-南京,br-2,br,bgp_peer_prefix_received,"peer=""fd00:100:10::52"",remote_as=""65006"",state=""Established""",7
2026-07-28 12:42:00,ccf-aiops-南京,br-2,br,bgp_peer_prefix_received,"peer=""fd00:100:10::42"",remote_as=""65005"",state=""Established""",7
2026-07-28 12:42:00,ccf-aiops-南京,br-2,br,bgp_peer_prefix_sent,"peer=""fd00:100:10::52"",remote_as=""65006"",state=""Established""",8
2026-07-28 12:42:00,ccf-aiops-南京,br-2,br,bgp_peer_prefix_sent,"peer=""fd00:100:10::42"",remote_as=""65005"",state=""Established""",8
2026-07-28 12:42:00,ccf-aiops-南京,br-2,br,bgp_peer_up,"peer=""fd00:100:10::52"",remote_as=""65006"",state=""Established""",1
2026-07-28 12:42:00,ccf-aiops-南京,br-2,br,bgp_peer_up,"peer=""fd00:100:10::42"",remote_as=""65005"",state=""Established""",1
2026-07-28 12:42:00,ccf-aiops-南京,br-2,br,bgp_peer_uptime_seconds,"peer=""fd00:100:10::52"",remote_as=""65006"",state=""Established""",2413049
2026-07-28 12:42:00,ccf-aiops-南京,br-2,br,bgp_peer_uptime_seconds,"peer=""fd00:100:10::42"",remote_as=""65005"",state=""Established""",2413049
2026-07-28 12:42:00,ccf-aiops-南京,br-2,br,ipv6_default_route_changed_total,,0
2026-07-28 12:42:00,ccf-aiops-南京,br-2,br,ipv6_default_route_info,"next_hop=""240a:a023::1"",dev=""ens4"",protocol=""unknown"",metric=""1024"",route_index=""0"",nh_index=""0""",1
2026-07-28 12:42:00,ccf-aiops-南京,br-2,br,ipv6_route_change_total,"prefix=""fd00:8:40::/64""",0
2026-07-28 12:42:00,ccf-aiops-南京,br-2,br,ipv6_route_change_total,"prefix=""::/0""",0
2026-07-28 12:42:00,ccf-aiops-南京,br-2,br,ipv6_route_change_total,"prefix=""fd00:1:40::/64""",0
2026-07-28 12:42:00,ccf-aiops-南京,br-2,br,ipv6_route_change_total,"prefix=""fd00:2:40::/64""",3
2026-07-28 12:42:00,ccf-aiops-南京,br-2,br,ipv6_route_change_total,"prefix=""fd00:7:40::/64""",10
2026-07-28 12:42:00,ccf-aiops-南京,br-2,br,ipv6_route_change_total,"prefix=""fd00:6:40::/64""",0
2026-07-28 12:42:00,ccf-aiops-南京,br-2,br,ipv6_route_change_total,"prefix=""fd00:5:40::/64""",0
2026-07-28 12:42:00,ccf-aiops-南京,br-2,br,ipv6_route_change_total,"prefix=""fd00:4:40::/64""",0
2026-07-28 12:42:00,ccf-aiops-南京,br-2,br,ipv6_route_change_total,"prefix=""fd00:3:40::/64""",0
2026-07-28 12:42:00,ccf-aiops-南京,br-2,br,ipv6_route_count,"protocol=""ospf""",2
2026-07-28 12:42:00,ccf-aiops-南京,br-2,br,ipv6_route_count,"protocol=""unknown""",1
2026-07-28 12:42:00,ccf-aiops-南京,br-2,br,ipv6_route_count,"protocol=""bgp""",7
2026-07-28 12:42:00,ccf-aiops-南京,br-2,br,ipv6_route_count,"protocol=""all""",17
2026-07-28 12:42:00,ccf-aiops-南京,br-2,br,ipv6_route_count,"protocol=""kernel""",7
2026-07-28 12:42:00,ccf-aiops-南京,br-2,br,ipv6_route_exists,"prefix=""fd00:2:40::/64""",1
2026-07-28 12:42:00,ccf-aiops-南京,br-2,br,ipv6_route_exists,"prefix=""fd00:6:40::/64""",1
2026-07-28 12:42:00,ccf-aiops-南京,br-2,br,ipv6_route_exists,"prefix=""fd00:3:40::/64""",1
2026-07-28 12:42:00,ccf-aiops-南京,br-2,br,ipv6_route_exists,"prefix=""fd00:4:40::/64""",1
2026-07-28 12:42:00,ccf-aiops-南京,br-2,br,ipv6_route_exists,"prefix=""fd00:5:40::/64""",1
2026-07-28 12:42:00,ccf-aiops-南京,br-2,br,ipv6_route_exists,"prefix=""fd00:7:40::/64""",1
2026-07-28 12:42:00,ccf-aiops-南京,br-2,br,ipv6_route_exists,"prefix=""fd00:8:40::/64""",1
2026-07-28 12:42:00,ccf-aiops-南京,br-2,br,ipv6_route_exists,"prefix=""::/0""",1
2026-07-28 12:42:00,ccf-aiops-南京,br-2,br,ipv6_route_exists,"prefix=""fd00:1:40::/64""",1
2026-07-28 12:42:00,ccf-aiops-南京,br-2,br,ipv6_route_nexthop_info,"prefix=""fd00:2:40::/64"",next_hop=""fe80::100:10:52"",dev=""ens4"",protocol=""bgp"",metric=""20"",route_index=""0"",nh_index=""0""",1
2026-07-28 12:42:00,ccf-aiops-南京,br-2,br,ipv6_route_nexthop_info,"prefix=""fd00:1:40::/64"",next_hop=""fe80::100:10:52"",dev=""ens4"",protocol=""bgp"",metric=""20"",route_index=""0"",nh_index=""0""",1
2026-07-28 12:42:00,ccf-aiops-南京,br-2,br,ipv6_route_nexthop_info,"prefix=""fd00:8:40::/64"",next_hop=""fe80::100:10:42"",dev=""ens4"",protocol=""bgp"",metric=""20"",route_index=""0"",nh_index=""0""",1
2026-07-28 12:42:00,ccf-aiops-南京,br-2,br,ipv6_route_nexthop_info,"prefix=""fd00:5:40::/64"",next_hop=""fe80::100:10:42"",dev=""ens4"",protocol=""bgp"",metric=""20"",route_index=""0"",nh_index=""0""",1
2026-07-28 12:42:00,ccf-aiops-南京,br-2,br,ipv6_route_nexthop_info,"prefix=""fd00:4:40::/64"",next_hop=""fe80::100:10:42"",dev=""ens4"",protocol=""bgp"",metric=""20"",route_index=""0"",nh_index=""0""",1
2026-07-28 12:42:00,ccf-aiops-南京,br-2,br,ipv6_route_nexthop_info,"prefix=""fd00:3:40::/64"",next_hop=""fe80::100:10:42"",dev=""ens4"",protocol=""bgp"",metric=""20"",route_index=""0"",nh_index=""0""",1
2026-07-28 12:42:00,ccf-aiops-南京,br-2,br,ipv6_route_nexthop_info,"prefix=""::/0"",next_hop=""240a:a023::1"",dev=""ens4"",protocol=""unknown"",metric=""1024"",route_index=""0"",nh_index=""0""",1
2026-07-28 12:42:00,ccf-aiops-南京,br-2,br,ipv6_route_nexthop_info,"prefix=""fd00:6:40::/64"",next_hop=""fe80::100:10:52"",dev=""ens4"",protocol=""bgp"",metric=""20"",route_index=""0"",nh_index=""0""",1
2026-07-28 12:42:00,ccf-aiops-南京,br-2,br,ipv6_route_nexthop_info,"prefix=""fd00:7:40::/64"",next_hop=""fe80::7:20:12"",dev=""ens5"",protocol=""ospf"",metric=""20"",route_index=""0"",nh_index=""0""",1
2026-07-28 12:42:00,ccf-aiops-南京,br-2,br,ipv6_route_nexthop_info,"prefix=""fd00:7:40::/64"",next_hop=""fe80::7:20:11"",dev=""ens5"",protocol=""ospf"",metric=""20"",route_index=""0"",nh_index=""1""",1
2026-07-28 12:42:00,ccf-aiops-南京,br-2,br,ospf6_interface_cost,"interface=""ens5""",1
2026-07-28 12:42:00,ccf-aiops-南京,br-2,br,ospf6_interface_enabled,"interface=""ens9""",1
2026-07-28 12:42:00,ccf-aiops-南京,br-2,br,ospf6_interface_enabled,"interface=""virbr0""",0
2026-07-28 12:42:00,ccf-aiops-南京,br-2,br,ospf6_interface_enabled,"interface=""ens7""",1
2026-07-28 12:42:00,ccf-aiops-南京,br-2,br,ospf6_interface_enabled,"interface=""ens6""",1
2026-07-28 12:42:00,ccf-aiops-南京,br-2,br,ospf6_interface_enabled,"interface=""ens5""",1
2026-07-28 12:42:00,ccf-aiops-南京,br-2,br,ospf6_interface_enabled,"interface=""ens4""",1
2026-07-28 12:42:00,ccf-aiops-南京,br-2,br,ospf6_interface_enabled,"interface=""ens3""",1
2026-07-28 12:42:00,ccf-aiops-南京,br-2,br,ospf6_interface_enabled,"interface=""ens12""",1
2026-07-28 12:42:00,ccf-aiops-南京,br-2,br,ospf6_interface_enabled,"interface=""ens11""",1
2026-07-28 12:42:00,ccf-aiops-南京,br-2,br,ospf6_interface_enabled,"interface=""ens10""",1
2026-07-28 12:42:00,ccf-aiops-南京,br-2,br,ospf6_interface_enabled,"interface=""lo""",1
2026-07-28 12:42:00,ccf-aiops-南京,br-2,br,ospf6_interface_enabled,"interface=""ens8""",1
2026-07-28 12:42:00,ccf-aiops-南京,br-2,br,ospf6_neighbor_state_code,"state=""Full"",interface=""ens5"",neighbor_id=""7.7.7.12""",6
2026-07-28 12:42:00,ccf-aiops-南京,br-2,br,ospf6_neighbor_state_code,"state=""Full"",interface=""ens5"",neighbor_id=""7.7.7.11""",6
2026-07-28 12:42:00,ccf-aiops-南京,br-2,br,ospf6_neighbor_state_code,"state=""Full"",interface=""ens5"",neighbor_id=""7.7.7.1""",6
2026-07-28 12:42:00,ccf-aiops-南京,cr-1,cr,ipv6_default_route_changed_total,,0
2026-07-28 12:42:00,ccf-aiops-南京,cr-1,cr,ipv6_default_route_info,"next_hop=""fd00:7:20::1"",dev=""ens4"",protocol=""196"",metric=""20"",route_index=""0"",nh_index=""0""",1
2026-07-28 12:42:00,ccf-aiops-南京,cr-1,cr,ipv6_default_route_info,"next_hop=""fd00:7:20::2"",dev=""ens4"",protocol=""196"",metric=""20"",route_index=""0"",nh_index=""1""",1
2026-07-28 12:42:00,ccf-aiops-南京,cr-1,cr,ipv6_route_change_total,"prefix=""fd00:7:40::/64""",0
2026-07-28 12:42:00,ccf-aiops-南京,cr-1,cr,ipv6_route_change_total,"prefix=""fd00:5:40::/64""",5
2026-07-28 12:42:00,ccf-aiops-南京,cr-1,cr,ipv6_route_change_total,"prefix=""fd00:4:40::/64""",5
2026-07-28 12:42:00,ccf-aiops-南京,cr-1,cr,ipv6_route_change_total,"prefix=""fd00:3:40::/64""",0
2026-07-28 12:42:00,ccf-aiops-南京,cr-1,cr,ipv6_route_change_total,"prefix=""fd00:2:40::/64""",0
2026-07-28 12:42:00,ccf-aiops-南京,cr-1,cr,ipv6_route_change_total,"prefix=""fd00:1:40::/64""",5
2026-07-28 12:42:00,ccf-aiops-南京,cr-1,cr,ipv6_route_change_total,"prefix=""fd00:6:40::/64""",5
2026-07-28 12:42:00,ccf-aiops-南京,cr-1,cr,ipv6_route_change_total,"prefix=""::/0""",0
2026-07-28 12:42:00,ccf-aiops-南京,cr-1,cr,ipv6_route_change_total,"prefix=""fd00:8:40::/64""",5
2026-07-28 12:42:00,ccf-aiops-南京,cr-1,cr,ipv6_route_count,"protocol=""196""",2
2026-07-28 12:42:00,ccf-aiops-南京,cr-1,cr,ipv6_route_count,"protocol=""all""",16
2026-07-28 12:42:00,ccf-aiops-南京,cr-1,cr,ipv6_route_count,"protocol=""kernel""",7
2026-07-28 12:42:00,ccf-aiops-南京,cr-1,cr,ipv6_route_count,"protocol=""ospf""",7
2026-07-28 12:42:00,ccf-aiops-南京,cr-1,cr,ipv6_route_exists,"prefix=""fd00:8:40::/64""",1
2026-07-28 12:42:00,ccf-aiops-南京,cr-1,cr,ipv6_route_exists,"prefix=""fd00:7:40::/64""",1
2026-07-28 12:42:00,ccf-aiops-南京,cr-1,cr,ipv6_route_exists,"prefix=""fd00:6:40::/64""",1
2026-07-28 12:42:00,ccf-aiops-南京,cr-1,cr,ipv6_route_exists,"prefix=""fd00:5:40::/64""",1
2026-07-28 12:42:00,ccf-aiops-南京,cr-1,cr,ipv6_route_exists,"prefix=""fd00:4:40::/64""",1
2026-07-28 12:42:00,ccf-aiops-南京,cr-1,cr,ipv6_route_exists,"prefix=""fd00:3:40::/64""",1
2026-07-28 12:42:00,ccf-aiops-南京,cr-1,cr,ipv6_route_exists,"prefix=""fd00:2:40::/64""",1
2026-07-28 12:42:00,ccf-aiops-南京,cr-1,cr,ipv6_route_exists,"prefix=""fd00:1:40::/64""",1
2026-07-28 12:42:00,ccf-aiops-南京,cr-1,cr,ipv6_route_exists,"prefix=""::/0""",1
2026-07-28 12:42:00,ccf-aiops-南京,cr-1,cr,ipv6_route_nexthop_info,"prefix=""fd00:8:40::/64"",next_hop=""fe80::7:20:2"",dev=""ens4"",protocol=""ospf"",metric=""20"",route_index=""0"",nh_index=""1""",1
2026-07-28 12:42:00,ccf-aiops-南京,cr-1,cr,ipv6_route_nexthop_info,"prefix=""fd00:7:40::/64"",next_hop=""fd00:7:30::254"",dev=""ens5"",protocol=""196"",metric=""20"",route_index=""0"",nh_index=""0""",1
2026-07-28 12:42:00,ccf-aiops-南京,cr-1,cr,ipv6_route_nexthop_info,"prefix=""fd00:6:40::/64"",next_hop=""fe80::7:20:2"",dev=""ens4"",protocol=""ospf"",metric=""20"",route_index=""0"",nh_index=""1""",1
2026-07-28 12:42:00,ccf-aiops-南京,cr-1,cr,ipv6_route_nexthop_info,"prefix=""fd00:8:40::/64"",next_hop=""fe80::7:20:1"",dev=""ens4"",protocol=""ospf"",metric=""20"",route_index=""0"",nh_index=""0""",1
2026-07-28 12:42:00,ccf-aiops-南京,cr-1,cr,ipv6_route_nexthop_info,"prefix=""fd00:3:40::/64"",next_hop=""fe80::7:20:1"",dev=""ens4"",protocol=""ospf"",metric=""20"",route_index=""0"",nh_index=""0""",1
2026-07-28 12:42:00,ccf-aiops-南京,cr-1,cr,ipv6_route_nexthop_info,"prefix=""fd00:4:40::/64"",next_hop=""fe80::7:20:1"",dev=""ens4"",protocol=""ospf"",metric=""20"",route_index=""0"",nh_index=""0""",1
2026-07-28 12:42:00,ccf-aiops-南京,cr-1,cr,ipv6_route_nexthop_info,"prefix=""fd00:5:40::/64"",next_hop=""fe80::7:20:1"",dev=""ens4"",protocol=""ospf"",metric=""20"",route_index=""0"",nh_index=""0""",1
2026-07-28 12:42:00,ccf-aiops-南京,cr-1,cr,ipv6_route_nexthop_info,"prefix=""fd00:2:40::/64"",next_hop=""fe80::7:20:1"",dev=""ens4"",protocol=""ospf"",metric=""20"",route_index=""0"",nh_index=""0""",1
2026-07-28 12:42:00,ccf-aiops-南京,cr-1,cr,ipv6_route_nexthop_info,"prefix=""fd00:6:40::/64"",next_hop=""fe80::7:20:1"",dev=""ens4"",protocol=""ospf"",metric=""20"",route_index=""0"",nh_index=""0""",1
2026-07-28 12:42:00,ccf-aiops-南京,cr-1,cr,ipv6_route_nexthop_info,"prefix=""fd00:5:40::/64"",next_hop=""fe80::7:20:2"",dev=""ens4"",protocol=""ospf"",metric=""20"",route_index=""0"",nh_index=""1""",1
2026-07-28 12:42:00,ccf-aiops-南京,cr-1,cr,ipv6_route_nexthop_info,"prefix=""fd00:1:40::/64"",next_hop=""fe80::7:20:1"",dev=""ens4"",protocol=""ospf"",metric=""20"",route_index=""0"",nh_index=""0""",1
2026-07-28 12:42:00,ccf-aiops-南京,cr-1,cr,ipv6_route_nexthop_info,"prefix=""::/0"",next_hop=""fd00:7:20::2"",dev=""ens4"",protocol=""196"",metric=""20"",route_index=""0"",nh_index=""1""",1
2026-07-28 12:42:00,ccf-aiops-南京,cr-1,cr,ipv6_route_nexthop_info,"prefix=""fd00:1:40::/64"",next_hop=""fe80::7:20:2"",dev=""ens4"",protocol=""ospf"",metric=""20"",route_index=""0"",nh_index=""1""",1
2026-07-28 12:42:00,ccf-aiops-南京,cr-1,cr,ipv6_route_nexthop_info,"prefix=""::/0"",next_hop=""fd00:7:20::1"",dev=""ens4"",protocol=""196"",metric=""20"",route_index=""0"",nh_index=""0""",1
2026-07-28 12:42:00,ccf-aiops-南京,cr-1,cr,ipv6_route_nexthop_info,"prefix=""fd00:2:40::/64"",next_hop=""fe80::7:20:2"",dev=""ens4"",protocol=""ospf"",metric=""20"",route_index=""0"",nh_index=""1""",1
2026-07-28 12:42:00,ccf-aiops-南京,cr-1,cr,ipv6_route_nexthop_info,"prefix=""fd00:3:40::/64"",next_hop=""fe80::7:20:2"",dev=""ens4"",protocol=""ospf"",metric=""20"",route_index=""0"",nh_index=""1""",1
2026-07-28 12:42:00,ccf-aiops-南京,cr-1,cr,ipv6_route_nexthop_info,"prefix=""fd00:4:40::/64"",next_hop=""fe80::7:20:2"",dev=""ens4"",protocol=""ospf"",metric=""20"",route_index=""0"",nh_index=""1""",1
2026-07-28 12:42:00,ccf-aiops-南京,cr-1,cr,ospf6_interface_cost,"interface=""ens5""",1
2026-07-28 12:42:00,ccf-aiops-南京,cr-1,cr,ospf6_interface_cost,"interface=""ens4""",1
2026-07-28 12:42:00,ccf-aiops-南京,cr-1,cr,ospf6_interface_enabled,"interface=""ens5""",1
2026-07-28 12:42:00,ccf-aiops-南京,cr-1,cr,ospf6_interface_enabled,"interface=""ens6""",1
2026-07-28 12:42:00,ccf-aiops-南京,cr-1,cr,ospf6_interface_enabled,"interface=""ens10""",1
2026-07-28 12:42:00,ccf-aiops-南京,cr-1,cr,ospf6_interface_enabled,"interface=""ens11""",1
2026-07-28 12:42:00,ccf-aiops-南京,cr-1,cr,ospf6_interface_enabled,"interface=""ens12""",1
2026-07-28 12:42:00,ccf-aiops-南京,cr-1,cr,ospf6_interface_enabled,"interface=""ens3""",1
2026-07-28 12:42:00,ccf-aiops-南京,cr-1,cr,ospf6_interface_enabled,"interface=""ens4""",1
2026-07-28 12:42:00,ccf-aiops-南京,cr-1,cr,ospf6_interface_enabled,"interface=""ens7""",1
2026-07-28 12:42:00,ccf-aiops-南京,cr-1,cr,ospf6_interface_enabled,"interface=""ens8""",1
2026-07-28 12:42:00,ccf-aiops-南京,cr-1,cr,ospf6_interface_enabled,"interface=""ens9""",1
2026-07-28 12:42:00,ccf-aiops-南京,cr-1,cr,ospf6_interface_enabled,"interface=""lo""",1
2026-07-28 12:42:00,ccf-aiops-南京,cr-1,cr,ospf6_interface_enabled,"interface=""virbr0""",0
2026-07-28 12:42:00,ccf-aiops-南京,cr-1,cr,ospf6_interface_enabled,"interface=""vxlan100""",1
2026-07-28 12:42:00,ccf-aiops-南京,cr-1,cr,ospf6_neighbor_state_code,"state=""Full"",interface=""ens5"",neighbor_id=""7.7.7.12""",6
2026-07-28 12:42:00,ccf-aiops-南京,cr-1,cr,ospf6_neighbor_state_code,"state=""Full"",interface=""ens4"",neighbor_id=""7.7.7.2""",6
2026-07-28 12:42:00,ccf-aiops-南京,cr-1,cr,ospf6_neighbor_state_code,"state=""Full"",interface=""ens4"",neighbor_id=""7.7.7.12""",6
2026-07-28 12:42:00,ccf-aiops-南京,cr-1,cr,ospf6_neighbor_state_code,"state=""Twoway"",interface=""ens4"",neighbor_id=""7.7.7.1""",2
2026-07-28 12:42:00,ccf-aiops-南京,cr-1,cr,bgp_command_success,,
2026-07-28 12:42:00,ccf-aiops-南京,cr-1,cr,bgp_peer_up,,
2026-07-28 12:42:00,ccf-aiops-南京,cr-1,cr,bgp_peer_uptime_seconds,,
2026-07-28 12:42:00,ccf-aiops-南京,cr-1,cr,bgp_peer_prefix_received,,
2026-07-28 12:42:00,ccf-aiops-南京,cr-1,cr,bgp_peer_prefix_sent,,
2026-07-28 12:42:00,ccf-aiops-南京,cr-1,cr,bgp_peer_count,,
2026-07-28 12:42:00,ccf-aiops-南京,cr-2,cr,ipv6_default_route_changed_total,,0
2026-07-28 12:42:00,ccf-aiops-南京,cr-2,cr,ipv6_default_route_info,"next_hop=""fd00:7:20::1"",dev=""ens4"",protocol=""196"",metric=""20"",route_index=""0"",nh_index=""0""",1
2026-07-28 12:42:00,ccf-aiops-南京,cr-2,cr,ipv6_default_route_info,"next_hop=""fd00:7:20::2"",dev=""ens4"",protocol=""196"",metric=""20"",route_index=""0"",nh_index=""1""",1
2026-07-28 12:42:00,ccf-aiops-南京,cr-2,cr,ipv6_route_change_total,"prefix=""fd00:1:40::/64""",3
2026-07-28 12:42:00,ccf-aiops-南京,cr-2,cr,ipv6_route_change_total,"prefix=""fd00:8:40::/64""",3
2026-07-28 12:42:00,ccf-aiops-南京,cr-2,cr,ipv6_route_change_total,"prefix=""fd00:7:40::/64""",0
2026-07-28 12:42:00,ccf-aiops-南京,cr-2,cr,ipv6_route_change_total,"prefix=""fd00:6:40::/64""",3
2026-07-28 12:42:00,ccf-aiops-南京,cr-2,cr,ipv6_route_change_total,"prefix=""fd00:5:40::/64""",3
2026-07-28 12:42:00,ccf-aiops-南京,cr-2,cr,ipv6_route_change_total,"prefix=""fd00:2:40::/64""",3
2026-07-28 12:42:00,ccf-aiops-南京,cr-2,cr,ipv6_route_change_total,"prefix=""fd00:3:40::/64""",3
2026-07-28 12:42:00,ccf-aiops-南京,cr-2,cr,ipv6_route_change_total,"prefix=""::/0""",0
2026-07-28 12:42:00,ccf-aiops-南京,cr-2,cr,ipv6_route_change_total,"prefix=""fd00:4:40::/64""",3
2026-07-28 12:42:00,ccf-aiops-南京,cr-2,cr,ipv6_route_count,"protocol=""ospf""",7
2026-07-28 12:42:00,ccf-aiops-南京,cr-2,cr,ipv6_route_count,"protocol=""kernel""",6
2026-07-28 12:42:00,ccf-aiops-南京,cr-2,cr,ipv6_route_count,"protocol=""all""",15
2026-07-28 12:42:00,ccf-aiops-南京,cr-2,cr,ipv6_route_count,"protocol=""196""",2
2026-07-28 12:42:00,ccf-aiops-南京,cr-2,cr,ipv6_route_exists,"prefix=""fd00:8:40::/64""",1
2026-07-28 12:42:00,ccf-aiops-南京,cr-2,cr,ipv6_route_exists,"prefix=""::/0""",1
2026-07-28 12:42:00,ccf-aiops-南京,cr-2,cr,ipv6_route_exists,"prefix=""fd00:1:40::/64""",1
2026-07-28 12:42:00,ccf-aiops-南京,cr-2,cr,ipv6_route_exists,"prefix=""fd00:2:40::/64""",1
2026-07-28 12:42:00,ccf-aiops-南京,cr-2,cr,ipv6_route_exists,"prefix=""fd00:3:40::/64""",1
2026-07-28 12:42:00,ccf-aiops-南京,cr-2,cr,ipv6_route_exists,"prefix=""fd00:4:40::/64""",1
2026-07-28 12:42:00,ccf-aiops-南京,cr-2,cr,ipv6_route_exists,"prefix=""fd00:5:40::/64""",1
2026-07-28 12:42:00,ccf-aiops-南京,cr-2,cr,ipv6_route_exists,"prefix=""fd00:6:40::/64""",1
2026-07-28 12:42:00,ccf-aiops-南京,cr-2,cr,ipv6_route_exists,"prefix=""fd00:7:40::/64""",1
2026-07-28 12:42:00,ccf-aiops-南京,cr-2,cr,ipv6_route_nexthop_info,"prefix=""fd00:8:40::/64"",next_hop=""fe80::7:20:2"",dev=""ens4"",protocol=""ospf"",metric=""20"",route_index=""0"",nh_index=""0""",1
2026-07-28 12:42:00,ccf-aiops-南京,cr-2,cr,ipv6_route_nexthop_info,"prefix=""::/0"",next_hop=""fd00:7:20::2"",dev=""ens4"",protocol=""196"",metric=""20"",route_index=""0"",nh_index=""1""",1
2026-07-28 12:42:00,ccf-aiops-南京,cr-2,cr,ipv6_route_nexthop_info,"prefix=""fd00:1:40::/64"",next_hop=""fe80::7:20:2"",dev=""ens4"",protocol=""ospf"",metric=""20"",route_index=""0"",nh_index=""0""",1
2026-07-28 12:42:00,ccf-aiops-南京,cr-2,cr,ipv6_route_nexthop_info,"prefix=""fd00:8:40::/64"",next_hop=""fe80::7:20:1"",dev=""ens4"",protocol=""ospf"",metric=""20"",route_index=""0"",nh_index=""1""",1
2026-07-28 12:42:00,ccf-aiops-南京,cr-2,cr,ipv6_route_nexthop_info,"prefix=""fd00:6:40::/64"",next_hop=""fe80::7:20:1"",dev=""ens4"",protocol=""ospf"",metric=""20"",route_index=""0"",nh_index=""1""",1
2026-07-28 12:42:00,ccf-aiops-南京,cr-2,cr,ipv6_route_nexthop_info,"prefix=""fd00:5:40::/64"",next_hop=""fe80::7:20:1"",dev=""ens4"",protocol=""ospf"",metric=""20"",route_index=""0"",nh_index=""1""",1
2026-07-28 12:42:00,ccf-aiops-南京,cr-2,cr,ipv6_route_nexthop_info,"prefix=""fd00:4:40::/64"",next_hop=""fe80::7:20:1"",dev=""ens4"",protocol=""ospf"",metric=""20"",route_index=""0"",nh_index=""1""",1
2026-07-28 12:42:00,ccf-aiops-南京,cr-2,cr,ipv6_route_nexthop_info,"prefix=""fd00:3:40::/64"",next_hop=""fe80::7:20:1"",dev=""ens4"",protocol=""ospf"",metric=""20"",route_index=""0"",nh_index=""1""",1
2026-07-28 12:42:00,ccf-aiops-南京,cr-2,cr,ipv6_route_nexthop_info,"prefix=""fd00:2:40::/64"",next_hop=""fe80::7:20:1"",dev=""ens4"",protocol=""ospf"",metric=""20"",route_index=""0"",nh_index=""1""",1
2026-07-28 12:42:00,ccf-aiops-南京,cr-2,cr,ipv6_route_nexthop_info,"prefix=""fd00:1:40::/64"",next_hop=""fe80::7:20:1"",dev=""ens4"",protocol=""ospf"",metric=""20"",route_index=""0"",nh_index=""1""",1
2026-07-28 12:42:00,ccf-aiops-南京,cr-2,cr,ipv6_route_nexthop_info,"prefix=""::/0"",next_hop=""fd00:7:20::1"",dev=""ens4"",protocol=""196"",metric=""20"",route_index=""0"",nh_index=""0""",1
2026-07-28 12:42:00,ccf-aiops-南京,cr-2,cr,ipv6_route_nexthop_info,"prefix=""fd00:2:40::/64"",next_hop=""fe80::7:20:2"",dev=""ens4"",protocol=""ospf"",metric=""20"",route_index=""0"",nh_index=""0""",1
2026-07-28 12:42:00,ccf-aiops-南京,cr-2,cr,ipv6_route_nexthop_info,"prefix=""fd00:3:40::/64"",next_hop=""fe80::7:20:2"",dev=""ens4"",protocol=""ospf"",metric=""20"",route_index=""0"",nh_index=""0""",1
2026-07-28 12:42:00,ccf-aiops-南京,cr-2,cr,ipv6_route_nexthop_info,"prefix=""fd00:4:40::/64"",next_hop=""fe80::7:20:2"",dev=""ens4"",protocol=""ospf"",metric=""20"",route_index=""0"",nh_index=""0""",1
2026-07-28 12:42:00,ccf-aiops-南京,cr-2,cr,ipv6_route_nexthop_info,"prefix=""fd00:5:40::/64"",next_hop=""fe80::7:20:2"",dev=""ens4"",protocol=""ospf"",metric=""20"",route_index=""0"",nh_index=""0""",1
2026-07-28 12:42:00,ccf-aiops-南京,cr-2,cr,ipv6_route_nexthop_info,"prefix=""fd00:6:40::/64"",next_hop=""fe80::7:20:2"",dev=""ens4"",protocol=""ospf"",metric=""20"",route_index=""0"",nh_index=""0""",1
2026-07-28 12:42:00,ccf-aiops-南京,cr-2,cr,ipv6_route_nexthop_info,"prefix=""fd00:7:40::/64"",next_hop=""fd00:7:30::254"",dev=""ens5"",protocol=""196"",metric=""20"",route_index=""0"",nh_index=""0""",1
2026-07-28 12:42:00,ccf-aiops-南京,cr-2,cr,ospf6_interface_cost,"interface=""ens5""",1
2026-07-28 12:42:00,ccf-aiops-南京,cr-2,cr,ospf6_interface_cost,"interface=""ens4""",1
2026-07-28 12:42:00,ccf-aiops-南京,cr-2,cr,ospf6_interface_enabled,"interface=""ens8""",1
2026-07-28 12:42:00,ccf-aiops-南京,cr-2,cr,ospf6_interface_enabled,"interface=""virbr0""",0
2026-07-28 12:42:00,ccf-aiops-南京,cr-2,cr,ospf6_interface_enabled,"interface=""lo""",1
2026-07-28 12:42:00,ccf-aiops-南京,cr-2,cr,ospf6_interface_enabled,"interface=""ens9""",1
2026-07-28 12:42:00,ccf-aiops-南京,cr-2,cr,ospf6_interface_enabled,"interface=""ens7""",1
2026-07-28 12:42:00,ccf-aiops-南京,cr-2,cr,ospf6_interface_enabled,"interface=""ens6""",1
2026-07-28 12:42:00,ccf-aiops-南京,cr-2,cr,ospf6_interface_enabled,"interface=""ens5""",1
2026-07-28 12:42:00,ccf-aiops-南京,cr-2,cr,ospf6_interface_enabled,"interface=""ens4""",1
2026-07-28 12:42:00,ccf-aiops-南京,cr-2,cr,ospf6_interface_enabled,"interface=""ens3""",1
2026-07-28 12:42:00,ccf-aiops-南京,cr-2,cr,ospf6_interface_enabled,"interface=""ens12""",1
2026-07-28 12:42:00,ccf-aiops-南京,cr-2,cr,ospf6_interface_enabled,"interface=""ens11""",1
2026-07-28 12:42:00,ccf-aiops-南京,cr-2,cr,ospf6_interface_enabled,"interface=""ens10""",1
2026-07-28 12:42:00,ccf-aiops-南京,cr-2,cr,ospf6_neighbor_state_code,"state=""Full"",interface=""ens4"",neighbor_id=""7.7.7.1""",6
2026-07-28 12:42:00,ccf-aiops-南京,cr-2,cr,ospf6_neighbor_state_code,"state=""Full"",interface=""ens5"",neighbor_id=""7.7.7.11""",6
2026-07-28 12:42:00,ccf-aiops-南京,cr-2,cr,ospf6_neighbor_state_code,"state=""Full"",interface=""ens4"",neighbor_id=""7.7.7.11""",6
2026-07-28 12:42:00,ccf-aiops-南京,cr-2,cr,ospf6_neighbor_state_code,"state=""Full"",interface=""ens4"",neighbor_id=""7.7.7.2""",6
2026-07-28 12:42:00,ccf-aiops-南京,cr-2,cr,bgp_command_success,,
2026-07-28 12:42:00,ccf-aiops-南京,cr-2,cr,bgp_peer_up,,
2026-07-28 12:42:00,ccf-aiops-南京,cr-2,cr,bgp_peer_uptime_seconds,,
2026-07-28 12:42:00,ccf-aiops-南京,cr-2,cr,bgp_peer_prefix_received,,
2026-07-28 12:42:00,ccf-aiops-南京,cr-2,cr,bgp_peer_prefix_sent,,
2026-07-28 12:42:00,ccf-aiops-南京,cr-2,cr,bgp_peer_count,,
2026-07-28 12:43:00,ccf-aiops-南京,br-1,br,bgp_command_success,"command=""bgp_summary""",1
2026-07-28 12:43:00,ccf-aiops-南京,br-1,br,bgp_peer_count,,2
2026-07-28 12:43:00,ccf-aiops-南京,br-1,br,bgp_peer_prefix_received,"peer=""fd00:100:10::41"",remote_as=""65005"",state=""Established""",7
2026-07-28 12:43:00,ccf-aiops-南京,br-1,br,bgp_peer_prefix_received,"peer=""fd00:100:10::51"",remote_as=""65006"",state=""Established""",7
2026-07-28 12:43:00,ccf-aiops-南京,br-1,br,bgp_peer_prefix_sent,"peer=""fd00:100:10::41"",remote_as=""65005"",state=""Established""",8
2026-07-28 12:43:00,ccf-aiops-南京,br-1,br,bgp_peer_prefix_sent,"peer=""fd00:100:10::51"",remote_as=""65006"",state=""Established""",8
2026-07-28 12:43:00,ccf-aiops-南京,br-1,br,bgp_peer_up,"peer=""fd00:100:10::51"",remote_as=""65006"",state=""Established""",1
2026-07-28 12:43:00,ccf-aiops-南京,br-1,br,bgp_peer_up,"peer=""fd00:100:10::41"",remote_as=""65005"",state=""Established""",1
2026-07-28 12:43:00,ccf-aiops-南京,br-1,br,bgp_peer_uptime_seconds,"peer=""fd00:100:10::41"",remote_as=""65005"",state=""Established""",2413128
2026-07-28 12:43:00,ccf-aiops-南京,br-1,br,bgp_peer_uptime_seconds,"peer=""fd00:100:10::51"",remote_as=""65006"",state=""Established""",2413128
2026-07-28 12:43:00,ccf-aiops-南京,br-1,br,ipv6_default_route_changed_total,,0
2026-07-28 12:43:00,ccf-aiops-南京,br-1,br,ipv6_default_route_info,"next_hop=""240a:a023::1"",dev=""ens4"",protocol=""unknown"",metric=""1024"",route_index=""0"",nh_index=""0""",1
2026-07-28 12:43:00,ccf-aiops-南京,br-1,br,ipv6_route_change_total,"prefix=""fd00:4:40::/64""",0
2026-07-28 12:43:00,ccf-aiops-南京,br-1,br,ipv6_route_change_total,"prefix=""fd00:3:40::/64""",0
2026-07-28 12:43:00,ccf-aiops-南京,br-1,br,ipv6_route_change_total,"prefix=""fd00:2:40::/64""",5
2026-07-28 12:43:00,ccf-aiops-南京,br-1,br,ipv6_route_change_total,"prefix=""fd00:1:40::/64""",0
2026-07-28 12:43:00,ccf-aiops-南京,br-1,br,ipv6_route_change_total,"prefix=""::/0""",0
2026-07-28 12:43:00,ccf-aiops-南京,br-1,br,ipv6_route_change_total,"prefix=""fd00:5:40::/64""",0
2026-07-28 12:43:00,ccf-aiops-南京,br-1,br,ipv6_route_change_total,"prefix=""fd00:6:40::/64""",0
2026-07-28 12:43:00,ccf-aiops-南京,br-1,br,ipv6_route_change_total,"prefix=""fd00:7:40::/64""",8
2026-07-28 12:43:00,ccf-aiops-南京,br-1,br,ipv6_route_change_total,"prefix=""fd00:8:40::/64""",0
2026-07-28 12:43:00,ccf-aiops-南京,br-1,br,ipv6_route_count,"protocol=""bgp""",7
2026-07-28 12:43:00,ccf-aiops-南京,br-1,br,ipv6_route_count,"protocol=""all""",17
2026-07-28 12:43:00,ccf-aiops-南京,br-1,br,ipv6_route_count,"protocol=""kernel""",7
2026-07-28 12:43:00,ccf-aiops-南京,br-1,br,ipv6_route_count,"protocol=""ospf""",2
2026-07-28 12:43:00,ccf-aiops-南京,br-1,br,ipv6_route_count,"protocol=""unknown""",1
2026-07-28 12:43:00,ccf-aiops-南京,br-1,br,ipv6_route_exists,"prefix=""fd00:5:40::/64""",1
2026-07-28 12:43:00,ccf-aiops-南京,br-1,br,ipv6_route_exists,"prefix=""fd00:1:40::/64""",1
2026-07-28 12:43:00,ccf-aiops-南京,br-1,br,ipv6_route_exists,"prefix=""fd00:2:40::/64""",1
2026-07-28 12:43:00,ccf-aiops-南京,br-1,br,ipv6_route_exists,"prefix=""::/0""",1
2026-07-28 12:43:00,ccf-aiops-南京,br-1,br,ipv6_route_exists,"prefix=""fd00:8:40::/64""",1
2026-07-28 12:43:00,ccf-aiops-南京,br-1,br,ipv6_route_exists,"prefix=""fd00:7:40::/64""",1
2026-07-28 12:43:00,ccf-aiops-南京,br-1,br,ipv6_route_exists,"prefix=""fd00:3:40::/64""",1
2026-07-28 12:43:00,ccf-aiops-南京,br-1,br,ipv6_route_exists,"prefix=""fd00:4:40::/64""",1
2026-07-28 12:43:00,ccf-aiops-南京,br-1,br,ipv6_route_exists,"prefix=""fd00:6:40::/64""",1
2026-07-28 12:43:00,ccf-aiops-南京,br-1,br,ipv6_route_nexthop_info,"prefix=""fd00:3:40::/64"",next_hop=""fe80::100:10:41"",dev=""ens4"",protocol=""bgp"",metric=""20"",route_index=""0"",nh_index=""0""",1
2026-07-28 12:43:00,ccf-aiops-南京,br-1,br,ipv6_route_nexthop_info,"prefix=""fd00:4:40::/64"",next_hop=""fe80::100:10:41"",dev=""ens4"",protocol=""bgp"",metric=""20"",route_index=""0"",nh_index=""0""",1
2026-07-28 12:43:00,ccf-aiops-南京,br-1,br,ipv6_route_nexthop_info,"prefix=""fd00:5:40::/64"",next_hop=""fe80::100:10:41"",dev=""ens4"",protocol=""bgp"",metric=""20"",route_index=""0"",nh_index=""0""",1
2026-07-28 12:43:00,ccf-aiops-南京,br-1,br,ipv6_route_nexthop_info,"prefix=""fd00:8:40::/64"",next_hop=""fe80::100:10:41"",dev=""ens4"",protocol=""bgp"",metric=""20"",route_index=""0"",nh_index=""0""",1
2026-07-28 12:43:00,ccf-aiops-南京,br-1,br,ipv6_route_nexthop_info,"prefix=""fd00:7:40::/64"",next_hop=""fe80::7:20:11"",dev=""ens5"",protocol=""ospf"",metric=""20"",route_index=""0"",nh_index=""1""",1
2026-07-28 12:43:00,ccf-aiops-南京,br-1,br,ipv6_route_nexthop_info,"prefix=""fd00:7:40::/64"",next_hop=""fe80::7:20:12"",dev=""ens5"",protocol=""ospf"",metric=""20"",route_index=""0"",nh_index=""0""",1
2026-07-28 12:43:00,ccf-aiops-南京,br-1,br,ipv6_route_nexthop_info,"prefix=""fd00:1:40::/64"",next_hop=""fe80::100:10:51"",dev=""ens4"",protocol=""bgp"",metric=""20"",route_index=""0"",nh_index=""0""",1
2026-07-28 12:43:00,ccf-aiops-南京,br-1,br,ipv6_route_nexthop_info,"prefix=""fd00:2:40::/64"",next_hop=""fe80::100:10:51"",dev=""ens4"",protocol=""bgp"",metric=""20"",route_index=""0"",nh_index=""0""",1
2026-07-28 12:43:00,ccf-aiops-南京,br-1,br,ipv6_route_nexthop_info,"prefix=""fd00:6:40::/64"",next_hop=""fe80::100:10:51"",dev=""ens4"",protocol=""bgp"",metric=""20"",route_index=""0"",nh_index=""0""",1
2026-07-28 12:43:00,ccf-aiops-南京,br-1,br,ipv6_route_nexthop_info,"prefix=""::/0"",next_hop=""240a:a023::1"",dev=""ens4"",protocol=""unknown"",metric=""1024"",route_index=""0"",nh_index=""0""",1
2026-07-28 12:43:00,ccf-aiops-南京,br-1,br,ospf6_interface_cost,"interface=""ens5""",1
2026-07-28 12:43:00,ccf-aiops-南京,br-1,br,ospf6_interface_enabled,"interface=""ens5""",1
2026-07-28 12:43:00,ccf-aiops-南京,br-1,br,ospf6_interface_enabled,"interface=""ens12""",1
2026-07-28 12:43:00,ccf-aiops-南京,br-1,br,ospf6_interface_enabled,"interface=""ens4""",1
2026-07-28 12:43:00,ccf-aiops-南京,br-1,br,ospf6_interface_enabled,"interface=""ens3""",1
2026-07-28 12:43:00,ccf-aiops-南京,br-1,br,ospf6_interface_enabled,"interface=""ens6""",1
2026-07-28 12:43:00,ccf-aiops-南京,br-1,br,ospf6_interface_enabled,"interface=""ens7""",1
2026-07-28 12:43:00,ccf-aiops-南京,br-1,br,ospf6_interface_enabled,"interface=""ens8""",1
2026-07-28 12:43:00,ccf-aiops-南京,br-1,br,ospf6_interface_enabled,"interface=""ens9""",1
2026-07-28 12:43:00,ccf-aiops-南京,br-1,br,ospf6_interface_enabled,"interface=""lo""",1
2026-07-28 12:43:00,ccf-aiops-南京,br-1,br,ospf6_interface_enabled,"interface=""virbr0""",0
2026-07-28 12:43:00,ccf-aiops-南京,br-1,br,ospf6_interface_enabled,"interface=""ens10""",1
2026-07-28 12:43:00,ccf-aiops-南京,br-1,br,ospf6_interface_enabled,"interface=""ens11""",1
2026-07-28 12:43:00,ccf-aiops-南京,br-1,br,ospf6_neighbor_state_code,"state=""Twoway"",interface=""ens5"",neighbor_id=""7.7.7.11""",2
2026-07-28 12:43:00,ccf-aiops-南京,br-1,br,ospf6_neighbor_state_code,"state=""Full"",interface=""ens5"",neighbor_id=""7.7.7.2""",6
2026-07-28 12:43:00,ccf-aiops-南京,br-1,br,ospf6_neighbor_state_code,"state=""Full"",interface=""ens5"",neighbor_id=""7.7.7.12""",6
2026-07-28 12:43:00,ccf-aiops-南京,br-2,br,bgp_command_success,"command=""bgp_summary""",1
2026-07-28 12:43:00,ccf-aiops-南京,br-2,br,bgp_peer_count,,2
2026-07-28 12:43:00,ccf-aiops-南京,br-2,br,bgp_peer_prefix_received,"peer=""fd00:100:10::42"",remote_as=""65005"",state=""Established""",7
2026-07-28 12:43:00,ccf-aiops-南京,br-2,br,bgp_peer_prefix_received,"peer=""fd00:100:10::52"",remote_as=""65006"",state=""Established""",7
2026-07-28 12:43:00,ccf-aiops-南京,br-2,br,bgp_peer_prefix_sent,"peer=""fd00:100:10::42"",remote_as=""65005"",state=""Established""",8
2026-07-28 12:43:00,ccf-aiops-南京,br-2,br,bgp_peer_prefix_sent,"peer=""fd00:100:10::52"",remote_as=""65006"",state=""Established""",8
2026-07-28 12:43:00,ccf-aiops-南京,br-2,br,bgp_peer_up,"peer=""fd00:100:10::42"",remote_as=""65005"",state=""Established""",1
2026-07-28 12:43:00,ccf-aiops-南京,br-2,br,bgp_peer_up,"peer=""fd00:100:10::52"",remote_as=""65006"",state=""Established""",1
2026-07-28 12:43:00,ccf-aiops-南京,br-2,br,bgp_peer_uptime_seconds,"peer=""fd00:100:10::52"",remote_as=""65006"",state=""Established""",2413110
2026-07-28 12:43:00,ccf-aiops-南京,br-2,br,bgp_peer_uptime_seconds,"peer=""fd00:100:10::42"",remote_as=""65005"",state=""Established""",2413110
2026-07-28 12:43:00,ccf-aiops-南京,br-2,br,ipv6_default_route_changed_total,,0
2026-07-28 12:43:00,ccf-aiops-南京,br-2,br,ipv6_default_route_info,"next_hop=""240a:a023::1"",dev=""ens4"",protocol=""unknown"",metric=""1024"",route_index=""0"",nh_index=""0""",1
2026-07-28 12:43:00,ccf-aiops-南京,br-2,br,ipv6_route_change_total,"prefix=""fd00:2:40::/64""",3
2026-07-28 12:43:00,ccf-aiops-南京,br-2,br,ipv6_route_change_total,"prefix=""::/0""",0
2026-07-28 12:43:00,ccf-aiops-南京,br-2,br,ipv6_route_change_total,"prefix=""fd00:1:40::/64""",0
2026-07-28 12:43:00,ccf-aiops-南京,br-2,br,ipv6_route_change_total,"prefix=""fd00:3:40::/64""",0
2026-07-28 12:43:00,ccf-aiops-南京,br-2,br,ipv6_route_change_total,"prefix=""fd00:4:40::/64""",0
2026-07-28 12:43:00,ccf-aiops-南京,br-2,br,ipv6_route_change_total,"prefix=""fd00:5:40::/64""",0
2026-07-28 12:43:00,ccf-aiops-南京,br-2,br,ipv6_route_change_total,"prefix=""fd00:6:40::/64""",0
2026-07-28 12:43:00,ccf-aiops-南京,br-2,br,ipv6_route_change_total,"prefix=""fd00:7:40::/64""",10
2026-07-28 12:43:00,ccf-aiops-南京,br-2,br,ipv6_route_change_total,"prefix=""fd00:8:40::/64""",0
2026-07-28 12:43:00,ccf-aiops-南京,br-2,br,ipv6_route_count,"protocol=""ospf""",2
2026-07-28 12:43:00,ccf-aiops-南京,br-2,br,ipv6_route_count,"protocol=""kernel""",7
2026-07-28 12:43:00,ccf-aiops-南京,br-2,br,ipv6_route_count,"protocol=""bgp""",7
2026-07-28 12:43:00,ccf-aiops-南京,br-2,br,ipv6_route_count,"protocol=""all""",17
2026-07-28 12:43:00,ccf-aiops-南京,br-2,br,ipv6_route_count,"protocol=""unknown""",1
2026-07-28 12:43:00,ccf-aiops-南京,br-2,br,ipv6_route_exists,"prefix=""fd00:5:40::/64""",1
2026-07-28 12:43:00,ccf-aiops-南京,br-2,br,ipv6_route_exists,"prefix=""fd00:8:40::/64""",1
2026-07-28 12:43:00,ccf-aiops-南京,br-2,br,ipv6_route_exists,"prefix=""fd00:7:40::/64""",1
2026-07-28 12:43:00,ccf-aiops-南京,br-2,br,ipv6_route_exists,"prefix=""fd00:6:40::/64""",1
2026-07-28 12:43:00,ccf-aiops-南京,br-2,br,ipv6_route_exists,"prefix=""fd00:4:40::/64""",1
2026-07-28 12:43:00,ccf-aiops-南京,br-2,br,ipv6_route_exists,"prefix=""fd00:3:40::/64""",1
2026-07-28 12:43:00,ccf-aiops-南京,br-2,br,ipv6_route_exists,"prefix=""fd00:2:40::/64""",1
2026-07-28 12:43:00,ccf-aiops-南京,br-2,br,ipv6_route_exists,"prefix=""::/0""",1
2026-07-28 12:43:00,ccf-aiops-南京,br-2,br,ipv6_route_exists,"prefix=""fd00:1:40::/64""",1
2026-07-28 12:43:00,ccf-aiops-南京,br-2,br,ipv6_route_nexthop_info,"prefix=""fd00:7:40::/64"",next_hop=""fe80::7:20:11"",dev=""ens5"",protocol=""ospf"",metric=""20"",route_index=""0"",nh_index=""1""",1
2026-07-28 12:43:00,ccf-aiops-南京,br-2,br,ipv6_route_nexthop_info,"prefix=""fd00:7:40::/64"",next_hop=""fe80::7:20:12"",dev=""ens5"",protocol=""ospf"",metric=""20"",route_index=""0"",nh_index=""0""",1
2026-07-28 12:43:00,ccf-aiops-南京,br-2,br,ipv6_route_nexthop_info,"prefix=""::/0"",next_hop=""240a:a023::1"",dev=""ens4"",protocol=""unknown"",metric=""1024"",route_index=""0"",nh_index=""0""",1
2026-07-28 12:43:00,ccf-aiops-南京,br-2,br,ipv6_route_nexthop_info,"prefix=""fd00:3:40::/64"",next_hop=""fe80::100:10:42"",dev=""ens4"",protocol=""bgp"",metric=""20"",route_index=""0"",nh_index=""0""",1
2026-07-28 12:43:00,ccf-aiops-南京,br-2,br,ipv6_route_nexthop_info,"prefix=""fd00:4:40::/64"",next_hop=""fe80::100:10:42"",dev=""ens4"",protocol=""bgp"",metric=""20"",route_index=""0"",nh_index=""0""",1
2026-07-28 12:43:00,ccf-aiops-南京,br-2,br,ipv6_route_nexthop_info,"prefix=""fd00:6:40::/64"",next_hop=""fe80::100:10:52"",dev=""ens4"",protocol=""bgp"",metric=""20"",route_index=""0"",nh_index=""0""",1
2026-07-28 12:43:00,ccf-aiops-南京,br-2,br,ipv6_route_nexthop_info,"prefix=""fd00:2:40::/64"",next_hop=""fe80::100:10:52"",dev=""ens4"",protocol=""bgp"",metric=""20"",route_index=""0"",nh_index=""0""",1
2026-07-28 12:43:00,ccf-aiops-南京,br-2,br,ipv6_route_nexthop_info,"prefix=""fd00:1:40::/64"",next_hop=""fe80::100:10:52"",dev=""ens4"",protocol=""bgp"",metric=""20"",route_index=""0"",nh_index=""0""",1
2026-07-28 12:43:00,ccf-aiops-南京,br-2,br,ipv6_route_nexthop_info,"prefix=""fd00:8:40::/64"",next_hop=""fe80::100:10:42"",dev=""ens4"",protocol=""bgp"",metric=""20"",route_index=""0"",nh_index=""0""",1
2026-07-28 12:43:00,ccf-aiops-南京,br-2,br,ipv6_route_nexthop_info,"prefix=""fd00:5:40::/64"",next_hop=""fe80::100:10:42"",dev=""ens4"",protocol=""bgp"",metric=""20"",route_index=""0"",nh_index=""0""",1
2026-07-28 12:43:00,ccf-aiops-南京,br-2,br,ospf6_interface_cost,"interface=""ens5""",1
2026-07-28 12:43:00,ccf-aiops-南京,br-2,br,ospf6_interface_enabled,"interface=""ens3""",1
2026-07-28 12:43:00,ccf-aiops-南京,br-2,br,ospf6_interface_enabled,"interface=""virbr0""",0
2026-07-28 12:43:00,ccf-aiops-南京,br-2,br,ospf6_interface_enabled,"interface=""lo""",1
2026-07-28 12:43:00,ccf-aiops-南京,br-2,br,ospf6_interface_enabled,"interface=""ens9""",1
2026-07-28 12:43:00,ccf-aiops-南京,br-2,br,ospf6_interface_enabled,"interface=""ens8""",1
2026-07-28 12:43:00,ccf-aiops-南京,br-2,br,ospf6_interface_enabled,"interface=""ens7""",1
2026-07-28 12:43:00,ccf-aiops-南京,br-2,br,ospf6_interface_enabled,"interface=""ens6""",1
2026-07-28 12:43:00,ccf-aiops-南京,br-2,br,ospf6_interface_enabled,"interface=""ens11""",1
2026-07-28 12:43:00,ccf-aiops-南京,br-2,br,ospf6_interface_enabled,"interface=""ens12""",1
2026-07-28 12:43:00,ccf-aiops-南京,br-2,br,ospf6_interface_enabled,"interface=""ens4""",1
2026-07-28 12:43:00,ccf-aiops-南京,br-2,br,ospf6_interface_enabled,"interface=""ens5""",1
2026-07-28 12:43:00,ccf-aiops-南京,br-2,br,ospf6_interface_enabled,"interface=""ens10""",1
2026-07-28 12:43:00,ccf-aiops-南京,br-2,br,ospf6_neighbor_state_code,"state=""Full"",interface=""ens5"",neighbor_id=""7.7.7.12""",6
2026-07-28 12:43:00,ccf-aiops-南京,br-2,br,ospf6_neighbor_state_code,"state=""Full"",interface=""ens5"",neighbor_id=""7.7.7.1""",6
2026-07-28 12:43:00,ccf-aiops-南京,br-2,br,ospf6_neighbor_state_code,"state=""Full"",interface=""ens5"",neighbor_id=""7.7.7.11""",6
2026-07-28 12:43:00,ccf-aiops-南京,cr-1,cr,ipv6_default_route_changed_total,,0
2026-07-28 12:43:00,ccf-aiops-南京,cr-1,cr,ipv6_default_route_info,"next_hop=""fd00:7:20::1"",dev=""ens4"",protocol=""196"",metric=""20"",route_index=""0"",nh_index=""0""",1
2026-07-28 12:43:00,ccf-aiops-南京,cr-1,cr,ipv6_default_route_info,"next_hop=""fd00:7:20::2"",dev=""ens4"",protocol=""196"",metric=""20"",route_index=""0"",nh_index=""1""",1
2026-07-28 12:43:00,ccf-aiops-南京,cr-1,cr,ipv6_route_change_total,"prefix=""fd00:2:40::/64""",0
2026-07-28 12:43:00,ccf-aiops-南京,cr-1,cr,ipv6_route_change_total,"prefix=""fd00:1:40::/64""",5
2026-07-28 12:43:00,ccf-aiops-南京,cr-1,cr,ipv6_route_change_total,"prefix=""::/0""",0
2026-07-28 12:43:00,ccf-aiops-南京,cr-1,cr,ipv6_route_change_total,"prefix=""fd00:3:40::/64""",0
2026-07-28 12:43:00,ccf-aiops-南京,cr-1,cr,ipv6_route_change_total,"prefix=""fd00:4:40::/64""",5
2026-07-28 12:43:00,ccf-aiops-南京,cr-1,cr,ipv6_route_change_total,"prefix=""fd00:5:40::/64""",5
2026-07-28 12:43:00,ccf-aiops-南京,cr-1,cr,ipv6_route_change_total,"prefix=""fd00:6:40::/64""",5
2026-07-28 12:43:00,ccf-aiops-南京,cr-1,cr,ipv6_route_change_total,"prefix=""fd00:7:40::/64""",0
2026-07-28 12:43:00,ccf-aiops-南京,cr-1,cr,ipv6_route_change_total,"prefix=""fd00:8:40::/64""",5
2026-07-28 12:43:00,ccf-aiops-南京,cr-1,cr,ipv6_route_count,"protocol=""196""",2
2026-07-28 12:43:00,ccf-aiops-南京,cr-1,cr,ipv6_route_count,"protocol=""ospf""",7
2026-07-28 12:43:00,ccf-aiops-南京,cr-1,cr,ipv6_route_count,"protocol=""kernel""",7
2026-07-28 12:43:00,ccf-aiops-南京,cr-1,cr,ipv6_route_count,"protocol=""all""",16
2026-07-28 12:43:00,ccf-aiops-南京,cr-1,cr,ipv6_route_exists,"prefix=""::/0""",1
2026-07-28 12:43:00,ccf-aiops-南京,cr-1,cr,ipv6_route_exists,"prefix=""fd00:1:40::/64""",1
2026-07-28 12:43:00,ccf-aiops-南京,cr-1,cr,ipv6_route_exists,"prefix=""fd00:2:40::/64""",1
2026-07-28 12:43:00,ccf-aiops-南京,cr-1,cr,ipv6_route_exists,"prefix=""fd00:3:40::/64""",1
2026-07-28 12:43:00,ccf-aiops-南京,cr-1,cr,ipv6_route_exists,"prefix=""fd00:4:40::/64""",1
2026-07-28 12:43:00,ccf-aiops-南京,cr-1,cr,ipv6_route_exists,"prefix=""fd00:5:40::/64""",1
2026-07-28 12:43:00,ccf-aiops-南京,cr-1,cr,ipv6_route_exists,"prefix=""fd00:6:40::/64""",1
2026-07-28 12:43:00,ccf-aiops-南京,cr-1,cr,ipv6_route_exists,"prefix=""fd00:7:40::/64""",1
2026-07-28 12:43:00,ccf-aiops-南京,cr-1,cr,ipv6_route_exists,"prefix=""fd00:8:40::/64""",1
2026-07-28 12:43:00,ccf-aiops-南京,cr-1,cr,ipv6_route_nexthop_info,"prefix=""fd00:1:40::/64"",next_hop=""fe80::7:20:1"",dev=""ens4"",protocol=""ospf"",metric=""20"",route_index=""0"",nh_index=""0""",1
2026-07-28 12:43:00,ccf-aiops-南京,cr-1,cr,ipv6_route_nexthop_info,"prefix=""fd00:7:40::/64"",next_hop=""fd00:7:30::254"",dev=""ens5"",protocol=""196"",metric=""20"",route_index=""0"",nh_index=""0""",1
2026-07-28 12:43:00,ccf-aiops-南京,cr-1,cr,ipv6_route_nexthop_info,"prefix=""fd00:8:40::/64"",next_hop=""fe80::7:20:2"",dev=""ens4"",protocol=""ospf"",metric=""20"",route_index=""0"",nh_index=""1""",1
2026-07-28 12:43:00,ccf-aiops-南京,cr-1,cr,ipv6_route_nexthop_info,"prefix=""fd00:5:40::/64"",next_hop=""fe80::7:20:2"",dev=""ens4"",protocol=""ospf"",metric=""20"",route_index=""0"",nh_index=""1""",1
2026-07-28 12:43:00,ccf-aiops-南京,cr-1,cr,ipv6_route_nexthop_info,"prefix=""fd00:4:40::/64"",next_hop=""fe80::7:20:1"",dev=""ens4"",protocol=""ospf"",metric=""20"",route_index=""0"",nh_index=""0""",1
2026-07-28 12:43:00,ccf-aiops-南京,cr-1,cr,ipv6_route_nexthop_info,"prefix=""fd00:5:40::/64"",next_hop=""fe80::7:20:1"",dev=""ens4"",protocol=""ospf"",metric=""20"",route_index=""0"",nh_index=""0""",1
2026-07-28 12:43:00,ccf-aiops-南京,cr-1,cr,ipv6_route_nexthop_info,"prefix=""fd00:6:40::/64"",next_hop=""fe80::7:20:1"",dev=""ens4"",protocol=""ospf"",metric=""20"",route_index=""0"",nh_index=""0""",1
2026-07-28 12:43:00,ccf-aiops-南京,cr-1,cr,ipv6_route_nexthop_info,"prefix=""fd00:3:40::/64"",next_hop=""fe80::7:20:1"",dev=""ens4"",protocol=""ospf"",metric=""20"",route_index=""0"",nh_index=""0""",1
2026-07-28 12:43:00,ccf-aiops-南京,cr-1,cr,ipv6_route_nexthop_info,"prefix=""fd00:8:40::/64"",next_hop=""fe80::7:20:1"",dev=""ens4"",protocol=""ospf"",metric=""20"",route_index=""0"",nh_index=""0""",1
2026-07-28 12:43:00,ccf-aiops-南京,cr-1,cr,ipv6_route_nexthop_info,"prefix=""fd00:1:40::/64"",next_hop=""fe80::7:20:2"",dev=""ens4"",protocol=""ospf"",metric=""20"",route_index=""0"",nh_index=""1""",1
2026-07-28 12:43:00,ccf-aiops-南京,cr-1,cr,ipv6_route_nexthop_info,"prefix=""fd00:2:40::/64"",next_hop=""fe80::7:20:2"",dev=""ens4"",protocol=""ospf"",metric=""20"",route_index=""0"",nh_index=""1""",1
2026-07-28 12:43:00,ccf-aiops-南京,cr-1,cr,ipv6_route_nexthop_info,"prefix=""fd00:3:40::/64"",next_hop=""fe80::7:20:2"",dev=""ens4"",protocol=""ospf"",metric=""20"",route_index=""0"",nh_index=""1""",1
2026-07-28 12:43:00,ccf-aiops-南京,cr-1,cr,ipv6_route_nexthop_info,"prefix=""fd00:4:40::/64"",next_hop=""fe80::7:20:2"",dev=""ens4"",protocol=""ospf"",metric=""20"",route_index=""0"",nh_index=""1""",1
2026-07-28 12:43:00,ccf-aiops-南京,cr-1,cr,ipv6_route_nexthop_info,"prefix=""fd00:2:40::/64"",next_hop=""fe80::7:20:1"",dev=""ens4"",protocol=""ospf"",metric=""20"",route_index=""0"",nh_index=""0""",1
2026-07-28 12:43:00,ccf-aiops-南京,cr-1,cr,ipv6_route_nexthop_info,"prefix=""::/0"",next_hop=""fd00:7:20::2"",dev=""ens4"",protocol=""196"",metric=""20"",route_index=""0"",nh_index=""1""",1
2026-07-28 12:43:00,ccf-aiops-南京,cr-1,cr,ipv6_route_nexthop_info,"prefix=""::/0"",next_hop=""fd00:7:20::1"",dev=""ens4"",protocol=""196"",metric=""20"",route_index=""0"",nh_index=""0""",1
2026-07-28 12:43:00,ccf-aiops-南京,cr-1,cr,ipv6_route_nexthop_info,"prefix=""fd00:6:40::/64"",next_hop=""fe80::7:20:2"",dev=""ens4"",protocol=""ospf"",metric=""20"",route_index=""0"",nh_index=""1""",1
2026-07-28 12:43:00,ccf-aiops-南京,cr-1,cr,ospf6_interface_cost,"interface=""ens4""",1
2026-07-28 12:43:00,ccf-aiops-南京,cr-1,cr,ospf6_interface_cost,"interface=""ens5""",1
2026-07-28 12:43:00,ccf-aiops-南京,cr-1,cr,ospf6_interface_enabled,"interface=""ens11""",1
2026-07-28 12:43:00,ccf-aiops-南京,cr-1,cr,ospf6_interface_enabled,"interface=""ens10""",1
2026-07-28 12:43:00,ccf-aiops-南京,cr-1,cr,ospf6_interface_enabled,"interface=""ens12""",1
2026-07-28 12:43:00,ccf-aiops-南京,cr-1,cr,ospf6_interface_enabled,"interface=""ens3""",1
2026-07-28 12:43:00,ccf-aiops-南京,cr-1,cr,ospf6_interface_enabled,"interface=""ens4""",1
2026-07-28 12:43:00,ccf-aiops-南京,cr-1,cr,ospf6_interface_enabled,"interface=""ens5""",1
2026-07-28 12:43:00,ccf-aiops-南京,cr-1,cr,ospf6_interface_enabled,"interface=""ens6""",1
2026-07-28 12:43:00,ccf-aiops-南京,cr-1,cr,ospf6_interface_enabled,"interface=""ens7""",1
2026-07-28 12:43:00,ccf-aiops-南京,cr-1,cr,ospf6_interface_enabled,"interface=""ens8""",1
2026-07-28 12:43:00,ccf-aiops-南京,cr-1,cr,ospf6_interface_enabled,"interface=""ens9""",1
2026-07-28 12:43:00,ccf-aiops-南京,cr-1,cr,ospf6_interface_enabled,"interface=""virbr0""",0
2026-07-28 12:43:00,ccf-aiops-南京,cr-1,cr,ospf6_interface_enabled,"interface=""vxlan100""",1
2026-07-28 12:43:00,ccf-aiops-南京,cr-1,cr,ospf6_interface_enabled,"interface=""lo""",1
2026-07-28 12:43:00,ccf-aiops-南京,cr-1,cr,ospf6_neighbor_state_code,"state=""Twoway"",interface=""ens4"",neighbor_id=""7.7.7.1""",2
2026-07-28 12:43:00,ccf-aiops-南京,cr-1,cr,ospf6_neighbor_state_code,"state=""Full"",interface=""ens4"",neighbor_id=""7.7.7.12""",6
2026-07-28 12:43:00,ccf-aiops-南京,cr-1,cr,ospf6_neighbor_state_code,"state=""Full"",interface=""ens4"",neighbor_id=""7.7.7.2""",6
2026-07-28 12:43:00,ccf-aiops-南京,cr-1,cr,ospf6_neighbor_state_code,"state=""Full"",interface=""ens5"",neighbor_id=""7.7.7.12""",6
2026-07-28 12:43:00,ccf-aiops-南京,cr-1,cr,bgp_command_success,,
2026-07-28 12:43:00,ccf-aiops-南京,cr-1,cr,bgp_peer_up,,
2026-07-28 12:43:00,ccf-aiops-南京,cr-1,cr,bgp_peer_uptime_seconds,,
2026-07-28 12:43:00,ccf-aiops-南京,cr-1,cr,bgp_peer_prefix_received,,
2026-07-28 12:43:00,ccf-aiops-南京,cr-1,cr,bgp_peer_prefix_sent,,
2026-07-28 12:43:00,ccf-aiops-南京,cr-1,cr,bgp_peer_count,,
2026-07-28 12:43:00,ccf-aiops-南京,cr-2,cr,ipv6_default_route_changed_total,,0
2026-07-28 12:43:00,ccf-aiops-南京,cr-2,cr,ipv6_default_route_info,"next_hop=""fd00:7:20::2"",dev=""ens4"",protocol=""196"",metric=""20"",route_index=""0"",nh_index=""1""",1
2026-07-28 12:43:00,ccf-aiops-南京,cr-2,cr,ipv6_default_route_info,"next_hop=""fd00:7:20::1"",dev=""ens4"",protocol=""196"",metric=""20"",route_index=""0"",nh_index=""0""",1
2026-07-28 12:43:00,ccf-aiops-南京,cr-2,cr,ipv6_route_change_total,"prefix=""fd00:4:40::/64""",3
2026-07-28 12:43:00,ccf-aiops-南京,cr-2,cr,ipv6_route_change_total,"prefix=""fd00:1:40::/64""",3
2026-07-28 12:43:00,ccf-aiops-南京,cr-2,cr,ipv6_route_change_total,"prefix=""::/0""",0
2026-07-28 12:43:00,ccf-aiops-南京,cr-2,cr,ipv6_route_change_total,"prefix=""fd00:3:40::/64""",3
2026-07-28 12:43:00,ccf-aiops-南京,cr-2,cr,ipv6_route_change_total,"prefix=""fd00:5:40::/64""",3
2026-07-28 12:43:00,ccf-aiops-南京,cr-2,cr,ipv6_route_change_total,"prefix=""fd00:6:40::/64""",3
2026-07-28 12:43:00,ccf-aiops-南京,cr-2,cr,ipv6_route_change_total,"prefix=""fd00:7:40::/64""",0
2026-07-28 12:43:00,ccf-aiops-南京,cr-2,cr,ipv6_route_change_total,"prefix=""fd00:8:40::/64""",3
2026-07-28 12:43:00,ccf-aiops-南京,cr-2,cr,ipv6_route_change_total,"prefix=""fd00:2:40::/64""",3
2026-07-28 12:43:00,ccf-aiops-南京,cr-2,cr,ipv6_route_count,"protocol=""kernel""",6
2026-07-28 12:43:00,ccf-aiops-南京,cr-2,cr,ipv6_route_count,"protocol=""196""",2
2026-07-28 12:43:00,ccf-aiops-南京,cr-2,cr,ipv6_route_count,"protocol=""all""",15
2026-07-28 12:43:00,ccf-aiops-南京,cr-2,cr,ipv6_route_count,"protocol=""ospf""",7
2026-07-28 12:43:00,ccf-aiops-南京,cr-2,cr,ipv6_route_exists,"prefix=""::/0""",1
2026-07-28 12:43:00,ccf-aiops-南京,cr-2,cr,ipv6_route_exists,"prefix=""fd00:8:40::/64""",1
2026-07-28 12:43:00,ccf-aiops-南京,cr-2,cr,ipv6_route_exists,"prefix=""fd00:7:40::/64""",1
2026-07-28 12:43:00,ccf-aiops-南京,cr-2,cr,ipv6_route_exists,"prefix=""fd00:6:40::/64""",1
2026-07-28 12:43:00,ccf-aiops-南京,cr-2,cr,ipv6_route_exists,"prefix=""fd00:5:40::/64""",1
2026-07-28 12:43:00,ccf-aiops-南京,cr-2,cr,ipv6_route_exists,"prefix=""fd00:1:40::/64""",1
2026-07-28 12:43:00,ccf-aiops-南京,cr-2,cr,ipv6_route_exists,"prefix=""fd00:2:40::/64""",1
2026-07-28 12:43:00,ccf-aiops-南京,cr-2,cr,ipv6_route_exists,"prefix=""fd00:3:40::/64""",1
2026-07-28 12:43:00,ccf-aiops-南京,cr-2,cr,ipv6_route_exists,"prefix=""fd00:4:40::/64""",1
2026-07-28 12:43:00,ccf-aiops-南京,cr-2,cr,ipv6_route_nexthop_info,"prefix=""::/0"",next_hop=""fd00:7:20::2"",dev=""ens4"",protocol=""196"",metric=""20"",route_index=""0"",nh_index=""1""",1
2026-07-28 12:43:00,ccf-aiops-南京,cr-2,cr,ipv6_route_nexthop_info,"prefix=""fd00:7:40::/64"",next_hop=""fd00:7:30::254"",dev=""ens5"",protocol=""196"",metric=""20"",route_index=""0"",nh_index=""0""",1
2026-07-28 12:43:00,ccf-aiops-南京,cr-2,cr,ipv6_route_nexthop_info,"prefix=""fd00:8:40::/64"",next_hop=""fe80::7:20:2"",dev=""ens4"",protocol=""ospf"",metric=""20"",route_index=""0"",nh_index=""0""",1
2026-07-28 12:43:00,ccf-aiops-南京,cr-2,cr,ipv6_route_nexthop_info,"prefix=""fd00:6:40::/64"",next_hop=""fe80::7:20:2"",dev=""ens4"",protocol=""ospf"",metric=""20"",route_index=""0"",nh_index=""0""",1
2026-07-28 12:43:00,ccf-aiops-南京,cr-2,cr,ipv6_route_nexthop_info,"prefix=""fd00:5:40::/64"",next_hop=""fe80::7:20:2"",dev=""ens4"",protocol=""ospf"",metric=""20"",route_index=""0"",nh_index=""0""",1
2026-07-28 12:43:00,ccf-aiops-南京,cr-2,cr,ipv6_route_nexthop_info,"prefix=""::/0"",next_hop=""fd00:7:20::1"",dev=""ens4"",protocol=""196"",metric=""20"",route_index=""0"",nh_index=""0""",1
2026-07-28 12:43:00,ccf-aiops-南京,cr-2,cr,ipv6_route_nexthop_info,"prefix=""fd00:4:40::/64"",next_hop=""fe80::7:20:2"",dev=""ens4"",protocol=""ospf"",metric=""20"",route_index=""0"",nh_index=""0""",1
2026-07-28 12:43:00,ccf-aiops-南京,cr-2,cr,ipv6_route_nexthop_info,"prefix=""fd00:1:40::/64"",next_hop=""fe80::7:20:1"",dev=""ens4"",protocol=""ospf"",metric=""20"",route_index=""0"",nh_index=""1""",1
2026-07-28 12:43:00,ccf-aiops-南京,cr-2,cr,ipv6_route_nexthop_info,"prefix=""fd00:2:40::/64"",next_hop=""fe80::7:20:1"",dev=""ens4"",protocol=""ospf"",metric=""20"",route_index=""0"",nh_index=""1""",1
2026-07-28 12:43:00,ccf-aiops-南京,cr-2,cr,ipv6_route_nexthop_info,"prefix=""fd00:3:40::/64"",next_hop=""fe80::7:20:1"",dev=""ens4"",protocol=""ospf"",metric=""20"",route_index=""0"",nh_index=""1""",1
2026-07-28 12:43:00,ccf-aiops-南京,cr-2,cr,ipv6_route_nexthop_info,"prefix=""fd00:4:40::/64"",next_hop=""fe80::7:20:1"",dev=""ens4"",protocol=""ospf"",metric=""20"",route_index=""0"",nh_index=""1""",1
2026-07-28 12:43:00,ccf-aiops-南京,cr-2,cr,ipv6_route_nexthop_info,"prefix=""fd00:5:40::/64"",next_hop=""fe80::7:20:1"",dev=""ens4"",protocol=""ospf"",metric=""20"",route_index=""0"",nh_index=""1""",1
2026-07-28 12:43:00,ccf-aiops-南京,cr-2,cr,ipv6_route_nexthop_info,"prefix=""fd00:6:40::/64"",next_hop=""fe80::7:20:1"",dev=""ens4"",protocol=""ospf"",metric=""20"",route_index=""0"",nh_index=""1""",1
2026-07-28 12:43:00,ccf-aiops-南京,cr-2,cr,ipv6_route_nexthop_info,"prefix=""fd00:8:40::/64"",next_hop=""fe80::7:20:1"",dev=""ens4"",protocol=""ospf"",metric=""20"",route_index=""0"",nh_index=""1""",1
2026-07-28 12:43:00,ccf-aiops-南京,cr-2,cr,ipv6_route_nexthop_info,"prefix=""fd00:1:40::/64"",next_hop=""fe80::7:20:2"",dev=""ens4"",protocol=""ospf"",metric=""20"",route_index=""0"",nh_index=""0""",1
2026-07-28 12:43:00,ccf-aiops-南京,cr-2,cr,ipv6_route_nexthop_info,"prefix=""fd00:2:40::/64"",next_hop=""fe80::7:20:2"",dev=""ens4"",protocol=""ospf"",metric=""20"",route_index=""0"",nh_index=""0""",1
2026-07-28 12:43:00,ccf-aiops-南京,cr-2,cr,ipv6_route_nexthop_info,"prefix=""fd00:3:40::/64"",next_hop=""fe80::7:20:2"",dev=""ens4"",protocol=""ospf"",metric=""20"",route_index=""0"",nh_index=""0""",1
2026-07-28 12:43:00,ccf-aiops-南京,cr-2,cr,ospf6_interface_cost,"interface=""ens5""",1
2026-07-28 12:43:00,ccf-aiops-南京,cr-2,cr,ospf6_interface_cost,"interface=""ens4""",1
2026-07-28 12:43:00,ccf-aiops-南京,cr-2,cr,ospf6_interface_enabled,"interface=""virbr0""",0
2026-07-28 12:43:00,ccf-aiops-南京,cr-2,cr,ospf6_interface_enabled,"interface=""ens9""",1
2026-07-28 12:43:00,ccf-aiops-南京,cr-2,cr,ospf6_interface_enabled,"interface=""ens8""",1
2026-07-28 12:43:00,ccf-aiops-南京,cr-2,cr,ospf6_interface_enabled,"interface=""ens7""",1
2026-07-28 12:43:00,ccf-aiops-南京,cr-2,cr,ospf6_interface_enabled,"interface=""ens6""",1
2026-07-28 12:43:00,ccf-aiops-南京,cr-2,cr,ospf6_interface_enabled,"interface=""ens5""",1
2026-07-28 12:43:00,ccf-aiops-南京,cr-2,cr,ospf6_interface_enabled,"interface=""ens4""",1
2026-07-28 12:43:00,ccf-aiops-南京,cr-2,cr,ospf6_interface_enabled,"interface=""ens3""",1
2026-07-28 12:43:00,ccf-aiops-南京,cr-2,cr,ospf6_interface_enabled,"interface=""ens12""",1
2026-07-28 12:43:00,ccf-aiops-南京,cr-2,cr,ospf6_interface_enabled,"interface=""ens11""",1
2026-07-28 12:43:00,ccf-aiops-南京,cr-2,cr,ospf6_interface_enabled,"interface=""ens10""",1
2026-07-28 12:43:00,ccf-aiops-南京,cr-2,cr,ospf6_interface_enabled,"interface=""lo""",1
2026-07-28 12:43:00,ccf-aiops-南京,cr-2,cr,ospf6_neighbor_state_code,"state=""Full"",interface=""ens4"",neighbor_id=""7.7.7.2""",6
2026-07-28 12:43:00,ccf-aiops-南京,cr-2,cr,ospf6_neighbor_state_code,"state=""Full"",interface=""ens5"",neighbor_id=""7.7.7.11""",6
2026-07-28 12:43:00,ccf-aiops-南京,cr-2,cr,ospf6_neighbor_state_code,"state=""Full"",interface=""ens4"",neighbor_id=""7.7.7.11""",6
2026-07-28 12:43:00,ccf-aiops-南京,cr-2,cr,ospf6_neighbor_state_code,"state=""Full"",interface=""ens4"",neighbor_id=""7.7.7.1""",6
2026-07-28 12:43:00,ccf-aiops-南京,cr-2,cr,bgp_command_success,,
2026-07-28 12:43:00,ccf-aiops-南京,cr-2,cr,bgp_peer_up,,
2026-07-28 12:43:00,ccf-aiops-南京,cr-2,cr,bgp_peer_uptime_seconds,,
2026-07-28 12:43:00,ccf-aiops-南京,cr-2,cr,bgp_peer_prefix_received,,
2026-07-28 12:43:00,ccf-aiops-南京,cr-2,cr,bgp_peer_prefix_sent,,
2026-07-28 12:43:00,ccf-aiops-南京,cr-2,cr,bgp_peer_count,,
2026-07-28 12:44:00,ccf-aiops-南京,br-1,br,bgp_command_success,"command=""bgp_summary""",1
2026-07-28 12:44:00,ccf-aiops-南京,br-1,br,bgp_peer_count,,2
2026-07-28 12:44:00,ccf-aiops-南京,br-1,br,bgp_peer_prefix_received,"peer=""fd00:100:10::41"",remote_as=""65005"",state=""Established""",7
2026-07-28 12:44:00,ccf-aiops-南京,br-1,br,bgp_peer_prefix_received,"peer=""fd00:100:10::51"",remote_as=""65006"",state=""Established""",7
2026-07-28 12:44:00,ccf-aiops-南京,br-1,br,bgp_peer_prefix_sent,"peer=""fd00:100:10::41"",remote_as=""65005"",state=""Established""",8
2026-07-28 12:44:00,ccf-aiops-南京,br-1,br,bgp_peer_prefix_sent,"peer=""fd00:100:10::51"",remote_as=""65006"",state=""Established""",8
2026-07-28 12:44:00,ccf-aiops-南京,br-1,br,bgp_peer_up,"peer=""fd00:100:10::51"",remote_as=""65006"",state=""Established""",1
2026-07-28 12:44:00,ccf-aiops-南京,br-1,br,bgp_peer_up,"peer=""fd00:100:10::41"",remote_as=""65005"",state=""Established""",1
2026-07-28 12:44:00,ccf-aiops-南京,br-1,br,bgp_peer_uptime_seconds,"peer=""fd00:100:10::51"",remote_as=""65006"",state=""Established""",2413189
2026-07-28 12:44:00,ccf-aiops-南京,br-1,br,bgp_peer_uptime_seconds,"peer=""fd00:100:10::41"",remote_as=""65005"",state=""Established""",2413189
2026-07-28 12:44:00,ccf-aiops-南京,br-1,br,ipv6_default_route_changed_total,,0
2026-07-28 12:44:00,ccf-aiops-南京,br-1,br,ipv6_default_route_info,"next_hop=""240a:a023::1"",dev=""ens4"",protocol=""unknown"",metric=""1024"",route_index=""0"",nh_index=""0""",1
2026-07-28 12:44:00,ccf-aiops-南京,br-1,br,ipv6_route_change_total,"prefix=""fd00:5:40::/64""",0
2026-07-28 12:44:00,ccf-aiops-南京,br-1,br,ipv6_route_change_total,"prefix=""::/0""",0
2026-07-28 12:44:00,ccf-aiops-南京,br-1,br,ipv6_route_change_total,"prefix=""fd00:1:40::/64""",0
2026-07-28 12:44:00,ccf-aiops-南京,br-1,br,ipv6_route_change_total,"prefix=""fd00:6:40::/64""",0
2026-07-28 12:44:00,ccf-aiops-南京,br-1,br,ipv6_route_change_total,"prefix=""fd00:7:40::/64""",8
2026-07-28 12:44:00,ccf-aiops-南京,br-1,br,ipv6_route_change_total,"prefix=""fd00:2:40::/64""",5
2026-07-28 12:44:00,ccf-aiops-南京,br-1,br,ipv6_route_change_total,"prefix=""fd00:3:40::/64""",0
2026-07-28 12:44:00,ccf-aiops-南京,br-1,br,ipv6_route_change_total,"prefix=""fd00:8:40::/64""",0
2026-07-28 12:44:00,ccf-aiops-南京,br-1,br,ipv6_route_change_total,"prefix=""fd00:4:40::/64""",0
2026-07-28 12:44:00,ccf-aiops-南京,br-1,br,ipv6_route_count,"protocol=""ospf""",2
2026-07-28 12:44:00,ccf-aiops-南京,br-1,br,ipv6_route_count,"protocol=""kernel""",7
2026-07-28 12:44:00,ccf-aiops-南京,br-1,br,ipv6_route_count,"protocol=""bgp""",7
2026-07-28 12:44:00,ccf-aiops-南京,br-1,br,ipv6_route_count,"protocol=""unknown""",1
2026-07-28 12:44:00,ccf-aiops-南京,br-1,br,ipv6_route_count,"protocol=""all""",17
2026-07-28 12:44:00,ccf-aiops-南京,br-1,br,ipv6_route_exists,"prefix=""::/0""",1
2026-07-28 12:44:00,ccf-aiops-南京,br-1,br,ipv6_route_exists,"prefix=""fd00:1:40::/64""",1
2026-07-28 12:44:00,ccf-aiops-南京,br-1,br,ipv6_route_exists,"prefix=""fd00:2:40::/64""",1
2026-07-28 12:44:00,ccf-aiops-南京,br-1,br,ipv6_route_exists,"prefix=""fd00:3:40::/64""",1
2026-07-28 12:44:00,ccf-aiops-南京,br-1,br,ipv6_route_exists,"prefix=""fd00:4:40::/64""",1
2026-07-28 12:44:00,ccf-aiops-南京,br-1,br,ipv6_route_exists,"prefix=""fd00:5:40::/64""",1
2026-07-28 12:44:00,ccf-aiops-南京,br-1,br,ipv6_route_exists,"prefix=""fd00:6:40::/64""",1
2026-07-28 12:44:00,ccf-aiops-南京,br-1,br,ipv6_route_exists,"prefix=""fd00:7:40::/64""",1
2026-07-28 12:44:00,ccf-aiops-南京,br-1,br,ipv6_route_exists,"prefix=""fd00:8:40::/64""",1
2026-07-28 12:44:00,ccf-aiops-南京,br-1,br,ipv6_route_nexthop_info,"prefix=""fd00:3:40::/64"",next_hop=""fe80::100:10:41"",dev=""ens4"",protocol=""bgp"",metric=""20"",route_index=""0"",nh_index=""0""",1
2026-07-28 12:44:00,ccf-aiops-南京,br-1,br,ipv6_route_nexthop_info,"prefix=""fd00:7:40::/64"",next_hop=""fe80::7:20:12"",dev=""ens5"",protocol=""ospf"",metric=""20"",route_index=""0"",nh_index=""0""",1
2026-07-28 12:44:00,ccf-aiops-南京,br-1,br,ipv6_route_nexthop_info,"prefix=""fd00:7:40::/64"",next_hop=""fe80::7:20:11"",dev=""ens5"",protocol=""ospf"",metric=""20"",route_index=""0"",nh_index=""1""",1
2026-07-28 12:44:00,ccf-aiops-南京,br-1,br,ipv6_route_nexthop_info,"prefix=""fd00:6:40::/64"",next_hop=""fe80::100:10:51"",dev=""ens4"",protocol=""bgp"",metric=""20"",route_index=""0"",nh_index=""0""",1
2026-07-28 12:44:00,ccf-aiops-南京,br-1,br,ipv6_route_nexthop_info,"prefix=""fd00:2:40::/64"",next_hop=""fe80::100:10:51"",dev=""ens4"",protocol=""bgp"",metric=""20"",route_index=""0"",nh_index=""0""",1
2026-07-28 12:44:00,ccf-aiops-南京,br-1,br,ipv6_route_nexthop_info,"prefix=""fd00:1:40::/64"",next_hop=""fe80::100:10:51"",dev=""ens4"",protocol=""bgp"",metric=""20"",route_index=""0"",nh_index=""0""",1
2026-07-28 12:44:00,ccf-aiops-南京,br-1,br,ipv6_route_nexthop_info,"prefix=""fd00:8:40::/64"",next_hop=""fe80::100:10:41"",dev=""ens4"",protocol=""bgp"",metric=""20"",route_index=""0"",nh_index=""0""",1
2026-07-28 12:44:00,ccf-aiops-南京,br-1,br,ipv6_route_nexthop_info,"prefix=""fd00:5:40::/64"",next_hop=""fe80::100:10:41"",dev=""ens4"",protocol=""bgp"",metric=""20"",route_index=""0"",nh_index=""0""",1
2026-07-28 12:44:00,ccf-aiops-南京,br-1,br,ipv6_route_nexthop_info,"prefix=""fd00:4:40::/64"",next_hop=""fe80::100:10:41"",dev=""ens4"",protocol=""bgp"",metric=""20"",route_index=""0"",nh_index=""0""",1
2026-07-28 12:44:00,ccf-aiops-南京,br-1,br,ipv6_route_nexthop_info,"prefix=""::/0"",next_hop=""240a:a023::1"",dev=""ens4"",protocol=""unknown"",metric=""1024"",route_index=""0"",nh_index=""0""",1
2026-07-28 12:44:00,ccf-aiops-南京,br-1,br,ospf6_interface_cost,"interface=""ens5""",1
2026-07-28 12:44:00,ccf-aiops-南京,br-1,br,ospf6_interface_enabled,"interface=""ens3""",1
2026-07-28 12:44:00,ccf-aiops-南京,br-1,br,ospf6_interface_enabled,"interface=""ens4""",1
2026-07-28 12:44:00,ccf-aiops-南京,br-1,br,ospf6_interface_enabled,"interface=""ens5""",1
2026-07-28 12:44:00,ccf-aiops-南京,br-1,br,ospf6_interface_enabled,"interface=""ens6""",1
2026-07-28 12:44:00,ccf-aiops-南京,br-1,br,ospf6_interface_enabled,"interface=""ens7""",1
2026-07-28 12:44:00,ccf-aiops-南京,br-1,br,ospf6_interface_enabled,"interface=""ens8""",1
2026-07-28 12:44:00,ccf-aiops-南京,br-1,br,ospf6_interface_enabled,"interface=""ens9""",1
2026-07-28 12:44:00,ccf-aiops-南京,br-1,br,ospf6_interface_enabled,"interface=""lo""",1
2026-07-28 12:44:00,ccf-aiops-南京,br-1,br,ospf6_interface_enabled,"interface=""virbr0""",0
2026-07-28 12:44:00,ccf-aiops-南京,br-1,br,ospf6_interface_enabled,"interface=""ens10""",1
2026-07-28 12:44:00,ccf-aiops-南京,br-1,br,ospf6_interface_enabled,"interface=""ens12""",1
2026-07-28 12:44:00,ccf-aiops-南京,br-1,br,ospf6_interface_enabled,"interface=""ens11""",1
2026-07-28 12:44:00,ccf-aiops-南京,br-1,br,ospf6_neighbor_state_code,"state=""Full"",interface=""ens5"",neighbor_id=""7.7.7.2""",6
2026-07-28 12:44:00,ccf-aiops-南京,br-1,br,ospf6_neighbor_state_code,"state=""Full"",interface=""ens5"",neighbor_id=""7.7.7.12""",6
2026-07-28 12:44:00,ccf-aiops-南京,br-1,br,ospf6_neighbor_state_code,"state=""Twoway"",interface=""ens5"",neighbor_id=""7.7.7.11""",2
2026-07-28 12:44:00,ccf-aiops-南京,br-2,br,bgp_command_success,"command=""bgp_summary""",1
2026-07-28 12:44:00,ccf-aiops-南京,br-2,br,bgp_peer_count,,2
2026-07-28 12:44:00,ccf-aiops-南京,br-2,br,bgp_peer_prefix_received,"peer=""fd00:100:10::52"",remote_as=""65006"",state=""Established""",7
2026-07-28 12:44:00,ccf-aiops-南京,br-2,br,bgp_peer_prefix_received,"peer=""fd00:100:10::42"",remote_as=""65005"",state=""Established""",7
2026-07-28 12:44:00,ccf-aiops-南京,br-2,br,bgp_peer_prefix_sent,"peer=""fd00:100:10::42"",remote_as=""65005"",state=""Established""",8
2026-07-28 12:44:00,ccf-aiops-南京,br-2,br,bgp_peer_prefix_sent,"peer=""fd00:100:10::52"",remote_as=""65006"",state=""Established""",8
2026-07-28 12:44:00,ccf-aiops-南京,br-2,br,bgp_peer_up,"peer=""fd00:100:10::52"",remote_as=""65006"",state=""Established""",1
2026-07-28 12:44:00,ccf-aiops-南京,br-2,br,bgp_peer_up,"peer=""fd00:100:10::42"",remote_as=""65005"",state=""Established""",1
2026-07-28 12:44:00,ccf-aiops-南京,br-2,br,bgp_peer_uptime_seconds,"peer=""fd00:100:10::42"",remote_as=""65005"",state=""Established""",2413172
2026-07-28 12:44:00,ccf-aiops-南京,br-2,br,bgp_peer_uptime_seconds,"peer=""fd00:100:10::52"",remote_as=""65006"",state=""Established""",2413172
2026-07-28 12:44:00,ccf-aiops-南京,br-2,br,ipv6_default_route_changed_total,,0
2026-07-28 12:44:00,ccf-aiops-南京,br-2,br,ipv6_default_route_info,"next_hop=""240a:a023::1"",dev=""ens4"",protocol=""unknown"",metric=""1024"",route_index=""0"",nh_index=""0""",1
2026-07-28 12:44:00,ccf-aiops-南京,br-2,br,ipv6_route_change_total,"prefix=""fd00:8:40::/64""",0
2026-07-28 12:44:00,ccf-aiops-南京,br-2,br,ipv6_route_change_total,"prefix=""::/0""",0
2026-07-28 12:44:00,ccf-aiops-南京,br-2,br,ipv6_route_change_total,"prefix=""fd00:7:40::/64""",10
2026-07-28 12:44:00,ccf-aiops-南京,br-2,br,ipv6_route_change_total,"prefix=""fd00:6:40::/64""",0
2026-07-28 12:44:00,ccf-aiops-南京,br-2,br,ipv6_route_change_total,"prefix=""fd00:5:40::/64""",0
2026-07-28 12:44:00,ccf-aiops-南京,br-2,br,ipv6_route_change_total,"prefix=""fd00:4:40::/64""",0
2026-07-28 12:44:00,ccf-aiops-南京,br-2,br,ipv6_route_change_total,"prefix=""fd00:3:40::/64""",0
2026-07-28 12:44:00,ccf-aiops-南京,br-2,br,ipv6_route_change_total,"prefix=""fd00:2:40::/64""",3
2026-07-28 12:44:00,ccf-aiops-南京,br-2,br,ipv6_route_change_total,"prefix=""fd00:1:40::/64""",0
2026-07-28 12:44:00,ccf-aiops-南京,br-2,br,ipv6_route_count,"protocol=""kernel""",7
2026-07-28 12:44:00,ccf-aiops-南京,br-2,br,ipv6_route_count,"protocol=""unknown""",1
2026-07-28 12:44:00,ccf-aiops-南京,br-2,br,ipv6_route_count,"protocol=""ospf""",2
2026-07-28 12:44:00,ccf-aiops-南京,br-2,br,ipv6_route_count,"protocol=""bgp""",7
2026-07-28 12:44:00,ccf-aiops-南京,br-2,br,ipv6_route_count,"protocol=""all""",17
2026-07-28 12:44:00,ccf-aiops-南京,br-2,br,ipv6_route_exists,"prefix=""fd00:4:40::/64""",1
2026-07-28 12:44:00,ccf-aiops-南京,br-2,br,ipv6_route_exists,"prefix=""::/0""",1
2026-07-28 12:44:00,ccf-aiops-南京,br-2,br,ipv6_route_exists,"prefix=""fd00:1:40::/64""",1
2026-07-28 12:44:00,ccf-aiops-南京,br-2,br,ipv6_route_exists,"prefix=""fd00:2:40::/64""",1
2026-07-28 12:44:00,ccf-aiops-南京,br-2,br,ipv6_route_exists,"prefix=""fd00:3:40::/64""",1
2026-07-28 12:44:00,ccf-aiops-南京,br-2,br,ipv6_route_exists,"prefix=""fd00:5:40::/64""",1
2026-07-28 12:44:00,ccf-aiops-南京,br-2,br,ipv6_route_exists,"prefix=""fd00:6:40::/64""",1
2026-07-28 12:44:00,ccf-aiops-南京,br-2,br,ipv6_route_exists,"prefix=""fd00:7:40::/64""",1
2026-07-28 12:44:00,ccf-aiops-南京,br-2,br,ipv6_route_exists,"prefix=""fd00:8:40::/64""",1
2026-07-28 12:44:00,ccf-aiops-南京,br-2,br,ipv6_route_nexthop_info,"prefix=""fd00:1:40::/64"",next_hop=""fe80::100:10:52"",dev=""ens4"",protocol=""bgp"",metric=""20"",route_index=""0"",nh_index=""0""",1
2026-07-28 12:44:00,ccf-aiops-南京,br-2,br,ipv6_route_nexthop_info,"prefix=""fd00:7:40::/64"",next_hop=""fe80::7:20:12"",dev=""ens5"",protocol=""ospf"",metric=""20"",route_index=""0"",nh_index=""0""",1
2026-07-28 12:44:00,ccf-aiops-南京,br-2,br,ipv6_route_nexthop_info,"prefix=""::/0"",next_hop=""240a:a023::1"",dev=""ens4"",protocol=""unknown"",metric=""1024"",route_index=""0"",nh_index=""0""",1
2026-07-28 12:44:00,ccf-aiops-南京,br-2,br,ipv6_route_nexthop_info,"prefix=""fd00:3:40::/64"",next_hop=""fe80::100:10:42"",dev=""ens4"",protocol=""bgp"",metric=""20"",route_index=""0"",nh_index=""0""",1
2026-07-28 12:44:00,ccf-aiops-南京,br-2,br,ipv6_route_nexthop_info,"prefix=""fd00:4:40::/64"",next_hop=""fe80::100:10:42"",dev=""ens4"",protocol=""bgp"",metric=""20"",route_index=""0"",nh_index=""0""",1
2026-07-28 12:44:00,ccf-aiops-南京,br-2,br,ipv6_route_nexthop_info,"prefix=""fd00:6:40::/64"",next_hop=""fe80::100:10:52"",dev=""ens4"",protocol=""bgp"",metric=""20"",route_index=""0"",nh_index=""0""",1
2026-07-28 12:44:00,ccf-aiops-南京,br-2,br,ipv6_route_nexthop_info,"prefix=""fd00:2:40::/64"",next_hop=""fe80::100:10:52"",dev=""ens4"",protocol=""bgp"",metric=""20"",route_index=""0"",nh_index=""0""",1
2026-07-28 12:44:00,ccf-aiops-南京,br-2,br,ipv6_route_nexthop_info,"prefix=""fd00:5:40::/64"",next_hop=""fe80::100:10:42"",dev=""ens4"",protocol=""bgp"",metric=""20"",route_index=""0"",nh_index=""0""",1
2026-07-28 12:44:00,ccf-aiops-南京,br-2,br,ipv6_route_nexthop_info,"prefix=""fd00:8:40::/64"",next_hop=""fe80::100:10:42"",dev=""ens4"",protocol=""bgp"",metric=""20"",route_index=""0"",nh_index=""0""",1
2026-07-28 12:44:00,ccf-aiops-南京,br-2,br,ipv6_route_nexthop_info,"prefix=""fd00:7:40::/64"",next_hop=""fe80::7:20:11"",dev=""ens5"",protocol=""ospf"",metric=""20"",route_index=""0"",nh_index=""1""",1
2026-07-28 12:44:00,ccf-aiops-南京,br-2,br,ospf6_interface_cost,"interface=""ens5""",1
2026-07-28 12:44:00,ccf-aiops-南京,br-2,br,ospf6_interface_enabled,"interface=""ens4""",1
2026-07-28 12:44:00,ccf-aiops-南京,br-2,br,ospf6_interface_enabled,"interface=""virbr0""",0
2026-07-28 12:44:00,ccf-aiops-南京,br-2,br,ospf6_interface_enabled,"interface=""lo""",1
2026-07-28 12:44:00,ccf-aiops-南京,br-2,br,ospf6_interface_enabled,"interface=""ens9""",1
2026-07-28 12:44:00,ccf-aiops-南京,br-2,br,ospf6_interface_enabled,"interface=""ens8""",1
2026-07-28 12:44:00,ccf-aiops-南京,br-2,br,ospf6_interface_enabled,"interface=""ens7""",1
2026-07-28 12:44:00,ccf-aiops-南京,br-2,br,ospf6_interface_enabled,"interface=""ens6""",1
2026-07-28 12:44:00,ccf-aiops-南京,br-2,br,ospf6_interface_enabled,"interface=""ens5""",1
2026-07-28 12:44:00,ccf-aiops-南京,br-2,br,ospf6_interface_enabled,"interface=""ens3""",1
2026-07-28 12:44:00,ccf-aiops-南京,br-2,br,ospf6_interface_enabled,"interface=""ens12""",1
2026-07-28 12:44:00,ccf-aiops-南京,br-2,br,ospf6_interface_enabled,"interface=""ens11""",1
2026-07-28 12:44:00,ccf-aiops-南京,br-2,br,ospf6_interface_enabled,"interface=""ens10""",1
2026-07-28 12:44:00,ccf-aiops-南京,br-2,br,ospf6_neighbor_state_code,"state=""Full"",interface=""ens5"",neighbor_id=""7.7.7.1""",6
2026-07-28 12:44:00,ccf-aiops-南京,br-2,br,ospf6_neighbor_state_code,"state=""Full"",interface=""ens5"",neighbor_id=""7.7.7.11""",6
2026-07-28 12:44:00,ccf-aiops-南京,br-2,br,ospf6_neighbor_state_code,"state=""Full"",interface=""ens5"",neighbor_id=""7.7.7.12""",6
2026-07-28 12:44:00,ccf-aiops-南京,cr-1,cr,ipv6_default_route_changed_total,,0
2026-07-28 12:44:00,ccf-aiops-南京,cr-1,cr,ipv6_default_route_info,"next_hop=""fd00:7:20::1"",dev=""ens4"",protocol=""196"",metric=""20"",route_index=""0"",nh_index=""0""",1
2026-07-28 12:44:00,ccf-aiops-南京,cr-1,cr,ipv6_default_route_info,"next_hop=""fd00:7:20::2"",dev=""ens4"",protocol=""196"",metric=""20"",route_index=""0"",nh_index=""1""",1
2026-07-28 12:44:00,ccf-aiops-南京,cr-1,cr,ipv6_route_change_total,"prefix=""fd00:3:40::/64""",0
2026-07-28 12:44:00,ccf-aiops-南京,cr-1,cr,ipv6_route_change_total,"prefix=""fd00:6:40::/64""",5
2026-07-28 12:44:00,ccf-aiops-南京,cr-1,cr,ipv6_route_change_total,"prefix=""fd00:7:40::/64""",0
2026-07-28 12:44:00,ccf-aiops-南京,cr-1,cr,ipv6_route_change_total,"prefix=""fd00:8:40::/64""",5
2026-07-28 12:44:00,ccf-aiops-南京,cr-1,cr,ipv6_route_change_total,"prefix=""fd00:5:40::/64""",5
2026-07-28 12:44:00,ccf-aiops-南京,cr-1,cr,ipv6_route_change_total,"prefix=""fd00:4:40::/64""",5
2026-07-28 12:44:00,ccf-aiops-南京,cr-1,cr,ipv6_route_change_total,"prefix=""fd00:2:40::/64""",0
2026-07-28 12:44:00,ccf-aiops-南京,cr-1,cr,ipv6_route_change_total,"prefix=""fd00:1:40::/64""",5
2026-07-28 12:44:00,ccf-aiops-南京,cr-1,cr,ipv6_route_change_total,"prefix=""::/0""",0
2026-07-28 12:44:00,ccf-aiops-南京,cr-1,cr,ipv6_route_count,"protocol=""196""",2
2026-07-28 12:44:00,ccf-aiops-南京,cr-1,cr,ipv6_route_count,"protocol=""all""",16
2026-07-28 12:44:00,ccf-aiops-南京,cr-1,cr,ipv6_route_count,"protocol=""kernel""",7
2026-07-28 12:44:00,ccf-aiops-南京,cr-1,cr,ipv6_route_count,"protocol=""ospf""",7
2026-07-28 12:44:00,ccf-aiops-南京,cr-1,cr,ipv6_route_exists,"prefix=""fd00:4:40::/64""",1
2026-07-28 12:44:00,ccf-aiops-南京,cr-1,cr,ipv6_route_exists,"prefix=""::/0""",1
2026-07-28 12:44:00,ccf-aiops-南京,cr-1,cr,ipv6_route_exists,"prefix=""fd00:1:40::/64""",1
2026-07-28 12:44:00,ccf-aiops-南京,cr-1,cr,ipv6_route_exists,"prefix=""fd00:2:40::/64""",1
2026-07-28 12:44:00,ccf-aiops-南京,cr-1,cr,ipv6_route_exists,"prefix=""fd00:8:40::/64""",1
2026-07-28 12:44:00,ccf-aiops-南京,cr-1,cr,ipv6_route_exists,"prefix=""fd00:7:40::/64""",1
2026-07-28 12:44:00,ccf-aiops-南京,cr-1,cr,ipv6_route_exists,"prefix=""fd00:6:40::/64""",1
2026-07-28 12:44:00,ccf-aiops-南京,cr-1,cr,ipv6_route_exists,"prefix=""fd00:5:40::/64""",1
2026-07-28 12:44:00,ccf-aiops-南京,cr-1,cr,ipv6_route_exists,"prefix=""fd00:3:40::/64""",1
2026-07-28 12:44:00,ccf-aiops-南京,cr-1,cr,ipv6_route_nexthop_info,"prefix=""fd00:7:40::/64"",next_hop=""fd00:7:30::254"",dev=""ens5"",protocol=""196"",metric=""20"",route_index=""0"",nh_index=""0""",1
2026-07-28 12:44:00,ccf-aiops-南京,cr-1,cr,ipv6_route_nexthop_info,"prefix=""fd00:8:40::/64"",next_hop=""fe80::7:20:2"",dev=""ens4"",protocol=""ospf"",metric=""20"",route_index=""0"",nh_index=""1""",1
2026-07-28 12:44:00,ccf-aiops-南京,cr-1,cr,ipv6_route_nexthop_info,"prefix=""fd00:6:40::/64"",next_hop=""fe80::7:20:2"",dev=""ens4"",protocol=""ospf"",metric=""20"",route_index=""0"",nh_index=""1""",1
2026-07-28 12:44:00,ccf-aiops-南京,cr-1,cr,ipv6_route_nexthop_info,"prefix=""fd00:4:40::/64"",next_hop=""fe80::7:20:2"",dev=""ens4"",protocol=""ospf"",metric=""20"",route_index=""0"",nh_index=""1""",1
2026-07-28 12:44:00,ccf-aiops-南京,cr-1,cr,ipv6_route_nexthop_info,"prefix=""::/0"",next_hop=""fd00:7:20::1"",dev=""ens4"",protocol=""196"",metric=""20"",route_index=""0"",nh_index=""0""",1
2026-07-28 12:44:00,ccf-aiops-南京,cr-1,cr,ipv6_route_nexthop_info,"prefix=""::/0"",next_hop=""fd00:7:20::2"",dev=""ens4"",protocol=""196"",metric=""20"",route_index=""0"",nh_index=""1""",1
2026-07-28 12:44:00,ccf-aiops-南京,cr-1,cr,ipv6_route_nexthop_info,"prefix=""fd00:1:40::/64"",next_hop=""fe80::7:20:1"",dev=""ens4"",protocol=""ospf"",metric=""20"",route_index=""0"",nh_index=""0""",1
2026-07-28 12:44:00,ccf-aiops-南京,cr-1,cr,ipv6_route_nexthop_info,"prefix=""fd00:2:40::/64"",next_hop=""fe80::7:20:1"",dev=""ens4"",protocol=""ospf"",metric=""20"",route_index=""0"",nh_index=""0""",1
2026-07-28 12:44:00,ccf-aiops-南京,cr-1,cr,ipv6_route_nexthop_info,"prefix=""fd00:3:40::/64"",next_hop=""fe80::7:20:1"",dev=""ens4"",protocol=""ospf"",metric=""20"",route_index=""0"",nh_index=""0""",1
2026-07-28 12:44:00,ccf-aiops-南京,cr-1,cr,ipv6_route_nexthop_info,"prefix=""fd00:4:40::/64"",next_hop=""fe80::7:20:1"",dev=""ens4"",protocol=""ospf"",metric=""20"",route_index=""0"",nh_index=""0""",1
2026-07-28 12:44:00,ccf-aiops-南京,cr-1,cr,ipv6_route_nexthop_info,"prefix=""fd00:5:40::/64"",next_hop=""fe80::7:20:1"",dev=""ens4"",protocol=""ospf"",metric=""20"",route_index=""0"",nh_index=""0""",1
2026-07-28 12:44:00,ccf-aiops-南京,cr-1,cr,ipv6_route_nexthop_info,"prefix=""fd00:6:40::/64"",next_hop=""fe80::7:20:1"",dev=""ens4"",protocol=""ospf"",metric=""20"",route_index=""0"",nh_index=""0""",1
2026-07-28 12:44:00,ccf-aiops-南京,cr-1,cr,ipv6_route_nexthop_info,"prefix=""fd00:8:40::/64"",next_hop=""fe80::7:20:1"",dev=""ens4"",protocol=""ospf"",metric=""20"",route_index=""0"",nh_index=""0""",1
2026-07-28 12:44:00,ccf-aiops-南京,cr-1,cr,ipv6_route_nexthop_info,"prefix=""fd00:1:40::/64"",next_hop=""fe80::7:20:2"",dev=""ens4"",protocol=""ospf"",metric=""20"",route_index=""0"",nh_index=""1""",1
2026-07-28 12:44:00,ccf-aiops-南京,cr-1,cr,ipv6_route_nexthop_info,"prefix=""fd00:2:40::/64"",next_hop=""fe80::7:20:2"",dev=""ens4"",protocol=""ospf"",metric=""20"",route_index=""0"",nh_index=""1""",1
2026-07-28 12:44:00,ccf-aiops-南京,cr-1,cr,ipv6_route_nexthop_info,"prefix=""fd00:3:40::/64"",next_hop=""fe80::7:20:2"",dev=""ens4"",protocol=""ospf"",metric=""20"",route_index=""0"",nh_index=""1""",1
2026-07-28 12:44:00,ccf-aiops-南京,cr-1,cr,ipv6_route_nexthop_info,"prefix=""fd00:5:40::/64"",next_hop=""fe80::7:20:2"",dev=""ens4"",protocol=""ospf"",metric=""20"",route_index=""0"",nh_index=""1""",1
2026-07-28 12:44:00,ccf-aiops-南京,cr-1,cr,ospf6_interface_cost,"interface=""ens5""",1
2026-07-28 12:44:00,ccf-aiops-南京,cr-1,cr,ospf6_interface_cost,"interface=""ens4""",1
2026-07-28 12:44:00,ccf-aiops-南京,cr-1,cr,ospf6_interface_enabled,"interface=""ens5""",1
2026-07-28 12:44:00,ccf-aiops-南京,cr-1,cr,ospf6_interface_enabled,"interface=""ens6""",1
2026-07-28 12:44:00,ccf-aiops-南京,cr-1,cr,ospf6_interface_enabled,"interface=""ens10""",1
2026-07-28 12:44:00,ccf-aiops-南京,cr-1,cr,ospf6_interface_enabled,"interface=""ens11""",1
2026-07-28 12:44:00,ccf-aiops-南京,cr-1,cr,ospf6_interface_enabled,"interface=""ens12""",1
2026-07-28 12:44:00,ccf-aiops-南京,cr-1,cr,ospf6_interface_enabled,"interface=""ens3""",1
2026-07-28 12:44:00,ccf-aiops-南京,cr-1,cr,ospf6_interface_enabled,"interface=""ens4""",1
2026-07-28 12:44:00,ccf-aiops-南京,cr-1,cr,ospf6_interface_enabled,"interface=""ens8""",1
2026-07-28 12:44:00,ccf-aiops-南京,cr-1,cr,ospf6_interface_enabled,"interface=""ens9""",1
2026-07-28 12:44:00,ccf-aiops-南京,cr-1,cr,ospf6_interface_enabled,"interface=""lo""",1
2026-07-28 12:44:00,ccf-aiops-南京,cr-1,cr,ospf6_interface_enabled,"interface=""virbr0""",0
2026-07-28 12:44:00,ccf-aiops-南京,cr-1,cr,ospf6_interface_enabled,"interface=""vxlan100""",1
2026-07-28 12:44:00,ccf-aiops-南京,cr-1,cr,ospf6_interface_enabled,"interface=""ens7""",1
2026-07-28 12:44:00,ccf-aiops-南京,cr-1,cr,ospf6_neighbor_state_code,"state=""Full"",interface=""ens4"",neighbor_id=""7.7.7.2""",6
2026-07-28 12:44:00,ccf-aiops-南京,cr-1,cr,ospf6_neighbor_state_code,"state=""Full"",interface=""ens5"",neighbor_id=""7.7.7.12""",6
2026-07-28 12:44:00,ccf-aiops-南京,cr-1,cr,ospf6_neighbor_state_code,"state=""Full"",interface=""ens4"",neighbor_id=""7.7.7.12""",6
2026-07-28 12:44:00,ccf-aiops-南京,cr-1,cr,ospf6_neighbor_state_code,"state=""Twoway"",interface=""ens4"",neighbor_id=""7.7.7.1""",2
2026-07-28 12:44:00,ccf-aiops-南京,cr-1,cr,bgp_command_success,,
2026-07-28 12:44:00,ccf-aiops-南京,cr-1,cr,bgp_peer_up,,
2026-07-28 12:44:00,ccf-aiops-南京,cr-1,cr,bgp_peer_uptime_seconds,,
2026-07-28 12:44:00,ccf-aiops-南京,cr-1,cr,bgp_peer_prefix_received,,
2026-07-28 12:44:00,ccf-aiops-南京,cr-1,cr,bgp_peer_prefix_sent,,
2026-07-28 12:44:00,ccf-aiops-南京,cr-1,cr,bgp_peer_count,,
2026-07-28 12:44:00,ccf-aiops-南京,cr-2,cr,ipv6_default_route_changed_total,,0
2026-07-28 12:44:00,ccf-aiops-南京,cr-2,cr,ipv6_default_route_info,"next_hop=""fd00:7:20::2"",dev=""ens4"",protocol=""196"",metric=""20"",route_index=""0"",nh_index=""1""",1
2026-07-28 12:44:00,ccf-aiops-南京,cr-2,cr,ipv6_default_route_info,"next_hop=""fd00:7:20::1"",dev=""ens4"",protocol=""196"",metric=""20"",route_index=""0"",nh_index=""0""",1
2026-07-28 12:44:00,ccf-aiops-南京,cr-2,cr,ipv6_route_change_total,"prefix=""fd00:7:40::/64""",0
2026-07-28 12:44:00,ccf-aiops-南京,cr-2,cr,ipv6_route_change_total,"prefix=""fd00:8:40::/64""",3
2026-07-28 12:44:00,ccf-aiops-南京,cr-2,cr,ipv6_route_change_total,"prefix=""fd00:6:40::/64""",3
2026-07-28 12:44:00,ccf-aiops-南京,cr-2,cr,ipv6_route_change_total,"prefix=""fd00:5:40::/64""",3
2026-07-28 12:44:00,ccf-aiops-南京,cr-2,cr,ipv6_route_change_total,"prefix=""fd00:4:40::/64""",3
2026-07-28 12:44:00,ccf-aiops-南京,cr-2,cr,ipv6_route_change_total,"prefix=""fd00:3:40::/64""",3
2026-07-28 12:44:00,ccf-aiops-南京,cr-2,cr,ipv6_route_change_total,"prefix=""fd00:2:40::/64""",3
2026-07-28 12:44:00,ccf-aiops-南京,cr-2,cr,ipv6_route_change_total,"prefix=""fd00:1:40::/64""",3
2026-07-28 12:44:00,ccf-aiops-南京,cr-2,cr,ipv6_route_change_total,"prefix=""::/0""",0
2026-07-28 12:44:00,ccf-aiops-南京,cr-2,cr,ipv6_route_count,"protocol=""ospf""",7
2026-07-28 12:44:00,ccf-aiops-南京,cr-2,cr,ipv6_route_count,"protocol=""kernel""",6
2026-07-28 12:44:00,ccf-aiops-南京,cr-2,cr,ipv6_route_count,"protocol=""all""",15
2026-07-28 12:44:00,ccf-aiops-南京,cr-2,cr,ipv6_route_count,"protocol=""196""",2
2026-07-28 12:44:00,ccf-aiops-南京,cr-2,cr,ipv6_route_exists,"prefix=""fd00:1:40::/64""",1
2026-07-28 12:44:00,ccf-aiops-南京,cr-2,cr,ipv6_route_exists,"prefix=""::/0""",1
2026-07-28 12:44:00,ccf-aiops-南京,cr-2,cr,ipv6_route_exists,"prefix=""fd00:2:40::/64""",1
2026-07-28 12:44:00,ccf-aiops-南京,cr-2,cr,ipv6_route_exists,"prefix=""fd00:3:40::/64""",1
2026-07-28 12:44:00,ccf-aiops-南京,cr-2,cr,ipv6_route_exists,"prefix=""fd00:4:40::/64""",1
2026-07-28 12:44:00,ccf-aiops-南京,cr-2,cr,ipv6_route_exists,"prefix=""fd00:5:40::/64""",1
2026-07-28 12:44:00,ccf-aiops-南京,cr-2,cr,ipv6_route_exists,"prefix=""fd00:6:40::/64""",1
2026-07-28 12:44:00,ccf-aiops-南京,cr-2,cr,ipv6_route_exists,"prefix=""fd00:7:40::/64""",1
2026-07-28 12:44:00,ccf-aiops-南京,cr-2,cr,ipv6_route_exists,"prefix=""fd00:8:40::/64""",1
2026-07-28 12:44:00,ccf-aiops-南京,cr-2,cr,ipv6_route_nexthop_info,"prefix=""fd00:1:40::/64"",next_hop=""fe80::7:20:2"",dev=""ens4"",protocol=""ospf"",metric=""20"",route_index=""0"",nh_index=""0""",1
2026-07-28 12:44:00,ccf-aiops-南京,cr-2,cr,ipv6_route_nexthop_info,"prefix=""::/0"",next_hop=""fd00:7:20::2"",dev=""ens4"",protocol=""196"",metric=""20"",route_index=""0"",nh_index=""1""",1
2026-07-28 12:44:00,ccf-aiops-南京,cr-2,cr,ipv6_route_nexthop_info,"prefix=""fd00:2:40::/64"",next_hop=""fe80::7:20:2"",dev=""ens4"",protocol=""ospf"",metric=""20"",route_index=""0"",nh_index=""0""",1
2026-07-28 12:44:00,ccf-aiops-南京,cr-2,cr,ipv6_route_nexthop_info,"prefix=""::/0"",next_hop=""fd00:7:20::1"",dev=""ens4"",protocol=""196"",metric=""20"",route_index=""0"",nh_index=""0""",1
2026-07-28 12:44:00,ccf-aiops-南京,cr-2,cr,ipv6_route_nexthop_info,"prefix=""fd00:8:40::/64"",next_hop=""fe80::7:20:1"",dev=""ens4"",protocol=""ospf"",metric=""20"",route_index=""0"",nh_index=""1""",1
2026-07-28 12:44:00,ccf-aiops-南京,cr-2,cr,ipv6_route_nexthop_info,"prefix=""fd00:6:40::/64"",next_hop=""fe80::7:20:1"",dev=""ens4"",protocol=""ospf"",metric=""20"",route_index=""0"",nh_index=""1""",1
2026-07-28 12:44:00,ccf-aiops-南京,cr-2,cr,ipv6_route_nexthop_info,"prefix=""fd00:5:40::/64"",next_hop=""fe80::7:20:1"",dev=""ens4"",protocol=""ospf"",metric=""20"",route_index=""0"",nh_index=""1""",1
2026-07-28 12:44:00,ccf-aiops-南京,cr-2,cr,ipv6_route_nexthop_info,"prefix=""fd00:4:40::/64"",next_hop=""fe80::7:20:1"",dev=""ens4"",protocol=""ospf"",metric=""20"",route_index=""0"",nh_index=""1""",1
2026-07-28 12:44:00,ccf-aiops-南京,cr-2,cr,ipv6_route_nexthop_info,"prefix=""fd00:3:40::/64"",next_hop=""fe80::7:20:1"",dev=""ens4"",protocol=""ospf"",metric=""20"",route_index=""0"",nh_index=""1""",1
2026-07-28 12:44:00,ccf-aiops-南京,cr-2,cr,ipv6_route_nexthop_info,"prefix=""fd00:2:40::/64"",next_hop=""fe80::7:20:1"",dev=""ens4"",protocol=""ospf"",metric=""20"",route_index=""0"",nh_index=""1""",1
2026-07-28 12:44:00,ccf-aiops-南京,cr-2,cr,ipv6_route_nexthop_info,"prefix=""fd00:1:40::/64"",next_hop=""fe80::7:20:1"",dev=""ens4"",protocol=""ospf"",metric=""20"",route_index=""0"",nh_index=""1""",1
2026-07-28 12:44:00,ccf-aiops-南京,cr-2,cr,ipv6_route_nexthop_info,"prefix=""fd00:3:40::/64"",next_hop=""fe80::7:20:2"",dev=""ens4"",protocol=""ospf"",metric=""20"",route_index=""0"",nh_index=""0""",1
2026-07-28 12:44:00,ccf-aiops-南京,cr-2,cr,ipv6_route_nexthop_info,"prefix=""fd00:4:40::/64"",next_hop=""fe80::7:20:2"",dev=""ens4"",protocol=""ospf"",metric=""20"",route_index=""0"",nh_index=""0""",1
2026-07-28 12:44:00,ccf-aiops-南京,cr-2,cr,ipv6_route_nexthop_info,"prefix=""fd00:5:40::/64"",next_hop=""fe80::7:20:2"",dev=""ens4"",protocol=""ospf"",metric=""20"",route_index=""0"",nh_index=""0""",1
2026-07-28 12:44:00,ccf-aiops-南京,cr-2,cr,ipv6_route_nexthop_info,"prefix=""fd00:6:40::/64"",next_hop=""fe80::7:20:2"",dev=""ens4"",protocol=""ospf"",metric=""20"",route_index=""0"",nh_index=""0""",1
2026-07-28 12:44:00,ccf-aiops-南京,cr-2,cr,ipv6_route_nexthop_info,"prefix=""fd00:8:40::/64"",next_hop=""fe80::7:20:2"",dev=""ens4"",protocol=""ospf"",metric=""20"",route_index=""0"",nh_index=""0""",1
2026-07-28 12:44:00,ccf-aiops-南京,cr-2,cr,ipv6_route_nexthop_info,"prefix=""fd00:7:40::/64"",next_hop=""fd00:7:30::254"",dev=""ens5"",protocol=""196"",metric=""20"",route_index=""0"",nh_index=""0""",1
2026-07-28 12:44:00,ccf-aiops-南京,cr-2,cr,ospf6_interface_cost,"interface=""ens5""",1
2026-07-28 12:44:00,ccf-aiops-南京,cr-2,cr,ospf6_interface_cost,"interface=""ens4""",1
2026-07-28 12:44:00,ccf-aiops-南京,cr-2,cr,ospf6_interface_enabled,"interface=""virbr0""",0
2026-07-28 12:44:00,ccf-aiops-南京,cr-2,cr,ospf6_interface_enabled,"interface=""lo""",1
2026-07-28 12:44:00,ccf-aiops-南京,cr-2,cr,ospf6_interface_enabled,"interface=""ens10""",1
2026-07-28 12:44:00,ccf-aiops-南京,cr-2,cr,ospf6_interface_enabled,"interface=""ens11""",1
2026-07-28 12:44:00,ccf-aiops-南京,cr-2,cr,ospf6_interface_enabled,"interface=""ens12""",1
2026-07-28 12:44:00,ccf-aiops-南京,cr-2,cr,ospf6_interface_enabled,"interface=""ens3""",1
2026-07-28 12:44:00,ccf-aiops-南京,cr-2,cr,ospf6_interface_enabled,"interface=""ens4""",1
2026-07-28 12:44:00,ccf-aiops-南京,cr-2,cr,ospf6_interface_enabled,"interface=""ens5""",1
2026-07-28 12:44:00,ccf-aiops-南京,cr-2,cr,ospf6_interface_enabled,"interface=""ens6""",1
2026-07-28 12:44:00,ccf-aiops-南京,cr-2,cr,ospf6_interface_enabled,"interface=""ens7""",1
2026-07-28 12:44:00,ccf-aiops-南京,cr-2,cr,ospf6_interface_enabled,"interface=""ens8""",1
2026-07-28 12:44:00,ccf-aiops-南京,cr-2,cr,ospf6_interface_enabled,"interface=""ens9""",1
2026-07-28 12:44:00,ccf-aiops-南京,cr-2,cr,ospf6_neighbor_state_code,"state=""Full"",interface=""ens4"",neighbor_id=""7.7.7.1""",6
2026-07-28 12:44:00,ccf-aiops-南京,cr-2,cr,ospf6_neighbor_state_code,"state=""Full"",interface=""ens4"",neighbor_id=""7.7.7.11""",6
2026-07-28 12:44:00,ccf-aiops-南京,cr-2,cr,ospf6_neighbor_state_code,"state=""Full"",interface=""ens4"",neighbor_id=""7.7.7.2""",6
2026-07-28 12:44:00,ccf-aiops-南京,cr-2,cr,ospf6_neighbor_state_code,"state=""Full"",interface=""ens5"",neighbor_id=""7.7.7.11""",6
2026-07-28 12:44:00,ccf-aiops-南京,cr-2,cr,bgp_command_success,,
2026-07-28 12:44:00,ccf-aiops-南京,cr-2,cr,bgp_peer_up,,
2026-07-28 12:44:00,ccf-aiops-南京,cr-2,cr,bgp_peer_uptime_seconds,,
2026-07-28 12:44:00,ccf-aiops-南京,cr-2,cr,bgp_peer_prefix_received,,
2026-07-28 12:44:00,ccf-aiops-南京,cr-2,cr,bgp_peer_prefix_sent,,
2026-07-28 12:44:00,ccf-aiops-南京,cr-2,cr,bgp_peer_count,,
2026-07-28 12:45:00,ccf-aiops-南京,br-1,br,bgp_command_success,"command=""bgp_summary""",1
2026-07-28 12:45:00,ccf-aiops-南京,br-1,br,bgp_peer_count,,2
2026-07-28 12:45:00,ccf-aiops-南京,br-1,br,bgp_peer_prefix_received,"peer=""fd00:100:10::51"",remote_as=""65006"",state=""Established""",7
2026-07-28 12:45:00,ccf-aiops-南京,br-1,br,bgp_peer_prefix_received,"peer=""fd00:100:10::41"",remote_as=""65005"",state=""Established""",7
2026-07-28 12:45:00,ccf-aiops-南京,br-1,br,bgp_peer_prefix_sent,"peer=""fd00:100:10::41"",remote_as=""65005"",state=""Established""",8
2026-07-28 12:45:00,ccf-aiops-南京,br-1,br,bgp_peer_prefix_sent,"peer=""fd00:100:10::51"",remote_as=""65006"",state=""Established""",8
2026-07-28 12:45:00,ccf-aiops-南京,br-1,br,bgp_peer_up,"peer=""fd00:100:10::41"",remote_as=""65005"",state=""Established""",1
2026-07-28 12:45:00,ccf-aiops-南京,br-1,br,bgp_peer_up,"peer=""fd00:100:10::51"",remote_as=""65006"",state=""Established""",1
2026-07-28 12:45:00,ccf-aiops-南京,br-1,br,bgp_peer_uptime_seconds,"peer=""fd00:100:10::41"",remote_as=""65005"",state=""Established""",2413250
2026-07-28 12:45:00,ccf-aiops-南京,br-1,br,bgp_peer_uptime_seconds,"peer=""fd00:100:10::51"",remote_as=""65006"",state=""Established""",2413250
2026-07-28 12:45:00,ccf-aiops-南京,br-1,br,ipv6_default_route_changed_total,,0
2026-07-28 12:45:00,ccf-aiops-南京,br-1,br,ipv6_default_route_info,"next_hop=""240a:a023::1"",dev=""ens4"",protocol=""unknown"",metric=""1024"",route_index=""0"",nh_index=""0""",1
2026-07-28 12:45:00,ccf-aiops-南京,br-1,br,ipv6_route_change_total,"prefix=""fd00:6:40::/64""",0
2026-07-28 12:45:00,ccf-aiops-南京,br-1,br,ipv6_route_change_total,"prefix=""::/0""",0
2026-07-28 12:45:00,ccf-aiops-南京,br-1,br,ipv6_route_change_total,"prefix=""fd00:1:40::/64""",0
2026-07-28 12:45:00,ccf-aiops-南京,br-1,br,ipv6_route_change_total,"prefix=""fd00:2:40::/64""",5
2026-07-28 12:45:00,ccf-aiops-南京,br-1,br,ipv6_route_change_total,"prefix=""fd00:3:40::/64""",0
2026-07-28 12:45:00,ccf-aiops-南京,br-1,br,ipv6_route_change_total,"prefix=""fd00:4:40::/64""",0
2026-07-28 12:45:00,ccf-aiops-南京,br-1,br,ipv6_route_change_total,"prefix=""fd00:5:40::/64""",0
2026-07-28 12:45:00,ccf-aiops-南京,br-1,br,ipv6_route_change_total,"prefix=""fd00:7:40::/64""",8
2026-07-28 12:45:00,ccf-aiops-南京,br-1,br,ipv6_route_change_total,"prefix=""fd00:8:40::/64""",0
2026-07-28 12:45:00,ccf-aiops-南京,br-1,br,ipv6_route_count,"protocol=""all""",17
2026-07-28 12:45:00,ccf-aiops-南京,br-1,br,ipv6_route_count,"protocol=""unknown""",1
2026-07-28 12:45:00,ccf-aiops-南京,br-1,br,ipv6_route_count,"protocol=""ospf""",2
2026-07-28 12:45:00,ccf-aiops-南京,br-1,br,ipv6_route_count,"protocol=""kernel""",7
2026-07-28 12:45:00,ccf-aiops-南京,br-1,br,ipv6_route_count,"protocol=""bgp""",7
2026-07-28 12:45:00,ccf-aiops-南京,br-1,br,ipv6_route_exists,"prefix=""fd00:3:40::/64""",1
2026-07-28 12:45:00,ccf-aiops-南京,br-1,br,ipv6_route_exists,"prefix=""fd00:2:40::/64""",1
2026-07-28 12:45:00,ccf-aiops-南京,br-1,br,ipv6_route_exists,"prefix=""fd00:1:40::/64""",1
2026-07-28 12:45:00,ccf-aiops-南京,br-1,br,ipv6_route_exists,"prefix=""fd00:5:40::/64""",1
2026-07-28 12:45:00,ccf-aiops-南京,br-1,br,ipv6_route_exists,"prefix=""fd00:6:40::/64""",1
2026-07-28 12:45:00,ccf-aiops-南京,br-1,br,ipv6_route_exists,"prefix=""fd00:7:40::/64""",1
2026-07-28 12:45:00,ccf-aiops-南京,br-1,br,ipv6_route_exists,"prefix=""fd00:8:40::/64""",1
2026-07-28 12:45:00,ccf-aiops-南京,br-1,br,ipv6_route_exists,"prefix=""fd00:4:40::/64""",1
2026-07-28 12:45:00,ccf-aiops-南京,br-1,br,ipv6_route_exists,"prefix=""::/0""",1
2026-07-28 12:45:00,ccf-aiops-南京,br-1,br,ipv6_route_nexthop_info,"prefix=""fd00:7:40::/64"",next_hop=""fe80::7:20:11"",dev=""ens5"",protocol=""ospf"",metric=""20"",route_index=""0"",nh_index=""1""",1
2026-07-28 12:45:00,ccf-aiops-南京,br-1,br,ipv6_route_nexthop_info,"prefix=""fd00:7:40::/64"",next_hop=""fe80::7:20:12"",dev=""ens5"",protocol=""ospf"",metric=""20"",route_index=""0"",nh_index=""0""",1
2026-07-28 12:45:00,ccf-aiops-南京,br-1,br,ipv6_route_nexthop_info,"prefix=""fd00:6:40::/64"",next_hop=""fe80::100:10:51"",dev=""ens4"",protocol=""bgp"",metric=""20"",route_index=""0"",nh_index=""0""",1
2026-07-28 12:45:00,ccf-aiops-南京,br-1,br,ipv6_route_nexthop_info,"prefix=""fd00:2:40::/64"",next_hop=""fe80::100:10:51"",dev=""ens4"",protocol=""bgp"",metric=""20"",route_index=""0"",nh_index=""0""",1
2026-07-28 12:45:00,ccf-aiops-南京,br-1,br,ipv6_route_nexthop_info,"prefix=""fd00:1:40::/64"",next_hop=""fe80::100:10:51"",dev=""ens4"",protocol=""bgp"",metric=""20"",route_index=""0"",nh_index=""0""",1
2026-07-28 12:45:00,ccf-aiops-南京,br-1,br,ipv6_route_nexthop_info,"prefix=""fd00:8:40::/64"",next_hop=""fe80::100:10:41"",dev=""ens4"",protocol=""bgp"",metric=""20"",route_index=""0"",nh_index=""0""",1
2026-07-28 12:45:00,ccf-aiops-南京,br-1,br,ipv6_route_nexthop_info,"prefix=""fd00:5:40::/64"",next_hop=""fe80::100:10:41"",dev=""ens4"",protocol=""bgp"",metric=""20"",route_index=""0"",nh_index=""0""",1
2026-07-28 12:45:00,ccf-aiops-南京,br-1,br,ipv6_route_nexthop_info,"prefix=""fd00:4:40::/64"",next_hop=""fe80::100:10:41"",dev=""ens4"",protocol=""bgp"",metric=""20"",route_index=""0"",nh_index=""0""",1
2026-07-28 12:45:00,ccf-aiops-南京,br-1,br,ipv6_route_nexthop_info,"prefix=""fd00:3:40::/64"",next_hop=""fe80::100:10:41"",dev=""ens4"",protocol=""bgp"",metric=""20"",route_index=""0"",nh_index=""0""",1
2026-07-28 12:45:00,ccf-aiops-南京,br-1,br,ipv6_route_nexthop_info,"prefix=""::/0"",next_hop=""240a:a023::1"",dev=""ens4"",protocol=""unknown"",metric=""1024"",route_index=""0"",nh_index=""0""",1
2026-07-28 12:45:00,ccf-aiops-南京,br-1,br,ospf6_interface_cost,"interface=""ens5""",1
2026-07-28 12:45:00,ccf-aiops-南京,br-1,br,ospf6_interface_enabled,"interface=""ens12""",1
2026-07-28 12:45:00,ccf-aiops-南京,br-1,br,ospf6_interface_enabled,"interface=""ens3""",1
2026-07-28 12:45:00,ccf-aiops-南京,br-1,br,ospf6_interface_enabled,"interface=""ens4""",1
2026-07-28 12:45:00,ccf-aiops-南京,br-1,br,ospf6_interface_enabled,"interface=""ens5""",1
2026-07-28 12:45:00,ccf-aiops-南京,br-1,br,ospf6_interface_enabled,"interface=""ens6""",1
2026-07-28 12:45:00,ccf-aiops-南京,br-1,br,ospf6_interface_enabled,"interface=""ens7""",1
2026-07-28 12:45:00,ccf-aiops-南京,br-1,br,ospf6_interface_enabled,"interface=""ens8""",1
2026-07-28 12:45:00,ccf-aiops-南京,br-1,br,ospf6_interface_enabled,"interface=""ens9""",1
2026-07-28 12:45:00,ccf-aiops-南京,br-1,br,ospf6_interface_enabled,"interface=""lo""",1
2026-07-28 12:45:00,ccf-aiops-南京,br-1,br,ospf6_interface_enabled,"interface=""virbr0""",0
2026-07-28 12:45:00,ccf-aiops-南京,br-1,br,ospf6_interface_enabled,"interface=""ens11""",1
2026-07-28 12:45:00,ccf-aiops-南京,br-1,br,ospf6_interface_enabled,"interface=""ens10""",1
2026-07-28 12:45:00,ccf-aiops-南京,br-1,br,ospf6_neighbor_state_code,"state=""Twoway"",interface=""ens5"",neighbor_id=""7.7.7.11""",2
2026-07-28 12:45:00,ccf-aiops-南京,br-1,br,ospf6_neighbor_state_code,"state=""Full"",interface=""ens5"",neighbor_id=""7.7.7.12""",6
2026-07-28 12:45:00,ccf-aiops-南京,br-1,br,ospf6_neighbor_state_code,"state=""Full"",interface=""ens5"",neighbor_id=""7.7.7.2""",6
2026-07-28 12:45:00,ccf-aiops-南京,br-2,br,bgp_command_success,"command=""bgp_summary""",1
2026-07-28 12:45:00,ccf-aiops-南京,br-2,br,bgp_peer_count,,2
2026-07-28 12:45:00,ccf-aiops-南京,br-2,br,bgp_peer_prefix_received,"peer=""fd00:100:10::52"",remote_as=""65006"",state=""Established""",7
2026-07-28 12:45:00,ccf-aiops-南京,br-2,br,bgp_peer_prefix_received,"peer=""fd00:100:10::42"",remote_as=""65005"",state=""Established""",7
2026-07-28 12:45:00,ccf-aiops-南京,br-2,br,bgp_peer_prefix_sent,"peer=""fd00:100:10::52"",remote_as=""65006"",state=""Established""",8
2026-07-28 12:45:00,ccf-aiops-南京,br-2,br,bgp_peer_prefix_sent,"peer=""fd00:100:10::42"",remote_as=""65005"",state=""Established""",8
2026-07-28 12:45:00,ccf-aiops-南京,br-2,br,bgp_peer_up,"peer=""fd00:100:10::52"",remote_as=""65006"",state=""Established""",1
2026-07-28 12:45:00,ccf-aiops-南京,br-2,br,bgp_peer_up,"peer=""fd00:100:10::42"",remote_as=""65005"",state=""Established""",1
2026-07-28 12:45:00,ccf-aiops-南京,br-2,br,bgp_peer_uptime_seconds,"peer=""fd00:100:10::42"",remote_as=""65005"",state=""Established""",2413233
2026-07-28 12:45:00,ccf-aiops-南京,br-2,br,bgp_peer_uptime_seconds,"peer=""fd00:100:10::52"",remote_as=""65006"",state=""Established""",2413233
2026-07-28 12:45:00,ccf-aiops-南京,br-2,br,ipv6_default_route_changed_total,,0
2026-07-28 12:45:00,ccf-aiops-南京,br-2,br,ipv6_default_route_info,"next_hop=""240a:a023::1"",dev=""ens4"",protocol=""unknown"",metric=""1024"",route_index=""0"",nh_index=""0""",1
2026-07-28 12:45:00,ccf-aiops-南京,br-2,br,ipv6_route_change_total,"prefix=""::/0""",0
2026-07-28 12:45:00,ccf-aiops-南京,br-2,br,ipv6_route_change_total,"prefix=""fd00:7:40::/64""",10
2026-07-28 12:45:00,ccf-aiops-南京,br-2,br,ipv6_route_change_total,"prefix=""fd00:3:40::/64""",0
2026-07-28 12:45:00,ccf-aiops-南京,br-2,br,ipv6_route_change_total,"prefix=""fd00:2:40::/64""",3
2026-07-28 12:45:00,ccf-aiops-南京,br-2,br,ipv6_route_change_total,"prefix=""fd00:1:40::/64""",0
2026-07-28 12:45:00,ccf-aiops-南京,br-2,br,ipv6_route_change_total,"prefix=""fd00:8:40::/64""",0
2026-07-28 12:45:00,ccf-aiops-南京,br-2,br,ipv6_route_change_total,"prefix=""fd00:6:40::/64""",0
2026-07-28 12:45:00,ccf-aiops-南京,br-2,br,ipv6_route_change_total,"prefix=""fd00:5:40::/64""",0
2026-07-28 12:45:00,ccf-aiops-南京,br-2,br,ipv6_route_change_total,"prefix=""fd00:4:40::/64""",0
2026-07-28 12:45:00,ccf-aiops-南京,br-2,br,ipv6_route_count,"protocol=""unknown""",1
2026-07-28 12:45:00,ccf-aiops-南京,br-2,br,ipv6_route_count,"protocol=""all""",17
2026-07-28 12:45:00,ccf-aiops-南京,br-2,br,ipv6_route_count,"protocol=""bgp""",7
2026-07-28 12:45:00,ccf-aiops-南京,br-2,br,ipv6_route_count,"protocol=""kernel""",7
2026-07-28 12:45:00,ccf-aiops-南京,br-2,br,ipv6_route_count,"protocol=""ospf""",2
2026-07-28 12:45:00,ccf-aiops-南京,br-2,br,ipv6_route_exists,"prefix=""fd00:1:40::/64""",1
2026-07-28 12:45:00,ccf-aiops-南京,br-2,br,ipv6_route_exists,"prefix=""::/0""",1
2026-07-28 12:45:00,ccf-aiops-南京,br-2,br,ipv6_route_exists,"prefix=""fd00:2:40::/64""",1
2026-07-28 12:45:00,ccf-aiops-南京,br-2,br,ipv6_route_exists,"prefix=""fd00:3:40::/64""",1
2026-07-28 12:45:00,ccf-aiops-南京,br-2,br,ipv6_route_exists,"prefix=""fd00:4:40::/64""",1
2026-07-28 12:45:00,ccf-aiops-南京,br-2,br,ipv6_route_exists,"prefix=""fd00:5:40::/64""",1
2026-07-28 12:45:00,ccf-aiops-南京,br-2,br,ipv6_route_exists,"prefix=""fd00:6:40::/64""",1
2026-07-28 12:45:00,ccf-aiops-南京,br-2,br,ipv6_route_exists,"prefix=""fd00:7:40::/64""",1
2026-07-28 12:45:00,ccf-aiops-南京,br-2,br,ipv6_route_exists,"prefix=""fd00:8:40::/64""",1
2026-07-28 12:45:00,ccf-aiops-南京,br-2,br,ipv6_route_nexthop_info,"prefix=""fd00:7:40::/64"",next_hop=""fe80::7:20:12"",dev=""ens5"",protocol=""ospf"",metric=""20"",route_index=""0"",nh_index=""0""",1
2026-07-28 12:45:00,ccf-aiops-南京,br-2,br,ipv6_route_nexthop_info,"prefix=""fd00:7:40::/64"",next_hop=""fe80::7:20:11"",dev=""ens5"",protocol=""ospf"",metric=""20"",route_index=""0"",nh_index=""1""",1
2026-07-28 12:45:00,ccf-aiops-南京,br-2,br,ipv6_route_nexthop_info,"prefix=""::/0"",next_hop=""240a:a023::1"",dev=""ens4"",protocol=""unknown"",metric=""1024"",route_index=""0"",nh_index=""0""",1
2026-07-28 12:45:00,ccf-aiops-南京,br-2,br,ipv6_route_nexthop_info,"prefix=""fd00:3:40::/64"",next_hop=""fe80::100:10:42"",dev=""ens4"",protocol=""bgp"",metric=""20"",route_index=""0"",nh_index=""0""",1
2026-07-28 12:45:00,ccf-aiops-南京,br-2,br,ipv6_route_nexthop_info,"prefix=""fd00:4:40::/64"",next_hop=""fe80::100:10:42"",dev=""ens4"",protocol=""bgp"",metric=""20"",route_index=""0"",nh_index=""0""",1
2026-07-28 12:45:00,ccf-aiops-南京,br-2,br,ipv6_route_nexthop_info,"prefix=""fd00:5:40::/64"",next_hop=""fe80::100:10:42"",dev=""ens4"",protocol=""bgp"",metric=""20"",route_index=""0"",nh_index=""0""",1
2026-07-28 12:45:00,ccf-aiops-南京,br-2,br,ipv6_route_nexthop_info,"prefix=""fd00:8:40::/64"",next_hop=""fe80::100:10:42"",dev=""ens4"",protocol=""bgp"",metric=""20"",route_index=""0"",nh_index=""0""",1
2026-07-28 12:45:00,ccf-aiops-南京,br-2,br,ipv6_route_nexthop_info,"prefix=""fd00:1:40::/64"",next_hop=""fe80::100:10:52"",dev=""ens4"",protocol=""bgp"",metric=""20"",route_index=""0"",nh_index=""0""",1
2026-07-28 12:45:00,ccf-aiops-南京,br-2,br,ipv6_route_nexthop_info,"prefix=""fd00:2:40::/64"",next_hop=""fe80::100:10:52"",dev=""ens4"",protocol=""bgp"",metric=""20"",route_index=""0"",nh_index=""0""",1
2026-07-28 12:45:00,ccf-aiops-南京,br-2,br,ipv6_route_nexthop_info,"prefix=""fd00:6:40::/64"",next_hop=""fe80::100:10:52"",dev=""ens4"",protocol=""bgp"",metric=""20"",route_index=""0"",nh_index=""0""",1
2026-07-28 12:45:00,ccf-aiops-南京,br-2,br,ospf6_interface_cost,"interface=""ens5""",1
2026-07-28 12:45:00,ccf-aiops-南京,br-2,br,ospf6_interface_enabled,"interface=""virbr0""",0
2026-07-28 12:45:00,ccf-aiops-南京,br-2,br,ospf6_interface_enabled,"interface=""ens11""",1
2026-07-28 12:45:00,ccf-aiops-南京,br-2,br,ospf6_interface_enabled,"interface=""ens10""",1
2026-07-28 12:45:00,ccf-aiops-南京,br-2,br,ospf6_interface_enabled,"interface=""ens12""",1
2026-07-28 12:45:00,ccf-aiops-南京,br-2,br,ospf6_interface_enabled,"interface=""ens3""",1
2026-07-28 12:45:00,ccf-aiops-南京,br-2,br,ospf6_interface_enabled,"interface=""ens4""",1
2026-07-28 12:45:00,ccf-aiops-南京,br-2,br,ospf6_interface_enabled,"interface=""ens5""",1
2026-07-28 12:45:00,ccf-aiops-南京,br-2,br,ospf6_interface_enabled,"interface=""ens6""",1
2026-07-28 12:45:00,ccf-aiops-南京,br-2,br,ospf6_interface_enabled,"interface=""ens7""",1
2026-07-28 12:45:00,ccf-aiops-南京,br-2,br,ospf6_interface_enabled,"interface=""ens8""",1
2026-07-28 12:45:00,ccf-aiops-南京,br-2,br,ospf6_interface_enabled,"interface=""ens9""",1
2026-07-28 12:45:00,ccf-aiops-南京,br-2,br,ospf6_interface_enabled,"interface=""lo""",1
2026-07-28 12:45:00,ccf-aiops-南京,br-2,br,ospf6_neighbor_state_code,"state=""Full"",interface=""ens5"",neighbor_id=""7.7.7.1""",6
2026-07-28 12:45:00,ccf-aiops-南京,br-2,br,ospf6_neighbor_state_code,"state=""Full"",interface=""ens5"",neighbor_id=""7.7.7.11""",6
2026-07-28 12:45:00,ccf-aiops-南京,br-2,br,ospf6_neighbor_state_code,"state=""Full"",interface=""ens5"",neighbor_id=""7.7.7.12""",6
2026-07-28 12:45:00,ccf-aiops-南京,cr-1,cr,ipv6_default_route_changed_total,,0
2026-07-28 12:45:00,ccf-aiops-南京,cr-1,cr,ipv6_default_route_info,"next_hop=""fd00:7:20::2"",dev=""ens4"",protocol=""196"",metric=""20"",route_index=""0"",nh_index=""1""",1
2026-07-28 12:45:00,ccf-aiops-南京,cr-1,cr,ipv6_default_route_info,"next_hop=""fd00:7:20::1"",dev=""ens4"",protocol=""196"",metric=""20"",route_index=""0"",nh_index=""0""",1
2026-07-28 12:45:00,ccf-aiops-南京,cr-1,cr,ipv6_route_change_total,"prefix=""fd00:8:40::/64""",5
2026-07-28 12:45:00,ccf-aiops-南京,cr-1,cr,ipv6_route_change_total,"prefix=""fd00:4:40::/64""",5
2026-07-28 12:45:00,ccf-aiops-南京,cr-1,cr,ipv6_route_change_total,"prefix=""fd00:5:40::/64""",5
2026-07-28 12:45:00,ccf-aiops-南京,cr-1,cr,ipv6_route_change_total,"prefix=""fd00:3:40::/64""",0
2026-07-28 12:45:00,ccf-aiops-南京,cr-1,cr,ipv6_route_change_total,"prefix=""fd00:2:40::/64""",0
2026-07-28 12:45:00,ccf-aiops-南京,cr-1,cr,ipv6_route_change_total,"prefix=""fd00:1:40::/64""",5
2026-07-28 12:45:00,ccf-aiops-南京,cr-1,cr,ipv6_route_change_total,"prefix=""::/0""",0
2026-07-28 12:45:00,ccf-aiops-南京,cr-1,cr,ipv6_route_change_total,"prefix=""fd00:6:40::/64""",5
2026-07-28 12:45:00,ccf-aiops-南京,cr-1,cr,ipv6_route_change_total,"prefix=""fd00:7:40::/64""",0
2026-07-28 12:45:00,ccf-aiops-南京,cr-1,cr,ipv6_route_count,"protocol=""kernel""",7
2026-07-28 12:45:00,ccf-aiops-南京,cr-1,cr,ipv6_route_count,"protocol=""all""",16
2026-07-28 12:45:00,ccf-aiops-南京,cr-1,cr,ipv6_route_count,"protocol=""196""",2
2026-07-28 12:45:00,ccf-aiops-南京,cr-1,cr,ipv6_route_count,"protocol=""ospf""",7
2026-07-28 12:45:00,ccf-aiops-南京,cr-1,cr,ipv6_route_exists,"prefix=""fd00:6:40::/64""",1
2026-07-28 12:45:00,ccf-aiops-南京,cr-1,cr,ipv6_route_exists,"prefix=""fd00:5:40::/64""",1
2026-07-28 12:45:00,ccf-aiops-南京,cr-1,cr,ipv6_route_exists,"prefix=""fd00:2:40::/64""",1
2026-07-28 12:45:00,ccf-aiops-南京,cr-1,cr,ipv6_route_exists,"prefix=""fd00:1:40::/64""",1
2026-07-28 12:45:00,ccf-aiops-南京,cr-1,cr,ipv6_route_exists,"prefix=""::/0""",1
2026-07-28 12:45:00,ccf-aiops-南京,cr-1,cr,ipv6_route_exists,"prefix=""fd00:3:40::/64""",1
2026-07-28 12:45:00,ccf-aiops-南京,cr-1,cr,ipv6_route_exists,"prefix=""fd00:4:40::/64""",1
2026-07-28 12:45:00,ccf-aiops-南京,cr-1,cr,ipv6_route_exists,"prefix=""fd00:8:40::/64""",1
2026-07-28 12:45:00,ccf-aiops-南京,cr-1,cr,ipv6_route_exists,"prefix=""fd00:7:40::/64""",1
2026-07-28 12:45:00,ccf-aiops-南京,cr-1,cr,ipv6_route_nexthop_info,"prefix=""fd00:4:40::/64"",next_hop=""fe80::7:20:1"",dev=""ens4"",protocol=""ospf"",metric=""20"",route_index=""0"",nh_index=""0""",1
2026-07-28 12:45:00,ccf-aiops-南京,cr-1,cr,ipv6_route_nexthop_info,"prefix=""fd00:7:40::/64"",next_hop=""fd00:7:30::254"",dev=""ens5"",protocol=""196"",metric=""20"",route_index=""0"",nh_index=""0""",1
2026-07-28 12:45:00,ccf-aiops-南京,cr-1,cr,ipv6_route_nexthop_info,"prefix=""::/0"",next_hop=""fd00:7:20::1"",dev=""ens4"",protocol=""196"",metric=""20"",route_index=""0"",nh_index=""0""",1
2026-07-28 12:45:00,ccf-aiops-南京,cr-1,cr,ipv6_route_nexthop_info,"prefix=""::/0"",next_hop=""fd00:7:20::2"",dev=""ens4"",protocol=""196"",metric=""20"",route_index=""0"",nh_index=""1""",1
2026-07-28 12:45:00,ccf-aiops-南京,cr-1,cr,ipv6_route_nexthop_info,"prefix=""fd00:1:40::/64"",next_hop=""fe80::7:20:1"",dev=""ens4"",protocol=""ospf"",metric=""20"",route_index=""0"",nh_index=""0""",1
2026-07-28 12:45:00,ccf-aiops-南京,cr-1,cr,ipv6_route_nexthop_info,"prefix=""fd00:2:40::/64"",next_hop=""fe80::7:20:1"",dev=""ens4"",protocol=""ospf"",metric=""20"",route_index=""0"",nh_index=""0""",1
2026-07-28 12:45:00,ccf-aiops-南京,cr-1,cr,ipv6_route_nexthop_info,"prefix=""fd00:3:40::/64"",next_hop=""fe80::7:20:1"",dev=""ens4"",protocol=""ospf"",metric=""20"",route_index=""0"",nh_index=""0""",1
2026-07-28 12:45:00,ccf-aiops-南京,cr-1,cr,ipv6_route_nexthop_info,"prefix=""fd00:8:40::/64"",next_hop=""fe80::7:20:2"",dev=""ens4"",protocol=""ospf"",metric=""20"",route_index=""0"",nh_index=""1""",1
2026-07-28 12:45:00,ccf-aiops-南京,cr-1,cr,ipv6_route_nexthop_info,"prefix=""fd00:6:40::/64"",next_hop=""fe80::7:20:2"",dev=""ens4"",protocol=""ospf"",metric=""20"",route_index=""0"",nh_index=""1""",1
2026-07-28 12:45:00,ccf-aiops-南京,cr-1,cr,ipv6_route_nexthop_info,"prefix=""fd00:5:40::/64"",next_hop=""fe80::7:20:2"",dev=""ens4"",protocol=""ospf"",metric=""20"",route_index=""0"",nh_index=""1""",1
2026-07-28 12:45:00,ccf-aiops-南京,cr-1,cr,ipv6_route_nexthop_info,"prefix=""fd00:4:40::/64"",next_hop=""fe80::7:20:2"",dev=""ens4"",protocol=""ospf"",metric=""20"",route_index=""0"",nh_index=""1""",1
2026-07-28 12:45:00,ccf-aiops-南京,cr-1,cr,ipv6_route_nexthop_info,"prefix=""fd00:3:40::/64"",next_hop=""fe80::7:20:2"",dev=""ens4"",protocol=""ospf"",metric=""20"",route_index=""0"",nh_index=""1""",1
2026-07-28 12:45:00,ccf-aiops-南京,cr-1,cr,ipv6_route_nexthop_info,"prefix=""fd00:2:40::/64"",next_hop=""fe80::7:20:2"",dev=""ens4"",protocol=""ospf"",metric=""20"",route_index=""0"",nh_index=""1""",1
2026-07-28 12:45:00,ccf-aiops-南京,cr-1,cr,ipv6_route_nexthop_info,"prefix=""fd00:1:40::/64"",next_hop=""fe80::7:20:2"",dev=""ens4"",protocol=""ospf"",metric=""20"",route_index=""0"",nh_index=""1""",1
2026-07-28 12:45:00,ccf-aiops-南京,cr-1,cr,ipv6_route_nexthop_info,"prefix=""fd00:8:40::/64"",next_hop=""fe80::7:20:1"",dev=""ens4"",protocol=""ospf"",metric=""20"",route_index=""0"",nh_index=""0""",1
2026-07-28 12:45:00,ccf-aiops-南京,cr-1,cr,ipv6_route_nexthop_info,"prefix=""fd00:6:40::/64"",next_hop=""fe80::7:20:1"",dev=""ens4"",protocol=""ospf"",metric=""20"",route_index=""0"",nh_index=""0""",1
2026-07-28 12:45:00,ccf-aiops-南京,cr-1,cr,ipv6_route_nexthop_info,"prefix=""fd00:5:40::/64"",next_hop=""fe80::7:20:1"",dev=""ens4"",protocol=""ospf"",metric=""20"",route_index=""0"",nh_index=""0""",1
2026-07-28 12:45:00,ccf-aiops-南京,cr-1,cr,ospf6_interface_cost,"interface=""ens5""",1
2026-07-28 12:45:00,ccf-aiops-南京,cr-1,cr,ospf6_interface_cost,"interface=""ens4""",1
2026-07-28 12:45:00,ccf-aiops-南京,cr-1,cr,ospf6_interface_enabled,"interface=""vxlan100""",1
2026-07-28 12:45:00,ccf-aiops-南京,cr-1,cr,ospf6_interface_enabled,"interface=""virbr0""",0
2026-07-28 12:45:00,ccf-aiops-南京,cr-1,cr,ospf6_interface_enabled,"interface=""ens12""",1
2026-07-28 12:45:00,ccf-aiops-南京,cr-1,cr,ospf6_interface_enabled,"interface=""lo""",1
2026-07-28 12:45:00,ccf-aiops-南京,cr-1,cr,ospf6_interface_enabled,"interface=""ens9""",1
2026-07-28 12:45:00,ccf-aiops-南京,cr-1,cr,ospf6_interface_enabled,"interface=""ens8""",1
2026-07-28 12:45:00,ccf-aiops-南京,cr-1,cr,ospf6_interface_enabled,"interface=""ens7""",1
2026-07-28 12:45:00,ccf-aiops-南京,cr-1,cr,ospf6_interface_enabled,"interface=""ens6""",1
2026-07-28 12:45:00,ccf-aiops-南京,cr-1,cr,ospf6_interface_enabled,"interface=""ens5""",1
2026-07-28 12:45:00,ccf-aiops-南京,cr-1,cr,ospf6_interface_enabled,"interface=""ens4""",1
2026-07-28 12:45:00,ccf-aiops-南京,cr-1,cr,ospf6_interface_enabled,"interface=""ens10""",1
2026-07-28 12:45:00,ccf-aiops-南京,cr-1,cr,ospf6_interface_enabled,"interface=""ens11""",1
2026-07-28 12:45:00,ccf-aiops-南京,cr-1,cr,ospf6_interface_enabled,"interface=""ens3""",1
2026-07-28 12:45:00,ccf-aiops-南京,cr-1,cr,ospf6_neighbor_state_code,"state=""Twoway"",interface=""ens4"",neighbor_id=""7.7.7.1""",2
2026-07-28 12:45:00,ccf-aiops-南京,cr-1,cr,ospf6_neighbor_state_code,"state=""Full"",interface=""ens4"",neighbor_id=""7.7.7.12""",6
2026-07-28 12:45:00,ccf-aiops-南京,cr-1,cr,ospf6_neighbor_state_code,"state=""Full"",interface=""ens5"",neighbor_id=""7.7.7.12""",6
2026-07-28 12:45:00,ccf-aiops-南京,cr-1,cr,ospf6_neighbor_state_code,"state=""Full"",interface=""ens4"",neighbor_id=""7.7.7.2""",6
2026-07-28 12:45:00,ccf-aiops-南京,cr-1,cr,bgp_command_success,,
2026-07-28 12:45:00,ccf-aiops-南京,cr-1,cr,bgp_peer_up,,
2026-07-28 12:45:00,ccf-aiops-南京,cr-1,cr,bgp_peer_uptime_seconds,,
2026-07-28 12:45:00,ccf-aiops-南京,cr-1,cr,bgp_peer_prefix_received,,
2026-07-28 12:45:00,ccf-aiops-南京,cr-1,cr,bgp_peer_prefix_sent,,
2026-07-28 12:45:00,ccf-aiops-南京,cr-1,cr,bgp_peer_count,,
2026-07-28 12:45:00,ccf-aiops-南京,cr-2,cr,ipv6_default_route_changed_total,,0
2026-07-28 12:45:00,ccf-aiops-南京,cr-2,cr,ipv6_default_route_info,"next_hop=""fd00:7:20::2"",dev=""ens4"",protocol=""196"",metric=""20"",route_index=""0"",nh_index=""1""",1
2026-07-28 12:45:00,ccf-aiops-南京,cr-2,cr,ipv6_default_route_info,"next_hop=""fd00:7:20::1"",dev=""ens4"",protocol=""196"",metric=""20"",route_index=""0"",nh_index=""0""",1
2026-07-28 12:45:00,ccf-aiops-南京,cr-2,cr,ipv6_route_change_total,"prefix=""fd00:6:40::/64""",3
2026-07-28 12:45:00,ccf-aiops-南京,cr-2,cr,ipv6_route_change_total,"prefix=""fd00:8:40::/64""",3
2026-07-28 12:45:00,ccf-aiops-南京,cr-2,cr,ipv6_route_change_total,"prefix=""fd00:7:40::/64""",0
2026-07-28 12:45:00,ccf-aiops-南京,cr-2,cr,ipv6_route_change_total,"prefix=""::/0""",0
2026-07-28 12:45:00,ccf-aiops-南京,cr-2,cr,ipv6_route_change_total,"prefix=""fd00:1:40::/64""",3
2026-07-28 12:45:00,ccf-aiops-南京,cr-2,cr,ipv6_route_change_total,"prefix=""fd00:2:40::/64""",3
2026-07-28 12:45:00,ccf-aiops-南京,cr-2,cr,ipv6_route_change_total,"prefix=""fd00:3:40::/64""",3
2026-07-28 12:45:00,ccf-aiops-南京,cr-2,cr,ipv6_route_change_total,"prefix=""fd00:4:40::/64""",3
2026-07-28 12:45:00,ccf-aiops-南京,cr-2,cr,ipv6_route_change_total,"prefix=""fd00:5:40::/64""",3
2026-07-28 12:45:00,ccf-aiops-南京,cr-2,cr,ipv6_route_count,"protocol=""kernel""",6
2026-07-28 12:45:00,ccf-aiops-南京,cr-2,cr,ipv6_route_count,"protocol=""ospf""",7
2026-07-28 12:45:00,ccf-aiops-南京,cr-2,cr,ipv6_route_count,"protocol=""all""",15
2026-07-28 12:45:00,ccf-aiops-南京,cr-2,cr,ipv6_route_count,"protocol=""196""",2
2026-07-28 12:45:00,ccf-aiops-南京,cr-2,cr,ipv6_route_exists,"prefix=""fd00:6:40::/64""",1
2026-07-28 12:45:00,ccf-aiops-南京,cr-2,cr,ipv6_route_exists,"prefix=""fd00:5:40::/64""",1
2026-07-28 12:45:00,ccf-aiops-南京,cr-2,cr,ipv6_route_exists,"prefix=""fd00:4:40::/64""",1
2026-07-28 12:45:00,ccf-aiops-南京,cr-2,cr,ipv6_route_exists,"prefix=""fd00:3:40::/64""",1
2026-07-28 12:45:00,ccf-aiops-南京,cr-2,cr,ipv6_route_exists,"prefix=""fd00:2:40::/64""",1
2026-07-28 12:45:00,ccf-aiops-南京,cr-2,cr,ipv6_route_exists,"prefix=""fd00:1:40::/64""",1
2026-07-28 12:45:00,ccf-aiops-南京,cr-2,cr,ipv6_route_exists,"prefix=""::/0""",1
2026-07-28 12:45:00,ccf-aiops-南京,cr-2,cr,ipv6_route_exists,"prefix=""fd00:7:40::/64""",1
2026-07-28 12:45:00,ccf-aiops-南京,cr-2,cr,ipv6_route_exists,"prefix=""fd00:8:40::/64""",1
2026-07-28 12:45:00,ccf-aiops-南京,cr-2,cr,ipv6_route_nexthop_info,"prefix=""fd00:5:40::/64"",next_hop=""fe80::7:20:2"",dev=""ens4"",protocol=""ospf"",metric=""20"",route_index=""0"",nh_index=""0""",1
2026-07-28 12:45:00,ccf-aiops-南京,cr-2,cr,ipv6_route_nexthop_info,"prefix=""fd00:8:40::/64"",next_hop=""fe80::7:20:2"",dev=""ens4"",protocol=""ospf"",metric=""20"",route_index=""0"",nh_index=""0""",1
2026-07-28 12:45:00,ccf-aiops-南京,cr-2,cr,ipv6_route_nexthop_info,"prefix=""fd00:8:40::/64"",next_hop=""fe80::7:20:1"",dev=""ens4"",protocol=""ospf"",metric=""20"",route_index=""0"",nh_index=""1""",1
2026-07-28 12:45:00,ccf-aiops-南京,cr-2,cr,ipv6_route_nexthop_info,"prefix=""fd00:7:40::/64"",next_hop=""fd00:7:30::254"",dev=""ens5"",protocol=""196"",metric=""20"",route_index=""0"",nh_index=""0""",1
2026-07-28 12:45:00,ccf-aiops-南京,cr-2,cr,ipv6_route_nexthop_info,"prefix=""fd00:6:40::/64"",next_hop=""fe80::7:20:2"",dev=""ens4"",protocol=""ospf"",metric=""20"",route_index=""0"",nh_index=""0""",1
2026-07-28 12:45:00,ccf-aiops-南京,cr-2,cr,ipv6_route_nexthop_info,"prefix=""fd00:4:40::/64"",next_hop=""fe80::7:20:2"",dev=""ens4"",protocol=""ospf"",metric=""20"",route_index=""0"",nh_index=""0""",1
2026-07-28 12:45:00,ccf-aiops-南京,cr-2,cr,ipv6_route_nexthop_info,"prefix=""fd00:3:40::/64"",next_hop=""fe80::7:20:2"",dev=""ens4"",protocol=""ospf"",metric=""20"",route_index=""0"",nh_index=""0""",1
2026-07-28 12:45:00,ccf-aiops-南京,cr-2,cr,ipv6_route_nexthop_info,"prefix=""fd00:2:40::/64"",next_hop=""fe80::7:20:2"",dev=""ens4"",protocol=""ospf"",metric=""20"",route_index=""0"",nh_index=""0""",1
2026-07-28 12:45:00,ccf-aiops-南京,cr-2,cr,ipv6_route_nexthop_info,"prefix=""fd00:1:40::/64"",next_hop=""fe80::7:20:2"",dev=""ens4"",protocol=""ospf"",metric=""20"",route_index=""0"",nh_index=""0""",1
2026-07-28 12:45:00,ccf-aiops-南京,cr-2,cr,ipv6_route_nexthop_info,"prefix=""::/0"",next_hop=""fd00:7:20::1"",dev=""ens4"",protocol=""196"",metric=""20"",route_index=""0"",nh_index=""0""",1
2026-07-28 12:45:00,ccf-aiops-南京,cr-2,cr,ipv6_route_nexthop_info,"prefix=""::/0"",next_hop=""fd00:7:20::2"",dev=""ens4"",protocol=""196"",metric=""20"",route_index=""0"",nh_index=""1""",1
2026-07-28 12:45:00,ccf-aiops-南京,cr-2,cr,ipv6_route_nexthop_info,"prefix=""fd00:1:40::/64"",next_hop=""fe80::7:20:1"",dev=""ens4"",protocol=""ospf"",metric=""20"",route_index=""0"",nh_index=""1""",1
2026-07-28 12:45:00,ccf-aiops-南京,cr-2,cr,ipv6_route_nexthop_info,"prefix=""fd00:2:40::/64"",next_hop=""fe80::7:20:1"",dev=""ens4"",protocol=""ospf"",metric=""20"",route_index=""0"",nh_index=""1""",1
2026-07-28 12:45:00,ccf-aiops-南京,cr-2,cr,ipv6_route_nexthop_info,"prefix=""fd00:3:40::/64"",next_hop=""fe80::7:20:1"",dev=""ens4"",protocol=""ospf"",metric=""20"",route_index=""0"",nh_index=""1""",1
2026-07-28 12:45:00,ccf-aiops-南京,cr-2,cr,ipv6_route_nexthop_info,"prefix=""fd00:4:40::/64"",next_hop=""fe80::7:20:1"",dev=""ens4"",protocol=""ospf"",metric=""20"",route_index=""0"",nh_index=""1""",1
2026-07-28 12:45:00,ccf-aiops-南京,cr-2,cr,ipv6_route_nexthop_info,"prefix=""fd00:5:40::/64"",next_hop=""fe80::7:20:1"",dev=""ens4"",protocol=""ospf"",metric=""20"",route_index=""0"",nh_index=""1""",1
2026-07-28 12:45:00,ccf-aiops-南京,cr-2,cr,ipv6_route_nexthop_info,"prefix=""fd00:6:40::/64"",next_hop=""fe80::7:20:1"",dev=""ens4"",protocol=""ospf"",metric=""20"",route_index=""0"",nh_index=""1""",1
2026-07-28 12:45:00,ccf-aiops-南京,cr-2,cr,ospf6_interface_cost,"interface=""ens5""",1
2026-07-28 12:45:00,ccf-aiops-南京,cr-2,cr,ospf6_interface_cost,"interface=""ens4""",1
2026-07-28 12:45:00,ccf-aiops-南京,cr-2,cr,ospf6_interface_enabled,"interface=""ens3""",1
2026-07-28 12:45:00,ccf-aiops-南京,cr-2,cr,ospf6_interface_enabled,"interface=""virbr0""",0
2026-07-28 12:45:00,ccf-aiops-南京,cr-2,cr,ospf6_interface_enabled,"interface=""lo""",1
2026-07-28 12:45:00,ccf-aiops-南京,cr-2,cr,ospf6_interface_enabled,"interface=""ens9""",1
2026-07-28 12:45:00,ccf-aiops-南京,cr-2,cr,ospf6_interface_enabled,"interface=""ens8""",1
2026-07-28 12:45:00,ccf-aiops-南京,cr-2,cr,ospf6_interface_enabled,"interface=""ens7""",1
2026-07-28 12:45:00,ccf-aiops-南京,cr-2,cr,ospf6_interface_enabled,"interface=""ens6""",1
2026-07-28 12:45:00,ccf-aiops-南京,cr-2,cr,ospf6_interface_enabled,"interface=""ens5""",1
2026-07-28 12:45:00,ccf-aiops-南京,cr-2,cr,ospf6_interface_enabled,"interface=""ens4""",1
2026-07-28 12:45:00,ccf-aiops-南京,cr-2,cr,ospf6_interface_enabled,"interface=""ens12""",1
2026-07-28 12:45:00,ccf-aiops-南京,cr-2,cr,ospf6_interface_enabled,"interface=""ens11""",1
2026-07-28 12:45:00,ccf-aiops-南京,cr-2,cr,ospf6_interface_enabled,"interface=""ens10""",1
2026-07-28 12:45:00,ccf-aiops-南京,cr-2,cr,ospf6_neighbor_state_code,"state=""Full"",interface=""ens5"",neighbor_id=""7.7.7.11""",6
2026-07-28 12:45:00,ccf-aiops-南京,cr-2,cr,ospf6_neighbor_state_code,"state=""Full"",interface=""ens4"",neighbor_id=""7.7.7.2""",6
2026-07-28 12:45:00,ccf-aiops-南京,cr-2,cr,ospf6_neighbor_state_code,"state=""Full"",interface=""ens4"",neighbor_id=""7.7.7.1""",6
2026-07-28 12:45:00,ccf-aiops-南京,cr-2,cr,ospf6_neighbor_state_code,"state=""Full"",interface=""ens4"",neighbor_id=""7.7.7.11""",6
2026-07-28 12:45:00,ccf-aiops-南京,cr-2,cr,bgp_command_success,,
2026-07-28 12:45:00,ccf-aiops-南京,cr-2,cr,bgp_peer_up,,
2026-07-28 12:45:00,ccf-aiops-南京,cr-2,cr,bgp_peer_uptime_seconds,,
2026-07-28 12:45:00,ccf-aiops-南京,cr-2,cr,bgp_peer_prefix_received,,
2026-07-28 12:45:00,ccf-aiops-南京,cr-2,cr,bgp_peer_prefix_sent,,
2026-07-28 12:45:00,ccf-aiops-南京,cr-2,cr,bgp_peer_count,,
2026-07-28 12:46:00,ccf-aiops-南京,br-1,br,bgp_command_success,"command=""bgp_summary""",1
2026-07-28 12:46:00,ccf-aiops-南京,br-1,br,bgp_peer_count,,2
2026-07-28 12:46:00,ccf-aiops-南京,br-1,br,bgp_peer_prefix_received,"peer=""fd00:100:10::41"",remote_as=""65005"",state=""Established""",7
2026-07-28 12:46:00,ccf-aiops-南京,br-1,br,bgp_peer_prefix_received,"peer=""fd00:100:10::51"",remote_as=""65006"",state=""Established""",7
2026-07-28 12:46:00,ccf-aiops-南京,br-1,br,bgp_peer_prefix_sent,"peer=""fd00:100:10::51"",remote_as=""65006"",state=""Established""",8
2026-07-28 12:46:00,ccf-aiops-南京,br-1,br,bgp_peer_prefix_sent,"peer=""fd00:100:10::41"",remote_as=""65005"",state=""Established""",8
2026-07-28 12:46:00,ccf-aiops-南京,br-1,br,bgp_peer_up,"peer=""fd00:100:10::41"",remote_as=""65005"",state=""Established""",1
2026-07-28 12:46:00,ccf-aiops-南京,br-1,br,bgp_peer_up,"peer=""fd00:100:10::51"",remote_as=""65006"",state=""Established""",1
2026-07-28 12:46:00,ccf-aiops-南京,br-1,br,bgp_peer_uptime_seconds,"peer=""fd00:100:10::41"",remote_as=""65005"",state=""Established""",2413311
2026-07-28 12:46:00,ccf-aiops-南京,br-1,br,bgp_peer_uptime_seconds,"peer=""fd00:100:10::51"",remote_as=""65006"",state=""Established""",2413311
2026-07-28 12:46:00,ccf-aiops-南京,br-1,br,ipv6_default_route_changed_total,,0
2026-07-28 12:46:00,ccf-aiops-南京,br-1,br,ipv6_default_route_info,"next_hop=""240a:a023::1"",dev=""ens4"",protocol=""unknown"",metric=""1024"",route_index=""0"",nh_index=""0""",1
2026-07-28 12:46:00,ccf-aiops-南京,br-1,br,ipv6_route_change_total,"prefix=""fd00:6:40::/64""",0
2026-07-28 12:46:00,ccf-aiops-南京,br-1,br,ipv6_route_change_total,"prefix=""fd00:5:40::/64""",0
2026-07-28 12:46:00,ccf-aiops-南京,br-1,br,ipv6_route_change_total,"prefix=""fd00:7:40::/64""",8
2026-07-28 12:46:00,ccf-aiops-南京,br-1,br,ipv6_route_change_total,"prefix=""::/0""",0
2026-07-28 12:46:00,ccf-aiops-南京,br-1,br,ipv6_route_change_total,"prefix=""fd00:4:40::/64""",0
2026-07-28 12:46:00,ccf-aiops-南京,br-1,br,ipv6_route_change_total,"prefix=""fd00:3:40::/64""",0
2026-07-28 12:46:00,ccf-aiops-南京,br-1,br,ipv6_route_change_total,"prefix=""fd00:2:40::/64""",5
2026-07-28 12:46:00,ccf-aiops-南京,br-1,br,ipv6_route_change_total,"prefix=""fd00:1:40::/64""",0
2026-07-28 12:46:00,ccf-aiops-南京,br-1,br,ipv6_route_change_total,"prefix=""fd00:8:40::/64""",0
2026-07-28 12:46:00,ccf-aiops-南京,br-1,br,ipv6_route_count,"protocol=""all""",17
2026-07-28 12:46:00,ccf-aiops-南京,br-1,br,ipv6_route_count,"protocol=""bgp""",7
2026-07-28 12:46:00,ccf-aiops-南京,br-1,br,ipv6_route_count,"protocol=""kernel""",7
2026-07-28 12:46:00,ccf-aiops-南京,br-1,br,ipv6_route_count,"protocol=""ospf""",2
2026-07-28 12:46:00,ccf-aiops-南京,br-1,br,ipv6_route_count,"protocol=""unknown""",1
2026-07-28 12:46:00,ccf-aiops-南京,br-1,br,ipv6_route_exists,"prefix=""fd00:4:40::/64""",1
2026-07-28 12:46:00,ccf-aiops-南京,br-1,br,ipv6_route_exists,"prefix=""fd00:8:40::/64""",1
2026-07-28 12:46:00,ccf-aiops-南京,br-1,br,ipv6_route_exists,"prefix=""fd00:7:40::/64""",1
2026-07-28 12:46:00,ccf-aiops-南京,br-1,br,ipv6_route_exists,"prefix=""fd00:6:40::/64""",1
2026-07-28 12:46:00,ccf-aiops-南京,br-1,br,ipv6_route_exists,"prefix=""fd00:5:40::/64""",1
2026-07-28 12:46:00,ccf-aiops-南京,br-1,br,ipv6_route_exists,"prefix=""fd00:3:40::/64""",1
2026-07-28 12:46:00,ccf-aiops-南京,br-1,br,ipv6_route_exists,"prefix=""fd00:2:40::/64""",1
2026-07-28 12:46:00,ccf-aiops-南京,br-1,br,ipv6_route_exists,"prefix=""fd00:1:40::/64""",1
2026-07-28 12:46:00,ccf-aiops-南京,br-1,br,ipv6_route_exists,"prefix=""::/0""",1
2026-07-28 12:46:00,ccf-aiops-南京,br-1,br,ipv6_route_nexthop_info,"prefix=""fd00:2:40::/64"",next_hop=""fe80::100:10:51"",dev=""ens4"",protocol=""bgp"",metric=""20"",route_index=""0"",nh_index=""0""",1
2026-07-28 12:46:00,ccf-aiops-南京,br-1,br,ipv6_route_nexthop_info,"prefix=""::/0"",next_hop=""240a:a023::1"",dev=""ens4"",protocol=""unknown"",metric=""1024"",route_index=""0"",nh_index=""0""",1
2026-07-28 12:46:00,ccf-aiops-南京,br-1,br,ipv6_route_nexthop_info,"prefix=""fd00:3:40::/64"",next_hop=""fe80::100:10:41"",dev=""ens4"",protocol=""bgp"",metric=""20"",route_index=""0"",nh_index=""0""",1
2026-07-28 12:46:00,ccf-aiops-南京,br-1,br,ipv6_route_nexthop_info,"prefix=""fd00:4:40::/64"",next_hop=""fe80::100:10:41"",dev=""ens4"",protocol=""bgp"",metric=""20"",route_index=""0"",nh_index=""0""",1
2026-07-28 12:46:00,ccf-aiops-南京,br-1,br,ipv6_route_nexthop_info,"prefix=""fd00:5:40::/64"",next_hop=""fe80::100:10:41"",dev=""ens4"",protocol=""bgp"",metric=""20"",route_index=""0"",nh_index=""0""",1
2026-07-28 12:46:00,ccf-aiops-南京,br-1,br,ipv6_route_nexthop_info,"prefix=""fd00:8:40::/64"",next_hop=""fe80::100:10:41"",dev=""ens4"",protocol=""bgp"",metric=""20"",route_index=""0"",nh_index=""0""",1
2026-07-28 12:46:00,ccf-aiops-南京,br-1,br,ipv6_route_nexthop_info,"prefix=""fd00:1:40::/64"",next_hop=""fe80::100:10:51"",dev=""ens4"",protocol=""bgp"",metric=""20"",route_index=""0"",nh_index=""0""",1
2026-07-28 12:46:00,ccf-aiops-南京,br-1,br,ipv6_route_nexthop_info,"prefix=""fd00:6:40::/64"",next_hop=""fe80::100:10:51"",dev=""ens4"",protocol=""bgp"",metric=""20"",route_index=""0"",nh_index=""0""",1
2026-07-28 12:46:00,ccf-aiops-南京,br-1,br,ipv6_route_nexthop_info,"prefix=""fd00:7:40::/64"",next_hop=""fe80::7:20:11"",dev=""ens5"",protocol=""ospf"",metric=""20"",route_index=""0"",nh_index=""1""",1
2026-07-28 12:46:00,ccf-aiops-南京,br-1,br,ipv6_route_nexthop_info,"prefix=""fd00:7:40::/64"",next_hop=""fe80::7:20:12"",dev=""ens5"",protocol=""ospf"",metric=""20"",route_index=""0"",nh_index=""0""",1
2026-07-28 12:46:00,ccf-aiops-南京,br-1,br,ospf6_interface_cost,"interface=""ens5""",1
2026-07-28 12:46:00,ccf-aiops-南京,br-1,br,ospf6_interface_enabled,"interface=""ens5""",1
2026-07-28 12:46:00,ccf-aiops-南京,br-1,br,ospf6_interface_enabled,"interface=""ens6""",1
2026-07-28 12:46:00,ccf-aiops-南京,br-1,br,ospf6_interface_enabled,"interface=""ens4""",1
2026-07-28 12:46:00,ccf-aiops-南京,br-1,br,ospf6_interface_enabled,"interface=""ens7""",1
2026-07-28 12:46:00,ccf-aiops-南京,br-1,br,ospf6_interface_enabled,"interface=""ens3""",1
2026-07-28 12:46:00,ccf-aiops-南京,br-1,br,ospf6_interface_enabled,"interface=""ens12""",1
2026-07-28 12:46:00,ccf-aiops-南京,br-1,br,ospf6_interface_enabled,"interface=""ens11""",1
2026-07-28 12:46:00,ccf-aiops-南京,br-1,br,ospf6_interface_enabled,"interface=""ens10""",1
2026-07-28 12:46:00,ccf-aiops-南京,br-1,br,ospf6_interface_enabled,"interface=""ens8""",1
2026-07-28 12:46:00,ccf-aiops-南京,br-1,br,ospf6_interface_enabled,"interface=""ens9""",1
2026-07-28 12:46:00,ccf-aiops-南京,br-1,br,ospf6_interface_enabled,"interface=""lo""",1
2026-07-28 12:46:00,ccf-aiops-南京,br-1,br,ospf6_interface_enabled,"interface=""virbr0""",0
2026-07-28 12:46:00,ccf-aiops-南京,br-1,br,ospf6_neighbor_state_code,"state=""Full"",interface=""ens5"",neighbor_id=""7.7.7.2""",6
2026-07-28 12:46:00,ccf-aiops-南京,br-1,br,ospf6_neighbor_state_code,"state=""Full"",interface=""ens5"",neighbor_id=""7.7.7.12""",6
2026-07-28 12:46:00,ccf-aiops-南京,br-1,br,ospf6_neighbor_state_code,"state=""Twoway"",interface=""ens5"",neighbor_id=""7.7.7.11""",2
2026-07-28 12:46:00,ccf-aiops-南京,br-2,br,bgp_command_success,"command=""bgp_summary""",1
2026-07-28 12:46:00,ccf-aiops-南京,br-2,br,bgp_peer_count,,2
2026-07-28 12:46:00,ccf-aiops-南京,br-2,br,bgp_peer_prefix_received,"peer=""fd00:100:10::52"",remote_as=""65006"",state=""Established""",7
2026-07-28 12:46:00,ccf-aiops-南京,br-2,br,bgp_peer_prefix_received,"peer=""fd00:100:10::42"",remote_as=""65005"",state=""Established""",7
2026-07-28 12:46:00,ccf-aiops-南京,br-2,br,bgp_peer_prefix_sent,"peer=""fd00:100:10::42"",remote_as=""65005"",state=""Established""",8
2026-07-28 12:46:00,ccf-aiops-南京,br-2,br,bgp_peer_prefix_sent,"peer=""fd00:100:10::52"",remote_as=""65006"",state=""Established""",8
2026-07-28 12:46:00,ccf-aiops-南京,br-2,br,bgp_peer_up,"peer=""fd00:100:10::52"",remote_as=""65006"",state=""Established""",1
2026-07-28 12:46:00,ccf-aiops-南京,br-2,br,bgp_peer_up,"peer=""fd00:100:10::42"",remote_as=""65005"",state=""Established""",1
2026-07-28 12:46:00,ccf-aiops-南京,br-2,br,bgp_peer_uptime_seconds,"peer=""fd00:100:10::52"",remote_as=""65006"",state=""Established""",2413294
2026-07-28 12:46:00,ccf-aiops-南京,br-2,br,bgp_peer_uptime_seconds,"peer=""fd00:100:10::42"",remote_as=""65005"",state=""Established""",2413294
2026-07-28 12:46:00,ccf-aiops-南京,br-2,br,ipv6_default_route_changed_total,,0
2026-07-28 12:46:00,ccf-aiops-南京,br-2,br,ipv6_default_route_info,"next_hop=""240a:a023::1"",dev=""ens4"",protocol=""unknown"",metric=""1024"",route_index=""0"",nh_index=""0""",1
2026-07-28 12:46:00,ccf-aiops-南京,br-2,br,ipv6_route_change_total,"prefix=""::/0""",0
2026-07-28 12:46:00,ccf-aiops-南京,br-2,br,ipv6_route_change_total,"prefix=""fd00:8:40::/64""",0
2026-07-28 12:46:00,ccf-aiops-南京,br-2,br,ipv6_route_change_total,"prefix=""fd00:7:40::/64""",10
2026-07-28 12:46:00,ccf-aiops-南京,br-2,br,ipv6_route_change_total,"prefix=""fd00:6:40::/64""",0
2026-07-28 12:46:00,ccf-aiops-南京,br-2,br,ipv6_route_change_total,"prefix=""fd00:5:40::/64""",0
2026-07-28 12:46:00,ccf-aiops-南京,br-2,br,ipv6_route_change_total,"prefix=""fd00:4:40::/64""",0
2026-07-28 12:46:00,ccf-aiops-南京,br-2,br,ipv6_route_change_total,"prefix=""fd00:3:40::/64""",0
2026-07-28 12:46:00,ccf-aiops-南京,br-2,br,ipv6_route_change_total,"prefix=""fd00:2:40::/64""",3
2026-07-28 12:46:00,ccf-aiops-南京,br-2,br,ipv6_route_change_total,"prefix=""fd00:1:40::/64""",0
2026-07-28 12:46:00,ccf-aiops-南京,br-2,br,ipv6_route_count,"protocol=""unknown""",1
2026-07-28 12:46:00,ccf-aiops-南京,br-2,br,ipv6_route_count,"protocol=""ospf""",2
2026-07-28 12:46:00,ccf-aiops-南京,br-2,br,ipv6_route_count,"protocol=""kernel""",7
2026-07-28 12:46:00,ccf-aiops-南京,br-2,br,ipv6_route_count,"protocol=""bgp""",7
2026-07-28 12:46:00,ccf-aiops-南京,br-2,br,ipv6_route_count,"protocol=""all""",17
2026-07-28 12:46:00,ccf-aiops-南京,br-2,br,ipv6_route_exists,"prefix=""fd00:8:40::/64""",1
2026-07-28 12:46:00,ccf-aiops-南京,br-2,br,ipv6_route_exists,"prefix=""fd00:7:40::/64""",1
2026-07-28 12:46:00,ccf-aiops-南京,br-2,br,ipv6_route_exists,"prefix=""fd00:6:40::/64""",1
2026-07-28 12:46:00,ccf-aiops-南京,br-2,br,ipv6_route_exists,"prefix=""fd00:5:40::/64""",1
2026-07-28 12:46:00,ccf-aiops-南京,br-2,br,ipv6_route_exists,"prefix=""fd00:4:40::/64""",1
2026-07-28 12:46:00,ccf-aiops-南京,br-2,br,ipv6_route_exists,"prefix=""fd00:3:40::/64""",1
2026-07-28 12:46:00,ccf-aiops-南京,br-2,br,ipv6_route_exists,"prefix=""fd00:2:40::/64""",1
2026-07-28 12:46:00,ccf-aiops-南京,br-2,br,ipv6_route_exists,"prefix=""fd00:1:40::/64""",1
2026-07-28 12:46:00,ccf-aiops-南京,br-2,br,ipv6_route_exists,"prefix=""::/0""",1
2026-07-28 12:46:00,ccf-aiops-南京,br-2,br,ipv6_route_nexthop_info,"prefix=""fd00:2:40::/64"",next_hop=""fe80::100:10:52"",dev=""ens4"",protocol=""bgp"",metric=""20"",route_index=""0"",nh_index=""0""",1
2026-07-28 12:46:00,ccf-aiops-南京,br-2,br,ipv6_route_nexthop_info,"prefix=""::/0"",next_hop=""240a:a023::1"",dev=""ens4"",protocol=""unknown"",metric=""1024"",route_index=""0"",nh_index=""0""",1
2026-07-28 12:46:00,ccf-aiops-南京,br-2,br,ipv6_route_nexthop_info,"prefix=""fd00:3:40::/64"",next_hop=""fe80::100:10:42"",dev=""ens4"",protocol=""bgp"",metric=""20"",route_index=""0"",nh_index=""0""",1
2026-07-28 12:46:00,ccf-aiops-南京,br-2,br,ipv6_route_nexthop_info,"prefix=""fd00:4:40::/64"",next_hop=""fe80::100:10:42"",dev=""ens4"",protocol=""bgp"",metric=""20"",route_index=""0"",nh_index=""0""",1
2026-07-28 12:46:00,ccf-aiops-南京,br-2,br,ipv6_route_nexthop_info,"prefix=""fd00:7:40::/64"",next_hop=""fe80::7:20:11"",dev=""ens5"",protocol=""ospf"",metric=""20"",route_index=""0"",nh_index=""1""",1
2026-07-28 12:46:00,ccf-aiops-南京,br-2,br,ipv6_route_nexthop_info,"prefix=""fd00:5:40::/64"",next_hop=""fe80::100:10:42"",dev=""ens4"",protocol=""bgp"",metric=""20"",route_index=""0"",nh_index=""0""",1
2026-07-28 12:46:00,ccf-aiops-南京,br-2,br,ipv6_route_nexthop_info,"prefix=""fd00:7:40::/64"",next_hop=""fe80::7:20:12"",dev=""ens5"",protocol=""ospf"",metric=""20"",route_index=""0"",nh_index=""0""",1
2026-07-28 12:46:00,ccf-aiops-南京,br-2,br,ipv6_route_nexthop_info,"prefix=""fd00:8:40::/64"",next_hop=""fe80::100:10:42"",dev=""ens4"",protocol=""bgp"",metric=""20"",route_index=""0"",nh_index=""0""",1
2026-07-28 12:46:00,ccf-aiops-南京,br-2,br,ipv6_route_nexthop_info,"prefix=""fd00:1:40::/64"",next_hop=""fe80::100:10:52"",dev=""ens4"",protocol=""bgp"",metric=""20"",route_index=""0"",nh_index=""0""",1
2026-07-28 12:46:00,ccf-aiops-南京,br-2,br,ipv6_route_nexthop_info,"prefix=""fd00:6:40::/64"",next_hop=""fe80::100:10:52"",dev=""ens4"",protocol=""bgp"",metric=""20"",route_index=""0"",nh_index=""0""",1
2026-07-28 12:46:00,ccf-aiops-南京,br-2,br,ospf6_interface_cost,"interface=""ens5""",1
2026-07-28 12:46:00,ccf-aiops-南京,br-2,br,ospf6_interface_enabled,"interface=""ens4""",1
2026-07-28 12:46:00,ccf-aiops-南京,br-2,br,ospf6_interface_enabled,"interface=""ens10""",1
2026-07-28 12:46:00,ccf-aiops-南京,br-2,br,ospf6_interface_enabled,"interface=""ens11""",1
2026-07-28 12:46:00,ccf-aiops-南京,br-2,br,ospf6_interface_enabled,"interface=""ens12""",1
2026-07-28 12:46:00,ccf-aiops-南京,br-2,br,ospf6_interface_enabled,"interface=""ens3""",1
2026-07-28 12:46:00,ccf-aiops-南京,br-2,br,ospf6_interface_enabled,"interface=""ens5""",1
2026-07-28 12:46:00,ccf-aiops-南京,br-2,br,ospf6_interface_enabled,"interface=""ens6""",1
2026-07-28 12:46:00,ccf-aiops-南京,br-2,br,ospf6_interface_enabled,"interface=""virbr0""",0
2026-07-28 12:46:00,ccf-aiops-南京,br-2,br,ospf6_interface_enabled,"interface=""lo""",1
2026-07-28 12:46:00,ccf-aiops-南京,br-2,br,ospf6_interface_enabled,"interface=""ens9""",1
2026-07-28 12:46:00,ccf-aiops-南京,br-2,br,ospf6_interface_enabled,"interface=""ens8""",1
2026-07-28 12:46:00,ccf-aiops-南京,br-2,br,ospf6_interface_enabled,"interface=""ens7""",1
2026-07-28 12:46:00,ccf-aiops-南京,br-2,br,ospf6_neighbor_state_code,"state=""Full"",interface=""ens5"",neighbor_id=""7.7.7.12""",6
2026-07-28 12:46:00,ccf-aiops-南京,br-2,br,ospf6_neighbor_state_code,"state=""Full"",interface=""ens5"",neighbor_id=""7.7.7.11""",6
2026-07-28 12:46:00,ccf-aiops-南京,br-2,br,ospf6_neighbor_state_code,"state=""Full"",interface=""ens5"",neighbor_id=""7.7.7.1""",6
2026-07-28 12:46:00,ccf-aiops-南京,cr-1,cr,ipv6_default_route_changed_total,,0
2026-07-28 12:46:00,ccf-aiops-南京,cr-1,cr,ipv6_default_route_info,"next_hop=""fd00:7:20::2"",dev=""ens4"",protocol=""196"",metric=""20"",route_index=""0"",nh_index=""1""",1
2026-07-28 12:46:00,ccf-aiops-南京,cr-1,cr,ipv6_default_route_info,"next_hop=""fd00:7:20::1"",dev=""ens4"",protocol=""196"",metric=""20"",route_index=""0"",nh_index=""0""",1
2026-07-28 12:46:00,ccf-aiops-南京,cr-1,cr,ipv6_route_change_total,"prefix=""::/0""",0
2026-07-28 12:46:00,ccf-aiops-南京,cr-1,cr,ipv6_route_change_total,"prefix=""fd00:1:40::/64""",5
2026-07-28 12:46:00,ccf-aiops-南京,cr-1,cr,ipv6_route_change_total,"prefix=""fd00:2:40::/64""",0
2026-07-28 12:46:00,ccf-aiops-南京,cr-1,cr,ipv6_route_change_total,"prefix=""fd00:3:40::/64""",0
2026-07-28 12:46:00,ccf-aiops-南京,cr-1,cr,ipv6_route_change_total,"prefix=""fd00:4:40::/64""",5
2026-07-28 12:46:00,ccf-aiops-南京,cr-1,cr,ipv6_route_change_total,"prefix=""fd00:5:40::/64""",5
2026-07-28 12:46:00,ccf-aiops-南京,cr-1,cr,ipv6_route_change_total,"prefix=""fd00:6:40::/64""",5
2026-07-28 12:46:00,ccf-aiops-南京,cr-1,cr,ipv6_route_change_total,"prefix=""fd00:7:40::/64""",0
2026-07-28 12:46:00,ccf-aiops-南京,cr-1,cr,ipv6_route_change_total,"prefix=""fd00:8:40::/64""",5
2026-07-28 12:46:00,ccf-aiops-南京,cr-1,cr,ipv6_route_count,"protocol=""ospf""",7
2026-07-28 12:46:00,ccf-aiops-南京,cr-1,cr,ipv6_route_count,"protocol=""kernel""",7
2026-07-28 12:46:00,ccf-aiops-南京,cr-1,cr,ipv6_route_count,"protocol=""all""",16
2026-07-28 12:46:00,ccf-aiops-南京,cr-1,cr,ipv6_route_count,"protocol=""196""",2
2026-07-28 12:46:00,ccf-aiops-南京,cr-1,cr,ipv6_route_exists,"prefix=""fd00:1:40::/64""",1
2026-07-28 12:46:00,ccf-aiops-南京,cr-1,cr,ipv6_route_exists,"prefix=""fd00:2:40::/64""",1
2026-07-28 12:46:00,ccf-aiops-南京,cr-1,cr,ipv6_route_exists,"prefix=""fd00:3:40::/64""",1
2026-07-28 12:46:00,ccf-aiops-南京,cr-1,cr,ipv6_route_exists,"prefix=""fd00:4:40::/64""",1
2026-07-28 12:46:00,ccf-aiops-南京,cr-1,cr,ipv6_route_exists,"prefix=""fd00:5:40::/64""",1
2026-07-28 12:46:00,ccf-aiops-南京,cr-1,cr,ipv6_route_exists,"prefix=""fd00:6:40::/64""",1
2026-07-28 12:46:00,ccf-aiops-南京,cr-1,cr,ipv6_route_exists,"prefix=""fd00:7:40::/64""",1
2026-07-28 12:46:00,ccf-aiops-南京,cr-1,cr,ipv6_route_exists,"prefix=""::/0""",1
2026-07-28 12:46:00,ccf-aiops-南京,cr-1,cr,ipv6_route_exists,"prefix=""fd00:8:40::/64""",1
2026-07-28 12:46:00,ccf-aiops-南京,cr-1,cr,ipv6_route_nexthop_info,"prefix=""fd00:5:40::/64"",next_hop=""fe80::7:20:2"",dev=""ens4"",protocol=""ospf"",metric=""20"",route_index=""0"",nh_index=""1""",1
2026-07-28 12:46:00,ccf-aiops-南京,cr-1,cr,ipv6_route_nexthop_info,"prefix=""fd00:7:40::/64"",next_hop=""fd00:7:30::254"",dev=""ens5"",protocol=""196"",metric=""20"",route_index=""0"",nh_index=""0""",1
2026-07-28 12:46:00,ccf-aiops-南京,cr-1,cr,ipv6_route_nexthop_info,"prefix=""::/0"",next_hop=""fd00:7:20::1"",dev=""ens4"",protocol=""196"",metric=""20"",route_index=""0"",nh_index=""0""",1
2026-07-28 12:46:00,ccf-aiops-南京,cr-1,cr,ipv6_route_nexthop_info,"prefix=""::/0"",next_hop=""fd00:7:20::2"",dev=""ens4"",protocol=""196"",metric=""20"",route_index=""0"",nh_index=""1""",1
2026-07-28 12:46:00,ccf-aiops-南京,cr-1,cr,ipv6_route_nexthop_info,"prefix=""fd00:1:40::/64"",next_hop=""fe80::7:20:1"",dev=""ens4"",protocol=""ospf"",metric=""20"",route_index=""0"",nh_index=""0""",1
2026-07-28 12:46:00,ccf-aiops-南京,cr-1,cr,ipv6_route_nexthop_info,"prefix=""fd00:8:40::/64"",next_hop=""fe80::7:20:2"",dev=""ens4"",protocol=""ospf"",metric=""20"",route_index=""0"",nh_index=""1""",1
2026-07-28 12:46:00,ccf-aiops-南京,cr-1,cr,ipv6_route_nexthop_info,"prefix=""fd00:6:40::/64"",next_hop=""fe80::7:20:2"",dev=""ens4"",protocol=""ospf"",metric=""20"",route_index=""0"",nh_index=""1""",1
2026-07-28 12:46:00,ccf-aiops-南京,cr-1,cr,ipv6_route_nexthop_info,"prefix=""fd00:2:40::/64"",next_hop=""fe80::7:20:1"",dev=""ens4"",protocol=""ospf"",metric=""20"",route_index=""0"",nh_index=""0""",1
2026-07-28 12:46:00,ccf-aiops-南京,cr-1,cr,ipv6_route_nexthop_info,"prefix=""fd00:4:40::/64"",next_hop=""fe80::7:20:2"",dev=""ens4"",protocol=""ospf"",metric=""20"",route_index=""0"",nh_index=""1""",1
2026-07-28 12:46:00,ccf-aiops-南京,cr-1,cr,ipv6_route_nexthop_info,"prefix=""fd00:3:40::/64"",next_hop=""fe80::7:20:2"",dev=""ens4"",protocol=""ospf"",metric=""20"",route_index=""0"",nh_index=""1""",1
2026-07-28 12:46:00,ccf-aiops-南京,cr-1,cr,ipv6_route_nexthop_info,"prefix=""fd00:2:40::/64"",next_hop=""fe80::7:20:2"",dev=""ens4"",protocol=""ospf"",metric=""20"",route_index=""0"",nh_index=""1""",1
2026-07-28 12:46:00,ccf-aiops-南京,cr-1,cr,ipv6_route_nexthop_info,"prefix=""fd00:1:40::/64"",next_hop=""fe80::7:20:2"",dev=""ens4"",protocol=""ospf"",metric=""20"",route_index=""0"",nh_index=""1""",1
2026-07-28 12:46:00,ccf-aiops-南京,cr-1,cr,ipv6_route_nexthop_info,"prefix=""fd00:8:40::/64"",next_hop=""fe80::7:20:1"",dev=""ens4"",protocol=""ospf"",metric=""20"",route_index=""0"",nh_index=""0""",1
2026-07-28 12:46:00,ccf-aiops-南京,cr-1,cr,ipv6_route_nexthop_info,"prefix=""fd00:6:40::/64"",next_hop=""fe80::7:20:1"",dev=""ens4"",protocol=""ospf"",metric=""20"",route_index=""0"",nh_index=""0""",1
2026-07-28 12:46:00,ccf-aiops-南京,cr-1,cr,ipv6_route_nexthop_info,"prefix=""fd00:5:40::/64"",next_hop=""fe80::7:20:1"",dev=""ens4"",protocol=""ospf"",metric=""20"",route_index=""0"",nh_index=""0""",1
2026-07-28 12:46:00,ccf-aiops-南京,cr-1,cr,ipv6_route_nexthop_info,"prefix=""fd00:4:40::/64"",next_hop=""fe80::7:20:1"",dev=""ens4"",protocol=""ospf"",metric=""20"",route_index=""0"",nh_index=""0""",1
2026-07-28 12:46:00,ccf-aiops-南京,cr-1,cr,ipv6_route_nexthop_info,"prefix=""fd00:3:40::/64"",next_hop=""fe80::7:20:1"",dev=""ens4"",protocol=""ospf"",metric=""20"",route_index=""0"",nh_index=""0""",1
2026-07-28 12:46:00,ccf-aiops-南京,cr-1,cr,ospf6_interface_cost,"interface=""ens4""",1
2026-07-28 12:46:00,ccf-aiops-南京,cr-1,cr,ospf6_interface_cost,"interface=""ens5""",1
2026-07-28 12:46:00,ccf-aiops-南京,cr-1,cr,ospf6_interface_enabled,"interface=""ens11""",1
2026-07-28 12:46:00,ccf-aiops-南京,cr-1,cr,ospf6_interface_enabled,"interface=""vxlan100""",1
2026-07-28 12:46:00,ccf-aiops-南京,cr-1,cr,ospf6_interface_enabled,"interface=""virbr0""",0
2026-07-28 12:46:00,ccf-aiops-南京,cr-1,cr,ospf6_interface_enabled,"interface=""lo""",1
2026-07-28 12:46:00,ccf-aiops-南京,cr-1,cr,ospf6_interface_enabled,"interface=""ens9""",1
2026-07-28 12:46:00,ccf-aiops-南京,cr-1,cr,ospf6_interface_enabled,"interface=""ens8""",1
2026-07-28 12:46:00,ccf-aiops-南京,cr-1,cr,ospf6_interface_enabled,"interface=""ens7""",1
2026-07-28 12:46:00,ccf-aiops-南京,cr-1,cr,ospf6_interface_enabled,"interface=""ens6""",1
2026-07-28 12:46:00,ccf-aiops-南京,cr-1,cr,ospf6_interface_enabled,"interface=""ens5""",1
2026-07-28 12:46:00,ccf-aiops-南京,cr-1,cr,ospf6_interface_enabled,"interface=""ens4""",1
2026-07-28 12:46:00,ccf-aiops-南京,cr-1,cr,ospf6_interface_enabled,"interface=""ens3""",1
2026-07-28 12:46:00,ccf-aiops-南京,cr-1,cr,ospf6_interface_enabled,"interface=""ens12""",1
2026-07-28 12:46:00,ccf-aiops-南京,cr-1,cr,ospf6_interface_enabled,"interface=""ens10""",1
2026-07-28 12:46:00,ccf-aiops-南京,cr-1,cr,ospf6_neighbor_state_code,"state=""Full"",interface=""ens5"",neighbor_id=""7.7.7.12""",6
2026-07-28 12:46:00,ccf-aiops-南京,cr-1,cr,ospf6_neighbor_state_code,"state=""Full"",interface=""ens4"",neighbor_id=""7.7.7.2""",6
2026-07-28 12:46:00,ccf-aiops-南京,cr-1,cr,ospf6_neighbor_state_code,"state=""Full"",interface=""ens4"",neighbor_id=""7.7.7.12""",6
2026-07-28 12:46:00,ccf-aiops-南京,cr-1,cr,ospf6_neighbor_state_code,"state=""Twoway"",interface=""ens4"",neighbor_id=""7.7.7.1""",2
2026-07-28 12:46:00,ccf-aiops-南京,cr-1,cr,bgp_command_success,,
2026-07-28 12:46:00,ccf-aiops-南京,cr-1,cr,bgp_peer_up,,
2026-07-28 12:46:00,ccf-aiops-南京,cr-1,cr,bgp_peer_uptime_seconds,,
2026-07-28 12:46:00,ccf-aiops-南京,cr-1,cr,bgp_peer_prefix_received,,
2026-07-28 12:46:00,ccf-aiops-南京,cr-1,cr,bgp_peer_prefix_sent,,
2026-07-28 12:46:00,ccf-aiops-南京,cr-1,cr,bgp_peer_count,,
2026-07-28 12:46:00,ccf-aiops-南京,cr-2,cr,ipv6_default_route_changed_total,,0
2026-07-28 12:46:00,ccf-aiops-南京,cr-2,cr,ipv6_default_route_info,"next_hop=""fd00:7:20::1"",dev=""ens4"",protocol=""196"",metric=""20"",route_index=""0"",nh_index=""0""",1
2026-07-28 12:46:00,ccf-aiops-南京,cr-2,cr,ipv6_default_route_info,"next_hop=""fd00:7:20::2"",dev=""ens4"",protocol=""196"",metric=""20"",route_index=""0"",nh_index=""1""",1
2026-07-28 12:46:00,ccf-aiops-南京,cr-2,cr,ipv6_route_change_total,"prefix=""fd00:7:40::/64""",0
2026-07-28 12:46:00,ccf-aiops-南京,cr-2,cr,ipv6_route_change_total,"prefix=""fd00:8:40::/64""",3
2026-07-28 12:46:00,ccf-aiops-南京,cr-2,cr,ipv6_route_change_total,"prefix=""fd00:6:40::/64""",3
2026-07-28 12:46:00,ccf-aiops-南京,cr-2,cr,ipv6_route_change_total,"prefix=""fd00:5:40::/64""",3
2026-07-28 12:46:00,ccf-aiops-南京,cr-2,cr,ipv6_route_change_total,"prefix=""fd00:4:40::/64""",3
2026-07-28 12:46:00,ccf-aiops-南京,cr-2,cr,ipv6_route_change_total,"prefix=""fd00:3:40::/64""",3
2026-07-28 12:46:00,ccf-aiops-南京,cr-2,cr,ipv6_route_change_total,"prefix=""fd00:2:40::/64""",3
2026-07-28 12:46:00,ccf-aiops-南京,cr-2,cr,ipv6_route_change_total,"prefix=""fd00:1:40::/64""",3
2026-07-28 12:46:00,ccf-aiops-南京,cr-2,cr,ipv6_route_change_total,"prefix=""::/0""",0
2026-07-28 12:46:00,ccf-aiops-南京,cr-2,cr,ipv6_route_count,"protocol=""kernel""",6
2026-07-28 12:46:00,ccf-aiops-南京,cr-2,cr,ipv6_route_count,"protocol=""ospf""",7
2026-07-28 12:46:00,ccf-aiops-南京,cr-2,cr,ipv6_route_count,"protocol=""all""",15
2026-07-28 12:46:00,ccf-aiops-南京,cr-2,cr,ipv6_route_count,"protocol=""196""",2
2026-07-28 12:46:00,ccf-aiops-南京,cr-2,cr,ipv6_route_exists,"prefix=""fd00:8:40::/64""",1
2026-07-28 12:46:00,ccf-aiops-南京,cr-2,cr,ipv6_route_exists,"prefix=""::/0""",1
2026-07-28 12:46:00,ccf-aiops-南京,cr-2,cr,ipv6_route_exists,"prefix=""fd00:1:40::/64""",1
2026-07-28 12:46:00,ccf-aiops-南京,cr-2,cr,ipv6_route_exists,"prefix=""fd00:2:40::/64""",1
2026-07-28 12:46:00,ccf-aiops-南京,cr-2,cr,ipv6_route_exists,"prefix=""fd00:3:40::/64""",1
2026-07-28 12:46:00,ccf-aiops-南京,cr-2,cr,ipv6_route_exists,"prefix=""fd00:4:40::/64""",1
2026-07-28 12:46:00,ccf-aiops-南京,cr-2,cr,ipv6_route_exists,"prefix=""fd00:5:40::/64""",1
2026-07-28 12:46:00,ccf-aiops-南京,cr-2,cr,ipv6_route_exists,"prefix=""fd00:6:40::/64""",1
2026-07-28 12:46:00,ccf-aiops-南京,cr-2,cr,ipv6_route_exists,"prefix=""fd00:7:40::/64""",1
2026-07-28 12:46:00,ccf-aiops-南京,cr-2,cr,ipv6_route_nexthop_info,"prefix=""fd00:6:40::/64"",next_hop=""fe80::7:20:1"",dev=""ens4"",protocol=""ospf"",metric=""20"",route_index=""0"",nh_index=""1""",1
2026-07-28 12:46:00,ccf-aiops-南京,cr-2,cr,ipv6_route_nexthop_info,"prefix=""fd00:7:40::/64"",next_hop=""fd00:7:30::254"",dev=""ens5"",protocol=""196"",metric=""20"",route_index=""0"",nh_index=""0""",1
2026-07-28 12:46:00,ccf-aiops-南京,cr-2,cr,ipv6_route_nexthop_info,"prefix=""fd00:8:40::/64"",next_hop=""fe80::7:20:2"",dev=""ens4"",protocol=""ospf"",metric=""20"",route_index=""0"",nh_index=""0""",1
2026-07-28 12:46:00,ccf-aiops-南京,cr-2,cr,ipv6_route_nexthop_info,"prefix=""fd00:6:40::/64"",next_hop=""fe80::7:20:2"",dev=""ens4"",protocol=""ospf"",metric=""20"",route_index=""0"",nh_index=""0""",1
2026-07-28 12:46:00,ccf-aiops-南京,cr-2,cr,ipv6_route_nexthop_info,"prefix=""fd00:5:40::/64"",next_hop=""fe80::7:20:2"",dev=""ens4"",protocol=""ospf"",metric=""20"",route_index=""0"",nh_index=""0""",1
2026-07-28 12:46:00,ccf-aiops-南京,cr-2,cr,ipv6_route_nexthop_info,"prefix=""fd00:4:40::/64"",next_hop=""fe80::7:20:2"",dev=""ens4"",protocol=""ospf"",metric=""20"",route_index=""0"",nh_index=""0""",1
2026-07-28 12:46:00,ccf-aiops-南京,cr-2,cr,ipv6_route_nexthop_info,"prefix=""fd00:3:40::/64"",next_hop=""fe80::7:20:2"",dev=""ens4"",protocol=""ospf"",metric=""20"",route_index=""0"",nh_index=""0""",1
2026-07-28 12:46:00,ccf-aiops-南京,cr-2,cr,ipv6_route_nexthop_info,"prefix=""fd00:2:40::/64"",next_hop=""fe80::7:20:2"",dev=""ens4"",protocol=""ospf"",metric=""20"",route_index=""0"",nh_index=""0""",1
2026-07-28 12:46:00,ccf-aiops-南京,cr-2,cr,ipv6_route_nexthop_info,"prefix=""fd00:1:40::/64"",next_hop=""fe80::7:20:2"",dev=""ens4"",protocol=""ospf"",metric=""20"",route_index=""0"",nh_index=""0""",1
2026-07-28 12:46:00,ccf-aiops-南京,cr-2,cr,ipv6_route_nexthop_info,"prefix=""fd00:8:40::/64"",next_hop=""fe80::7:20:1"",dev=""ens4"",protocol=""ospf"",metric=""20"",route_index=""0"",nh_index=""1""",1
2026-07-28 12:46:00,ccf-aiops-南京,cr-2,cr,ipv6_route_nexthop_info,"prefix=""fd00:5:40::/64"",next_hop=""fe80::7:20:1"",dev=""ens4"",protocol=""ospf"",metric=""20"",route_index=""0"",nh_index=""1""",1
2026-07-28 12:46:00,ccf-aiops-南京,cr-2,cr,ipv6_route_nexthop_info,"prefix=""fd00:4:40::/64"",next_hop=""fe80::7:20:1"",dev=""ens4"",protocol=""ospf"",metric=""20"",route_index=""0"",nh_index=""1""",1
2026-07-28 12:46:00,ccf-aiops-南京,cr-2,cr,ipv6_route_nexthop_info,"prefix=""fd00:3:40::/64"",next_hop=""fe80::7:20:1"",dev=""ens4"",protocol=""ospf"",metric=""20"",route_index=""0"",nh_index=""1""",1
2026-07-28 12:46:00,ccf-aiops-南京,cr-2,cr,ipv6_route_nexthop_info,"prefix=""fd00:2:40::/64"",next_hop=""fe80::7:20:1"",dev=""ens4"",protocol=""ospf"",metric=""20"",route_index=""0"",nh_index=""1""",1
2026-07-28 12:46:00,ccf-aiops-南京,cr-2,cr,ipv6_route_nexthop_info,"prefix=""fd00:1:40::/64"",next_hop=""fe80::7:20:1"",dev=""ens4"",protocol=""ospf"",metric=""20"",route_index=""0"",nh_index=""1""",1
2026-07-28 12:46:00,ccf-aiops-南京,cr-2,cr,ipv6_route_nexthop_info,"prefix=""::/0"",next_hop=""fd00:7:20::2"",dev=""ens4"",protocol=""196"",metric=""20"",route_index=""0"",nh_index=""1""",1
2026-07-28 12:46:00,ccf-aiops-南京,cr-2,cr,ipv6_route_nexthop_info,"prefix=""::/0"",next_hop=""fd00:7:20::1"",dev=""ens4"",protocol=""196"",metric=""20"",route_index=""0"",nh_index=""0""",1
2026-07-28 12:46:00,ccf-aiops-南京,cr-2,cr,ospf6_interface_cost,"interface=""ens4""",1
2026-07-28 12:46:00,ccf-aiops-南京,cr-2,cr,ospf6_interface_cost,"interface=""ens5""",1
2026-07-28 12:46:00,ccf-aiops-南京,cr-2,cr,ospf6_interface_enabled,"interface=""ens10""",1
2026-07-28 12:46:00,ccf-aiops-南京,cr-2,cr,ospf6_interface_enabled,"interface=""ens11""",1
2026-07-28 12:46:00,ccf-aiops-南京,cr-2,cr,ospf6_interface_enabled,"interface=""virbr0""",0
2026-07-28 12:46:00,ccf-aiops-南京,cr-2,cr,ospf6_interface_enabled,"interface=""lo""",1
2026-07-28 12:46:00,ccf-aiops-南京,cr-2,cr,ospf6_interface_enabled,"interface=""ens9""",1
2026-07-28 12:46:00,ccf-aiops-南京,cr-2,cr,ospf6_interface_enabled,"interface=""ens8""",1
2026-07-28 12:46:00,ccf-aiops-南京,cr-2,cr,ospf6_interface_enabled,"interface=""ens7""",1
2026-07-28 12:46:00,ccf-aiops-南京,cr-2,cr,ospf6_interface_enabled,"interface=""ens6""",1
2026-07-28 12:46:00,ccf-aiops-南京,cr-2,cr,ospf6_interface_enabled,"interface=""ens5""",1
2026-07-28 12:46:00,ccf-aiops-南京,cr-2,cr,ospf6_interface_enabled,"interface=""ens4""",1
2026-07-28 12:46:00,ccf-aiops-南京,cr-2,cr,ospf6_interface_enabled,"interface=""ens3""",1
2026-07-28 12:46:00,ccf-aiops-南京,cr-2,cr,ospf6_interface_enabled,"interface=""ens12""",1
2026-07-28 12:46:00,ccf-aiops-南京,cr-2,cr,ospf6_neighbor_state_code,"state=""Full"",interface=""ens4"",neighbor_id=""7.7.7.1""",6
2026-07-28 12:46:00,ccf-aiops-南京,cr-2,cr,ospf6_neighbor_state_code,"state=""Full"",interface=""ens4"",neighbor_id=""7.7.7.11""",6
2026-07-28 12:46:00,ccf-aiops-南京,cr-2,cr,ospf6_neighbor_state_code,"state=""Full"",interface=""ens4"",neighbor_id=""7.7.7.2""",6
2026-07-28 12:46:00,ccf-aiops-南京,cr-2,cr,ospf6_neighbor_state_code,"state=""Full"",interface=""ens5"",neighbor_id=""7.7.7.11""",6
2026-07-28 12:46:00,ccf-aiops-南京,cr-2,cr,bgp_command_success,,
2026-07-28 12:46:00,ccf-aiops-南京,cr-2,cr,bgp_peer_up,,
2026-07-28 12:46:00,ccf-aiops-南京,cr-2,cr,bgp_peer_uptime_seconds,,
2026-07-28 12:46:00,ccf-aiops-南京,cr-2,cr,bgp_peer_prefix_received,,
2026-07-28 12:46:00,ccf-aiops-南京,cr-2,cr,bgp_peer_prefix_sent,,
2026-07-28 12:46:00,ccf-aiops-南京,cr-2,cr,bgp_peer_count,,
2026-07-28 12:47:00,ccf-aiops-南京,br-1,br,bgp_command_success,"command=""bgp_summary""",1
2026-07-28 12:47:00,ccf-aiops-南京,br-1,br,bgp_peer_count,,2
2026-07-28 12:47:00,ccf-aiops-南京,br-1,br,bgp_peer_prefix_received,"peer=""fd00:100:10::41"",remote_as=""65005"",state=""Established""",7
2026-07-28 12:47:00,ccf-aiops-南京,br-1,br,bgp_peer_prefix_received,"peer=""fd00:100:10::51"",remote_as=""65006"",state=""Established""",7
2026-07-28 12:47:00,ccf-aiops-南京,br-1,br,bgp_peer_prefix_sent,"peer=""fd00:100:10::51"",remote_as=""65006"",state=""Established""",8
2026-07-28 12:47:00,ccf-aiops-南京,br-1,br,bgp_peer_prefix_sent,"peer=""fd00:100:10::41"",remote_as=""65005"",state=""Established""",8
2026-07-28 12:47:00,ccf-aiops-南京,br-1,br,bgp_peer_up,"peer=""fd00:100:10::51"",remote_as=""65006"",state=""Established""",1
2026-07-28 12:47:00,ccf-aiops-南京,br-1,br,bgp_peer_up,"peer=""fd00:100:10::41"",remote_as=""65005"",state=""Established""",1
2026-07-28 12:47:00,ccf-aiops-南京,br-1,br,bgp_peer_uptime_seconds,"peer=""fd00:100:10::51"",remote_as=""65006"",state=""Established""",2413372
2026-07-28 12:47:00,ccf-aiops-南京,br-1,br,bgp_peer_uptime_seconds,"peer=""fd00:100:10::41"",remote_as=""65005"",state=""Established""",2413372
2026-07-28 12:47:00,ccf-aiops-南京,br-1,br,ipv6_default_route_changed_total,,0
2026-07-28 12:47:00,ccf-aiops-南京,br-1,br,ipv6_default_route_info,"next_hop=""240a:a023::1"",dev=""ens4"",protocol=""unknown"",metric=""1024"",route_index=""0"",nh_index=""0""",1
2026-07-28 12:47:00,ccf-aiops-南京,br-1,br,ipv6_route_change_total,"prefix=""::/0""",0
2026-07-28 12:47:00,ccf-aiops-南京,br-1,br,ipv6_route_change_total,"prefix=""fd00:1:40::/64""",0
2026-07-28 12:47:00,ccf-aiops-南京,br-1,br,ipv6_route_change_total,"prefix=""fd00:2:40::/64""",5
2026-07-28 12:47:00,ccf-aiops-南京,br-1,br,ipv6_route_change_total,"prefix=""fd00:3:40::/64""",0
2026-07-28 12:47:00,ccf-aiops-南京,br-1,br,ipv6_route_change_total,"prefix=""fd00:4:40::/64""",0
2026-07-28 12:47:00,ccf-aiops-南京,br-1,br,ipv6_route_change_total,"prefix=""fd00:5:40::/64""",0
2026-07-28 12:47:00,ccf-aiops-南京,br-1,br,ipv6_route_change_total,"prefix=""fd00:6:40::/64""",0
2026-07-28 12:47:00,ccf-aiops-南京,br-1,br,ipv6_route_change_total,"prefix=""fd00:7:40::/64""",8
2026-07-28 12:47:00,ccf-aiops-南京,br-1,br,ipv6_route_change_total,"prefix=""fd00:8:40::/64""",0
2026-07-28 12:47:00,ccf-aiops-南京,br-1,br,ipv6_route_count,"protocol=""bgp""",7
2026-07-28 12:47:00,ccf-aiops-南京,br-1,br,ipv6_route_count,"protocol=""kernel""",7
2026-07-28 12:47:00,ccf-aiops-南京,br-1,br,ipv6_route_count,"protocol=""all""",17
2026-07-28 12:47:00,ccf-aiops-南京,br-1,br,ipv6_route_count,"protocol=""ospf""",2
2026-07-28 12:47:00,ccf-aiops-南京,br-1,br,ipv6_route_count,"protocol=""unknown""",1
2026-07-28 12:47:00,ccf-aiops-南京,br-1,br,ipv6_route_exists,"prefix=""fd00:2:40::/64""",1
2026-07-28 12:47:00,ccf-aiops-南京,br-1,br,ipv6_route_exists,"prefix=""fd00:1:40::/64""",1
2026-07-28 12:47:00,ccf-aiops-南京,br-1,br,ipv6_route_exists,"prefix=""::/0""",1
2026-07-28 12:47:00,ccf-aiops-南京,br-1,br,ipv6_route_exists,"prefix=""fd00:4:40::/64""",1
2026-07-28 12:47:00,ccf-aiops-南京,br-1,br,ipv6_route_exists,"prefix=""fd00:5:40::/64""",1
2026-07-28 12:47:00,ccf-aiops-南京,br-1,br,ipv6_route_exists,"prefix=""fd00:6:40::/64""",1
2026-07-28 12:47:00,ccf-aiops-南京,br-1,br,ipv6_route_exists,"prefix=""fd00:7:40::/64""",1
2026-07-28 12:47:00,ccf-aiops-南京,br-1,br,ipv6_route_exists,"prefix=""fd00:8:40::/64""",1
2026-07-28 12:47:00,ccf-aiops-南京,br-1,br,ipv6_route_exists,"prefix=""fd00:3:40::/64""",1
2026-07-28 12:47:00,ccf-aiops-南京,br-1,br,ipv6_route_nexthop_info,"prefix=""::/0"",next_hop=""240a:a023::1"",dev=""ens4"",protocol=""unknown"",metric=""1024"",route_index=""0"",nh_index=""0""",1
2026-07-28 12:47:00,ccf-aiops-南京,br-1,br,ipv6_route_nexthop_info,"prefix=""fd00:3:40::/64"",next_hop=""fe80::100:10:41"",dev=""ens4"",protocol=""bgp"",metric=""20"",route_index=""0"",nh_index=""0""",1
2026-07-28 12:47:00,ccf-aiops-南京,br-1,br,ipv6_route_nexthop_info,"prefix=""fd00:4:40::/64"",next_hop=""fe80::100:10:41"",dev=""ens4"",protocol=""bgp"",metric=""20"",route_index=""0"",nh_index=""0""",1
2026-07-28 12:47:00,ccf-aiops-南京,br-1,br,ipv6_route_nexthop_info,"prefix=""fd00:5:40::/64"",next_hop=""fe80::100:10:41"",dev=""ens4"",protocol=""bgp"",metric=""20"",route_index=""0"",nh_index=""0""",1
2026-07-28 12:47:00,ccf-aiops-南京,br-1,br,ipv6_route_nexthop_info,"prefix=""fd00:8:40::/64"",next_hop=""fe80::100:10:41"",dev=""ens4"",protocol=""bgp"",metric=""20"",route_index=""0"",nh_index=""0""",1
2026-07-28 12:47:00,ccf-aiops-南京,br-1,br,ipv6_route_nexthop_info,"prefix=""fd00:7:40::/64"",next_hop=""fe80::7:20:12"",dev=""ens5"",protocol=""ospf"",metric=""20"",route_index=""0"",nh_index=""0""",1
2026-07-28 12:47:00,ccf-aiops-南京,br-1,br,ipv6_route_nexthop_info,"prefix=""fd00:1:40::/64"",next_hop=""fe80::100:10:51"",dev=""ens4"",protocol=""bgp"",metric=""20"",route_index=""0"",nh_index=""0""",1
2026-07-28 12:47:00,ccf-aiops-南京,br-1,br,ipv6_route_nexthop_info,"prefix=""fd00:2:40::/64"",next_hop=""fe80::100:10:51"",dev=""ens4"",protocol=""bgp"",metric=""20"",route_index=""0"",nh_index=""0""",1
2026-07-28 12:47:00,ccf-aiops-南京,br-1,br,ipv6_route_nexthop_info,"prefix=""fd00:6:40::/64"",next_hop=""fe80::100:10:51"",dev=""ens4"",protocol=""bgp"",metric=""20"",route_index=""0"",nh_index=""0""",1
2026-07-28 12:47:00,ccf-aiops-南京,br-1,br,ipv6_route_nexthop_info,"prefix=""fd00:7:40::/64"",next_hop=""fe80::7:20:11"",dev=""ens5"",protocol=""ospf"",metric=""20"",route_index=""0"",nh_index=""1""",1
2026-07-28 12:47:00,ccf-aiops-南京,br-1,br,ospf6_interface_cost,"interface=""ens5""",1
2026-07-28 12:47:00,ccf-aiops-南京,br-1,br,ospf6_interface_enabled,"interface=""ens12""",1
2026-07-28 12:47:00,ccf-aiops-南京,br-1,br,ospf6_interface_enabled,"interface=""ens11""",1
2026-07-28 12:47:00,ccf-aiops-南京,br-1,br,ospf6_interface_enabled,"interface=""ens10""",1
2026-07-28 12:47:00,ccf-aiops-南京,br-1,br,ospf6_interface_enabled,"interface=""ens3""",1
2026-07-28 12:47:00,ccf-aiops-南京,br-1,br,ospf6_interface_enabled,"interface=""ens4""",1
2026-07-28 12:47:00,ccf-aiops-南京,br-1,br,ospf6_interface_enabled,"interface=""ens5""",1
2026-07-28 12:47:00,ccf-aiops-南京,br-1,br,ospf6_interface_enabled,"interface=""ens6""",1
2026-07-28 12:47:00,ccf-aiops-南京,br-1,br,ospf6_interface_enabled,"interface=""ens7""",1
2026-07-28 12:47:00,ccf-aiops-南京,br-1,br,ospf6_interface_enabled,"interface=""virbr0""",0
2026-07-28 12:47:00,ccf-aiops-南京,br-1,br,ospf6_interface_enabled,"interface=""lo""",1
2026-07-28 12:47:00,ccf-aiops-南京,br-1,br,ospf6_interface_enabled,"interface=""ens9""",1
2026-07-28 12:47:00,ccf-aiops-南京,br-1,br,ospf6_interface_enabled,"interface=""ens8""",1
2026-07-28 12:47:00,ccf-aiops-南京,br-1,br,ospf6_neighbor_state_code,"state=""Full"",interface=""ens5"",neighbor_id=""7.7.7.2""",6
2026-07-28 12:47:00,ccf-aiops-南京,br-1,br,ospf6_neighbor_state_code,"state=""Full"",interface=""ens5"",neighbor_id=""7.7.7.12""",6
2026-07-28 12:47:00,ccf-aiops-南京,br-1,br,ospf6_neighbor_state_code,"state=""Twoway"",interface=""ens5"",neighbor_id=""7.7.7.11""",2
2026-07-28 12:47:00,ccf-aiops-南京,br-2,br,bgp_command_success,"command=""bgp_summary""",1
2026-07-28 12:47:00,ccf-aiops-南京,br-2,br,bgp_peer_count,,2
2026-07-28 12:47:00,ccf-aiops-南京,br-2,br,bgp_peer_prefix_received,"peer=""fd00:100:10::52"",remote_as=""65006"",state=""Established""",7
2026-07-28 12:47:00,ccf-aiops-南京,br-2,br,bgp_peer_prefix_received,"peer=""fd00:100:10::42"",remote_as=""65005"",state=""Established""",7
2026-07-28 12:47:00,ccf-aiops-南京,br-2,br,bgp_peer_prefix_sent,"peer=""fd00:100:10::52"",remote_as=""65006"",state=""Established""",8
2026-07-28 12:47:00,ccf-aiops-南京,br-2,br,bgp_peer_prefix_sent,"peer=""fd00:100:10::42"",remote_as=""65005"",state=""Established""",8
2026-07-28 12:47:00,ccf-aiops-南京,br-2,br,bgp_peer_up,"peer=""fd00:100:10::52"",remote_as=""65006"",state=""Established""",1
2026-07-28 12:47:00,ccf-aiops-南京,br-2,br,bgp_peer_up,"peer=""fd00:100:10::42"",remote_as=""65005"",state=""Established""",1
2026-07-28 12:47:00,ccf-aiops-南京,br-2,br,bgp_peer_uptime_seconds,"peer=""fd00:100:10::42"",remote_as=""65005"",state=""Established""",2413355
2026-07-28 12:47:00,ccf-aiops-南京,br-2,br,bgp_peer_uptime_seconds,"peer=""fd00:100:10::52"",remote_as=""65006"",state=""Established""",2413355
2026-07-28 12:47:00,ccf-aiops-南京,br-2,br,ipv6_default_route_changed_total,,0
2026-07-28 12:47:00,ccf-aiops-南京,br-2,br,ipv6_default_route_info,"next_hop=""240a:a023::1"",dev=""ens4"",protocol=""unknown"",metric=""1024"",route_index=""0"",nh_index=""0""",1
2026-07-28 12:47:00,ccf-aiops-南京,br-2,br,ipv6_route_change_total,"prefix=""::/0""",0
2026-07-28 12:47:00,ccf-aiops-南京,br-2,br,ipv6_route_change_total,"prefix=""fd00:6:40::/64""",0
2026-07-28 12:47:00,ccf-aiops-南京,br-2,br,ipv6_route_change_total,"prefix=""fd00:1:40::/64""",0
2026-07-28 12:47:00,ccf-aiops-南京,br-2,br,ipv6_route_change_total,"prefix=""fd00:2:40::/64""",3
2026-07-28 12:47:00,ccf-aiops-南京,br-2,br,ipv6_route_change_total,"prefix=""fd00:3:40::/64""",0
2026-07-28 12:47:00,ccf-aiops-南京,br-2,br,ipv6_route_change_total,"prefix=""fd00:4:40::/64""",0
2026-07-28 12:47:00,ccf-aiops-南京,br-2,br,ipv6_route_change_total,"prefix=""fd00:5:40::/64""",0
2026-07-28 12:47:00,ccf-aiops-南京,br-2,br,ipv6_route_change_total,"prefix=""fd00:8:40::/64""",0
2026-07-28 12:47:00,ccf-aiops-南京,br-2,br,ipv6_route_change_total,"prefix=""fd00:7:40::/64""",10
2026-07-28 12:47:00,ccf-aiops-南京,br-2,br,ipv6_route_count,"protocol=""ospf""",2
2026-07-28 12:47:00,ccf-aiops-南京,br-2,br,ipv6_route_count,"protocol=""unknown""",1
2026-07-28 12:47:00,ccf-aiops-南京,br-2,br,ipv6_route_count,"protocol=""kernel""",7
2026-07-28 12:47:00,ccf-aiops-南京,br-2,br,ipv6_route_count,"protocol=""bgp""",7
2026-07-28 12:47:00,ccf-aiops-南京,br-2,br,ipv6_route_count,"protocol=""all""",17
2026-07-28 12:47:00,ccf-aiops-南京,br-2,br,ipv6_route_exists,"prefix=""fd00:8:40::/64""",1
2026-07-28 12:47:00,ccf-aiops-南京,br-2,br,ipv6_route_exists,"prefix=""fd00:7:40::/64""",1
2026-07-28 12:47:00,ccf-aiops-南京,br-2,br,ipv6_route_exists,"prefix=""fd00:6:40::/64""",1
2026-07-28 12:47:00,ccf-aiops-南京,br-2,br,ipv6_route_exists,"prefix=""::/0""",1
2026-07-28 12:47:00,ccf-aiops-南京,br-2,br,ipv6_route_exists,"prefix=""fd00:1:40::/64""",1
2026-07-28 12:47:00,ccf-aiops-南京,br-2,br,ipv6_route_exists,"prefix=""fd00:2:40::/64""",1
2026-07-28 12:47:00,ccf-aiops-南京,br-2,br,ipv6_route_exists,"prefix=""fd00:3:40::/64""",1
2026-07-28 12:47:00,ccf-aiops-南京,br-2,br,ipv6_route_exists,"prefix=""fd00:4:40::/64""",1
2026-07-28 12:47:00,ccf-aiops-南京,br-2,br,ipv6_route_exists,"prefix=""fd00:5:40::/64""",1
2026-07-28 12:47:00,ccf-aiops-南京,br-2,br,ipv6_route_nexthop_info,"prefix=""fd00:2:40::/64"",next_hop=""fe80::100:10:52"",dev=""ens4"",protocol=""bgp"",metric=""20"",route_index=""0"",nh_index=""0""",1
2026-07-28 12:47:00,ccf-aiops-南京,br-2,br,ipv6_route_nexthop_info,"prefix=""fd00:5:40::/64"",next_hop=""fe80::100:10:42"",dev=""ens4"",protocol=""bgp"",metric=""20"",route_index=""0"",nh_index=""0""",1
2026-07-28 12:47:00,ccf-aiops-南京,br-2,br,ipv6_route_nexthop_info,"prefix=""::/0"",next_hop=""240a:a023::1"",dev=""ens4"",protocol=""unknown"",metric=""1024"",route_index=""0"",nh_index=""0""",1
2026-07-28 12:47:00,ccf-aiops-南京,br-2,br,ipv6_route_nexthop_info,"prefix=""fd00:3:40::/64"",next_hop=""fe80::100:10:42"",dev=""ens4"",protocol=""bgp"",metric=""20"",route_index=""0"",nh_index=""0""",1
2026-07-28 12:47:00,ccf-aiops-南京,br-2,br,ipv6_route_nexthop_info,"prefix=""fd00:7:40::/64"",next_hop=""fe80::7:20:11"",dev=""ens5"",protocol=""ospf"",metric=""20"",route_index=""0"",nh_index=""1""",1
2026-07-28 12:47:00,ccf-aiops-南京,br-2,br,ipv6_route_nexthop_info,"prefix=""fd00:4:40::/64"",next_hop=""fe80::100:10:42"",dev=""ens4"",protocol=""bgp"",metric=""20"",route_index=""0"",nh_index=""0""",1
2026-07-28 12:47:00,ccf-aiops-南京,br-2,br,ipv6_route_nexthop_info,"prefix=""fd00:1:40::/64"",next_hop=""fe80::100:10:52"",dev=""ens4"",protocol=""bgp"",metric=""20"",route_index=""0"",nh_index=""0""",1
2026-07-28 12:47:00,ccf-aiops-南京,br-2,br,ipv6_route_nexthop_info,"prefix=""fd00:8:40::/64"",next_hop=""fe80::100:10:42"",dev=""ens4"",protocol=""bgp"",metric=""20"",route_index=""0"",nh_index=""0""",1
2026-07-28 12:47:00,ccf-aiops-南京,br-2,br,ipv6_route_nexthop_info,"prefix=""fd00:6:40::/64"",next_hop=""fe80::100:10:52"",dev=""ens4"",protocol=""bgp"",metric=""20"",route_index=""0"",nh_index=""0""",1
2026-07-28 12:47:00,ccf-aiops-南京,br-2,br,ipv6_route_nexthop_info,"prefix=""fd00:7:40::/64"",next_hop=""fe80::7:20:12"",dev=""ens5"",protocol=""ospf"",metric=""20"",route_index=""0"",nh_index=""0""",1
2026-07-28 12:47:00,ccf-aiops-南京,br-2,br,ospf6_interface_cost,"interface=""ens5""",1
2026-07-28 12:47:00,ccf-aiops-南京,br-2,br,ospf6_interface_enabled,"interface=""virbr0""",0
2026-07-28 12:47:00,ccf-aiops-南京,br-2,br,ospf6_interface_enabled,"interface=""ens9""",1
2026-07-28 12:47:00,ccf-aiops-南京,br-2,br,ospf6_interface_enabled,"interface=""ens10""",1
2026-07-28 12:47:00,ccf-aiops-南京,br-2,br,ospf6_interface_enabled,"interface=""ens11""",1
2026-07-28 12:47:00,ccf-aiops-南京,br-2,br,ospf6_interface_enabled,"interface=""ens12""",1
2026-07-28 12:47:00,ccf-aiops-南京,br-2,br,ospf6_interface_enabled,"interface=""ens3""",1
2026-07-28 12:47:00,ccf-aiops-南京,br-2,br,ospf6_interface_enabled,"interface=""ens4""",1
2026-07-28 12:47:00,ccf-aiops-南京,br-2,br,ospf6_interface_enabled,"interface=""ens5""",1
2026-07-28 12:47:00,ccf-aiops-南京,br-2,br,ospf6_interface_enabled,"interface=""ens6""",1
2026-07-28 12:47:00,ccf-aiops-南京,br-2,br,ospf6_interface_enabled,"interface=""ens7""",1
2026-07-28 12:47:00,ccf-aiops-南京,br-2,br,ospf6_interface_enabled,"interface=""ens8""",1
2026-07-28 12:47:00,ccf-aiops-南京,br-2,br,ospf6_interface_enabled,"interface=""lo""",1
2026-07-28 12:47:00,ccf-aiops-南京,br-2,br,ospf6_neighbor_state_code,"state=""Full"",interface=""ens5"",neighbor_id=""7.7.7.12""",6
2026-07-28 12:47:00,ccf-aiops-南京,br-2,br,ospf6_neighbor_state_code,"state=""Full"",interface=""ens5"",neighbor_id=""7.7.7.11""",6
2026-07-28 12:47:00,ccf-aiops-南京,br-2,br,ospf6_neighbor_state_code,"state=""Full"",interface=""ens5"",neighbor_id=""7.7.7.1""",6
2026-07-28 12:47:00,ccf-aiops-南京,cr-1,cr,ipv6_default_route_changed_total,,0
2026-07-28 12:47:00,ccf-aiops-南京,cr-1,cr,ipv6_default_route_info,"next_hop=""fd00:7:20::1"",dev=""ens4"",protocol=""196"",metric=""20"",route_index=""0"",nh_index=""0""",1
2026-07-28 12:47:00,ccf-aiops-南京,cr-1,cr,ipv6_default_route_info,"next_hop=""fd00:7:20::2"",dev=""ens4"",protocol=""196"",metric=""20"",route_index=""0"",nh_index=""1""",1
2026-07-28 12:47:00,ccf-aiops-南京,cr-1,cr,ipv6_route_change_total,"prefix=""fd00:5:40::/64""",5
2026-07-28 12:47:00,ccf-aiops-南京,cr-1,cr,ipv6_route_change_total,"prefix=""fd00:6:40::/64""",5
2026-07-28 12:47:00,ccf-aiops-南京,cr-1,cr,ipv6_route_change_total,"prefix=""fd00:7:40::/64""",0
2026-07-28 12:47:00,ccf-aiops-南京,cr-1,cr,ipv6_route_change_total,"prefix=""fd00:8:40::/64""",5
2026-07-28 12:47:00,ccf-aiops-南京,cr-1,cr,ipv6_route_change_total,"prefix=""fd00:4:40::/64""",5
2026-07-28 12:47:00,ccf-aiops-南京,cr-1,cr,ipv6_route_change_total,"prefix=""fd00:3:40::/64""",0
2026-07-28 12:47:00,ccf-aiops-南京,cr-1,cr,ipv6_route_change_total,"prefix=""fd00:2:40::/64""",0
2026-07-28 12:47:00,ccf-aiops-南京,cr-1,cr,ipv6_route_change_total,"prefix=""fd00:1:40::/64""",5
2026-07-28 12:47:00,ccf-aiops-南京,cr-1,cr,ipv6_route_change_total,"prefix=""::/0""",0
2026-07-28 12:47:00,ccf-aiops-南京,cr-1,cr,ipv6_route_count,"protocol=""ospf""",7
2026-07-28 12:47:00,ccf-aiops-南京,cr-1,cr,ipv6_route_count,"protocol=""kernel""",7
2026-07-28 12:47:00,ccf-aiops-南京,cr-1,cr,ipv6_route_count,"protocol=""all""",16
2026-07-28 12:47:00,ccf-aiops-南京,cr-1,cr,ipv6_route_count,"protocol=""196""",2
2026-07-28 12:47:00,ccf-aiops-南京,cr-1,cr,ipv6_route_exists,"prefix=""::/0""",1
2026-07-28 12:47:00,ccf-aiops-南京,cr-1,cr,ipv6_route_exists,"prefix=""fd00:8:40::/64""",1
2026-07-28 12:47:00,ccf-aiops-南京,cr-1,cr,ipv6_route_exists,"prefix=""fd00:7:40::/64""",1
2026-07-28 12:47:00,ccf-aiops-南京,cr-1,cr,ipv6_route_exists,"prefix=""fd00:6:40::/64""",1
2026-07-28 12:47:00,ccf-aiops-南京,cr-1,cr,ipv6_route_exists,"prefix=""fd00:5:40::/64""",1
2026-07-28 12:47:00,ccf-aiops-南京,cr-1,cr,ipv6_route_exists,"prefix=""fd00:4:40::/64""",1
2026-07-28 12:47:00,ccf-aiops-南京,cr-1,cr,ipv6_route_exists,"prefix=""fd00:3:40::/64""",1
2026-07-28 12:47:00,ccf-aiops-南京,cr-1,cr,ipv6_route_exists,"prefix=""fd00:2:40::/64""",1
2026-07-28 12:47:00,ccf-aiops-南京,cr-1,cr,ipv6_route_exists,"prefix=""fd00:1:40::/64""",1
2026-07-28 12:47:00,ccf-aiops-南京,cr-1,cr,ipv6_route_nexthop_info,"prefix=""fd00:3:40::/64"",next_hop=""fe80::7:20:1"",dev=""ens4"",protocol=""ospf"",metric=""20"",route_index=""0"",nh_index=""0""",1
2026-07-28 12:47:00,ccf-aiops-南京,cr-1,cr,ipv6_route_nexthop_info,"prefix=""fd00:7:40::/64"",next_hop=""fd00:7:30::254"",dev=""ens5"",protocol=""196"",metric=""20"",route_index=""0"",nh_index=""0""",1
2026-07-28 12:47:00,ccf-aiops-南京,cr-1,cr,ipv6_route_nexthop_info,"prefix=""::/0"",next_hop=""fd00:7:20::1"",dev=""ens4"",protocol=""196"",metric=""20"",route_index=""0"",nh_index=""0""",1
2026-07-28 12:47:00,ccf-aiops-南京,cr-1,cr,ipv6_route_nexthop_info,"prefix=""::/0"",next_hop=""fd00:7:20::2"",dev=""ens4"",protocol=""196"",metric=""20"",route_index=""0"",nh_index=""1""",1
2026-07-28 12:47:00,ccf-aiops-南京,cr-1,cr,ipv6_route_nexthop_info,"prefix=""fd00:1:40::/64"",next_hop=""fe80::7:20:1"",dev=""ens4"",protocol=""ospf"",metric=""20"",route_index=""0"",nh_index=""0""",1
2026-07-28 12:47:00,ccf-aiops-南京,cr-1,cr,ipv6_route_nexthop_info,"prefix=""fd00:8:40::/64"",next_hop=""fe80::7:20:2"",dev=""ens4"",protocol=""ospf"",metric=""20"",route_index=""0"",nh_index=""1""",1
2026-07-28 12:47:00,ccf-aiops-南京,cr-1,cr,ipv6_route_nexthop_info,"prefix=""fd00:6:40::/64"",next_hop=""fe80::7:20:2"",dev=""ens4"",protocol=""ospf"",metric=""20"",route_index=""0"",nh_index=""1""",1
2026-07-28 12:47:00,ccf-aiops-南京,cr-1,cr,ipv6_route_nexthop_info,"prefix=""fd00:5:40::/64"",next_hop=""fe80::7:20:2"",dev=""ens4"",protocol=""ospf"",metric=""20"",route_index=""0"",nh_index=""1""",1
2026-07-28 12:47:00,ccf-aiops-南京,cr-1,cr,ipv6_route_nexthop_info,"prefix=""fd00:4:40::/64"",next_hop=""fe80::7:20:2"",dev=""ens4"",protocol=""ospf"",metric=""20"",route_index=""0"",nh_index=""1""",1
2026-07-28 12:47:00,ccf-aiops-南京,cr-1,cr,ipv6_route_nexthop_info,"prefix=""fd00:3:40::/64"",next_hop=""fe80::7:20:2"",dev=""ens4"",protocol=""ospf"",metric=""20"",route_index=""0"",nh_index=""1""",1
2026-07-28 12:47:00,ccf-aiops-南京,cr-1,cr,ipv6_route_nexthop_info,"prefix=""fd00:2:40::/64"",next_hop=""fe80::7:20:2"",dev=""ens4"",protocol=""ospf"",metric=""20"",route_index=""0"",nh_index=""1""",1
2026-07-28 12:47:00,ccf-aiops-南京,cr-1,cr,ipv6_route_nexthop_info,"prefix=""fd00:1:40::/64"",next_hop=""fe80::7:20:2"",dev=""ens4"",protocol=""ospf"",metric=""20"",route_index=""0"",nh_index=""1""",1
2026-07-28 12:47:00,ccf-aiops-南京,cr-1,cr,ipv6_route_nexthop_info,"prefix=""fd00:8:40::/64"",next_hop=""fe80::7:20:1"",dev=""ens4"",protocol=""ospf"",metric=""20"",route_index=""0"",nh_index=""0""",1
2026-07-28 12:47:00,ccf-aiops-南京,cr-1,cr,ipv6_route_nexthop_info,"prefix=""fd00:6:40::/64"",next_hop=""fe80::7:20:1"",dev=""ens4"",protocol=""ospf"",metric=""20"",route_index=""0"",nh_index=""0""",1
2026-07-28 12:47:00,ccf-aiops-南京,cr-1,cr,ipv6_route_nexthop_info,"prefix=""fd00:5:40::/64"",next_hop=""fe80::7:20:1"",dev=""ens4"",protocol=""ospf"",metric=""20"",route_index=""0"",nh_index=""0""",1
2026-07-28 12:47:00,ccf-aiops-南京,cr-1,cr,ipv6_route_nexthop_info,"prefix=""fd00:4:40::/64"",next_hop=""fe80::7:20:1"",dev=""ens4"",protocol=""ospf"",metric=""20"",route_index=""0"",nh_index=""0""",1
2026-07-28 12:47:00,ccf-aiops-南京,cr-1,cr,ipv6_route_nexthop_info,"prefix=""fd00:2:40::/64"",next_hop=""fe80::7:20:1"",dev=""ens4"",protocol=""ospf"",metric=""20"",route_index=""0"",nh_index=""0""",1
2026-07-28 12:47:00,ccf-aiops-南京,cr-1,cr,ospf6_interface_cost,"interface=""ens5""",1
2026-07-28 12:47:00,ccf-aiops-南京,cr-1,cr,ospf6_interface_cost,"interface=""ens4""",1
2026-07-28 12:47:00,ccf-aiops-南京,cr-1,cr,ospf6_interface_enabled,"interface=""ens7""",1
2026-07-28 12:47:00,ccf-aiops-南京,cr-1,cr,ospf6_interface_enabled,"interface=""ens11""",1
2026-07-28 12:47:00,ccf-aiops-南京,cr-1,cr,ospf6_interface_enabled,"interface=""lo""",1
2026-07-28 12:47:00,ccf-aiops-南京,cr-1,cr,ospf6_interface_enabled,"interface=""virbr0""",0
2026-07-28 12:47:00,ccf-aiops-南京,cr-1,cr,ospf6_interface_enabled,"interface=""ens10""",1
2026-07-28 12:47:00,ccf-aiops-南京,cr-1,cr,ospf6_interface_enabled,"interface=""vxlan100""",1
2026-07-28 12:47:00,ccf-aiops-南京,cr-1,cr,ospf6_interface_enabled,"interface=""ens9""",1
2026-07-28 12:47:00,ccf-aiops-南京,cr-1,cr,ospf6_interface_enabled,"interface=""ens8""",1
2026-07-28 12:47:00,ccf-aiops-南京,cr-1,cr,ospf6_interface_enabled,"interface=""ens6""",1
2026-07-28 12:47:00,ccf-aiops-南京,cr-1,cr,ospf6_interface_enabled,"interface=""ens5""",1
2026-07-28 12:47:00,ccf-aiops-南京,cr-1,cr,ospf6_interface_enabled,"interface=""ens4""",1
2026-07-28 12:47:00,ccf-aiops-南京,cr-1,cr,ospf6_interface_enabled,"interface=""ens3""",1
2026-07-28 12:47:00,ccf-aiops-南京,cr-1,cr,ospf6_interface_enabled,"interface=""ens12""",1
2026-07-28 12:47:00,ccf-aiops-南京,cr-1,cr,ospf6_neighbor_state_code,"state=""Twoway"",interface=""ens4"",neighbor_id=""7.7.7.1""",2
2026-07-28 12:47:00,ccf-aiops-南京,cr-1,cr,ospf6_neighbor_state_code,"state=""Full"",interface=""ens4"",neighbor_id=""7.7.7.12""",6
2026-07-28 12:47:00,ccf-aiops-南京,cr-1,cr,ospf6_neighbor_state_code,"state=""Full"",interface=""ens4"",neighbor_id=""7.7.7.2""",6
2026-07-28 12:47:00,ccf-aiops-南京,cr-1,cr,ospf6_neighbor_state_code,"state=""Full"",interface=""ens5"",neighbor_id=""7.7.7.12""",6
2026-07-28 12:47:00,ccf-aiops-南京,cr-1,cr,bgp_command_success,,
2026-07-28 12:47:00,ccf-aiops-南京,cr-1,cr,bgp_peer_up,,
2026-07-28 12:47:00,ccf-aiops-南京,cr-1,cr,bgp_peer_uptime_seconds,,
2026-07-28 12:47:00,ccf-aiops-南京,cr-1,cr,bgp_peer_prefix_received,,
2026-07-28 12:47:00,ccf-aiops-南京,cr-1,cr,bgp_peer_prefix_sent,,
2026-07-28 12:47:00,ccf-aiops-南京,cr-1,cr,bgp_peer_count,,
2026-07-28 12:47:00,ccf-aiops-南京,cr-2,cr,ipv6_default_route_changed_total,,0
2026-07-28 12:47:00,ccf-aiops-南京,cr-2,cr,ipv6_default_route_info,"next_hop=""fd00:7:20::2"",dev=""ens4"",protocol=""196"",metric=""20"",route_index=""0"",nh_index=""1""",1
2026-07-28 12:47:00,ccf-aiops-南京,cr-2,cr,ipv6_default_route_info,"next_hop=""fd00:7:20::1"",dev=""ens4"",protocol=""196"",metric=""20"",route_index=""0"",nh_index=""0""",1
2026-07-28 12:47:00,ccf-aiops-南京,cr-2,cr,ipv6_route_change_total,"prefix=""fd00:7:40::/64""",0
2026-07-28 12:47:00,ccf-aiops-南京,cr-2,cr,ipv6_route_change_total,"prefix=""::/0""",0
2026-07-28 12:47:00,ccf-aiops-南京,cr-2,cr,ipv6_route_change_total,"prefix=""fd00:1:40::/64""",3
2026-07-28 12:47:00,ccf-aiops-南京,cr-2,cr,ipv6_route_change_total,"prefix=""fd00:2:40::/64""",3
2026-07-28 12:47:00,ccf-aiops-南京,cr-2,cr,ipv6_route_change_total,"prefix=""fd00:3:40::/64""",3
2026-07-28 12:47:00,ccf-aiops-南京,cr-2,cr,ipv6_route_change_total,"prefix=""fd00:4:40::/64""",3
2026-07-28 12:47:00,ccf-aiops-南京,cr-2,cr,ipv6_route_change_total,"prefix=""fd00:5:40::/64""",3
2026-07-28 12:47:00,ccf-aiops-南京,cr-2,cr,ipv6_route_change_total,"prefix=""fd00:6:40::/64""",3
2026-07-28 12:47:00,ccf-aiops-南京,cr-2,cr,ipv6_route_change_total,"prefix=""fd00:8:40::/64""",3
2026-07-28 12:47:00,ccf-aiops-南京,cr-2,cr,ipv6_route_count,"protocol=""196""",2
2026-07-28 12:47:00,ccf-aiops-南京,cr-2,cr,ipv6_route_count,"protocol=""all""",15
2026-07-28 12:47:00,ccf-aiops-南京,cr-2,cr,ipv6_route_count,"protocol=""kernel""",6
2026-07-28 12:47:00,ccf-aiops-南京,cr-2,cr,ipv6_route_count,"protocol=""ospf""",7
2026-07-28 12:47:00,ccf-aiops-南京,cr-2,cr,ipv6_route_exists,"prefix=""fd00:7:40::/64""",1
2026-07-28 12:47:00,ccf-aiops-南京,cr-2,cr,ipv6_route_exists,"prefix=""fd00:8:40::/64""",1
2026-07-28 12:47:00,ccf-aiops-南京,cr-2,cr,ipv6_route_exists,"prefix=""fd00:6:40::/64""",1
2026-07-28 12:47:00,ccf-aiops-南京,cr-2,cr,ipv6_route_exists,"prefix=""::/0""",1
2026-07-28 12:47:00,ccf-aiops-南京,cr-2,cr,ipv6_route_exists,"prefix=""fd00:1:40::/64""",1
2026-07-28 12:47:00,ccf-aiops-南京,cr-2,cr,ipv6_route_exists,"prefix=""fd00:2:40::/64""",1
2026-07-28 12:47:00,ccf-aiops-南京,cr-2,cr,ipv6_route_exists,"prefix=""fd00:3:40::/64""",1
2026-07-28 12:47:00,ccf-aiops-南京,cr-2,cr,ipv6_route_exists,"prefix=""fd00:4:40::/64""",1
2026-07-28 12:47:00,ccf-aiops-南京,cr-2,cr,ipv6_route_exists,"prefix=""fd00:5:40::/64""",1
2026-07-28 12:47:00,ccf-aiops-南京,cr-2,cr,ipv6_route_nexthop_info,"prefix=""fd00:1:40::/64"",next_hop=""fe80::7:20:1"",dev=""ens4"",protocol=""ospf"",metric=""20"",route_index=""0"",nh_index=""1""",1
2026-07-28 12:47:00,ccf-aiops-南京,cr-2,cr,ipv6_route_nexthop_info,"prefix=""::/0"",next_hop=""fd00:7:20::2"",dev=""ens4"",protocol=""196"",metric=""20"",route_index=""0"",nh_index=""1""",1
2026-07-28 12:47:00,ccf-aiops-南京,cr-2,cr,ipv6_route_nexthop_info,"prefix=""::/0"",next_hop=""fd00:7:20::1"",dev=""ens4"",protocol=""196"",metric=""20"",route_index=""0"",nh_index=""0""",1
2026-07-28 12:47:00,ccf-aiops-南京,cr-2,cr,ipv6_route_nexthop_info,"prefix=""fd00:2:40::/64"",next_hop=""fe80::7:20:1"",dev=""ens4"",protocol=""ospf"",metric=""20"",route_index=""0"",nh_index=""1""",1
2026-07-28 12:47:00,ccf-aiops-南京,cr-2,cr,ipv6_route_nexthop_info,"prefix=""fd00:3:40::/64"",next_hop=""fe80::7:20:1"",dev=""ens4"",protocol=""ospf"",metric=""20"",route_index=""0"",nh_index=""1""",1
2026-07-28 12:47:00,ccf-aiops-南京,cr-2,cr,ipv6_route_nexthop_info,"prefix=""fd00:4:40::/64"",next_hop=""fe80::7:20:1"",dev=""ens4"",protocol=""ospf"",metric=""20"",route_index=""0"",nh_index=""1""",1
2026-07-28 12:47:00,ccf-aiops-南京,cr-2,cr,ipv6_route_nexthop_info,"prefix=""fd00:5:40::/64"",next_hop=""fe80::7:20:1"",dev=""ens4"",protocol=""ospf"",metric=""20"",route_index=""0"",nh_index=""1""",1
2026-07-28 12:47:00,ccf-aiops-南京,cr-2,cr,ipv6_route_nexthop_info,"prefix=""fd00:6:40::/64"",next_hop=""fe80::7:20:1"",dev=""ens4"",protocol=""ospf"",metric=""20"",route_index=""0"",nh_index=""1""",1
2026-07-28 12:47:00,ccf-aiops-南京,cr-2,cr,ipv6_route_nexthop_info,"prefix=""fd00:8:40::/64"",next_hop=""fe80::7:20:1"",dev=""ens4"",protocol=""ospf"",metric=""20"",route_index=""0"",nh_index=""1""",1
2026-07-28 12:47:00,ccf-aiops-南京,cr-2,cr,ipv6_route_nexthop_info,"prefix=""fd00:1:40::/64"",next_hop=""fe80::7:20:2"",dev=""ens4"",protocol=""ospf"",metric=""20"",route_index=""0"",nh_index=""0""",1
2026-07-28 12:47:00,ccf-aiops-南京,cr-2,cr,ipv6_route_nexthop_info,"prefix=""fd00:2:40::/64"",next_hop=""fe80::7:20:2"",dev=""ens4"",protocol=""ospf"",metric=""20"",route_index=""0"",nh_index=""0""",1
2026-07-28 12:47:00,ccf-aiops-南京,cr-2,cr,ipv6_route_nexthop_info,"prefix=""fd00:3:40::/64"",next_hop=""fe80::7:20:2"",dev=""ens4"",protocol=""ospf"",metric=""20"",route_index=""0"",nh_index=""0""",1
2026-07-28 12:47:00,ccf-aiops-南京,cr-2,cr,ipv6_route_nexthop_info,"prefix=""fd00:4:40::/64"",next_hop=""fe80::7:20:2"",dev=""ens4"",protocol=""ospf"",metric=""20"",route_index=""0"",nh_index=""0""",1
2026-07-28 12:47:00,ccf-aiops-南京,cr-2,cr,ipv6_route_nexthop_info,"prefix=""fd00:5:40::/64"",next_hop=""fe80::7:20:2"",dev=""ens4"",protocol=""ospf"",metric=""20"",route_index=""0"",nh_index=""0""",1
2026-07-28 12:47:00,ccf-aiops-南京,cr-2,cr,ipv6_route_nexthop_info,"prefix=""fd00:6:40::/64"",next_hop=""fe80::7:20:2"",dev=""ens4"",protocol=""ospf"",metric=""20"",route_index=""0"",nh_index=""0""",1
2026-07-28 12:47:00,ccf-aiops-南京,cr-2,cr,ipv6_route_nexthop_info,"prefix=""fd00:8:40::/64"",next_hop=""fe80::7:20:2"",dev=""ens4"",protocol=""ospf"",metric=""20"",route_index=""0"",nh_index=""0""",1
2026-07-28 12:47:00,ccf-aiops-南京,cr-2,cr,ipv6_route_nexthop_info,"prefix=""fd00:7:40::/64"",next_hop=""fd00:7:30::254"",dev=""ens5"",protocol=""196"",metric=""20"",route_index=""0"",nh_index=""0""",1
2026-07-28 12:47:00,ccf-aiops-南京,cr-2,cr,ospf6_interface_cost,"interface=""ens4""",1
2026-07-28 12:47:00,ccf-aiops-南京,cr-2,cr,ospf6_interface_cost,"interface=""ens5""",1
2026-07-28 12:47:00,ccf-aiops-南京,cr-2,cr,ospf6_interface_enabled,"interface=""ens12""",1
2026-07-28 12:47:00,ccf-aiops-南京,cr-2,cr,ospf6_interface_enabled,"interface=""ens9""",1
2026-07-28 12:47:00,ccf-aiops-南京,cr-2,cr,ospf6_interface_enabled,"interface=""ens10""",1
2026-07-28 12:47:00,ccf-aiops-南京,cr-2,cr,ospf6_interface_enabled,"interface=""ens11""",1
2026-07-28 12:47:00,ccf-aiops-南京,cr-2,cr,ospf6_interface_enabled,"interface=""ens3""",1
2026-07-28 12:47:00,ccf-aiops-南京,cr-2,cr,ospf6_interface_enabled,"interface=""ens4""",1
2026-07-28 12:47:00,ccf-aiops-南京,cr-2,cr,ospf6_interface_enabled,"interface=""ens5""",1
2026-07-28 12:47:00,ccf-aiops-南京,cr-2,cr,ospf6_interface_enabled,"interface=""ens6""",1
2026-07-28 12:47:00,ccf-aiops-南京,cr-2,cr,ospf6_interface_enabled,"interface=""ens7""",1
2026-07-28 12:47:00,ccf-aiops-南京,cr-2,cr,ospf6_interface_enabled,"interface=""ens8""",1
2026-07-28 12:47:00,ccf-aiops-南京,cr-2,cr,ospf6_interface_enabled,"interface=""virbr0""",0
2026-07-28 12:47:00,ccf-aiops-南京,cr-2,cr,ospf6_interface_enabled,"interface=""lo""",1
2026-07-28 12:47:00,ccf-aiops-南京,cr-2,cr,ospf6_neighbor_state_code,"state=""Full"",interface=""ens4"",neighbor_id=""7.7.7.1""",6
2026-07-28 12:47:00,ccf-aiops-南京,cr-2,cr,ospf6_neighbor_state_code,"state=""Full"",interface=""ens4"",neighbor_id=""7.7.7.11""",6
2026-07-28 12:47:00,ccf-aiops-南京,cr-2,cr,ospf6_neighbor_state_code,"state=""Full"",interface=""ens4"",neighbor_id=""7.7.7.2""",6
2026-07-28 12:47:00,ccf-aiops-南京,cr-2,cr,ospf6_neighbor_state_code,"state=""Full"",interface=""ens5"",neighbor_id=""7.7.7.11""",6
2026-07-28 12:47:00,ccf-aiops-南京,cr-2,cr,bgp_command_success,,
2026-07-28 12:47:00,ccf-aiops-南京,cr-2,cr,bgp_peer_up,,
2026-07-28 12:47:00,ccf-aiops-南京,cr-2,cr,bgp_peer_uptime_seconds,,
2026-07-28 12:47:00,ccf-aiops-南京,cr-2,cr,bgp_peer_prefix_received,,
2026-07-28 12:47:00,ccf-aiops-南京,cr-2,cr,bgp_peer_prefix_sent,,
2026-07-28 12:47:00,ccf-aiops-南京,cr-2,cr,bgp_peer_count,,
2026-07-28 12:48:00,ccf-aiops-南京,br-1,br,bgp_command_success,"command=""bgp_summary""",1
2026-07-28 12:48:00,ccf-aiops-南京,br-1,br,bgp_peer_count,,2
2026-07-28 12:48:00,ccf-aiops-南京,br-1,br,bgp_peer_prefix_received,"peer=""fd00:100:10::41"",remote_as=""65005"",state=""Established""",7
2026-07-28 12:48:00,ccf-aiops-南京,br-1,br,bgp_peer_prefix_received,"peer=""fd00:100:10::51"",remote_as=""65006"",state=""Established""",7
2026-07-28 12:48:00,ccf-aiops-南京,br-1,br,bgp_peer_prefix_sent,"peer=""fd00:100:10::41"",remote_as=""65005"",state=""Established""",8
2026-07-28 12:48:00,ccf-aiops-南京,br-1,br,bgp_peer_prefix_sent,"peer=""fd00:100:10::51"",remote_as=""65006"",state=""Established""",8
2026-07-28 12:48:00,ccf-aiops-南京,br-1,br,bgp_peer_up,"peer=""fd00:100:10::41"",remote_as=""65005"",state=""Established""",1
2026-07-28 12:48:00,ccf-aiops-南京,br-1,br,bgp_peer_up,"peer=""fd00:100:10::51"",remote_as=""65006"",state=""Established""",1
2026-07-28 12:48:00,ccf-aiops-南京,br-1,br,bgp_peer_uptime_seconds,"peer=""fd00:100:10::51"",remote_as=""65006"",state=""Established""",2413434
2026-07-28 12:48:00,ccf-aiops-南京,br-1,br,bgp_peer_uptime_seconds,"peer=""fd00:100:10::41"",remote_as=""65005"",state=""Established""",2413434
2026-07-28 12:48:00,ccf-aiops-南京,br-1,br,ipv6_default_route_changed_total,,0
2026-07-28 12:48:00,ccf-aiops-南京,br-1,br,ipv6_default_route_info,"next_hop=""240a:a023::1"",dev=""ens4"",protocol=""unknown"",metric=""1024"",route_index=""0"",nh_index=""0""",1
2026-07-28 12:48:00,ccf-aiops-南京,br-1,br,ipv6_route_change_total,"prefix=""fd00:3:40::/64""",0
2026-07-28 12:48:00,ccf-aiops-南京,br-1,br,ipv6_route_change_total,"prefix=""::/0""",0
2026-07-28 12:48:00,ccf-aiops-南京,br-1,br,ipv6_route_change_total,"prefix=""fd00:1:40::/64""",0
2026-07-28 12:48:00,ccf-aiops-南京,br-1,br,ipv6_route_change_total,"prefix=""fd00:2:40::/64""",5
2026-07-28 12:48:00,ccf-aiops-南京,br-1,br,ipv6_route_change_total,"prefix=""fd00:8:40::/64""",0
2026-07-28 12:48:00,ccf-aiops-南京,br-1,br,ipv6_route_change_total,"prefix=""fd00:4:40::/64""",0
2026-07-28 12:48:00,ccf-aiops-南京,br-1,br,ipv6_route_change_total,"prefix=""fd00:5:40::/64""",0
2026-07-28 12:48:00,ccf-aiops-南京,br-1,br,ipv6_route_change_total,"prefix=""fd00:6:40::/64""",0
2026-07-28 12:48:00,ccf-aiops-南京,br-1,br,ipv6_route_change_total,"prefix=""fd00:7:40::/64""",8
2026-07-28 12:48:00,ccf-aiops-南京,br-1,br,ipv6_route_count,"protocol=""unknown""",1
2026-07-28 12:48:00,ccf-aiops-南京,br-1,br,ipv6_route_count,"protocol=""ospf""",2
2026-07-28 12:48:00,ccf-aiops-南京,br-1,br,ipv6_route_count,"protocol=""kernel""",7
2026-07-28 12:48:00,ccf-aiops-南京,br-1,br,ipv6_route_count,"protocol=""bgp""",7
2026-07-28 12:48:00,ccf-aiops-南京,br-1,br,ipv6_route_count,"protocol=""all""",17
2026-07-28 12:48:00,ccf-aiops-南京,br-1,br,ipv6_route_exists,"prefix=""fd00:8:40::/64""",1
2026-07-28 12:48:00,ccf-aiops-南京,br-1,br,ipv6_route_exists,"prefix=""fd00:7:40::/64""",1
2026-07-28 12:48:00,ccf-aiops-南京,br-1,br,ipv6_route_exists,"prefix=""fd00:6:40::/64""",1
2026-07-28 12:48:00,ccf-aiops-南京,br-1,br,ipv6_route_exists,"prefix=""fd00:5:40::/64""",1
2026-07-28 12:48:00,ccf-aiops-南京,br-1,br,ipv6_route_exists,"prefix=""fd00:4:40::/64""",1
2026-07-28 12:48:00,ccf-aiops-南京,br-1,br,ipv6_route_exists,"prefix=""fd00:3:40::/64""",1
2026-07-28 12:48:00,ccf-aiops-南京,br-1,br,ipv6_route_exists,"prefix=""fd00:2:40::/64""",1
2026-07-28 12:48:00,ccf-aiops-南京,br-1,br,ipv6_route_exists,"prefix=""fd00:1:40::/64""",1
2026-07-28 12:48:00,ccf-aiops-南京,br-1,br,ipv6_route_exists,"prefix=""::/0""",1
2026-07-28 12:48:00,ccf-aiops-南京,br-1,br,ipv6_route_nexthop_info,"prefix=""fd00:2:40::/64"",next_hop=""fe80::100:10:51"",dev=""ens4"",protocol=""bgp"",metric=""20"",route_index=""0"",nh_index=""0""",1
2026-07-28 12:48:00,ccf-aiops-南京,br-1,br,ipv6_route_nexthop_info,"prefix=""fd00:4:40::/64"",next_hop=""fe80::100:10:41"",dev=""ens4"",protocol=""bgp"",metric=""20"",route_index=""0"",nh_index=""0""",1
2026-07-28 12:48:00,ccf-aiops-南京,br-1,br,ipv6_route_nexthop_info,"prefix=""fd00:1:40::/64"",next_hop=""fe80::100:10:51"",dev=""ens4"",protocol=""bgp"",metric=""20"",route_index=""0"",nh_index=""0""",1
2026-07-28 12:48:00,ccf-aiops-南京,br-1,br,ipv6_route_nexthop_info,"prefix=""fd00:6:40::/64"",next_hop=""fe80::100:10:51"",dev=""ens4"",protocol=""bgp"",metric=""20"",route_index=""0"",nh_index=""0""",1
2026-07-28 12:48:00,ccf-aiops-南京,br-1,br,ipv6_route_nexthop_info,"prefix=""fd00:7:40::/64"",next_hop=""fe80::7:20:12"",dev=""ens5"",protocol=""ospf"",metric=""20"",route_index=""0"",nh_index=""0""",1
2026-07-28 12:48:00,ccf-aiops-南京,br-1,br,ipv6_route_nexthop_info,"prefix=""fd00:7:40::/64"",next_hop=""fe80::7:20:11"",dev=""ens5"",protocol=""ospf"",metric=""20"",route_index=""0"",nh_index=""1""",1
2026-07-28 12:48:00,ccf-aiops-南京,br-1,br,ipv6_route_nexthop_info,"prefix=""fd00:5:40::/64"",next_hop=""fe80::100:10:41"",dev=""ens4"",protocol=""bgp"",metric=""20"",route_index=""0"",nh_index=""0""",1
2026-07-28 12:48:00,ccf-aiops-南京,br-1,br,ipv6_route_nexthop_info,"prefix=""::/0"",next_hop=""240a:a023::1"",dev=""ens4"",protocol=""unknown"",metric=""1024"",route_index=""0"",nh_index=""0""",1
2026-07-28 12:48:00,ccf-aiops-南京,br-1,br,ipv6_route_nexthop_info,"prefix=""fd00:8:40::/64"",next_hop=""fe80::100:10:41"",dev=""ens4"",protocol=""bgp"",metric=""20"",route_index=""0"",nh_index=""0""",1
2026-07-28 12:48:00,ccf-aiops-南京,br-1,br,ipv6_route_nexthop_info,"prefix=""fd00:3:40::/64"",next_hop=""fe80::100:10:41"",dev=""ens4"",protocol=""bgp"",metric=""20"",route_index=""0"",nh_index=""0""",1
2026-07-28 12:48:00,ccf-aiops-南京,br-1,br,ospf6_interface_cost,"interface=""ens5""",1
2026-07-28 12:48:00,ccf-aiops-南京,br-1,br,ospf6_interface_enabled,"interface=""virbr0""",0
2026-07-28 12:48:00,ccf-aiops-南京,br-1,br,ospf6_interface_enabled,"interface=""lo""",1
2026-07-28 12:48:00,ccf-aiops-南京,br-1,br,ospf6_interface_enabled,"interface=""ens12""",1
2026-07-28 12:48:00,ccf-aiops-南京,br-1,br,ospf6_interface_enabled,"interface=""ens3""",1
2026-07-28 12:48:00,ccf-aiops-南京,br-1,br,ospf6_interface_enabled,"interface=""ens4""",1
2026-07-28 12:48:00,ccf-aiops-南京,br-1,br,ospf6_interface_enabled,"interface=""ens9""",1
2026-07-28 12:48:00,ccf-aiops-南京,br-1,br,ospf6_interface_enabled,"interface=""ens8""",1
2026-07-28 12:48:00,ccf-aiops-南京,br-1,br,ospf6_interface_enabled,"interface=""ens7""",1
2026-07-28 12:48:00,ccf-aiops-南京,br-1,br,ospf6_interface_enabled,"interface=""ens10""",1
2026-07-28 12:48:00,ccf-aiops-南京,br-1,br,ospf6_interface_enabled,"interface=""ens11""",1
2026-07-28 12:48:00,ccf-aiops-南京,br-1,br,ospf6_interface_enabled,"interface=""ens5""",1
2026-07-28 12:48:00,ccf-aiops-南京,br-1,br,ospf6_interface_enabled,"interface=""ens6""",1
2026-07-28 12:48:00,ccf-aiops-南京,br-1,br,ospf6_neighbor_state_code,"state=""Full"",interface=""ens5"",neighbor_id=""7.7.7.2""",6
2026-07-28 12:48:00,ccf-aiops-南京,br-1,br,ospf6_neighbor_state_code,"state=""Twoway"",interface=""ens5"",neighbor_id=""7.7.7.11""",2
2026-07-28 12:48:00,ccf-aiops-南京,br-1,br,ospf6_neighbor_state_code,"state=""Full"",interface=""ens5"",neighbor_id=""7.7.7.12""",6
2026-07-28 12:48:00,ccf-aiops-南京,br-2,br,bgp_command_success,"command=""bgp_summary""",1
2026-07-28 12:48:00,ccf-aiops-南京,br-2,br,bgp_peer_count,,2
2026-07-28 12:48:00,ccf-aiops-南京,br-2,br,bgp_peer_prefix_received,"peer=""fd00:100:10::52"",remote_as=""65006"",state=""Established""",7
2026-07-28 12:48:00,ccf-aiops-南京,br-2,br,bgp_peer_prefix_received,"peer=""fd00:100:10::42"",remote_as=""65005"",state=""Established""",7
2026-07-28 12:48:00,ccf-aiops-南京,br-2,br,bgp_peer_prefix_sent,"peer=""fd00:100:10::52"",remote_as=""65006"",state=""Established""",8
2026-07-28 12:48:00,ccf-aiops-南京,br-2,br,bgp_peer_prefix_sent,"peer=""fd00:100:10::42"",remote_as=""65005"",state=""Established""",8
2026-07-28 12:48:00,ccf-aiops-南京,br-2,br,bgp_peer_up,"peer=""fd00:100:10::52"",remote_as=""65006"",state=""Established""",1
2026-07-28 12:48:00,ccf-aiops-南京,br-2,br,bgp_peer_up,"peer=""fd00:100:10::42"",remote_as=""65005"",state=""Established""",1
2026-07-28 12:48:00,ccf-aiops-南京,br-2,br,bgp_peer_uptime_seconds,"peer=""fd00:100:10::42"",remote_as=""65005"",state=""Established""",2413401
2026-07-28 12:48:00,ccf-aiops-南京,br-2,br,bgp_peer_uptime_seconds,"peer=""fd00:100:10::52"",remote_as=""65006"",state=""Established""",2413401
2026-07-28 12:48:00,ccf-aiops-南京,br-2,br,ipv6_default_route_changed_total,,0
2026-07-28 12:48:00,ccf-aiops-南京,br-2,br,ipv6_default_route_info,"next_hop=""240a:a023::1"",dev=""ens4"",protocol=""unknown"",metric=""1024"",route_index=""0"",nh_index=""0""",1
2026-07-28 12:48:00,ccf-aiops-南京,br-2,br,ipv6_route_change_total,"prefix=""fd00:6:40::/64""",0
2026-07-28 12:48:00,ccf-aiops-南京,br-2,br,ipv6_route_change_total,"prefix=""fd00:7:40::/64""",10
2026-07-28 12:48:00,ccf-aiops-南京,br-2,br,ipv6_route_change_total,"prefix=""fd00:8:40::/64""",0
2026-07-28 12:48:00,ccf-aiops-南京,br-2,br,ipv6_route_change_total,"prefix=""::/0""",0
2026-07-28 12:48:00,ccf-aiops-南京,br-2,br,ipv6_route_change_total,"prefix=""fd00:1:40::/64""",0
2026-07-28 12:48:00,ccf-aiops-南京,br-2,br,ipv6_route_change_total,"prefix=""fd00:2:40::/64""",3
2026-07-28 12:48:00,ccf-aiops-南京,br-2,br,ipv6_route_change_total,"prefix=""fd00:3:40::/64""",0
2026-07-28 12:48:00,ccf-aiops-南京,br-2,br,ipv6_route_change_total,"prefix=""fd00:4:40::/64""",0
2026-07-28 12:48:00,ccf-aiops-南京,br-2,br,ipv6_route_change_total,"prefix=""fd00:5:40::/64""",0
2026-07-28 12:48:00,ccf-aiops-南京,br-2,br,ipv6_route_count,"protocol=""kernel""",7
2026-07-28 12:48:00,ccf-aiops-南京,br-2,br,ipv6_route_count,"protocol=""bgp""",7
2026-07-28 12:48:00,ccf-aiops-南京,br-2,br,ipv6_route_count,"protocol=""all""",17
2026-07-28 12:48:00,ccf-aiops-南京,br-2,br,ipv6_route_count,"protocol=""unknown""",1
2026-07-28 12:48:00,ccf-aiops-南京,br-2,br,ipv6_route_count,"protocol=""ospf""",2
2026-07-28 12:48:00,ccf-aiops-南京,br-2,br,ipv6_route_exists,"prefix=""fd00:8:40::/64""",1
2026-07-28 12:48:00,ccf-aiops-南京,br-2,br,ipv6_route_exists,"prefix=""fd00:7:40::/64""",1
2026-07-28 12:48:00,ccf-aiops-南京,br-2,br,ipv6_route_exists,"prefix=""fd00:6:40::/64""",1
2026-07-28 12:48:00,ccf-aiops-南京,br-2,br,ipv6_route_exists,"prefix=""fd00:5:40::/64""",1
2026-07-28 12:48:00,ccf-aiops-南京,br-2,br,ipv6_route_exists,"prefix=""fd00:3:40::/64""",1
2026-07-28 12:48:00,ccf-aiops-南京,br-2,br,ipv6_route_exists,"prefix=""fd00:4:40::/64""",1
2026-07-28 12:48:00,ccf-aiops-南京,br-2,br,ipv6_route_exists,"prefix=""fd00:2:40::/64""",1
2026-07-28 12:48:00,ccf-aiops-南京,br-2,br,ipv6_route_exists,"prefix=""::/0""",1
2026-07-28 12:48:00,ccf-aiops-南京,br-2,br,ipv6_route_exists,"prefix=""fd00:1:40::/64""",1
2026-07-28 12:48:00,ccf-aiops-南京,br-2,br,ipv6_route_nexthop_info,"prefix=""fd00:2:40::/64"",next_hop=""fe80::100:10:52"",dev=""ens4"",protocol=""bgp"",metric=""20"",route_index=""0"",nh_index=""0""",1
2026-07-28 12:48:00,ccf-aiops-南京,br-2,br,ipv6_route_nexthop_info,"prefix=""::/0"",next_hop=""240a:a023::1"",dev=""ens4"",protocol=""unknown"",metric=""1024"",route_index=""0"",nh_index=""0""",1
2026-07-28 12:48:00,ccf-aiops-南京,br-2,br,ipv6_route_nexthop_info,"prefix=""fd00:3:40::/64"",next_hop=""fe80::100:10:42"",dev=""ens4"",protocol=""bgp"",metric=""20"",route_index=""0"",nh_index=""0""",1
2026-07-28 12:48:00,ccf-aiops-南京,br-2,br,ipv6_route_nexthop_info,"prefix=""fd00:4:40::/64"",next_hop=""fe80::100:10:42"",dev=""ens4"",protocol=""bgp"",metric=""20"",route_index=""0"",nh_index=""0""",1
2026-07-28 12:48:00,ccf-aiops-南京,br-2,br,ipv6_route_nexthop_info,"prefix=""fd00:5:40::/64"",next_hop=""fe80::100:10:42"",dev=""ens4"",protocol=""bgp"",metric=""20"",route_index=""0"",nh_index=""0""",1
2026-07-28 12:48:00,ccf-aiops-南京,br-2,br,ipv6_route_nexthop_info,"prefix=""fd00:8:40::/64"",next_hop=""fe80::100:10:42"",dev=""ens4"",protocol=""bgp"",metric=""20"",route_index=""0"",nh_index=""0""",1
2026-07-28 12:48:00,ccf-aiops-南京,br-2,br,ipv6_route_nexthop_info,"prefix=""fd00:1:40::/64"",next_hop=""fe80::100:10:52"",dev=""ens4"",protocol=""bgp"",metric=""20"",route_index=""0"",nh_index=""0""",1
2026-07-28 12:48:00,ccf-aiops-南京,br-2,br,ipv6_route_nexthop_info,"prefix=""fd00:6:40::/64"",next_hop=""fe80::100:10:52"",dev=""ens4"",protocol=""bgp"",metric=""20"",route_index=""0"",nh_index=""0""",1
2026-07-28 12:48:00,ccf-aiops-南京,br-2,br,ipv6_route_nexthop_info,"prefix=""fd00:7:40::/64"",next_hop=""fe80::7:20:11"",dev=""ens5"",protocol=""ospf"",metric=""20"",route_index=""0"",nh_index=""1""",1
2026-07-28 12:48:00,ccf-aiops-南京,br-2,br,ipv6_route_nexthop_info,"prefix=""fd00:7:40::/64"",next_hop=""fe80::7:20:12"",dev=""ens5"",protocol=""ospf"",metric=""20"",route_index=""0"",nh_index=""0""",1
2026-07-28 12:48:00,ccf-aiops-南京,br-2,br,ospf6_interface_cost,"interface=""ens5""",1
2026-07-28 12:48:00,ccf-aiops-南京,br-2,br,ospf6_interface_enabled,"interface=""lo""",1
2026-07-28 12:48:00,ccf-aiops-南京,br-2,br,ospf6_interface_enabled,"interface=""ens11""",1
2026-07-28 12:48:00,ccf-aiops-南京,br-2,br,ospf6_interface_enabled,"interface=""ens12""",1
2026-07-28 12:48:00,ccf-aiops-南京,br-2,br,ospf6_interface_enabled,"interface=""ens3""",1
2026-07-28 12:48:00,ccf-aiops-南京,br-2,br,ospf6_interface_enabled,"interface=""ens4""",1
2026-07-28 12:48:00,ccf-aiops-南京,br-2,br,ospf6_interface_enabled,"interface=""ens5""",1
2026-07-28 12:48:00,ccf-aiops-南京,br-2,br,ospf6_interface_enabled,"interface=""ens6""",1
2026-07-28 12:48:00,ccf-aiops-南京,br-2,br,ospf6_interface_enabled,"interface=""ens10""",1
2026-07-28 12:48:00,ccf-aiops-南京,br-2,br,ospf6_interface_enabled,"interface=""ens7""",1
2026-07-28 12:48:00,ccf-aiops-南京,br-2,br,ospf6_interface_enabled,"interface=""ens8""",1
2026-07-28 12:48:00,ccf-aiops-南京,br-2,br,ospf6_interface_enabled,"interface=""virbr0""",0
2026-07-28 12:48:00,ccf-aiops-南京,br-2,br,ospf6_interface_enabled,"interface=""ens9""",1
2026-07-28 12:48:00,ccf-aiops-南京,br-2,br,ospf6_neighbor_state_code,"state=""Full"",interface=""ens5"",neighbor_id=""7.7.7.12""",6
2026-07-28 12:48:00,ccf-aiops-南京,br-2,br,ospf6_neighbor_state_code,"state=""Full"",interface=""ens5"",neighbor_id=""7.7.7.11""",6
2026-07-28 12:48:00,ccf-aiops-南京,br-2,br,ospf6_neighbor_state_code,"state=""Full"",interface=""ens5"",neighbor_id=""7.7.7.1""",6
2026-07-28 12:48:00,ccf-aiops-南京,cr-1,cr,ipv6_default_route_changed_total,,0
2026-07-28 12:48:00,ccf-aiops-南京,cr-1,cr,ipv6_default_route_info,"next_hop=""fd00:7:20::1"",dev=""ens4"",protocol=""196"",metric=""20"",route_index=""0"",nh_index=""0""",1
2026-07-28 12:48:00,ccf-aiops-南京,cr-1,cr,ipv6_default_route_info,"next_hop=""fd00:7:20::2"",dev=""ens4"",protocol=""196"",metric=""20"",route_index=""0"",nh_index=""1""",1
2026-07-28 12:48:00,ccf-aiops-南京,cr-1,cr,ipv6_route_change_total,"prefix=""fd00:8:40::/64""",5
2026-07-28 12:48:00,ccf-aiops-南京,cr-1,cr,ipv6_route_change_total,"prefix=""fd00:7:40::/64""",0
2026-07-28 12:48:00,ccf-aiops-南京,cr-1,cr,ipv6_route_change_total,"prefix=""fd00:6:40::/64""",5
2026-07-28 12:48:00,ccf-aiops-南京,cr-1,cr,ipv6_route_change_total,"prefix=""fd00:5:40::/64""",5
2026-07-28 12:48:00,ccf-aiops-南京,cr-1,cr,ipv6_route_change_total,"prefix=""fd00:4:40::/64""",5
2026-07-28 12:48:00,ccf-aiops-南京,cr-1,cr,ipv6_route_change_total,"prefix=""::/0""",0
2026-07-28 12:48:00,ccf-aiops-南京,cr-1,cr,ipv6_route_change_total,"prefix=""fd00:1:40::/64""",5
2026-07-28 12:48:00,ccf-aiops-南京,cr-1,cr,ipv6_route_change_total,"prefix=""fd00:2:40::/64""",0
2026-07-28 12:48:00,ccf-aiops-南京,cr-1,cr,ipv6_route_change_total,"prefix=""fd00:3:40::/64""",0
2026-07-28 12:48:00,ccf-aiops-南京,cr-1,cr,ipv6_route_count,"protocol=""196""",2
2026-07-28 12:48:00,ccf-aiops-南京,cr-1,cr,ipv6_route_count,"protocol=""all""",16
2026-07-28 12:48:00,ccf-aiops-南京,cr-1,cr,ipv6_route_count,"protocol=""kernel""",7
2026-07-28 12:48:00,ccf-aiops-南京,cr-1,cr,ipv6_route_count,"protocol=""ospf""",7
2026-07-28 12:48:00,ccf-aiops-南京,cr-1,cr,ipv6_route_exists,"prefix=""fd00:8:40::/64""",1
2026-07-28 12:48:00,ccf-aiops-南京,cr-1,cr,ipv6_route_exists,"prefix=""fd00:7:40::/64""",1
2026-07-28 12:48:00,ccf-aiops-南京,cr-1,cr,ipv6_route_exists,"prefix=""fd00:6:40::/64""",1
2026-07-28 12:48:00,ccf-aiops-南京,cr-1,cr,ipv6_route_exists,"prefix=""fd00:5:40::/64""",1
2026-07-28 12:48:00,ccf-aiops-南京,cr-1,cr,ipv6_route_exists,"prefix=""::/0""",1
2026-07-28 12:48:00,ccf-aiops-南京,cr-1,cr,ipv6_route_exists,"prefix=""fd00:1:40::/64""",1
2026-07-28 12:48:00,ccf-aiops-南京,cr-1,cr,ipv6_route_exists,"prefix=""fd00:2:40::/64""",1
2026-07-28 12:48:00,ccf-aiops-南京,cr-1,cr,ipv6_route_exists,"prefix=""fd00:3:40::/64""",1
2026-07-28 12:48:00,ccf-aiops-南京,cr-1,cr,ipv6_route_exists,"prefix=""fd00:4:40::/64""",1
2026-07-28 12:48:00,ccf-aiops-南京,cr-1,cr,ipv6_route_nexthop_info,"prefix=""fd00:2:40::/64"",next_hop=""fe80::7:20:1"",dev=""ens4"",protocol=""ospf"",metric=""20"",route_index=""0"",nh_index=""0""",1
2026-07-28 12:48:00,ccf-aiops-南京,cr-1,cr,ipv6_route_nexthop_info,"prefix=""fd00:7:40::/64"",next_hop=""fd00:7:30::254"",dev=""ens5"",protocol=""196"",metric=""20"",route_index=""0"",nh_index=""0""",1
2026-07-28 12:48:00,ccf-aiops-南京,cr-1,cr,ipv6_route_nexthop_info,"prefix=""::/0"",next_hop=""fd00:7:20::1"",dev=""ens4"",protocol=""196"",metric=""20"",route_index=""0"",nh_index=""0""",1
2026-07-28 12:48:00,ccf-aiops-南京,cr-1,cr,ipv6_route_nexthop_info,"prefix=""::/0"",next_hop=""fd00:7:20::2"",dev=""ens4"",protocol=""196"",metric=""20"",route_index=""0"",nh_index=""1""",1
2026-07-28 12:48:00,ccf-aiops-南京,cr-1,cr,ipv6_route_nexthop_info,"prefix=""fd00:8:40::/64"",next_hop=""fe80::7:20:2"",dev=""ens4"",protocol=""ospf"",metric=""20"",route_index=""0"",nh_index=""1""",1
2026-07-28 12:48:00,ccf-aiops-南京,cr-1,cr,ipv6_route_nexthop_info,"prefix=""fd00:6:40::/64"",next_hop=""fe80::7:20:2"",dev=""ens4"",protocol=""ospf"",metric=""20"",route_index=""0"",nh_index=""1""",1
2026-07-28 12:48:00,ccf-aiops-南京,cr-1,cr,ipv6_route_nexthop_info,"prefix=""fd00:5:40::/64"",next_hop=""fe80::7:20:2"",dev=""ens4"",protocol=""ospf"",metric=""20"",route_index=""0"",nh_index=""1""",1
2026-07-28 12:48:00,ccf-aiops-南京,cr-1,cr,ipv6_route_nexthop_info,"prefix=""fd00:4:40::/64"",next_hop=""fe80::7:20:2"",dev=""ens4"",protocol=""ospf"",metric=""20"",route_index=""0"",nh_index=""1""",1
2026-07-28 12:48:00,ccf-aiops-南京,cr-1,cr,ipv6_route_nexthop_info,"prefix=""fd00:3:40::/64"",next_hop=""fe80::7:20:2"",dev=""ens4"",protocol=""ospf"",metric=""20"",route_index=""0"",nh_index=""1""",1
2026-07-28 12:48:00,ccf-aiops-南京,cr-1,cr,ipv6_route_nexthop_info,"prefix=""fd00:2:40::/64"",next_hop=""fe80::7:20:2"",dev=""ens4"",protocol=""ospf"",metric=""20"",route_index=""0"",nh_index=""1""",1
2026-07-28 12:48:00,ccf-aiops-南京,cr-1,cr,ipv6_route_nexthop_info,"prefix=""fd00:1:40::/64"",next_hop=""fe80::7:20:2"",dev=""ens4"",protocol=""ospf"",metric=""20"",route_index=""0"",nh_index=""1""",1
2026-07-28 12:48:00,ccf-aiops-南京,cr-1,cr,ipv6_route_nexthop_info,"prefix=""fd00:8:40::/64"",next_hop=""fe80::7:20:1"",dev=""ens4"",protocol=""ospf"",metric=""20"",route_index=""0"",nh_index=""0""",1
2026-07-28 12:48:00,ccf-aiops-南京,cr-1,cr,ipv6_route_nexthop_info,"prefix=""fd00:6:40::/64"",next_hop=""fe80::7:20:1"",dev=""ens4"",protocol=""ospf"",metric=""20"",route_index=""0"",nh_index=""0""",1
2026-07-28 12:48:00,ccf-aiops-南京,cr-1,cr,ipv6_route_nexthop_info,"prefix=""fd00:5:40::/64"",next_hop=""fe80::7:20:1"",dev=""ens4"",protocol=""ospf"",metric=""20"",route_index=""0"",nh_index=""0""",1
2026-07-28 12:48:00,ccf-aiops-南京,cr-1,cr,ipv6_route_nexthop_info,"prefix=""fd00:4:40::/64"",next_hop=""fe80::7:20:1"",dev=""ens4"",protocol=""ospf"",metric=""20"",route_index=""0"",nh_index=""0""",1
2026-07-28 12:48:00,ccf-aiops-南京,cr-1,cr,ipv6_route_nexthop_info,"prefix=""fd00:3:40::/64"",next_hop=""fe80::7:20:1"",dev=""ens4"",protocol=""ospf"",metric=""20"",route_index=""0"",nh_index=""0""",1
2026-07-28 12:48:00,ccf-aiops-南京,cr-1,cr,ipv6_route_nexthop_info,"prefix=""fd00:1:40::/64"",next_hop=""fe80::7:20:1"",dev=""ens4"",protocol=""ospf"",metric=""20"",route_index=""0"",nh_index=""0""",1
2026-07-28 12:48:00,ccf-aiops-南京,cr-1,cr,ospf6_interface_cost,"interface=""ens4""",1
2026-07-28 12:48:00,ccf-aiops-南京,cr-1,cr,ospf6_interface_cost,"interface=""ens5""",1
2026-07-28 12:48:00,ccf-aiops-南京,cr-1,cr,ospf6_interface_enabled,"interface=""ens3""",1
2026-07-28 12:48:00,ccf-aiops-南京,cr-1,cr,ospf6_interface_enabled,"interface=""ens12""",1
2026-07-28 12:48:00,ccf-aiops-南京,cr-1,cr,ospf6_interface_enabled,"interface=""ens4""",1
2026-07-28 12:48:00,ccf-aiops-南京,cr-1,cr,ospf6_interface_enabled,"interface=""ens5""",1
2026-07-28 12:48:00,ccf-aiops-南京,cr-1,cr,ospf6_interface_enabled,"interface=""ens6""",1
2026-07-28 12:48:00,ccf-aiops-南京,cr-1,cr,ospf6_interface_enabled,"interface=""vxlan100""",1
2026-07-28 12:48:00,ccf-aiops-南京,cr-1,cr,ospf6_interface_enabled,"interface=""virbr0""",0
2026-07-28 12:48:00,ccf-aiops-南京,cr-1,cr,ospf6_interface_enabled,"interface=""ens10""",1
2026-07-28 12:48:00,ccf-aiops-南京,cr-1,cr,ospf6_interface_enabled,"interface=""ens11""",1
2026-07-28 12:48:00,ccf-aiops-南京,cr-1,cr,ospf6_interface_enabled,"interface=""lo""",1
2026-07-28 12:48:00,ccf-aiops-南京,cr-1,cr,ospf6_interface_enabled,"interface=""ens9""",1
2026-07-28 12:48:00,ccf-aiops-南京,cr-1,cr,ospf6_interface_enabled,"interface=""ens8""",1
2026-07-28 12:48:00,ccf-aiops-南京,cr-1,cr,ospf6_interface_enabled,"interface=""ens7""",1
2026-07-28 12:48:00,ccf-aiops-南京,cr-1,cr,ospf6_neighbor_state_code,"state=""Full"",interface=""ens5"",neighbor_id=""7.7.7.12""",6
2026-07-28 12:48:00,ccf-aiops-南京,cr-1,cr,ospf6_neighbor_state_code,"state=""Twoway"",interface=""ens4"",neighbor_id=""7.7.7.1""",2
2026-07-28 12:48:00,ccf-aiops-南京,cr-1,cr,ospf6_neighbor_state_code,"state=""Full"",interface=""ens4"",neighbor_id=""7.7.7.12""",6
2026-07-28 12:48:00,ccf-aiops-南京,cr-1,cr,ospf6_neighbor_state_code,"state=""Full"",interface=""ens4"",neighbor_id=""7.7.7.2""",6
2026-07-28 12:48:00,ccf-aiops-南京,cr-1,cr,bgp_command_success,,
2026-07-28 12:48:00,ccf-aiops-南京,cr-1,cr,bgp_peer_up,,
2026-07-28 12:48:00,ccf-aiops-南京,cr-1,cr,bgp_peer_uptime_seconds,,
2026-07-28 12:48:00,ccf-aiops-南京,cr-1,cr,bgp_peer_prefix_received,,
2026-07-28 12:48:00,ccf-aiops-南京,cr-1,cr,bgp_peer_prefix_sent,,
2026-07-28 12:48:00,ccf-aiops-南京,cr-1,cr,bgp_peer_count,,
2026-07-28 12:48:00,ccf-aiops-南京,cr-2,cr,ipv6_default_route_changed_total,,0
2026-07-28 12:48:00,ccf-aiops-南京,cr-2,cr,ipv6_default_route_info,"next_hop=""fd00:7:20::2"",dev=""ens4"",protocol=""196"",metric=""20"",route_index=""0"",nh_index=""1""",1
2026-07-28 12:48:00,ccf-aiops-南京,cr-2,cr,ipv6_default_route_info,"next_hop=""fd00:7:20::1"",dev=""ens4"",protocol=""196"",metric=""20"",route_index=""0"",nh_index=""0""",1
2026-07-28 12:48:00,ccf-aiops-南京,cr-2,cr,ipv6_route_change_total,"prefix=""::/0""",0
2026-07-28 12:48:00,ccf-aiops-南京,cr-2,cr,ipv6_route_change_total,"prefix=""fd00:8:40::/64""",3
2026-07-28 12:48:00,ccf-aiops-南京,cr-2,cr,ipv6_route_change_total,"prefix=""fd00:7:40::/64""",0
2026-07-28 12:48:00,ccf-aiops-南京,cr-2,cr,ipv6_route_change_total,"prefix=""fd00:6:40::/64""",3
2026-07-28 12:48:00,ccf-aiops-南京,cr-2,cr,ipv6_route_change_total,"prefix=""fd00:5:40::/64""",3
2026-07-28 12:48:00,ccf-aiops-南京,cr-2,cr,ipv6_route_change_total,"prefix=""fd00:4:40::/64""",3
2026-07-28 12:48:00,ccf-aiops-南京,cr-2,cr,ipv6_route_change_total,"prefix=""fd00:3:40::/64""",3
2026-07-28 12:48:00,ccf-aiops-南京,cr-2,cr,ipv6_route_change_total,"prefix=""fd00:2:40::/64""",3
2026-07-28 12:48:00,ccf-aiops-南京,cr-2,cr,ipv6_route_change_total,"prefix=""fd00:1:40::/64""",3
2026-07-28 12:48:00,ccf-aiops-南京,cr-2,cr,ipv6_route_count,"protocol=""all""",15
2026-07-28 12:48:00,ccf-aiops-南京,cr-2,cr,ipv6_route_count,"protocol=""ospf""",7
2026-07-28 12:48:00,ccf-aiops-南京,cr-2,cr,ipv6_route_count,"protocol=""kernel""",6
2026-07-28 12:48:00,ccf-aiops-南京,cr-2,cr,ipv6_route_count,"protocol=""196""",2
2026-07-28 12:48:00,ccf-aiops-南京,cr-2,cr,ipv6_route_exists,"prefix=""fd00:7:40::/64""",1
2026-07-28 12:48:00,ccf-aiops-南京,cr-2,cr,ipv6_route_exists,"prefix=""::/0""",1
2026-07-28 12:48:00,ccf-aiops-南京,cr-2,cr,ipv6_route_exists,"prefix=""fd00:1:40::/64""",1
2026-07-28 12:48:00,ccf-aiops-南京,cr-2,cr,ipv6_route_exists,"prefix=""fd00:2:40::/64""",1
2026-07-28 12:48:00,ccf-aiops-南京,cr-2,cr,ipv6_route_exists,"prefix=""fd00:3:40::/64""",1
2026-07-28 12:48:00,ccf-aiops-南京,cr-2,cr,ipv6_route_exists,"prefix=""fd00:4:40::/64""",1
2026-07-28 12:48:00,ccf-aiops-南京,cr-2,cr,ipv6_route_exists,"prefix=""fd00:5:40::/64""",1
2026-07-28 12:48:00,ccf-aiops-南京,cr-2,cr,ipv6_route_exists,"prefix=""fd00:6:40::/64""",1
2026-07-28 12:48:00,ccf-aiops-南京,cr-2,cr,ipv6_route_exists,"prefix=""fd00:8:40::/64""",1
2026-07-28 12:48:00,ccf-aiops-南京,cr-2,cr,ipv6_route_nexthop_info,"prefix=""fd00:8:40::/64"",next_hop=""fe80::7:20:1"",dev=""ens4"",protocol=""ospf"",metric=""20"",route_index=""0"",nh_index=""1""",1
2026-07-28 12:48:00,ccf-aiops-南京,cr-2,cr,ipv6_route_nexthop_info,"prefix=""fd00:7:40::/64"",next_hop=""fd00:7:30::254"",dev=""ens5"",protocol=""196"",metric=""20"",route_index=""0"",nh_index=""0""",1
2026-07-28 12:48:00,ccf-aiops-南京,cr-2,cr,ipv6_route_nexthop_info,"prefix=""fd00:8:40::/64"",next_hop=""fe80::7:20:2"",dev=""ens4"",protocol=""ospf"",metric=""20"",route_index=""0"",nh_index=""0""",1
2026-07-28 12:48:00,ccf-aiops-南京,cr-2,cr,ipv6_route_nexthop_info,"prefix=""fd00:6:40::/64"",next_hop=""fe80::7:20:2"",dev=""ens4"",protocol=""ospf"",metric=""20"",route_index=""0"",nh_index=""0""",1
2026-07-28 12:48:00,ccf-aiops-南京,cr-2,cr,ipv6_route_nexthop_info,"prefix=""fd00:5:40::/64"",next_hop=""fe80::7:20:2"",dev=""ens4"",protocol=""ospf"",metric=""20"",route_index=""0"",nh_index=""0""",1
2026-07-28 12:48:00,ccf-aiops-南京,cr-2,cr,ipv6_route_nexthop_info,"prefix=""fd00:4:40::/64"",next_hop=""fe80::7:20:2"",dev=""ens4"",protocol=""ospf"",metric=""20"",route_index=""0"",nh_index=""0""",1
2026-07-28 12:48:00,ccf-aiops-南京,cr-2,cr,ipv6_route_nexthop_info,"prefix=""fd00:3:40::/64"",next_hop=""fe80::7:20:2"",dev=""ens4"",protocol=""ospf"",metric=""20"",route_index=""0"",nh_index=""0""",1
2026-07-28 12:48:00,ccf-aiops-南京,cr-2,cr,ipv6_route_nexthop_info,"prefix=""fd00:2:40::/64"",next_hop=""fe80::7:20:2"",dev=""ens4"",protocol=""ospf"",metric=""20"",route_index=""0"",nh_index=""0""",1
2026-07-28 12:48:00,ccf-aiops-南京,cr-2,cr,ipv6_route_nexthop_info,"prefix=""fd00:1:40::/64"",next_hop=""fe80::7:20:2"",dev=""ens4"",protocol=""ospf"",metric=""20"",route_index=""0"",nh_index=""0""",1
2026-07-28 12:48:00,ccf-aiops-南京,cr-2,cr,ipv6_route_nexthop_info,"prefix=""fd00:6:40::/64"",next_hop=""fe80::7:20:1"",dev=""ens4"",protocol=""ospf"",metric=""20"",route_index=""0"",nh_index=""1""",1
2026-07-28 12:48:00,ccf-aiops-南京,cr-2,cr,ipv6_route_nexthop_info,"prefix=""fd00:5:40::/64"",next_hop=""fe80::7:20:1"",dev=""ens4"",protocol=""ospf"",metric=""20"",route_index=""0"",nh_index=""1""",1
2026-07-28 12:48:00,ccf-aiops-南京,cr-2,cr,ipv6_route_nexthop_info,"prefix=""fd00:4:40::/64"",next_hop=""fe80::7:20:1"",dev=""ens4"",protocol=""ospf"",metric=""20"",route_index=""0"",nh_index=""1""",1
2026-07-28 12:48:00,ccf-aiops-南京,cr-2,cr,ipv6_route_nexthop_info,"prefix=""fd00:3:40::/64"",next_hop=""fe80::7:20:1"",dev=""ens4"",protocol=""ospf"",metric=""20"",route_index=""0"",nh_index=""1""",1
2026-07-28 12:48:00,ccf-aiops-南京,cr-2,cr,ipv6_route_nexthop_info,"prefix=""fd00:2:40::/64"",next_hop=""fe80::7:20:1"",dev=""ens4"",protocol=""ospf"",metric=""20"",route_index=""0"",nh_index=""1""",1
2026-07-28 12:48:00,ccf-aiops-南京,cr-2,cr,ipv6_route_nexthop_info,"prefix=""fd00:1:40::/64"",next_hop=""fe80::7:20:1"",dev=""ens4"",protocol=""ospf"",metric=""20"",route_index=""0"",nh_index=""1""",1
2026-07-28 12:48:00,ccf-aiops-南京,cr-2,cr,ipv6_route_nexthop_info,"prefix=""::/0"",next_hop=""fd00:7:20::2"",dev=""ens4"",protocol=""196"",metric=""20"",route_index=""0"",nh_index=""1""",1
2026-07-28 12:48:00,ccf-aiops-南京,cr-2,cr,ipv6_route_nexthop_info,"prefix=""::/0"",next_hop=""fd00:7:20::1"",dev=""ens4"",protocol=""196"",metric=""20"",route_index=""0"",nh_index=""0""",1
2026-07-28 12:48:00,ccf-aiops-南京,cr-2,cr,ospf6_interface_cost,"interface=""ens4""",1
2026-07-28 12:48:00,ccf-aiops-南京,cr-2,cr,ospf6_interface_cost,"interface=""ens5""",1
2026-07-28 12:48:00,ccf-aiops-南京,cr-2,cr,ospf6_interface_enabled,"interface=""virbr0""",0
2026-07-28 12:48:00,ccf-aiops-南京,cr-2,cr,ospf6_interface_enabled,"interface=""lo""",1
2026-07-28 12:48:00,ccf-aiops-南京,cr-2,cr,ospf6_interface_enabled,"interface=""ens10""",1
2026-07-28 12:48:00,ccf-aiops-南京,cr-2,cr,ospf6_interface_enabled,"interface=""ens11""",1
2026-07-28 12:48:00,ccf-aiops-南京,cr-2,cr,ospf6_interface_enabled,"interface=""ens12""",1
2026-07-28 12:48:00,ccf-aiops-南京,cr-2,cr,ospf6_interface_enabled,"interface=""ens3""",1
2026-07-28 12:48:00,ccf-aiops-南京,cr-2,cr,ospf6_interface_enabled,"interface=""ens4""",1
2026-07-28 12:48:00,ccf-aiops-南京,cr-2,cr,ospf6_interface_enabled,"interface=""ens5""",1
2026-07-28 12:48:00,ccf-aiops-南京,cr-2,cr,ospf6_interface_enabled,"interface=""ens6""",1
2026-07-28 12:48:00,ccf-aiops-南京,cr-2,cr,ospf6_interface_enabled,"interface=""ens7""",1
2026-07-28 12:48:00,ccf-aiops-南京,cr-2,cr,ospf6_interface_enabled,"interface=""ens8""",1
2026-07-28 12:48:00,ccf-aiops-南京,cr-2,cr,ospf6_interface_enabled,"interface=""ens9""",1
2026-07-28 12:48:00,ccf-aiops-南京,cr-2,cr,ospf6_neighbor_state_code,"state=""Full"",interface=""ens4"",neighbor_id=""7.7.7.1""",6
2026-07-28 12:48:00,ccf-aiops-南京,cr-2,cr,ospf6_neighbor_state_code,"state=""Full"",interface=""ens4"",neighbor_id=""7.7.7.11""",6
2026-07-28 12:48:00,ccf-aiops-南京,cr-2,cr,ospf6_neighbor_state_code,"state=""Full"",interface=""ens4"",neighbor_id=""7.7.7.2""",6
2026-07-28 12:48:00,ccf-aiops-南京,cr-2,cr,ospf6_neighbor_state_code,"state=""Full"",interface=""ens5"",neighbor_id=""7.7.7.11""",6
2026-07-28 12:48:00,ccf-aiops-南京,cr-2,cr,bgp_command_success,,
2026-07-28 12:48:00,ccf-aiops-南京,cr-2,cr,bgp_peer_up,,
2026-07-28 12:48:00,ccf-aiops-南京,cr-2,cr,bgp_peer_uptime_seconds,,
2026-07-28 12:48:00,ccf-aiops-南京,cr-2,cr,bgp_peer_prefix_received,,
2026-07-28 12:48:00,ccf-aiops-南京,cr-2,cr,bgp_peer_prefix_sent,,
2026-07-28 12:48:00,ccf-aiops-南京,cr-2,cr,bgp_peer_count,,
2026-07-28 12:49:00,ccf-aiops-南京,br-1,br,bgp_command_success,"command=""bgp_summary""",1
2026-07-28 12:49:00,ccf-aiops-南京,br-1,br,bgp_peer_count,,2
2026-07-28 12:49:00,ccf-aiops-南京,br-1,br,bgp_peer_prefix_received,"peer=""fd00:100:10::51"",remote_as=""65006"",state=""Established""",7
2026-07-28 12:49:00,ccf-aiops-南京,br-1,br,bgp_peer_prefix_received,"peer=""fd00:100:10::41"",remote_as=""65005"",state=""Established""",7
2026-07-28 12:49:00,ccf-aiops-南京,br-1,br,bgp_peer_prefix_sent,"peer=""fd00:100:10::41"",remote_as=""65005"",state=""Established""",8
2026-07-28 12:49:00,ccf-aiops-南京,br-1,br,bgp_peer_prefix_sent,"peer=""fd00:100:10::51"",remote_as=""65006"",state=""Established""",8
2026-07-28 12:49:00,ccf-aiops-南京,br-1,br,bgp_peer_up,"peer=""fd00:100:10::41"",remote_as=""65005"",state=""Established""",1
2026-07-28 12:49:00,ccf-aiops-南京,br-1,br,bgp_peer_up,"peer=""fd00:100:10::51"",remote_as=""65006"",state=""Established""",1
2026-07-28 12:49:00,ccf-aiops-南京,br-1,br,bgp_peer_uptime_seconds,"peer=""fd00:100:10::41"",remote_as=""65005"",state=""Established""",2413495
2026-07-28 12:49:00,ccf-aiops-南京,br-1,br,bgp_peer_uptime_seconds,"peer=""fd00:100:10::51"",remote_as=""65006"",state=""Established""",2413495
2026-07-28 12:49:00,ccf-aiops-南京,br-1,br,ipv6_default_route_changed_total,,0
2026-07-28 12:49:00,ccf-aiops-南京,br-1,br,ipv6_default_route_info,"next_hop=""240a:a023::1"",dev=""ens4"",protocol=""unknown"",metric=""1024"",route_index=""0"",nh_index=""0""",1
2026-07-28 12:49:00,ccf-aiops-南京,br-1,br,ipv6_route_change_total,"prefix=""fd00:6:40::/64""",0
2026-07-28 12:49:00,ccf-aiops-南京,br-1,br,ipv6_route_change_total,"prefix=""::/0""",0
2026-07-28 12:49:00,ccf-aiops-南京,br-1,br,ipv6_route_change_total,"prefix=""fd00:1:40::/64""",0
2026-07-28 12:49:00,ccf-aiops-南京,br-1,br,ipv6_route_change_total,"prefix=""fd00:2:40::/64""",5
2026-07-28 12:49:00,ccf-aiops-南京,br-1,br,ipv6_route_change_total,"prefix=""fd00:3:40::/64""",0
2026-07-28 12:49:00,ccf-aiops-南京,br-1,br,ipv6_route_change_total,"prefix=""fd00:4:40::/64""",0
2026-07-28 12:49:00,ccf-aiops-南京,br-1,br,ipv6_route_change_total,"prefix=""fd00:5:40::/64""",0
2026-07-28 12:49:00,ccf-aiops-南京,br-1,br,ipv6_route_change_total,"prefix=""fd00:7:40::/64""",8
2026-07-28 12:49:00,ccf-aiops-南京,br-1,br,ipv6_route_change_total,"prefix=""fd00:8:40::/64""",0
2026-07-28 12:49:00,ccf-aiops-南京,br-1,br,ipv6_route_count,"protocol=""bgp""",7
2026-07-28 12:49:00,ccf-aiops-南京,br-1,br,ipv6_route_count,"protocol=""unknown""",1
2026-07-28 12:49:00,ccf-aiops-南京,br-1,br,ipv6_route_count,"protocol=""ospf""",2
2026-07-28 12:49:00,ccf-aiops-南京,br-1,br,ipv6_route_count,"protocol=""kernel""",7
2026-07-28 12:49:00,ccf-aiops-南京,br-1,br,ipv6_route_count,"protocol=""all""",17
2026-07-28 12:49:00,ccf-aiops-南京,br-1,br,ipv6_route_exists,"prefix=""fd00:3:40::/64""",1
2026-07-28 12:49:00,ccf-aiops-南京,br-1,br,ipv6_route_exists,"prefix=""fd00:2:40::/64""",1
2026-07-28 12:49:00,ccf-aiops-南京,br-1,br,ipv6_route_exists,"prefix=""fd00:1:40::/64""",1
2026-07-28 12:49:00,ccf-aiops-南京,br-1,br,ipv6_route_exists,"prefix=""fd00:5:40::/64""",1
2026-07-28 12:49:00,ccf-aiops-南京,br-1,br,ipv6_route_exists,"prefix=""fd00:6:40::/64""",1
2026-07-28 12:49:00,ccf-aiops-南京,br-1,br,ipv6_route_exists,"prefix=""fd00:7:40::/64""",1
2026-07-28 12:49:00,ccf-aiops-南京,br-1,br,ipv6_route_exists,"prefix=""fd00:8:40::/64""",1
2026-07-28 12:49:00,ccf-aiops-南京,br-1,br,ipv6_route_exists,"prefix=""fd00:4:40::/64""",1
2026-07-28 12:49:00,ccf-aiops-南京,br-1,br,ipv6_route_exists,"prefix=""::/0""",1
2026-07-28 12:49:00,ccf-aiops-南京,br-1,br,ipv6_route_nexthop_info,"prefix=""fd00:7:40::/64"",next_hop=""fe80::7:20:11"",dev=""ens5"",protocol=""ospf"",metric=""20"",route_index=""0"",nh_index=""1""",1
2026-07-28 12:49:00,ccf-aiops-南京,br-1,br,ipv6_route_nexthop_info,"prefix=""fd00:7:40::/64"",next_hop=""fe80::7:20:12"",dev=""ens5"",protocol=""ospf"",metric=""20"",route_index=""0"",nh_index=""0""",1
2026-07-28 12:49:00,ccf-aiops-南京,br-1,br,ipv6_route_nexthop_info,"prefix=""fd00:6:40::/64"",next_hop=""fe80::100:10:51"",dev=""ens4"",protocol=""bgp"",metric=""20"",route_index=""0"",nh_index=""0""",1
2026-07-28 12:49:00,ccf-aiops-南京,br-1,br,ipv6_route_nexthop_info,"prefix=""fd00:2:40::/64"",next_hop=""fe80::100:10:51"",dev=""ens4"",protocol=""bgp"",metric=""20"",route_index=""0"",nh_index=""0""",1
2026-07-28 12:49:00,ccf-aiops-南京,br-1,br,ipv6_route_nexthop_info,"prefix=""fd00:1:40::/64"",next_hop=""fe80::100:10:51"",dev=""ens4"",protocol=""bgp"",metric=""20"",route_index=""0"",nh_index=""0""",1
2026-07-28 12:49:00,ccf-aiops-南京,br-1,br,ipv6_route_nexthop_info,"prefix=""fd00:8:40::/64"",next_hop=""fe80::100:10:41"",dev=""ens4"",protocol=""bgp"",metric=""20"",route_index=""0"",nh_index=""0""",1
2026-07-28 12:49:00,ccf-aiops-南京,br-1,br,ipv6_route_nexthop_info,"prefix=""fd00:5:40::/64"",next_hop=""fe80::100:10:41"",dev=""ens4"",protocol=""bgp"",metric=""20"",route_index=""0"",nh_index=""0""",1
2026-07-28 12:49:00,ccf-aiops-南京,br-1,br,ipv6_route_nexthop_info,"prefix=""fd00:4:40::/64"",next_hop=""fe80::100:10:41"",dev=""ens4"",protocol=""bgp"",metric=""20"",route_index=""0"",nh_index=""0""",1
2026-07-28 12:49:00,ccf-aiops-南京,br-1,br,ipv6_route_nexthop_info,"prefix=""fd00:3:40::/64"",next_hop=""fe80::100:10:41"",dev=""ens4"",protocol=""bgp"",metric=""20"",route_index=""0"",nh_index=""0""",1
2026-07-28 12:49:00,ccf-aiops-南京,br-1,br,ipv6_route_nexthop_info,"prefix=""::/0"",next_hop=""240a:a023::1"",dev=""ens4"",protocol=""unknown"",metric=""1024"",route_index=""0"",nh_index=""0""",1
2026-07-28 12:49:00,ccf-aiops-南京,br-1,br,ospf6_interface_cost,"interface=""ens5""",1
2026-07-28 12:49:00,ccf-aiops-南京,br-1,br,ospf6_interface_enabled,"interface=""virbr0""",0
2026-07-28 12:49:00,ccf-aiops-南京,br-1,br,ospf6_interface_enabled,"interface=""lo""",1
2026-07-28 12:49:00,ccf-aiops-南京,br-1,br,ospf6_interface_enabled,"interface=""ens9""",1
2026-07-28 12:49:00,ccf-aiops-南京,br-1,br,ospf6_interface_enabled,"interface=""ens8""",1
2026-07-28 12:49:00,ccf-aiops-南京,br-1,br,ospf6_interface_enabled,"interface=""ens7""",1
2026-07-28 12:49:00,ccf-aiops-南京,br-1,br,ospf6_interface_enabled,"interface=""ens6""",1
2026-07-28 12:49:00,ccf-aiops-南京,br-1,br,ospf6_interface_enabled,"interface=""ens5""",1
2026-07-28 12:49:00,ccf-aiops-南京,br-1,br,ospf6_interface_enabled,"interface=""ens4""",1
2026-07-28 12:49:00,ccf-aiops-南京,br-1,br,ospf6_interface_enabled,"interface=""ens3""",1
2026-07-28 12:49:00,ccf-aiops-南京,br-1,br,ospf6_interface_enabled,"interface=""ens12""",1
2026-07-28 12:49:00,ccf-aiops-南京,br-1,br,ospf6_interface_enabled,"interface=""ens11""",1
2026-07-28 12:49:00,ccf-aiops-南京,br-1,br,ospf6_interface_enabled,"interface=""ens10""",1
2026-07-28 12:49:00,ccf-aiops-南京,br-1,br,ospf6_neighbor_state_code,"state=""Full"",interface=""ens5"",neighbor_id=""7.7.7.12""",6
2026-07-28 12:49:00,ccf-aiops-南京,br-1,br,ospf6_neighbor_state_code,"state=""Twoway"",interface=""ens5"",neighbor_id=""7.7.7.11""",2
2026-07-28 12:49:00,ccf-aiops-南京,br-1,br,ospf6_neighbor_state_code,"state=""Full"",interface=""ens5"",neighbor_id=""7.7.7.2""",6
2026-07-28 12:49:00,ccf-aiops-南京,br-2,br,bgp_command_success,"command=""bgp_summary""",1
2026-07-28 12:49:00,ccf-aiops-南京,br-2,br,bgp_peer_count,,2
2026-07-28 12:49:00,ccf-aiops-南京,br-2,br,bgp_peer_prefix_received,"peer=""fd00:100:10::52"",remote_as=""65006"",state=""Established""",7
2026-07-28 12:49:00,ccf-aiops-南京,br-2,br,bgp_peer_prefix_received,"peer=""fd00:100:10::42"",remote_as=""65005"",state=""Established""",7
2026-07-28 12:49:00,ccf-aiops-南京,br-2,br,bgp_peer_prefix_sent,"peer=""fd00:100:10::52"",remote_as=""65006"",state=""Established""",8
2026-07-28 12:49:00,ccf-aiops-南京,br-2,br,bgp_peer_prefix_sent,"peer=""fd00:100:10::42"",remote_as=""65005"",state=""Established""",8
2026-07-28 12:49:00,ccf-aiops-南京,br-2,br,bgp_peer_up,"peer=""fd00:100:10::52"",remote_as=""65006"",state=""Established""",1
2026-07-28 12:49:00,ccf-aiops-南京,br-2,br,bgp_peer_up,"peer=""fd00:100:10::42"",remote_as=""65005"",state=""Established""",1
2026-07-28 12:49:00,ccf-aiops-南京,br-2,br,bgp_peer_uptime_seconds,"peer=""fd00:100:10::52"",remote_as=""65006"",state=""Established""",2413462
2026-07-28 12:49:00,ccf-aiops-南京,br-2,br,bgp_peer_uptime_seconds,"peer=""fd00:100:10::42"",remote_as=""65005"",state=""Established""",2413462
2026-07-28 12:49:00,ccf-aiops-南京,br-2,br,ipv6_default_route_changed_total,,0
2026-07-28 12:49:00,ccf-aiops-南京,br-2,br,ipv6_default_route_info,"next_hop=""240a:a023::1"",dev=""ens4"",protocol=""unknown"",metric=""1024"",route_index=""0"",nh_index=""0""",1
2026-07-28 12:49:00,ccf-aiops-南京,br-2,br,ipv6_route_change_total,"prefix=""fd00:7:40::/64""",10
2026-07-28 12:49:00,ccf-aiops-南京,br-2,br,ipv6_route_change_total,"prefix=""fd00:8:40::/64""",0
2026-07-28 12:49:00,ccf-aiops-南京,br-2,br,ipv6_route_change_total,"prefix=""fd00:5:40::/64""",0
2026-07-28 12:49:00,ccf-aiops-南京,br-2,br,ipv6_route_change_total,"prefix=""fd00:4:40::/64""",0
2026-07-28 12:49:00,ccf-aiops-南京,br-2,br,ipv6_route_change_total,"prefix=""fd00:3:40::/64""",0
2026-07-28 12:49:00,ccf-aiops-南京,br-2,br,ipv6_route_change_total,"prefix=""fd00:2:40::/64""",3
2026-07-28 12:49:00,ccf-aiops-南京,br-2,br,ipv6_route_change_total,"prefix=""fd00:1:40::/64""",0
2026-07-28 12:49:00,ccf-aiops-南京,br-2,br,ipv6_route_change_total,"prefix=""fd00:6:40::/64""",0
2026-07-28 12:49:00,ccf-aiops-南京,br-2,br,ipv6_route_change_total,"prefix=""::/0""",0
2026-07-28 12:49:00,ccf-aiops-南京,br-2,br,ipv6_route_count,"protocol=""kernel""",7
2026-07-28 12:49:00,ccf-aiops-南京,br-2,br,ipv6_route_count,"protocol=""all""",17
2026-07-28 12:49:00,ccf-aiops-南京,br-2,br,ipv6_route_count,"protocol=""bgp""",7
2026-07-28 12:49:00,ccf-aiops-南京,br-2,br,ipv6_route_count,"protocol=""ospf""",2
2026-07-28 12:49:00,ccf-aiops-南京,br-2,br,ipv6_route_count,"protocol=""unknown""",1
2026-07-28 12:49:00,ccf-aiops-南京,br-2,br,ipv6_route_exists,"prefix=""fd00:5:40::/64""",1
2026-07-28 12:49:00,ccf-aiops-南京,br-2,br,ipv6_route_exists,"prefix=""fd00:8:40::/64""",1
2026-07-28 12:49:00,ccf-aiops-南京,br-2,br,ipv6_route_exists,"prefix=""fd00:7:40::/64""",1
2026-07-28 12:49:00,ccf-aiops-南京,br-2,br,ipv6_route_exists,"prefix=""fd00:6:40::/64""",1
2026-07-28 12:49:00,ccf-aiops-南京,br-2,br,ipv6_route_exists,"prefix=""fd00:4:40::/64""",1
2026-07-28 12:49:00,ccf-aiops-南京,br-2,br,ipv6_route_exists,"prefix=""fd00:3:40::/64""",1
2026-07-28 12:49:00,ccf-aiops-南京,br-2,br,ipv6_route_exists,"prefix=""fd00:2:40::/64""",1
2026-07-28 12:49:00,ccf-aiops-南京,br-2,br,ipv6_route_exists,"prefix=""::/0""",1
2026-07-28 12:49:00,ccf-aiops-南京,br-2,br,ipv6_route_exists,"prefix=""fd00:1:40::/64""",1
2026-07-28 12:49:00,ccf-aiops-南京,br-2,br,ipv6_route_nexthop_info,"prefix=""fd00:3:40::/64"",next_hop=""fe80::100:10:42"",dev=""ens4"",protocol=""bgp"",metric=""20"",route_index=""0"",nh_index=""0""",1
2026-07-28 12:49:00,ccf-aiops-南京,br-2,br,ipv6_route_nexthop_info,"prefix=""fd00:7:40::/64"",next_hop=""fe80::7:20:11"",dev=""ens5"",protocol=""ospf"",metric=""20"",route_index=""0"",nh_index=""1""",1
2026-07-28 12:49:00,ccf-aiops-南京,br-2,br,ipv6_route_nexthop_info,"prefix=""fd00:7:40::/64"",next_hop=""fe80::7:20:12"",dev=""ens5"",protocol=""ospf"",metric=""20"",route_index=""0"",nh_index=""0""",1
2026-07-28 12:49:00,ccf-aiops-南京,br-2,br,ipv6_route_nexthop_info,"prefix=""::/0"",next_hop=""240a:a023::1"",dev=""ens4"",protocol=""unknown"",metric=""1024"",route_index=""0"",nh_index=""0""",1
2026-07-28 12:49:00,ccf-aiops-南京,br-2,br,ipv6_route_nexthop_info,"prefix=""fd00:4:40::/64"",next_hop=""fe80::100:10:42"",dev=""ens4"",protocol=""bgp"",metric=""20"",route_index=""0"",nh_index=""0""",1
2026-07-28 12:49:00,ccf-aiops-南京,br-2,br,ipv6_route_nexthop_info,"prefix=""fd00:6:40::/64"",next_hop=""fe80::100:10:52"",dev=""ens4"",protocol=""bgp"",metric=""20"",route_index=""0"",nh_index=""0""",1
2026-07-28 12:49:00,ccf-aiops-南京,br-2,br,ipv6_route_nexthop_info,"prefix=""fd00:2:40::/64"",next_hop=""fe80::100:10:52"",dev=""ens4"",protocol=""bgp"",metric=""20"",route_index=""0"",nh_index=""0""",1
2026-07-28 12:49:00,ccf-aiops-南京,br-2,br,ipv6_route_nexthop_info,"prefix=""fd00:1:40::/64"",next_hop=""fe80::100:10:52"",dev=""ens4"",protocol=""bgp"",metric=""20"",route_index=""0"",nh_index=""0""",1
2026-07-28 12:49:00,ccf-aiops-南京,br-2,br,ipv6_route_nexthop_info,"prefix=""fd00:8:40::/64"",next_hop=""fe80::100:10:42"",dev=""ens4"",protocol=""bgp"",metric=""20"",route_index=""0"",nh_index=""0""",1
2026-07-28 12:49:00,ccf-aiops-南京,br-2,br,ipv6_route_nexthop_info,"prefix=""fd00:5:40::/64"",next_hop=""fe80::100:10:42"",dev=""ens4"",protocol=""bgp"",metric=""20"",route_index=""0"",nh_index=""0""",1
2026-07-28 12:49:00,ccf-aiops-南京,br-2,br,ospf6_interface_cost,"interface=""ens5""",1
2026-07-28 12:49:00,ccf-aiops-南京,br-2,br,ospf6_interface_enabled,"interface=""ens6""",1
2026-07-28 12:49:00,ccf-aiops-南京,br-2,br,ospf6_interface_enabled,"interface=""virbr0""",0
2026-07-28 12:49:00,ccf-aiops-南京,br-2,br,ospf6_interface_enabled,"interface=""lo""",1
2026-07-28 12:49:00,ccf-aiops-南京,br-2,br,ospf6_interface_enabled,"interface=""ens9""",1
2026-07-28 12:49:00,ccf-aiops-南京,br-2,br,ospf6_interface_enabled,"interface=""ens8""",1
2026-07-28 12:49:00,ccf-aiops-南京,br-2,br,ospf6_interface_enabled,"interface=""ens12""",1
2026-07-28 12:49:00,ccf-aiops-南京,br-2,br,ospf6_interface_enabled,"interface=""ens7""",1
2026-07-28 12:49:00,ccf-aiops-南京,br-2,br,ospf6_interface_enabled,"interface=""ens3""",1
2026-07-28 12:49:00,ccf-aiops-南京,br-2,br,ospf6_interface_enabled,"interface=""ens4""",1
2026-07-28 12:49:00,ccf-aiops-南京,br-2,br,ospf6_interface_enabled,"interface=""ens11""",1
2026-07-28 12:49:00,ccf-aiops-南京,br-2,br,ospf6_interface_enabled,"interface=""ens10""",1
2026-07-28 12:49:00,ccf-aiops-南京,br-2,br,ospf6_interface_enabled,"interface=""ens5""",1
2026-07-28 12:49:00,ccf-aiops-南京,br-2,br,ospf6_neighbor_state_code,"state=""Full"",interface=""ens5"",neighbor_id=""7.7.7.1""",6
2026-07-28 12:49:00,ccf-aiops-南京,br-2,br,ospf6_neighbor_state_code,"state=""Full"",interface=""ens5"",neighbor_id=""7.7.7.11""",6
2026-07-28 12:49:00,ccf-aiops-南京,br-2,br,ospf6_neighbor_state_code,"state=""Full"",interface=""ens5"",neighbor_id=""7.7.7.12""",6
2026-07-28 12:49:00,ccf-aiops-南京,cr-1,cr,ipv6_default_route_changed_total,,0
2026-07-28 12:49:00,ccf-aiops-南京,cr-1,cr,ipv6_default_route_info,"next_hop=""fd00:7:20::2"",dev=""ens4"",protocol=""196"",metric=""20"",route_index=""0"",nh_index=""1""",1
2026-07-28 12:49:00,ccf-aiops-南京,cr-1,cr,ipv6_default_route_info,"next_hop=""fd00:7:20::1"",dev=""ens4"",protocol=""196"",metric=""20"",route_index=""0"",nh_index=""0""",1
2026-07-28 12:49:00,ccf-aiops-南京,cr-1,cr,ipv6_route_change_total,"prefix=""fd00:4:40::/64""",5
2026-07-28 12:49:00,ccf-aiops-南京,cr-1,cr,ipv6_route_change_total,"prefix=""fd00:3:40::/64""",0
2026-07-28 12:49:00,ccf-aiops-南京,cr-1,cr,ipv6_route_change_total,"prefix=""fd00:2:40::/64""",0
2026-07-28 12:49:00,ccf-aiops-南京,cr-1,cr,ipv6_route_change_total,"prefix=""fd00:1:40::/64""",5
2026-07-28 12:49:00,ccf-aiops-南京,cr-1,cr,ipv6_route_change_total,"prefix=""::/0""",0
2026-07-28 12:49:00,ccf-aiops-南京,cr-1,cr,ipv6_route_change_total,"prefix=""fd00:6:40::/64""",5
2026-07-28 12:49:00,ccf-aiops-南京,cr-1,cr,ipv6_route_change_total,"prefix=""fd00:7:40::/64""",0
2026-07-28 12:49:00,ccf-aiops-南京,cr-1,cr,ipv6_route_change_total,"prefix=""fd00:5:40::/64""",5
2026-07-28 12:49:00,ccf-aiops-南京,cr-1,cr,ipv6_route_change_total,"prefix=""fd00:8:40::/64""",5
2026-07-28 12:49:00,ccf-aiops-南京,cr-1,cr,ipv6_route_count,"protocol=""196""",2
2026-07-28 12:49:00,ccf-aiops-南京,cr-1,cr,ipv6_route_count,"protocol=""all""",16
2026-07-28 12:49:00,ccf-aiops-南京,cr-1,cr,ipv6_route_count,"protocol=""kernel""",7
2026-07-28 12:49:00,ccf-aiops-南京,cr-1,cr,ipv6_route_count,"protocol=""ospf""",7
2026-07-28 12:49:00,ccf-aiops-南京,cr-1,cr,ipv6_route_exists,"prefix=""fd00:3:40::/64""",1
2026-07-28 12:49:00,ccf-aiops-南京,cr-1,cr,ipv6_route_exists,"prefix=""fd00:8:40::/64""",1
2026-07-28 12:49:00,ccf-aiops-南京,cr-1,cr,ipv6_route_exists,"prefix=""fd00:7:40::/64""",1
2026-07-28 12:49:00,ccf-aiops-南京,cr-1,cr,ipv6_route_exists,"prefix=""fd00:6:40::/64""",1
2026-07-28 12:49:00,ccf-aiops-南京,cr-1,cr,ipv6_route_exists,"prefix=""fd00:5:40::/64""",1
2026-07-28 12:49:00,ccf-aiops-南京,cr-1,cr,ipv6_route_exists,"prefix=""fd00:4:40::/64""",1
2026-07-28 12:49:00,ccf-aiops-南京,cr-1,cr,ipv6_route_exists,"prefix=""fd00:2:40::/64""",1
2026-07-28 12:49:00,ccf-aiops-南京,cr-1,cr,ipv6_route_exists,"prefix=""fd00:1:40::/64""",1
2026-07-28 12:49:00,ccf-aiops-南京,cr-1,cr,ipv6_route_exists,"prefix=""::/0""",1
2026-07-28 12:49:00,ccf-aiops-南京,cr-1,cr,ipv6_route_nexthop_info,"prefix=""fd00:7:40::/64"",next_hop=""fd00:7:30::254"",dev=""ens5"",protocol=""196"",metric=""20"",route_index=""0"",nh_index=""0""",1
2026-07-28 12:49:00,ccf-aiops-南京,cr-1,cr,ipv6_route_nexthop_info,"prefix=""::/0"",next_hop=""fd00:7:20::1"",dev=""ens4"",protocol=""196"",metric=""20"",route_index=""0"",nh_index=""0""",1
2026-07-28 12:49:00,ccf-aiops-南京,cr-1,cr,ipv6_route_nexthop_info,"prefix=""::/0"",next_hop=""fd00:7:20::2"",dev=""ens4"",protocol=""196"",metric=""20"",route_index=""0"",nh_index=""1""",1
2026-07-28 12:49:00,ccf-aiops-南京,cr-1,cr,ipv6_route_nexthop_info,"prefix=""fd00:1:40::/64"",next_hop=""fe80::7:20:1"",dev=""ens4"",protocol=""ospf"",metric=""20"",route_index=""0"",nh_index=""0""",1
2026-07-28 12:49:00,ccf-aiops-南京,cr-1,cr,ipv6_route_nexthop_info,"prefix=""fd00:2:40::/64"",next_hop=""fe80::7:20:1"",dev=""ens4"",protocol=""ospf"",metric=""20"",route_index=""0"",nh_index=""0""",1
2026-07-28 12:49:00,ccf-aiops-南京,cr-1,cr,ipv6_route_nexthop_info,"prefix=""fd00:6:40::/64"",next_hop=""fe80::7:20:2"",dev=""ens4"",protocol=""ospf"",metric=""20"",route_index=""0"",nh_index=""1""",1
2026-07-28 12:49:00,ccf-aiops-南京,cr-1,cr,ipv6_route_nexthop_info,"prefix=""fd00:5:40::/64"",next_hop=""fe80::7:20:2"",dev=""ens4"",protocol=""ospf"",metric=""20"",route_index=""0"",nh_index=""1""",1
2026-07-28 12:49:00,ccf-aiops-南京,cr-1,cr,ipv6_route_nexthop_info,"prefix=""fd00:4:40::/64"",next_hop=""fe80::7:20:2"",dev=""ens4"",protocol=""ospf"",metric=""20"",route_index=""0"",nh_index=""1""",1
2026-07-28 12:49:00,ccf-aiops-南京,cr-1,cr,ipv6_route_nexthop_info,"prefix=""fd00:3:40::/64"",next_hop=""fe80::7:20:2"",dev=""ens4"",protocol=""ospf"",metric=""20"",route_index=""0"",nh_index=""1""",1
2026-07-28 12:49:00,ccf-aiops-南京,cr-1,cr,ipv6_route_nexthop_info,"prefix=""fd00:2:40::/64"",next_hop=""fe80::7:20:2"",dev=""ens4"",protocol=""ospf"",metric=""20"",route_index=""0"",nh_index=""1""",1
2026-07-28 12:49:00,ccf-aiops-南京,cr-1,cr,ipv6_route_nexthop_info,"prefix=""fd00:1:40::/64"",next_hop=""fe80::7:20:2"",dev=""ens4"",protocol=""ospf"",metric=""20"",route_index=""0"",nh_index=""1""",1
2026-07-28 12:49:00,ccf-aiops-南京,cr-1,cr,ipv6_route_nexthop_info,"prefix=""fd00:8:40::/64"",next_hop=""fe80::7:20:1"",dev=""ens4"",protocol=""ospf"",metric=""20"",route_index=""0"",nh_index=""0""",1
2026-07-28 12:49:00,ccf-aiops-南京,cr-1,cr,ipv6_route_nexthop_info,"prefix=""fd00:8:40::/64"",next_hop=""fe80::7:20:2"",dev=""ens4"",protocol=""ospf"",metric=""20"",route_index=""0"",nh_index=""1""",1
2026-07-28 12:49:00,ccf-aiops-南京,cr-1,cr,ipv6_route_nexthop_info,"prefix=""fd00:6:40::/64"",next_hop=""fe80::7:20:1"",dev=""ens4"",protocol=""ospf"",metric=""20"",route_index=""0"",nh_index=""0""",1
2026-07-28 12:49:00,ccf-aiops-南京,cr-1,cr,ipv6_route_nexthop_info,"prefix=""fd00:3:40::/64"",next_hop=""fe80::7:20:1"",dev=""ens4"",protocol=""ospf"",metric=""20"",route_index=""0"",nh_index=""0""",1
2026-07-28 12:49:00,ccf-aiops-南京,cr-1,cr,ipv6_route_nexthop_info,"prefix=""fd00:4:40::/64"",next_hop=""fe80::7:20:1"",dev=""ens4"",protocol=""ospf"",metric=""20"",route_index=""0"",nh_index=""0""",1
2026-07-28 12:49:00,ccf-aiops-南京,cr-1,cr,ipv6_route_nexthop_info,"prefix=""fd00:5:40::/64"",next_hop=""fe80::7:20:1"",dev=""ens4"",protocol=""ospf"",metric=""20"",route_index=""0"",nh_index=""0""",1
2026-07-28 12:49:00,ccf-aiops-南京,cr-1,cr,ospf6_interface_cost,"interface=""ens5""",1
2026-07-28 12:49:00,ccf-aiops-南京,cr-1,cr,ospf6_interface_cost,"interface=""ens4""",1
2026-07-28 12:49:00,ccf-aiops-南京,cr-1,cr,ospf6_interface_enabled,"interface=""ens7""",1
2026-07-28 12:49:00,ccf-aiops-南京,cr-1,cr,ospf6_interface_enabled,"interface=""ens5""",1
2026-07-28 12:49:00,ccf-aiops-南京,cr-1,cr,ospf6_interface_enabled,"interface=""ens4""",1
2026-07-28 12:49:00,ccf-aiops-南京,cr-1,cr,ospf6_interface_enabled,"interface=""ens3""",1
2026-07-28 12:49:00,ccf-aiops-南京,cr-1,cr,ospf6_interface_enabled,"interface=""ens12""",1
2026-07-28 12:49:00,ccf-aiops-南京,cr-1,cr,ospf6_interface_enabled,"interface=""ens11""",1
2026-07-28 12:49:00,ccf-aiops-南京,cr-1,cr,ospf6_interface_enabled,"interface=""ens10""",1
2026-07-28 12:49:00,ccf-aiops-南京,cr-1,cr,ospf6_interface_enabled,"interface=""ens8""",1
2026-07-28 12:49:00,ccf-aiops-南京,cr-1,cr,ospf6_interface_enabled,"interface=""ens9""",1
2026-07-28 12:49:00,ccf-aiops-南京,cr-1,cr,ospf6_interface_enabled,"interface=""lo""",1
2026-07-28 12:49:00,ccf-aiops-南京,cr-1,cr,ospf6_interface_enabled,"interface=""virbr0""",0
2026-07-28 12:49:00,ccf-aiops-南京,cr-1,cr,ospf6_interface_enabled,"interface=""vxlan100""",1
2026-07-28 12:49:00,ccf-aiops-南京,cr-1,cr,ospf6_interface_enabled,"interface=""ens6""",1
2026-07-28 12:49:00,ccf-aiops-南京,cr-1,cr,ospf6_neighbor_state_code,"state=""Full"",interface=""ens5"",neighbor_id=""7.7.7.12""",6
2026-07-28 12:49:00,ccf-aiops-南京,cr-1,cr,ospf6_neighbor_state_code,"state=""Twoway"",interface=""ens4"",neighbor_id=""7.7.7.1""",2
2026-07-28 12:49:00,ccf-aiops-南京,cr-1,cr,ospf6_neighbor_state_code,"state=""Full"",interface=""ens4"",neighbor_id=""7.7.7.12""",6
2026-07-28 12:49:00,ccf-aiops-南京,cr-1,cr,ospf6_neighbor_state_code,"state=""Full"",interface=""ens4"",neighbor_id=""7.7.7.2""",6
2026-07-28 12:49:00,ccf-aiops-南京,cr-1,cr,bgp_command_success,,
2026-07-28 12:49:00,ccf-aiops-南京,cr-1,cr,bgp_peer_up,,
2026-07-28 12:49:00,ccf-aiops-南京,cr-1,cr,bgp_peer_uptime_seconds,,
2026-07-28 12:49:00,ccf-aiops-南京,cr-1,cr,bgp_peer_prefix_received,,
2026-07-28 12:49:00,ccf-aiops-南京,cr-1,cr,bgp_peer_prefix_sent,,
2026-07-28 12:49:00,ccf-aiops-南京,cr-1,cr,bgp_peer_count,,
2026-07-28 12:49:00,ccf-aiops-南京,cr-2,cr,ipv6_default_route_changed_total,,0
2026-07-28 12:49:00,ccf-aiops-南京,cr-2,cr,ipv6_default_route_info,"next_hop=""fd00:7:20::2"",dev=""ens4"",protocol=""196"",metric=""20"",route_index=""0"",nh_index=""1""",1
2026-07-28 12:49:00,ccf-aiops-南京,cr-2,cr,ipv6_default_route_info,"next_hop=""fd00:7:20::1"",dev=""ens4"",protocol=""196"",metric=""20"",route_index=""0"",nh_index=""0""",1
2026-07-28 12:49:00,ccf-aiops-南京,cr-2,cr,ipv6_route_change_total,"prefix=""fd00:1:40::/64""",3
2026-07-28 12:49:00,ccf-aiops-南京,cr-2,cr,ipv6_route_change_total,"prefix=""::/0""",0
2026-07-28 12:49:00,ccf-aiops-南京,cr-2,cr,ipv6_route_change_total,"prefix=""fd00:6:40::/64""",3
2026-07-28 12:49:00,ccf-aiops-南京,cr-2,cr,ipv6_route_change_total,"prefix=""fd00:8:40::/64""",3
2026-07-28 12:49:00,ccf-aiops-南京,cr-2,cr,ipv6_route_change_total,"prefix=""fd00:7:40::/64""",0
2026-07-28 12:49:00,ccf-aiops-南京,cr-2,cr,ipv6_route_change_total,"prefix=""fd00:5:40::/64""",3
2026-07-28 12:49:00,ccf-aiops-南京,cr-2,cr,ipv6_route_change_total,"prefix=""fd00:4:40::/64""",3
2026-07-28 12:49:00,ccf-aiops-南京,cr-2,cr,ipv6_route_change_total,"prefix=""fd00:3:40::/64""",3
2026-07-28 12:49:00,ccf-aiops-南京,cr-2,cr,ipv6_route_change_total,"prefix=""fd00:2:40::/64""",3
2026-07-28 12:49:00,ccf-aiops-南京,cr-2,cr,ipv6_route_count,"protocol=""all""",15
2026-07-28 12:49:00,ccf-aiops-南京,cr-2,cr,ipv6_route_count,"protocol=""196""",2
2026-07-28 12:49:00,ccf-aiops-南京,cr-2,cr,ipv6_route_count,"protocol=""ospf""",7
2026-07-28 12:49:00,ccf-aiops-南京,cr-2,cr,ipv6_route_count,"protocol=""kernel""",6
2026-07-28 12:49:00,ccf-aiops-南京,cr-2,cr,ipv6_route_exists,"prefix=""fd00:5:40::/64""",1
2026-07-28 12:49:00,ccf-aiops-南京,cr-2,cr,ipv6_route_exists,"prefix=""fd00:8:40::/64""",1
2026-07-28 12:49:00,ccf-aiops-南京,cr-2,cr,ipv6_route_exists,"prefix=""fd00:7:40::/64""",1
2026-07-28 12:49:00,ccf-aiops-南京,cr-2,cr,ipv6_route_exists,"prefix=""fd00:6:40::/64""",1
2026-07-28 12:49:00,ccf-aiops-南京,cr-2,cr,ipv6_route_exists,"prefix=""fd00:4:40::/64""",1
2026-07-28 12:49:00,ccf-aiops-南京,cr-2,cr,ipv6_route_exists,"prefix=""fd00:3:40::/64""",1
2026-07-28 12:49:00,ccf-aiops-南京,cr-2,cr,ipv6_route_exists,"prefix=""fd00:2:40::/64""",1
2026-07-28 12:49:00,ccf-aiops-南京,cr-2,cr,ipv6_route_exists,"prefix=""fd00:1:40::/64""",1
2026-07-28 12:49:00,ccf-aiops-南京,cr-2,cr,ipv6_route_exists,"prefix=""::/0""",1
2026-07-28 12:49:00,ccf-aiops-南京,cr-2,cr,ipv6_route_nexthop_info,"prefix=""fd00:8:40::/64"",next_hop=""fe80::7:20:1"",dev=""ens4"",protocol=""ospf"",metric=""20"",route_index=""0"",nh_index=""1""",1
2026-07-28 12:49:00,ccf-aiops-南京,cr-2,cr,ipv6_route_nexthop_info,"prefix=""fd00:8:40::/64"",next_hop=""fe80::7:20:2"",dev=""ens4"",protocol=""ospf"",metric=""20"",route_index=""0"",nh_index=""0""",1
2026-07-28 12:49:00,ccf-aiops-南京,cr-2,cr,ipv6_route_nexthop_info,"prefix=""fd00:6:40::/64"",next_hop=""fe80::7:20:1"",dev=""ens4"",protocol=""ospf"",metric=""20"",route_index=""0"",nh_index=""1""",1
2026-07-28 12:49:00,ccf-aiops-南京,cr-2,cr,ipv6_route_nexthop_info,"prefix=""fd00:5:40::/64"",next_hop=""fe80::7:20:1"",dev=""ens4"",protocol=""ospf"",metric=""20"",route_index=""0"",nh_index=""1""",1
2026-07-28 12:49:00,ccf-aiops-南京,cr-2,cr,ipv6_route_nexthop_info,"prefix=""fd00:4:40::/64"",next_hop=""fe80::7:20:1"",dev=""ens4"",protocol=""ospf"",metric=""20"",route_index=""0"",nh_index=""1""",1
2026-07-28 12:49:00,ccf-aiops-南京,cr-2,cr,ipv6_route_nexthop_info,"prefix=""fd00:3:40::/64"",next_hop=""fe80::7:20:1"",dev=""ens4"",protocol=""ospf"",metric=""20"",route_index=""0"",nh_index=""1""",1
2026-07-28 12:49:00,ccf-aiops-南京,cr-2,cr,ipv6_route_nexthop_info,"prefix=""fd00:2:40::/64"",next_hop=""fe80::7:20:1"",dev=""ens4"",protocol=""ospf"",metric=""20"",route_index=""0"",nh_index=""1""",1
2026-07-28 12:49:00,ccf-aiops-南京,cr-2,cr,ipv6_route_nexthop_info,"prefix=""fd00:1:40::/64"",next_hop=""fe80::7:20:1"",dev=""ens4"",protocol=""ospf"",metric=""20"",route_index=""0"",nh_index=""1""",1
2026-07-28 12:49:00,ccf-aiops-南京,cr-2,cr,ipv6_route_nexthop_info,"prefix=""::/0"",next_hop=""fd00:7:20::2"",dev=""ens4"",protocol=""196"",metric=""20"",route_index=""0"",nh_index=""1""",1
2026-07-28 12:49:00,ccf-aiops-南京,cr-2,cr,ipv6_route_nexthop_info,"prefix=""::/0"",next_hop=""fd00:7:20::1"",dev=""ens4"",protocol=""196"",metric=""20"",route_index=""0"",nh_index=""0""",1
2026-07-28 12:49:00,ccf-aiops-南京,cr-2,cr,ipv6_route_nexthop_info,"prefix=""fd00:1:40::/64"",next_hop=""fe80::7:20:2"",dev=""ens4"",protocol=""ospf"",metric=""20"",route_index=""0"",nh_index=""0""",1
2026-07-28 12:49:00,ccf-aiops-南京,cr-2,cr,ipv6_route_nexthop_info,"prefix=""fd00:2:40::/64"",next_hop=""fe80::7:20:2"",dev=""ens4"",protocol=""ospf"",metric=""20"",route_index=""0"",nh_index=""0""",1
2026-07-28 12:49:00,ccf-aiops-南京,cr-2,cr,ipv6_route_nexthop_info,"prefix=""fd00:3:40::/64"",next_hop=""fe80::7:20:2"",dev=""ens4"",protocol=""ospf"",metric=""20"",route_index=""0"",nh_index=""0""",1
2026-07-28 12:49:00,ccf-aiops-南京,cr-2,cr,ipv6_route_nexthop_info,"prefix=""fd00:4:40::/64"",next_hop=""fe80::7:20:2"",dev=""ens4"",protocol=""ospf"",metric=""20"",route_index=""0"",nh_index=""0""",1
2026-07-28 12:49:00,ccf-aiops-南京,cr-2,cr,ipv6_route_nexthop_info,"prefix=""fd00:5:40::/64"",next_hop=""fe80::7:20:2"",dev=""ens4"",protocol=""ospf"",metric=""20"",route_index=""0"",nh_index=""0""",1
2026-07-28 12:49:00,ccf-aiops-南京,cr-2,cr,ipv6_route_nexthop_info,"prefix=""fd00:6:40::/64"",next_hop=""fe80::7:20:2"",dev=""ens4"",protocol=""ospf"",metric=""20"",route_index=""0"",nh_index=""0""",1
2026-07-28 12:49:00,ccf-aiops-南京,cr-2,cr,ipv6_route_nexthop_info,"prefix=""fd00:7:40::/64"",next_hop=""fd00:7:30::254"",dev=""ens5"",protocol=""196"",metric=""20"",route_index=""0"",nh_index=""0""",1
2026-07-28 12:49:00,ccf-aiops-南京,cr-2,cr,ospf6_interface_cost,"interface=""ens4""",1
2026-07-28 12:49:00,ccf-aiops-南京,cr-2,cr,ospf6_interface_cost,"interface=""ens5""",1
2026-07-28 12:49:00,ccf-aiops-南京,cr-2,cr,ospf6_interface_enabled,"interface=""ens3""",1
2026-07-28 12:49:00,ccf-aiops-南京,cr-2,cr,ospf6_interface_enabled,"interface=""lo""",1
2026-07-28 12:49:00,ccf-aiops-南京,cr-2,cr,ospf6_interface_enabled,"interface=""ens10""",1
2026-07-28 12:49:00,ccf-aiops-南京,cr-2,cr,ospf6_interface_enabled,"interface=""ens11""",1
2026-07-28 12:49:00,ccf-aiops-南京,cr-2,cr,ospf6_interface_enabled,"interface=""ens12""",1
2026-07-28 12:49:00,ccf-aiops-南京,cr-2,cr,ospf6_interface_enabled,"interface=""virbr0""",0
2026-07-28 12:49:00,ccf-aiops-南京,cr-2,cr,ospf6_interface_enabled,"interface=""ens4""",1
2026-07-28 12:49:00,ccf-aiops-南京,cr-2,cr,ospf6_interface_enabled,"interface=""ens5""",1
2026-07-28 12:49:00,ccf-aiops-南京,cr-2,cr,ospf6_interface_enabled,"interface=""ens6""",1
2026-07-28 12:49:00,ccf-aiops-南京,cr-2,cr,ospf6_interface_enabled,"interface=""ens7""",1
2026-07-28 12:49:00,ccf-aiops-南京,cr-2,cr,ospf6_interface_enabled,"interface=""ens8""",1
2026-07-28 12:49:00,ccf-aiops-南京,cr-2,cr,ospf6_interface_enabled,"interface=""ens9""",1
2026-07-28 12:49:00,ccf-aiops-南京,cr-2,cr,ospf6_neighbor_state_code,"state=""Full"",interface=""ens4"",neighbor_id=""7.7.7.1""",6
2026-07-28 12:49:00,ccf-aiops-南京,cr-2,cr,ospf6_neighbor_state_code,"state=""Full"",interface=""ens4"",neighbor_id=""7.7.7.11""",6
2026-07-28 12:49:00,ccf-aiops-南京,cr-2,cr,ospf6_neighbor_state_code,"state=""Full"",interface=""ens4"",neighbor_id=""7.7.7.2""",6
2026-07-28 12:49:00,ccf-aiops-南京,cr-2,cr,ospf6_neighbor_state_code,"state=""Full"",interface=""ens5"",neighbor_id=""7.7.7.11""",6
2026-07-28 12:49:00,ccf-aiops-南京,cr-2,cr,bgp_command_success,,
2026-07-28 12:49:00,ccf-aiops-南京,cr-2,cr,bgp_peer_up,,
2026-07-28 12:49:00,ccf-aiops-南京,cr-2,cr,bgp_peer_uptime_seconds,,
2026-07-28 12:49:00,ccf-aiops-南京,cr-2,cr,bgp_peer_prefix_received,,
2026-07-28 12:49:00,ccf-aiops-南京,cr-2,cr,bgp_peer_prefix_sent,,
2026-07-28 12:49:00,ccf-aiops-南京,cr-2,cr,bgp_peer_count,,
2026-07-28 12:50:00,ccf-aiops-南京,br-1,br,bgp_command_success,"command=""bgp_summary""",1
2026-07-28 12:50:00,ccf-aiops-南京,br-1,br,bgp_peer_count,,2
2026-07-28 12:50:00,ccf-aiops-南京,br-1,br,bgp_peer_prefix_received,"peer=""fd00:100:10::51"",remote_as=""65006"",state=""Established""",7
2026-07-28 12:50:00,ccf-aiops-南京,br-1,br,bgp_peer_prefix_received,"peer=""fd00:100:10::41"",remote_as=""65005"",state=""Established""",7
2026-07-28 12:50:00,ccf-aiops-南京,br-1,br,bgp_peer_prefix_sent,"peer=""fd00:100:10::41"",remote_as=""65005"",state=""Established""",8
2026-07-28 12:50:00,ccf-aiops-南京,br-1,br,bgp_peer_prefix_sent,"peer=""fd00:100:10::51"",remote_as=""65006"",state=""Established""",8
2026-07-28 12:50:00,ccf-aiops-南京,br-1,br,bgp_peer_up,"peer=""fd00:100:10::41"",remote_as=""65005"",state=""Established""",1
2026-07-28 12:50:00,ccf-aiops-南京,br-1,br,bgp_peer_up,"peer=""fd00:100:10::51"",remote_as=""65006"",state=""Established""",1
2026-07-28 12:50:00,ccf-aiops-南京,br-1,br,bgp_peer_uptime_seconds,"peer=""fd00:100:10::41"",remote_as=""65005"",state=""Established""",2413556
2026-07-28 12:50:00,ccf-aiops-南京,br-1,br,bgp_peer_uptime_seconds,"peer=""fd00:100:10::51"",remote_as=""65006"",state=""Established""",2413556
2026-07-28 12:50:00,ccf-aiops-南京,br-1,br,ipv6_default_route_changed_total,,0
2026-07-28 12:50:00,ccf-aiops-南京,br-1,br,ipv6_default_route_info,"next_hop=""240a:a023::1"",dev=""ens4"",protocol=""unknown"",metric=""1024"",route_index=""0"",nh_index=""0""",1
2026-07-28 12:50:00,ccf-aiops-南京,br-1,br,ipv6_route_change_total,"prefix=""fd00:6:40::/64""",0
2026-07-28 12:50:00,ccf-aiops-南京,br-1,br,ipv6_route_change_total,"prefix=""::/0""",0
2026-07-28 12:50:00,ccf-aiops-南京,br-1,br,ipv6_route_change_total,"prefix=""fd00:1:40::/64""",0
2026-07-28 12:50:00,ccf-aiops-南京,br-1,br,ipv6_route_change_total,"prefix=""fd00:2:40::/64""",5
2026-07-28 12:50:00,ccf-aiops-南京,br-1,br,ipv6_route_change_total,"prefix=""fd00:3:40::/64""",0
2026-07-28 12:50:00,ccf-aiops-南京,br-1,br,ipv6_route_change_total,"prefix=""fd00:4:40::/64""",0
2026-07-28 12:50:00,ccf-aiops-南京,br-1,br,ipv6_route_change_total,"prefix=""fd00:5:40::/64""",0
2026-07-28 12:50:00,ccf-aiops-南京,br-1,br,ipv6_route_change_total,"prefix=""fd00:7:40::/64""",8
2026-07-28 12:50:00,ccf-aiops-南京,br-1,br,ipv6_route_change_total,"prefix=""fd00:8:40::/64""",0
2026-07-28 12:50:00,ccf-aiops-南京,br-1,br,ipv6_route_count,"protocol=""kernel""",7
2026-07-28 12:50:00,ccf-aiops-南京,br-1,br,ipv6_route_count,"protocol=""bgp""",7
2026-07-28 12:50:00,ccf-aiops-南京,br-1,br,ipv6_route_count,"protocol=""unknown""",1
2026-07-28 12:50:00,ccf-aiops-南京,br-1,br,ipv6_route_count,"protocol=""ospf""",2
2026-07-28 12:50:00,ccf-aiops-南京,br-1,br,ipv6_route_count,"protocol=""all""",17
2026-07-28 12:50:00,ccf-aiops-南京,br-1,br,ipv6_route_exists,"prefix=""::/0""",1
2026-07-28 12:50:00,ccf-aiops-南京,br-1,br,ipv6_route_exists,"prefix=""fd00:1:40::/64""",1
2026-07-28 12:50:00,ccf-aiops-南京,br-1,br,ipv6_route_exists,"prefix=""fd00:2:40::/64""",1
2026-07-28 12:50:00,ccf-aiops-南京,br-1,br,ipv6_route_exists,"prefix=""fd00:3:40::/64""",1
2026-07-28 12:50:00,ccf-aiops-南京,br-1,br,ipv6_route_exists,"prefix=""fd00:4:40::/64""",1
2026-07-28 12:50:00,ccf-aiops-南京,br-1,br,ipv6_route_exists,"prefix=""fd00:5:40::/64""",1
2026-07-28 12:50:00,ccf-aiops-南京,br-1,br,ipv6_route_exists,"prefix=""fd00:6:40::/64""",1
2026-07-28 12:50:00,ccf-aiops-南京,br-1,br,ipv6_route_exists,"prefix=""fd00:7:40::/64""",1
2026-07-28 12:50:00,ccf-aiops-南京,br-1,br,ipv6_route_exists,"prefix=""fd00:8:40::/64""",1
2026-07-28 12:50:00,ccf-aiops-南京,br-1,br,ipv6_route_nexthop_info,"prefix=""fd00:6:40::/64"",next_hop=""fe80::100:10:51"",dev=""ens4"",protocol=""bgp"",metric=""20"",route_index=""0"",nh_index=""0""",1
2026-07-28 12:50:00,ccf-aiops-南京,br-1,br,ipv6_route_nexthop_info,"prefix=""::/0"",next_hop=""240a:a023::1"",dev=""ens4"",protocol=""unknown"",metric=""1024"",route_index=""0"",nh_index=""0""",1
2026-07-28 12:50:00,ccf-aiops-南京,br-1,br,ipv6_route_nexthop_info,"prefix=""fd00:3:40::/64"",next_hop=""fe80::100:10:41"",dev=""ens4"",protocol=""bgp"",metric=""20"",route_index=""0"",nh_index=""0""",1
2026-07-28 12:50:00,ccf-aiops-南京,br-1,br,ipv6_route_nexthop_info,"prefix=""fd00:4:40::/64"",next_hop=""fe80::100:10:41"",dev=""ens4"",protocol=""bgp"",metric=""20"",route_index=""0"",nh_index=""0""",1
2026-07-28 12:50:00,ccf-aiops-南京,br-1,br,ipv6_route_nexthop_info,"prefix=""fd00:5:40::/64"",next_hop=""fe80::100:10:41"",dev=""ens4"",protocol=""bgp"",metric=""20"",route_index=""0"",nh_index=""0""",1
2026-07-28 12:50:00,ccf-aiops-南京,br-1,br,ipv6_route_nexthop_info,"prefix=""fd00:8:40::/64"",next_hop=""fe80::100:10:41"",dev=""ens4"",protocol=""bgp"",metric=""20"",route_index=""0"",nh_index=""0""",1
2026-07-28 12:50:00,ccf-aiops-南京,br-1,br,ipv6_route_nexthop_info,"prefix=""fd00:7:40::/64"",next_hop=""fe80::7:20:11"",dev=""ens5"",protocol=""ospf"",metric=""20"",route_index=""0"",nh_index=""1""",1
2026-07-28 12:50:00,ccf-aiops-南京,br-1,br,ipv6_route_nexthop_info,"prefix=""fd00:2:40::/64"",next_hop=""fe80::100:10:51"",dev=""ens4"",protocol=""bgp"",metric=""20"",route_index=""0"",nh_index=""0""",1
2026-07-28 12:50:00,ccf-aiops-南京,br-1,br,ipv6_route_nexthop_info,"prefix=""fd00:7:40::/64"",next_hop=""fe80::7:20:12"",dev=""ens5"",protocol=""ospf"",metric=""20"",route_index=""0"",nh_index=""0""",1
2026-07-28 12:50:00,ccf-aiops-南京,br-1,br,ipv6_route_nexthop_info,"prefix=""fd00:1:40::/64"",next_hop=""fe80::100:10:51"",dev=""ens4"",protocol=""bgp"",metric=""20"",route_index=""0"",nh_index=""0""",1
2026-07-28 12:50:00,ccf-aiops-南京,br-1,br,ospf6_interface_cost,"interface=""ens5""",1
2026-07-28 12:50:00,ccf-aiops-南京,br-1,br,ospf6_interface_enabled,"interface=""ens7""",1
2026-07-28 12:50:00,ccf-aiops-南京,br-1,br,ospf6_interface_enabled,"interface=""virbr0""",0
2026-07-28 12:50:00,ccf-aiops-南京,br-1,br,ospf6_interface_enabled,"interface=""lo""",1
2026-07-28 12:50:00,ccf-aiops-南京,br-1,br,ospf6_interface_enabled,"interface=""ens9""",1
2026-07-28 12:50:00,ccf-aiops-南京,br-1,br,ospf6_interface_enabled,"interface=""ens8""",1
2026-07-28 12:50:00,ccf-aiops-南京,br-1,br,ospf6_interface_enabled,"interface=""ens10""",1
2026-07-28 12:50:00,ccf-aiops-南京,br-1,br,ospf6_interface_enabled,"interface=""ens11""",1
2026-07-28 12:50:00,ccf-aiops-南京,br-1,br,ospf6_interface_enabled,"interface=""ens12""",1
2026-07-28 12:50:00,ccf-aiops-南京,br-1,br,ospf6_interface_enabled,"interface=""ens3""",1
2026-07-28 12:50:00,ccf-aiops-南京,br-1,br,ospf6_interface_enabled,"interface=""ens4""",1
2026-07-28 12:50:00,ccf-aiops-南京,br-1,br,ospf6_interface_enabled,"interface=""ens5""",1
2026-07-28 12:50:00,ccf-aiops-南京,br-1,br,ospf6_interface_enabled,"interface=""ens6""",1
2026-07-28 12:50:00,ccf-aiops-南京,br-1,br,ospf6_neighbor_state_code,"state=""Full"",interface=""ens5"",neighbor_id=""7.7.7.12""",6
2026-07-28 12:50:00,ccf-aiops-南京,br-1,br,ospf6_neighbor_state_code,"state=""Full"",interface=""ens5"",neighbor_id=""7.7.7.2""",6
2026-07-28 12:50:00,ccf-aiops-南京,br-1,br,ospf6_neighbor_state_code,"state=""Twoway"",interface=""ens5"",neighbor_id=""7.7.7.11""",2
2026-07-28 12:50:00,ccf-aiops-南京,br-2,br,bgp_command_success,"command=""bgp_summary""",1
2026-07-28 12:50:00,ccf-aiops-南京,br-2,br,bgp_peer_count,,2
2026-07-28 12:50:00,ccf-aiops-南京,br-2,br,bgp_peer_prefix_received,"peer=""fd00:100:10::52"",remote_as=""65006"",state=""Established""",7
2026-07-28 12:50:00,ccf-aiops-南京,br-2,br,bgp_peer_prefix_received,"peer=""fd00:100:10::42"",remote_as=""65005"",state=""Established""",7
2026-07-28 12:50:00,ccf-aiops-南京,br-2,br,bgp_peer_prefix_sent,"peer=""fd00:100:10::42"",remote_as=""65005"",state=""Established""",8
2026-07-28 12:50:00,ccf-aiops-南京,br-2,br,bgp_peer_prefix_sent,"peer=""fd00:100:10::52"",remote_as=""65006"",state=""Established""",8
2026-07-28 12:50:00,ccf-aiops-南京,br-2,br,bgp_peer_up,"peer=""fd00:100:10::52"",remote_as=""65006"",state=""Established""",1
2026-07-28 12:50:00,ccf-aiops-南京,br-2,br,bgp_peer_up,"peer=""fd00:100:10::42"",remote_as=""65005"",state=""Established""",1
2026-07-28 12:50:00,ccf-aiops-南京,br-2,br,bgp_peer_uptime_seconds,"peer=""fd00:100:10::42"",remote_as=""65005"",state=""Established""",2413523
2026-07-28 12:50:00,ccf-aiops-南京,br-2,br,bgp_peer_uptime_seconds,"peer=""fd00:100:10::52"",remote_as=""65006"",state=""Established""",2413523
2026-07-28 12:50:00,ccf-aiops-南京,br-2,br,ipv6_default_route_changed_total,,0
2026-07-28 12:50:00,ccf-aiops-南京,br-2,br,ipv6_default_route_info,"next_hop=""240a:a023::1"",dev=""ens4"",protocol=""unknown"",metric=""1024"",route_index=""0"",nh_index=""0""",1
2026-07-28 12:50:00,ccf-aiops-南京,br-2,br,ipv6_route_change_total,"prefix=""fd00:1:40::/64""",0
2026-07-28 12:50:00,ccf-aiops-南京,br-2,br,ipv6_route_change_total,"prefix=""::/0""",0
2026-07-28 12:50:00,ccf-aiops-南京,br-2,br,ipv6_route_change_total,"prefix=""fd00:2:40::/64""",3
2026-07-28 12:50:00,ccf-aiops-南京,br-2,br,ipv6_route_change_total,"prefix=""fd00:3:40::/64""",0
2026-07-28 12:50:00,ccf-aiops-南京,br-2,br,ipv6_route_change_total,"prefix=""fd00:4:40::/64""",0
2026-07-28 12:50:00,ccf-aiops-南京,br-2,br,ipv6_route_change_total,"prefix=""fd00:5:40::/64""",0
2026-07-28 12:50:00,ccf-aiops-南京,br-2,br,ipv6_route_change_total,"prefix=""fd00:6:40::/64""",0
2026-07-28 12:50:00,ccf-aiops-南京,br-2,br,ipv6_route_change_total,"prefix=""fd00:7:40::/64""",10
2026-07-28 12:50:00,ccf-aiops-南京,br-2,br,ipv6_route_change_total,"prefix=""fd00:8:40::/64""",0
2026-07-28 12:50:00,ccf-aiops-南京,br-2,br,ipv6_route_count,"protocol=""ospf""",2
2026-07-28 12:50:00,ccf-aiops-南京,br-2,br,ipv6_route_count,"protocol=""kernel""",7
2026-07-28 12:50:00,ccf-aiops-南京,br-2,br,ipv6_route_count,"protocol=""bgp""",7
2026-07-28 12:50:00,ccf-aiops-南京,br-2,br,ipv6_route_count,"protocol=""all""",17
2026-07-28 12:50:00,ccf-aiops-南京,br-2,br,ipv6_route_count,"protocol=""unknown""",1
2026-07-28 12:50:00,ccf-aiops-南京,br-2,br,ipv6_route_exists,"prefix=""fd00:1:40::/64""",1
2026-07-28 12:50:00,ccf-aiops-南京,br-2,br,ipv6_route_exists,"prefix=""fd00:8:40::/64""",1
2026-07-28 12:50:00,ccf-aiops-南京,br-2,br,ipv6_route_exists,"prefix=""fd00:7:40::/64""",1
2026-07-28 12:50:00,ccf-aiops-南京,br-2,br,ipv6_route_exists,"prefix=""fd00:6:40::/64""",1
2026-07-28 12:50:00,ccf-aiops-南京,br-2,br,ipv6_route_exists,"prefix=""fd00:5:40::/64""",1
2026-07-28 12:50:00,ccf-aiops-南京,br-2,br,ipv6_route_exists,"prefix=""fd00:4:40::/64""",1
2026-07-28 12:50:00,ccf-aiops-南京,br-2,br,ipv6_route_exists,"prefix=""fd00:3:40::/64""",1
2026-07-28 12:50:00,ccf-aiops-南京,br-2,br,ipv6_route_exists,"prefix=""fd00:2:40::/64""",1
2026-07-28 12:50:00,ccf-aiops-南京,br-2,br,ipv6_route_exists,"prefix=""::/0""",1
2026-07-28 12:50:00,ccf-aiops-南京,br-2,br,ipv6_route_nexthop_info,"prefix=""fd00:4:40::/64"",next_hop=""fe80::100:10:42"",dev=""ens4"",protocol=""bgp"",metric=""20"",route_index=""0"",nh_index=""0""",1
2026-07-28 12:50:00,ccf-aiops-南京,br-2,br,ipv6_route_nexthop_info,"prefix=""fd00:3:40::/64"",next_hop=""fe80::100:10:42"",dev=""ens4"",protocol=""bgp"",metric=""20"",route_index=""0"",nh_index=""0""",1
2026-07-28 12:50:00,ccf-aiops-南京,br-2,br,ipv6_route_nexthop_info,"prefix=""::/0"",next_hop=""240a:a023::1"",dev=""ens4"",protocol=""unknown"",metric=""1024"",route_index=""0"",nh_index=""0""",1
2026-07-28 12:50:00,ccf-aiops-南京,br-2,br,ipv6_route_nexthop_info,"prefix=""fd00:7:40::/64"",next_hop=""fe80::7:20:11"",dev=""ens5"",protocol=""ospf"",metric=""20"",route_index=""0"",nh_index=""1""",1
2026-07-28 12:50:00,ccf-aiops-南京,br-2,br,ipv6_route_nexthop_info,"prefix=""fd00:7:40::/64"",next_hop=""fe80::7:20:12"",dev=""ens5"",protocol=""ospf"",metric=""20"",route_index=""0"",nh_index=""0""",1
2026-07-28 12:50:00,ccf-aiops-南京,br-2,br,ipv6_route_nexthop_info,"prefix=""fd00:5:40::/64"",next_hop=""fe80::100:10:42"",dev=""ens4"",protocol=""bgp"",metric=""20"",route_index=""0"",nh_index=""0""",1
2026-07-28 12:50:00,ccf-aiops-南京,br-2,br,ipv6_route_nexthop_info,"prefix=""fd00:8:40::/64"",next_hop=""fe80::100:10:42"",dev=""ens4"",protocol=""bgp"",metric=""20"",route_index=""0"",nh_index=""0""",1
2026-07-28 12:50:00,ccf-aiops-南京,br-2,br,ipv6_route_nexthop_info,"prefix=""fd00:6:40::/64"",next_hop=""fe80::100:10:52"",dev=""ens4"",protocol=""bgp"",metric=""20"",route_index=""0"",nh_index=""0""",1
2026-07-28 12:50:00,ccf-aiops-南京,br-2,br,ipv6_route_nexthop_info,"prefix=""fd00:2:40::/64"",next_hop=""fe80::100:10:52"",dev=""ens4"",protocol=""bgp"",metric=""20"",route_index=""0"",nh_index=""0""",1
2026-07-28 12:50:00,ccf-aiops-南京,br-2,br,ipv6_route_nexthop_info,"prefix=""fd00:1:40::/64"",next_hop=""fe80::100:10:52"",dev=""ens4"",protocol=""bgp"",metric=""20"",route_index=""0"",nh_index=""0""",1
2026-07-28 12:50:00,ccf-aiops-南京,br-2,br,ospf6_interface_cost,"interface=""ens5""",1
2026-07-28 12:50:00,ccf-aiops-南京,br-2,br,ospf6_interface_enabled,"interface=""virbr0""",0
2026-07-28 12:50:00,ccf-aiops-南京,br-2,br,ospf6_interface_enabled,"interface=""lo""",1
2026-07-28 12:50:00,ccf-aiops-南京,br-2,br,ospf6_interface_enabled,"interface=""ens9""",1
2026-07-28 12:50:00,ccf-aiops-南京,br-2,br,ospf6_interface_enabled,"interface=""ens8""",1
2026-07-28 12:50:00,ccf-aiops-南京,br-2,br,ospf6_interface_enabled,"interface=""ens7""",1
2026-07-28 12:50:00,ccf-aiops-南京,br-2,br,ospf6_interface_enabled,"interface=""ens6""",1
2026-07-28 12:50:00,ccf-aiops-南京,br-2,br,ospf6_interface_enabled,"interface=""ens5""",1
2026-07-28 12:50:00,ccf-aiops-南京,br-2,br,ospf6_interface_enabled,"interface=""ens4""",1
2026-07-28 12:50:00,ccf-aiops-南京,br-2,br,ospf6_interface_enabled,"interface=""ens3""",1
2026-07-28 12:50:00,ccf-aiops-南京,br-2,br,ospf6_interface_enabled,"interface=""ens12""",1
2026-07-28 12:50:00,ccf-aiops-南京,br-2,br,ospf6_interface_enabled,"interface=""ens11""",1
2026-07-28 12:50:00,ccf-aiops-南京,br-2,br,ospf6_interface_enabled,"interface=""ens10""",1
2026-07-28 12:50:00,ccf-aiops-南京,br-2,br,ospf6_neighbor_state_code,"state=""Full"",interface=""ens5"",neighbor_id=""7.7.7.1""",6
2026-07-28 12:50:00,ccf-aiops-南京,br-2,br,ospf6_neighbor_state_code,"state=""Full"",interface=""ens5"",neighbor_id=""7.7.7.11""",6
2026-07-28 12:50:00,ccf-aiops-南京,br-2,br,ospf6_neighbor_state_code,"state=""Full"",interface=""ens5"",neighbor_id=""7.7.7.12""",6
2026-07-28 12:50:00,ccf-aiops-南京,cr-1,cr,ipv6_default_route_changed_total,,0
2026-07-28 12:50:00,ccf-aiops-南京,cr-1,cr,ipv6_default_route_info,"next_hop=""fd00:7:20::2"",dev=""ens4"",protocol=""196"",metric=""20"",route_index=""0"",nh_index=""1""",1
2026-07-28 12:50:00,ccf-aiops-南京,cr-1,cr,ipv6_default_route_info,"next_hop=""fd00:7:20::1"",dev=""ens4"",protocol=""196"",metric=""20"",route_index=""0"",nh_index=""0""",1
2026-07-28 12:50:00,ccf-aiops-南京,cr-1,cr,ipv6_route_change_total,"prefix=""fd00:7:40::/64""",0
2026-07-28 12:50:00,ccf-aiops-南京,cr-1,cr,ipv6_route_change_total,"prefix=""fd00:4:40::/64""",5
2026-07-28 12:50:00,ccf-aiops-南京,cr-1,cr,ipv6_route_change_total,"prefix=""fd00:3:40::/64""",0
2026-07-28 12:50:00,ccf-aiops-南京,cr-1,cr,ipv6_route_change_total,"prefix=""fd00:2:40::/64""",0
2026-07-28 12:50:00,ccf-aiops-南京,cr-1,cr,ipv6_route_change_total,"prefix=""fd00:1:40::/64""",5
2026-07-28 12:50:00,ccf-aiops-南京,cr-1,cr,ipv6_route_change_total,"prefix=""::/0""",0
2026-07-28 12:50:00,ccf-aiops-南京,cr-1,cr,ipv6_route_change_total,"prefix=""fd00:5:40::/64""",5
2026-07-28 12:50:00,ccf-aiops-南京,cr-1,cr,ipv6_route_change_total,"prefix=""fd00:6:40::/64""",5
2026-07-28 12:50:00,ccf-aiops-南京,cr-1,cr,ipv6_route_change_total,"prefix=""fd00:8:40::/64""",5
2026-07-28 12:50:00,ccf-aiops-南京,cr-1,cr,ipv6_route_count,"protocol=""ospf""",7
2026-07-28 12:50:00,ccf-aiops-南京,cr-1,cr,ipv6_route_count,"protocol=""kernel""",7
2026-07-28 12:50:00,ccf-aiops-南京,cr-1,cr,ipv6_route_count,"protocol=""all""",16
2026-07-28 12:50:00,ccf-aiops-南京,cr-1,cr,ipv6_route_count,"protocol=""196""",2
2026-07-28 12:50:00,ccf-aiops-南京,cr-1,cr,ipv6_route_exists,"prefix=""fd00:4:40::/64""",1
2026-07-28 12:50:00,ccf-aiops-南京,cr-1,cr,ipv6_route_exists,"prefix=""fd00:5:40::/64""",1
2026-07-28 12:50:00,ccf-aiops-南京,cr-1,cr,ipv6_route_exists,"prefix=""fd00:6:40::/64""",1
2026-07-28 12:50:00,ccf-aiops-南京,cr-1,cr,ipv6_route_exists,"prefix=""fd00:7:40::/64""",1
2026-07-28 12:50:00,ccf-aiops-南京,cr-1,cr,ipv6_route_exists,"prefix=""fd00:1:40::/64""",1
2026-07-28 12:50:00,ccf-aiops-南京,cr-1,cr,ipv6_route_exists,"prefix=""::/0""",1
2026-07-28 12:50:00,ccf-aiops-南京,cr-1,cr,ipv6_route_exists,"prefix=""fd00:8:40::/64""",1
2026-07-28 12:50:00,ccf-aiops-南京,cr-1,cr,ipv6_route_exists,"prefix=""fd00:2:40::/64""",1
2026-07-28 12:50:00,ccf-aiops-南京,cr-1,cr,ipv6_route_exists,"prefix=""fd00:3:40::/64""",1
2026-07-28 12:50:00,ccf-aiops-南京,cr-1,cr,ipv6_route_nexthop_info,"prefix=""fd00:7:40::/64"",next_hop=""fd00:7:30::254"",dev=""ens5"",protocol=""196"",metric=""20"",route_index=""0"",nh_index=""0""",1
2026-07-28 12:50:00,ccf-aiops-南京,cr-1,cr,ipv6_route_nexthop_info,"prefix=""fd00:8:40::/64"",next_hop=""fe80::7:20:2"",dev=""ens4"",protocol=""ospf"",metric=""20"",route_index=""0"",nh_index=""1""",1
2026-07-28 12:50:00,ccf-aiops-南京,cr-1,cr,ipv6_route_nexthop_info,"prefix=""fd00:5:40::/64"",next_hop=""fe80::7:20:2"",dev=""ens4"",protocol=""ospf"",metric=""20"",route_index=""0"",nh_index=""1""",1
2026-07-28 12:50:00,ccf-aiops-南京,cr-1,cr,ipv6_route_nexthop_info,"prefix=""fd00:6:40::/64"",next_hop=""fe80::7:20:2"",dev=""ens4"",protocol=""ospf"",metric=""20"",route_index=""0"",nh_index=""1""",1
2026-07-28 12:50:00,ccf-aiops-南京,cr-1,cr,ipv6_route_nexthop_info,"prefix=""fd00:4:40::/64"",next_hop=""fe80::7:20:2"",dev=""ens4"",protocol=""ospf"",metric=""20"",route_index=""0"",nh_index=""1""",1
2026-07-28 12:50:00,ccf-aiops-南京,cr-1,cr,ipv6_route_nexthop_info,"prefix=""fd00:3:40::/64"",next_hop=""fe80::7:20:2"",dev=""ens4"",protocol=""ospf"",metric=""20"",route_index=""0"",nh_index=""1""",1
2026-07-28 12:50:00,ccf-aiops-南京,cr-1,cr,ipv6_route_nexthop_info,"prefix=""fd00:2:40::/64"",next_hop=""fe80::7:20:2"",dev=""ens4"",protocol=""ospf"",metric=""20"",route_index=""0"",nh_index=""1""",1
2026-07-28 12:50:00,ccf-aiops-南京,cr-1,cr,ipv6_route_nexthop_info,"prefix=""fd00:1:40::/64"",next_hop=""fe80::7:20:2"",dev=""ens4"",protocol=""ospf"",metric=""20"",route_index=""0"",nh_index=""1""",1
2026-07-28 12:50:00,ccf-aiops-南京,cr-1,cr,ipv6_route_nexthop_info,"prefix=""fd00:8:40::/64"",next_hop=""fe80::7:20:1"",dev=""ens4"",protocol=""ospf"",metric=""20"",route_index=""0"",nh_index=""0""",1
2026-07-28 12:50:00,ccf-aiops-南京,cr-1,cr,ipv6_route_nexthop_info,"prefix=""fd00:6:40::/64"",next_hop=""fe80::7:20:1"",dev=""ens4"",protocol=""ospf"",metric=""20"",route_index=""0"",nh_index=""0""",1
2026-07-28 12:50:00,ccf-aiops-南京,cr-1,cr,ipv6_route_nexthop_info,"prefix=""fd00:5:40::/64"",next_hop=""fe80::7:20:1"",dev=""ens4"",protocol=""ospf"",metric=""20"",route_index=""0"",nh_index=""0""",1
2026-07-28 12:50:00,ccf-aiops-南京,cr-1,cr,ipv6_route_nexthop_info,"prefix=""fd00:4:40::/64"",next_hop=""fe80::7:20:1"",dev=""ens4"",protocol=""ospf"",metric=""20"",route_index=""0"",nh_index=""0""",1
2026-07-28 12:50:00,ccf-aiops-南京,cr-1,cr,ipv6_route_nexthop_info,"prefix=""fd00:3:40::/64"",next_hop=""fe80::7:20:1"",dev=""ens4"",protocol=""ospf"",metric=""20"",route_index=""0"",nh_index=""0""",1
2026-07-28 12:50:00,ccf-aiops-南京,cr-1,cr,ipv6_route_nexthop_info,"prefix=""fd00:2:40::/64"",next_hop=""fe80::7:20:1"",dev=""ens4"",protocol=""ospf"",metric=""20"",route_index=""0"",nh_index=""0""",1
2026-07-28 12:50:00,ccf-aiops-南京,cr-1,cr,ipv6_route_nexthop_info,"prefix=""fd00:1:40::/64"",next_hop=""fe80::7:20:1"",dev=""ens4"",protocol=""ospf"",metric=""20"",route_index=""0"",nh_index=""0""",1
2026-07-28 12:50:00,ccf-aiops-南京,cr-1,cr,ipv6_route_nexthop_info,"prefix=""::/0"",next_hop=""fd00:7:20::2"",dev=""ens4"",protocol=""196"",metric=""20"",route_index=""0"",nh_index=""1""",1
2026-07-28 12:50:00,ccf-aiops-南京,cr-1,cr,ipv6_route_nexthop_info,"prefix=""::/0"",next_hop=""fd00:7:20::1"",dev=""ens4"",protocol=""196"",metric=""20"",route_index=""0"",nh_index=""0""",1
2026-07-28 12:50:00,ccf-aiops-南京,cr-1,cr,ospf6_interface_cost,"interface=""ens4""",1
2026-07-28 12:50:00,ccf-aiops-南京,cr-1,cr,ospf6_interface_cost,"interface=""ens5""",1
2026-07-28 12:50:00,ccf-aiops-南京,cr-1,cr,ospf6_interface_enabled,"interface=""vxlan100""",1
2026-07-28 12:50:00,ccf-aiops-南京,cr-1,cr,ospf6_interface_enabled,"interface=""ens11""",1
2026-07-28 12:50:00,ccf-aiops-南京,cr-1,cr,ospf6_interface_enabled,"interface=""virbr0""",0
2026-07-28 12:50:00,ccf-aiops-南京,cr-1,cr,ospf6_interface_enabled,"interface=""lo""",1
2026-07-28 12:50:00,ccf-aiops-南京,cr-1,cr,ospf6_interface_enabled,"interface=""ens9""",1
2026-07-28 12:50:00,ccf-aiops-南京,cr-1,cr,ospf6_interface_enabled,"interface=""ens8""",1
2026-07-28 12:50:00,ccf-aiops-南京,cr-1,cr,ospf6_interface_enabled,"interface=""ens7""",1
2026-07-28 12:50:00,ccf-aiops-南京,cr-1,cr,ospf6_interface_enabled,"interface=""ens6""",1
2026-07-28 12:50:00,ccf-aiops-南京,cr-1,cr,ospf6_interface_enabled,"interface=""ens5""",1
2026-07-28 12:50:00,ccf-aiops-南京,cr-1,cr,ospf6_interface_enabled,"interface=""ens4""",1
2026-07-28 12:50:00,ccf-aiops-南京,cr-1,cr,ospf6_interface_enabled,"interface=""ens3""",1
2026-07-28 12:50:00,ccf-aiops-南京,cr-1,cr,ospf6_interface_enabled,"interface=""ens12""",1
2026-07-28 12:50:00,ccf-aiops-南京,cr-1,cr,ospf6_interface_enabled,"interface=""ens10""",1
2026-07-28 12:50:00,ccf-aiops-南京,cr-1,cr,ospf6_neighbor_state_code,"state=""Twoway"",interface=""ens4"",neighbor_id=""7.7.7.1""",2
2026-07-28 12:50:00,ccf-aiops-南京,cr-1,cr,ospf6_neighbor_state_code,"state=""Full"",interface=""ens4"",neighbor_id=""7.7.7.12""",6
2026-07-28 12:50:00,ccf-aiops-南京,cr-1,cr,ospf6_neighbor_state_code,"state=""Full"",interface=""ens4"",neighbor_id=""7.7.7.2""",6
2026-07-28 12:50:00,ccf-aiops-南京,cr-1,cr,ospf6_neighbor_state_code,"state=""Full"",interface=""ens5"",neighbor_id=""7.7.7.12""",6
2026-07-28 12:50:00,ccf-aiops-南京,cr-1,cr,bgp_command_success,,
2026-07-28 12:50:00,ccf-aiops-南京,cr-1,cr,bgp_peer_up,,
2026-07-28 12:50:00,ccf-aiops-南京,cr-1,cr,bgp_peer_uptime_seconds,,
2026-07-28 12:50:00,ccf-aiops-南京,cr-1,cr,bgp_peer_prefix_received,,
2026-07-28 12:50:00,ccf-aiops-南京,cr-1,cr,bgp_peer_prefix_sent,,
2026-07-28 12:50:00,ccf-aiops-南京,cr-1,cr,bgp_peer_count,,
2026-07-28 12:50:00,ccf-aiops-南京,cr-2,cr,ipv6_default_route_changed_total,,0
2026-07-28 12:50:00,ccf-aiops-南京,cr-2,cr,ipv6_default_route_info,"next_hop=""fd00:7:20::2"",dev=""ens4"",protocol=""196"",metric=""20"",route_index=""0"",nh_index=""1""",1
2026-07-28 12:50:00,ccf-aiops-南京,cr-2,cr,ipv6_default_route_info,"next_hop=""fd00:7:20::1"",dev=""ens4"",protocol=""196"",metric=""20"",route_index=""0"",nh_index=""0""",1
2026-07-28 12:50:00,ccf-aiops-南京,cr-2,cr,ipv6_route_change_total,"prefix=""fd00:2:40::/64""",3
2026-07-28 12:50:00,ccf-aiops-南京,cr-2,cr,ipv6_route_change_total,"prefix=""fd00:1:40::/64""",3
2026-07-28 12:50:00,ccf-aiops-南京,cr-2,cr,ipv6_route_change_total,"prefix=""fd00:3:40::/64""",3
2026-07-28 12:50:00,ccf-aiops-南京,cr-2,cr,ipv6_route_change_total,"prefix=""fd00:4:40::/64""",3
2026-07-28 12:50:00,ccf-aiops-南京,cr-2,cr,ipv6_route_change_total,"prefix=""::/0""",0
2026-07-28 12:50:00,ccf-aiops-南京,cr-2,cr,ipv6_route_change_total,"prefix=""fd00:8:40::/64""",3
2026-07-28 12:50:00,ccf-aiops-南京,cr-2,cr,ipv6_route_change_total,"prefix=""fd00:7:40::/64""",0
2026-07-28 12:50:00,ccf-aiops-南京,cr-2,cr,ipv6_route_change_total,"prefix=""fd00:6:40::/64""",3
2026-07-28 12:50:00,ccf-aiops-南京,cr-2,cr,ipv6_route_change_total,"prefix=""fd00:5:40::/64""",3
2026-07-28 12:50:00,ccf-aiops-南京,cr-2,cr,ipv6_route_count,"protocol=""kernel""",6
2026-07-28 12:50:00,ccf-aiops-南京,cr-2,cr,ipv6_route_count,"protocol=""ospf""",7
2026-07-28 12:50:00,ccf-aiops-南京,cr-2,cr,ipv6_route_count,"protocol=""196""",2
2026-07-28 12:50:00,ccf-aiops-南京,cr-2,cr,ipv6_route_count,"protocol=""all""",15
2026-07-28 12:50:00,ccf-aiops-南京,cr-2,cr,ipv6_route_exists,"prefix=""fd00:7:40::/64""",1
2026-07-28 12:50:00,ccf-aiops-南京,cr-2,cr,ipv6_route_exists,"prefix=""::/0""",1
2026-07-28 12:50:00,ccf-aiops-南京,cr-2,cr,ipv6_route_exists,"prefix=""fd00:1:40::/64""",1
2026-07-28 12:50:00,ccf-aiops-南京,cr-2,cr,ipv6_route_exists,"prefix=""fd00:2:40::/64""",1
2026-07-28 12:50:00,ccf-aiops-南京,cr-2,cr,ipv6_route_exists,"prefix=""fd00:3:40::/64""",1
2026-07-28 12:50:00,ccf-aiops-南京,cr-2,cr,ipv6_route_exists,"prefix=""fd00:4:40::/64""",1
2026-07-28 12:50:00,ccf-aiops-南京,cr-2,cr,ipv6_route_exists,"prefix=""fd00:5:40::/64""",1
2026-07-28 12:50:00,ccf-aiops-南京,cr-2,cr,ipv6_route_exists,"prefix=""fd00:6:40::/64""",1
2026-07-28 12:50:00,ccf-aiops-南京,cr-2,cr,ipv6_route_exists,"prefix=""fd00:8:40::/64""",1
2026-07-28 12:50:00,ccf-aiops-南京,cr-2,cr,ipv6_route_nexthop_info,"prefix=""fd00:7:40::/64"",next_hop=""fd00:7:30::254"",dev=""ens5"",protocol=""196"",metric=""20"",route_index=""0"",nh_index=""0""",1
2026-07-28 12:50:00,ccf-aiops-南京,cr-2,cr,ipv6_route_nexthop_info,"prefix=""fd00:8:40::/64"",next_hop=""fe80::7:20:2"",dev=""ens4"",protocol=""ospf"",metric=""20"",route_index=""0"",nh_index=""0""",1
2026-07-28 12:50:00,ccf-aiops-南京,cr-2,cr,ipv6_route_nexthop_info,"prefix=""fd00:6:40::/64"",next_hop=""fe80::7:20:2"",dev=""ens4"",protocol=""ospf"",metric=""20"",route_index=""0"",nh_index=""0""",1
2026-07-28 12:50:00,ccf-aiops-南京,cr-2,cr,ipv6_route_nexthop_info,"prefix=""fd00:5:40::/64"",next_hop=""fe80::7:20:2"",dev=""ens4"",protocol=""ospf"",metric=""20"",route_index=""0"",nh_index=""0""",1
2026-07-28 12:50:00,ccf-aiops-南京,cr-2,cr,ipv6_route_nexthop_info,"prefix=""fd00:4:40::/64"",next_hop=""fe80::7:20:2"",dev=""ens4"",protocol=""ospf"",metric=""20"",route_index=""0"",nh_index=""0""",1
2026-07-28 12:50:00,ccf-aiops-南京,cr-2,cr,ipv6_route_nexthop_info,"prefix=""fd00:3:40::/64"",next_hop=""fe80::7:20:2"",dev=""ens4"",protocol=""ospf"",metric=""20"",route_index=""0"",nh_index=""0""",1
2026-07-28 12:50:00,ccf-aiops-南京,cr-2,cr,ipv6_route_nexthop_info,"prefix=""fd00:2:40::/64"",next_hop=""fe80::7:20:2"",dev=""ens4"",protocol=""ospf"",metric=""20"",route_index=""0"",nh_index=""0""",1
2026-07-28 12:50:00,ccf-aiops-南京,cr-2,cr,ipv6_route_nexthop_info,"prefix=""fd00:1:40::/64"",next_hop=""fe80::7:20:2"",dev=""ens4"",protocol=""ospf"",metric=""20"",route_index=""0"",nh_index=""0""",1
2026-07-28 12:50:00,ccf-aiops-南京,cr-2,cr,ipv6_route_nexthop_info,"prefix=""fd00:8:40::/64"",next_hop=""fe80::7:20:1"",dev=""ens4"",protocol=""ospf"",metric=""20"",route_index=""0"",nh_index=""1""",1
2026-07-28 12:50:00,ccf-aiops-南京,cr-2,cr,ipv6_route_nexthop_info,"prefix=""fd00:6:40::/64"",next_hop=""fe80::7:20:1"",dev=""ens4"",protocol=""ospf"",metric=""20"",route_index=""0"",nh_index=""1""",1
2026-07-28 12:50:00,ccf-aiops-南京,cr-2,cr,ipv6_route_nexthop_info,"prefix=""fd00:5:40::/64"",next_hop=""fe80::7:20:1"",dev=""ens4"",protocol=""ospf"",metric=""20"",route_index=""0"",nh_index=""1""",1
2026-07-28 12:50:00,ccf-aiops-南京,cr-2,cr,ipv6_route_nexthop_info,"prefix=""fd00:4:40::/64"",next_hop=""fe80::7:20:1"",dev=""ens4"",protocol=""ospf"",metric=""20"",route_index=""0"",nh_index=""1""",1
2026-07-28 12:50:00,ccf-aiops-南京,cr-2,cr,ipv6_route_nexthop_info,"prefix=""fd00:3:40::/64"",next_hop=""fe80::7:20:1"",dev=""ens4"",protocol=""ospf"",metric=""20"",route_index=""0"",nh_index=""1""",1
2026-07-28 12:50:00,ccf-aiops-南京,cr-2,cr,ipv6_route_nexthop_info,"prefix=""fd00:2:40::/64"",next_hop=""fe80::7:20:1"",dev=""ens4"",protocol=""ospf"",metric=""20"",route_index=""0"",nh_index=""1""",1
2026-07-28 12:50:00,ccf-aiops-南京,cr-2,cr,ipv6_route_nexthop_info,"prefix=""fd00:1:40::/64"",next_hop=""fe80::7:20:1"",dev=""ens4"",protocol=""ospf"",metric=""20"",route_index=""0"",nh_index=""1""",1
2026-07-28 12:50:00,ccf-aiops-南京,cr-2,cr,ipv6_route_nexthop_info,"prefix=""::/0"",next_hop=""fd00:7:20::2"",dev=""ens4"",protocol=""196"",metric=""20"",route_index=""0"",nh_index=""1""",1
2026-07-28 12:50:00,ccf-aiops-南京,cr-2,cr,ipv6_route_nexthop_info,"prefix=""::/0"",next_hop=""fd00:7:20::1"",dev=""ens4"",protocol=""196"",metric=""20"",route_index=""0"",nh_index=""0""",1
2026-07-28 12:50:00,ccf-aiops-南京,cr-2,cr,ospf6_interface_cost,"interface=""ens4""",1
2026-07-28 12:50:00,ccf-aiops-南京,cr-2,cr,ospf6_interface_cost,"interface=""ens5""",1
2026-07-28 12:50:00,ccf-aiops-南京,cr-2,cr,ospf6_interface_enabled,"interface=""ens11""",1
2026-07-28 12:50:00,ccf-aiops-南京,cr-2,cr,ospf6_interface_enabled,"interface=""lo""",1
2026-07-28 12:50:00,ccf-aiops-南京,cr-2,cr,ospf6_interface_enabled,"interface=""ens10""",1
2026-07-28 12:50:00,ccf-aiops-南京,cr-2,cr,ospf6_interface_enabled,"interface=""virbr0""",0
2026-07-28 12:50:00,ccf-aiops-南京,cr-2,cr,ospf6_interface_enabled,"interface=""ens12""",1
2026-07-28 12:50:00,ccf-aiops-南京,cr-2,cr,ospf6_interface_enabled,"interface=""ens3""",1
2026-07-28 12:50:00,ccf-aiops-南京,cr-2,cr,ospf6_interface_enabled,"interface=""ens4""",1
2026-07-28 12:50:00,ccf-aiops-南京,cr-2,cr,ospf6_interface_enabled,"interface=""ens5""",1
2026-07-28 12:50:00,ccf-aiops-南京,cr-2,cr,ospf6_interface_enabled,"interface=""ens6""",1
2026-07-28 12:50:00,ccf-aiops-南京,cr-2,cr,ospf6_interface_enabled,"interface=""ens7""",1
2026-07-28 12:50:00,ccf-aiops-南京,cr-2,cr,ospf6_interface_enabled,"interface=""ens8""",1
2026-07-28 12:50:00,ccf-aiops-南京,cr-2,cr,ospf6_interface_enabled,"interface=""ens9""",1
2026-07-28 12:50:00,ccf-aiops-南京,cr-2,cr,ospf6_neighbor_state_code,"state=""Full"",interface=""ens4"",neighbor_id=""7.7.7.1""",6
2026-07-28 12:50:00,ccf-aiops-南京,cr-2,cr,ospf6_neighbor_state_code,"state=""Full"",interface=""ens4"",neighbor_id=""7.7.7.11""",6
2026-07-28 12:50:00,ccf-aiops-南京,cr-2,cr,ospf6_neighbor_state_code,"state=""Full"",interface=""ens4"",neighbor_id=""7.7.7.2""",6
2026-07-28 12:50:00,ccf-aiops-南京,cr-2,cr,ospf6_neighbor_state_code,"state=""Full"",interface=""ens5"",neighbor_id=""7.7.7.11""",6
2026-07-28 12:50:00,ccf-aiops-南京,cr-2,cr,bgp_command_success,,
2026-07-28 12:50:00,ccf-aiops-南京,cr-2,cr,bgp_peer_up,,
2026-07-28 12:50:00,ccf-aiops-南京,cr-2,cr,bgp_peer_uptime_seconds,,
2026-07-28 12:50:00,ccf-aiops-南京,cr-2,cr,bgp_peer_prefix_received,,
2026-07-28 12:50:00,ccf-aiops-南京,cr-2,cr,bgp_peer_prefix_sent,,
2026-07-28 12:50:00,ccf-aiops-南京,cr-2,cr,bgp_peer_count,,
2026-07-28 12:51:00,ccf-aiops-南京,br-1,br,bgp_command_success,"command=""bgp_summary""",1
2026-07-28 12:51:00,ccf-aiops-南京,br-1,br,bgp_peer_count,,2
2026-07-28 12:51:00,ccf-aiops-南京,br-1,br,bgp_peer_prefix_received,"peer=""fd00:100:10::51"",remote_as=""65006"",state=""Established""",7
2026-07-28 12:51:00,ccf-aiops-南京,br-1,br,bgp_peer_prefix_received,"peer=""fd00:100:10::41"",remote_as=""65005"",state=""Established""",7
2026-07-28 12:51:00,ccf-aiops-南京,br-1,br,bgp_peer_prefix_sent,"peer=""fd00:100:10::41"",remote_as=""65005"",state=""Established""",8
2026-07-28 12:51:00,ccf-aiops-南京,br-1,br,bgp_peer_prefix_sent,"peer=""fd00:100:10::51"",remote_as=""65006"",state=""Established""",8
2026-07-28 12:51:00,ccf-aiops-南京,br-1,br,bgp_peer_up,"peer=""fd00:100:10::41"",remote_as=""65005"",state=""Established""",1
2026-07-28 12:51:00,ccf-aiops-南京,br-1,br,bgp_peer_up,"peer=""fd00:100:10::51"",remote_as=""65006"",state=""Established""",1
2026-07-28 12:51:00,ccf-aiops-南京,br-1,br,bgp_peer_uptime_seconds,"peer=""fd00:100:10::41"",remote_as=""65005"",state=""Established""",2413617
2026-07-28 12:51:00,ccf-aiops-南京,br-1,br,bgp_peer_uptime_seconds,"peer=""fd00:100:10::51"",remote_as=""65006"",state=""Established""",2413617
2026-07-28 12:51:00,ccf-aiops-南京,br-1,br,ipv6_default_route_changed_total,,0
2026-07-28 12:51:00,ccf-aiops-南京,br-1,br,ipv6_default_route_info,"next_hop=""240a:a023::1"",dev=""ens4"",protocol=""unknown"",metric=""1024"",route_index=""0"",nh_index=""0""",1
2026-07-28 12:51:00,ccf-aiops-南京,br-1,br,ipv6_route_change_total,"prefix=""::/0""",0
2026-07-28 12:51:00,ccf-aiops-南京,br-1,br,ipv6_route_change_total,"prefix=""fd00:1:40::/64""",0
2026-07-28 12:51:00,ccf-aiops-南京,br-1,br,ipv6_route_change_total,"prefix=""fd00:2:40::/64""",5
2026-07-28 12:51:00,ccf-aiops-南京,br-1,br,ipv6_route_change_total,"prefix=""fd00:3:40::/64""",0
2026-07-28 12:51:00,ccf-aiops-南京,br-1,br,ipv6_route_change_total,"prefix=""fd00:4:40::/64""",0
2026-07-28 12:51:00,ccf-aiops-南京,br-1,br,ipv6_route_change_total,"prefix=""fd00:5:40::/64""",0
2026-07-28 12:51:00,ccf-aiops-南京,br-1,br,ipv6_route_change_total,"prefix=""fd00:6:40::/64""",0
2026-07-28 12:51:00,ccf-aiops-南京,br-1,br,ipv6_route_change_total,"prefix=""fd00:7:40::/64""",8
2026-07-28 12:51:00,ccf-aiops-南京,br-1,br,ipv6_route_change_total,"prefix=""fd00:8:40::/64""",0
2026-07-28 12:51:00,ccf-aiops-南京,br-1,br,ipv6_route_count,"protocol=""all""",17
2026-07-28 12:51:00,ccf-aiops-南京,br-1,br,ipv6_route_count,"protocol=""bgp""",7
2026-07-28 12:51:00,ccf-aiops-南京,br-1,br,ipv6_route_count,"protocol=""kernel""",7
2026-07-28 12:51:00,ccf-aiops-南京,br-1,br,ipv6_route_count,"protocol=""ospf""",2
2026-07-28 12:51:00,ccf-aiops-南京,br-1,br,ipv6_route_count,"protocol=""unknown""",1
2026-07-28 12:51:00,ccf-aiops-南京,br-1,br,ipv6_route_exists,"prefix=""::/0""",1
2026-07-28 12:51:00,ccf-aiops-南京,br-1,br,ipv6_route_exists,"prefix=""fd00:8:40::/64""",1
2026-07-28 12:51:00,ccf-aiops-南京,br-1,br,ipv6_route_exists,"prefix=""fd00:7:40::/64""",1
2026-07-28 12:51:00,ccf-aiops-南京,br-1,br,ipv6_route_exists,"prefix=""fd00:6:40::/64""",1
2026-07-28 12:51:00,ccf-aiops-南京,br-1,br,ipv6_route_exists,"prefix=""fd00:5:40::/64""",1
2026-07-28 12:51:00,ccf-aiops-南京,br-1,br,ipv6_route_exists,"prefix=""fd00:4:40::/64""",1
2026-07-28 12:51:00,ccf-aiops-南京,br-1,br,ipv6_route_exists,"prefix=""fd00:3:40::/64""",1
2026-07-28 12:51:00,ccf-aiops-南京,br-1,br,ipv6_route_exists,"prefix=""fd00:2:40::/64""",1
2026-07-28 12:51:00,ccf-aiops-南京,br-1,br,ipv6_route_exists,"prefix=""fd00:1:40::/64""",1
2026-07-28 12:51:00,ccf-aiops-南京,br-1,br,ipv6_route_nexthop_info,"prefix=""fd00:3:40::/64"",next_hop=""fe80::100:10:41"",dev=""ens4"",protocol=""bgp"",metric=""20"",route_index=""0"",nh_index=""0""",1
2026-07-28 12:51:00,ccf-aiops-南京,br-1,br,ipv6_route_nexthop_info,"prefix=""fd00:7:40::/64"",next_hop=""fe80::7:20:12"",dev=""ens5"",protocol=""ospf"",metric=""20"",route_index=""0"",nh_index=""0""",1
2026-07-28 12:51:00,ccf-aiops-南京,br-1,br,ipv6_route_nexthop_info,"prefix=""fd00:7:40::/64"",next_hop=""fe80::7:20:11"",dev=""ens5"",protocol=""ospf"",metric=""20"",route_index=""0"",nh_index=""1""",1
2026-07-28 12:51:00,ccf-aiops-南京,br-1,br,ipv6_route_nexthop_info,"prefix=""fd00:6:40::/64"",next_hop=""fe80::100:10:51"",dev=""ens4"",protocol=""bgp"",metric=""20"",route_index=""0"",nh_index=""0""",1
2026-07-28 12:51:00,ccf-aiops-南京,br-1,br,ipv6_route_nexthop_info,"prefix=""fd00:2:40::/64"",next_hop=""fe80::100:10:51"",dev=""ens4"",protocol=""bgp"",metric=""20"",route_index=""0"",nh_index=""0""",1
2026-07-28 12:51:00,ccf-aiops-南京,br-1,br,ipv6_route_nexthop_info,"prefix=""fd00:1:40::/64"",next_hop=""fe80::100:10:51"",dev=""ens4"",protocol=""bgp"",metric=""20"",route_index=""0"",nh_index=""0""",1
2026-07-28 12:51:00,ccf-aiops-南京,br-1,br,ipv6_route_nexthop_info,"prefix=""fd00:8:40::/64"",next_hop=""fe80::100:10:41"",dev=""ens4"",protocol=""bgp"",metric=""20"",route_index=""0"",nh_index=""0""",1
2026-07-28 12:51:00,ccf-aiops-南京,br-1,br,ipv6_route_nexthop_info,"prefix=""fd00:5:40::/64"",next_hop=""fe80::100:10:41"",dev=""ens4"",protocol=""bgp"",metric=""20"",route_index=""0"",nh_index=""0""",1
2026-07-28 12:51:00,ccf-aiops-南京,br-1,br,ipv6_route_nexthop_info,"prefix=""fd00:4:40::/64"",next_hop=""fe80::100:10:41"",dev=""ens4"",protocol=""bgp"",metric=""20"",route_index=""0"",nh_index=""0""",1
2026-07-28 12:51:00,ccf-aiops-南京,br-1,br,ipv6_route_nexthop_info,"prefix=""::/0"",next_hop=""240a:a023::1"",dev=""ens4"",protocol=""unknown"",metric=""1024"",route_index=""0"",nh_index=""0""",1
2026-07-28 12:51:00,ccf-aiops-南京,br-1,br,ospf6_interface_cost,"interface=""ens5""",1
2026-07-28 12:51:00,ccf-aiops-南京,br-1,br,ospf6_interface_enabled,"interface=""ens8""",1
2026-07-28 12:51:00,ccf-aiops-南京,br-1,br,ospf6_interface_enabled,"interface=""ens11""",1
2026-07-28 12:51:00,ccf-aiops-南京,br-1,br,ospf6_interface_enabled,"interface=""virbr0""",0
2026-07-28 12:51:00,ccf-aiops-南京,br-1,br,ospf6_interface_enabled,"interface=""lo""",1
2026-07-28 12:51:00,ccf-aiops-南京,br-1,br,ospf6_interface_enabled,"interface=""ens9""",1
2026-07-28 12:51:00,ccf-aiops-南京,br-1,br,ospf6_interface_enabled,"interface=""ens10""",1
2026-07-28 12:51:00,ccf-aiops-南京,br-1,br,ospf6_interface_enabled,"interface=""ens7""",1
2026-07-28 12:51:00,ccf-aiops-南京,br-1,br,ospf6_interface_enabled,"interface=""ens6""",1
2026-07-28 12:51:00,ccf-aiops-南京,br-1,br,ospf6_interface_enabled,"interface=""ens5""",1
2026-07-28 12:51:00,ccf-aiops-南京,br-1,br,ospf6_interface_enabled,"interface=""ens4""",1
2026-07-28 12:51:00,ccf-aiops-南京,br-1,br,ospf6_interface_enabled,"interface=""ens3""",1
2026-07-28 12:51:00,ccf-aiops-南京,br-1,br,ospf6_interface_enabled,"interface=""ens12""",1
2026-07-28 12:51:00,ccf-aiops-南京,br-1,br,ospf6_neighbor_state_code,"state=""Twoway"",interface=""ens5"",neighbor_id=""7.7.7.11""",2
2026-07-28 12:51:00,ccf-aiops-南京,br-1,br,ospf6_neighbor_state_code,"state=""Full"",interface=""ens5"",neighbor_id=""7.7.7.12""",6
2026-07-28 12:51:00,ccf-aiops-南京,br-1,br,ospf6_neighbor_state_code,"state=""Full"",interface=""ens5"",neighbor_id=""7.7.7.2""",6
2026-07-28 12:51:00,ccf-aiops-南京,br-2,br,bgp_command_success,"command=""bgp_summary""",1
2026-07-28 12:51:00,ccf-aiops-南京,br-2,br,bgp_peer_count,,2
2026-07-28 12:51:00,ccf-aiops-南京,br-2,br,bgp_peer_prefix_received,"peer=""fd00:100:10::52"",remote_as=""65006"",state=""Established""",7
2026-07-28 12:51:00,ccf-aiops-南京,br-2,br,bgp_peer_prefix_received,"peer=""fd00:100:10::42"",remote_as=""65005"",state=""Established""",7
2026-07-28 12:51:00,ccf-aiops-南京,br-2,br,bgp_peer_prefix_sent,"peer=""fd00:100:10::52"",remote_as=""65006"",state=""Established""",8
2026-07-28 12:51:00,ccf-aiops-南京,br-2,br,bgp_peer_prefix_sent,"peer=""fd00:100:10::42"",remote_as=""65005"",state=""Established""",8
2026-07-28 12:51:00,ccf-aiops-南京,br-2,br,bgp_peer_up,"peer=""fd00:100:10::52"",remote_as=""65006"",state=""Established""",1
2026-07-28 12:51:00,ccf-aiops-南京,br-2,br,bgp_peer_up,"peer=""fd00:100:10::42"",remote_as=""65005"",state=""Established""",1
2026-07-28 12:51:00,ccf-aiops-南京,br-2,br,bgp_peer_uptime_seconds,"peer=""fd00:100:10::52"",remote_as=""65006"",state=""Established""",2413584
2026-07-28 12:51:00,ccf-aiops-南京,br-2,br,bgp_peer_uptime_seconds,"peer=""fd00:100:10::42"",remote_as=""65005"",state=""Established""",2413584
2026-07-28 12:51:00,ccf-aiops-南京,br-2,br,ipv6_default_route_changed_total,,0
2026-07-28 12:51:00,ccf-aiops-南京,br-2,br,ipv6_default_route_info,"next_hop=""240a:a023::1"",dev=""ens4"",protocol=""unknown"",metric=""1024"",route_index=""0"",nh_index=""0""",1
2026-07-28 12:51:00,ccf-aiops-南京,br-2,br,ipv6_route_change_total,"prefix=""::/0""",0
2026-07-28 12:51:00,ccf-aiops-南京,br-2,br,ipv6_route_change_total,"prefix=""fd00:1:40::/64""",0
2026-07-28 12:51:00,ccf-aiops-南京,br-2,br,ipv6_route_change_total,"prefix=""fd00:8:40::/64""",0
2026-07-28 12:51:00,ccf-aiops-南京,br-2,br,ipv6_route_change_total,"prefix=""fd00:7:40::/64""",10
2026-07-28 12:51:00,ccf-aiops-南京,br-2,br,ipv6_route_change_total,"prefix=""fd00:6:40::/64""",0
2026-07-28 12:51:00,ccf-aiops-南京,br-2,br,ipv6_route_change_total,"prefix=""fd00:5:40::/64""",0
2026-07-28 12:51:00,ccf-aiops-南京,br-2,br,ipv6_route_change_total,"prefix=""fd00:4:40::/64""",0
2026-07-28 12:51:00,ccf-aiops-南京,br-2,br,ipv6_route_change_total,"prefix=""fd00:3:40::/64""",0
2026-07-28 12:51:00,ccf-aiops-南京,br-2,br,ipv6_route_change_total,"prefix=""fd00:2:40::/64""",3
2026-07-28 12:51:00,ccf-aiops-南京,br-2,br,ipv6_route_count,"protocol=""ospf""",2
2026-07-28 12:51:00,ccf-aiops-南京,br-2,br,ipv6_route_count,"protocol=""all""",17
2026-07-28 12:51:00,ccf-aiops-南京,br-2,br,ipv6_route_count,"protocol=""bgp""",7
2026-07-28 12:51:00,ccf-aiops-南京,br-2,br,ipv6_route_count,"protocol=""kernel""",7
2026-07-28 12:51:00,ccf-aiops-南京,br-2,br,ipv6_route_count,"protocol=""unknown""",1
2026-07-28 12:51:00,ccf-aiops-南京,br-2,br,ipv6_route_exists,"prefix=""fd00:4:40::/64""",1
2026-07-28 12:51:00,ccf-aiops-南京,br-2,br,ipv6_route_exists,"prefix=""fd00:8:40::/64""",1
2026-07-28 12:51:00,ccf-aiops-南京,br-2,br,ipv6_route_exists,"prefix=""fd00:7:40::/64""",1
2026-07-28 12:51:00,ccf-aiops-南京,br-2,br,ipv6_route_exists,"prefix=""fd00:6:40::/64""",1
2026-07-28 12:51:00,ccf-aiops-南京,br-2,br,ipv6_route_exists,"prefix=""fd00:5:40::/64""",1
2026-07-28 12:51:00,ccf-aiops-南京,br-2,br,ipv6_route_exists,"prefix=""fd00:3:40::/64""",1
2026-07-28 12:51:00,ccf-aiops-南京,br-2,br,ipv6_route_exists,"prefix=""fd00:2:40::/64""",1
2026-07-28 12:51:00,ccf-aiops-南京,br-2,br,ipv6_route_exists,"prefix=""::/0""",1
2026-07-28 12:51:00,ccf-aiops-南京,br-2,br,ipv6_route_exists,"prefix=""fd00:1:40::/64""",1
2026-07-28 12:51:00,ccf-aiops-南京,br-2,br,ipv6_route_nexthop_info,"prefix=""::/0"",next_hop=""240a:a023::1"",dev=""ens4"",protocol=""unknown"",metric=""1024"",route_index=""0"",nh_index=""0""",1
2026-07-28 12:51:00,ccf-aiops-南京,br-2,br,ipv6_route_nexthop_info,"prefix=""fd00:3:40::/64"",next_hop=""fe80::100:10:42"",dev=""ens4"",protocol=""bgp"",metric=""20"",route_index=""0"",nh_index=""0""",1
2026-07-28 12:51:00,ccf-aiops-南京,br-2,br,ipv6_route_nexthop_info,"prefix=""fd00:4:40::/64"",next_hop=""fe80::100:10:42"",dev=""ens4"",protocol=""bgp"",metric=""20"",route_index=""0"",nh_index=""0""",1
2026-07-28 12:51:00,ccf-aiops-南京,br-2,br,ipv6_route_nexthop_info,"prefix=""fd00:5:40::/64"",next_hop=""fe80::100:10:42"",dev=""ens4"",protocol=""bgp"",metric=""20"",route_index=""0"",nh_index=""0""",1
2026-07-28 12:51:00,ccf-aiops-南京,br-2,br,ipv6_route_nexthop_info,"prefix=""fd00:8:40::/64"",next_hop=""fe80::100:10:42"",dev=""ens4"",protocol=""bgp"",metric=""20"",route_index=""0"",nh_index=""0""",1
2026-07-28 12:51:00,ccf-aiops-南京,br-2,br,ipv6_route_nexthop_info,"prefix=""fd00:1:40::/64"",next_hop=""fe80::100:10:52"",dev=""ens4"",protocol=""bgp"",metric=""20"",route_index=""0"",nh_index=""0""",1
2026-07-28 12:51:00,ccf-aiops-南京,br-2,br,ipv6_route_nexthop_info,"prefix=""fd00:2:40::/64"",next_hop=""fe80::100:10:52"",dev=""ens4"",protocol=""bgp"",metric=""20"",route_index=""0"",nh_index=""0""",1
2026-07-28 12:51:00,ccf-aiops-南京,br-2,br,ipv6_route_nexthop_info,"prefix=""fd00:6:40::/64"",next_hop=""fe80::100:10:52"",dev=""ens4"",protocol=""bgp"",metric=""20"",route_index=""0"",nh_index=""0""",1
2026-07-28 12:51:00,ccf-aiops-南京,br-2,br,ipv6_route_nexthop_info,"prefix=""fd00:7:40::/64"",next_hop=""fe80::7:20:11"",dev=""ens5"",protocol=""ospf"",metric=""20"",route_index=""0"",nh_index=""1""",1
2026-07-28 12:51:00,ccf-aiops-南京,br-2,br,ipv6_route_nexthop_info,"prefix=""fd00:7:40::/64"",next_hop=""fe80::7:20:12"",dev=""ens5"",protocol=""ospf"",metric=""20"",route_index=""0"",nh_index=""0""",1
2026-07-28 12:51:00,ccf-aiops-南京,br-2,br,ospf6_interface_cost,"interface=""ens5""",1
2026-07-28 12:51:00,ccf-aiops-南京,br-2,br,ospf6_interface_enabled,"interface=""ens9""",1
2026-07-28 12:51:00,ccf-aiops-南京,br-2,br,ospf6_interface_enabled,"interface=""lo""",1
2026-07-28 12:51:00,ccf-aiops-南京,br-2,br,ospf6_interface_enabled,"interface=""virbr0""",0
2026-07-28 12:51:00,ccf-aiops-南京,br-2,br,ospf6_interface_enabled,"interface=""ens8""",1
2026-07-28 12:51:00,ccf-aiops-南京,br-2,br,ospf6_interface_enabled,"interface=""ens7""",1
2026-07-28 12:51:00,ccf-aiops-南京,br-2,br,ospf6_interface_enabled,"interface=""ens6""",1
2026-07-28 12:51:00,ccf-aiops-南京,br-2,br,ospf6_interface_enabled,"interface=""ens5""",1
2026-07-28 12:51:00,ccf-aiops-南京,br-2,br,ospf6_interface_enabled,"interface=""ens4""",1
2026-07-28 12:51:00,ccf-aiops-南京,br-2,br,ospf6_interface_enabled,"interface=""ens3""",1
2026-07-28 12:51:00,ccf-aiops-南京,br-2,br,ospf6_interface_enabled,"interface=""ens12""",1
2026-07-28 12:51:00,ccf-aiops-南京,br-2,br,ospf6_interface_enabled,"interface=""ens11""",1
2026-07-28 12:51:00,ccf-aiops-南京,br-2,br,ospf6_interface_enabled,"interface=""ens10""",1
2026-07-28 12:51:00,ccf-aiops-南京,br-2,br,ospf6_neighbor_state_code,"state=""Full"",interface=""ens5"",neighbor_id=""7.7.7.1""",6
2026-07-28 12:51:00,ccf-aiops-南京,br-2,br,ospf6_neighbor_state_code,"state=""Full"",interface=""ens5"",neighbor_id=""7.7.7.11""",6
2026-07-28 12:51:00,ccf-aiops-南京,br-2,br,ospf6_neighbor_state_code,"state=""Full"",interface=""ens5"",neighbor_id=""7.7.7.12""",6
2026-07-28 12:51:00,ccf-aiops-南京,cr-1,cr,ipv6_default_route_changed_total,,0
2026-07-28 12:51:00,ccf-aiops-南京,cr-1,cr,ipv6_default_route_info,"next_hop=""fd00:7:20::1"",dev=""ens4"",protocol=""196"",metric=""20"",route_index=""0"",nh_index=""0""",1
2026-07-28 12:51:00,ccf-aiops-南京,cr-1,cr,ipv6_default_route_info,"next_hop=""fd00:7:20::2"",dev=""ens4"",protocol=""196"",metric=""20"",route_index=""0"",nh_index=""1""",1
2026-07-28 12:51:00,ccf-aiops-南京,cr-1,cr,ipv6_route_change_total,"prefix=""fd00:7:40::/64""",0
2026-07-28 12:51:00,ccf-aiops-南京,cr-1,cr,ipv6_route_change_total,"prefix=""fd00:6:40::/64""",5
2026-07-28 12:51:00,ccf-aiops-南京,cr-1,cr,ipv6_route_change_total,"prefix=""fd00:5:40::/64""",5
2026-07-28 12:51:00,ccf-aiops-南京,cr-1,cr,ipv6_route_change_total,"prefix=""fd00:4:40::/64""",5
2026-07-28 12:51:00,ccf-aiops-南京,cr-1,cr,ipv6_route_change_total,"prefix=""fd00:3:40::/64""",0
2026-07-28 12:51:00,ccf-aiops-南京,cr-1,cr,ipv6_route_change_total,"prefix=""fd00:8:40::/64""",5
2026-07-28 12:51:00,ccf-aiops-南京,cr-1,cr,ipv6_route_change_total,"prefix=""::/0""",0
2026-07-28 12:51:00,ccf-aiops-南京,cr-1,cr,ipv6_route_change_total,"prefix=""fd00:1:40::/64""",5
2026-07-28 12:51:00,ccf-aiops-南京,cr-1,cr,ipv6_route_change_total,"prefix=""fd00:2:40::/64""",0
2026-07-28 12:51:00,ccf-aiops-南京,cr-1,cr,ipv6_route_count,"protocol=""196""",2
2026-07-28 12:51:00,ccf-aiops-南京,cr-1,cr,ipv6_route_count,"protocol=""all""",16
2026-07-28 12:51:00,ccf-aiops-南京,cr-1,cr,ipv6_route_count,"protocol=""kernel""",7
2026-07-28 12:51:00,ccf-aiops-南京,cr-1,cr,ipv6_route_count,"protocol=""ospf""",7
2026-07-28 12:51:00,ccf-aiops-南京,cr-1,cr,ipv6_route_exists,"prefix=""::/0""",1
2026-07-28 12:51:00,ccf-aiops-南京,cr-1,cr,ipv6_route_exists,"prefix=""fd00:1:40::/64""",1
2026-07-28 12:51:00,ccf-aiops-南京,cr-1,cr,ipv6_route_exists,"prefix=""fd00:2:40::/64""",1
2026-07-28 12:51:00,ccf-aiops-南京,cr-1,cr,ipv6_route_exists,"prefix=""fd00:3:40::/64""",1
2026-07-28 12:51:00,ccf-aiops-南京,cr-1,cr,ipv6_route_exists,"prefix=""fd00:4:40::/64""",1
2026-07-28 12:51:00,ccf-aiops-南京,cr-1,cr,ipv6_route_exists,"prefix=""fd00:5:40::/64""",1
2026-07-28 12:51:00,ccf-aiops-南京,cr-1,cr,ipv6_route_exists,"prefix=""fd00:6:40::/64""",1
2026-07-28 12:51:00,ccf-aiops-南京,cr-1,cr,ipv6_route_exists,"prefix=""fd00:7:40::/64""",1
2026-07-28 12:51:00,ccf-aiops-南京,cr-1,cr,ipv6_route_exists,"prefix=""fd00:8:40::/64""",1
2026-07-28 12:51:00,ccf-aiops-南京,cr-1,cr,ipv6_route_nexthop_info,"prefix=""fd00:2:40::/64"",next_hop=""fe80::7:20:1"",dev=""ens4"",protocol=""ospf"",metric=""20"",route_index=""0"",nh_index=""0""",1
2026-07-28 12:51:00,ccf-aiops-南京,cr-1,cr,ipv6_route_nexthop_info,"prefix=""fd00:7:40::/64"",next_hop=""fd00:7:30::254"",dev=""ens5"",protocol=""196"",metric=""20"",route_index=""0"",nh_index=""0""",1
2026-07-28 12:51:00,ccf-aiops-南京,cr-1,cr,ipv6_route_nexthop_info,"prefix=""::/0"",next_hop=""fd00:7:20::1"",dev=""ens4"",protocol=""196"",metric=""20"",route_index=""0"",nh_index=""0""",1
2026-07-28 12:51:00,ccf-aiops-南京,cr-1,cr,ipv6_route_nexthop_info,"prefix=""::/0"",next_hop=""fd00:7:20::2"",dev=""ens4"",protocol=""196"",metric=""20"",route_index=""0"",nh_index=""1""",1
2026-07-28 12:51:00,ccf-aiops-南京,cr-1,cr,ipv6_route_nexthop_info,"prefix=""fd00:1:40::/64"",next_hop=""fe80::7:20:2"",dev=""ens4"",protocol=""ospf"",metric=""20"",route_index=""0"",nh_index=""1""",1
2026-07-28 12:51:00,ccf-aiops-南京,cr-1,cr,ipv6_route_nexthop_info,"prefix=""fd00:2:40::/64"",next_hop=""fe80::7:20:2"",dev=""ens4"",protocol=""ospf"",metric=""20"",route_index=""0"",nh_index=""1""",1
2026-07-28 12:51:00,ccf-aiops-南京,cr-1,cr,ipv6_route_nexthop_info,"prefix=""fd00:3:40::/64"",next_hop=""fe80::7:20:2"",dev=""ens4"",protocol=""ospf"",metric=""20"",route_index=""0"",nh_index=""1""",1
2026-07-28 12:51:00,ccf-aiops-南京,cr-1,cr,ipv6_route_nexthop_info,"prefix=""fd00:8:40::/64"",next_hop=""fe80::7:20:1"",dev=""ens4"",protocol=""ospf"",metric=""20"",route_index=""0"",nh_index=""0""",1
2026-07-28 12:51:00,ccf-aiops-南京,cr-1,cr,ipv6_route_nexthop_info,"prefix=""fd00:8:40::/64"",next_hop=""fe80::7:20:2"",dev=""ens4"",protocol=""ospf"",metric=""20"",route_index=""0"",nh_index=""1""",1
2026-07-28 12:51:00,ccf-aiops-南京,cr-1,cr,ipv6_route_nexthop_info,"prefix=""fd00:6:40::/64"",next_hop=""fe80::7:20:1"",dev=""ens4"",protocol=""ospf"",metric=""20"",route_index=""0"",nh_index=""0""",1
2026-07-28 12:51:00,ccf-aiops-南京,cr-1,cr,ipv6_route_nexthop_info,"prefix=""fd00:5:40::/64"",next_hop=""fe80::7:20:1"",dev=""ens4"",protocol=""ospf"",metric=""20"",route_index=""0"",nh_index=""0""",1
2026-07-28 12:51:00,ccf-aiops-南京,cr-1,cr,ipv6_route_nexthop_info,"prefix=""fd00:4:40::/64"",next_hop=""fe80::7:20:1"",dev=""ens4"",protocol=""ospf"",metric=""20"",route_index=""0"",nh_index=""0""",1
2026-07-28 12:51:00,ccf-aiops-南京,cr-1,cr,ipv6_route_nexthop_info,"prefix=""fd00:4:40::/64"",next_hop=""fe80::7:20:2"",dev=""ens4"",protocol=""ospf"",metric=""20"",route_index=""0"",nh_index=""1""",1
2026-07-28 12:51:00,ccf-aiops-南京,cr-1,cr,ipv6_route_nexthop_info,"prefix=""fd00:3:40::/64"",next_hop=""fe80::7:20:1"",dev=""ens4"",protocol=""ospf"",metric=""20"",route_index=""0"",nh_index=""0""",1
2026-07-28 12:51:00,ccf-aiops-南京,cr-1,cr,ipv6_route_nexthop_info,"prefix=""fd00:1:40::/64"",next_hop=""fe80::7:20:1"",dev=""ens4"",protocol=""ospf"",metric=""20"",route_index=""0"",nh_index=""0""",1
2026-07-28 12:51:00,ccf-aiops-南京,cr-1,cr,ipv6_route_nexthop_info,"prefix=""fd00:5:40::/64"",next_hop=""fe80::7:20:2"",dev=""ens4"",protocol=""ospf"",metric=""20"",route_index=""0"",nh_index=""1""",1
2026-07-28 12:51:00,ccf-aiops-南京,cr-1,cr,ipv6_route_nexthop_info,"prefix=""fd00:6:40::/64"",next_hop=""fe80::7:20:2"",dev=""ens4"",protocol=""ospf"",metric=""20"",route_index=""0"",nh_index=""1""",1
2026-07-28 12:51:00,ccf-aiops-南京,cr-1,cr,ospf6_interface_cost,"interface=""ens5""",1
2026-07-28 12:51:00,ccf-aiops-南京,cr-1,cr,ospf6_interface_cost,"interface=""ens4""",1
2026-07-28 12:51:00,ccf-aiops-南京,cr-1,cr,ospf6_interface_enabled,"interface=""ens10""",1
2026-07-28 12:51:00,ccf-aiops-南京,cr-1,cr,ospf6_interface_enabled,"interface=""ens11""",1
2026-07-28 12:51:00,ccf-aiops-南京,cr-1,cr,ospf6_interface_enabled,"interface=""ens12""",1
2026-07-28 12:51:00,ccf-aiops-南京,cr-1,cr,ospf6_interface_enabled,"interface=""ens3""",1
2026-07-28 12:51:00,ccf-aiops-南京,cr-1,cr,ospf6_interface_enabled,"interface=""ens4""",1
2026-07-28 12:51:00,ccf-aiops-南京,cr-1,cr,ospf6_interface_enabled,"interface=""ens5""",1
2026-07-28 12:51:00,ccf-aiops-南京,cr-1,cr,ospf6_interface_enabled,"interface=""ens6""",1
2026-07-28 12:51:00,ccf-aiops-南京,cr-1,cr,ospf6_interface_enabled,"interface=""ens7""",1
2026-07-28 12:51:00,ccf-aiops-南京,cr-1,cr,ospf6_interface_enabled,"interface=""ens8""",1
2026-07-28 12:51:00,ccf-aiops-南京,cr-1,cr,ospf6_interface_enabled,"interface=""ens9""",1
2026-07-28 12:51:00,ccf-aiops-南京,cr-1,cr,ospf6_interface_enabled,"interface=""lo""",1
2026-07-28 12:51:00,ccf-aiops-南京,cr-1,cr,ospf6_interface_enabled,"interface=""virbr0""",0
2026-07-28 12:51:00,ccf-aiops-南京,cr-1,cr,ospf6_interface_enabled,"interface=""vxlan100""",1
2026-07-28 12:51:00,ccf-aiops-南京,cr-1,cr,ospf6_neighbor_state_code,"state=""Full"",interface=""ens4"",neighbor_id=""7.7.7.12""",6
2026-07-28 12:51:00,ccf-aiops-南京,cr-1,cr,ospf6_neighbor_state_code,"state=""Twoway"",interface=""ens4"",neighbor_id=""7.7.7.1""",2
2026-07-28 12:51:00,ccf-aiops-南京,cr-1,cr,ospf6_neighbor_state_code,"state=""Full"",interface=""ens5"",neighbor_id=""7.7.7.12""",6
2026-07-28 12:51:00,ccf-aiops-南京,cr-1,cr,ospf6_neighbor_state_code,"state=""Full"",interface=""ens4"",neighbor_id=""7.7.7.2""",6
2026-07-28 12:51:00,ccf-aiops-南京,cr-1,cr,bgp_command_success,,
2026-07-28 12:51:00,ccf-aiops-南京,cr-1,cr,bgp_peer_up,,
2026-07-28 12:51:00,ccf-aiops-南京,cr-1,cr,bgp_peer_uptime_seconds,,
2026-07-28 12:51:00,ccf-aiops-南京,cr-1,cr,bgp_peer_prefix_received,,
2026-07-28 12:51:00,ccf-aiops-南京,cr-1,cr,bgp_peer_prefix_sent,,
2026-07-28 12:51:00,ccf-aiops-南京,cr-1,cr,bgp_peer_count,,
2026-07-28 12:51:00,ccf-aiops-南京,cr-2,cr,ipv6_default_route_changed_total,,0
2026-07-28 12:51:00,ccf-aiops-南京,cr-2,cr,ipv6_default_route_info,"next_hop=""fd00:7:20::2"",dev=""ens4"",protocol=""196"",metric=""20"",route_index=""0"",nh_index=""1""",1
2026-07-28 12:51:00,ccf-aiops-南京,cr-2,cr,ipv6_default_route_info,"next_hop=""fd00:7:20::1"",dev=""ens4"",protocol=""196"",metric=""20"",route_index=""0"",nh_index=""0""",1
2026-07-28 12:51:00,ccf-aiops-南京,cr-2,cr,ipv6_route_change_total,"prefix=""fd00:7:40::/64""",0
2026-07-28 12:51:00,ccf-aiops-南京,cr-2,cr,ipv6_route_change_total,"prefix=""fd00:2:40::/64""",3
2026-07-28 12:51:00,ccf-aiops-南京,cr-2,cr,ipv6_route_change_total,"prefix=""fd00:4:40::/64""",3
2026-07-28 12:51:00,ccf-aiops-南京,cr-2,cr,ipv6_route_change_total,"prefix=""fd00:5:40::/64""",3
2026-07-28 12:51:00,ccf-aiops-南京,cr-2,cr,ipv6_route_change_total,"prefix=""fd00:6:40::/64""",3
2026-07-28 12:51:00,ccf-aiops-南京,cr-2,cr,ipv6_route_change_total,"prefix=""fd00:3:40::/64""",3
2026-07-28 12:51:00,ccf-aiops-南京,cr-2,cr,ipv6_route_change_total,"prefix=""fd00:8:40::/64""",3
2026-07-28 12:51:00,ccf-aiops-南京,cr-2,cr,ipv6_route_change_total,"prefix=""fd00:1:40::/64""",3
2026-07-28 12:51:00,ccf-aiops-南京,cr-2,cr,ipv6_route_change_total,"prefix=""::/0""",0
2026-07-28 12:51:00,ccf-aiops-南京,cr-2,cr,ipv6_route_count,"protocol=""ospf""",7
2026-07-28 12:51:00,ccf-aiops-南京,cr-2,cr,ipv6_route_count,"protocol=""kernel""",6
2026-07-28 12:51:00,ccf-aiops-南京,cr-2,cr,ipv6_route_count,"protocol=""all""",15
2026-07-28 12:51:00,ccf-aiops-南京,cr-2,cr,ipv6_route_count,"protocol=""196""",2
2026-07-28 12:51:00,ccf-aiops-南京,cr-2,cr,ipv6_route_exists,"prefix=""fd00:4:40::/64""",1
2026-07-28 12:51:00,ccf-aiops-南京,cr-2,cr,ipv6_route_exists,"prefix=""::/0""",1
2026-07-28 12:51:00,ccf-aiops-南京,cr-2,cr,ipv6_route_exists,"prefix=""fd00:3:40::/64""",1
2026-07-28 12:51:00,ccf-aiops-南京,cr-2,cr,ipv6_route_exists,"prefix=""fd00:8:40::/64""",1
2026-07-28 12:51:00,ccf-aiops-南京,cr-2,cr,ipv6_route_exists,"prefix=""fd00:1:40::/64""",1
2026-07-28 12:51:00,ccf-aiops-南京,cr-2,cr,ipv6_route_exists,"prefix=""fd00:2:40::/64""",1
2026-07-28 12:51:00,ccf-aiops-南京,cr-2,cr,ipv6_route_exists,"prefix=""fd00:5:40::/64""",1
2026-07-28 12:51:00,ccf-aiops-南京,cr-2,cr,ipv6_route_exists,"prefix=""fd00:7:40::/64""",1
2026-07-28 12:51:00,ccf-aiops-南京,cr-2,cr,ipv6_route_exists,"prefix=""fd00:6:40::/64""",1
2026-07-28 12:51:00,ccf-aiops-南京,cr-2,cr,ipv6_route_nexthop_info,"prefix=""fd00:3:40::/64"",next_hop=""fe80::7:20:1"",dev=""ens4"",protocol=""ospf"",metric=""20"",route_index=""0"",nh_index=""1""",1
2026-07-28 12:51:00,ccf-aiops-南京,cr-2,cr,ipv6_route_nexthop_info,"prefix=""fd00:6:40::/64"",next_hop=""fe80::7:20:1"",dev=""ens4"",protocol=""ospf"",metric=""20"",route_index=""0"",nh_index=""1""",1
2026-07-28 12:51:00,ccf-aiops-南京,cr-2,cr,ipv6_route_nexthop_info,"prefix=""fd00:4:40::/64"",next_hop=""fe80::7:20:1"",dev=""ens4"",protocol=""ospf"",metric=""20"",route_index=""0"",nh_index=""1""",1
2026-07-28 12:51:00,ccf-aiops-南京,cr-2,cr,ipv6_route_nexthop_info,"prefix=""fd00:5:40::/64"",next_hop=""fe80::7:20:1"",dev=""ens4"",protocol=""ospf"",metric=""20"",route_index=""0"",nh_index=""1""",1
2026-07-28 12:51:00,ccf-aiops-南京,cr-2,cr,ipv6_route_nexthop_info,"prefix=""fd00:2:40::/64"",next_hop=""fe80::7:20:1"",dev=""ens4"",protocol=""ospf"",metric=""20"",route_index=""0"",nh_index=""1""",1
2026-07-28 12:51:00,ccf-aiops-南京,cr-2,cr,ipv6_route_nexthop_info,"prefix=""fd00:1:40::/64"",next_hop=""fe80::7:20:1"",dev=""ens4"",protocol=""ospf"",metric=""20"",route_index=""0"",nh_index=""1""",1
2026-07-28 12:51:00,ccf-aiops-南京,cr-2,cr,ipv6_route_nexthop_info,"prefix=""::/0"",next_hop=""fd00:7:20::2"",dev=""ens4"",protocol=""196"",metric=""20"",route_index=""0"",nh_index=""1""",1
2026-07-28 12:51:00,ccf-aiops-南京,cr-2,cr,ipv6_route_nexthop_info,"prefix=""::/0"",next_hop=""fd00:7:20::1"",dev=""ens4"",protocol=""196"",metric=""20"",route_index=""0"",nh_index=""0""",1
2026-07-28 12:51:00,ccf-aiops-南京,cr-2,cr,ipv6_route_nexthop_info,"prefix=""fd00:1:40::/64"",next_hop=""fe80::7:20:2"",dev=""ens4"",protocol=""ospf"",metric=""20"",route_index=""0"",nh_index=""0""",1
2026-07-28 12:51:00,ccf-aiops-南京,cr-2,cr,ipv6_route_nexthop_info,"prefix=""fd00:2:40::/64"",next_hop=""fe80::7:20:2"",dev=""ens4"",protocol=""ospf"",metric=""20"",route_index=""0"",nh_index=""0""",1
2026-07-28 12:51:00,ccf-aiops-南京,cr-2,cr,ipv6_route_nexthop_info,"prefix=""fd00:3:40::/64"",next_hop=""fe80::7:20:2"",dev=""ens4"",protocol=""ospf"",metric=""20"",route_index=""0"",nh_index=""0""",1
2026-07-28 12:51:00,ccf-aiops-南京,cr-2,cr,ipv6_route_nexthop_info,"prefix=""fd00:4:40::/64"",next_hop=""fe80::7:20:2"",dev=""ens4"",protocol=""ospf"",metric=""20"",route_index=""0"",nh_index=""0""",1
2026-07-28 12:51:00,ccf-aiops-南京,cr-2,cr,ipv6_route_nexthop_info,"prefix=""fd00:8:40::/64"",next_hop=""fe80::7:20:1"",dev=""ens4"",protocol=""ospf"",metric=""20"",route_index=""0"",nh_index=""1""",1
2026-07-28 12:51:00,ccf-aiops-南京,cr-2,cr,ipv6_route_nexthop_info,"prefix=""fd00:7:40::/64"",next_hop=""fd00:7:30::254"",dev=""ens5"",protocol=""196"",metric=""20"",route_index=""0"",nh_index=""0""",1
2026-07-28 12:51:00,ccf-aiops-南京,cr-2,cr,ipv6_route_nexthop_info,"prefix=""fd00:8:40::/64"",next_hop=""fe80::7:20:2"",dev=""ens4"",protocol=""ospf"",metric=""20"",route_index=""0"",nh_index=""0""",1
2026-07-28 12:51:00,ccf-aiops-南京,cr-2,cr,ipv6_route_nexthop_info,"prefix=""fd00:6:40::/64"",next_hop=""fe80::7:20:2"",dev=""ens4"",protocol=""ospf"",metric=""20"",route_index=""0"",nh_index=""0""",1
2026-07-28 12:51:00,ccf-aiops-南京,cr-2,cr,ipv6_route_nexthop_info,"prefix=""fd00:5:40::/64"",next_hop=""fe80::7:20:2"",dev=""ens4"",protocol=""ospf"",metric=""20"",route_index=""0"",nh_index=""0""",1
2026-07-28 12:51:00,ccf-aiops-南京,cr-2,cr,ospf6_interface_cost,"interface=""ens5""",1
2026-07-28 12:51:00,ccf-aiops-南京,cr-2,cr,ospf6_interface_cost,"interface=""ens4""",1
2026-07-28 12:51:00,ccf-aiops-南京,cr-2,cr,ospf6_interface_enabled,"interface=""ens6""",1
2026-07-28 12:51:00,ccf-aiops-南京,cr-2,cr,ospf6_interface_enabled,"interface=""ens7""",1
2026-07-28 12:51:00,ccf-aiops-南京,cr-2,cr,ospf6_interface_enabled,"interface=""ens8""",1
2026-07-28 12:51:00,ccf-aiops-南京,cr-2,cr,ospf6_interface_enabled,"interface=""ens9""",1
2026-07-28 12:51:00,ccf-aiops-南京,cr-2,cr,ospf6_interface_enabled,"interface=""lo""",1
2026-07-28 12:51:00,ccf-aiops-南京,cr-2,cr,ospf6_interface_enabled,"interface=""virbr0""",0
2026-07-28 12:51:00,ccf-aiops-南京,cr-2,cr,ospf6_interface_enabled,"interface=""ens5""",1
2026-07-28 12:51:00,ccf-aiops-南京,cr-2,cr,ospf6_interface_enabled,"interface=""ens4""",1
2026-07-28 12:51:00,ccf-aiops-南京,cr-2,cr,ospf6_interface_enabled,"interface=""ens3""",1
2026-07-28 12:51:00,ccf-aiops-南京,cr-2,cr,ospf6_interface_enabled,"interface=""ens12""",1
2026-07-28 12:51:00,ccf-aiops-南京,cr-2,cr,ospf6_interface_enabled,"interface=""ens11""",1
2026-07-28 12:51:00,ccf-aiops-南京,cr-2,cr,ospf6_interface_enabled,"interface=""ens10""",1
2026-07-28 12:51:00,ccf-aiops-南京,cr-2,cr,ospf6_neighbor_state_code,"state=""Full"",interface=""ens4"",neighbor_id=""7.7.7.1""",6
2026-07-28 12:51:00,ccf-aiops-南京,cr-2,cr,ospf6_neighbor_state_code,"state=""Full"",interface=""ens4"",neighbor_id=""7.7.7.11""",6
2026-07-28 12:51:00,ccf-aiops-南京,cr-2,cr,ospf6_neighbor_state_code,"state=""Full"",interface=""ens4"",neighbor_id=""7.7.7.2""",6
2026-07-28 12:51:00,ccf-aiops-南京,cr-2,cr,ospf6_neighbor_state_code,"state=""Full"",interface=""ens5"",neighbor_id=""7.7.7.11""",6
2026-07-28 12:51:00,ccf-aiops-南京,cr-2,cr,bgp_command_success,,
2026-07-28 12:51:00,ccf-aiops-南京,cr-2,cr,bgp_peer_up,,
2026-07-28 12:51:00,ccf-aiops-南京,cr-2,cr,bgp_peer_uptime_seconds,,
2026-07-28 12:51:00,ccf-aiops-南京,cr-2,cr,bgp_peer_prefix_received,,
2026-07-28 12:51:00,ccf-aiops-南京,cr-2,cr,bgp_peer_prefix_sent,,
2026-07-28 12:51:00,ccf-aiops-南京,cr-2,cr,bgp_peer_count,,
2026-07-28 12:52:00,ccf-aiops-南京,br-1,br,bgp_command_success,"command=""bgp_summary""",1
2026-07-28 12:52:00,ccf-aiops-南京,br-1,br,bgp_peer_count,,2
2026-07-28 12:52:00,ccf-aiops-南京,br-1,br,bgp_peer_prefix_received,"peer=""fd00:100:10::41"",remote_as=""65005"",state=""Established""",7
2026-07-28 12:52:00,ccf-aiops-南京,br-1,br,bgp_peer_prefix_received,"peer=""fd00:100:10::51"",remote_as=""65006"",state=""Established""",7
2026-07-28 12:52:00,ccf-aiops-南京,br-1,br,bgp_peer_prefix_sent,"peer=""fd00:100:10::41"",remote_as=""65005"",state=""Established""",8
2026-07-28 12:52:00,ccf-aiops-南京,br-1,br,bgp_peer_prefix_sent,"peer=""fd00:100:10::51"",remote_as=""65006"",state=""Established""",8
2026-07-28 12:52:00,ccf-aiops-南京,br-1,br,bgp_peer_up,"peer=""fd00:100:10::51"",remote_as=""65006"",state=""Established""",1
2026-07-28 12:52:00,ccf-aiops-南京,br-1,br,bgp_peer_up,"peer=""fd00:100:10::41"",remote_as=""65005"",state=""Established""",1
2026-07-28 12:52:00,ccf-aiops-南京,br-1,br,bgp_peer_uptime_seconds,"peer=""fd00:100:10::51"",remote_as=""65006"",state=""Established""",2413678
2026-07-28 12:52:00,ccf-aiops-南京,br-1,br,bgp_peer_uptime_seconds,"peer=""fd00:100:10::41"",remote_as=""65005"",state=""Established""",2413678
2026-07-28 12:52:00,ccf-aiops-南京,br-1,br,ipv6_default_route_changed_total,,0
2026-07-28 12:52:00,ccf-aiops-南京,br-1,br,ipv6_default_route_info,"next_hop=""240a:a023::1"",dev=""ens4"",protocol=""unknown"",metric=""1024"",route_index=""0"",nh_index=""0""",1
2026-07-28 12:52:00,ccf-aiops-南京,br-1,br,ipv6_route_change_total,"prefix=""fd00:4:40::/64""",0
2026-07-28 12:52:00,ccf-aiops-南京,br-1,br,ipv6_route_change_total,"prefix=""fd00:5:40::/64""",0
2026-07-28 12:52:00,ccf-aiops-南京,br-1,br,ipv6_route_change_total,"prefix=""fd00:6:40::/64""",0
2026-07-28 12:52:00,ccf-aiops-南京,br-1,br,ipv6_route_change_total,"prefix=""fd00:2:40::/64""",5
2026-07-28 12:52:00,ccf-aiops-南京,br-1,br,ipv6_route_change_total,"prefix=""fd00:1:40::/64""",0
2026-07-28 12:52:00,ccf-aiops-南京,br-1,br,ipv6_route_change_total,"prefix=""fd00:7:40::/64""",8
2026-07-28 12:52:00,ccf-aiops-南京,br-1,br,ipv6_route_change_total,"prefix=""fd00:8:40::/64""",0
2026-07-28 12:52:00,ccf-aiops-南京,br-1,br,ipv6_route_change_total,"prefix=""::/0""",0
2026-07-28 12:52:00,ccf-aiops-南京,br-1,br,ipv6_route_change_total,"prefix=""fd00:3:40::/64""",0
2026-07-28 12:52:00,ccf-aiops-南京,br-1,br,ipv6_route_count,"protocol=""unknown""",1
2026-07-28 12:52:00,ccf-aiops-南京,br-1,br,ipv6_route_count,"protocol=""ospf""",2
2026-07-28 12:52:00,ccf-aiops-南京,br-1,br,ipv6_route_count,"protocol=""kernel""",7
2026-07-28 12:52:00,ccf-aiops-南京,br-1,br,ipv6_route_count,"protocol=""bgp""",7
2026-07-28 12:52:00,ccf-aiops-南京,br-1,br,ipv6_route_count,"protocol=""all""",17
2026-07-28 12:52:00,ccf-aiops-南京,br-1,br,ipv6_route_exists,"prefix=""fd00:3:40::/64""",1
2026-07-28 12:52:00,ccf-aiops-南京,br-1,br,ipv6_route_exists,"prefix=""fd00:4:40::/64""",1
2026-07-28 12:52:00,ccf-aiops-南京,br-1,br,ipv6_route_exists,"prefix=""fd00:5:40::/64""",1
2026-07-28 12:52:00,ccf-aiops-南京,br-1,br,ipv6_route_exists,"prefix=""fd00:6:40::/64""",1
2026-07-28 12:52:00,ccf-aiops-南京,br-1,br,ipv6_route_exists,"prefix=""fd00:7:40::/64""",1
2026-07-28 12:52:00,ccf-aiops-南京,br-1,br,ipv6_route_exists,"prefix=""fd00:8:40::/64""",1
2026-07-28 12:52:00,ccf-aiops-南京,br-1,br,ipv6_route_exists,"prefix=""fd00:2:40::/64""",1
2026-07-28 12:52:00,ccf-aiops-南京,br-1,br,ipv6_route_exists,"prefix=""fd00:1:40::/64""",1
2026-07-28 12:52:00,ccf-aiops-南京,br-1,br,ipv6_route_exists,"prefix=""::/0""",1
2026-07-28 12:52:00,ccf-aiops-南京,br-1,br,ipv6_route_nexthop_info,"prefix=""fd00:6:40::/64"",next_hop=""fe80::100:10:51"",dev=""ens4"",protocol=""bgp"",metric=""20"",route_index=""0"",nh_index=""0""",1
2026-07-28 12:52:00,ccf-aiops-南京,br-1,br,ipv6_route_nexthop_info,"prefix=""fd00:7:40::/64"",next_hop=""fe80::7:20:12"",dev=""ens5"",protocol=""ospf"",metric=""20"",route_index=""0"",nh_index=""0""",1
2026-07-28 12:52:00,ccf-aiops-南京,br-1,br,ipv6_route_nexthop_info,"prefix=""fd00:7:40::/64"",next_hop=""fe80::7:20:11"",dev=""ens5"",protocol=""ospf"",metric=""20"",route_index=""0"",nh_index=""1""",1
2026-07-28 12:52:00,ccf-aiops-南京,br-1,br,ipv6_route_nexthop_info,"prefix=""fd00:4:40::/64"",next_hop=""fe80::100:10:41"",dev=""ens4"",protocol=""bgp"",metric=""20"",route_index=""0"",nh_index=""0""",1
2026-07-28 12:52:00,ccf-aiops-南京,br-1,br,ipv6_route_nexthop_info,"prefix=""fd00:2:40::/64"",next_hop=""fe80::100:10:51"",dev=""ens4"",protocol=""bgp"",metric=""20"",route_index=""0"",nh_index=""0""",1
2026-07-28 12:52:00,ccf-aiops-南京,br-1,br,ipv6_route_nexthop_info,"prefix=""fd00:1:40::/64"",next_hop=""fe80::100:10:51"",dev=""ens4"",protocol=""bgp"",metric=""20"",route_index=""0"",nh_index=""0""",1
2026-07-28 12:52:00,ccf-aiops-南京,br-1,br,ipv6_route_nexthop_info,"prefix=""fd00:8:40::/64"",next_hop=""fe80::100:10:41"",dev=""ens4"",protocol=""bgp"",metric=""20"",route_index=""0"",nh_index=""0""",1
2026-07-28 12:52:00,ccf-aiops-南京,br-1,br,ipv6_route_nexthop_info,"prefix=""fd00:5:40::/64"",next_hop=""fe80::100:10:41"",dev=""ens4"",protocol=""bgp"",metric=""20"",route_index=""0"",nh_index=""0""",1
2026-07-28 12:52:00,ccf-aiops-南京,br-1,br,ipv6_route_nexthop_info,"prefix=""::/0"",next_hop=""240a:a023::1"",dev=""ens4"",protocol=""unknown"",metric=""1024"",route_index=""0"",nh_index=""0""",1
2026-07-28 12:52:00,ccf-aiops-南京,br-1,br,ipv6_route_nexthop_info,"prefix=""fd00:3:40::/64"",next_hop=""fe80::100:10:41"",dev=""ens4"",protocol=""bgp"",metric=""20"",route_index=""0"",nh_index=""0""",1
2026-07-28 12:52:00,ccf-aiops-南京,br-1,br,ospf6_interface_cost,"interface=""ens5""",1
2026-07-28 12:52:00,ccf-aiops-南京,br-1,br,ospf6_interface_enabled,"interface=""ens6""",1
2026-07-28 12:52:00,ccf-aiops-南京,br-1,br,ospf6_interface_enabled,"interface=""ens7""",1
2026-07-28 12:52:00,ccf-aiops-南京,br-1,br,ospf6_interface_enabled,"interface=""ens8""",1
2026-07-28 12:52:00,ccf-aiops-南京,br-1,br,ospf6_interface_enabled,"interface=""ens9""",1
2026-07-28 12:52:00,ccf-aiops-南京,br-1,br,ospf6_interface_enabled,"interface=""lo""",1
2026-07-28 12:52:00,ccf-aiops-南京,br-1,br,ospf6_interface_enabled,"interface=""ens10""",1
2026-07-28 12:52:00,ccf-aiops-南京,br-1,br,ospf6_interface_enabled,"interface=""ens11""",1
2026-07-28 12:52:00,ccf-aiops-南京,br-1,br,ospf6_interface_enabled,"interface=""ens12""",1
2026-07-28 12:52:00,ccf-aiops-南京,br-1,br,ospf6_interface_enabled,"interface=""ens3""",1
2026-07-28 12:52:00,ccf-aiops-南京,br-1,br,ospf6_interface_enabled,"interface=""ens4""",1
2026-07-28 12:52:00,ccf-aiops-南京,br-1,br,ospf6_interface_enabled,"interface=""ens5""",1
2026-07-28 12:52:00,ccf-aiops-南京,br-1,br,ospf6_interface_enabled,"interface=""virbr0""",0
2026-07-28 12:52:00,ccf-aiops-南京,br-1,br,ospf6_neighbor_state_code,"state=""Twoway"",interface=""ens5"",neighbor_id=""7.7.7.11""",2
2026-07-28 12:52:00,ccf-aiops-南京,br-1,br,ospf6_neighbor_state_code,"state=""Full"",interface=""ens5"",neighbor_id=""7.7.7.12""",6
2026-07-28 12:52:00,ccf-aiops-南京,br-1,br,ospf6_neighbor_state_code,"state=""Full"",interface=""ens5"",neighbor_id=""7.7.7.2""",6
2026-07-28 12:52:00,ccf-aiops-南京,br-2,br,bgp_command_success,"command=""bgp_summary""",1
2026-07-28 12:52:00,ccf-aiops-南京,br-2,br,bgp_peer_count,,2
2026-07-28 12:52:00,ccf-aiops-南京,br-2,br,bgp_peer_prefix_received,"peer=""fd00:100:10::42"",remote_as=""65005"",state=""Established""",7
2026-07-28 12:52:00,ccf-aiops-南京,br-2,br,bgp_peer_prefix_received,"peer=""fd00:100:10::52"",remote_as=""65006"",state=""Established""",7
2026-07-28 12:52:00,ccf-aiops-南京,br-2,br,bgp_peer_prefix_sent,"peer=""fd00:100:10::52"",remote_as=""65006"",state=""Established""",8
2026-07-28 12:52:00,ccf-aiops-南京,br-2,br,bgp_peer_prefix_sent,"peer=""fd00:100:10::42"",remote_as=""65005"",state=""Established""",8
2026-07-28 12:52:00,ccf-aiops-南京,br-2,br,bgp_peer_up,"peer=""fd00:100:10::52"",remote_as=""65006"",state=""Established""",1
2026-07-28 12:52:00,ccf-aiops-南京,br-2,br,bgp_peer_up,"peer=""fd00:100:10::42"",remote_as=""65005"",state=""Established""",1
2026-07-28 12:52:00,ccf-aiops-南京,br-2,br,bgp_peer_uptime_seconds,"peer=""fd00:100:10::42"",remote_as=""65005"",state=""Established""",2413646
2026-07-28 12:52:00,ccf-aiops-南京,br-2,br,bgp_peer_uptime_seconds,"peer=""fd00:100:10::52"",remote_as=""65006"",state=""Established""",2413646
2026-07-28 12:52:00,ccf-aiops-南京,br-2,br,ipv6_default_route_changed_total,,0
2026-07-28 12:52:00,ccf-aiops-南京,br-2,br,ipv6_default_route_info,"next_hop=""240a:a023::1"",dev=""ens4"",protocol=""unknown"",metric=""1024"",route_index=""0"",nh_index=""0""",1
2026-07-28 12:52:00,ccf-aiops-南京,br-2,br,ipv6_route_change_total,"prefix=""fd00:4:40::/64""",0
2026-07-28 12:52:00,ccf-aiops-南京,br-2,br,ipv6_route_change_total,"prefix=""::/0""",0
2026-07-28 12:52:00,ccf-aiops-南京,br-2,br,ipv6_route_change_total,"prefix=""fd00:1:40::/64""",0
2026-07-28 12:52:00,ccf-aiops-南京,br-2,br,ipv6_route_change_total,"prefix=""fd00:2:40::/64""",3
2026-07-28 12:52:00,ccf-aiops-南京,br-2,br,ipv6_route_change_total,"prefix=""fd00:3:40::/64""",0
2026-07-28 12:52:00,ccf-aiops-南京,br-2,br,ipv6_route_change_total,"prefix=""fd00:5:40::/64""",0
2026-07-28 12:52:00,ccf-aiops-南京,br-2,br,ipv6_route_change_total,"prefix=""fd00:6:40::/64""",0
2026-07-28 12:52:00,ccf-aiops-南京,br-2,br,ipv6_route_change_total,"prefix=""fd00:7:40::/64""",10
2026-07-28 12:52:00,ccf-aiops-南京,br-2,br,ipv6_route_change_total,"prefix=""fd00:8:40::/64""",0
2026-07-28 12:52:00,ccf-aiops-南京,br-2,br,ipv6_route_count,"protocol=""unknown""",1
2026-07-28 12:52:00,ccf-aiops-南京,br-2,br,ipv6_route_count,"protocol=""all""",17
2026-07-28 12:52:00,ccf-aiops-南京,br-2,br,ipv6_route_count,"protocol=""bgp""",7
2026-07-28 12:52:00,ccf-aiops-南京,br-2,br,ipv6_route_count,"protocol=""kernel""",7
2026-07-28 12:52:00,ccf-aiops-南京,br-2,br,ipv6_route_count,"protocol=""ospf""",2
2026-07-28 12:52:00,ccf-aiops-南京,br-2,br,ipv6_route_exists,"prefix=""fd00:3:40::/64""",1
2026-07-28 12:52:00,ccf-aiops-南京,br-2,br,ipv6_route_exists,"prefix=""fd00:4:40::/64""",1
2026-07-28 12:52:00,ccf-aiops-南京,br-2,br,ipv6_route_exists,"prefix=""fd00:5:40::/64""",1
2026-07-28 12:52:00,ccf-aiops-南京,br-2,br,ipv6_route_exists,"prefix=""fd00:6:40::/64""",1
2026-07-28 12:52:00,ccf-aiops-南京,br-2,br,ipv6_route_exists,"prefix=""fd00:8:40::/64""",1
2026-07-28 12:52:00,ccf-aiops-南京,br-2,br,ipv6_route_exists,"prefix=""fd00:7:40::/64""",1
2026-07-28 12:52:00,ccf-aiops-南京,br-2,br,ipv6_route_exists,"prefix=""fd00:2:40::/64""",1
2026-07-28 12:52:00,ccf-aiops-南京,br-2,br,ipv6_route_exists,"prefix=""::/0""",1
2026-07-28 12:52:00,ccf-aiops-南京,br-2,br,ipv6_route_exists,"prefix=""fd00:1:40::/64""",1
2026-07-28 12:52:00,ccf-aiops-南京,br-2,br,ipv6_route_nexthop_info,"prefix=""fd00:2:40::/64"",next_hop=""fe80::100:10:52"",dev=""ens4"",protocol=""bgp"",metric=""20"",route_index=""0"",nh_index=""0""",1
2026-07-28 12:52:00,ccf-aiops-南京,br-2,br,ipv6_route_nexthop_info,"prefix=""fd00:1:40::/64"",next_hop=""fe80::100:10:52"",dev=""ens4"",protocol=""bgp"",metric=""20"",route_index=""0"",nh_index=""0""",1
2026-07-28 12:52:00,ccf-aiops-南京,br-2,br,ipv6_route_nexthop_info,"prefix=""fd00:8:40::/64"",next_hop=""fe80::100:10:42"",dev=""ens4"",protocol=""bgp"",metric=""20"",route_index=""0"",nh_index=""0""",1
2026-07-28 12:52:00,ccf-aiops-南京,br-2,br,ipv6_route_nexthop_info,"prefix=""fd00:5:40::/64"",next_hop=""fe80::100:10:42"",dev=""ens4"",protocol=""bgp"",metric=""20"",route_index=""0"",nh_index=""0""",1
2026-07-28 12:52:00,ccf-aiops-南京,br-2,br,ipv6_route_nexthop_info,"prefix=""fd00:4:40::/64"",next_hop=""fe80::100:10:42"",dev=""ens4"",protocol=""bgp"",metric=""20"",route_index=""0"",nh_index=""0""",1
2026-07-28 12:52:00,ccf-aiops-南京,br-2,br,ipv6_route_nexthop_info,"prefix=""fd00:3:40::/64"",next_hop=""fe80::100:10:42"",dev=""ens4"",protocol=""bgp"",metric=""20"",route_index=""0"",nh_index=""0""",1
2026-07-28 12:52:00,ccf-aiops-南京,br-2,br,ipv6_route_nexthop_info,"prefix=""::/0"",next_hop=""240a:a023::1"",dev=""ens4"",protocol=""unknown"",metric=""1024"",route_index=""0"",nh_index=""0""",1
2026-07-28 12:52:00,ccf-aiops-南京,br-2,br,ipv6_route_nexthop_info,"prefix=""fd00:6:40::/64"",next_hop=""fe80::100:10:52"",dev=""ens4"",protocol=""bgp"",metric=""20"",route_index=""0"",nh_index=""0""",1
2026-07-28 12:52:00,ccf-aiops-南京,br-2,br,ipv6_route_nexthop_info,"prefix=""fd00:7:40::/64"",next_hop=""fe80::7:20:12"",dev=""ens5"",protocol=""ospf"",metric=""20"",route_index=""0"",nh_index=""0""",1
2026-07-28 12:52:00,ccf-aiops-南京,br-2,br,ipv6_route_nexthop_info,"prefix=""fd00:7:40::/64"",next_hop=""fe80::7:20:11"",dev=""ens5"",protocol=""ospf"",metric=""20"",route_index=""0"",nh_index=""1""",1
2026-07-28 12:52:00,ccf-aiops-南京,br-2,br,ospf6_interface_cost,"interface=""ens5""",1
2026-07-28 12:52:00,ccf-aiops-南京,br-2,br,ospf6_interface_enabled,"interface=""virbr0""",0
2026-07-28 12:52:00,ccf-aiops-南京,br-2,br,ospf6_interface_enabled,"interface=""ens7""",1
2026-07-28 12:52:00,ccf-aiops-南京,br-2,br,ospf6_interface_enabled,"interface=""ens8""",1
2026-07-28 12:52:00,ccf-aiops-南京,br-2,br,ospf6_interface_enabled,"interface=""ens9""",1
2026-07-28 12:52:00,ccf-aiops-南京,br-2,br,ospf6_interface_enabled,"interface=""ens10""",1
2026-07-28 12:52:00,ccf-aiops-南京,br-2,br,ospf6_interface_enabled,"interface=""ens11""",1
2026-07-28 12:52:00,ccf-aiops-南京,br-2,br,ospf6_interface_enabled,"interface=""ens12""",1
2026-07-28 12:52:00,ccf-aiops-南京,br-2,br,ospf6_interface_enabled,"interface=""ens3""",1
2026-07-28 12:52:00,ccf-aiops-南京,br-2,br,ospf6_interface_enabled,"interface=""ens4""",1
2026-07-28 12:52:00,ccf-aiops-南京,br-2,br,ospf6_interface_enabled,"interface=""ens5""",1
2026-07-28 12:52:00,ccf-aiops-南京,br-2,br,ospf6_interface_enabled,"interface=""ens6""",1
2026-07-28 12:52:00,ccf-aiops-南京,br-2,br,ospf6_interface_enabled,"interface=""lo""",1
2026-07-28 12:52:00,ccf-aiops-南京,br-2,br,ospf6_neighbor_state_code,"state=""Full"",interface=""ens5"",neighbor_id=""7.7.7.1""",6
2026-07-28 12:52:00,ccf-aiops-南京,br-2,br,ospf6_neighbor_state_code,"state=""Full"",interface=""ens5"",neighbor_id=""7.7.7.11""",6
2026-07-28 12:52:00,ccf-aiops-南京,br-2,br,ospf6_neighbor_state_code,"state=""Full"",interface=""ens5"",neighbor_id=""7.7.7.12""",6
2026-07-28 12:52:00,ccf-aiops-南京,cr-1,cr,ipv6_default_route_changed_total,,0
2026-07-28 12:52:00,ccf-aiops-南京,cr-1,cr,ipv6_default_route_info,"next_hop=""fd00:7:20::1"",dev=""ens4"",protocol=""196"",metric=""20"",route_index=""0"",nh_index=""0""",1
2026-07-28 12:52:00,ccf-aiops-南京,cr-1,cr,ipv6_default_route_info,"next_hop=""fd00:7:20::2"",dev=""ens4"",protocol=""196"",metric=""20"",route_index=""0"",nh_index=""1""",1
2026-07-28 12:52:00,ccf-aiops-南京,cr-1,cr,ipv6_route_change_total,"prefix=""fd00:8:40::/64""",5
2026-07-28 12:52:00,ccf-aiops-南京,cr-1,cr,ipv6_route_change_total,"prefix=""fd00:3:40::/64""",0
2026-07-28 12:52:00,ccf-aiops-南京,cr-1,cr,ipv6_route_change_total,"prefix=""fd00:2:40::/64""",0
2026-07-28 12:52:00,ccf-aiops-南京,cr-1,cr,ipv6_route_change_total,"prefix=""fd00:1:40::/64""",5
2026-07-28 12:52:00,ccf-aiops-南京,cr-1,cr,ipv6_route_change_total,"prefix=""::/0""",0
2026-07-28 12:52:00,ccf-aiops-南京,cr-1,cr,ipv6_route_change_total,"prefix=""fd00:4:40::/64""",5
2026-07-28 12:52:00,ccf-aiops-南京,cr-1,cr,ipv6_route_change_total,"prefix=""fd00:5:40::/64""",5
2026-07-28 12:52:00,ccf-aiops-南京,cr-1,cr,ipv6_route_change_total,"prefix=""fd00:6:40::/64""",5
2026-07-28 12:52:00,ccf-aiops-南京,cr-1,cr,ipv6_route_change_total,"prefix=""fd00:7:40::/64""",0
2026-07-28 12:52:00,ccf-aiops-南京,cr-1,cr,ipv6_route_count,"protocol=""196""",2
2026-07-28 12:52:00,ccf-aiops-南京,cr-1,cr,ipv6_route_count,"protocol=""all""",16
2026-07-28 12:52:00,ccf-aiops-南京,cr-1,cr,ipv6_route_count,"protocol=""kernel""",7
2026-07-28 12:52:00,ccf-aiops-南京,cr-1,cr,ipv6_route_count,"protocol=""ospf""",7
2026-07-28 12:52:00,ccf-aiops-南京,cr-1,cr,ipv6_route_exists,"prefix=""fd00:8:40::/64""",1
2026-07-28 12:52:00,ccf-aiops-南京,cr-1,cr,ipv6_route_exists,"prefix=""fd00:7:40::/64""",1
2026-07-28 12:52:00,ccf-aiops-南京,cr-1,cr,ipv6_route_exists,"prefix=""fd00:6:40::/64""",1
2026-07-28 12:52:00,ccf-aiops-南京,cr-1,cr,ipv6_route_exists,"prefix=""fd00:5:40::/64""",1
2026-07-28 12:52:00,ccf-aiops-南京,cr-1,cr,ipv6_route_exists,"prefix=""fd00:4:40::/64""",1
2026-07-28 12:52:00,ccf-aiops-南京,cr-1,cr,ipv6_route_exists,"prefix=""fd00:3:40::/64""",1
2026-07-28 12:52:00,ccf-aiops-南京,cr-1,cr,ipv6_route_exists,"prefix=""fd00:2:40::/64""",1
2026-07-28 12:52:00,ccf-aiops-南京,cr-1,cr,ipv6_route_exists,"prefix=""fd00:1:40::/64""",1
2026-07-28 12:52:00,ccf-aiops-南京,cr-1,cr,ipv6_route_exists,"prefix=""::/0""",1
2026-07-28 12:52:00,ccf-aiops-南京,cr-1,cr,ipv6_route_nexthop_info,"prefix=""fd00:8:40::/64"",next_hop=""fe80::7:20:2"",dev=""ens4"",protocol=""ospf"",metric=""20"",route_index=""0"",nh_index=""1""",1
2026-07-28 12:52:00,ccf-aiops-南京,cr-1,cr,ipv6_route_nexthop_info,"prefix=""fd00:7:40::/64"",next_hop=""fd00:7:30::254"",dev=""ens5"",protocol=""196"",metric=""20"",route_index=""0"",nh_index=""0""",1
2026-07-28 12:52:00,ccf-aiops-南京,cr-1,cr,ipv6_route_nexthop_info,"prefix=""fd00:6:40::/64"",next_hop=""fe80::7:20:2"",dev=""ens4"",protocol=""ospf"",metric=""20"",route_index=""0"",nh_index=""1""",1
2026-07-28 12:52:00,ccf-aiops-南京,cr-1,cr,ipv6_route_nexthop_info,"prefix=""::/0"",next_hop=""fd00:7:20::2"",dev=""ens4"",protocol=""196"",metric=""20"",route_index=""0"",nh_index=""1""",1
2026-07-28 12:52:00,ccf-aiops-南京,cr-1,cr,ipv6_route_nexthop_info,"prefix=""fd00:3:40::/64"",next_hop=""fe80::7:20:1"",dev=""ens4"",protocol=""ospf"",metric=""20"",route_index=""0"",nh_index=""0""",1
2026-07-28 12:52:00,ccf-aiops-南京,cr-1,cr,ipv6_route_nexthop_info,"prefix=""fd00:4:40::/64"",next_hop=""fe80::7:20:1"",dev=""ens4"",protocol=""ospf"",metric=""20"",route_index=""0"",nh_index=""0""",1
2026-07-28 12:52:00,ccf-aiops-南京,cr-1,cr,ipv6_route_nexthop_info,"prefix=""fd00:5:40::/64"",next_hop=""fe80::7:20:1"",dev=""ens4"",protocol=""ospf"",metric=""20"",route_index=""0"",nh_index=""0""",1
2026-07-28 12:52:00,ccf-aiops-南京,cr-1,cr,ipv6_route_nexthop_info,"prefix=""fd00:6:40::/64"",next_hop=""fe80::7:20:1"",dev=""ens4"",protocol=""ospf"",metric=""20"",route_index=""0"",nh_index=""0""",1
2026-07-28 12:52:00,ccf-aiops-南京,cr-1,cr,ipv6_route_nexthop_info,"prefix=""fd00:8:40::/64"",next_hop=""fe80::7:20:1"",dev=""ens4"",protocol=""ospf"",metric=""20"",route_index=""0"",nh_index=""0""",1
2026-07-28 12:52:00,ccf-aiops-南京,cr-1,cr,ipv6_route_nexthop_info,"prefix=""fd00:2:40::/64"",next_hop=""fe80::7:20:1"",dev=""ens4"",protocol=""ospf"",metric=""20"",route_index=""0"",nh_index=""0""",1
2026-07-28 12:52:00,ccf-aiops-南京,cr-1,cr,ipv6_route_nexthop_info,"prefix=""fd00:1:40::/64"",next_hop=""fe80::7:20:1"",dev=""ens4"",protocol=""ospf"",metric=""20"",route_index=""0"",nh_index=""0""",1
2026-07-28 12:52:00,ccf-aiops-南京,cr-1,cr,ipv6_route_nexthop_info,"prefix=""::/0"",next_hop=""fd00:7:20::1"",dev=""ens4"",protocol=""196"",metric=""20"",route_index=""0"",nh_index=""0""",1
2026-07-28 12:52:00,ccf-aiops-南京,cr-1,cr,ipv6_route_nexthop_info,"prefix=""fd00:1:40::/64"",next_hop=""fe80::7:20:2"",dev=""ens4"",protocol=""ospf"",metric=""20"",route_index=""0"",nh_index=""1""",1
2026-07-28 12:52:00,ccf-aiops-南京,cr-1,cr,ipv6_route_nexthop_info,"prefix=""fd00:2:40::/64"",next_hop=""fe80::7:20:2"",dev=""ens4"",protocol=""ospf"",metric=""20"",route_index=""0"",nh_index=""1""",1
2026-07-28 12:52:00,ccf-aiops-南京,cr-1,cr,ipv6_route_nexthop_info,"prefix=""fd00:3:40::/64"",next_hop=""fe80::7:20:2"",dev=""ens4"",protocol=""ospf"",metric=""20"",route_index=""0"",nh_index=""1""",1
2026-07-28 12:52:00,ccf-aiops-南京,cr-1,cr,ipv6_route_nexthop_info,"prefix=""fd00:5:40::/64"",next_hop=""fe80::7:20:2"",dev=""ens4"",protocol=""ospf"",metric=""20"",route_index=""0"",nh_index=""1""",1
2026-07-28 12:52:00,ccf-aiops-南京,cr-1,cr,ipv6_route_nexthop_info,"prefix=""fd00:4:40::/64"",next_hop=""fe80::7:20:2"",dev=""ens4"",protocol=""ospf"",metric=""20"",route_index=""0"",nh_index=""1""",1
2026-07-28 12:52:00,ccf-aiops-南京,cr-1,cr,ospf6_interface_cost,"interface=""ens5""",1
2026-07-28 12:52:00,ccf-aiops-南京,cr-1,cr,ospf6_interface_cost,"interface=""ens4""",1
2026-07-28 12:52:00,ccf-aiops-南京,cr-1,cr,ospf6_interface_enabled,"interface=""ens4""",1
2026-07-28 12:52:00,ccf-aiops-南京,cr-1,cr,ospf6_interface_enabled,"interface=""ens5""",1
2026-07-28 12:52:00,ccf-aiops-南京,cr-1,cr,ospf6_interface_enabled,"interface=""ens6""",1
2026-07-28 12:52:00,ccf-aiops-南京,cr-1,cr,ospf6_interface_enabled,"interface=""ens10""",1
2026-07-28 12:52:00,ccf-aiops-南京,cr-1,cr,ospf6_interface_enabled,"interface=""ens11""",1
2026-07-28 12:52:00,ccf-aiops-南京,cr-1,cr,ospf6_interface_enabled,"interface=""ens12""",1
2026-07-28 12:52:00,ccf-aiops-南京,cr-1,cr,ospf6_interface_enabled,"interface=""ens3""",1
2026-07-28 12:52:00,ccf-aiops-南京,cr-1,cr,ospf6_interface_enabled,"interface=""ens8""",1
2026-07-28 12:52:00,ccf-aiops-南京,cr-1,cr,ospf6_interface_enabled,"interface=""ens9""",1
2026-07-28 12:52:00,ccf-aiops-南京,cr-1,cr,ospf6_interface_enabled,"interface=""lo""",1
2026-07-28 12:52:00,ccf-aiops-南京,cr-1,cr,ospf6_interface_enabled,"interface=""virbr0""",0
2026-07-28 12:52:00,ccf-aiops-南京,cr-1,cr,ospf6_interface_enabled,"interface=""vxlan100""",1
2026-07-28 12:52:00,ccf-aiops-南京,cr-1,cr,ospf6_interface_enabled,"interface=""ens7""",1
2026-07-28 12:52:00,ccf-aiops-南京,cr-1,cr,ospf6_neighbor_state_code,"state=""Full"",interface=""ens5"",neighbor_id=""7.7.7.12""",6
2026-07-28 12:52:00,ccf-aiops-南京,cr-1,cr,ospf6_neighbor_state_code,"state=""Full"",interface=""ens4"",neighbor_id=""7.7.7.2""",6
2026-07-28 12:52:00,ccf-aiops-南京,cr-1,cr,ospf6_neighbor_state_code,"state=""Full"",interface=""ens4"",neighbor_id=""7.7.7.12""",6
2026-07-28 12:52:00,ccf-aiops-南京,cr-1,cr,ospf6_neighbor_state_code,"state=""Twoway"",interface=""ens4"",neighbor_id=""7.7.7.1""",2
2026-07-28 12:52:00,ccf-aiops-南京,cr-1,cr,bgp_command_success,,
2026-07-28 12:52:00,ccf-aiops-南京,cr-1,cr,bgp_peer_up,,
2026-07-28 12:52:00,ccf-aiops-南京,cr-1,cr,bgp_peer_uptime_seconds,,
2026-07-28 12:52:00,ccf-aiops-南京,cr-1,cr,bgp_peer_prefix_received,,
2026-07-28 12:52:00,ccf-aiops-南京,cr-1,cr,bgp_peer_prefix_sent,,
2026-07-28 12:52:00,ccf-aiops-南京,cr-1,cr,bgp_peer_count,,
2026-07-28 12:52:00,ccf-aiops-南京,cr-2,cr,ipv6_default_route_changed_total,,0
2026-07-28 12:52:00,ccf-aiops-南京,cr-2,cr,ipv6_default_route_info,"next_hop=""fd00:7:20::2"",dev=""ens4"",protocol=""196"",metric=""20"",route_index=""0"",nh_index=""1""",1
2026-07-28 12:52:00,ccf-aiops-南京,cr-2,cr,ipv6_default_route_info,"next_hop=""fd00:7:20::1"",dev=""ens4"",protocol=""196"",metric=""20"",route_index=""0"",nh_index=""0""",1
2026-07-28 12:52:00,ccf-aiops-南京,cr-2,cr,ipv6_route_change_total,"prefix=""fd00:3:40::/64""",3
2026-07-28 12:52:00,ccf-aiops-南京,cr-2,cr,ipv6_route_change_total,"prefix=""fd00:8:40::/64""",3
2026-07-28 12:52:00,ccf-aiops-南京,cr-2,cr,ipv6_route_change_total,"prefix=""::/0""",0
2026-07-28 12:52:00,ccf-aiops-南京,cr-2,cr,ipv6_route_change_total,"prefix=""fd00:6:40::/64""",3
2026-07-28 12:52:00,ccf-aiops-南京,cr-2,cr,ipv6_route_change_total,"prefix=""fd00:1:40::/64""",3
2026-07-28 12:52:00,ccf-aiops-南京,cr-2,cr,ipv6_route_change_total,"prefix=""fd00:2:40::/64""",3
2026-07-28 12:52:00,ccf-aiops-南京,cr-2,cr,ipv6_route_change_total,"prefix=""fd00:4:40::/64""",3
2026-07-28 12:52:00,ccf-aiops-南京,cr-2,cr,ipv6_route_change_total,"prefix=""fd00:5:40::/64""",3
2026-07-28 12:52:00,ccf-aiops-南京,cr-2,cr,ipv6_route_change_total,"prefix=""fd00:7:40::/64""",0
2026-07-28 12:52:00,ccf-aiops-南京,cr-2,cr,ipv6_route_count,"protocol=""ospf""",7
2026-07-28 12:52:00,ccf-aiops-南京,cr-2,cr,ipv6_route_count,"protocol=""kernel""",6
2026-07-28 12:52:00,ccf-aiops-南京,cr-2,cr,ipv6_route_count,"protocol=""all""",15
2026-07-28 12:52:00,ccf-aiops-南京,cr-2,cr,ipv6_route_count,"protocol=""196""",2
2026-07-28 12:52:00,ccf-aiops-南京,cr-2,cr,ipv6_route_exists,"prefix=""::/0""",1
2026-07-28 12:52:00,ccf-aiops-南京,cr-2,cr,ipv6_route_exists,"prefix=""fd00:1:40::/64""",1
2026-07-28 12:52:00,ccf-aiops-南京,cr-2,cr,ipv6_route_exists,"prefix=""fd00:2:40::/64""",1
2026-07-28 12:52:00,ccf-aiops-南京,cr-2,cr,ipv6_route_exists,"prefix=""fd00:3:40::/64""",1
2026-07-28 12:52:00,ccf-aiops-南京,cr-2,cr,ipv6_route_exists,"prefix=""fd00:4:40::/64""",1
2026-07-28 12:52:00,ccf-aiops-南京,cr-2,cr,ipv6_route_exists,"prefix=""fd00:5:40::/64""",1
2026-07-28 12:52:00,ccf-aiops-南京,cr-2,cr,ipv6_route_exists,"prefix=""fd00:6:40::/64""",1
2026-07-28 12:52:00,ccf-aiops-南京,cr-2,cr,ipv6_route_exists,"prefix=""fd00:7:40::/64""",1
2026-07-28 12:52:00,ccf-aiops-南京,cr-2,cr,ipv6_route_exists,"prefix=""fd00:8:40::/64""",1
2026-07-28 12:52:00,ccf-aiops-南京,cr-2,cr,ipv6_route_nexthop_info,"prefix=""::/0"",next_hop=""fd00:7:20::1"",dev=""ens4"",protocol=""196"",metric=""20"",route_index=""0"",nh_index=""0""",1
2026-07-28 12:52:00,ccf-aiops-南京,cr-2,cr,ipv6_route_nexthop_info,"prefix=""::/0"",next_hop=""fd00:7:20::2"",dev=""ens4"",protocol=""196"",metric=""20"",route_index=""0"",nh_index=""1""",1
2026-07-28 12:52:00,ccf-aiops-南京,cr-2,cr,ipv6_route_nexthop_info,"prefix=""fd00:2:40::/64"",next_hop=""fe80::7:20:2"",dev=""ens4"",protocol=""ospf"",metric=""20"",route_index=""0"",nh_index=""0""",1
2026-07-28 12:52:00,ccf-aiops-南京,cr-2,cr,ipv6_route_nexthop_info,"prefix=""fd00:1:40::/64"",next_hop=""fe80::7:20:2"",dev=""ens4"",protocol=""ospf"",metric=""20"",route_index=""0"",nh_index=""0""",1
2026-07-28 12:52:00,ccf-aiops-南京,cr-2,cr,ipv6_route_nexthop_info,"prefix=""fd00:8:40::/64"",next_hop=""fe80::7:20:1"",dev=""ens4"",protocol=""ospf"",metric=""20"",route_index=""0"",nh_index=""1""",1
2026-07-28 12:52:00,ccf-aiops-南京,cr-2,cr,ipv6_route_nexthop_info,"prefix=""fd00:6:40::/64"",next_hop=""fe80::7:20:1"",dev=""ens4"",protocol=""ospf"",metric=""20"",route_index=""0"",nh_index=""1""",1
2026-07-28 12:52:00,ccf-aiops-南京,cr-2,cr,ipv6_route_nexthop_info,"prefix=""fd00:5:40::/64"",next_hop=""fe80::7:20:1"",dev=""ens4"",protocol=""ospf"",metric=""20"",route_index=""0"",nh_index=""1""",1
2026-07-28 12:52:00,ccf-aiops-南京,cr-2,cr,ipv6_route_nexthop_info,"prefix=""fd00:4:40::/64"",next_hop=""fe80::7:20:1"",dev=""ens4"",protocol=""ospf"",metric=""20"",route_index=""0"",nh_index=""1""",1
2026-07-28 12:52:00,ccf-aiops-南京,cr-2,cr,ipv6_route_nexthop_info,"prefix=""fd00:3:40::/64"",next_hop=""fe80::7:20:1"",dev=""ens4"",protocol=""ospf"",metric=""20"",route_index=""0"",nh_index=""1""",1
2026-07-28 12:52:00,ccf-aiops-南京,cr-2,cr,ipv6_route_nexthop_info,"prefix=""fd00:2:40::/64"",next_hop=""fe80::7:20:1"",dev=""ens4"",protocol=""ospf"",metric=""20"",route_index=""0"",nh_index=""1""",1
2026-07-28 12:52:00,ccf-aiops-南京,cr-2,cr,ipv6_route_nexthop_info,"prefix=""fd00:1:40::/64"",next_hop=""fe80::7:20:1"",dev=""ens4"",protocol=""ospf"",metric=""20"",route_index=""0"",nh_index=""1""",1
2026-07-28 12:52:00,ccf-aiops-南京,cr-2,cr,ipv6_route_nexthop_info,"prefix=""fd00:3:40::/64"",next_hop=""fe80::7:20:2"",dev=""ens4"",protocol=""ospf"",metric=""20"",route_index=""0"",nh_index=""0""",1
2026-07-28 12:52:00,ccf-aiops-南京,cr-2,cr,ipv6_route_nexthop_info,"prefix=""fd00:4:40::/64"",next_hop=""fe80::7:20:2"",dev=""ens4"",protocol=""ospf"",metric=""20"",route_index=""0"",nh_index=""0""",1
2026-07-28 12:52:00,ccf-aiops-南京,cr-2,cr,ipv6_route_nexthop_info,"prefix=""fd00:5:40::/64"",next_hop=""fe80::7:20:2"",dev=""ens4"",protocol=""ospf"",metric=""20"",route_index=""0"",nh_index=""0""",1
2026-07-28 12:52:00,ccf-aiops-南京,cr-2,cr,ipv6_route_nexthop_info,"prefix=""fd00:6:40::/64"",next_hop=""fe80::7:20:2"",dev=""ens4"",protocol=""ospf"",metric=""20"",route_index=""0"",nh_index=""0""",1
2026-07-28 12:52:00,ccf-aiops-南京,cr-2,cr,ipv6_route_nexthop_info,"prefix=""fd00:8:40::/64"",next_hop=""fe80::7:20:2"",dev=""ens4"",protocol=""ospf"",metric=""20"",route_index=""0"",nh_index=""0""",1
2026-07-28 12:52:00,ccf-aiops-南京,cr-2,cr,ipv6_route_nexthop_info,"prefix=""fd00:7:40::/64"",next_hop=""fd00:7:30::254"",dev=""ens5"",protocol=""196"",metric=""20"",route_index=""0"",nh_index=""0""",1
2026-07-28 12:52:00,ccf-aiops-南京,cr-2,cr,ospf6_interface_cost,"interface=""ens5""",1
2026-07-28 12:52:00,ccf-aiops-南京,cr-2,cr,ospf6_interface_cost,"interface=""ens4""",1
2026-07-28 12:52:00,ccf-aiops-南京,cr-2,cr,ospf6_interface_enabled,"interface=""ens8""",1
2026-07-28 12:52:00,ccf-aiops-南京,cr-2,cr,ospf6_interface_enabled,"interface=""virbr0""",0
2026-07-28 12:52:00,ccf-aiops-南京,cr-2,cr,ospf6_interface_enabled,"interface=""lo""",1
2026-07-28 12:52:00,ccf-aiops-南京,cr-2,cr,ospf6_interface_enabled,"interface=""ens9""",1
2026-07-28 12:52:00,ccf-aiops-南京,cr-2,cr,ospf6_interface_enabled,"interface=""ens7""",1
2026-07-28 12:52:00,ccf-aiops-南京,cr-2,cr,ospf6_interface_enabled,"interface=""ens6""",1
2026-07-28 12:52:00,ccf-aiops-南京,cr-2,cr,ospf6_interface_enabled,"interface=""ens5""",1
2026-07-28 12:52:00,ccf-aiops-南京,cr-2,cr,ospf6_interface_enabled,"interface=""ens4""",1
2026-07-28 12:52:00,ccf-aiops-南京,cr-2,cr,ospf6_interface_enabled,"interface=""ens3""",1
2026-07-28 12:52:00,ccf-aiops-南京,cr-2,cr,ospf6_interface_enabled,"interface=""ens12""",1
2026-07-28 12:52:00,ccf-aiops-南京,cr-2,cr,ospf6_interface_enabled,"interface=""ens11""",1
2026-07-28 12:52:00,ccf-aiops-南京,cr-2,cr,ospf6_interface_enabled,"interface=""ens10""",1
2026-07-28 12:52:00,ccf-aiops-南京,cr-2,cr,ospf6_neighbor_state_code,"state=""Full"",interface=""ens4"",neighbor_id=""7.7.7.1""",6
2026-07-28 12:52:00,ccf-aiops-南京,cr-2,cr,ospf6_neighbor_state_code,"state=""Full"",interface=""ens5"",neighbor_id=""7.7.7.11""",6
2026-07-28 12:52:00,ccf-aiops-南京,cr-2,cr,ospf6_neighbor_state_code,"state=""Full"",interface=""ens4"",neighbor_id=""7.7.7.11""",6
2026-07-28 12:52:00,ccf-aiops-南京,cr-2,cr,ospf6_neighbor_state_code,"state=""Full"",interface=""ens4"",neighbor_id=""7.7.7.2""",6
2026-07-28 12:52:00,ccf-aiops-南京,cr-2,cr,bgp_command_success,,
2026-07-28 12:52:00,ccf-aiops-南京,cr-2,cr,bgp_peer_up,,
2026-07-28 12:52:00,ccf-aiops-南京,cr-2,cr,bgp_peer_uptime_seconds,,
2026-07-28 12:52:00,ccf-aiops-南京,cr-2,cr,bgp_peer_prefix_received,,
2026-07-28 12:52:00,ccf-aiops-南京,cr-2,cr,bgp_peer_prefix_sent,,
2026-07-28 12:52:00,ccf-aiops-南京,cr-2,cr,bgp_peer_count,,
2026-07-28 12:53:00,ccf-aiops-南京,br-1,br,bgp_command_success,"command=""bgp_summary""",1
2026-07-28 12:53:00,ccf-aiops-南京,br-1,br,bgp_peer_count,,2
2026-07-28 12:53:00,ccf-aiops-南京,br-1,br,bgp_peer_prefix_received,"peer=""fd00:100:10::41"",remote_as=""65005"",state=""Established""",7
2026-07-28 12:53:00,ccf-aiops-南京,br-1,br,bgp_peer_prefix_received,"peer=""fd00:100:10::51"",remote_as=""65006"",state=""Established""",7
2026-07-28 12:53:00,ccf-aiops-南京,br-1,br,bgp_peer_prefix_sent,"peer=""fd00:100:10::51"",remote_as=""65006"",state=""Established""",8
2026-07-28 12:53:00,ccf-aiops-南京,br-1,br,bgp_peer_prefix_sent,"peer=""fd00:100:10::41"",remote_as=""65005"",state=""Established""",8
2026-07-28 12:53:00,ccf-aiops-南京,br-1,br,bgp_peer_up,"peer=""fd00:100:10::41"",remote_as=""65005"",state=""Established""",1
2026-07-28 12:53:00,ccf-aiops-南京,br-1,br,bgp_peer_up,"peer=""fd00:100:10::51"",remote_as=""65006"",state=""Established""",1
2026-07-28 12:53:00,ccf-aiops-南京,br-1,br,bgp_peer_uptime_seconds,"peer=""fd00:100:10::41"",remote_as=""65005"",state=""Established""",2413724
2026-07-28 12:53:00,ccf-aiops-南京,br-1,br,bgp_peer_uptime_seconds,"peer=""fd00:100:10::51"",remote_as=""65006"",state=""Established""",2413724
2026-07-28 12:53:00,ccf-aiops-南京,br-1,br,ipv6_default_route_changed_total,,0
2026-07-28 12:53:00,ccf-aiops-南京,br-1,br,ipv6_default_route_info,"next_hop=""240a:a023::1"",dev=""ens4"",protocol=""unknown"",metric=""1024"",route_index=""0"",nh_index=""0""",1
2026-07-28 12:53:00,ccf-aiops-南京,br-1,br,ipv6_route_change_total,"prefix=""::/0""",0
2026-07-28 12:53:00,ccf-aiops-南京,br-1,br,ipv6_route_change_total,"prefix=""fd00:1:40::/64""",0
2026-07-28 12:53:00,ccf-aiops-南京,br-1,br,ipv6_route_change_total,"prefix=""fd00:2:40::/64""",5
2026-07-28 12:53:00,ccf-aiops-南京,br-1,br,ipv6_route_change_total,"prefix=""fd00:3:40::/64""",0
2026-07-28 12:53:00,ccf-aiops-南京,br-1,br,ipv6_route_change_total,"prefix=""fd00:4:40::/64""",0
2026-07-28 12:53:00,ccf-aiops-南京,br-1,br,ipv6_route_change_total,"prefix=""fd00:5:40::/64""",0
2026-07-28 12:53:00,ccf-aiops-南京,br-1,br,ipv6_route_change_total,"prefix=""fd00:6:40::/64""",0
2026-07-28 12:53:00,ccf-aiops-南京,br-1,br,ipv6_route_change_total,"prefix=""fd00:7:40::/64""",8
2026-07-28 12:53:00,ccf-aiops-南京,br-1,br,ipv6_route_change_total,"prefix=""fd00:8:40::/64""",0
2026-07-28 12:53:00,ccf-aiops-南京,br-1,br,ipv6_route_count,"protocol=""ospf""",2
2026-07-28 12:53:00,ccf-aiops-南京,br-1,br,ipv6_route_count,"protocol=""kernel""",7
2026-07-28 12:53:00,ccf-aiops-南京,br-1,br,ipv6_route_count,"protocol=""unknown""",1
2026-07-28 12:53:00,ccf-aiops-南京,br-1,br,ipv6_route_count,"protocol=""bgp""",7
2026-07-28 12:53:00,ccf-aiops-南京,br-1,br,ipv6_route_count,"protocol=""all""",17
2026-07-28 12:53:00,ccf-aiops-南京,br-1,br,ipv6_route_exists,"prefix=""::/0""",1
2026-07-28 12:53:00,ccf-aiops-南京,br-1,br,ipv6_route_exists,"prefix=""fd00:1:40::/64""",1
2026-07-28 12:53:00,ccf-aiops-南京,br-1,br,ipv6_route_exists,"prefix=""fd00:2:40::/64""",1
2026-07-28 12:53:00,ccf-aiops-南京,br-1,br,ipv6_route_exists,"prefix=""fd00:3:40::/64""",1
2026-07-28 12:53:00,ccf-aiops-南京,br-1,br,ipv6_route_exists,"prefix=""fd00:4:40::/64""",1
2026-07-28 12:53:00,ccf-aiops-南京,br-1,br,ipv6_route_exists,"prefix=""fd00:5:40::/64""",1
2026-07-28 12:53:00,ccf-aiops-南京,br-1,br,ipv6_route_exists,"prefix=""fd00:6:40::/64""",1
2026-07-28 12:53:00,ccf-aiops-南京,br-1,br,ipv6_route_exists,"prefix=""fd00:7:40::/64""",1
2026-07-28 12:53:00,ccf-aiops-南京,br-1,br,ipv6_route_exists,"prefix=""fd00:8:40::/64""",1
2026-07-28 12:53:00,ccf-aiops-南京,br-1,br,ipv6_route_nexthop_info,"prefix=""fd00:7:40::/64"",next_hop=""fe80::7:20:12"",dev=""ens5"",protocol=""ospf"",metric=""20"",route_index=""0"",nh_index=""0""",1
2026-07-28 12:53:00,ccf-aiops-南京,br-1,br,ipv6_route_nexthop_info,"prefix=""fd00:7:40::/64"",next_hop=""fe80::7:20:11"",dev=""ens5"",protocol=""ospf"",metric=""20"",route_index=""0"",nh_index=""1""",1
2026-07-28 12:53:00,ccf-aiops-南京,br-1,br,ipv6_route_nexthop_info,"prefix=""fd00:6:40::/64"",next_hop=""fe80::100:10:51"",dev=""ens4"",protocol=""bgp"",metric=""20"",route_index=""0"",nh_index=""0""",1
2026-07-28 12:53:00,ccf-aiops-南京,br-1,br,ipv6_route_nexthop_info,"prefix=""fd00:2:40::/64"",next_hop=""fe80::100:10:51"",dev=""ens4"",protocol=""bgp"",metric=""20"",route_index=""0"",nh_index=""0""",1
2026-07-28 12:53:00,ccf-aiops-南京,br-1,br,ipv6_route_nexthop_info,"prefix=""fd00:1:40::/64"",next_hop=""fe80::100:10:51"",dev=""ens4"",protocol=""bgp"",metric=""20"",route_index=""0"",nh_index=""0""",1
2026-07-28 12:53:00,ccf-aiops-南京,br-1,br,ipv6_route_nexthop_info,"prefix=""fd00:8:40::/64"",next_hop=""fe80::100:10:41"",dev=""ens4"",protocol=""bgp"",metric=""20"",route_index=""0"",nh_index=""0""",1
2026-07-28 12:53:00,ccf-aiops-南京,br-1,br,ipv6_route_nexthop_info,"prefix=""fd00:5:40::/64"",next_hop=""fe80::100:10:41"",dev=""ens4"",protocol=""bgp"",metric=""20"",route_index=""0"",nh_index=""0""",1
2026-07-28 12:53:00,ccf-aiops-南京,br-1,br,ipv6_route_nexthop_info,"prefix=""fd00:4:40::/64"",next_hop=""fe80::100:10:41"",dev=""ens4"",protocol=""bgp"",metric=""20"",route_index=""0"",nh_index=""0""",1
2026-07-28 12:53:00,ccf-aiops-南京,br-1,br,ipv6_route_nexthop_info,"prefix=""fd00:3:40::/64"",next_hop=""fe80::100:10:41"",dev=""ens4"",protocol=""bgp"",metric=""20"",route_index=""0"",nh_index=""0""",1
2026-07-28 12:53:00,ccf-aiops-南京,br-1,br,ipv6_route_nexthop_info,"prefix=""::/0"",next_hop=""240a:a023::1"",dev=""ens4"",protocol=""unknown"",metric=""1024"",route_index=""0"",nh_index=""0""",1
2026-07-28 12:53:00,ccf-aiops-南京,br-1,br,ospf6_interface_cost,"interface=""ens5""",1
2026-07-28 12:53:00,ccf-aiops-南京,br-1,br,ospf6_interface_enabled,"interface=""ens8""",1
2026-07-28 12:53:00,ccf-aiops-南京,br-1,br,ospf6_interface_enabled,"interface=""ens11""",1
2026-07-28 12:53:00,ccf-aiops-南京,br-1,br,ospf6_interface_enabled,"interface=""ens12""",1
2026-07-28 12:53:00,ccf-aiops-南京,br-1,br,ospf6_interface_enabled,"interface=""ens3""",1
2026-07-28 12:53:00,ccf-aiops-南京,br-1,br,ospf6_interface_enabled,"interface=""ens4""",1
2026-07-28 12:53:00,ccf-aiops-南京,br-1,br,ospf6_interface_enabled,"interface=""ens5""",1
2026-07-28 12:53:00,ccf-aiops-南京,br-1,br,ospf6_interface_enabled,"interface=""ens9""",1
2026-07-28 12:53:00,ccf-aiops-南京,br-1,br,ospf6_interface_enabled,"interface=""ens7""",1
2026-07-28 12:53:00,ccf-aiops-南京,br-1,br,ospf6_interface_enabled,"interface=""ens6""",1
2026-07-28 12:53:00,ccf-aiops-南京,br-1,br,ospf6_interface_enabled,"interface=""lo""",1
2026-07-28 12:53:00,ccf-aiops-南京,br-1,br,ospf6_interface_enabled,"interface=""virbr0""",0
2026-07-28 12:53:00,ccf-aiops-南京,br-1,br,ospf6_interface_enabled,"interface=""ens10""",1
2026-07-28 12:53:00,ccf-aiops-南京,br-1,br,ospf6_neighbor_state_code,"state=""Full"",interface=""ens5"",neighbor_id=""7.7.7.12""",6
2026-07-28 12:53:00,ccf-aiops-南京,br-1,br,ospf6_neighbor_state_code,"state=""Twoway"",interface=""ens5"",neighbor_id=""7.7.7.11""",2
2026-07-28 12:53:00,ccf-aiops-南京,br-1,br,ospf6_neighbor_state_code,"state=""Full"",interface=""ens5"",neighbor_id=""7.7.7.2""",6
2026-07-28 12:53:00,ccf-aiops-南京,br-2,br,bgp_command_success,"command=""bgp_summary""",1
2026-07-28 12:53:00,ccf-aiops-南京,br-2,br,bgp_peer_count,,2
2026-07-28 12:53:00,ccf-aiops-南京,br-2,br,bgp_peer_prefix_received,"peer=""fd00:100:10::52"",remote_as=""65006"",state=""Established""",7
2026-07-28 12:53:00,ccf-aiops-南京,br-2,br,bgp_peer_prefix_received,"peer=""fd00:100:10::42"",remote_as=""65005"",state=""Established""",7
2026-07-28 12:53:00,ccf-aiops-南京,br-2,br,bgp_peer_prefix_sent,"peer=""fd00:100:10::52"",remote_as=""65006"",state=""Established""",8
2026-07-28 12:53:00,ccf-aiops-南京,br-2,br,bgp_peer_prefix_sent,"peer=""fd00:100:10::42"",remote_as=""65005"",state=""Established""",8
2026-07-28 12:53:00,ccf-aiops-南京,br-2,br,bgp_peer_up,"peer=""fd00:100:10::52"",remote_as=""65006"",state=""Established""",1
2026-07-28 12:53:00,ccf-aiops-南京,br-2,br,bgp_peer_up,"peer=""fd00:100:10::42"",remote_as=""65005"",state=""Established""",1
2026-07-28 12:53:00,ccf-aiops-南京,br-2,br,bgp_peer_uptime_seconds,"peer=""fd00:100:10::42"",remote_as=""65005"",state=""Established""",2413707
2026-07-28 12:53:00,ccf-aiops-南京,br-2,br,bgp_peer_uptime_seconds,"peer=""fd00:100:10::52"",remote_as=""65006"",state=""Established""",2413707
2026-07-28 12:53:00,ccf-aiops-南京,br-2,br,ipv6_default_route_changed_total,,0
2026-07-28 12:53:00,ccf-aiops-南京,br-2,br,ipv6_default_route_info,"next_hop=""240a:a023::1"",dev=""ens4"",protocol=""unknown"",metric=""1024"",route_index=""0"",nh_index=""0""",1
2026-07-28 12:53:00,ccf-aiops-南京,br-2,br,ipv6_route_change_total,"prefix=""::/0""",0
2026-07-28 12:53:00,ccf-aiops-南京,br-2,br,ipv6_route_change_total,"prefix=""fd00:1:40::/64""",0
2026-07-28 12:53:00,ccf-aiops-南京,br-2,br,ipv6_route_change_total,"prefix=""fd00:2:40::/64""",3
2026-07-28 12:53:00,ccf-aiops-南京,br-2,br,ipv6_route_change_total,"prefix=""fd00:3:40::/64""",0
2026-07-28 12:53:00,ccf-aiops-南京,br-2,br,ipv6_route_change_total,"prefix=""fd00:8:40::/64""",0
2026-07-28 12:53:00,ccf-aiops-南京,br-2,br,ipv6_route_change_total,"prefix=""fd00:7:40::/64""",10
2026-07-28 12:53:00,ccf-aiops-南京,br-2,br,ipv6_route_change_total,"prefix=""fd00:6:40::/64""",0
2026-07-28 12:53:00,ccf-aiops-南京,br-2,br,ipv6_route_change_total,"prefix=""fd00:5:40::/64""",0
2026-07-28 12:53:00,ccf-aiops-南京,br-2,br,ipv6_route_change_total,"prefix=""fd00:4:40::/64""",0
2026-07-28 12:53:00,ccf-aiops-南京,br-2,br,ipv6_route_count,"protocol=""all""",17
2026-07-28 12:53:00,ccf-aiops-南京,br-2,br,ipv6_route_count,"protocol=""unknown""",1
2026-07-28 12:53:00,ccf-aiops-南京,br-2,br,ipv6_route_count,"protocol=""ospf""",2
2026-07-28 12:53:00,ccf-aiops-南京,br-2,br,ipv6_route_count,"protocol=""kernel""",7
2026-07-28 12:53:00,ccf-aiops-南京,br-2,br,ipv6_route_count,"protocol=""bgp""",7
2026-07-28 12:53:00,ccf-aiops-南京,br-2,br,ipv6_route_exists,"prefix=""fd00:3:40::/64""",1
2026-07-28 12:53:00,ccf-aiops-南京,br-2,br,ipv6_route_exists,"prefix=""fd00:8:40::/64""",1
2026-07-28 12:53:00,ccf-aiops-南京,br-2,br,ipv6_route_exists,"prefix=""fd00:7:40::/64""",1
2026-07-28 12:53:00,ccf-aiops-南京,br-2,br,ipv6_route_exists,"prefix=""fd00:6:40::/64""",1
2026-07-28 12:53:00,ccf-aiops-南京,br-2,br,ipv6_route_exists,"prefix=""fd00:5:40::/64""",1
2026-07-28 12:53:00,ccf-aiops-南京,br-2,br,ipv6_route_exists,"prefix=""fd00:4:40::/64""",1
2026-07-28 12:53:00,ccf-aiops-南京,br-2,br,ipv6_route_exists,"prefix=""fd00:2:40::/64""",1
2026-07-28 12:53:00,ccf-aiops-南京,br-2,br,ipv6_route_exists,"prefix=""::/0""",1
2026-07-28 12:53:00,ccf-aiops-南京,br-2,br,ipv6_route_exists,"prefix=""fd00:1:40::/64""",1
2026-07-28 12:53:00,ccf-aiops-南京,br-2,br,ipv6_route_nexthop_info,"prefix=""::/0"",next_hop=""240a:a023::1"",dev=""ens4"",protocol=""unknown"",metric=""1024"",route_index=""0"",nh_index=""0""",1
2026-07-28 12:53:00,ccf-aiops-南京,br-2,br,ipv6_route_nexthop_info,"prefix=""fd00:3:40::/64"",next_hop=""fe80::100:10:42"",dev=""ens4"",protocol=""bgp"",metric=""20"",route_index=""0"",nh_index=""0""",1
2026-07-28 12:53:00,ccf-aiops-南京,br-2,br,ipv6_route_nexthop_info,"prefix=""fd00:4:40::/64"",next_hop=""fe80::100:10:42"",dev=""ens4"",protocol=""bgp"",metric=""20"",route_index=""0"",nh_index=""0""",1
2026-07-28 12:53:00,ccf-aiops-南京,br-2,br,ipv6_route_nexthop_info,"prefix=""fd00:5:40::/64"",next_hop=""fe80::100:10:42"",dev=""ens4"",protocol=""bgp"",metric=""20"",route_index=""0"",nh_index=""0""",1
2026-07-28 12:53:00,ccf-aiops-南京,br-2,br,ipv6_route_nexthop_info,"prefix=""fd00:8:40::/64"",next_hop=""fe80::100:10:42"",dev=""ens4"",protocol=""bgp"",metric=""20"",route_index=""0"",nh_index=""0""",1
2026-07-28 12:53:00,ccf-aiops-南京,br-2,br,ipv6_route_nexthop_info,"prefix=""fd00:1:40::/64"",next_hop=""fe80::100:10:52"",dev=""ens4"",protocol=""bgp"",metric=""20"",route_index=""0"",nh_index=""0""",1
2026-07-28 12:53:00,ccf-aiops-南京,br-2,br,ipv6_route_nexthop_info,"prefix=""fd00:2:40::/64"",next_hop=""fe80::100:10:52"",dev=""ens4"",protocol=""bgp"",metric=""20"",route_index=""0"",nh_index=""0""",1
2026-07-28 12:53:00,ccf-aiops-南京,br-2,br,ipv6_route_nexthop_info,"prefix=""fd00:6:40::/64"",next_hop=""fe80::100:10:52"",dev=""ens4"",protocol=""bgp"",metric=""20"",route_index=""0"",nh_index=""0""",1
2026-07-28 12:53:00,ccf-aiops-南京,br-2,br,ipv6_route_nexthop_info,"prefix=""fd00:7:40::/64"",next_hop=""fe80::7:20:11"",dev=""ens5"",protocol=""ospf"",metric=""20"",route_index=""0"",nh_index=""1""",1
2026-07-28 12:53:00,ccf-aiops-南京,br-2,br,ipv6_route_nexthop_info,"prefix=""fd00:7:40::/64"",next_hop=""fe80::7:20:12"",dev=""ens5"",protocol=""ospf"",metric=""20"",route_index=""0"",nh_index=""0""",1
2026-07-28 12:53:00,ccf-aiops-南京,br-2,br,ospf6_interface_cost,"interface=""ens5""",1
2026-07-28 12:53:00,ccf-aiops-南京,br-2,br,ospf6_interface_enabled,"interface=""lo""",1
2026-07-28 12:53:00,ccf-aiops-南京,br-2,br,ospf6_interface_enabled,"interface=""virbr0""",0
2026-07-28 12:53:00,ccf-aiops-南京,br-2,br,ospf6_interface_enabled,"interface=""ens10""",1
2026-07-28 12:53:00,ccf-aiops-南京,br-2,br,ospf6_interface_enabled,"interface=""ens8""",1
2026-07-28 12:53:00,ccf-aiops-南京,br-2,br,ospf6_interface_enabled,"interface=""ens7""",1
2026-07-28 12:53:00,ccf-aiops-南京,br-2,br,ospf6_interface_enabled,"interface=""ens11""",1
2026-07-28 12:53:00,ccf-aiops-南京,br-2,br,ospf6_interface_enabled,"interface=""ens9""",1
2026-07-28 12:53:00,ccf-aiops-南京,br-2,br,ospf6_interface_enabled,"interface=""ens6""",1
2026-07-28 12:53:00,ccf-aiops-南京,br-2,br,ospf6_interface_enabled,"interface=""ens5""",1
2026-07-28 12:53:00,ccf-aiops-南京,br-2,br,ospf6_interface_enabled,"interface=""ens4""",1
2026-07-28 12:53:00,ccf-aiops-南京,br-2,br,ospf6_interface_enabled,"interface=""ens3""",1
2026-07-28 12:53:00,ccf-aiops-南京,br-2,br,ospf6_interface_enabled,"interface=""ens12""",1
2026-07-28 12:53:00,ccf-aiops-南京,br-2,br,ospf6_neighbor_state_code,"state=""Full"",interface=""ens5"",neighbor_id=""7.7.7.1""",6
2026-07-28 12:53:00,ccf-aiops-南京,br-2,br,ospf6_neighbor_state_code,"state=""Full"",interface=""ens5"",neighbor_id=""7.7.7.11""",6
2026-07-28 12:53:00,ccf-aiops-南京,br-2,br,ospf6_neighbor_state_code,"state=""Full"",interface=""ens5"",neighbor_id=""7.7.7.12""",6
2026-07-28 12:53:00,ccf-aiops-南京,cr-1,cr,ipv6_default_route_changed_total,,0
2026-07-28 12:53:00,ccf-aiops-南京,cr-1,cr,ipv6_default_route_info,"next_hop=""fd00:7:20::2"",dev=""ens4"",protocol=""196"",metric=""20"",route_index=""0"",nh_index=""1""",1
2026-07-28 12:53:00,ccf-aiops-南京,cr-1,cr,ipv6_default_route_info,"next_hop=""fd00:7:20::1"",dev=""ens4"",protocol=""196"",metric=""20"",route_index=""0"",nh_index=""0""",1
2026-07-28 12:53:00,ccf-aiops-南京,cr-1,cr,ipv6_route_change_total,"prefix=""fd00:8:40::/64""",5
2026-07-28 12:53:00,ccf-aiops-南京,cr-1,cr,ipv6_route_change_total,"prefix=""fd00:4:40::/64""",5
2026-07-28 12:53:00,ccf-aiops-南京,cr-1,cr,ipv6_route_change_total,"prefix=""fd00:7:40::/64""",0
2026-07-28 12:53:00,ccf-aiops-南京,cr-1,cr,ipv6_route_change_total,"prefix=""fd00:6:40::/64""",5
2026-07-28 12:53:00,ccf-aiops-南京,cr-1,cr,ipv6_route_change_total,"prefix=""fd00:2:40::/64""",0
2026-07-28 12:53:00,ccf-aiops-南京,cr-1,cr,ipv6_route_change_total,"prefix=""fd00:3:40::/64""",0
2026-07-28 12:53:00,ccf-aiops-南京,cr-1,cr,ipv6_route_change_total,"prefix=""fd00:5:40::/64""",5
2026-07-28 12:53:00,ccf-aiops-南京,cr-1,cr,ipv6_route_change_total,"prefix=""fd00:1:40::/64""",5
2026-07-28 12:53:00,ccf-aiops-南京,cr-1,cr,ipv6_route_change_total,"prefix=""::/0""",0
2026-07-28 12:53:00,ccf-aiops-南京,cr-1,cr,ipv6_route_count,"protocol=""kernel""",7
2026-07-28 12:53:00,ccf-aiops-南京,cr-1,cr,ipv6_route_count,"protocol=""ospf""",7
2026-07-28 12:53:00,ccf-aiops-南京,cr-1,cr,ipv6_route_count,"protocol=""all""",16
2026-07-28 12:53:00,ccf-aiops-南京,cr-1,cr,ipv6_route_count,"protocol=""196""",2
2026-07-28 12:53:00,ccf-aiops-南京,cr-1,cr,ipv6_route_exists,"prefix=""fd00:8:40::/64""",1
2026-07-28 12:53:00,ccf-aiops-南京,cr-1,cr,ipv6_route_exists,"prefix=""::/0""",1
2026-07-28 12:53:00,ccf-aiops-南京,cr-1,cr,ipv6_route_exists,"prefix=""fd00:1:40::/64""",1
2026-07-28 12:53:00,ccf-aiops-南京,cr-1,cr,ipv6_route_exists,"prefix=""fd00:2:40::/64""",1
2026-07-28 12:53:00,ccf-aiops-南京,cr-1,cr,ipv6_route_exists,"prefix=""fd00:3:40::/64""",1
2026-07-28 12:53:00,ccf-aiops-南京,cr-1,cr,ipv6_route_exists,"prefix=""fd00:4:40::/64""",1
2026-07-28 12:53:00,ccf-aiops-南京,cr-1,cr,ipv6_route_exists,"prefix=""fd00:5:40::/64""",1
2026-07-28 12:53:00,ccf-aiops-南京,cr-1,cr,ipv6_route_exists,"prefix=""fd00:6:40::/64""",1
2026-07-28 12:53:00,ccf-aiops-南京,cr-1,cr,ipv6_route_exists,"prefix=""fd00:7:40::/64""",1
2026-07-28 12:53:00,ccf-aiops-南京,cr-1,cr,ipv6_route_nexthop_info,"prefix=""fd00:4:40::/64"",next_hop=""fe80::7:20:2"",dev=""ens4"",protocol=""ospf"",metric=""20"",route_index=""0"",nh_index=""1""",1
2026-07-28 12:53:00,ccf-aiops-南京,cr-1,cr,ipv6_route_nexthop_info,"prefix=""fd00:2:40::/64"",next_hop=""fe80::7:20:1"",dev=""ens4"",protocol=""ospf"",metric=""20"",route_index=""0"",nh_index=""0""",1
2026-07-28 12:53:00,ccf-aiops-南京,cr-1,cr,ipv6_route_nexthop_info,"prefix=""fd00:3:40::/64"",next_hop=""fe80::7:20:1"",dev=""ens4"",protocol=""ospf"",metric=""20"",route_index=""0"",nh_index=""0""",1
2026-07-28 12:53:00,ccf-aiops-南京,cr-1,cr,ipv6_route_nexthop_info,"prefix=""fd00:4:40::/64"",next_hop=""fe80::7:20:1"",dev=""ens4"",protocol=""ospf"",metric=""20"",route_index=""0"",nh_index=""0""",1
2026-07-28 12:53:00,ccf-aiops-南京,cr-1,cr,ipv6_route_nexthop_info,"prefix=""fd00:5:40::/64"",next_hop=""fe80::7:20:1"",dev=""ens4"",protocol=""ospf"",metric=""20"",route_index=""0"",nh_index=""0""",1
2026-07-28 12:53:00,ccf-aiops-南京,cr-1,cr,ipv6_route_nexthop_info,"prefix=""fd00:6:40::/64"",next_hop=""fe80::7:20:1"",dev=""ens4"",protocol=""ospf"",metric=""20"",route_index=""0"",nh_index=""0""",1
2026-07-28 12:53:00,ccf-aiops-南京,cr-1,cr,ipv6_route_nexthop_info,"prefix=""fd00:8:40::/64"",next_hop=""fe80::7:20:1"",dev=""ens4"",protocol=""ospf"",metric=""20"",route_index=""0"",nh_index=""0""",1
2026-07-28 12:53:00,ccf-aiops-南京,cr-1,cr,ipv6_route_nexthop_info,"prefix=""fd00:3:40::/64"",next_hop=""fe80::7:20:2"",dev=""ens4"",protocol=""ospf"",metric=""20"",route_index=""0"",nh_index=""1""",1
2026-07-28 12:53:00,ccf-aiops-南京,cr-1,cr,ipv6_route_nexthop_info,"prefix=""fd00:1:40::/64"",next_hop=""fe80::7:20:2"",dev=""ens4"",protocol=""ospf"",metric=""20"",route_index=""0"",nh_index=""1""",1
2026-07-28 12:53:00,ccf-aiops-南京,cr-1,cr,ipv6_route_nexthop_info,"prefix=""fd00:2:40::/64"",next_hop=""fe80::7:20:2"",dev=""ens4"",protocol=""ospf"",metric=""20"",route_index=""0"",nh_index=""1""",1
2026-07-28 12:53:00,ccf-aiops-南京,cr-1,cr,ipv6_route_nexthop_info,"prefix=""fd00:7:40::/64"",next_hop=""fd00:7:30::254"",dev=""ens5"",protocol=""196"",metric=""20"",route_index=""0"",nh_index=""0""",1
2026-07-28 12:53:00,ccf-aiops-南京,cr-1,cr,ipv6_route_nexthop_info,"prefix=""fd00:1:40::/64"",next_hop=""fe80::7:20:1"",dev=""ens4"",protocol=""ospf"",metric=""20"",route_index=""0"",nh_index=""0""",1
2026-07-28 12:53:00,ccf-aiops-南京,cr-1,cr,ipv6_route_nexthop_info,"prefix=""::/0"",next_hop=""fd00:7:20::2"",dev=""ens4"",protocol=""196"",metric=""20"",route_index=""0"",nh_index=""1""",1
2026-07-28 12:53:00,ccf-aiops-南京,cr-1,cr,ipv6_route_nexthop_info,"prefix=""::/0"",next_hop=""fd00:7:20::1"",dev=""ens4"",protocol=""196"",metric=""20"",route_index=""0"",nh_index=""0""",1
2026-07-28 12:53:00,ccf-aiops-南京,cr-1,cr,ipv6_route_nexthop_info,"prefix=""fd00:5:40::/64"",next_hop=""fe80::7:20:2"",dev=""ens4"",protocol=""ospf"",metric=""20"",route_index=""0"",nh_index=""1""",1
2026-07-28 12:53:00,ccf-aiops-南京,cr-1,cr,ipv6_route_nexthop_info,"prefix=""fd00:6:40::/64"",next_hop=""fe80::7:20:2"",dev=""ens4"",protocol=""ospf"",metric=""20"",route_index=""0"",nh_index=""1""",1
2026-07-28 12:53:00,ccf-aiops-南京,cr-1,cr,ipv6_route_nexthop_info,"prefix=""fd00:8:40::/64"",next_hop=""fe80::7:20:2"",dev=""ens4"",protocol=""ospf"",metric=""20"",route_index=""0"",nh_index=""1""",1
2026-07-28 12:53:00,ccf-aiops-南京,cr-1,cr,ospf6_interface_cost,"interface=""ens5""",1
2026-07-28 12:53:00,ccf-aiops-南京,cr-1,cr,ospf6_interface_cost,"interface=""ens4""",1
2026-07-28 12:53:00,ccf-aiops-南京,cr-1,cr,ospf6_interface_enabled,"interface=""ens6""",1
2026-07-28 12:53:00,ccf-aiops-南京,cr-1,cr,ospf6_interface_enabled,"interface=""vxlan100""",1
2026-07-28 12:53:00,ccf-aiops-南京,cr-1,cr,ospf6_interface_enabled,"interface=""virbr0""",0
2026-07-28 12:53:00,ccf-aiops-南京,cr-1,cr,ospf6_interface_enabled,"interface=""lo""",1
2026-07-28 12:53:00,ccf-aiops-南京,cr-1,cr,ospf6_interface_enabled,"interface=""ens9""",1
2026-07-28 12:53:00,ccf-aiops-南京,cr-1,cr,ospf6_interface_enabled,"interface=""ens8""",1
2026-07-28 12:53:00,ccf-aiops-南京,cr-1,cr,ospf6_interface_enabled,"interface=""ens7""",1
2026-07-28 12:53:00,ccf-aiops-南京,cr-1,cr,ospf6_interface_enabled,"interface=""ens10""",1
2026-07-28 12:53:00,ccf-aiops-南京,cr-1,cr,ospf6_interface_enabled,"interface=""ens11""",1
2026-07-28 12:53:00,ccf-aiops-南京,cr-1,cr,ospf6_interface_enabled,"interface=""ens12""",1
2026-07-28 12:53:00,ccf-aiops-南京,cr-1,cr,ospf6_interface_enabled,"interface=""ens3""",1
2026-07-28 12:53:00,ccf-aiops-南京,cr-1,cr,ospf6_interface_enabled,"interface=""ens4""",1
2026-07-28 12:53:00,ccf-aiops-南京,cr-1,cr,ospf6_interface_enabled,"interface=""ens5""",1
2026-07-28 12:53:00,ccf-aiops-南京,cr-1,cr,ospf6_neighbor_state_code,"state=""Full"",interface=""ens5"",neighbor_id=""7.7.7.12""",6
2026-07-28 12:53:00,ccf-aiops-南京,cr-1,cr,ospf6_neighbor_state_code,"state=""Full"",interface=""ens4"",neighbor_id=""7.7.7.2""",6
2026-07-28 12:53:00,ccf-aiops-南京,cr-1,cr,ospf6_neighbor_state_code,"state=""Full"",interface=""ens4"",neighbor_id=""7.7.7.12""",6
2026-07-28 12:53:00,ccf-aiops-南京,cr-1,cr,ospf6_neighbor_state_code,"state=""Twoway"",interface=""ens4"",neighbor_id=""7.7.7.1""",2
2026-07-28 12:53:00,ccf-aiops-南京,cr-1,cr,bgp_command_success,,
2026-07-28 12:53:00,ccf-aiops-南京,cr-1,cr,bgp_peer_up,,
2026-07-28 12:53:00,ccf-aiops-南京,cr-1,cr,bgp_peer_uptime_seconds,,
2026-07-28 12:53:00,ccf-aiops-南京,cr-1,cr,bgp_peer_prefix_received,,
2026-07-28 12:53:00,ccf-aiops-南京,cr-1,cr,bgp_peer_prefix_sent,,
2026-07-28 12:53:00,ccf-aiops-南京,cr-1,cr,bgp_peer_count,,
2026-07-28 12:53:00,ccf-aiops-南京,cr-2,cr,ipv6_default_route_changed_total,,0
2026-07-28 12:53:00,ccf-aiops-南京,cr-2,cr,ipv6_default_route_info,"next_hop=""fd00:7:20::2"",dev=""ens4"",protocol=""196"",metric=""20"",route_index=""0"",nh_index=""1""",1
2026-07-28 12:53:00,ccf-aiops-南京,cr-2,cr,ipv6_default_route_info,"next_hop=""fd00:7:20::1"",dev=""ens4"",protocol=""196"",metric=""20"",route_index=""0"",nh_index=""0""",1
2026-07-28 12:53:00,ccf-aiops-南京,cr-2,cr,ipv6_route_change_total,"prefix=""fd00:8:40::/64""",3
2026-07-28 12:53:00,ccf-aiops-南京,cr-2,cr,ipv6_route_change_total,"prefix=""fd00:7:40::/64""",0
2026-07-28 12:53:00,ccf-aiops-南京,cr-2,cr,ipv6_route_change_total,"prefix=""fd00:6:40::/64""",3
2026-07-28 12:53:00,ccf-aiops-南京,cr-2,cr,ipv6_route_change_total,"prefix=""fd00:5:40::/64""",3
2026-07-28 12:53:00,ccf-aiops-南京,cr-2,cr,ipv6_route_change_total,"prefix=""fd00:4:40::/64""",3
2026-07-28 12:53:00,ccf-aiops-南京,cr-2,cr,ipv6_route_change_total,"prefix=""fd00:3:40::/64""",3
2026-07-28 12:53:00,ccf-aiops-南京,cr-2,cr,ipv6_route_change_total,"prefix=""fd00:2:40::/64""",3
2026-07-28 12:53:00,ccf-aiops-南京,cr-2,cr,ipv6_route_change_total,"prefix=""fd00:1:40::/64""",3
2026-07-28 12:53:00,ccf-aiops-南京,cr-2,cr,ipv6_route_change_total,"prefix=""::/0""",0
2026-07-28 12:53:00,ccf-aiops-南京,cr-2,cr,ipv6_route_count,"protocol=""196""",2
2026-07-28 12:53:00,ccf-aiops-南京,cr-2,cr,ipv6_route_count,"protocol=""ospf""",7
2026-07-28 12:53:00,ccf-aiops-南京,cr-2,cr,ipv6_route_count,"protocol=""kernel""",6
2026-07-28 12:53:00,ccf-aiops-南京,cr-2,cr,ipv6_route_count,"protocol=""all""",15
2026-07-28 12:53:00,ccf-aiops-南京,cr-2,cr,ipv6_route_exists,"prefix=""fd00:4:40::/64""",1
2026-07-28 12:53:00,ccf-aiops-南京,cr-2,cr,ipv6_route_exists,"prefix=""fd00:5:40::/64""",1
2026-07-28 12:53:00,ccf-aiops-南京,cr-2,cr,ipv6_route_exists,"prefix=""fd00:6:40::/64""",1
2026-07-28 12:53:00,ccf-aiops-南京,cr-2,cr,ipv6_route_exists,"prefix=""fd00:7:40::/64""",1
2026-07-28 12:53:00,ccf-aiops-南京,cr-2,cr,ipv6_route_exists,"prefix=""fd00:8:40::/64""",1
2026-07-28 12:53:00,ccf-aiops-南京,cr-2,cr,ipv6_route_exists,"prefix=""::/0""",1
2026-07-28 12:53:00,ccf-aiops-南京,cr-2,cr,ipv6_route_exists,"prefix=""fd00:1:40::/64""",1
2026-07-28 12:53:00,ccf-aiops-南京,cr-2,cr,ipv6_route_exists,"prefix=""fd00:2:40::/64""",1
2026-07-28 12:53:00,ccf-aiops-南京,cr-2,cr,ipv6_route_exists,"prefix=""fd00:3:40::/64""",1
2026-07-28 12:53:00,ccf-aiops-南京,cr-2,cr,ipv6_route_nexthop_info,"prefix=""fd00:7:40::/64"",next_hop=""fd00:7:30::254"",dev=""ens5"",protocol=""196"",metric=""20"",route_index=""0"",nh_index=""0""",1
2026-07-28 12:53:00,ccf-aiops-南京,cr-2,cr,ipv6_route_nexthop_info,"prefix=""::/0"",next_hop=""fd00:7:20::1"",dev=""ens4"",protocol=""196"",metric=""20"",route_index=""0"",nh_index=""0""",1
2026-07-28 12:53:00,ccf-aiops-南京,cr-2,cr,ipv6_route_nexthop_info,"prefix=""::/0"",next_hop=""fd00:7:20::2"",dev=""ens4"",protocol=""196"",metric=""20"",route_index=""0"",nh_index=""1""",1
2026-07-28 12:53:00,ccf-aiops-南京,cr-2,cr,ipv6_route_nexthop_info,"prefix=""fd00:1:40::/64"",next_hop=""fe80::7:20:1"",dev=""ens4"",protocol=""ospf"",metric=""20"",route_index=""0"",nh_index=""1""",1
2026-07-28 12:53:00,ccf-aiops-南京,cr-2,cr,ipv6_route_nexthop_info,"prefix=""fd00:2:40::/64"",next_hop=""fe80::7:20:1"",dev=""ens4"",protocol=""ospf"",metric=""20"",route_index=""0"",nh_index=""1""",1
2026-07-28 12:53:00,ccf-aiops-南京,cr-2,cr,ipv6_route_nexthop_info,"prefix=""fd00:3:40::/64"",next_hop=""fe80::7:20:1"",dev=""ens4"",protocol=""ospf"",metric=""20"",route_index=""0"",nh_index=""1""",1
2026-07-28 12:53:00,ccf-aiops-南京,cr-2,cr,ipv6_route_nexthop_info,"prefix=""fd00:4:40::/64"",next_hop=""fe80::7:20:1"",dev=""ens4"",protocol=""ospf"",metric=""20"",route_index=""0"",nh_index=""1""",1
2026-07-28 12:53:00,ccf-aiops-南京,cr-2,cr,ipv6_route_nexthop_info,"prefix=""fd00:5:40::/64"",next_hop=""fe80::7:20:1"",dev=""ens4"",protocol=""ospf"",metric=""20"",route_index=""0"",nh_index=""1""",1
2026-07-28 12:53:00,ccf-aiops-南京,cr-2,cr,ipv6_route_nexthop_info,"prefix=""fd00:6:40::/64"",next_hop=""fe80::7:20:1"",dev=""ens4"",protocol=""ospf"",metric=""20"",route_index=""0"",nh_index=""1""",1
2026-07-28 12:53:00,ccf-aiops-南京,cr-2,cr,ipv6_route_nexthop_info,"prefix=""fd00:8:40::/64"",next_hop=""fe80::7:20:1"",dev=""ens4"",protocol=""ospf"",metric=""20"",route_index=""0"",nh_index=""1""",1
2026-07-28 12:53:00,ccf-aiops-南京,cr-2,cr,ipv6_route_nexthop_info,"prefix=""fd00:1:40::/64"",next_hop=""fe80::7:20:2"",dev=""ens4"",protocol=""ospf"",metric=""20"",route_index=""0"",nh_index=""0""",1
2026-07-28 12:53:00,ccf-aiops-南京,cr-2,cr,ipv6_route_nexthop_info,"prefix=""fd00:2:40::/64"",next_hop=""fe80::7:20:2"",dev=""ens4"",protocol=""ospf"",metric=""20"",route_index=""0"",nh_index=""0""",1
2026-07-28 12:53:00,ccf-aiops-南京,cr-2,cr,ipv6_route_nexthop_info,"prefix=""fd00:3:40::/64"",next_hop=""fe80::7:20:2"",dev=""ens4"",protocol=""ospf"",metric=""20"",route_index=""0"",nh_index=""0""",1
2026-07-28 12:53:00,ccf-aiops-南京,cr-2,cr,ipv6_route_nexthop_info,"prefix=""fd00:4:40::/64"",next_hop=""fe80::7:20:2"",dev=""ens4"",protocol=""ospf"",metric=""20"",route_index=""0"",nh_index=""0""",1
2026-07-28 12:53:00,ccf-aiops-南京,cr-2,cr,ipv6_route_nexthop_info,"prefix=""fd00:5:40::/64"",next_hop=""fe80::7:20:2"",dev=""ens4"",protocol=""ospf"",metric=""20"",route_index=""0"",nh_index=""0""",1
2026-07-28 12:53:00,ccf-aiops-南京,cr-2,cr,ipv6_route_nexthop_info,"prefix=""fd00:6:40::/64"",next_hop=""fe80::7:20:2"",dev=""ens4"",protocol=""ospf"",metric=""20"",route_index=""0"",nh_index=""0""",1
2026-07-28 12:53:00,ccf-aiops-南京,cr-2,cr,ipv6_route_nexthop_info,"prefix=""fd00:8:40::/64"",next_hop=""fe80::7:20:2"",dev=""ens4"",protocol=""ospf"",metric=""20"",route_index=""0"",nh_index=""0""",1
2026-07-28 12:53:00,ccf-aiops-南京,cr-2,cr,ospf6_interface_cost,"interface=""ens5""",1
2026-07-28 12:53:00,ccf-aiops-南京,cr-2,cr,ospf6_interface_cost,"interface=""ens4""",1
2026-07-28 12:53:00,ccf-aiops-南京,cr-2,cr,ospf6_interface_enabled,"interface=""lo""",1
2026-07-28 12:53:00,ccf-aiops-南京,cr-2,cr,ospf6_interface_enabled,"interface=""ens9""",1
2026-07-28 12:53:00,ccf-aiops-南京,cr-2,cr,ospf6_interface_enabled,"interface=""ens10""",1
2026-07-28 12:53:00,ccf-aiops-南京,cr-2,cr,ospf6_interface_enabled,"interface=""ens11""",1
2026-07-28 12:53:00,ccf-aiops-南京,cr-2,cr,ospf6_interface_enabled,"interface=""ens12""",1
2026-07-28 12:53:00,ccf-aiops-南京,cr-2,cr,ospf6_interface_enabled,"interface=""ens3""",1
2026-07-28 12:53:00,ccf-aiops-南京,cr-2,cr,ospf6_interface_enabled,"interface=""ens4""",1
2026-07-28 12:53:00,ccf-aiops-南京,cr-2,cr,ospf6_interface_enabled,"interface=""ens5""",1
2026-07-28 12:53:00,ccf-aiops-南京,cr-2,cr,ospf6_interface_enabled,"interface=""ens6""",1
2026-07-28 12:53:00,ccf-aiops-南京,cr-2,cr,ospf6_interface_enabled,"interface=""ens7""",1
2026-07-28 12:53:00,ccf-aiops-南京,cr-2,cr,ospf6_interface_enabled,"interface=""ens8""",1
2026-07-28 12:53:00,ccf-aiops-南京,cr-2,cr,ospf6_interface_enabled,"interface=""virbr0""",0
2026-07-28 12:53:00,ccf-aiops-南京,cr-2,cr,ospf6_neighbor_state_code,"state=""Full"",interface=""ens4"",neighbor_id=""7.7.7.1""",6
2026-07-28 12:53:00,ccf-aiops-南京,cr-2,cr,ospf6_neighbor_state_code,"state=""Full"",interface=""ens4"",neighbor_id=""7.7.7.11""",6
2026-07-28 12:53:00,ccf-aiops-南京,cr-2,cr,ospf6_neighbor_state_code,"state=""Full"",interface=""ens4"",neighbor_id=""7.7.7.2""",6
2026-07-28 12:53:00,ccf-aiops-南京,cr-2,cr,ospf6_neighbor_state_code,"state=""Full"",interface=""ens5"",neighbor_id=""7.7.7.11""",6
2026-07-28 12:53:00,ccf-aiops-南京,cr-2,cr,bgp_command_success,,
2026-07-28 12:53:00,ccf-aiops-南京,cr-2,cr,bgp_peer_up,,
2026-07-28 12:53:00,ccf-aiops-南京,cr-2,cr,bgp_peer_uptime_seconds,,
2026-07-28 12:53:00,ccf-aiops-南京,cr-2,cr,bgp_peer_prefix_received,,
2026-07-28 12:53:00,ccf-aiops-南京,cr-2,cr,bgp_peer_prefix_sent,,
2026-07-28 12:53:00,ccf-aiops-南京,cr-2,cr,bgp_peer_count,,
2026-07-28 12:54:00,ccf-aiops-南京,br-1,br,bgp_command_success,"command=""bgp_summary""",1
2026-07-28 12:54:00,ccf-aiops-南京,br-1,br,bgp_peer_count,,2
2026-07-28 12:54:00,ccf-aiops-南京,br-1,br,bgp_peer_prefix_received,"peer=""fd00:100:10::41"",remote_as=""65005"",state=""Established""",7
2026-07-28 12:54:00,ccf-aiops-南京,br-1,br,bgp_peer_prefix_received,"peer=""fd00:100:10::51"",remote_as=""65006"",state=""Established""",7
2026-07-28 12:54:00,ccf-aiops-南京,br-1,br,bgp_peer_prefix_sent,"peer=""fd00:100:10::41"",remote_as=""65005"",state=""Established""",8
2026-07-28 12:54:00,ccf-aiops-南京,br-1,br,bgp_peer_prefix_sent,"peer=""fd00:100:10::51"",remote_as=""65006"",state=""Established""",8
2026-07-28 12:54:00,ccf-aiops-南京,br-1,br,bgp_peer_up,"peer=""fd00:100:10::41"",remote_as=""65005"",state=""Established""",1
2026-07-28 12:54:00,ccf-aiops-南京,br-1,br,bgp_peer_up,"peer=""fd00:100:10::51"",remote_as=""65006"",state=""Established""",1
2026-07-28 12:54:00,ccf-aiops-南京,br-1,br,bgp_peer_uptime_seconds,"peer=""fd00:100:10::41"",remote_as=""65005"",state=""Established""",2413786
2026-07-28 12:54:00,ccf-aiops-南京,br-1,br,bgp_peer_uptime_seconds,"peer=""fd00:100:10::51"",remote_as=""65006"",state=""Established""",2413786
2026-07-28 12:54:00,ccf-aiops-南京,br-1,br,ipv6_default_route_changed_total,,0
2026-07-28 12:54:00,ccf-aiops-南京,br-1,br,ipv6_default_route_info,"next_hop=""240a:a023::1"",dev=""ens4"",protocol=""unknown"",metric=""1024"",route_index=""0"",nh_index=""0""",1
2026-07-28 12:54:00,ccf-aiops-南京,br-1,br,ipv6_route_change_total,"prefix=""fd00:6:40::/64""",0
2026-07-28 12:54:00,ccf-aiops-南京,br-1,br,ipv6_route_change_total,"prefix=""::/0""",0
2026-07-28 12:54:00,ccf-aiops-南京,br-1,br,ipv6_route_change_total,"prefix=""fd00:1:40::/64""",0
2026-07-28 12:54:00,ccf-aiops-南京,br-1,br,ipv6_route_change_total,"prefix=""fd00:2:40::/64""",5
2026-07-28 12:54:00,ccf-aiops-南京,br-1,br,ipv6_route_change_total,"prefix=""fd00:3:40::/64""",0
2026-07-28 12:54:00,ccf-aiops-南京,br-1,br,ipv6_route_change_total,"prefix=""fd00:4:40::/64""",0
2026-07-28 12:54:00,ccf-aiops-南京,br-1,br,ipv6_route_change_total,"prefix=""fd00:5:40::/64""",0
2026-07-28 12:54:00,ccf-aiops-南京,br-1,br,ipv6_route_change_total,"prefix=""fd00:7:40::/64""",8
2026-07-28 12:54:00,ccf-aiops-南京,br-1,br,ipv6_route_change_total,"prefix=""fd00:8:40::/64""",0
2026-07-28 12:54:00,ccf-aiops-南京,br-1,br,ipv6_route_count,"protocol=""all""",17
2026-07-28 12:54:00,ccf-aiops-南京,br-1,br,ipv6_route_count,"protocol=""unknown""",1
2026-07-28 12:54:00,ccf-aiops-南京,br-1,br,ipv6_route_count,"protocol=""ospf""",2
2026-07-28 12:54:00,ccf-aiops-南京,br-1,br,ipv6_route_count,"protocol=""kernel""",7
2026-07-28 12:54:00,ccf-aiops-南京,br-1,br,ipv6_route_count,"protocol=""bgp""",7
2026-07-28 12:54:00,ccf-aiops-南京,br-1,br,ipv6_route_exists,"prefix=""fd00:3:40::/64""",1
2026-07-28 12:54:00,ccf-aiops-南京,br-1,br,ipv6_route_exists,"prefix=""fd00:2:40::/64""",1
2026-07-28 12:54:00,ccf-aiops-南京,br-1,br,ipv6_route_exists,"prefix=""fd00:1:40::/64""",1
2026-07-28 12:54:00,ccf-aiops-南京,br-1,br,ipv6_route_exists,"prefix=""fd00:5:40::/64""",1
2026-07-28 12:54:00,ccf-aiops-南京,br-1,br,ipv6_route_exists,"prefix=""fd00:6:40::/64""",1
2026-07-28 12:54:00,ccf-aiops-南京,br-1,br,ipv6_route_exists,"prefix=""fd00:7:40::/64""",1
2026-07-28 12:54:00,ccf-aiops-南京,br-1,br,ipv6_route_exists,"prefix=""fd00:8:40::/64""",1
2026-07-28 12:54:00,ccf-aiops-南京,br-1,br,ipv6_route_exists,"prefix=""fd00:4:40::/64""",1
2026-07-28 12:54:00,ccf-aiops-南京,br-1,br,ipv6_route_exists,"prefix=""::/0""",1
2026-07-28 12:54:00,ccf-aiops-南京,br-1,br,ipv6_route_nexthop_info,"prefix=""fd00:7:40::/64"",next_hop=""fe80::7:20:12"",dev=""ens5"",protocol=""ospf"",metric=""20"",route_index=""0"",nh_index=""0""",1
2026-07-28 12:54:00,ccf-aiops-南京,br-1,br,ipv6_route_nexthop_info,"prefix=""fd00:7:40::/64"",next_hop=""fe80::7:20:11"",dev=""ens5"",protocol=""ospf"",metric=""20"",route_index=""0"",nh_index=""1""",1
2026-07-28 12:54:00,ccf-aiops-南京,br-1,br,ipv6_route_nexthop_info,"prefix=""fd00:6:40::/64"",next_hop=""fe80::100:10:51"",dev=""ens4"",protocol=""bgp"",metric=""20"",route_index=""0"",nh_index=""0""",1
2026-07-28 12:54:00,ccf-aiops-南京,br-1,br,ipv6_route_nexthop_info,"prefix=""fd00:2:40::/64"",next_hop=""fe80::100:10:51"",dev=""ens4"",protocol=""bgp"",metric=""20"",route_index=""0"",nh_index=""0""",1
2026-07-28 12:54:00,ccf-aiops-南京,br-1,br,ipv6_route_nexthop_info,"prefix=""fd00:1:40::/64"",next_hop=""fe80::100:10:51"",dev=""ens4"",protocol=""bgp"",metric=""20"",route_index=""0"",nh_index=""0""",1
2026-07-28 12:54:00,ccf-aiops-南京,br-1,br,ipv6_route_nexthop_info,"prefix=""fd00:8:40::/64"",next_hop=""fe80::100:10:41"",dev=""ens4"",protocol=""bgp"",metric=""20"",route_index=""0"",nh_index=""0""",1
2026-07-28 12:54:00,ccf-aiops-南京,br-1,br,ipv6_route_nexthop_info,"prefix=""fd00:5:40::/64"",next_hop=""fe80::100:10:41"",dev=""ens4"",protocol=""bgp"",metric=""20"",route_index=""0"",nh_index=""0""",1
2026-07-28 12:54:00,ccf-aiops-南京,br-1,br,ipv6_route_nexthop_info,"prefix=""fd00:4:40::/64"",next_hop=""fe80::100:10:41"",dev=""ens4"",protocol=""bgp"",metric=""20"",route_index=""0"",nh_index=""0""",1
2026-07-28 12:54:00,ccf-aiops-南京,br-1,br,ipv6_route_nexthop_info,"prefix=""fd00:3:40::/64"",next_hop=""fe80::100:10:41"",dev=""ens4"",protocol=""bgp"",metric=""20"",route_index=""0"",nh_index=""0""",1
2026-07-28 12:54:00,ccf-aiops-南京,br-1,br,ipv6_route_nexthop_info,"prefix=""::/0"",next_hop=""240a:a023::1"",dev=""ens4"",protocol=""unknown"",metric=""1024"",route_index=""0"",nh_index=""0""",1
2026-07-28 12:54:00,ccf-aiops-南京,br-1,br,ospf6_interface_cost,"interface=""ens5""",1
2026-07-28 12:54:00,ccf-aiops-南京,br-1,br,ospf6_interface_enabled,"interface=""ens10""",1
2026-07-28 12:54:00,ccf-aiops-南京,br-1,br,ospf6_interface_enabled,"interface=""ens11""",1
2026-07-28 12:54:00,ccf-aiops-南京,br-1,br,ospf6_interface_enabled,"interface=""ens12""",1
2026-07-28 12:54:00,ccf-aiops-南京,br-1,br,ospf6_interface_enabled,"interface=""virbr0""",0
2026-07-28 12:54:00,ccf-aiops-南京,br-1,br,ospf6_interface_enabled,"interface=""lo""",1
2026-07-28 12:54:00,ccf-aiops-南京,br-1,br,ospf6_interface_enabled,"interface=""ens9""",1
2026-07-28 12:54:00,ccf-aiops-南京,br-1,br,ospf6_interface_enabled,"interface=""ens8""",1
2026-07-28 12:54:00,ccf-aiops-南京,br-1,br,ospf6_interface_enabled,"interface=""ens7""",1
2026-07-28 12:54:00,ccf-aiops-南京,br-1,br,ospf6_interface_enabled,"interface=""ens6""",1
2026-07-28 12:54:00,ccf-aiops-南京,br-1,br,ospf6_interface_enabled,"interface=""ens5""",1
2026-07-28 12:54:00,ccf-aiops-南京,br-1,br,ospf6_interface_enabled,"interface=""ens4""",1
2026-07-28 12:54:00,ccf-aiops-南京,br-1,br,ospf6_interface_enabled,"interface=""ens3""",1
2026-07-28 12:54:00,ccf-aiops-南京,br-1,br,ospf6_neighbor_state_code,"state=""Twoway"",interface=""ens5"",neighbor_id=""7.7.7.11""",2
2026-07-28 12:54:00,ccf-aiops-南京,br-1,br,ospf6_neighbor_state_code,"state=""Full"",interface=""ens5"",neighbor_id=""7.7.7.2""",6
2026-07-28 12:54:00,ccf-aiops-南京,br-1,br,ospf6_neighbor_state_code,"state=""Full"",interface=""ens5"",neighbor_id=""7.7.7.12""",6
2026-07-28 12:54:00,ccf-aiops-南京,br-2,br,bgp_command_success,"command=""bgp_summary""",1
2026-07-28 12:54:00,ccf-aiops-南京,br-2,br,bgp_peer_count,,2
2026-07-28 12:54:00,ccf-aiops-南京,br-2,br,bgp_peer_prefix_received,"peer=""fd00:100:10::42"",remote_as=""65005"",state=""Established""",7
2026-07-28 12:54:00,ccf-aiops-南京,br-2,br,bgp_peer_prefix_received,"peer=""fd00:100:10::52"",remote_as=""65006"",state=""Established""",7
2026-07-28 12:54:00,ccf-aiops-南京,br-2,br,bgp_peer_prefix_sent,"peer=""fd00:100:10::42"",remote_as=""65005"",state=""Established""",8
2026-07-28 12:54:00,ccf-aiops-南京,br-2,br,bgp_peer_prefix_sent,"peer=""fd00:100:10::52"",remote_as=""65006"",state=""Established""",8
2026-07-28 12:54:00,ccf-aiops-南京,br-2,br,bgp_peer_up,"peer=""fd00:100:10::42"",remote_as=""65005"",state=""Established""",1
2026-07-28 12:54:00,ccf-aiops-南京,br-2,br,bgp_peer_up,"peer=""fd00:100:10::52"",remote_as=""65006"",state=""Established""",1
2026-07-28 12:54:00,ccf-aiops-南京,br-2,br,bgp_peer_uptime_seconds,"peer=""fd00:100:10::42"",remote_as=""65005"",state=""Established""",2413768
2026-07-28 12:54:00,ccf-aiops-南京,br-2,br,bgp_peer_uptime_seconds,"peer=""fd00:100:10::52"",remote_as=""65006"",state=""Established""",2413768
2026-07-28 12:54:00,ccf-aiops-南京,br-2,br,ipv6_default_route_changed_total,,0
2026-07-28 12:54:00,ccf-aiops-南京,br-2,br,ipv6_default_route_info,"next_hop=""240a:a023::1"",dev=""ens4"",protocol=""unknown"",metric=""1024"",route_index=""0"",nh_index=""0""",1
2026-07-28 12:54:00,ccf-aiops-南京,br-2,br,ipv6_route_change_total,"prefix=""fd00:6:40::/64""",0
2026-07-28 12:54:00,ccf-aiops-南京,br-2,br,ipv6_route_change_total,"prefix=""fd00:7:40::/64""",10
2026-07-28 12:54:00,ccf-aiops-南京,br-2,br,ipv6_route_change_total,"prefix=""::/0""",0
2026-07-28 12:54:00,ccf-aiops-南京,br-2,br,ipv6_route_change_total,"prefix=""fd00:8:40::/64""",0
2026-07-28 12:54:00,ccf-aiops-南京,br-2,br,ipv6_route_change_total,"prefix=""fd00:1:40::/64""",0
2026-07-28 12:54:00,ccf-aiops-南京,br-2,br,ipv6_route_change_total,"prefix=""fd00:5:40::/64""",0
2026-07-28 12:54:00,ccf-aiops-南京,br-2,br,ipv6_route_change_total,"prefix=""fd00:4:40::/64""",0
2026-07-28 12:54:00,ccf-aiops-南京,br-2,br,ipv6_route_change_total,"prefix=""fd00:3:40::/64""",0
2026-07-28 12:54:00,ccf-aiops-南京,br-2,br,ipv6_route_change_total,"prefix=""fd00:2:40::/64""",3
2026-07-28 12:54:00,ccf-aiops-南京,br-2,br,ipv6_route_count,"protocol=""bgp""",7
2026-07-28 12:54:00,ccf-aiops-南京,br-2,br,ipv6_route_count,"protocol=""all""",17
2026-07-28 12:54:00,ccf-aiops-南京,br-2,br,ipv6_route_count,"protocol=""unknown""",1
2026-07-28 12:54:00,ccf-aiops-南京,br-2,br,ipv6_route_count,"protocol=""kernel""",7
2026-07-28 12:54:00,ccf-aiops-南京,br-2,br,ipv6_route_count,"protocol=""ospf""",2
2026-07-28 12:54:00,ccf-aiops-南京,br-2,br,ipv6_route_exists,"prefix=""fd00:4:40::/64""",1
2026-07-28 12:54:00,ccf-aiops-南京,br-2,br,ipv6_route_exists,"prefix=""fd00:3:40::/64""",1
2026-07-28 12:54:00,ccf-aiops-南京,br-2,br,ipv6_route_exists,"prefix=""fd00:2:40::/64""",1
2026-07-28 12:54:00,ccf-aiops-南京,br-2,br,ipv6_route_exists,"prefix=""fd00:1:40::/64""",1
2026-07-28 12:54:00,ccf-aiops-南京,br-2,br,ipv6_route_exists,"prefix=""::/0""",1
2026-07-28 12:54:00,ccf-aiops-南京,br-2,br,ipv6_route_exists,"prefix=""fd00:5:40::/64""",1
2026-07-28 12:54:00,ccf-aiops-南京,br-2,br,ipv6_route_exists,"prefix=""fd00:6:40::/64""",1
2026-07-28 12:54:00,ccf-aiops-南京,br-2,br,ipv6_route_exists,"prefix=""fd00:7:40::/64""",1
2026-07-28 12:54:00,ccf-aiops-南京,br-2,br,ipv6_route_exists,"prefix=""fd00:8:40::/64""",1
2026-07-28 12:54:00,ccf-aiops-南京,br-2,br,ipv6_route_nexthop_info,"prefix=""fd00:7:40::/64"",next_hop=""fe80::7:20:11"",dev=""ens5"",protocol=""ospf"",metric=""20"",route_index=""0"",nh_index=""1""",1
2026-07-28 12:54:00,ccf-aiops-南京,br-2,br,ipv6_route_nexthop_info,"prefix=""fd00:7:40::/64"",next_hop=""fe80::7:20:12"",dev=""ens5"",protocol=""ospf"",metric=""20"",route_index=""0"",nh_index=""0""",1
2026-07-28 12:54:00,ccf-aiops-南京,br-2,br,ipv6_route_nexthop_info,"prefix=""::/0"",next_hop=""240a:a023::1"",dev=""ens4"",protocol=""unknown"",metric=""1024"",route_index=""0"",nh_index=""0""",1
2026-07-28 12:54:00,ccf-aiops-南京,br-2,br,ipv6_route_nexthop_info,"prefix=""fd00:3:40::/64"",next_hop=""fe80::100:10:42"",dev=""ens4"",protocol=""bgp"",metric=""20"",route_index=""0"",nh_index=""0""",1
2026-07-28 12:54:00,ccf-aiops-南京,br-2,br,ipv6_route_nexthop_info,"prefix=""fd00:4:40::/64"",next_hop=""fe80::100:10:42"",dev=""ens4"",protocol=""bgp"",metric=""20"",route_index=""0"",nh_index=""0""",1
2026-07-28 12:54:00,ccf-aiops-南京,br-2,br,ipv6_route_nexthop_info,"prefix=""fd00:5:40::/64"",next_hop=""fe80::100:10:42"",dev=""ens4"",protocol=""bgp"",metric=""20"",route_index=""0"",nh_index=""0""",1
2026-07-28 12:54:00,ccf-aiops-南京,br-2,br,ipv6_route_nexthop_info,"prefix=""fd00:8:40::/64"",next_hop=""fe80::100:10:42"",dev=""ens4"",protocol=""bgp"",metric=""20"",route_index=""0"",nh_index=""0""",1
2026-07-28 12:54:00,ccf-aiops-南京,br-2,br,ipv6_route_nexthop_info,"prefix=""fd00:1:40::/64"",next_hop=""fe80::100:10:52"",dev=""ens4"",protocol=""bgp"",metric=""20"",route_index=""0"",nh_index=""0""",1
2026-07-28 12:54:00,ccf-aiops-南京,br-2,br,ipv6_route_nexthop_info,"prefix=""fd00:2:40::/64"",next_hop=""fe80::100:10:52"",dev=""ens4"",protocol=""bgp"",metric=""20"",route_index=""0"",nh_index=""0""",1
2026-07-28 12:54:00,ccf-aiops-南京,br-2,br,ipv6_route_nexthop_info,"prefix=""fd00:6:40::/64"",next_hop=""fe80::100:10:52"",dev=""ens4"",protocol=""bgp"",metric=""20"",route_index=""0"",nh_index=""0""",1
2026-07-28 12:54:00,ccf-aiops-南京,br-2,br,ospf6_interface_cost,"interface=""ens5""",1
2026-07-28 12:54:00,ccf-aiops-南京,br-2,br,ospf6_interface_enabled,"interface=""ens10""",1
2026-07-28 12:54:00,ccf-aiops-南京,br-2,br,ospf6_interface_enabled,"interface=""ens5""",1
2026-07-28 12:54:00,ccf-aiops-南京,br-2,br,ospf6_interface_enabled,"interface=""ens6""",1
2026-07-28 12:54:00,ccf-aiops-南京,br-2,br,ospf6_interface_enabled,"interface=""ens7""",1
2026-07-28 12:54:00,ccf-aiops-南京,br-2,br,ospf6_interface_enabled,"interface=""ens8""",1
2026-07-28 12:54:00,ccf-aiops-南京,br-2,br,ospf6_interface_enabled,"interface=""ens9""",1
2026-07-28 12:54:00,ccf-aiops-南京,br-2,br,ospf6_interface_enabled,"interface=""ens11""",1
2026-07-28 12:54:00,ccf-aiops-南京,br-2,br,ospf6_interface_enabled,"interface=""ens12""",1
2026-07-28 12:54:00,ccf-aiops-南京,br-2,br,ospf6_interface_enabled,"interface=""ens3""",1
2026-07-28 12:54:00,ccf-aiops-南京,br-2,br,ospf6_interface_enabled,"interface=""ens4""",1
2026-07-28 12:54:00,ccf-aiops-南京,br-2,br,ospf6_interface_enabled,"interface=""lo""",1
2026-07-28 12:54:00,ccf-aiops-南京,br-2,br,ospf6_interface_enabled,"interface=""virbr0""",0
2026-07-28 12:54:00,ccf-aiops-南京,br-2,br,ospf6_neighbor_state_code,"state=""Full"",interface=""ens5"",neighbor_id=""7.7.7.12""",6
2026-07-28 12:54:00,ccf-aiops-南京,br-2,br,ospf6_neighbor_state_code,"state=""Full"",interface=""ens5"",neighbor_id=""7.7.7.11""",6
2026-07-28 12:54:00,ccf-aiops-南京,br-2,br,ospf6_neighbor_state_code,"state=""Full"",interface=""ens5"",neighbor_id=""7.7.7.1""",6
2026-07-28 12:54:00,ccf-aiops-南京,cr-1,cr,ipv6_default_route_changed_total,,0
2026-07-28 12:54:00,ccf-aiops-南京,cr-1,cr,ipv6_default_route_info,"next_hop=""fd00:7:20::2"",dev=""ens4"",protocol=""196"",metric=""20"",route_index=""0"",nh_index=""1""",1
2026-07-28 12:54:00,ccf-aiops-南京,cr-1,cr,ipv6_default_route_info,"next_hop=""fd00:7:20::1"",dev=""ens4"",protocol=""196"",metric=""20"",route_index=""0"",nh_index=""0""",1
2026-07-28 12:54:00,ccf-aiops-南京,cr-1,cr,ipv6_route_change_total,"prefix=""::/0""",0
2026-07-28 12:54:00,ccf-aiops-南京,cr-1,cr,ipv6_route_change_total,"prefix=""fd00:1:40::/64""",5
2026-07-28 12:54:00,ccf-aiops-南京,cr-1,cr,ipv6_route_change_total,"prefix=""fd00:6:40::/64""",5
2026-07-28 12:54:00,ccf-aiops-南京,cr-1,cr,ipv6_route_change_total,"prefix=""fd00:5:40::/64""",5
2026-07-28 12:54:00,ccf-aiops-南京,cr-1,cr,ipv6_route_change_total,"prefix=""fd00:4:40::/64""",5
2026-07-28 12:54:00,ccf-aiops-南京,cr-1,cr,ipv6_route_change_total,"prefix=""fd00:3:40::/64""",0
2026-07-28 12:54:00,ccf-aiops-南京,cr-1,cr,ipv6_route_change_total,"prefix=""fd00:2:40::/64""",0
2026-07-28 12:54:00,ccf-aiops-南京,cr-1,cr,ipv6_route_change_total,"prefix=""fd00:7:40::/64""",0
2026-07-28 12:54:00,ccf-aiops-南京,cr-1,cr,ipv6_route_change_total,"prefix=""fd00:8:40::/64""",5
2026-07-28 12:54:00,ccf-aiops-南京,cr-1,cr,ipv6_route_count,"protocol=""all""",16
2026-07-28 12:54:00,ccf-aiops-南京,cr-1,cr,ipv6_route_count,"protocol=""196""",2
2026-07-28 12:54:00,ccf-aiops-南京,cr-1,cr,ipv6_route_count,"protocol=""ospf""",7
2026-07-28 12:54:00,ccf-aiops-南京,cr-1,cr,ipv6_route_count,"protocol=""kernel""",7
2026-07-28 12:54:00,ccf-aiops-南京,cr-1,cr,ipv6_route_exists,"prefix=""fd00:8:40::/64""",1
2026-07-28 12:54:00,ccf-aiops-南京,cr-1,cr,ipv6_route_exists,"prefix=""fd00:7:40::/64""",1
2026-07-28 12:54:00,ccf-aiops-南京,cr-1,cr,ipv6_route_exists,"prefix=""fd00:6:40::/64""",1
2026-07-28 12:54:00,ccf-aiops-南京,cr-1,cr,ipv6_route_exists,"prefix=""fd00:5:40::/64""",1
2026-07-28 12:54:00,ccf-aiops-南京,cr-1,cr,ipv6_route_exists,"prefix=""fd00:4:40::/64""",1
2026-07-28 12:54:00,ccf-aiops-南京,cr-1,cr,ipv6_route_exists,"prefix=""fd00:3:40::/64""",1
2026-07-28 12:54:00,ccf-aiops-南京,cr-1,cr,ipv6_route_exists,"prefix=""fd00:2:40::/64""",1
2026-07-28 12:54:00,ccf-aiops-南京,cr-1,cr,ipv6_route_exists,"prefix=""fd00:1:40::/64""",1
2026-07-28 12:54:00,ccf-aiops-南京,cr-1,cr,ipv6_route_exists,"prefix=""::/0""",1
2026-07-28 12:54:00,ccf-aiops-南京,cr-1,cr,ipv6_route_nexthop_info,"prefix=""fd00:7:40::/64"",next_hop=""fd00:7:30::254"",dev=""ens5"",protocol=""196"",metric=""20"",route_index=""0"",nh_index=""0""",1
2026-07-28 12:54:00,ccf-aiops-南京,cr-1,cr,ipv6_route_nexthop_info,"prefix=""fd00:5:40::/64"",next_hop=""fe80::7:20:1"",dev=""ens4"",protocol=""ospf"",metric=""20"",route_index=""0"",nh_index=""0""",1
2026-07-28 12:54:00,ccf-aiops-南京,cr-1,cr,ipv6_route_nexthop_info,"prefix=""fd00:8:40::/64"",next_hop=""fe80::7:20:2"",dev=""ens4"",protocol=""ospf"",metric=""20"",route_index=""0"",nh_index=""1""",1
2026-07-28 12:54:00,ccf-aiops-南京,cr-1,cr,ipv6_route_nexthop_info,"prefix=""fd00:5:40::/64"",next_hop=""fe80::7:20:2"",dev=""ens4"",protocol=""ospf"",metric=""20"",route_index=""0"",nh_index=""1""",1
2026-07-28 12:54:00,ccf-aiops-南京,cr-1,cr,ipv6_route_nexthop_info,"prefix=""fd00:2:40::/64"",next_hop=""fe80::7:20:1"",dev=""ens4"",protocol=""ospf"",metric=""20"",route_index=""0"",nh_index=""0""",1
2026-07-28 12:54:00,ccf-aiops-南京,cr-1,cr,ipv6_route_nexthop_info,"prefix=""fd00:3:40::/64"",next_hop=""fe80::7:20:1"",dev=""ens4"",protocol=""ospf"",metric=""20"",route_index=""0"",nh_index=""0""",1
2026-07-28 12:54:00,ccf-aiops-南京,cr-1,cr,ipv6_route_nexthop_info,"prefix=""fd00:4:40::/64"",next_hop=""fe80::7:20:1"",dev=""ens4"",protocol=""ospf"",metric=""20"",route_index=""0"",nh_index=""0""",1
2026-07-28 12:54:00,ccf-aiops-南京,cr-1,cr,ipv6_route_nexthop_info,"prefix=""fd00:1:40::/64"",next_hop=""fe80::7:20:1"",dev=""ens4"",protocol=""ospf"",metric=""20"",route_index=""0"",nh_index=""0""",1
2026-07-28 12:54:00,ccf-aiops-南京,cr-1,cr,ipv6_route_nexthop_info,"prefix=""::/0"",next_hop=""fd00:7:20::2"",dev=""ens4"",protocol=""196"",metric=""20"",route_index=""0"",nh_index=""1""",1
2026-07-28 12:54:00,ccf-aiops-南京,cr-1,cr,ipv6_route_nexthop_info,"prefix=""::/0"",next_hop=""fd00:7:20::1"",dev=""ens4"",protocol=""196"",metric=""20"",route_index=""0"",nh_index=""0""",1
2026-07-28 12:54:00,ccf-aiops-南京,cr-1,cr,ipv6_route_nexthop_info,"prefix=""fd00:6:40::/64"",next_hop=""fe80::7:20:2"",dev=""ens4"",protocol=""ospf"",metric=""20"",route_index=""0"",nh_index=""1""",1
2026-07-28 12:54:00,ccf-aiops-南京,cr-1,cr,ipv6_route_nexthop_info,"prefix=""fd00:6:40::/64"",next_hop=""fe80::7:20:1"",dev=""ens4"",protocol=""ospf"",metric=""20"",route_index=""0"",nh_index=""0""",1
2026-07-28 12:54:00,ccf-aiops-南京,cr-1,cr,ipv6_route_nexthop_info,"prefix=""fd00:8:40::/64"",next_hop=""fe80::7:20:1"",dev=""ens4"",protocol=""ospf"",metric=""20"",route_index=""0"",nh_index=""0""",1
2026-07-28 12:54:00,ccf-aiops-南京,cr-1,cr,ipv6_route_nexthop_info,"prefix=""fd00:1:40::/64"",next_hop=""fe80::7:20:2"",dev=""ens4"",protocol=""ospf"",metric=""20"",route_index=""0"",nh_index=""1""",1
2026-07-28 12:54:00,ccf-aiops-南京,cr-1,cr,ipv6_route_nexthop_info,"prefix=""fd00:2:40::/64"",next_hop=""fe80::7:20:2"",dev=""ens4"",protocol=""ospf"",metric=""20"",route_index=""0"",nh_index=""1""",1
2026-07-28 12:54:00,ccf-aiops-南京,cr-1,cr,ipv6_route_nexthop_info,"prefix=""fd00:3:40::/64"",next_hop=""fe80::7:20:2"",dev=""ens4"",protocol=""ospf"",metric=""20"",route_index=""0"",nh_index=""1""",1
2026-07-28 12:54:00,ccf-aiops-南京,cr-1,cr,ipv6_route_nexthop_info,"prefix=""fd00:4:40::/64"",next_hop=""fe80::7:20:2"",dev=""ens4"",protocol=""ospf"",metric=""20"",route_index=""0"",nh_index=""1""",1
2026-07-28 12:54:00,ccf-aiops-南京,cr-1,cr,ospf6_interface_cost,"interface=""ens5""",1
2026-07-28 12:54:00,ccf-aiops-南京,cr-1,cr,ospf6_interface_cost,"interface=""ens4""",1
2026-07-28 12:54:00,ccf-aiops-南京,cr-1,cr,ospf6_interface_enabled,"interface=""ens3""",1
2026-07-28 12:54:00,ccf-aiops-南京,cr-1,cr,ospf6_interface_enabled,"interface=""ens12""",1
2026-07-28 12:54:00,ccf-aiops-南京,cr-1,cr,ospf6_interface_enabled,"interface=""ens11""",1
2026-07-28 12:54:00,ccf-aiops-南京,cr-1,cr,ospf6_interface_enabled,"interface=""ens10""",1
2026-07-28 12:54:00,ccf-aiops-南京,cr-1,cr,ospf6_interface_enabled,"interface=""ens5""",1
2026-07-28 12:54:00,ccf-aiops-南京,cr-1,cr,ospf6_interface_enabled,"interface=""ens6""",1
2026-07-28 12:54:00,ccf-aiops-南京,cr-1,cr,ospf6_interface_enabled,"interface=""ens4""",1
2026-07-28 12:54:00,ccf-aiops-南京,cr-1,cr,ospf6_interface_enabled,"interface=""ens7""",1
2026-07-28 12:54:00,ccf-aiops-南京,cr-1,cr,ospf6_interface_enabled,"interface=""ens8""",1
2026-07-28 12:54:00,ccf-aiops-南京,cr-1,cr,ospf6_interface_enabled,"interface=""ens9""",1
2026-07-28 12:54:00,ccf-aiops-南京,cr-1,cr,ospf6_interface_enabled,"interface=""lo""",1
2026-07-28 12:54:00,ccf-aiops-南京,cr-1,cr,ospf6_interface_enabled,"interface=""virbr0""",0
2026-07-28 12:54:00,ccf-aiops-南京,cr-1,cr,ospf6_interface_enabled,"interface=""vxlan100""",1
2026-07-28 12:54:00,ccf-aiops-南京,cr-1,cr,ospf6_neighbor_state_code,"state=""Twoway"",interface=""ens4"",neighbor_id=""7.7.7.1""",2
2026-07-28 12:54:00,ccf-aiops-南京,cr-1,cr,ospf6_neighbor_state_code,"state=""Full"",interface=""ens4"",neighbor_id=""7.7.7.12""",6
2026-07-28 12:54:00,ccf-aiops-南京,cr-1,cr,ospf6_neighbor_state_code,"state=""Full"",interface=""ens4"",neighbor_id=""7.7.7.2""",6
2026-07-28 12:54:00,ccf-aiops-南京,cr-1,cr,ospf6_neighbor_state_code,"state=""Full"",interface=""ens5"",neighbor_id=""7.7.7.12""",6
2026-07-28 12:54:00,ccf-aiops-南京,cr-1,cr,bgp_command_success,,
2026-07-28 12:54:00,ccf-aiops-南京,cr-1,cr,bgp_peer_up,,
2026-07-28 12:54:00,ccf-aiops-南京,cr-1,cr,bgp_peer_uptime_seconds,,
2026-07-28 12:54:00,ccf-aiops-南京,cr-1,cr,bgp_peer_prefix_received,,
2026-07-28 12:54:00,ccf-aiops-南京,cr-1,cr,bgp_peer_prefix_sent,,
2026-07-28 12:54:00,ccf-aiops-南京,cr-1,cr,bgp_peer_count,,
2026-07-28 12:54:00,ccf-aiops-南京,cr-2,cr,ipv6_default_route_changed_total,,0
2026-07-28 12:54:00,ccf-aiops-南京,cr-2,cr,ipv6_default_route_info,"next_hop=""fd00:7:20::2"",dev=""ens4"",protocol=""196"",metric=""20"",route_index=""0"",nh_index=""1""",1
2026-07-28 12:54:00,ccf-aiops-南京,cr-2,cr,ipv6_default_route_info,"next_hop=""fd00:7:20::1"",dev=""ens4"",protocol=""196"",metric=""20"",route_index=""0"",nh_index=""0""",1
2026-07-28 12:54:00,ccf-aiops-南京,cr-2,cr,ipv6_route_change_total,"prefix=""fd00:5:40::/64""",3
2026-07-28 12:54:00,ccf-aiops-南京,cr-2,cr,ipv6_route_change_total,"prefix=""fd00:1:40::/64""",3
2026-07-28 12:54:00,ccf-aiops-南京,cr-2,cr,ipv6_route_change_total,"prefix=""fd00:6:40::/64""",3
2026-07-28 12:54:00,ccf-aiops-南京,cr-2,cr,ipv6_route_change_total,"prefix=""fd00:7:40::/64""",0
2026-07-28 12:54:00,ccf-aiops-南京,cr-2,cr,ipv6_route_change_total,"prefix=""fd00:4:40::/64""",3
2026-07-28 12:54:00,ccf-aiops-南京,cr-2,cr,ipv6_route_change_total,"prefix=""fd00:3:40::/64""",3
2026-07-28 12:54:00,ccf-aiops-南京,cr-2,cr,ipv6_route_change_total,"prefix=""fd00:2:40::/64""",3
2026-07-28 12:54:00,ccf-aiops-南京,cr-2,cr,ipv6_route_change_total,"prefix=""fd00:8:40::/64""",3
2026-07-28 12:54:00,ccf-aiops-南京,cr-2,cr,ipv6_route_change_total,"prefix=""::/0""",0
2026-07-28 12:54:00,ccf-aiops-南京,cr-2,cr,ipv6_route_count,"protocol=""ospf""",7
2026-07-28 12:54:00,ccf-aiops-南京,cr-2,cr,ipv6_route_count,"protocol=""kernel""",6
2026-07-28 12:54:00,ccf-aiops-南京,cr-2,cr,ipv6_route_count,"protocol=""all""",15
2026-07-28 12:54:00,ccf-aiops-南京,cr-2,cr,ipv6_route_count,"protocol=""196""",2
2026-07-28 12:54:00,ccf-aiops-南京,cr-2,cr,ipv6_route_exists,"prefix=""fd00:1:40::/64""",1
2026-07-28 12:54:00,ccf-aiops-南京,cr-2,cr,ipv6_route_exists,"prefix=""::/0""",1
2026-07-28 12:54:00,ccf-aiops-南京,cr-2,cr,ipv6_route_exists,"prefix=""fd00:2:40::/64""",1
2026-07-28 12:54:00,ccf-aiops-南京,cr-2,cr,ipv6_route_exists,"prefix=""fd00:3:40::/64""",1
2026-07-28 12:54:00,ccf-aiops-南京,cr-2,cr,ipv6_route_exists,"prefix=""fd00:4:40::/64""",1
2026-07-28 12:54:00,ccf-aiops-南京,cr-2,cr,ipv6_route_exists,"prefix=""fd00:5:40::/64""",1
2026-07-28 12:54:00,ccf-aiops-南京,cr-2,cr,ipv6_route_exists,"prefix=""fd00:6:40::/64""",1
2026-07-28 12:54:00,ccf-aiops-南京,cr-2,cr,ipv6_route_exists,"prefix=""fd00:7:40::/64""",1
2026-07-28 12:54:00,ccf-aiops-南京,cr-2,cr,ipv6_route_exists,"prefix=""fd00:8:40::/64""",1
2026-07-28 12:54:00,ccf-aiops-南京,cr-2,cr,ipv6_route_nexthop_info,"prefix=""::/0"",next_hop=""fd00:7:20::1"",dev=""ens4"",protocol=""196"",metric=""20"",route_index=""0"",nh_index=""0""",1
2026-07-28 12:54:00,ccf-aiops-南京,cr-2,cr,ipv6_route_nexthop_info,"prefix=""fd00:2:40::/64"",next_hop=""fe80::7:20:2"",dev=""ens4"",protocol=""ospf"",metric=""20"",route_index=""0"",nh_index=""0""",1
2026-07-28 12:54:00,ccf-aiops-南京,cr-2,cr,ipv6_route_nexthop_info,"prefix=""fd00:1:40::/64"",next_hop=""fe80::7:20:1"",dev=""ens4"",protocol=""ospf"",metric=""20"",route_index=""0"",nh_index=""1""",1
2026-07-28 12:54:00,ccf-aiops-南京,cr-2,cr,ipv6_route_nexthop_info,"prefix=""fd00:2:40::/64"",next_hop=""fe80::7:20:1"",dev=""ens4"",protocol=""ospf"",metric=""20"",route_index=""0"",nh_index=""1""",1
2026-07-28 12:54:00,ccf-aiops-南京,cr-2,cr,ipv6_route_nexthop_info,"prefix=""fd00:3:40::/64"",next_hop=""fe80::7:20:1"",dev=""ens4"",protocol=""ospf"",metric=""20"",route_index=""0"",nh_index=""1""",1
2026-07-28 12:54:00,ccf-aiops-南京,cr-2,cr,ipv6_route_nexthop_info,"prefix=""fd00:4:40::/64"",next_hop=""fe80::7:20:1"",dev=""ens4"",protocol=""ospf"",metric=""20"",route_index=""0"",nh_index=""1""",1
2026-07-28 12:54:00,ccf-aiops-南京,cr-2,cr,ipv6_route_nexthop_info,"prefix=""fd00:5:40::/64"",next_hop=""fe80::7:20:1"",dev=""ens4"",protocol=""ospf"",metric=""20"",route_index=""0"",nh_index=""1""",1
2026-07-28 12:54:00,ccf-aiops-南京,cr-2,cr,ipv6_route_nexthop_info,"prefix=""fd00:6:40::/64"",next_hop=""fe80::7:20:1"",dev=""ens4"",protocol=""ospf"",metric=""20"",route_index=""0"",nh_index=""1""",1
2026-07-28 12:54:00,ccf-aiops-南京,cr-2,cr,ipv6_route_nexthop_info,"prefix=""fd00:8:40::/64"",next_hop=""fe80::7:20:1"",dev=""ens4"",protocol=""ospf"",metric=""20"",route_index=""0"",nh_index=""1""",1
2026-07-28 12:54:00,ccf-aiops-南京,cr-2,cr,ipv6_route_nexthop_info,"prefix=""fd00:1:40::/64"",next_hop=""fe80::7:20:2"",dev=""ens4"",protocol=""ospf"",metric=""20"",route_index=""0"",nh_index=""0""",1
2026-07-28 12:54:00,ccf-aiops-南京,cr-2,cr,ipv6_route_nexthop_info,"prefix=""fd00:3:40::/64"",next_hop=""fe80::7:20:2"",dev=""ens4"",protocol=""ospf"",metric=""20"",route_index=""0"",nh_index=""0""",1
2026-07-28 12:54:00,ccf-aiops-南京,cr-2,cr,ipv6_route_nexthop_info,"prefix=""fd00:4:40::/64"",next_hop=""fe80::7:20:2"",dev=""ens4"",protocol=""ospf"",metric=""20"",route_index=""0"",nh_index=""0""",1
2026-07-28 12:54:00,ccf-aiops-南京,cr-2,cr,ipv6_route_nexthop_info,"prefix=""fd00:5:40::/64"",next_hop=""fe80::7:20:2"",dev=""ens4"",protocol=""ospf"",metric=""20"",route_index=""0"",nh_index=""0""",1
2026-07-28 12:54:00,ccf-aiops-南京,cr-2,cr,ipv6_route_nexthop_info,"prefix=""fd00:6:40::/64"",next_hop=""fe80::7:20:2"",dev=""ens4"",protocol=""ospf"",metric=""20"",route_index=""0"",nh_index=""0""",1
2026-07-28 12:54:00,ccf-aiops-南京,cr-2,cr,ipv6_route_nexthop_info,"prefix=""fd00:8:40::/64"",next_hop=""fe80::7:20:2"",dev=""ens4"",protocol=""ospf"",metric=""20"",route_index=""0"",nh_index=""0""",1
2026-07-28 12:54:00,ccf-aiops-南京,cr-2,cr,ipv6_route_nexthop_info,"prefix=""fd00:7:40::/64"",next_hop=""fd00:7:30::254"",dev=""ens5"",protocol=""196"",metric=""20"",route_index=""0"",nh_index=""0""",1
2026-07-28 12:54:00,ccf-aiops-南京,cr-2,cr,ipv6_route_nexthop_info,"prefix=""::/0"",next_hop=""fd00:7:20::2"",dev=""ens4"",protocol=""196"",metric=""20"",route_index=""0"",nh_index=""1""",1
2026-07-28 12:54:00,ccf-aiops-南京,cr-2,cr,ospf6_interface_cost,"interface=""ens4""",1
2026-07-28 12:54:00,ccf-aiops-南京,cr-2,cr,ospf6_interface_cost,"interface=""ens5""",1
2026-07-28 12:54:00,ccf-aiops-南京,cr-2,cr,ospf6_interface_enabled,"interface=""ens12""",1
2026-07-28 12:54:00,ccf-aiops-南京,cr-2,cr,ospf6_interface_enabled,"interface=""lo""",1
2026-07-28 12:54:00,ccf-aiops-南京,cr-2,cr,ospf6_interface_enabled,"interface=""virbr0""",0
2026-07-28 12:54:00,ccf-aiops-南京,cr-2,cr,ospf6_interface_enabled,"interface=""ens11""",1
2026-07-28 12:54:00,ccf-aiops-南京,cr-2,cr,ospf6_interface_enabled,"interface=""ens10""",1
2026-07-28 12:54:00,ccf-aiops-南京,cr-2,cr,ospf6_interface_enabled,"interface=""ens3""",1
2026-07-28 12:54:00,ccf-aiops-南京,cr-2,cr,ospf6_interface_enabled,"interface=""ens4""",1
2026-07-28 12:54:00,ccf-aiops-南京,cr-2,cr,ospf6_interface_enabled,"interface=""ens5""",1
2026-07-28 12:54:00,ccf-aiops-南京,cr-2,cr,ospf6_interface_enabled,"interface=""ens6""",1
2026-07-28 12:54:00,ccf-aiops-南京,cr-2,cr,ospf6_interface_enabled,"interface=""ens7""",1
2026-07-28 12:54:00,ccf-aiops-南京,cr-2,cr,ospf6_interface_enabled,"interface=""ens8""",1
2026-07-28 12:54:00,ccf-aiops-南京,cr-2,cr,ospf6_interface_enabled,"interface=""ens9""",1
2026-07-28 12:54:00,ccf-aiops-南京,cr-2,cr,ospf6_neighbor_state_code,"state=""Full"",interface=""ens4"",neighbor_id=""7.7.7.1""",6
2026-07-28 12:54:00,ccf-aiops-南京,cr-2,cr,ospf6_neighbor_state_code,"state=""Full"",interface=""ens4"",neighbor_id=""7.7.7.11""",6
2026-07-28 12:54:00,ccf-aiops-南京,cr-2,cr,ospf6_neighbor_state_code,"state=""Full"",interface=""ens4"",neighbor_id=""7.7.7.2""",6
2026-07-28 12:54:00,ccf-aiops-南京,cr-2,cr,ospf6_neighbor_state_code,"state=""Full"",interface=""ens5"",neighbor_id=""7.7.7.11""",6
2026-07-28 12:54:00,ccf-aiops-南京,cr-2,cr,bgp_command_success,,
2026-07-28 12:54:00,ccf-aiops-南京,cr-2,cr,bgp_peer_up,,
2026-07-28 12:54:00,ccf-aiops-南京,cr-2,cr,bgp_peer_uptime_seconds,,
2026-07-28 12:54:00,ccf-aiops-南京,cr-2,cr,bgp_peer_prefix_received,,
2026-07-28 12:54:00,ccf-aiops-南京,cr-2,cr,bgp_peer_prefix_sent,,
2026-07-28 12:54:00,ccf-aiops-南京,cr-2,cr,bgp_peer_count,,
2026-07-28 12:55:00,ccf-aiops-南京,br-1,br,bgp_command_success,"command=""bgp_summary""",1
2026-07-28 12:55:00,ccf-aiops-南京,br-1,br,bgp_peer_count,,2
2026-07-28 12:55:00,ccf-aiops-南京,br-1,br,bgp_peer_prefix_received,"peer=""fd00:100:10::51"",remote_as=""65006"",state=""Established""",7
2026-07-28 12:55:00,ccf-aiops-南京,br-1,br,bgp_peer_prefix_received,"peer=""fd00:100:10::41"",remote_as=""65005"",state=""Established""",7
2026-07-28 12:55:00,ccf-aiops-南京,br-1,br,bgp_peer_prefix_sent,"peer=""fd00:100:10::41"",remote_as=""65005"",state=""Established""",8
2026-07-28 12:55:00,ccf-aiops-南京,br-1,br,bgp_peer_prefix_sent,"peer=""fd00:100:10::51"",remote_as=""65006"",state=""Established""",8
2026-07-28 12:55:00,ccf-aiops-南京,br-1,br,bgp_peer_up,"peer=""fd00:100:10::41"",remote_as=""65005"",state=""Established""",1
2026-07-28 12:55:00,ccf-aiops-南京,br-1,br,bgp_peer_up,"peer=""fd00:100:10::51"",remote_as=""65006"",state=""Established""",1
2026-07-28 12:55:00,ccf-aiops-南京,br-1,br,bgp_peer_uptime_seconds,"peer=""fd00:100:10::41"",remote_as=""65005"",state=""Established""",2413847
2026-07-28 12:55:00,ccf-aiops-南京,br-1,br,bgp_peer_uptime_seconds,"peer=""fd00:100:10::51"",remote_as=""65006"",state=""Established""",2413847
2026-07-28 12:55:00,ccf-aiops-南京,br-1,br,ipv6_default_route_changed_total,,0
2026-07-28 12:55:00,ccf-aiops-南京,br-1,br,ipv6_default_route_info,"next_hop=""240a:a023::1"",dev=""ens4"",protocol=""unknown"",metric=""1024"",route_index=""0"",nh_index=""0""",1
2026-07-28 12:55:00,ccf-aiops-南京,br-1,br,ipv6_route_change_total,"prefix=""fd00:6:40::/64""",0
2026-07-28 12:55:00,ccf-aiops-南京,br-1,br,ipv6_route_change_total,"prefix=""::/0""",0
2026-07-28 12:55:00,ccf-aiops-南京,br-1,br,ipv6_route_change_total,"prefix=""fd00:1:40::/64""",0
2026-07-28 12:55:00,ccf-aiops-南京,br-1,br,ipv6_route_change_total,"prefix=""fd00:2:40::/64""",5
2026-07-28 12:55:00,ccf-aiops-南京,br-1,br,ipv6_route_change_total,"prefix=""fd00:3:40::/64""",0
2026-07-28 12:55:00,ccf-aiops-南京,br-1,br,ipv6_route_change_total,"prefix=""fd00:4:40::/64""",0
2026-07-28 12:55:00,ccf-aiops-南京,br-1,br,ipv6_route_change_total,"prefix=""fd00:5:40::/64""",0
2026-07-28 12:55:00,ccf-aiops-南京,br-1,br,ipv6_route_change_total,"prefix=""fd00:7:40::/64""",8
2026-07-28 12:55:00,ccf-aiops-南京,br-1,br,ipv6_route_change_total,"prefix=""fd00:8:40::/64""",0
2026-07-28 12:55:00,ccf-aiops-南京,br-1,br,ipv6_route_count,"protocol=""ospf""",2
2026-07-28 12:55:00,ccf-aiops-南京,br-1,br,ipv6_route_count,"protocol=""all""",17
2026-07-28 12:55:00,ccf-aiops-南京,br-1,br,ipv6_route_count,"protocol=""unknown""",1
2026-07-28 12:55:00,ccf-aiops-南京,br-1,br,ipv6_route_count,"protocol=""kernel""",7
2026-07-28 12:55:00,ccf-aiops-南京,br-1,br,ipv6_route_count,"protocol=""bgp""",7
2026-07-28 12:55:00,ccf-aiops-南京,br-1,br,ipv6_route_exists,"prefix=""::/0""",1
2026-07-28 12:55:00,ccf-aiops-南京,br-1,br,ipv6_route_exists,"prefix=""fd00:1:40::/64""",1
2026-07-28 12:55:00,ccf-aiops-南京,br-1,br,ipv6_route_exists,"prefix=""fd00:2:40::/64""",1
2026-07-28 12:55:00,ccf-aiops-南京,br-1,br,ipv6_route_exists,"prefix=""fd00:3:40::/64""",1
2026-07-28 12:55:00,ccf-aiops-南京,br-1,br,ipv6_route_exists,"prefix=""fd00:4:40::/64""",1
2026-07-28 12:55:00,ccf-aiops-南京,br-1,br,ipv6_route_exists,"prefix=""fd00:5:40::/64""",1
2026-07-28 12:55:00,ccf-aiops-南京,br-1,br,ipv6_route_exists,"prefix=""fd00:6:40::/64""",1
2026-07-28 12:55:00,ccf-aiops-南京,br-1,br,ipv6_route_exists,"prefix=""fd00:8:40::/64""",1
2026-07-28 12:55:00,ccf-aiops-南京,br-1,br,ipv6_route_exists,"prefix=""fd00:7:40::/64""",1
2026-07-28 12:55:00,ccf-aiops-南京,br-1,br,ipv6_route_nexthop_info,"prefix=""fd00:7:40::/64"",next_hop=""fe80::7:20:12"",dev=""ens5"",protocol=""ospf"",metric=""20"",route_index=""0"",nh_index=""0""",1
2026-07-28 12:55:00,ccf-aiops-南京,br-1,br,ipv6_route_nexthop_info,"prefix=""fd00:7:40::/64"",next_hop=""fe80::7:20:11"",dev=""ens5"",protocol=""ospf"",metric=""20"",route_index=""0"",nh_index=""1""",1
2026-07-28 12:55:00,ccf-aiops-南京,br-1,br,ipv6_route_nexthop_info,"prefix=""fd00:6:40::/64"",next_hop=""fe80::100:10:51"",dev=""ens4"",protocol=""bgp"",metric=""20"",route_index=""0"",nh_index=""0""",1
2026-07-28 12:55:00,ccf-aiops-南京,br-1,br,ipv6_route_nexthop_info,"prefix=""fd00:2:40::/64"",next_hop=""fe80::100:10:51"",dev=""ens4"",protocol=""bgp"",metric=""20"",route_index=""0"",nh_index=""0""",1
2026-07-28 12:55:00,ccf-aiops-南京,br-1,br,ipv6_route_nexthop_info,"prefix=""fd00:1:40::/64"",next_hop=""fe80::100:10:51"",dev=""ens4"",protocol=""bgp"",metric=""20"",route_index=""0"",nh_index=""0""",1
2026-07-28 12:55:00,ccf-aiops-南京,br-1,br,ipv6_route_nexthop_info,"prefix=""fd00:8:40::/64"",next_hop=""fe80::100:10:41"",dev=""ens4"",protocol=""bgp"",metric=""20"",route_index=""0"",nh_index=""0""",1
2026-07-28 12:55:00,ccf-aiops-南京,br-1,br,ipv6_route_nexthop_info,"prefix=""::/0"",next_hop=""240a:a023::1"",dev=""ens4"",protocol=""unknown"",metric=""1024"",route_index=""0"",nh_index=""0""",1
2026-07-28 12:55:00,ccf-aiops-南京,br-1,br,ipv6_route_nexthop_info,"prefix=""fd00:3:40::/64"",next_hop=""fe80::100:10:41"",dev=""ens4"",protocol=""bgp"",metric=""20"",route_index=""0"",nh_index=""0""",1
2026-07-28 12:55:00,ccf-aiops-南京,br-1,br,ipv6_route_nexthop_info,"prefix=""fd00:4:40::/64"",next_hop=""fe80::100:10:41"",dev=""ens4"",protocol=""bgp"",metric=""20"",route_index=""0"",nh_index=""0""",1
2026-07-28 12:55:00,ccf-aiops-南京,br-1,br,ipv6_route_nexthop_info,"prefix=""fd00:5:40::/64"",next_hop=""fe80::100:10:41"",dev=""ens4"",protocol=""bgp"",metric=""20"",route_index=""0"",nh_index=""0""",1
2026-07-28 12:55:00,ccf-aiops-南京,br-1,br,ospf6_interface_cost,"interface=""ens5""",1
2026-07-28 12:55:00,ccf-aiops-南京,br-1,br,ospf6_interface_enabled,"interface=""ens4""",1
2026-07-28 12:55:00,ccf-aiops-南京,br-1,br,ospf6_interface_enabled,"interface=""ens5""",1
2026-07-28 12:55:00,ccf-aiops-南京,br-1,br,ospf6_interface_enabled,"interface=""ens6""",1
2026-07-28 12:55:00,ccf-aiops-南京,br-1,br,ospf6_interface_enabled,"interface=""ens7""",1
2026-07-28 12:55:00,ccf-aiops-南京,br-1,br,ospf6_interface_enabled,"interface=""ens8""",1
2026-07-28 12:55:00,ccf-aiops-南京,br-1,br,ospf6_interface_enabled,"interface=""ens9""",1
2026-07-28 12:55:00,ccf-aiops-南京,br-1,br,ospf6_interface_enabled,"interface=""ens10""",1
2026-07-28 12:55:00,ccf-aiops-南京,br-1,br,ospf6_interface_enabled,"interface=""ens11""",1
2026-07-28 12:55:00,ccf-aiops-南京,br-1,br,ospf6_interface_enabled,"interface=""ens12""",1
2026-07-28 12:55:00,ccf-aiops-南京,br-1,br,ospf6_interface_enabled,"interface=""ens3""",1
2026-07-28 12:55:00,ccf-aiops-南京,br-1,br,ospf6_interface_enabled,"interface=""virbr0""",0
2026-07-28 12:55:00,ccf-aiops-南京,br-1,br,ospf6_interface_enabled,"interface=""lo""",1
2026-07-28 12:55:00,ccf-aiops-南京,br-1,br,ospf6_neighbor_state_code,"state=""Twoway"",interface=""ens5"",neighbor_id=""7.7.7.11""",2
2026-07-28 12:55:00,ccf-aiops-南京,br-1,br,ospf6_neighbor_state_code,"state=""Full"",interface=""ens5"",neighbor_id=""7.7.7.12""",6
2026-07-28 12:55:00,ccf-aiops-南京,br-1,br,ospf6_neighbor_state_code,"state=""Full"",interface=""ens5"",neighbor_id=""7.7.7.2""",6
2026-07-28 12:55:00,ccf-aiops-南京,br-2,br,bgp_command_success,"command=""bgp_summary""",1
2026-07-28 12:55:00,ccf-aiops-南京,br-2,br,bgp_peer_count,,2
2026-07-28 12:55:00,ccf-aiops-南京,br-2,br,bgp_peer_prefix_received,"peer=""fd00:100:10::52"",remote_as=""65006"",state=""Established""",7
2026-07-28 12:55:00,ccf-aiops-南京,br-2,br,bgp_peer_prefix_received,"peer=""fd00:100:10::42"",remote_as=""65005"",state=""Established""",7
2026-07-28 12:55:00,ccf-aiops-南京,br-2,br,bgp_peer_prefix_sent,"peer=""fd00:100:10::42"",remote_as=""65005"",state=""Established""",8
2026-07-28 12:55:00,ccf-aiops-南京,br-2,br,bgp_peer_prefix_sent,"peer=""fd00:100:10::52"",remote_as=""65006"",state=""Established""",8
2026-07-28 12:55:00,ccf-aiops-南京,br-2,br,bgp_peer_up,"peer=""fd00:100:10::52"",remote_as=""65006"",state=""Established""",1
2026-07-28 12:55:00,ccf-aiops-南京,br-2,br,bgp_peer_up,"peer=""fd00:100:10::42"",remote_as=""65005"",state=""Established""",1
2026-07-28 12:55:00,ccf-aiops-南京,br-2,br,bgp_peer_uptime_seconds,"peer=""fd00:100:10::52"",remote_as=""65006"",state=""Established""",2413829
2026-07-28 12:55:00,ccf-aiops-南京,br-2,br,bgp_peer_uptime_seconds,"peer=""fd00:100:10::42"",remote_as=""65005"",state=""Established""",2413829
2026-07-28 12:55:00,ccf-aiops-南京,br-2,br,ipv6_default_route_changed_total,,0
2026-07-28 12:55:00,ccf-aiops-南京,br-2,br,ipv6_default_route_info,"next_hop=""240a:a023::1"",dev=""ens4"",protocol=""unknown"",metric=""1024"",route_index=""0"",nh_index=""0""",1
2026-07-28 12:55:00,ccf-aiops-南京,br-2,br,ipv6_route_change_total,"prefix=""::/0""",0
2026-07-28 12:55:00,ccf-aiops-南京,br-2,br,ipv6_route_change_total,"prefix=""fd00:1:40::/64""",0
2026-07-28 12:55:00,ccf-aiops-南京,br-2,br,ipv6_route_change_total,"prefix=""fd00:2:40::/64""",3
2026-07-28 12:55:00,ccf-aiops-南京,br-2,br,ipv6_route_change_total,"prefix=""fd00:7:40::/64""",10
2026-07-28 12:55:00,ccf-aiops-南京,br-2,br,ipv6_route_change_total,"prefix=""fd00:3:40::/64""",0
2026-07-28 12:55:00,ccf-aiops-南京,br-2,br,ipv6_route_change_total,"prefix=""fd00:4:40::/64""",0
2026-07-28 12:55:00,ccf-aiops-南京,br-2,br,ipv6_route_change_total,"prefix=""fd00:6:40::/64""",0
2026-07-28 12:55:00,ccf-aiops-南京,br-2,br,ipv6_route_change_total,"prefix=""fd00:8:40::/64""",0
2026-07-28 12:55:00,ccf-aiops-南京,br-2,br,ipv6_route_change_total,"prefix=""fd00:5:40::/64""",0
2026-07-28 12:55:00,ccf-aiops-南京,br-2,br,ipv6_route_count,"protocol=""unknown""",1
2026-07-28 12:55:00,ccf-aiops-南京,br-2,br,ipv6_route_count,"protocol=""ospf""",2
2026-07-28 12:55:00,ccf-aiops-南京,br-2,br,ipv6_route_count,"protocol=""kernel""",7
2026-07-28 12:55:00,ccf-aiops-南京,br-2,br,ipv6_route_count,"protocol=""bgp""",7
2026-07-28 12:55:00,ccf-aiops-南京,br-2,br,ipv6_route_count,"protocol=""all""",17
2026-07-28 12:55:00,ccf-aiops-南京,br-2,br,ipv6_route_exists,"prefix=""fd00:8:40::/64""",1
2026-07-28 12:55:00,ccf-aiops-南京,br-2,br,ipv6_route_exists,"prefix=""fd00:7:40::/64""",1
2026-07-28 12:55:00,ccf-aiops-南京,br-2,br,ipv6_route_exists,"prefix=""fd00:6:40::/64""",1
2026-07-28 12:55:00,ccf-aiops-南京,br-2,br,ipv6_route_exists,"prefix=""fd00:5:40::/64""",1
2026-07-28 12:55:00,ccf-aiops-南京,br-2,br,ipv6_route_exists,"prefix=""fd00:4:40::/64""",1
2026-07-28 12:55:00,ccf-aiops-南京,br-2,br,ipv6_route_exists,"prefix=""fd00:3:40::/64""",1
2026-07-28 12:55:00,ccf-aiops-南京,br-2,br,ipv6_route_exists,"prefix=""fd00:2:40::/64""",1
2026-07-28 12:55:00,ccf-aiops-南京,br-2,br,ipv6_route_exists,"prefix=""fd00:1:40::/64""",1
2026-07-28 12:55:00,ccf-aiops-南京,br-2,br,ipv6_route_exists,"prefix=""::/0""",1
2026-07-28 12:55:00,ccf-aiops-南京,br-2,br,ipv6_route_nexthop_info,"prefix=""fd00:8:40::/64"",next_hop=""fe80::100:10:42"",dev=""ens4"",protocol=""bgp"",metric=""20"",route_index=""0"",nh_index=""0""",1
2026-07-28 12:55:00,ccf-aiops-南京,br-2,br,ipv6_route_nexthop_info,"prefix=""fd00:5:40::/64"",next_hop=""fe80::100:10:42"",dev=""ens4"",protocol=""bgp"",metric=""20"",route_index=""0"",nh_index=""0""",1
2026-07-28 12:55:00,ccf-aiops-南京,br-2,br,ipv6_route_nexthop_info,"prefix=""fd00:4:40::/64"",next_hop=""fe80::100:10:42"",dev=""ens4"",protocol=""bgp"",metric=""20"",route_index=""0"",nh_index=""0""",1
2026-07-28 12:55:00,ccf-aiops-南京,br-2,br,ipv6_route_nexthop_info,"prefix=""fd00:3:40::/64"",next_hop=""fe80::100:10:42"",dev=""ens4"",protocol=""bgp"",metric=""20"",route_index=""0"",nh_index=""0""",1
2026-07-28 12:55:00,ccf-aiops-南京,br-2,br,ipv6_route_nexthop_info,"prefix=""::/0"",next_hop=""240a:a023::1"",dev=""ens4"",protocol=""unknown"",metric=""1024"",route_index=""0"",nh_index=""0""",1
2026-07-28 12:55:00,ccf-aiops-南京,br-2,br,ipv6_route_nexthop_info,"prefix=""fd00:1:40::/64"",next_hop=""fe80::100:10:52"",dev=""ens4"",protocol=""bgp"",metric=""20"",route_index=""0"",nh_index=""0""",1
2026-07-28 12:55:00,ccf-aiops-南京,br-2,br,ipv6_route_nexthop_info,"prefix=""fd00:7:40::/64"",next_hop=""fe80::7:20:12"",dev=""ens5"",protocol=""ospf"",metric=""20"",route_index=""0"",nh_index=""0""",1
2026-07-28 12:55:00,ccf-aiops-南京,br-2,br,ipv6_route_nexthop_info,"prefix=""fd00:7:40::/64"",next_hop=""fe80::7:20:11"",dev=""ens5"",protocol=""ospf"",metric=""20"",route_index=""0"",nh_index=""1""",1
2026-07-28 12:55:00,ccf-aiops-南京,br-2,br,ipv6_route_nexthop_info,"prefix=""fd00:6:40::/64"",next_hop=""fe80::100:10:52"",dev=""ens4"",protocol=""bgp"",metric=""20"",route_index=""0"",nh_index=""0""",1
2026-07-28 12:55:00,ccf-aiops-南京,br-2,br,ipv6_route_nexthop_info,"prefix=""fd00:2:40::/64"",next_hop=""fe80::100:10:52"",dev=""ens4"",protocol=""bgp"",metric=""20"",route_index=""0"",nh_index=""0""",1
2026-07-28 12:55:00,ccf-aiops-南京,br-2,br,ospf6_interface_cost,"interface=""ens5""",1
2026-07-28 12:55:00,ccf-aiops-南京,br-2,br,ospf6_interface_enabled,"interface=""ens5""",1
2026-07-28 12:55:00,ccf-aiops-南京,br-2,br,ospf6_interface_enabled,"interface=""virbr0""",0
2026-07-28 12:55:00,ccf-aiops-南京,br-2,br,ospf6_interface_enabled,"interface=""lo""",1
2026-07-28 12:55:00,ccf-aiops-南京,br-2,br,ospf6_interface_enabled,"interface=""ens10""",1
2026-07-28 12:55:00,ccf-aiops-南京,br-2,br,ospf6_interface_enabled,"interface=""ens11""",1
2026-07-28 12:55:00,ccf-aiops-南京,br-2,br,ospf6_interface_enabled,"interface=""ens9""",1
2026-07-28 12:55:00,ccf-aiops-南京,br-2,br,ospf6_interface_enabled,"interface=""ens8""",1
2026-07-28 12:55:00,ccf-aiops-南京,br-2,br,ospf6_interface_enabled,"interface=""ens7""",1
2026-07-28 12:55:00,ccf-aiops-南京,br-2,br,ospf6_interface_enabled,"interface=""ens6""",1
2026-07-28 12:55:00,ccf-aiops-南京,br-2,br,ospf6_interface_enabled,"interface=""ens12""",1
2026-07-28 12:55:00,ccf-aiops-南京,br-2,br,ospf6_interface_enabled,"interface=""ens3""",1
2026-07-28 12:55:00,ccf-aiops-南京,br-2,br,ospf6_interface_enabled,"interface=""ens4""",1
2026-07-28 12:55:00,ccf-aiops-南京,br-2,br,ospf6_neighbor_state_code,"state=""Full"",interface=""ens5"",neighbor_id=""7.7.7.12""",6
2026-07-28 12:55:00,ccf-aiops-南京,br-2,br,ospf6_neighbor_state_code,"state=""Full"",interface=""ens5"",neighbor_id=""7.7.7.1""",6
2026-07-28 12:55:00,ccf-aiops-南京,br-2,br,ospf6_neighbor_state_code,"state=""Full"",interface=""ens5"",neighbor_id=""7.7.7.11""",6
2026-07-28 12:55:00,ccf-aiops-南京,cr-1,cr,ipv6_default_route_changed_total,,0
2026-07-28 12:55:00,ccf-aiops-南京,cr-1,cr,ipv6_default_route_info,"next_hop=""fd00:7:20::2"",dev=""ens4"",protocol=""196"",metric=""20"",route_index=""0"",nh_index=""1""",1
2026-07-28 12:55:00,ccf-aiops-南京,cr-1,cr,ipv6_default_route_info,"next_hop=""fd00:7:20::1"",dev=""ens4"",protocol=""196"",metric=""20"",route_index=""0"",nh_index=""0""",1
2026-07-28 12:55:00,ccf-aiops-南京,cr-1,cr,ipv6_route_change_total,"prefix=""::/0""",0
2026-07-28 12:55:00,ccf-aiops-南京,cr-1,cr,ipv6_route_change_total,"prefix=""fd00:1:40::/64""",5
2026-07-28 12:55:00,ccf-aiops-南京,cr-1,cr,ipv6_route_change_total,"prefix=""fd00:2:40::/64""",0
2026-07-28 12:55:00,ccf-aiops-南京,cr-1,cr,ipv6_route_change_total,"prefix=""fd00:3:40::/64""",0
2026-07-28 12:55:00,ccf-aiops-南京,cr-1,cr,ipv6_route_change_total,"prefix=""fd00:4:40::/64""",5
2026-07-28 12:55:00,ccf-aiops-南京,cr-1,cr,ipv6_route_change_total,"prefix=""fd00:5:40::/64""",5
2026-07-28 12:55:00,ccf-aiops-南京,cr-1,cr,ipv6_route_change_total,"prefix=""fd00:6:40::/64""",5
2026-07-28 12:55:00,ccf-aiops-南京,cr-1,cr,ipv6_route_change_total,"prefix=""fd00:8:40::/64""",5
2026-07-28 12:55:00,ccf-aiops-南京,cr-1,cr,ipv6_route_change_total,"prefix=""fd00:7:40::/64""",0
2026-07-28 12:55:00,ccf-aiops-南京,cr-1,cr,ipv6_route_count,"protocol=""ospf""",7
2026-07-28 12:55:00,ccf-aiops-南京,cr-1,cr,ipv6_route_count,"protocol=""kernel""",7
2026-07-28 12:55:00,ccf-aiops-南京,cr-1,cr,ipv6_route_count,"protocol=""all""",16
2026-07-28 12:55:00,ccf-aiops-南京,cr-1,cr,ipv6_route_count,"protocol=""196""",2
2026-07-28 12:55:00,ccf-aiops-南京,cr-1,cr,ipv6_route_exists,"prefix=""fd00:7:40::/64""",1
2026-07-28 12:55:00,ccf-aiops-南京,cr-1,cr,ipv6_route_exists,"prefix=""::/0""",1
2026-07-28 12:55:00,ccf-aiops-南京,cr-1,cr,ipv6_route_exists,"prefix=""fd00:1:40::/64""",1
2026-07-28 12:55:00,ccf-aiops-南京,cr-1,cr,ipv6_route_exists,"prefix=""fd00:2:40::/64""",1
2026-07-28 12:55:00,ccf-aiops-南京,cr-1,cr,ipv6_route_exists,"prefix=""fd00:3:40::/64""",1
2026-07-28 12:55:00,ccf-aiops-南京,cr-1,cr,ipv6_route_exists,"prefix=""fd00:4:40::/64""",1
2026-07-28 12:55:00,ccf-aiops-南京,cr-1,cr,ipv6_route_exists,"prefix=""fd00:5:40::/64""",1
2026-07-28 12:55:00,ccf-aiops-南京,cr-1,cr,ipv6_route_exists,"prefix=""fd00:6:40::/64""",1
2026-07-28 12:55:00,ccf-aiops-南京,cr-1,cr,ipv6_route_exists,"prefix=""fd00:8:40::/64""",1
2026-07-28 12:55:00,ccf-aiops-南京,cr-1,cr,ipv6_route_nexthop_info,"prefix=""fd00:7:40::/64"",next_hop=""fd00:7:30::254"",dev=""ens5"",protocol=""196"",metric=""20"",route_index=""0"",nh_index=""0""",1
2026-07-28 12:55:00,ccf-aiops-南京,cr-1,cr,ipv6_route_nexthop_info,"prefix=""fd00:4:40::/64"",next_hop=""fe80::7:20:2"",dev=""ens4"",protocol=""ospf"",metric=""20"",route_index=""0"",nh_index=""1""",1
2026-07-28 12:55:00,ccf-aiops-南京,cr-1,cr,ipv6_route_nexthop_info,"prefix=""fd00:8:40::/64"",next_hop=""fe80::7:20:2"",dev=""ens4"",protocol=""ospf"",metric=""20"",route_index=""0"",nh_index=""1""",1
2026-07-28 12:55:00,ccf-aiops-南京,cr-1,cr,ipv6_route_nexthop_info,"prefix=""fd00:5:40::/64"",next_hop=""fe80::7:20:2"",dev=""ens4"",protocol=""ospf"",metric=""20"",route_index=""0"",nh_index=""1""",1
2026-07-28 12:55:00,ccf-aiops-南京,cr-1,cr,ipv6_route_nexthop_info,"prefix=""fd00:6:40::/64"",next_hop=""fe80::7:20:2"",dev=""ens4"",protocol=""ospf"",metric=""20"",route_index=""0"",nh_index=""1""",1
2026-07-28 12:55:00,ccf-aiops-南京,cr-1,cr,ipv6_route_nexthop_info,"prefix=""::/0"",next_hop=""fd00:7:20::1"",dev=""ens4"",protocol=""196"",metric=""20"",route_index=""0"",nh_index=""0""",1
2026-07-28 12:55:00,ccf-aiops-南京,cr-1,cr,ipv6_route_nexthop_info,"prefix=""::/0"",next_hop=""fd00:7:20::2"",dev=""ens4"",protocol=""196"",metric=""20"",route_index=""0"",nh_index=""1""",1
2026-07-28 12:55:00,ccf-aiops-南京,cr-1,cr,ipv6_route_nexthop_info,"prefix=""fd00:1:40::/64"",next_hop=""fe80::7:20:1"",dev=""ens4"",protocol=""ospf"",metric=""20"",route_index=""0"",nh_index=""0""",1
2026-07-28 12:55:00,ccf-aiops-南京,cr-1,cr,ipv6_route_nexthop_info,"prefix=""fd00:2:40::/64"",next_hop=""fe80::7:20:1"",dev=""ens4"",protocol=""ospf"",metric=""20"",route_index=""0"",nh_index=""0""",1
2026-07-28 12:55:00,ccf-aiops-南京,cr-1,cr,ipv6_route_nexthop_info,"prefix=""fd00:3:40::/64"",next_hop=""fe80::7:20:1"",dev=""ens4"",protocol=""ospf"",metric=""20"",route_index=""0"",nh_index=""0""",1
2026-07-28 12:55:00,ccf-aiops-南京,cr-1,cr,ipv6_route_nexthop_info,"prefix=""fd00:4:40::/64"",next_hop=""fe80::7:20:1"",dev=""ens4"",protocol=""ospf"",metric=""20"",route_index=""0"",nh_index=""0""",1
2026-07-28 12:55:00,ccf-aiops-南京,cr-1,cr,ipv6_route_nexthop_info,"prefix=""fd00:5:40::/64"",next_hop=""fe80::7:20:1"",dev=""ens4"",protocol=""ospf"",metric=""20"",route_index=""0"",nh_index=""0""",1
2026-07-28 12:55:00,ccf-aiops-南京,cr-1,cr,ipv6_route_nexthop_info,"prefix=""fd00:6:40::/64"",next_hop=""fe80::7:20:1"",dev=""ens4"",protocol=""ospf"",metric=""20"",route_index=""0"",nh_index=""0""",1
2026-07-28 12:55:00,ccf-aiops-南京,cr-1,cr,ipv6_route_nexthop_info,"prefix=""fd00:8:40::/64"",next_hop=""fe80::7:20:1"",dev=""ens4"",protocol=""ospf"",metric=""20"",route_index=""0"",nh_index=""0""",1
2026-07-28 12:55:00,ccf-aiops-南京,cr-1,cr,ipv6_route_nexthop_info,"prefix=""fd00:1:40::/64"",next_hop=""fe80::7:20:2"",dev=""ens4"",protocol=""ospf"",metric=""20"",route_index=""0"",nh_index=""1""",1
2026-07-28 12:55:00,ccf-aiops-南京,cr-1,cr,ipv6_route_nexthop_info,"prefix=""fd00:2:40::/64"",next_hop=""fe80::7:20:2"",dev=""ens4"",protocol=""ospf"",metric=""20"",route_index=""0"",nh_index=""1""",1
2026-07-28 12:55:00,ccf-aiops-南京,cr-1,cr,ipv6_route_nexthop_info,"prefix=""fd00:3:40::/64"",next_hop=""fe80::7:20:2"",dev=""ens4"",protocol=""ospf"",metric=""20"",route_index=""0"",nh_index=""1""",1
2026-07-28 12:55:00,ccf-aiops-南京,cr-1,cr,ospf6_interface_cost,"interface=""ens4""",1
2026-07-28 12:55:00,ccf-aiops-南京,cr-1,cr,ospf6_interface_cost,"interface=""ens5""",1
2026-07-28 12:55:00,ccf-aiops-南京,cr-1,cr,ospf6_interface_enabled,"interface=""ens5""",1
2026-07-28 12:55:00,ccf-aiops-南京,cr-1,cr,ospf6_interface_enabled,"interface=""ens10""",1
2026-07-28 12:55:00,ccf-aiops-南京,cr-1,cr,ospf6_interface_enabled,"interface=""ens11""",1
2026-07-28 12:55:00,ccf-aiops-南京,cr-1,cr,ospf6_interface_enabled,"interface=""ens12""",1
2026-07-28 12:55:00,ccf-aiops-南京,cr-1,cr,ospf6_interface_enabled,"interface=""ens3""",1
2026-07-28 12:55:00,ccf-aiops-南京,cr-1,cr,ospf6_interface_enabled,"interface=""ens4""",1
2026-07-28 12:55:00,ccf-aiops-南京,cr-1,cr,ospf6_interface_enabled,"interface=""ens6""",1
2026-07-28 12:55:00,ccf-aiops-南京,cr-1,cr,ospf6_interface_enabled,"interface=""ens7""",1
2026-07-28 12:55:00,ccf-aiops-南京,cr-1,cr,ospf6_interface_enabled,"interface=""ens8""",1
2026-07-28 12:55:00,ccf-aiops-南京,cr-1,cr,ospf6_interface_enabled,"interface=""ens9""",1
2026-07-28 12:55:00,ccf-aiops-南京,cr-1,cr,ospf6_interface_enabled,"interface=""lo""",1
2026-07-28 12:55:00,ccf-aiops-南京,cr-1,cr,ospf6_interface_enabled,"interface=""virbr0""",0
2026-07-28 12:55:00,ccf-aiops-南京,cr-1,cr,ospf6_interface_enabled,"interface=""vxlan100""",1
2026-07-28 12:55:00,ccf-aiops-南京,cr-1,cr,ospf6_neighbor_state_code,"state=""Twoway"",interface=""ens4"",neighbor_id=""7.7.7.1""",2
2026-07-28 12:55:00,ccf-aiops-南京,cr-1,cr,ospf6_neighbor_state_code,"state=""Full"",interface=""ens4"",neighbor_id=""7.7.7.12""",6
2026-07-28 12:55:00,ccf-aiops-南京,cr-1,cr,ospf6_neighbor_state_code,"state=""Full"",interface=""ens4"",neighbor_id=""7.7.7.2""",6
2026-07-28 12:55:00,ccf-aiops-南京,cr-1,cr,ospf6_neighbor_state_code,"state=""Full"",interface=""ens5"",neighbor_id=""7.7.7.12""",6
2026-07-28 12:55:00,ccf-aiops-南京,cr-1,cr,bgp_command_success,,
2026-07-28 12:55:00,ccf-aiops-南京,cr-1,cr,bgp_peer_up,,
2026-07-28 12:55:00,ccf-aiops-南京,cr-1,cr,bgp_peer_uptime_seconds,,
2026-07-28 12:55:00,ccf-aiops-南京,cr-1,cr,bgp_peer_prefix_received,,
2026-07-28 12:55:00,ccf-aiops-南京,cr-1,cr,bgp_peer_prefix_sent,,
2026-07-28 12:55:00,ccf-aiops-南京,cr-1,cr,bgp_peer_count,,
2026-07-28 12:55:00,ccf-aiops-南京,cr-2,cr,ipv6_default_route_changed_total,,0
2026-07-28 12:55:00,ccf-aiops-南京,cr-2,cr,ipv6_default_route_info,"next_hop=""fd00:7:20::2"",dev=""ens4"",protocol=""196"",metric=""20"",route_index=""0"",nh_index=""1""",1
2026-07-28 12:55:00,ccf-aiops-南京,cr-2,cr,ipv6_default_route_info,"next_hop=""fd00:7:20::1"",dev=""ens4"",protocol=""196"",metric=""20"",route_index=""0"",nh_index=""0""",1
2026-07-28 12:55:00,ccf-aiops-南京,cr-2,cr,ipv6_route_change_total,"prefix=""fd00:2:40::/64""",3
2026-07-28 12:55:00,ccf-aiops-南京,cr-2,cr,ipv6_route_change_total,"prefix=""fd00:7:40::/64""",0
2026-07-28 12:55:00,ccf-aiops-南京,cr-2,cr,ipv6_route_change_total,"prefix=""fd00:8:40::/64""",3
2026-07-28 12:55:00,ccf-aiops-南京,cr-2,cr,ipv6_route_change_total,"prefix=""fd00:6:40::/64""",3
2026-07-28 12:55:00,ccf-aiops-南京,cr-2,cr,ipv6_route_change_total,"prefix=""fd00:5:40::/64""",3
2026-07-28 12:55:00,ccf-aiops-南京,cr-2,cr,ipv6_route_change_total,"prefix=""fd00:4:40::/64""",3
2026-07-28 12:55:00,ccf-aiops-南京,cr-2,cr,ipv6_route_change_total,"prefix=""fd00:3:40::/64""",3
2026-07-28 12:55:00,ccf-aiops-南京,cr-2,cr,ipv6_route_change_total,"prefix=""::/0""",0
2026-07-28 12:55:00,ccf-aiops-南京,cr-2,cr,ipv6_route_change_total,"prefix=""fd00:1:40::/64""",3
2026-07-28 12:55:00,ccf-aiops-南京,cr-2,cr,ipv6_route_count,"protocol=""ospf""",7
2026-07-28 12:55:00,ccf-aiops-南京,cr-2,cr,ipv6_route_count,"protocol=""kernel""",6
2026-07-28 12:55:00,ccf-aiops-南京,cr-2,cr,ipv6_route_count,"protocol=""all""",15
2026-07-28 12:55:00,ccf-aiops-南京,cr-2,cr,ipv6_route_count,"protocol=""196""",2
2026-07-28 12:55:00,ccf-aiops-南京,cr-2,cr,ipv6_route_exists,"prefix=""fd00:6:40::/64""",1
2026-07-28 12:55:00,ccf-aiops-南京,cr-2,cr,ipv6_route_exists,"prefix=""::/0""",1
2026-07-28 12:55:00,ccf-aiops-南京,cr-2,cr,ipv6_route_exists,"prefix=""fd00:1:40::/64""",1
2026-07-28 12:55:00,ccf-aiops-南京,cr-2,cr,ipv6_route_exists,"prefix=""fd00:2:40::/64""",1
2026-07-28 12:55:00,ccf-aiops-南京,cr-2,cr,ipv6_route_exists,"prefix=""fd00:3:40::/64""",1
2026-07-28 12:55:00,ccf-aiops-南京,cr-2,cr,ipv6_route_exists,"prefix=""fd00:4:40::/64""",1
2026-07-28 12:55:00,ccf-aiops-南京,cr-2,cr,ipv6_route_exists,"prefix=""fd00:5:40::/64""",1
2026-07-28 12:55:00,ccf-aiops-南京,cr-2,cr,ipv6_route_exists,"prefix=""fd00:7:40::/64""",1
2026-07-28 12:55:00,ccf-aiops-南京,cr-2,cr,ipv6_route_exists,"prefix=""fd00:8:40::/64""",1
2026-07-28 12:55:00,ccf-aiops-南京,cr-2,cr,ipv6_route_nexthop_info,"prefix=""fd00:5:40::/64"",next_hop=""fe80::7:20:2"",dev=""ens4"",protocol=""ospf"",metric=""20"",route_index=""0"",nh_index=""0""",1
2026-07-28 12:55:00,ccf-aiops-南京,cr-2,cr,ipv6_route_nexthop_info,"prefix=""fd00:4:40::/64"",next_hop=""fe80::7:20:2"",dev=""ens4"",protocol=""ospf"",metric=""20"",route_index=""0"",nh_index=""0""",1
2026-07-28 12:55:00,ccf-aiops-南京,cr-2,cr,ipv6_route_nexthop_info,"prefix=""fd00:3:40::/64"",next_hop=""fe80::7:20:2"",dev=""ens4"",protocol=""ospf"",metric=""20"",route_index=""0"",nh_index=""0""",1
2026-07-28 12:55:00,ccf-aiops-南京,cr-2,cr,ipv6_route_nexthop_info,"prefix=""fd00:4:40::/64"",next_hop=""fe80::7:20:1"",dev=""ens4"",protocol=""ospf"",metric=""20"",route_index=""0"",nh_index=""1""",1
2026-07-28 12:55:00,ccf-aiops-南京,cr-2,cr,ipv6_route_nexthop_info,"prefix=""fd00:5:40::/64"",next_hop=""fe80::7:20:1"",dev=""ens4"",protocol=""ospf"",metric=""20"",route_index=""0"",nh_index=""1""",1
2026-07-28 12:55:00,ccf-aiops-南京,cr-2,cr,ipv6_route_nexthop_info,"prefix=""::/0"",next_hop=""fd00:7:20::1"",dev=""ens4"",protocol=""196"",metric=""20"",route_index=""0"",nh_index=""0""",1
2026-07-28 12:55:00,ccf-aiops-南京,cr-2,cr,ipv6_route_nexthop_info,"prefix=""fd00:7:40::/64"",next_hop=""fd00:7:30::254"",dev=""ens5"",protocol=""196"",metric=""20"",route_index=""0"",nh_index=""0""",1
2026-07-28 12:55:00,ccf-aiops-南京,cr-2,cr,ipv6_route_nexthop_info,"prefix=""fd00:6:40::/64"",next_hop=""fe80::7:20:1"",dev=""ens4"",protocol=""ospf"",metric=""20"",route_index=""0"",nh_index=""1""",1
2026-07-28 12:55:00,ccf-aiops-南京,cr-2,cr,ipv6_route_nexthop_info,"prefix=""fd00:8:40::/64"",next_hop=""fe80::7:20:1"",dev=""ens4"",protocol=""ospf"",metric=""20"",route_index=""0"",nh_index=""1""",1
2026-07-28 12:55:00,ccf-aiops-南京,cr-2,cr,ipv6_route_nexthop_info,"prefix=""fd00:1:40::/64"",next_hop=""fe80::7:20:2"",dev=""ens4"",protocol=""ospf"",metric=""20"",route_index=""0"",nh_index=""0""",1
2026-07-28 12:55:00,ccf-aiops-南京,cr-2,cr,ipv6_route_nexthop_info,"prefix=""fd00:2:40::/64"",next_hop=""fe80::7:20:2"",dev=""ens4"",protocol=""ospf"",metric=""20"",route_index=""0"",nh_index=""0""",1
2026-07-28 12:55:00,ccf-aiops-南京,cr-2,cr,ipv6_route_nexthop_info,"prefix=""fd00:8:40::/64"",next_hop=""fe80::7:20:2"",dev=""ens4"",protocol=""ospf"",metric=""20"",route_index=""0"",nh_index=""0""",1
2026-07-28 12:55:00,ccf-aiops-南京,cr-2,cr,ipv6_route_nexthop_info,"prefix=""fd00:6:40::/64"",next_hop=""fe80::7:20:2"",dev=""ens4"",protocol=""ospf"",metric=""20"",route_index=""0"",nh_index=""0""",1
2026-07-28 12:55:00,ccf-aiops-南京,cr-2,cr,ipv6_route_nexthop_info,"prefix=""fd00:3:40::/64"",next_hop=""fe80::7:20:1"",dev=""ens4"",protocol=""ospf"",metric=""20"",route_index=""0"",nh_index=""1""",1
2026-07-28 12:55:00,ccf-aiops-南京,cr-2,cr,ipv6_route_nexthop_info,"prefix=""fd00:2:40::/64"",next_hop=""fe80::7:20:1"",dev=""ens4"",protocol=""ospf"",metric=""20"",route_index=""0"",nh_index=""1""",1
2026-07-28 12:55:00,ccf-aiops-南京,cr-2,cr,ipv6_route_nexthop_info,"prefix=""fd00:1:40::/64"",next_hop=""fe80::7:20:1"",dev=""ens4"",protocol=""ospf"",metric=""20"",route_index=""0"",nh_index=""1""",1
2026-07-28 12:55:00,ccf-aiops-南京,cr-2,cr,ipv6_route_nexthop_info,"prefix=""::/0"",next_hop=""fd00:7:20::2"",dev=""ens4"",protocol=""196"",metric=""20"",route_index=""0"",nh_index=""1""",1
2026-07-28 12:55:00,ccf-aiops-南京,cr-2,cr,ospf6_interface_cost,"interface=""ens4""",1
2026-07-28 12:55:00,ccf-aiops-南京,cr-2,cr,ospf6_interface_cost,"interface=""ens5""",1
2026-07-28 12:55:00,ccf-aiops-南京,cr-2,cr,ospf6_interface_enabled,"interface=""ens8""",1
2026-07-28 12:55:00,ccf-aiops-南京,cr-2,cr,ospf6_interface_enabled,"interface=""virbr0""",0
2026-07-28 12:55:00,ccf-aiops-南京,cr-2,cr,ospf6_interface_enabled,"interface=""lo""",1
2026-07-28 12:55:00,ccf-aiops-南京,cr-2,cr,ospf6_interface_enabled,"interface=""ens9""",1
2026-07-28 12:55:00,ccf-aiops-南京,cr-2,cr,ospf6_interface_enabled,"interface=""ens7""",1
2026-07-28 12:55:00,ccf-aiops-南京,cr-2,cr,ospf6_interface_enabled,"interface=""ens6""",1
2026-07-28 12:55:00,ccf-aiops-南京,cr-2,cr,ospf6_interface_enabled,"interface=""ens5""",1
2026-07-28 12:55:00,ccf-aiops-南京,cr-2,cr,ospf6_interface_enabled,"interface=""ens4""",1
2026-07-28 12:55:00,ccf-aiops-南京,cr-2,cr,ospf6_interface_enabled,"interface=""ens3""",1
2026-07-28 12:55:00,ccf-aiops-南京,cr-2,cr,ospf6_interface_enabled,"interface=""ens12""",1
2026-07-28 12:55:00,ccf-aiops-南京,cr-2,cr,ospf6_interface_enabled,"interface=""ens11""",1
2026-07-28 12:55:00,ccf-aiops-南京,cr-2,cr,ospf6_interface_enabled,"interface=""ens10""",1
2026-07-28 12:55:00,ccf-aiops-南京,cr-2,cr,ospf6_neighbor_state_code,"state=""Full"",interface=""ens4"",neighbor_id=""7.7.7.1""",6
2026-07-28 12:55:00,ccf-aiops-南京,cr-2,cr,ospf6_neighbor_state_code,"state=""Full"",interface=""ens5"",neighbor_id=""7.7.7.11""",6
2026-07-28 12:55:00,ccf-aiops-南京,cr-2,cr,ospf6_neighbor_state_code,"state=""Full"",interface=""ens4"",neighbor_id=""7.7.7.11""",6
2026-07-28 12:55:00,ccf-aiops-南京,cr-2,cr,ospf6_neighbor_state_code,"state=""Full"",interface=""ens4"",neighbor_id=""7.7.7.2""",6
2026-07-28 12:55:00,ccf-aiops-南京,cr-2,cr,bgp_command_success,,
2026-07-28 12:55:00,ccf-aiops-南京,cr-2,cr,bgp_peer_up,,
2026-07-28 12:55:00,ccf-aiops-南京,cr-2,cr,bgp_peer_uptime_seconds,,
2026-07-28 12:55:00,ccf-aiops-南京,cr-2,cr,bgp_peer_prefix_received,,
2026-07-28 12:55:00,ccf-aiops-南京,cr-2,cr,bgp_peer_prefix_sent,,
2026-07-28 12:55:00,ccf-aiops-南京,cr-2,cr,bgp_peer_count,,
2026-07-28 12:56:00,ccf-aiops-南京,br-1,br,bgp_command_success,"command=""bgp_summary""",1
2026-07-28 12:56:00,ccf-aiops-南京,br-1,br,bgp_peer_count,,2
2026-07-28 12:56:00,ccf-aiops-南京,br-1,br,bgp_peer_prefix_received,"peer=""fd00:100:10::41"",remote_as=""65005"",state=""Established""",7
2026-07-28 12:56:00,ccf-aiops-南京,br-1,br,bgp_peer_prefix_received,"peer=""fd00:100:10::51"",remote_as=""65006"",state=""Established""",7
2026-07-28 12:56:00,ccf-aiops-南京,br-1,br,bgp_peer_prefix_sent,"peer=""fd00:100:10::51"",remote_as=""65006"",state=""Established""",8
2026-07-28 12:56:00,ccf-aiops-南京,br-1,br,bgp_peer_prefix_sent,"peer=""fd00:100:10::41"",remote_as=""65005"",state=""Established""",8
2026-07-28 12:56:00,ccf-aiops-南京,br-1,br,bgp_peer_up,"peer=""fd00:100:10::41"",remote_as=""65005"",state=""Established""",1
2026-07-28 12:56:00,ccf-aiops-南京,br-1,br,bgp_peer_up,"peer=""fd00:100:10::51"",remote_as=""65006"",state=""Established""",1
2026-07-28 12:56:00,ccf-aiops-南京,br-1,br,bgp_peer_uptime_seconds,"peer=""fd00:100:10::41"",remote_as=""65005"",state=""Established""",2413908
2026-07-28 12:56:00,ccf-aiops-南京,br-1,br,bgp_peer_uptime_seconds,"peer=""fd00:100:10::51"",remote_as=""65006"",state=""Established""",2413908
2026-07-28 12:56:00,ccf-aiops-南京,br-1,br,ipv6_default_route_changed_total,,0
2026-07-28 12:56:00,ccf-aiops-南京,br-1,br,ipv6_default_route_info,"next_hop=""240a:a023::1"",dev=""ens4"",protocol=""unknown"",metric=""1024"",route_index=""0"",nh_index=""0""",1
2026-07-28 12:56:00,ccf-aiops-南京,br-1,br,ipv6_route_change_total,"prefix=""fd00:6:40::/64""",0
2026-07-28 12:56:00,ccf-aiops-南京,br-1,br,ipv6_route_change_total,"prefix=""fd00:7:40::/64""",8
2026-07-28 12:56:00,ccf-aiops-南京,br-1,br,ipv6_route_change_total,"prefix=""fd00:8:40::/64""",0
2026-07-28 12:56:00,ccf-aiops-南京,br-1,br,ipv6_route_change_total,"prefix=""fd00:5:40::/64""",0
2026-07-28 12:56:00,ccf-aiops-南京,br-1,br,ipv6_route_change_total,"prefix=""fd00:4:40::/64""",0
2026-07-28 12:56:00,ccf-aiops-南京,br-1,br,ipv6_route_change_total,"prefix=""fd00:3:40::/64""",0
2026-07-28 12:56:00,ccf-aiops-南京,br-1,br,ipv6_route_change_total,"prefix=""fd00:2:40::/64""",5
2026-07-28 12:56:00,ccf-aiops-南京,br-1,br,ipv6_route_change_total,"prefix=""fd00:1:40::/64""",0
2026-07-28 12:56:00,ccf-aiops-南京,br-1,br,ipv6_route_change_total,"prefix=""::/0""",0
2026-07-28 12:56:00,ccf-aiops-南京,br-1,br,ipv6_route_count,"protocol=""unknown""",1
2026-07-28 12:56:00,ccf-aiops-南京,br-1,br,ipv6_route_count,"protocol=""all""",17
2026-07-28 12:56:00,ccf-aiops-南京,br-1,br,ipv6_route_count,"protocol=""bgp""",7
2026-07-28 12:56:00,ccf-aiops-南京,br-1,br,ipv6_route_count,"protocol=""kernel""",7
2026-07-28 12:56:00,ccf-aiops-南京,br-1,br,ipv6_route_count,"protocol=""ospf""",2
2026-07-28 12:56:00,ccf-aiops-南京,br-1,br,ipv6_route_exists,"prefix=""fd00:3:40::/64""",1
2026-07-28 12:56:00,ccf-aiops-南京,br-1,br,ipv6_route_exists,"prefix=""fd00:2:40::/64""",1
2026-07-28 12:56:00,ccf-aiops-南京,br-1,br,ipv6_route_exists,"prefix=""fd00:1:40::/64""",1
2026-07-28 12:56:00,ccf-aiops-南京,br-1,br,ipv6_route_exists,"prefix=""::/0""",1
2026-07-28 12:56:00,ccf-aiops-南京,br-1,br,ipv6_route_exists,"prefix=""fd00:4:40::/64""",1
2026-07-28 12:56:00,ccf-aiops-南京,br-1,br,ipv6_route_exists,"prefix=""fd00:5:40::/64""",1
2026-07-28 12:56:00,ccf-aiops-南京,br-1,br,ipv6_route_exists,"prefix=""fd00:6:40::/64""",1
2026-07-28 12:56:00,ccf-aiops-南京,br-1,br,ipv6_route_exists,"prefix=""fd00:7:40::/64""",1
2026-07-28 12:56:00,ccf-aiops-南京,br-1,br,ipv6_route_exists,"prefix=""fd00:8:40::/64""",1
2026-07-28 12:56:00,ccf-aiops-南京,br-1,br,ipv6_route_nexthop_info,"prefix=""fd00:7:40::/64"",next_hop=""fe80::7:20:12"",dev=""ens5"",protocol=""ospf"",metric=""20"",route_index=""0"",nh_index=""0""",1
2026-07-28 12:56:00,ccf-aiops-南京,br-1,br,ipv6_route_nexthop_info,"prefix=""fd00:7:40::/64"",next_hop=""fe80::7:20:11"",dev=""ens5"",protocol=""ospf"",metric=""20"",route_index=""0"",nh_index=""1""",1
2026-07-28 12:56:00,ccf-aiops-南京,br-1,br,ipv6_route_nexthop_info,"prefix=""fd00:6:40::/64"",next_hop=""fe80::100:10:51"",dev=""ens4"",protocol=""bgp"",metric=""20"",route_index=""0"",nh_index=""0""",1
2026-07-28 12:56:00,ccf-aiops-南京,br-1,br,ipv6_route_nexthop_info,"prefix=""fd00:2:40::/64"",next_hop=""fe80::100:10:51"",dev=""ens4"",protocol=""bgp"",metric=""20"",route_index=""0"",nh_index=""0""",1
2026-07-28 12:56:00,ccf-aiops-南京,br-1,br,ipv6_route_nexthop_info,"prefix=""::/0"",next_hop=""240a:a023::1"",dev=""ens4"",protocol=""unknown"",metric=""1024"",route_index=""0"",nh_index=""0""",1
2026-07-28 12:56:00,ccf-aiops-南京,br-1,br,ipv6_route_nexthop_info,"prefix=""fd00:3:40::/64"",next_hop=""fe80::100:10:41"",dev=""ens4"",protocol=""bgp"",metric=""20"",route_index=""0"",nh_index=""0""",1
2026-07-28 12:56:00,ccf-aiops-南京,br-1,br,ipv6_route_nexthop_info,"prefix=""fd00:4:40::/64"",next_hop=""fe80::100:10:41"",dev=""ens4"",protocol=""bgp"",metric=""20"",route_index=""0"",nh_index=""0""",1
2026-07-28 12:56:00,ccf-aiops-南京,br-1,br,ipv6_route_nexthop_info,"prefix=""fd00:5:40::/64"",next_hop=""fe80::100:10:41"",dev=""ens4"",protocol=""bgp"",metric=""20"",route_index=""0"",nh_index=""0""",1
2026-07-28 12:56:00,ccf-aiops-南京,br-1,br,ipv6_route_nexthop_info,"prefix=""fd00:8:40::/64"",next_hop=""fe80::100:10:41"",dev=""ens4"",protocol=""bgp"",metric=""20"",route_index=""0"",nh_index=""0""",1
2026-07-28 12:56:00,ccf-aiops-南京,br-1,br,ipv6_route_nexthop_info,"prefix=""fd00:1:40::/64"",next_hop=""fe80::100:10:51"",dev=""ens4"",protocol=""bgp"",metric=""20"",route_index=""0"",nh_index=""0""",1
2026-07-28 12:56:00,ccf-aiops-南京,br-1,br,ospf6_interface_cost,"interface=""ens5""",1
2026-07-28 12:56:00,ccf-aiops-南京,br-1,br,ospf6_interface_enabled,"interface=""virbr0""",0
2026-07-28 12:56:00,ccf-aiops-南京,br-1,br,ospf6_interface_enabled,"interface=""ens4""",1
2026-07-28 12:56:00,ccf-aiops-南京,br-1,br,ospf6_interface_enabled,"interface=""lo""",1
2026-07-28 12:56:00,ccf-aiops-南京,br-1,br,ospf6_interface_enabled,"interface=""ens9""",1
2026-07-28 12:56:00,ccf-aiops-南京,br-1,br,ospf6_interface_enabled,"interface=""ens7""",1
2026-07-28 12:56:00,ccf-aiops-南京,br-1,br,ospf6_interface_enabled,"interface=""ens6""",1
2026-07-28 12:56:00,ccf-aiops-南京,br-1,br,ospf6_interface_enabled,"interface=""ens5""",1
2026-07-28 12:56:00,ccf-aiops-南京,br-1,br,ospf6_interface_enabled,"interface=""ens3""",1
2026-07-28 12:56:00,ccf-aiops-南京,br-1,br,ospf6_interface_enabled,"interface=""ens12""",1
2026-07-28 12:56:00,ccf-aiops-南京,br-1,br,ospf6_interface_enabled,"interface=""ens11""",1
2026-07-28 12:56:00,ccf-aiops-南京,br-1,br,ospf6_interface_enabled,"interface=""ens10""",1
2026-07-28 12:56:00,ccf-aiops-南京,br-1,br,ospf6_interface_enabled,"interface=""ens8""",1
2026-07-28 12:56:00,ccf-aiops-南京,br-1,br,ospf6_neighbor_state_code,"state=""Full"",interface=""ens5"",neighbor_id=""7.7.7.2""",6
2026-07-28 12:56:00,ccf-aiops-南京,br-1,br,ospf6_neighbor_state_code,"state=""Full"",interface=""ens5"",neighbor_id=""7.7.7.12""",6
2026-07-28 12:56:00,ccf-aiops-南京,br-1,br,ospf6_neighbor_state_code,"state=""Twoway"",interface=""ens5"",neighbor_id=""7.7.7.11""",2
2026-07-28 12:56:00,ccf-aiops-南京,br-2,br,bgp_command_success,"command=""bgp_summary""",1
2026-07-28 12:56:00,ccf-aiops-南京,br-2,br,bgp_peer_count,,2
2026-07-28 12:56:00,ccf-aiops-南京,br-2,br,bgp_peer_prefix_received,"peer=""fd00:100:10::42"",remote_as=""65005"",state=""Established""",7
2026-07-28 12:56:00,ccf-aiops-南京,br-2,br,bgp_peer_prefix_received,"peer=""fd00:100:10::52"",remote_as=""65006"",state=""Established""",7
2026-07-28 12:56:00,ccf-aiops-南京,br-2,br,bgp_peer_prefix_sent,"peer=""fd00:100:10::42"",remote_as=""65005"",state=""Established""",8
2026-07-28 12:56:00,ccf-aiops-南京,br-2,br,bgp_peer_prefix_sent,"peer=""fd00:100:10::52"",remote_as=""65006"",state=""Established""",8
2026-07-28 12:56:00,ccf-aiops-南京,br-2,br,bgp_peer_up,"peer=""fd00:100:10::42"",remote_as=""65005"",state=""Established""",1
2026-07-28 12:56:00,ccf-aiops-南京,br-2,br,bgp_peer_up,"peer=""fd00:100:10::52"",remote_as=""65006"",state=""Established""",1
2026-07-28 12:56:00,ccf-aiops-南京,br-2,br,bgp_peer_uptime_seconds,"peer=""fd00:100:10::42"",remote_as=""65005"",state=""Established""",2413890
2026-07-28 12:56:00,ccf-aiops-南京,br-2,br,bgp_peer_uptime_seconds,"peer=""fd00:100:10::52"",remote_as=""65006"",state=""Established""",2413890
2026-07-28 12:56:00,ccf-aiops-南京,br-2,br,ipv6_default_route_changed_total,,0
2026-07-28 12:56:00,ccf-aiops-南京,br-2,br,ipv6_default_route_info,"next_hop=""240a:a023::1"",dev=""ens4"",protocol=""unknown"",metric=""1024"",route_index=""0"",nh_index=""0""",1
2026-07-28 12:56:00,ccf-aiops-南京,br-2,br,ipv6_route_change_total,"prefix=""fd00:8:40::/64""",0
2026-07-28 12:56:00,ccf-aiops-南京,br-2,br,ipv6_route_change_total,"prefix=""fd00:7:40::/64""",10
2026-07-28 12:56:00,ccf-aiops-南京,br-2,br,ipv6_route_change_total,"prefix=""fd00:6:40::/64""",0
2026-07-28 12:56:00,ccf-aiops-南京,br-2,br,ipv6_route_change_total,"prefix=""fd00:5:40::/64""",0
2026-07-28 12:56:00,ccf-aiops-南京,br-2,br,ipv6_route_change_total,"prefix=""fd00:4:40::/64""",0
2026-07-28 12:56:00,ccf-aiops-南京,br-2,br,ipv6_route_change_total,"prefix=""fd00:3:40::/64""",0
2026-07-28 12:56:00,ccf-aiops-南京,br-2,br,ipv6_route_change_total,"prefix=""fd00:2:40::/64""",3
2026-07-28 12:56:00,ccf-aiops-南京,br-2,br,ipv6_route_change_total,"prefix=""fd00:1:40::/64""",0
2026-07-28 12:56:00,ccf-aiops-南京,br-2,br,ipv6_route_change_total,"prefix=""::/0""",0
2026-07-28 12:56:00,ccf-aiops-南京,br-2,br,ipv6_route_count,"protocol=""kernel""",7
2026-07-28 12:56:00,ccf-aiops-南京,br-2,br,ipv6_route_count,"protocol=""ospf""",2
2026-07-28 12:56:00,ccf-aiops-南京,br-2,br,ipv6_route_count,"protocol=""unknown""",1
2026-07-28 12:56:00,ccf-aiops-南京,br-2,br,ipv6_route_count,"protocol=""bgp""",7
2026-07-28 12:56:00,ccf-aiops-南京,br-2,br,ipv6_route_count,"protocol=""all""",17
2026-07-28 12:56:00,ccf-aiops-南京,br-2,br,ipv6_route_exists,"prefix=""fd00:8:40::/64""",1
2026-07-28 12:56:00,ccf-aiops-南京,br-2,br,ipv6_route_exists,"prefix=""fd00:7:40::/64""",1
2026-07-28 12:56:00,ccf-aiops-南京,br-2,br,ipv6_route_exists,"prefix=""fd00:6:40::/64""",1
2026-07-28 12:56:00,ccf-aiops-南京,br-2,br,ipv6_route_exists,"prefix=""fd00:5:40::/64""",1
2026-07-28 12:56:00,ccf-aiops-南京,br-2,br,ipv6_route_exists,"prefix=""::/0""",1
2026-07-28 12:56:00,ccf-aiops-南京,br-2,br,ipv6_route_exists,"prefix=""fd00:1:40::/64""",1
2026-07-28 12:56:00,ccf-aiops-南京,br-2,br,ipv6_route_exists,"prefix=""fd00:2:40::/64""",1
2026-07-28 12:56:00,ccf-aiops-南京,br-2,br,ipv6_route_exists,"prefix=""fd00:3:40::/64""",1
2026-07-28 12:56:00,ccf-aiops-南京,br-2,br,ipv6_route_exists,"prefix=""fd00:4:40::/64""",1
2026-07-28 12:56:00,ccf-aiops-南京,br-2,br,ipv6_route_nexthop_info,"prefix=""fd00:2:40::/64"",next_hop=""fe80::100:10:52"",dev=""ens4"",protocol=""bgp"",metric=""20"",route_index=""0"",nh_index=""0""",1
2026-07-28 12:56:00,ccf-aiops-南京,br-2,br,ipv6_route_nexthop_info,"prefix=""::/0"",next_hop=""240a:a023::1"",dev=""ens4"",protocol=""unknown"",metric=""1024"",route_index=""0"",nh_index=""0""",1
2026-07-28 12:56:00,ccf-aiops-南京,br-2,br,ipv6_route_nexthop_info,"prefix=""fd00:1:40::/64"",next_hop=""fe80::100:10:52"",dev=""ens4"",protocol=""bgp"",metric=""20"",route_index=""0"",nh_index=""0""",1
2026-07-28 12:56:00,ccf-aiops-南京,br-2,br,ipv6_route_nexthop_info,"prefix=""fd00:8:40::/64"",next_hop=""fe80::100:10:42"",dev=""ens4"",protocol=""bgp"",metric=""20"",route_index=""0"",nh_index=""0""",1
2026-07-28 12:56:00,ccf-aiops-南京,br-2,br,ipv6_route_nexthop_info,"prefix=""fd00:7:40::/64"",next_hop=""fe80::7:20:12"",dev=""ens5"",protocol=""ospf"",metric=""20"",route_index=""0"",nh_index=""0""",1
2026-07-28 12:56:00,ccf-aiops-南京,br-2,br,ipv6_route_nexthop_info,"prefix=""fd00:7:40::/64"",next_hop=""fe80::7:20:11"",dev=""ens5"",protocol=""ospf"",metric=""20"",route_index=""0"",nh_index=""1""",1
2026-07-28 12:56:00,ccf-aiops-南京,br-2,br,ipv6_route_nexthop_info,"prefix=""fd00:5:40::/64"",next_hop=""fe80::100:10:42"",dev=""ens4"",protocol=""bgp"",metric=""20"",route_index=""0"",nh_index=""0""",1
2026-07-28 12:56:00,ccf-aiops-南京,br-2,br,ipv6_route_nexthop_info,"prefix=""fd00:4:40::/64"",next_hop=""fe80::100:10:42"",dev=""ens4"",protocol=""bgp"",metric=""20"",route_index=""0"",nh_index=""0""",1
2026-07-28 12:56:00,ccf-aiops-南京,br-2,br,ipv6_route_nexthop_info,"prefix=""fd00:6:40::/64"",next_hop=""fe80::100:10:52"",dev=""ens4"",protocol=""bgp"",metric=""20"",route_index=""0"",nh_index=""0""",1
2026-07-28 12:56:00,ccf-aiops-南京,br-2,br,ipv6_route_nexthop_info,"prefix=""fd00:3:40::/64"",next_hop=""fe80::100:10:42"",dev=""ens4"",protocol=""bgp"",metric=""20"",route_index=""0"",nh_index=""0""",1
2026-07-28 12:56:00,ccf-aiops-南京,br-2,br,ospf6_interface_cost,"interface=""ens5""",1
2026-07-28 12:56:00,ccf-aiops-南京,br-2,br,ospf6_interface_enabled,"interface=""ens5""",1
2026-07-28 12:56:00,ccf-aiops-南京,br-2,br,ospf6_interface_enabled,"interface=""ens4""",1
2026-07-28 12:56:00,ccf-aiops-南京,br-2,br,ospf6_interface_enabled,"interface=""ens3""",1
2026-07-28 12:56:00,ccf-aiops-南京,br-2,br,ospf6_interface_enabled,"interface=""ens12""",1
2026-07-28 12:56:00,ccf-aiops-南京,br-2,br,ospf6_interface_enabled,"interface=""ens11""",1
2026-07-28 12:56:00,ccf-aiops-南京,br-2,br,ospf6_interface_enabled,"interface=""ens10""",1
2026-07-28 12:56:00,ccf-aiops-南京,br-2,br,ospf6_interface_enabled,"interface=""ens6""",1
2026-07-28 12:56:00,ccf-aiops-南京,br-2,br,ospf6_interface_enabled,"interface=""virbr0""",0
2026-07-28 12:56:00,ccf-aiops-南京,br-2,br,ospf6_interface_enabled,"interface=""lo""",1
2026-07-28 12:56:00,ccf-aiops-南京,br-2,br,ospf6_interface_enabled,"interface=""ens9""",1
2026-07-28 12:56:00,ccf-aiops-南京,br-2,br,ospf6_interface_enabled,"interface=""ens8""",1
2026-07-28 12:56:00,ccf-aiops-南京,br-2,br,ospf6_interface_enabled,"interface=""ens7""",1
2026-07-28 12:56:00,ccf-aiops-南京,br-2,br,ospf6_neighbor_state_code,"state=""Full"",interface=""ens5"",neighbor_id=""7.7.7.1""",6
2026-07-28 12:56:00,ccf-aiops-南京,br-2,br,ospf6_neighbor_state_code,"state=""Full"",interface=""ens5"",neighbor_id=""7.7.7.12""",6
2026-07-28 12:56:00,ccf-aiops-南京,br-2,br,ospf6_neighbor_state_code,"state=""Full"",interface=""ens5"",neighbor_id=""7.7.7.11""",6
2026-07-28 12:56:00,ccf-aiops-南京,cr-1,cr,ipv6_default_route_changed_total,,0
2026-07-28 12:56:00,ccf-aiops-南京,cr-1,cr,ipv6_default_route_info,"next_hop=""fd00:7:20::2"",dev=""ens4"",protocol=""196"",metric=""20"",route_index=""0"",nh_index=""1""",1
2026-07-28 12:56:00,ccf-aiops-南京,cr-1,cr,ipv6_default_route_info,"next_hop=""fd00:7:20::1"",dev=""ens4"",protocol=""196"",metric=""20"",route_index=""0"",nh_index=""0""",1
2026-07-28 12:56:00,ccf-aiops-南京,cr-1,cr,ipv6_route_change_total,"prefix=""::/0""",0
2026-07-28 12:56:00,ccf-aiops-南京,cr-1,cr,ipv6_route_change_total,"prefix=""fd00:8:40::/64""",5
2026-07-28 12:56:00,ccf-aiops-南京,cr-1,cr,ipv6_route_change_total,"prefix=""fd00:7:40::/64""",0
2026-07-28 12:56:00,ccf-aiops-南京,cr-1,cr,ipv6_route_change_total,"prefix=""fd00:6:40::/64""",5
2026-07-28 12:56:00,ccf-aiops-南京,cr-1,cr,ipv6_route_change_total,"prefix=""fd00:5:40::/64""",5
2026-07-28 12:56:00,ccf-aiops-南京,cr-1,cr,ipv6_route_change_total,"prefix=""fd00:4:40::/64""",5
2026-07-28 12:56:00,ccf-aiops-南京,cr-1,cr,ipv6_route_change_total,"prefix=""fd00:3:40::/64""",0
2026-07-28 12:56:00,ccf-aiops-南京,cr-1,cr,ipv6_route_change_total,"prefix=""fd00:2:40::/64""",0
2026-07-28 12:56:00,ccf-aiops-南京,cr-1,cr,ipv6_route_change_total,"prefix=""fd00:1:40::/64""",5
2026-07-28 12:56:00,ccf-aiops-南京,cr-1,cr,ipv6_route_count,"protocol=""ospf""",7
2026-07-28 12:56:00,ccf-aiops-南京,cr-1,cr,ipv6_route_count,"protocol=""kernel""",7
2026-07-28 12:56:00,ccf-aiops-南京,cr-1,cr,ipv6_route_count,"protocol=""all""",16
2026-07-28 12:56:00,ccf-aiops-南京,cr-1,cr,ipv6_route_count,"protocol=""196""",2
2026-07-28 12:56:00,ccf-aiops-南京,cr-1,cr,ipv6_route_exists,"prefix=""::/0""",1
2026-07-28 12:56:00,ccf-aiops-南京,cr-1,cr,ipv6_route_exists,"prefix=""fd00:1:40::/64""",1
2026-07-28 12:56:00,ccf-aiops-南京,cr-1,cr,ipv6_route_exists,"prefix=""fd00:2:40::/64""",1
2026-07-28 12:56:00,ccf-aiops-南京,cr-1,cr,ipv6_route_exists,"prefix=""fd00:3:40::/64""",1
2026-07-28 12:56:00,ccf-aiops-南京,cr-1,cr,ipv6_route_exists,"prefix=""fd00:4:40::/64""",1
2026-07-28 12:56:00,ccf-aiops-南京,cr-1,cr,ipv6_route_exists,"prefix=""fd00:5:40::/64""",1
2026-07-28 12:56:00,ccf-aiops-南京,cr-1,cr,ipv6_route_exists,"prefix=""fd00:6:40::/64""",1
2026-07-28 12:56:00,ccf-aiops-南京,cr-1,cr,ipv6_route_exists,"prefix=""fd00:7:40::/64""",1
2026-07-28 12:56:00,ccf-aiops-南京,cr-1,cr,ipv6_route_exists,"prefix=""fd00:8:40::/64""",1
2026-07-28 12:56:00,ccf-aiops-南京,cr-1,cr,ipv6_route_nexthop_info,"prefix=""::/0"",next_hop=""fd00:7:20::1"",dev=""ens4"",protocol=""196"",metric=""20"",route_index=""0"",nh_index=""0""",1
2026-07-28 12:56:00,ccf-aiops-南京,cr-1,cr,ipv6_route_nexthop_info,"prefix=""fd00:7:40::/64"",next_hop=""fd00:7:30::254"",dev=""ens5"",protocol=""196"",metric=""20"",route_index=""0"",nh_index=""0""",1
2026-07-28 12:56:00,ccf-aiops-南京,cr-1,cr,ipv6_route_nexthop_info,"prefix=""fd00:8:40::/64"",next_hop=""fe80::7:20:2"",dev=""ens4"",protocol=""ospf"",metric=""20"",route_index=""0"",nh_index=""1""",1
2026-07-28 12:56:00,ccf-aiops-南京,cr-1,cr,ipv6_route_nexthop_info,"prefix=""fd00:5:40::/64"",next_hop=""fe80::7:20:2"",dev=""ens4"",protocol=""ospf"",metric=""20"",route_index=""0"",nh_index=""1""",1
2026-07-28 12:56:00,ccf-aiops-南京,cr-1,cr,ipv6_route_nexthop_info,"prefix=""fd00:4:40::/64"",next_hop=""fe80::7:20:2"",dev=""ens4"",protocol=""ospf"",metric=""20"",route_index=""0"",nh_index=""1""",1
2026-07-28 12:56:00,ccf-aiops-南京,cr-1,cr,ipv6_route_nexthop_info,"prefix=""fd00:6:40::/64"",next_hop=""fe80::7:20:2"",dev=""ens4"",protocol=""ospf"",metric=""20"",route_index=""0"",nh_index=""1""",1
2026-07-28 12:56:00,ccf-aiops-南京,cr-1,cr,ipv6_route_nexthop_info,"prefix=""fd00:3:40::/64"",next_hop=""fe80::7:20:2"",dev=""ens4"",protocol=""ospf"",metric=""20"",route_index=""0"",nh_index=""1""",1
2026-07-28 12:56:00,ccf-aiops-南京,cr-1,cr,ipv6_route_nexthop_info,"prefix=""fd00:2:40::/64"",next_hop=""fe80::7:20:2"",dev=""ens4"",protocol=""ospf"",metric=""20"",route_index=""0"",nh_index=""1""",1
2026-07-28 12:56:00,ccf-aiops-南京,cr-1,cr,ipv6_route_nexthop_info,"prefix=""fd00:1:40::/64"",next_hop=""fe80::7:20:2"",dev=""ens4"",protocol=""ospf"",metric=""20"",route_index=""0"",nh_index=""1""",1
2026-07-28 12:56:00,ccf-aiops-南京,cr-1,cr,ipv6_route_nexthop_info,"prefix=""fd00:8:40::/64"",next_hop=""fe80::7:20:1"",dev=""ens4"",protocol=""ospf"",metric=""20"",route_index=""0"",nh_index=""0""",1
2026-07-28 12:56:00,ccf-aiops-南京,cr-1,cr,ipv6_route_nexthop_info,"prefix=""fd00:6:40::/64"",next_hop=""fe80::7:20:1"",dev=""ens4"",protocol=""ospf"",metric=""20"",route_index=""0"",nh_index=""0""",1
2026-07-28 12:56:00,ccf-aiops-南京,cr-1,cr,ipv6_route_nexthop_info,"prefix=""fd00:5:40::/64"",next_hop=""fe80::7:20:1"",dev=""ens4"",protocol=""ospf"",metric=""20"",route_index=""0"",nh_index=""0""",1
2026-07-28 12:56:00,ccf-aiops-南京,cr-1,cr,ipv6_route_nexthop_info,"prefix=""fd00:4:40::/64"",next_hop=""fe80::7:20:1"",dev=""ens4"",protocol=""ospf"",metric=""20"",route_index=""0"",nh_index=""0""",1
2026-07-28 12:56:00,ccf-aiops-南京,cr-1,cr,ipv6_route_nexthop_info,"prefix=""fd00:3:40::/64"",next_hop=""fe80::7:20:1"",dev=""ens4"",protocol=""ospf"",metric=""20"",route_index=""0"",nh_index=""0""",1
2026-07-28 12:56:00,ccf-aiops-南京,cr-1,cr,ipv6_route_nexthop_info,"prefix=""fd00:2:40::/64"",next_hop=""fe80::7:20:1"",dev=""ens4"",protocol=""ospf"",metric=""20"",route_index=""0"",nh_index=""0""",1
2026-07-28 12:56:00,ccf-aiops-南京,cr-1,cr,ipv6_route_nexthop_info,"prefix=""fd00:1:40::/64"",next_hop=""fe80::7:20:1"",dev=""ens4"",protocol=""ospf"",metric=""20"",route_index=""0"",nh_index=""0""",1
2026-07-28 12:56:00,ccf-aiops-南京,cr-1,cr,ipv6_route_nexthop_info,"prefix=""::/0"",next_hop=""fd00:7:20::2"",dev=""ens4"",protocol=""196"",metric=""20"",route_index=""0"",nh_index=""1""",1
2026-07-28 12:56:00,ccf-aiops-南京,cr-1,cr,ospf6_interface_cost,"interface=""ens5""",1
2026-07-28 12:56:00,ccf-aiops-南京,cr-1,cr,ospf6_interface_cost,"interface=""ens4""",1
2026-07-28 12:56:00,ccf-aiops-南京,cr-1,cr,ospf6_interface_enabled,"interface=""ens10""",1
2026-07-28 12:56:00,ccf-aiops-南京,cr-1,cr,ospf6_interface_enabled,"interface=""ens11""",1
2026-07-28 12:56:00,ccf-aiops-南京,cr-1,cr,ospf6_interface_enabled,"interface=""ens12""",1
2026-07-28 12:56:00,ccf-aiops-南京,cr-1,cr,ospf6_interface_enabled,"interface=""ens3""",1
2026-07-28 12:56:00,ccf-aiops-南京,cr-1,cr,ospf6_interface_enabled,"interface=""ens5""",1
2026-07-28 12:56:00,ccf-aiops-南京,cr-1,cr,ospf6_interface_enabled,"interface=""ens6""",1
2026-07-28 12:56:00,ccf-aiops-南京,cr-1,cr,ospf6_interface_enabled,"interface=""ens7""",1
2026-07-28 12:56:00,ccf-aiops-南京,cr-1,cr,ospf6_interface_enabled,"interface=""ens8""",1
2026-07-28 12:56:00,ccf-aiops-南京,cr-1,cr,ospf6_interface_enabled,"interface=""ens9""",1
2026-07-28 12:56:00,ccf-aiops-南京,cr-1,cr,ospf6_interface_enabled,"interface=""lo""",1
2026-07-28 12:56:00,ccf-aiops-南京,cr-1,cr,ospf6_interface_enabled,"interface=""virbr0""",0
2026-07-28 12:56:00,ccf-aiops-南京,cr-1,cr,ospf6_interface_enabled,"interface=""ens4""",1
2026-07-28 12:56:00,ccf-aiops-南京,cr-1,cr,ospf6_interface_enabled,"interface=""vxlan100""",1
2026-07-28 12:56:00,ccf-aiops-南京,cr-1,cr,ospf6_neighbor_state_code,"state=""Full"",interface=""ens4"",neighbor_id=""7.7.7.2""",6
2026-07-28 12:56:00,ccf-aiops-南京,cr-1,cr,ospf6_neighbor_state_code,"state=""Twoway"",interface=""ens4"",neighbor_id=""7.7.7.1""",2
2026-07-28 12:56:00,ccf-aiops-南京,cr-1,cr,ospf6_neighbor_state_code,"state=""Full"",interface=""ens4"",neighbor_id=""7.7.7.12""",6
2026-07-28 12:56:00,ccf-aiops-南京,cr-1,cr,ospf6_neighbor_state_code,"state=""Full"",interface=""ens5"",neighbor_id=""7.7.7.12""",6
2026-07-28 12:56:00,ccf-aiops-南京,cr-1,cr,bgp_command_success,,
2026-07-28 12:56:00,ccf-aiops-南京,cr-1,cr,bgp_peer_up,,
2026-07-28 12:56:00,ccf-aiops-南京,cr-1,cr,bgp_peer_uptime_seconds,,
2026-07-28 12:56:00,ccf-aiops-南京,cr-1,cr,bgp_peer_prefix_received,,
2026-07-28 12:56:00,ccf-aiops-南京,cr-1,cr,bgp_peer_prefix_sent,,
2026-07-28 12:56:00,ccf-aiops-南京,cr-1,cr,bgp_peer_count,,
2026-07-28 12:56:00,ccf-aiops-南京,cr-2,cr,ipv6_default_route_changed_total,,0
2026-07-28 12:56:00,ccf-aiops-南京,cr-2,cr,ipv6_default_route_info,"next_hop=""fd00:7:20::2"",dev=""ens4"",protocol=""196"",metric=""20"",route_index=""0"",nh_index=""1""",1
2026-07-28 12:56:00,ccf-aiops-南京,cr-2,cr,ipv6_default_route_info,"next_hop=""fd00:7:20::1"",dev=""ens4"",protocol=""196"",metric=""20"",route_index=""0"",nh_index=""0""",1
2026-07-28 12:56:00,ccf-aiops-南京,cr-2,cr,ipv6_route_change_total,"prefix=""fd00:7:40::/64""",0
2026-07-28 12:56:00,ccf-aiops-南京,cr-2,cr,ipv6_route_change_total,"prefix=""fd00:8:40::/64""",3
2026-07-28 12:56:00,ccf-aiops-南京,cr-2,cr,ipv6_route_change_total,"prefix=""fd00:2:40::/64""",3
2026-07-28 12:56:00,ccf-aiops-南京,cr-2,cr,ipv6_route_change_total,"prefix=""::/0""",0
2026-07-28 12:56:00,ccf-aiops-南京,cr-2,cr,ipv6_route_change_total,"prefix=""fd00:1:40::/64""",3
2026-07-28 12:56:00,ccf-aiops-南京,cr-2,cr,ipv6_route_change_total,"prefix=""fd00:6:40::/64""",3
2026-07-28 12:56:00,ccf-aiops-南京,cr-2,cr,ipv6_route_change_total,"prefix=""fd00:5:40::/64""",3
2026-07-28 12:56:00,ccf-aiops-南京,cr-2,cr,ipv6_route_change_total,"prefix=""fd00:4:40::/64""",3
2026-07-28 12:56:00,ccf-aiops-南京,cr-2,cr,ipv6_route_change_total,"prefix=""fd00:3:40::/64""",3
2026-07-28 12:56:00,ccf-aiops-南京,cr-2,cr,ipv6_route_count,"protocol=""all""",15
2026-07-28 12:56:00,ccf-aiops-南京,cr-2,cr,ipv6_route_count,"protocol=""196""",2
2026-07-28 12:56:00,ccf-aiops-南京,cr-2,cr,ipv6_route_count,"protocol=""kernel""",6
2026-07-28 12:56:00,ccf-aiops-南京,cr-2,cr,ipv6_route_count,"protocol=""ospf""",7
2026-07-28 12:56:00,ccf-aiops-南京,cr-2,cr,ipv6_route_exists,"prefix=""fd00:8:40::/64""",1
2026-07-28 12:56:00,ccf-aiops-南京,cr-2,cr,ipv6_route_exists,"prefix=""fd00:7:40::/64""",1
2026-07-28 12:56:00,ccf-aiops-南京,cr-2,cr,ipv6_route_exists,"prefix=""fd00:6:40::/64""",1
2026-07-28 12:56:00,ccf-aiops-南京,cr-2,cr,ipv6_route_exists,"prefix=""fd00:5:40::/64""",1
2026-07-28 12:56:00,ccf-aiops-南京,cr-2,cr,ipv6_route_exists,"prefix=""fd00:4:40::/64""",1
2026-07-28 12:56:00,ccf-aiops-南京,cr-2,cr,ipv6_route_exists,"prefix=""fd00:3:40::/64""",1
2026-07-28 12:56:00,ccf-aiops-南京,cr-2,cr,ipv6_route_exists,"prefix=""fd00:2:40::/64""",1
2026-07-28 12:56:00,ccf-aiops-南京,cr-2,cr,ipv6_route_exists,"prefix=""fd00:1:40::/64""",1
2026-07-28 12:56:00,ccf-aiops-南京,cr-2,cr,ipv6_route_exists,"prefix=""::/0""",1
2026-07-28 12:56:00,ccf-aiops-南京,cr-2,cr,ipv6_route_nexthop_info,"prefix=""fd00:2:40::/64"",next_hop=""fe80::7:20:1"",dev=""ens4"",protocol=""ospf"",metric=""20"",route_index=""0"",nh_index=""1""",1
2026-07-28 12:56:00,ccf-aiops-南京,cr-2,cr,ipv6_route_nexthop_info,"prefix=""fd00:1:40::/64"",next_hop=""fe80::7:20:1"",dev=""ens4"",protocol=""ospf"",metric=""20"",route_index=""0"",nh_index=""1""",1
2026-07-28 12:56:00,ccf-aiops-南京,cr-2,cr,ipv6_route_nexthop_info,"prefix=""fd00:1:40::/64"",next_hop=""fe80::7:20:2"",dev=""ens4"",protocol=""ospf"",metric=""20"",route_index=""0"",nh_index=""0""",1
2026-07-28 12:56:00,ccf-aiops-南京,cr-2,cr,ipv6_route_nexthop_info,"prefix=""::/0"",next_hop=""fd00:7:20::2"",dev=""ens4"",protocol=""196"",metric=""20"",route_index=""0"",nh_index=""1""",1
2026-07-28 12:56:00,ccf-aiops-南京,cr-2,cr,ipv6_route_nexthop_info,"prefix=""fd00:3:40::/64"",next_hop=""fe80::7:20:1"",dev=""ens4"",protocol=""ospf"",metric=""20"",route_index=""0"",nh_index=""1""",1
2026-07-28 12:56:00,ccf-aiops-南京,cr-2,cr,ipv6_route_nexthop_info,"prefix=""fd00:4:40::/64"",next_hop=""fe80::7:20:1"",dev=""ens4"",protocol=""ospf"",metric=""20"",route_index=""0"",nh_index=""1""",1
2026-07-28 12:56:00,ccf-aiops-南京,cr-2,cr,ipv6_route_nexthop_info,"prefix=""fd00:5:40::/64"",next_hop=""fe80::7:20:1"",dev=""ens4"",protocol=""ospf"",metric=""20"",route_index=""0"",nh_index=""1""",1
2026-07-28 12:56:00,ccf-aiops-南京,cr-2,cr,ipv6_route_nexthop_info,"prefix=""fd00:6:40::/64"",next_hop=""fe80::7:20:1"",dev=""ens4"",protocol=""ospf"",metric=""20"",route_index=""0"",nh_index=""1""",1
2026-07-28 12:56:00,ccf-aiops-南京,cr-2,cr,ipv6_route_nexthop_info,"prefix=""fd00:8:40::/64"",next_hop=""fe80::7:20:1"",dev=""ens4"",protocol=""ospf"",metric=""20"",route_index=""0"",nh_index=""1""",1
2026-07-28 12:56:00,ccf-aiops-南京,cr-2,cr,ipv6_route_nexthop_info,"prefix=""::/0"",next_hop=""fd00:7:20::1"",dev=""ens4"",protocol=""196"",metric=""20"",route_index=""0"",nh_index=""0""",1
2026-07-28 12:56:00,ccf-aiops-南京,cr-2,cr,ipv6_route_nexthop_info,"prefix=""fd00:2:40::/64"",next_hop=""fe80::7:20:2"",dev=""ens4"",protocol=""ospf"",metric=""20"",route_index=""0"",nh_index=""0""",1
2026-07-28 12:56:00,ccf-aiops-南京,cr-2,cr,ipv6_route_nexthop_info,"prefix=""fd00:3:40::/64"",next_hop=""fe80::7:20:2"",dev=""ens4"",protocol=""ospf"",metric=""20"",route_index=""0"",nh_index=""0""",1
2026-07-28 12:56:00,ccf-aiops-南京,cr-2,cr,ipv6_route_nexthop_info,"prefix=""fd00:4:40::/64"",next_hop=""fe80::7:20:2"",dev=""ens4"",protocol=""ospf"",metric=""20"",route_index=""0"",nh_index=""0""",1
2026-07-28 12:56:00,ccf-aiops-南京,cr-2,cr,ipv6_route_nexthop_info,"prefix=""fd00:5:40::/64"",next_hop=""fe80::7:20:2"",dev=""ens4"",protocol=""ospf"",metric=""20"",route_index=""0"",nh_index=""0""",1
2026-07-28 12:56:00,ccf-aiops-南京,cr-2,cr,ipv6_route_nexthop_info,"prefix=""fd00:6:40::/64"",next_hop=""fe80::7:20:2"",dev=""ens4"",protocol=""ospf"",metric=""20"",route_index=""0"",nh_index=""0""",1
2026-07-28 12:56:00,ccf-aiops-南京,cr-2,cr,ipv6_route_nexthop_info,"prefix=""fd00:8:40::/64"",next_hop=""fe80::7:20:2"",dev=""ens4"",protocol=""ospf"",metric=""20"",route_index=""0"",nh_index=""0""",1
2026-07-28 12:56:00,ccf-aiops-南京,cr-2,cr,ipv6_route_nexthop_info,"prefix=""fd00:7:40::/64"",next_hop=""fd00:7:30::254"",dev=""ens5"",protocol=""196"",metric=""20"",route_index=""0"",nh_index=""0""",1
2026-07-28 12:56:00,ccf-aiops-南京,cr-2,cr,ospf6_interface_cost,"interface=""ens4""",1
2026-07-28 12:56:00,ccf-aiops-南京,cr-2,cr,ospf6_interface_cost,"interface=""ens5""",1
2026-07-28 12:56:00,ccf-aiops-南京,cr-2,cr,ospf6_interface_enabled,"interface=""ens6""",1
2026-07-28 12:56:00,ccf-aiops-南京,cr-2,cr,ospf6_interface_enabled,"interface=""lo""",1
2026-07-28 12:56:00,ccf-aiops-南京,cr-2,cr,ospf6_interface_enabled,"interface=""ens9""",1
2026-07-28 12:56:00,ccf-aiops-南京,cr-2,cr,ospf6_interface_enabled,"interface=""ens8""",1
2026-07-28 12:56:00,ccf-aiops-南京,cr-2,cr,ospf6_interface_enabled,"interface=""ens7""",1
2026-07-28 12:56:00,ccf-aiops-南京,cr-2,cr,ospf6_interface_enabled,"interface=""ens5""",1
2026-07-28 12:56:00,ccf-aiops-南京,cr-2,cr,ospf6_interface_enabled,"interface=""ens4""",1
2026-07-28 12:56:00,ccf-aiops-南京,cr-2,cr,ospf6_interface_enabled,"interface=""ens3""",1
2026-07-28 12:56:00,ccf-aiops-南京,cr-2,cr,ospf6_interface_enabled,"interface=""ens12""",1
2026-07-28 12:56:00,ccf-aiops-南京,cr-2,cr,ospf6_interface_enabled,"interface=""ens11""",1
2026-07-28 12:56:00,ccf-aiops-南京,cr-2,cr,ospf6_interface_enabled,"interface=""ens10""",1
2026-07-28 12:56:00,ccf-aiops-南京,cr-2,cr,ospf6_interface_enabled,"interface=""virbr0""",0
2026-07-28 12:56:00,ccf-aiops-南京,cr-2,cr,ospf6_neighbor_state_code,"state=""Full"",interface=""ens4"",neighbor_id=""7.7.7.1""",6
2026-07-28 12:56:00,ccf-aiops-南京,cr-2,cr,ospf6_neighbor_state_code,"state=""Full"",interface=""ens5"",neighbor_id=""7.7.7.11""",6
2026-07-28 12:56:00,ccf-aiops-南京,cr-2,cr,ospf6_neighbor_state_code,"state=""Full"",interface=""ens4"",neighbor_id=""7.7.7.2""",6
2026-07-28 12:56:00,ccf-aiops-南京,cr-2,cr,ospf6_neighbor_state_code,"state=""Full"",interface=""ens4"",neighbor_id=""7.7.7.11""",6
2026-07-28 12:56:00,ccf-aiops-南京,cr-2,cr,bgp_command_success,,
2026-07-28 12:56:00,ccf-aiops-南京,cr-2,cr,bgp_peer_up,,
2026-07-28 12:56:00,ccf-aiops-南京,cr-2,cr,bgp_peer_uptime_seconds,,
2026-07-28 12:56:00,ccf-aiops-南京,cr-2,cr,bgp_peer_prefix_received,,
2026-07-28 12:56:00,ccf-aiops-南京,cr-2,cr,bgp_peer_prefix_sent,,
2026-07-28 12:56:00,ccf-aiops-南京,cr-2,cr,bgp_peer_count,,
2026-07-28 12:57:00,ccf-aiops-南京,br-1,br,bgp_command_success,"command=""bgp_summary""",1
2026-07-28 12:57:00,ccf-aiops-南京,br-1,br,bgp_peer_count,,2
2026-07-28 12:57:00,ccf-aiops-南京,br-1,br,bgp_peer_prefix_received,"peer=""fd00:100:10::41"",remote_as=""65005"",state=""Established""",7
2026-07-28 12:57:00,ccf-aiops-南京,br-1,br,bgp_peer_prefix_received,"peer=""fd00:100:10::51"",remote_as=""65006"",state=""Established""",7
2026-07-28 12:57:00,ccf-aiops-南京,br-1,br,bgp_peer_prefix_sent,"peer=""fd00:100:10::51"",remote_as=""65006"",state=""Established""",8
2026-07-28 12:57:00,ccf-aiops-南京,br-1,br,bgp_peer_prefix_sent,"peer=""fd00:100:10::41"",remote_as=""65005"",state=""Established""",8
2026-07-28 12:57:00,ccf-aiops-南京,br-1,br,bgp_peer_up,"peer=""fd00:100:10::41"",remote_as=""65005"",state=""Established""",1
2026-07-28 12:57:00,ccf-aiops-南京,br-1,br,bgp_peer_up,"peer=""fd00:100:10::51"",remote_as=""65006"",state=""Established""",1
2026-07-28 12:57:00,ccf-aiops-南京,br-1,br,bgp_peer_uptime_seconds,"peer=""fd00:100:10::41"",remote_as=""65005"",state=""Established""",2413969
2026-07-28 12:57:00,ccf-aiops-南京,br-1,br,bgp_peer_uptime_seconds,"peer=""fd00:100:10::51"",remote_as=""65006"",state=""Established""",2413969
2026-07-28 12:57:00,ccf-aiops-南京,br-1,br,ipv6_default_route_changed_total,,0
2026-07-28 12:57:00,ccf-aiops-南京,br-1,br,ipv6_default_route_info,"next_hop=""240a:a023::1"",dev=""ens4"",protocol=""unknown"",metric=""1024"",route_index=""0"",nh_index=""0""",1
2026-07-28 12:57:00,ccf-aiops-南京,br-1,br,ipv6_route_change_total,"prefix=""::/0""",0
2026-07-28 12:57:00,ccf-aiops-南京,br-1,br,ipv6_route_change_total,"prefix=""fd00:1:40::/64""",0
2026-07-28 12:57:00,ccf-aiops-南京,br-1,br,ipv6_route_change_total,"prefix=""fd00:2:40::/64""",5
2026-07-28 12:57:00,ccf-aiops-南京,br-1,br,ipv6_route_change_total,"prefix=""fd00:3:40::/64""",0
2026-07-28 12:57:00,ccf-aiops-南京,br-1,br,ipv6_route_change_total,"prefix=""fd00:4:40::/64""",0
2026-07-28 12:57:00,ccf-aiops-南京,br-1,br,ipv6_route_change_total,"prefix=""fd00:5:40::/64""",0
2026-07-28 12:57:00,ccf-aiops-南京,br-1,br,ipv6_route_change_total,"prefix=""fd00:6:40::/64""",0
2026-07-28 12:57:00,ccf-aiops-南京,br-1,br,ipv6_route_change_total,"prefix=""fd00:7:40::/64""",8
2026-07-28 12:57:00,ccf-aiops-南京,br-1,br,ipv6_route_change_total,"prefix=""fd00:8:40::/64""",0
2026-07-28 12:57:00,ccf-aiops-南京,br-1,br,ipv6_route_count,"protocol=""unknown""",1
2026-07-28 12:57:00,ccf-aiops-南京,br-1,br,ipv6_route_count,"protocol=""ospf""",2
2026-07-28 12:57:00,ccf-aiops-南京,br-1,br,ipv6_route_count,"protocol=""kernel""",7
2026-07-28 12:57:00,ccf-aiops-南京,br-1,br,ipv6_route_count,"protocol=""bgp""",7
2026-07-28 12:57:00,ccf-aiops-南京,br-1,br,ipv6_route_count,"protocol=""all""",17
2026-07-28 12:57:00,ccf-aiops-南京,br-1,br,ipv6_route_exists,"prefix=""fd00:5:40::/64""",1
2026-07-28 12:57:00,ccf-aiops-南京,br-1,br,ipv6_route_exists,"prefix=""::/0""",1
2026-07-28 12:57:00,ccf-aiops-南京,br-1,br,ipv6_route_exists,"prefix=""fd00:1:40::/64""",1
2026-07-28 12:57:00,ccf-aiops-南京,br-1,br,ipv6_route_exists,"prefix=""fd00:2:40::/64""",1
2026-07-28 12:57:00,ccf-aiops-南京,br-1,br,ipv6_route_exists,"prefix=""fd00:3:40::/64""",1
2026-07-28 12:57:00,ccf-aiops-南京,br-1,br,ipv6_route_exists,"prefix=""fd00:8:40::/64""",1
2026-07-28 12:57:00,ccf-aiops-南京,br-1,br,ipv6_route_exists,"prefix=""fd00:7:40::/64""",1
2026-07-28 12:57:00,ccf-aiops-南京,br-1,br,ipv6_route_exists,"prefix=""fd00:6:40::/64""",1
2026-07-28 12:57:00,ccf-aiops-南京,br-1,br,ipv6_route_exists,"prefix=""fd00:4:40::/64""",1
2026-07-28 12:57:00,ccf-aiops-南京,br-1,br,ipv6_route_nexthop_info,"prefix=""fd00:7:40::/64"",next_hop=""fe80::7:20:11"",dev=""ens5"",protocol=""ospf"",metric=""20"",route_index=""0"",nh_index=""1""",1
2026-07-28 12:57:00,ccf-aiops-南京,br-1,br,ipv6_route_nexthop_info,"prefix=""fd00:6:40::/64"",next_hop=""fe80::100:10:51"",dev=""ens4"",protocol=""bgp"",metric=""20"",route_index=""0"",nh_index=""0""",1
2026-07-28 12:57:00,ccf-aiops-南京,br-1,br,ipv6_route_nexthop_info,"prefix=""fd00:2:40::/64"",next_hop=""fe80::100:10:51"",dev=""ens4"",protocol=""bgp"",metric=""20"",route_index=""0"",nh_index=""0""",1
2026-07-28 12:57:00,ccf-aiops-南京,br-1,br,ipv6_route_nexthop_info,"prefix=""fd00:1:40::/64"",next_hop=""fe80::100:10:51"",dev=""ens4"",protocol=""bgp"",metric=""20"",route_index=""0"",nh_index=""0""",1
2026-07-28 12:57:00,ccf-aiops-南京,br-1,br,ipv6_route_nexthop_info,"prefix=""fd00:7:40::/64"",next_hop=""fe80::7:20:12"",dev=""ens5"",protocol=""ospf"",metric=""20"",route_index=""0"",nh_index=""0""",1
2026-07-28 12:57:00,ccf-aiops-南京,br-1,br,ipv6_route_nexthop_info,"prefix=""fd00:8:40::/64"",next_hop=""fe80::100:10:41"",dev=""ens4"",protocol=""bgp"",metric=""20"",route_index=""0"",nh_index=""0""",1
2026-07-28 12:57:00,ccf-aiops-南京,br-1,br,ipv6_route_nexthop_info,"prefix=""fd00:5:40::/64"",next_hop=""fe80::100:10:41"",dev=""ens4"",protocol=""bgp"",metric=""20"",route_index=""0"",nh_index=""0""",1
2026-07-28 12:57:00,ccf-aiops-南京,br-1,br,ipv6_route_nexthop_info,"prefix=""fd00:4:40::/64"",next_hop=""fe80::100:10:41"",dev=""ens4"",protocol=""bgp"",metric=""20"",route_index=""0"",nh_index=""0""",1
2026-07-28 12:57:00,ccf-aiops-南京,br-1,br,ipv6_route_nexthop_info,"prefix=""fd00:3:40::/64"",next_hop=""fe80::100:10:41"",dev=""ens4"",protocol=""bgp"",metric=""20"",route_index=""0"",nh_index=""0""",1
2026-07-28 12:57:00,ccf-aiops-南京,br-1,br,ipv6_route_nexthop_info,"prefix=""::/0"",next_hop=""240a:a023::1"",dev=""ens4"",protocol=""unknown"",metric=""1024"",route_index=""0"",nh_index=""0""",1
2026-07-28 12:57:00,ccf-aiops-南京,br-1,br,ospf6_interface_cost,"interface=""ens5""",1
2026-07-28 12:57:00,ccf-aiops-南京,br-1,br,ospf6_interface_enabled,"interface=""ens12""",1
2026-07-28 12:57:00,ccf-aiops-南京,br-1,br,ospf6_interface_enabled,"interface=""ens11""",1
2026-07-28 12:57:00,ccf-aiops-南京,br-1,br,ospf6_interface_enabled,"interface=""ens10""",1
2026-07-28 12:57:00,ccf-aiops-南京,br-1,br,ospf6_interface_enabled,"interface=""ens3""",1
2026-07-28 12:57:00,ccf-aiops-南京,br-1,br,ospf6_interface_enabled,"interface=""ens4""",1
2026-07-28 12:57:00,ccf-aiops-南京,br-1,br,ospf6_interface_enabled,"interface=""virbr0""",0
2026-07-28 12:57:00,ccf-aiops-南京,br-1,br,ospf6_interface_enabled,"interface=""lo""",1
2026-07-28 12:57:00,ccf-aiops-南京,br-1,br,ospf6_interface_enabled,"interface=""ens9""",1
2026-07-28 12:57:00,ccf-aiops-南京,br-1,br,ospf6_interface_enabled,"interface=""ens8""",1
2026-07-28 12:57:00,ccf-aiops-南京,br-1,br,ospf6_interface_enabled,"interface=""ens7""",1
2026-07-28 12:57:00,ccf-aiops-南京,br-1,br,ospf6_interface_enabled,"interface=""ens6""",1
2026-07-28 12:57:00,ccf-aiops-南京,br-1,br,ospf6_interface_enabled,"interface=""ens5""",1
2026-07-28 12:57:00,ccf-aiops-南京,br-1,br,ospf6_neighbor_state_code,"state=""Full"",interface=""ens5"",neighbor_id=""7.7.7.12""",6
2026-07-28 12:57:00,ccf-aiops-南京,br-1,br,ospf6_neighbor_state_code,"state=""Twoway"",interface=""ens5"",neighbor_id=""7.7.7.11""",2
2026-07-28 12:57:00,ccf-aiops-南京,br-1,br,ospf6_neighbor_state_code,"state=""Full"",interface=""ens5"",neighbor_id=""7.7.7.2""",6
2026-07-28 12:57:00,ccf-aiops-南京,br-2,br,bgp_command_success,"command=""bgp_summary""",1
2026-07-28 12:57:00,ccf-aiops-南京,br-2,br,bgp_peer_count,,2
2026-07-28 12:57:00,ccf-aiops-南京,br-2,br,bgp_peer_prefix_received,"peer=""fd00:100:10::42"",remote_as=""65005"",state=""Established""",7
2026-07-28 12:57:00,ccf-aiops-南京,br-2,br,bgp_peer_prefix_received,"peer=""fd00:100:10::52"",remote_as=""65006"",state=""Established""",7
2026-07-28 12:57:00,ccf-aiops-南京,br-2,br,bgp_peer_prefix_sent,"peer=""fd00:100:10::52"",remote_as=""65006"",state=""Established""",8
2026-07-28 12:57:00,ccf-aiops-南京,br-2,br,bgp_peer_prefix_sent,"peer=""fd00:100:10::42"",remote_as=""65005"",state=""Established""",8
2026-07-28 12:57:00,ccf-aiops-南京,br-2,br,bgp_peer_up,"peer=""fd00:100:10::52"",remote_as=""65006"",state=""Established""",1
2026-07-28 12:57:00,ccf-aiops-南京,br-2,br,bgp_peer_up,"peer=""fd00:100:10::42"",remote_as=""65005"",state=""Established""",1
2026-07-28 12:57:00,ccf-aiops-南京,br-2,br,bgp_peer_uptime_seconds,"peer=""fd00:100:10::52"",remote_as=""65006"",state=""Established""",2413951
2026-07-28 12:57:00,ccf-aiops-南京,br-2,br,bgp_peer_uptime_seconds,"peer=""fd00:100:10::42"",remote_as=""65005"",state=""Established""",2413951
2026-07-28 12:57:00,ccf-aiops-南京,br-2,br,ipv6_default_route_changed_total,,0
2026-07-28 12:57:00,ccf-aiops-南京,br-2,br,ipv6_default_route_info,"next_hop=""240a:a023::1"",dev=""ens4"",protocol=""unknown"",metric=""1024"",route_index=""0"",nh_index=""0""",1
2026-07-28 12:57:00,ccf-aiops-南京,br-2,br,ipv6_route_change_total,"prefix=""fd00:5:40::/64""",0
2026-07-28 12:57:00,ccf-aiops-南京,br-2,br,ipv6_route_change_total,"prefix=""::/0""",0
2026-07-28 12:57:00,ccf-aiops-南京,br-2,br,ipv6_route_change_total,"prefix=""fd00:1:40::/64""",0
2026-07-28 12:57:00,ccf-aiops-南京,br-2,br,ipv6_route_change_total,"prefix=""fd00:2:40::/64""",3
2026-07-28 12:57:00,ccf-aiops-南京,br-2,br,ipv6_route_change_total,"prefix=""fd00:6:40::/64""",0
2026-07-28 12:57:00,ccf-aiops-南京,br-2,br,ipv6_route_change_total,"prefix=""fd00:7:40::/64""",10
2026-07-28 12:57:00,ccf-aiops-南京,br-2,br,ipv6_route_change_total,"prefix=""fd00:8:40::/64""",0
2026-07-28 12:57:00,ccf-aiops-南京,br-2,br,ipv6_route_change_total,"prefix=""fd00:3:40::/64""",0
2026-07-28 12:57:00,ccf-aiops-南京,br-2,br,ipv6_route_change_total,"prefix=""fd00:4:40::/64""",0
2026-07-28 12:57:00,ccf-aiops-南京,br-2,br,ipv6_route_count,"protocol=""all""",17
2026-07-28 12:57:00,ccf-aiops-南京,br-2,br,ipv6_route_count,"protocol=""unknown""",1
2026-07-28 12:57:00,ccf-aiops-南京,br-2,br,ipv6_route_count,"protocol=""ospf""",2
2026-07-28 12:57:00,ccf-aiops-南京,br-2,br,ipv6_route_count,"protocol=""kernel""",7
2026-07-28 12:57:00,ccf-aiops-南京,br-2,br,ipv6_route_count,"protocol=""bgp""",7
2026-07-28 12:57:00,ccf-aiops-南京,br-2,br,ipv6_route_exists,"prefix=""fd00:3:40::/64""",1
2026-07-28 12:57:00,ccf-aiops-南京,br-2,br,ipv6_route_exists,"prefix=""fd00:4:40::/64""",1
2026-07-28 12:57:00,ccf-aiops-南京,br-2,br,ipv6_route_exists,"prefix=""fd00:2:40::/64""",1
2026-07-28 12:57:00,ccf-aiops-南京,br-2,br,ipv6_route_exists,"prefix=""fd00:1:40::/64""",1
2026-07-28 12:57:00,ccf-aiops-南京,br-2,br,ipv6_route_exists,"prefix=""fd00:6:40::/64""",1
2026-07-28 12:57:00,ccf-aiops-南京,br-2,br,ipv6_route_exists,"prefix=""fd00:5:40::/64""",1
2026-07-28 12:57:00,ccf-aiops-南京,br-2,br,ipv6_route_exists,"prefix=""::/0""",1
2026-07-28 12:57:00,ccf-aiops-南京,br-2,br,ipv6_route_exists,"prefix=""fd00:7:40::/64""",1
2026-07-28 12:57:00,ccf-aiops-南京,br-2,br,ipv6_route_exists,"prefix=""fd00:8:40::/64""",1
2026-07-28 12:57:00,ccf-aiops-南京,br-2,br,ipv6_route_nexthop_info,"prefix=""fd00:6:40::/64"",next_hop=""fe80::100:10:52"",dev=""ens4"",protocol=""bgp"",metric=""20"",route_index=""0"",nh_index=""0""",1
2026-07-28 12:57:00,ccf-aiops-南京,br-2,br,ipv6_route_nexthop_info,"prefix=""fd00:2:40::/64"",next_hop=""fe80::100:10:52"",dev=""ens4"",protocol=""bgp"",metric=""20"",route_index=""0"",nh_index=""0""",1
2026-07-28 12:57:00,ccf-aiops-南京,br-2,br,ipv6_route_nexthop_info,"prefix=""fd00:1:40::/64"",next_hop=""fe80::100:10:52"",dev=""ens4"",protocol=""bgp"",metric=""20"",route_index=""0"",nh_index=""0""",1
2026-07-28 12:57:00,ccf-aiops-南京,br-2,br,ipv6_route_nexthop_info,"prefix=""fd00:8:40::/64"",next_hop=""fe80::100:10:42"",dev=""ens4"",protocol=""bgp"",metric=""20"",route_index=""0"",nh_index=""0""",1
2026-07-28 12:57:00,ccf-aiops-南京,br-2,br,ipv6_route_nexthop_info,"prefix=""fd00:3:40::/64"",next_hop=""fe80::100:10:42"",dev=""ens4"",protocol=""bgp"",metric=""20"",route_index=""0"",nh_index=""0""",1
2026-07-28 12:57:00,ccf-aiops-南京,br-2,br,ipv6_route_nexthop_info,"prefix=""::/0"",next_hop=""240a:a023::1"",dev=""ens4"",protocol=""unknown"",metric=""1024"",route_index=""0"",nh_index=""0""",1
2026-07-28 12:57:00,ccf-aiops-南京,br-2,br,ipv6_route_nexthop_info,"prefix=""fd00:7:40::/64"",next_hop=""fe80::7:20:11"",dev=""ens5"",protocol=""ospf"",metric=""20"",route_index=""0"",nh_index=""1""",1
2026-07-28 12:57:00,ccf-aiops-南京,br-2,br,ipv6_route_nexthop_info,"prefix=""fd00:7:40::/64"",next_hop=""fe80::7:20:12"",dev=""ens5"",protocol=""ospf"",metric=""20"",route_index=""0"",nh_index=""0""",1
2026-07-28 12:57:00,ccf-aiops-南京,br-2,br,ipv6_route_nexthop_info,"prefix=""fd00:5:40::/64"",next_hop=""fe80::100:10:42"",dev=""ens4"",protocol=""bgp"",metric=""20"",route_index=""0"",nh_index=""0""",1
2026-07-28 12:57:00,ccf-aiops-南京,br-2,br,ipv6_route_nexthop_info,"prefix=""fd00:4:40::/64"",next_hop=""fe80::100:10:42"",dev=""ens4"",protocol=""bgp"",metric=""20"",route_index=""0"",nh_index=""0""",1
2026-07-28 12:57:00,ccf-aiops-南京,br-2,br,ospf6_interface_cost,"interface=""ens5""",1
2026-07-28 12:57:00,ccf-aiops-南京,br-2,br,ospf6_interface_enabled,"interface=""ens11""",1
2026-07-28 12:57:00,ccf-aiops-南京,br-2,br,ospf6_interface_enabled,"interface=""ens8""",1
2026-07-28 12:57:00,ccf-aiops-南京,br-2,br,ospf6_interface_enabled,"interface=""virbr0""",0
2026-07-28 12:57:00,ccf-aiops-南京,br-2,br,ospf6_interface_enabled,"interface=""lo""",1
2026-07-28 12:57:00,ccf-aiops-南京,br-2,br,ospf6_interface_enabled,"interface=""ens9""",1
2026-07-28 12:57:00,ccf-aiops-南京,br-2,br,ospf6_interface_enabled,"interface=""ens10""",1
2026-07-28 12:57:00,ccf-aiops-南京,br-2,br,ospf6_interface_enabled,"interface=""ens12""",1
2026-07-28 12:57:00,ccf-aiops-南京,br-2,br,ospf6_interface_enabled,"interface=""ens3""",1
2026-07-28 12:57:00,ccf-aiops-南京,br-2,br,ospf6_interface_enabled,"interface=""ens4""",1
2026-07-28 12:57:00,ccf-aiops-南京,br-2,br,ospf6_interface_enabled,"interface=""ens5""",1
2026-07-28 12:57:00,ccf-aiops-南京,br-2,br,ospf6_interface_enabled,"interface=""ens6""",1
2026-07-28 12:57:00,ccf-aiops-南京,br-2,br,ospf6_interface_enabled,"interface=""ens7""",1
2026-07-28 12:57:00,ccf-aiops-南京,br-2,br,ospf6_neighbor_state_code,"state=""Full"",interface=""ens5"",neighbor_id=""7.7.7.12""",6
2026-07-28 12:57:00,ccf-aiops-南京,br-2,br,ospf6_neighbor_state_code,"state=""Full"",interface=""ens5"",neighbor_id=""7.7.7.11""",6
2026-07-28 12:57:00,ccf-aiops-南京,br-2,br,ospf6_neighbor_state_code,"state=""Full"",interface=""ens5"",neighbor_id=""7.7.7.1""",6
2026-07-28 12:57:00,ccf-aiops-南京,cr-1,cr,ipv6_default_route_changed_total,,0
2026-07-28 12:57:00,ccf-aiops-南京,cr-1,cr,ipv6_default_route_info,"next_hop=""fd00:7:20::1"",dev=""ens4"",protocol=""196"",metric=""20"",route_index=""0"",nh_index=""0""",1
2026-07-28 12:57:00,ccf-aiops-南京,cr-1,cr,ipv6_default_route_info,"next_hop=""fd00:7:20::2"",dev=""ens4"",protocol=""196"",metric=""20"",route_index=""0"",nh_index=""1""",1
2026-07-28 12:57:00,ccf-aiops-南京,cr-1,cr,ipv6_route_change_total,"prefix=""::/0""",0
2026-07-28 12:57:00,ccf-aiops-南京,cr-1,cr,ipv6_route_change_total,"prefix=""fd00:6:40::/64""",5
2026-07-28 12:57:00,ccf-aiops-南京,cr-1,cr,ipv6_route_change_total,"prefix=""fd00:7:40::/64""",0
2026-07-28 12:57:00,ccf-aiops-南京,cr-1,cr,ipv6_route_change_total,"prefix=""fd00:8:40::/64""",5
2026-07-28 12:57:00,ccf-aiops-南京,cr-1,cr,ipv6_route_change_total,"prefix=""fd00:5:40::/64""",5
2026-07-28 12:57:00,ccf-aiops-南京,cr-1,cr,ipv6_route_change_total,"prefix=""fd00:4:40::/64""",5
2026-07-28 12:57:00,ccf-aiops-南京,cr-1,cr,ipv6_route_change_total,"prefix=""fd00:3:40::/64""",0
2026-07-28 12:57:00,ccf-aiops-南京,cr-1,cr,ipv6_route_change_total,"prefix=""fd00:2:40::/64""",0
2026-07-28 12:57:00,ccf-aiops-南京,cr-1,cr,ipv6_route_change_total,"prefix=""fd00:1:40::/64""",5
2026-07-28 12:57:00,ccf-aiops-南京,cr-1,cr,ipv6_route_count,"protocol=""kernel""",7
2026-07-28 12:57:00,ccf-aiops-南京,cr-1,cr,ipv6_route_count,"protocol=""all""",16
2026-07-28 12:57:00,ccf-aiops-南京,cr-1,cr,ipv6_route_count,"protocol=""196""",2
2026-07-28 12:57:00,ccf-aiops-南京,cr-1,cr,ipv6_route_count,"protocol=""ospf""",7
2026-07-28 12:57:00,ccf-aiops-南京,cr-1,cr,ipv6_route_exists,"prefix=""::/0""",1
2026-07-28 12:57:00,ccf-aiops-南京,cr-1,cr,ipv6_route_exists,"prefix=""fd00:8:40::/64""",1
2026-07-28 12:57:00,ccf-aiops-南京,cr-1,cr,ipv6_route_exists,"prefix=""fd00:7:40::/64""",1
2026-07-28 12:57:00,ccf-aiops-南京,cr-1,cr,ipv6_route_exists,"prefix=""fd00:6:40::/64""",1
2026-07-28 12:57:00,ccf-aiops-南京,cr-1,cr,ipv6_route_exists,"prefix=""fd00:5:40::/64""",1
2026-07-28 12:57:00,ccf-aiops-南京,cr-1,cr,ipv6_route_exists,"prefix=""fd00:4:40::/64""",1
2026-07-28 12:57:00,ccf-aiops-南京,cr-1,cr,ipv6_route_exists,"prefix=""fd00:3:40::/64""",1
2026-07-28 12:57:00,ccf-aiops-南京,cr-1,cr,ipv6_route_exists,"prefix=""fd00:2:40::/64""",1
2026-07-28 12:57:00,ccf-aiops-南京,cr-1,cr,ipv6_route_exists,"prefix=""fd00:1:40::/64""",1
2026-07-28 12:57:00,ccf-aiops-南京,cr-1,cr,ipv6_route_nexthop_info,"prefix=""fd00:3:40::/64"",next_hop=""fe80::7:20:1"",dev=""ens4"",protocol=""ospf"",metric=""20"",route_index=""0"",nh_index=""0""",1
2026-07-28 12:57:00,ccf-aiops-南京,cr-1,cr,ipv6_route_nexthop_info,"prefix=""fd00:7:40::/64"",next_hop=""fd00:7:30::254"",dev=""ens5"",protocol=""196"",metric=""20"",route_index=""0"",nh_index=""0""",1
2026-07-28 12:57:00,ccf-aiops-南京,cr-1,cr,ipv6_route_nexthop_info,"prefix=""::/0"",next_hop=""fd00:7:20::1"",dev=""ens4"",protocol=""196"",metric=""20"",route_index=""0"",nh_index=""0""",1
2026-07-28 12:57:00,ccf-aiops-南京,cr-1,cr,ipv6_route_nexthop_info,"prefix=""::/0"",next_hop=""fd00:7:20::2"",dev=""ens4"",protocol=""196"",metric=""20"",route_index=""0"",nh_index=""1""",1
2026-07-28 12:57:00,ccf-aiops-南京,cr-1,cr,ipv6_route_nexthop_info,"prefix=""fd00:1:40::/64"",next_hop=""fe80::7:20:1"",dev=""ens4"",protocol=""ospf"",metric=""20"",route_index=""0"",nh_index=""0""",1
2026-07-28 12:57:00,ccf-aiops-南京,cr-1,cr,ipv6_route_nexthop_info,"prefix=""fd00:8:40::/64"",next_hop=""fe80::7:20:2"",dev=""ens4"",protocol=""ospf"",metric=""20"",route_index=""0"",nh_index=""1""",1
2026-07-28 12:57:00,ccf-aiops-南京,cr-1,cr,ipv6_route_nexthop_info,"prefix=""fd00:6:40::/64"",next_hop=""fe80::7:20:2"",dev=""ens4"",protocol=""ospf"",metric=""20"",route_index=""0"",nh_index=""1""",1
2026-07-28 12:57:00,ccf-aiops-南京,cr-1,cr,ipv6_route_nexthop_info,"prefix=""fd00:5:40::/64"",next_hop=""fe80::7:20:2"",dev=""ens4"",protocol=""ospf"",metric=""20"",route_index=""0"",nh_index=""1""",1
2026-07-28 12:57:00,ccf-aiops-南京,cr-1,cr,ipv6_route_nexthop_info,"prefix=""fd00:4:40::/64"",next_hop=""fe80::7:20:2"",dev=""ens4"",protocol=""ospf"",metric=""20"",route_index=""0"",nh_index=""1""",1
2026-07-28 12:57:00,ccf-aiops-南京,cr-1,cr,ipv6_route_nexthop_info,"prefix=""fd00:3:40::/64"",next_hop=""fe80::7:20:2"",dev=""ens4"",protocol=""ospf"",metric=""20"",route_index=""0"",nh_index=""1""",1
2026-07-28 12:57:00,ccf-aiops-南京,cr-1,cr,ipv6_route_nexthop_info,"prefix=""fd00:2:40::/64"",next_hop=""fe80::7:20:2"",dev=""ens4"",protocol=""ospf"",metric=""20"",route_index=""0"",nh_index=""1""",1
2026-07-28 12:57:00,ccf-aiops-南京,cr-1,cr,ipv6_route_nexthop_info,"prefix=""fd00:1:40::/64"",next_hop=""fe80::7:20:2"",dev=""ens4"",protocol=""ospf"",metric=""20"",route_index=""0"",nh_index=""1""",1
2026-07-28 12:57:00,ccf-aiops-南京,cr-1,cr,ipv6_route_nexthop_info,"prefix=""fd00:8:40::/64"",next_hop=""fe80::7:20:1"",dev=""ens4"",protocol=""ospf"",metric=""20"",route_index=""0"",nh_index=""0""",1
2026-07-28 12:57:00,ccf-aiops-南京,cr-1,cr,ipv6_route_nexthop_info,"prefix=""fd00:6:40::/64"",next_hop=""fe80::7:20:1"",dev=""ens4"",protocol=""ospf"",metric=""20"",route_index=""0"",nh_index=""0""",1
2026-07-28 12:57:00,ccf-aiops-南京,cr-1,cr,ipv6_route_nexthop_info,"prefix=""fd00:5:40::/64"",next_hop=""fe80::7:20:1"",dev=""ens4"",protocol=""ospf"",metric=""20"",route_index=""0"",nh_index=""0""",1
2026-07-28 12:57:00,ccf-aiops-南京,cr-1,cr,ipv6_route_nexthop_info,"prefix=""fd00:4:40::/64"",next_hop=""fe80::7:20:1"",dev=""ens4"",protocol=""ospf"",metric=""20"",route_index=""0"",nh_index=""0""",1
2026-07-28 12:57:00,ccf-aiops-南京,cr-1,cr,ipv6_route_nexthop_info,"prefix=""fd00:2:40::/64"",next_hop=""fe80::7:20:1"",dev=""ens4"",protocol=""ospf"",metric=""20"",route_index=""0"",nh_index=""0""",1
2026-07-28 12:57:00,ccf-aiops-南京,cr-1,cr,ospf6_interface_cost,"interface=""ens5""",1
2026-07-28 12:57:00,ccf-aiops-南京,cr-1,cr,ospf6_interface_cost,"interface=""ens4""",1
2026-07-28 12:57:00,ccf-aiops-南京,cr-1,cr,ospf6_interface_enabled,"interface=""ens7""",1
2026-07-28 12:57:00,ccf-aiops-南京,cr-1,cr,ospf6_interface_enabled,"interface=""ens4""",1
2026-07-28 12:57:00,ccf-aiops-南京,cr-1,cr,ospf6_interface_enabled,"interface=""ens10""",1
2026-07-28 12:57:00,ccf-aiops-南京,cr-1,cr,ospf6_interface_enabled,"interface=""vxlan100""",1
2026-07-28 12:57:00,ccf-aiops-南京,cr-1,cr,ospf6_interface_enabled,"interface=""ens9""",1
2026-07-28 12:57:00,ccf-aiops-南京,cr-1,cr,ospf6_interface_enabled,"interface=""ens8""",1
2026-07-28 12:57:00,ccf-aiops-南京,cr-1,cr,ospf6_interface_enabled,"interface=""ens6""",1
2026-07-28 12:57:00,ccf-aiops-南京,cr-1,cr,ospf6_interface_enabled,"interface=""virbr0""",0
2026-07-28 12:57:00,ccf-aiops-南京,cr-1,cr,ospf6_interface_enabled,"interface=""ens5""",1
2026-07-28 12:57:00,ccf-aiops-南京,cr-1,cr,ospf6_interface_enabled,"interface=""ens3""",1
2026-07-28 12:57:00,ccf-aiops-南京,cr-1,cr,ospf6_interface_enabled,"interface=""lo""",1
2026-07-28 12:57:00,ccf-aiops-南京,cr-1,cr,ospf6_interface_enabled,"interface=""ens12""",1
2026-07-28 12:57:00,ccf-aiops-南京,cr-1,cr,ospf6_interface_enabled,"interface=""ens11""",1
2026-07-28 12:57:00,ccf-aiops-南京,cr-1,cr,ospf6_neighbor_state_code,"state=""Twoway"",interface=""ens4"",neighbor_id=""7.7.7.1""",2
2026-07-28 12:57:00,ccf-aiops-南京,cr-1,cr,ospf6_neighbor_state_code,"state=""Full"",interface=""ens4"",neighbor_id=""7.7.7.12""",6
2026-07-28 12:57:00,ccf-aiops-南京,cr-1,cr,ospf6_neighbor_state_code,"state=""Full"",interface=""ens4"",neighbor_id=""7.7.7.2""",6
2026-07-28 12:57:00,ccf-aiops-南京,cr-1,cr,ospf6_neighbor_state_code,"state=""Full"",interface=""ens5"",neighbor_id=""7.7.7.12""",6
2026-07-28 12:57:00,ccf-aiops-南京,cr-1,cr,bgp_command_success,,
2026-07-28 12:57:00,ccf-aiops-南京,cr-1,cr,bgp_peer_up,,
2026-07-28 12:57:00,ccf-aiops-南京,cr-1,cr,bgp_peer_uptime_seconds,,
2026-07-28 12:57:00,ccf-aiops-南京,cr-1,cr,bgp_peer_prefix_received,,
2026-07-28 12:57:00,ccf-aiops-南京,cr-1,cr,bgp_peer_prefix_sent,,
2026-07-28 12:57:00,ccf-aiops-南京,cr-1,cr,bgp_peer_count,,
2026-07-28 12:57:00,ccf-aiops-南京,cr-2,cr,ipv6_default_route_changed_total,,0
2026-07-28 12:57:00,ccf-aiops-南京,cr-2,cr,ipv6_default_route_info,"next_hop=""fd00:7:20::2"",dev=""ens4"",protocol=""196"",metric=""20"",route_index=""0"",nh_index=""1""",1
2026-07-28 12:57:00,ccf-aiops-南京,cr-2,cr,ipv6_default_route_info,"next_hop=""fd00:7:20::1"",dev=""ens4"",protocol=""196"",metric=""20"",route_index=""0"",nh_index=""0""",1
2026-07-28 12:57:00,ccf-aiops-南京,cr-2,cr,ipv6_route_change_total,"prefix=""fd00:7:40::/64""",0
2026-07-28 12:57:00,ccf-aiops-南京,cr-2,cr,ipv6_route_change_total,"prefix=""::/0""",0
2026-07-28 12:57:00,ccf-aiops-南京,cr-2,cr,ipv6_route_change_total,"prefix=""fd00:1:40::/64""",3
2026-07-28 12:57:00,ccf-aiops-南京,cr-2,cr,ipv6_route_change_total,"prefix=""fd00:2:40::/64""",3
2026-07-28 12:57:00,ccf-aiops-南京,cr-2,cr,ipv6_route_change_total,"prefix=""fd00:3:40::/64""",3
2026-07-28 12:57:00,ccf-aiops-南京,cr-2,cr,ipv6_route_change_total,"prefix=""fd00:4:40::/64""",3
2026-07-28 12:57:00,ccf-aiops-南京,cr-2,cr,ipv6_route_change_total,"prefix=""fd00:5:40::/64""",3
2026-07-28 12:57:00,ccf-aiops-南京,cr-2,cr,ipv6_route_change_total,"prefix=""fd00:6:40::/64""",3
2026-07-28 12:57:00,ccf-aiops-南京,cr-2,cr,ipv6_route_change_total,"prefix=""fd00:8:40::/64""",3
2026-07-28 12:57:00,ccf-aiops-南京,cr-2,cr,ipv6_route_count,"protocol=""196""",2
2026-07-28 12:57:00,ccf-aiops-南京,cr-2,cr,ipv6_route_count,"protocol=""all""",15
2026-07-28 12:57:00,ccf-aiops-南京,cr-2,cr,ipv6_route_count,"protocol=""kernel""",6
2026-07-28 12:57:00,ccf-aiops-南京,cr-2,cr,ipv6_route_count,"protocol=""ospf""",7
2026-07-28 12:57:00,ccf-aiops-南京,cr-2,cr,ipv6_route_exists,"prefix=""fd00:7:40::/64""",1
2026-07-28 12:57:00,ccf-aiops-南京,cr-2,cr,ipv6_route_exists,"prefix=""fd00:8:40::/64""",1
2026-07-28 12:57:00,ccf-aiops-南京,cr-2,cr,ipv6_route_exists,"prefix=""::/0""",1
2026-07-28 12:57:00,ccf-aiops-南京,cr-2,cr,ipv6_route_exists,"prefix=""fd00:1:40::/64""",1
2026-07-28 12:57:00,ccf-aiops-南京,cr-2,cr,ipv6_route_exists,"prefix=""fd00:2:40::/64""",1
2026-07-28 12:57:00,ccf-aiops-南京,cr-2,cr,ipv6_route_exists,"prefix=""fd00:3:40::/64""",1
2026-07-28 12:57:00,ccf-aiops-南京,cr-2,cr,ipv6_route_exists,"prefix=""fd00:4:40::/64""",1
2026-07-28 12:57:00,ccf-aiops-南京,cr-2,cr,ipv6_route_exists,"prefix=""fd00:5:40::/64""",1
2026-07-28 12:57:00,ccf-aiops-南京,cr-2,cr,ipv6_route_exists,"prefix=""fd00:6:40::/64""",1
2026-07-28 12:57:00,ccf-aiops-南京,cr-2,cr,ipv6_route_nexthop_info,"prefix=""fd00:4:40::/64"",next_hop=""fe80::7:20:1"",dev=""ens4"",protocol=""ospf"",metric=""20"",route_index=""0"",nh_index=""1""",1
2026-07-28 12:57:00,ccf-aiops-南京,cr-2,cr,ipv6_route_nexthop_info,"prefix=""fd00:1:40::/64"",next_hop=""fe80::7:20:1"",dev=""ens4"",protocol=""ospf"",metric=""20"",route_index=""0"",nh_index=""1""",1
2026-07-28 12:57:00,ccf-aiops-南京,cr-2,cr,ipv6_route_nexthop_info,"prefix=""::/0"",next_hop=""fd00:7:20::2"",dev=""ens4"",protocol=""196"",metric=""20"",route_index=""0"",nh_index=""1""",1
2026-07-28 12:57:00,ccf-aiops-南京,cr-2,cr,ipv6_route_nexthop_info,"prefix=""::/0"",next_hop=""fd00:7:20::1"",dev=""ens4"",protocol=""196"",metric=""20"",route_index=""0"",nh_index=""0""",1
2026-07-28 12:57:00,ccf-aiops-南京,cr-2,cr,ipv6_route_nexthop_info,"prefix=""fd00:2:40::/64"",next_hop=""fe80::7:20:1"",dev=""ens4"",protocol=""ospf"",metric=""20"",route_index=""0"",nh_index=""1""",1
2026-07-28 12:57:00,ccf-aiops-南京,cr-2,cr,ipv6_route_nexthop_info,"prefix=""fd00:3:40::/64"",next_hop=""fe80::7:20:1"",dev=""ens4"",protocol=""ospf"",metric=""20"",route_index=""0"",nh_index=""1""",1
2026-07-28 12:57:00,ccf-aiops-南京,cr-2,cr,ipv6_route_nexthop_info,"prefix=""fd00:5:40::/64"",next_hop=""fe80::7:20:1"",dev=""ens4"",protocol=""ospf"",metric=""20"",route_index=""0"",nh_index=""1""",1
2026-07-28 12:57:00,ccf-aiops-南京,cr-2,cr,ipv6_route_nexthop_info,"prefix=""fd00:6:40::/64"",next_hop=""fe80::7:20:1"",dev=""ens4"",protocol=""ospf"",metric=""20"",route_index=""0"",nh_index=""1""",1
2026-07-28 12:57:00,ccf-aiops-南京,cr-2,cr,ipv6_route_nexthop_info,"prefix=""fd00:8:40::/64"",next_hop=""fe80::7:20:1"",dev=""ens4"",protocol=""ospf"",metric=""20"",route_index=""0"",nh_index=""1""",1
2026-07-28 12:57:00,ccf-aiops-南京,cr-2,cr,ipv6_route_nexthop_info,"prefix=""fd00:1:40::/64"",next_hop=""fe80::7:20:2"",dev=""ens4"",protocol=""ospf"",metric=""20"",route_index=""0"",nh_index=""0""",1
2026-07-28 12:57:00,ccf-aiops-南京,cr-2,cr,ipv6_route_nexthop_info,"prefix=""fd00:2:40::/64"",next_hop=""fe80::7:20:2"",dev=""ens4"",protocol=""ospf"",metric=""20"",route_index=""0"",nh_index=""0""",1
2026-07-28 12:57:00,ccf-aiops-南京,cr-2,cr,ipv6_route_nexthop_info,"prefix=""fd00:3:40::/64"",next_hop=""fe80::7:20:2"",dev=""ens4"",protocol=""ospf"",metric=""20"",route_index=""0"",nh_index=""0""",1
2026-07-28 12:57:00,ccf-aiops-南京,cr-2,cr,ipv6_route_nexthop_info,"prefix=""fd00:4:40::/64"",next_hop=""fe80::7:20:2"",dev=""ens4"",protocol=""ospf"",metric=""20"",route_index=""0"",nh_index=""0""",1
2026-07-28 12:57:00,ccf-aiops-南京,cr-2,cr,ipv6_route_nexthop_info,"prefix=""fd00:5:40::/64"",next_hop=""fe80::7:20:2"",dev=""ens4"",protocol=""ospf"",metric=""20"",route_index=""0"",nh_index=""0""",1
2026-07-28 12:57:00,ccf-aiops-南京,cr-2,cr,ipv6_route_nexthop_info,"prefix=""fd00:6:40::/64"",next_hop=""fe80::7:20:2"",dev=""ens4"",protocol=""ospf"",metric=""20"",route_index=""0"",nh_index=""0""",1
2026-07-28 12:57:00,ccf-aiops-南京,cr-2,cr,ipv6_route_nexthop_info,"prefix=""fd00:8:40::/64"",next_hop=""fe80::7:20:2"",dev=""ens4"",protocol=""ospf"",metric=""20"",route_index=""0"",nh_index=""0""",1
2026-07-28 12:57:00,ccf-aiops-南京,cr-2,cr,ipv6_route_nexthop_info,"prefix=""fd00:7:40::/64"",next_hop=""fd00:7:30::254"",dev=""ens5"",protocol=""196"",metric=""20"",route_index=""0"",nh_index=""0""",1
2026-07-28 12:57:00,ccf-aiops-南京,cr-2,cr,ospf6_interface_cost,"interface=""ens5""",1
2026-07-28 12:57:00,ccf-aiops-南京,cr-2,cr,ospf6_interface_cost,"interface=""ens4""",1
2026-07-28 12:57:00,ccf-aiops-南京,cr-2,cr,ospf6_interface_enabled,"interface=""ens7""",1
2026-07-28 12:57:00,ccf-aiops-南京,cr-2,cr,ospf6_interface_enabled,"interface=""lo""",1
2026-07-28 12:57:00,ccf-aiops-南京,cr-2,cr,ospf6_interface_enabled,"interface=""ens10""",1
2026-07-28 12:57:00,ccf-aiops-南京,cr-2,cr,ospf6_interface_enabled,"interface=""ens11""",1
2026-07-28 12:57:00,ccf-aiops-南京,cr-2,cr,ospf6_interface_enabled,"interface=""ens12""",1
2026-07-28 12:57:00,ccf-aiops-南京,cr-2,cr,ospf6_interface_enabled,"interface=""ens3""",1
2026-07-28 12:57:00,ccf-aiops-南京,cr-2,cr,ospf6_interface_enabled,"interface=""ens4""",1
2026-07-28 12:57:00,ccf-aiops-南京,cr-2,cr,ospf6_interface_enabled,"interface=""ens5""",1
2026-07-28 12:57:00,ccf-aiops-南京,cr-2,cr,ospf6_interface_enabled,"interface=""ens6""",1
2026-07-28 12:57:00,ccf-aiops-南京,cr-2,cr,ospf6_interface_enabled,"interface=""ens8""",1
2026-07-28 12:57:00,ccf-aiops-南京,cr-2,cr,ospf6_interface_enabled,"interface=""ens9""",1
2026-07-28 12:57:00,ccf-aiops-南京,cr-2,cr,ospf6_interface_enabled,"interface=""virbr0""",0
2026-07-28 12:57:00,ccf-aiops-南京,cr-2,cr,ospf6_neighbor_state_code,"state=""Full"",interface=""ens4"",neighbor_id=""7.7.7.1""",6
2026-07-28 12:57:00,ccf-aiops-南京,cr-2,cr,ospf6_neighbor_state_code,"state=""Full"",interface=""ens4"",neighbor_id=""7.7.7.11""",6
2026-07-28 12:57:00,ccf-aiops-南京,cr-2,cr,ospf6_neighbor_state_code,"state=""Full"",interface=""ens4"",neighbor_id=""7.7.7.2""",6
2026-07-28 12:57:00,ccf-aiops-南京,cr-2,cr,ospf6_neighbor_state_code,"state=""Full"",interface=""ens5"",neighbor_id=""7.7.7.11""",6
2026-07-28 12:57:00,ccf-aiops-南京,cr-2,cr,bgp_command_success,,
2026-07-28 12:57:00,ccf-aiops-南京,cr-2,cr,bgp_peer_up,,
2026-07-28 12:57:00,ccf-aiops-南京,cr-2,cr,bgp_peer_uptime_seconds,,
2026-07-28 12:57:00,ccf-aiops-南京,cr-2,cr,bgp_peer_prefix_received,,
2026-07-28 12:57:00,ccf-aiops-南京,cr-2,cr,bgp_peer_prefix_sent,,
2026-07-28 12:57:00,ccf-aiops-南京,cr-2,cr,bgp_peer_count,,
