timestamp,region,node,node_type,interface_id,if_role,rx_bytes_rate,tx_bytes_rate,rx_packets_rate,tx_packets_rate,rx_drop_rate,tx_drop_rate,rx_error_rate,tx_error_rate,carrier_changes
2026-07-28 12:35:00,ccf-aiops-成都,br-1,br,ens10,NULL,0,0,0,0,0,0,0,0,0
2026-07-28 12:35:00,ccf-aiops-成都,br-1,br,ens11,NULL,0,0,0,0,0,0,0,0,0
2026-07-28 12:35:00,ccf-aiops-成都,br-1,br,ens12,NULL,0,0,0,0,0,0,0,0,0
2026-07-28 12:35:00,ccf-aiops-成都,br-1,br,ens3,NULL,11.688888888888888,0,0.06666666666666667,0,0,0,0,0,0
2026-07-28 12:35:00,ccf-aiops-成都,br-1,br,ens4,backbone,465.37777777777774,325.8222222222222,3.466666666666667,2.8666666666666667,0,0,0,0,0
2026-07-28 12:35:00,ccf-aiops-成都,br-1,br,ens5,backbone,457.2888888888889,2442.0444444444443,3.9777777777777774,4.022222222222222,0,0,0,0,0
2026-07-28 12:35:00,ccf-aiops-成都,br-1,br,ens6,NULL,0,0,0,0,0,0,0,0,0
2026-07-28 12:35:00,ccf-aiops-成都,br-1,br,ens7,NULL,0,0,0,0,0,0,0,0,0
2026-07-28 12:35:00,ccf-aiops-成都,br-1,br,ens8,NULL,0,0,0,0,0,0,0,0,0
2026-07-28 12:35:00,ccf-aiops-成都,br-1,br,ens9,NULL,0,0,0,0,0,0,0,0,0
2026-07-28 12:35:00,ccf-aiops-成都,br-2,br,ens10,NULL,0,0,0,0,0,0,0,0,0
2026-07-28 12:35:00,ccf-aiops-成都,br-2,br,ens11,NULL,0,0,0,0,0,0,0,0,0
2026-07-28 12:35:00,ccf-aiops-成都,br-2,br,ens12,NULL,0,0,0,0,0,0,0,0,0
2026-07-28 12:35:00,ccf-aiops-成都,br-2,br,ens3,NULL,10.133333333333333,0,0.04444444444444444,0,0,0,0,0,0
2026-07-28 12:35:00,ccf-aiops-成都,br-2,br,ens4,backbone,344.4888888888889,255.84444444444443,2.8,2.2888888888888888,0,0,0,0,0
2026-07-28 12:35:00,ccf-aiops-成都,br-2,br,ens5,backbone,407.97777777777776,2278.8444444444444,3.622222222222222,3.2888888888888888,0,0,0,0,0
2026-07-28 12:35:00,ccf-aiops-成都,br-2,br,ens6,NULL,0,0,0,0,0,0,0,0,0
2026-07-28 12:35:00,ccf-aiops-成都,br-2,br,ens7,NULL,0,0,0,0,0,0,0,0,0
2026-07-28 12:35:00,ccf-aiops-成都,br-2,br,ens8,NULL,0,0,0,0,0,0,0,0,0
2026-07-28 12:35:00,ccf-aiops-成都,br-2,br,ens9,NULL,0,0,0,0,0,0,0,0,0
2026-07-28 12:35:00,ccf-aiops-成都,cr-1,cr,ens10,NULL,0,0,0,0,0,0,0,0,0
2026-07-28 12:35:00,ccf-aiops-成都,cr-1,cr,ens11,NULL,0,0,0,0,0,0,0,0,0
2026-07-28 12:35:00,ccf-aiops-成都,cr-1,cr,ens12,NULL,0,0,0,0,0,0,0,0,0
2026-07-28 12:35:00,ccf-aiops-成都,cr-1,cr,ens3,NULL,10.133333333333333,0,0.04444444444444444,0,0,0,0,0,0
2026-07-28 12:35:00,ccf-aiops-成都,cr-1,cr,ens4,backbone,889.911111111111,487.97777777777776,2.9777777777777774,4.222222222222222,0,0,0,0,0
2026-07-28 12:35:00,ccf-aiops-成都,cr-1,cr,ens5,backbone,604.911111111111,2940.755555555555,5.2,3.822222222222222,0,0,0,0,0
2026-07-28 12:35:00,ccf-aiops-成都,cr-1,cr,ens6,NULL,0,0,0,0,0,0,0,0,0
2026-07-28 12:35:00,ccf-aiops-成都,cr-1,cr,ens7,NULL,0,0,0,0,0,0,0,0,0
2026-07-28 12:35:00,ccf-aiops-成都,cr-1,cr,ens8,NULL,0,0,0,0,0,0,0,0,0
2026-07-28 12:35:00,ccf-aiops-成都,cr-1,cr,ens9,NULL,0,0,0,0,0,0,0,0,0
2026-07-28 12:35:00,ccf-aiops-成都,cr-2,cr,ens10,NULL,0,0,0,0,0,0,0,0,0
2026-07-28 12:35:00,ccf-aiops-成都,cr-2,cr,ens11,NULL,0,0,0,0,0,0,0,0,0
2026-07-28 12:35:00,ccf-aiops-成都,cr-2,cr,ens12,NULL,0,0,0,0,0,0,0,0,0
2026-07-28 12:35:00,ccf-aiops-成都,cr-2,cr,ens3,NULL,117.77777777777777,114.22222222222221,0.6,0.5555555555555555,0,0,0,0,0
2026-07-28 12:35:00,ccf-aiops-成都,cr-2,cr,ens4,backbone,4057.644444444444,346.4444444444444,5.444444444444444,3.0444444444444443,0,0,0,0,0
2026-07-28 12:35:00,ccf-aiops-成都,cr-2,cr,ens5,backbone,466.6666666666667,6163.133333333333,4.066666666666666,6.266666666666667,0,0,0,0,0
2026-07-28 12:35:00,ccf-aiops-成都,cr-2,cr,ens6,NULL,0,0,0,0,0,0,0,0,0
2026-07-28 12:35:00,ccf-aiops-成都,cr-2,cr,ens7,NULL,0,0,0,0,0,0,0,0,0
2026-07-28 12:35:00,ccf-aiops-成都,cr-2,cr,ens8,NULL,0,0,0,0,0,0,0,0,0
2026-07-28 12:35:00,ccf-aiops-成都,cr-2,cr,ens9,NULL,0,0,0,0,0,0,0,0,0
2026-07-28 12:35:00,ccf-aiops-成都,fw,firewall,ens3,NULL,182,125.28888888888888,1.6222222222222222,0.9333333333333333,0,0,0,0,0
2026-07-28 12:35:00,ccf-aiops-成都,fw,firewall,ens4,backbone,8879.4,1045.0888888888887,10.444444444444445,9,0,0,0,0,0
2026-07-28 12:35:00,ccf-aiops-成都,fw,firewall,ens5,business,1109.1555555555556,10038.8,9.555555555555554,10.533333333333333,0,0,0,0,0
2026-07-28 12:35:00,ccf-aiops-成都,fw,firewall,ens6,NULL,0,0,0,0,0,0,0,0,0
2026-07-28 12:35:00,ccf-aiops-成都,monitor-vm,collector,ens3,NULL,131.37777777777777,67.6,1.3777777777777775,0.6888888888888888,0,0,0,0,0
2026-07-28 12:35:00,ccf-aiops-成都,monitor-vm,collector,ens4,mgmt,28740.466666666667,1035.5777777777778,10.822222222222221,9.155555555555555,0,0,0,0,0
2026-07-28 12:35:00,ccf-aiops-成都,monitor-vm,collector,ens5,NULL,0,0,0,0,0,0,0,0,0
2026-07-28 12:35:00,ccf-aiops-成都,monitor-vm,collector,ens6,NULL,0,0,0,0,0,0,0,0,0
2026-07-28 12:35:00,ccf-aiops-成都,probe-vm,probe,ens3,NULL,10.133333333333333,0,0.04444444444444444,0,0,0,0,0,0
2026-07-28 12:35:00,ccf-aiops-成都,probe-vm,probe,ens4,business,66.44444444444444,1175.8666666666666,0.5777777777777777,0.4,0,0,0,0,0
2026-07-28 12:35:00,ccf-aiops-成都,probe-vm,probe,ens5,NULL,0,0,0,0,0,0,0,0,0
2026-07-28 12:35:00,ccf-aiops-成都,probe-vm,probe,ens6,NULL,0,0,0,0,0,0,0,0,0
2026-07-28 12:35:00,ccf-aiops-成都,service-vm-1,service,ens3,NULL,11.688888888888888,0,0.06666666666666667,0,0,0,0,0,0
2026-07-28 12:35:00,ccf-aiops-成都,service-vm-1,service,ens4,service,68,1179.822222222222,0.6,0.3777777777777777,0,0,0,0,0
2026-07-28 12:35:00,ccf-aiops-成都,service-vm-1,service,ens5,NULL,0,0,0,0,0,0,0,0,0
2026-07-28 12:35:00,ccf-aiops-成都,service-vm-1,service,ens6,NULL,0,0,0,0,0,0,0,0,0
2026-07-28 12:35:00,ccf-aiops-成都,service-vm-2,service,ens3,NULL,10.133333333333333,0,0.04444444444444444,0,0,0,0,0,0
2026-07-28 12:35:00,ccf-aiops-成都,service-vm-2,service,ens4,service,60.35555555555555,1173.5555555555554,0.5111111111111111,0.3333333333333333,0,0,0,0,0
2026-07-28 12:35:00,ccf-aiops-成都,service-vm-2,service,ens5,NULL,0,0,0,0,0,0,0,0,0
2026-07-28 12:35:00,ccf-aiops-成都,service-vm-2,service,ens6,NULL,0,0,0,0,0,0,0,0,0
2026-07-28 12:35:00,ccf-aiops-成都,service-vm-3,service,ens3,NULL,57.02222222222222,0,0.24444444444444444,0,0,0,0,0,0
2026-07-28 12:35:00,ccf-aiops-成都,service-vm-3,service,ens4,service,68,1174.8,0.6,0.3777777777777777,0,0,0,0,0
2026-07-28 12:35:00,ccf-aiops-成都,service-vm-3,service,ens5,NULL,0,0,0,0,0,0,0,0,0
2026-07-28 12:35:00,ccf-aiops-成都,service-vm-3,service,ens6,NULL,0,0,0,0,0,0,0,0,0
2026-07-28 12:35:00,ccf-aiops-成都,traffic-vm,traffic,ens3,NULL,135.46666666666667,69.86666666666666,1.422222222222222,0.711111111111111,0,0,0,0,0
2026-07-28 12:35:00,ccf-aiops-成都,traffic-vm,traffic,ens4,business,895.8,15211.62222222222,6.888888888888888,6.4,0,0,0,0,0
2026-07-28 12:35:00,ccf-aiops-成都,traffic-vm,traffic,ens5,NULL,0,0,0,0,0,0,0,0,0
2026-07-28 12:35:00,ccf-aiops-成都,traffic-vm,traffic,ens6,NULL,0,0,0,0,0,0,0,0,0
2026-07-28 12:36:00,ccf-aiops-成都,br-1,br,ens10,NULL,0,0,0,0,0,0,0,0,0
2026-07-28 12:36:00,ccf-aiops-成都,br-1,br,ens11,NULL,0,0,0,0,0,0,0,0,0
2026-07-28 12:36:00,ccf-aiops-成都,br-1,br,ens12,NULL,0,0,0,0,0,0,0,0,0
2026-07-28 12:36:00,ccf-aiops-成都,br-1,br,ens3,NULL,113.42222222222222,114.22222222222221,0.6444444444444444,0.5555555555555555,0,0,0,0,0
2026-07-28 12:36:00,ccf-aiops-成都,br-1,br,ens4,backbone,449.06666666666666,263.08888888888885,3.311111111111111,2.3777777777777778,0,0,0,0,0
2026-07-28 12:36:00,ccf-aiops-成都,br-1,br,ens5,backbone,414.37777777777774,2314.0888888888885,3.711111111111111,3.911111111111111,0,0,0,0,0
2026-07-28 12:36:00,ccf-aiops-成都,br-1,br,ens6,NULL,0,0,0,0,0,0,0,0,0
2026-07-28 12:36:00,ccf-aiops-成都,br-1,br,ens7,NULL,0,0,0,0,0,0,0,0,0
2026-07-28 12:36:00,ccf-aiops-成都,br-1,br,ens8,NULL,0,0,0,0,0,0,0,0,0
2026-07-28 12:36:00,ccf-aiops-成都,br-1,br,ens9,NULL,0,0,0,0,0,0,0,0,0
2026-07-28 12:36:00,ccf-aiops-成都,br-2,br,ens10,NULL,0,0,0,0,0,0,0,0,0
2026-07-28 12:36:00,ccf-aiops-成都,br-2,br,ens11,NULL,0,0,0,0,0,0,0,0,0
2026-07-28 12:36:00,ccf-aiops-成都,br-2,br,ens12,NULL,0,0,0,0,0,0,0,0,0
2026-07-28 12:36:00,ccf-aiops-成都,br-2,br,ens3,NULL,14.755555555555555,10.533333333333333,0.2222222222222222,0.1111111111111111,0,0,0,0,0
2026-07-28 12:36:00,ccf-aiops-成都,br-2,br,ens4,backbone,469.6666666666667,352,3.444444444444444,3.1333333333333333,0,0,0,0,0
2026-07-28 12:36:00,ccf-aiops-成都,br-2,br,ens5,backbone,502.5777777777777,2273.7111111111108,4.444444444444444,4.088888888888889,0,0,0,0,0
2026-07-28 12:36:00,ccf-aiops-成都,br-2,br,ens6,NULL,0,0,0,0,0,0,0,0,0
2026-07-28 12:36:00,ccf-aiops-成都,br-2,br,ens7,NULL,0,0,0,0,0,0,0,0,0
2026-07-28 12:36:00,ccf-aiops-成都,br-2,br,ens8,NULL,0,0,0,0,0,0,0,0,0
2026-07-28 12:36:00,ccf-aiops-成都,br-2,br,ens9,NULL,0,0,0,0,0,0,0,0,0
2026-07-28 12:36:00,ccf-aiops-成都,cr-1,cr,ens10,NULL,0,0,0,0,0,0,0,0,0
2026-07-28 12:36:00,ccf-aiops-成都,cr-1,cr,ens11,NULL,0,0,0,0,0,0,0,0,0
2026-07-28 12:36:00,ccf-aiops-成都,cr-1,cr,ens12,NULL,0,0,0,0,0,0,0,0,0
2026-07-28 12:36:00,ccf-aiops-成都,cr-1,cr,ens3,NULL,113.64444444444443,114.22222222222221,0.6444444444444444,0.5555555555555555,0,0,0,0,0
2026-07-28 12:36:00,ccf-aiops-成都,cr-1,cr,ens4,backbone,788.1777777777777,460.6444444444444,3.5777777777777775,4.044444444444444,0,0,0,0,0
2026-07-28 12:36:00,ccf-aiops-成都,cr-1,cr,ens5,backbone,582.9555555555555,2642.155555555555,5.088888888888889,4.355555555555555,0,0,0,0,0
2026-07-28 12:36:00,ccf-aiops-成都,cr-1,cr,ens6,NULL,0,0,0,0,0,0,0,0,0
2026-07-28 12:36:00,ccf-aiops-成都,cr-1,cr,ens7,NULL,0,0,0,0,0,0,0,0,0
2026-07-28 12:36:00,ccf-aiops-成都,cr-1,cr,ens8,NULL,0,0,0,0,0,0,0,0,0
2026-07-28 12:36:00,ccf-aiops-成都,cr-1,cr,ens9,NULL,0,0,0,0,0,0,0,0,0
2026-07-28 12:36:00,ccf-aiops-成都,cr-2,cr,ens10,NULL,0,0,0,0,0,0,0,0,0
2026-07-28 12:36:00,ccf-aiops-成都,cr-2,cr,ens11,NULL,0,0,0,0,0,0,0,0,0
2026-07-28 12:36:00,ccf-aiops-成都,cr-2,cr,ens12,NULL,0,0,0,0,0,0,0,0,0
2026-07-28 12:36:00,ccf-aiops-成都,cr-2,cr,ens3,NULL,5.777777777777777,0,0.08888888888888888,0,0,0,0,0,0
2026-07-28 12:36:00,ccf-aiops-成都,cr-2,cr,ens4,backbone,3960.6666666666665,440.08888888888885,5.488888888888889,3.911111111111111,0,0,0,0,0
2026-07-28 12:36:00,ccf-aiops-成都,cr-2,cr,ens5,backbone,552.1333333333333,5862.666666666667,4.844444444444444,6.177777777777777,0,0,0,0,0
2026-07-28 12:36:00,ccf-aiops-成都,cr-2,cr,ens6,NULL,0,0,0,0,0,0,0,0,0
2026-07-28 12:36:00,ccf-aiops-成都,cr-2,cr,ens7,NULL,0,0,0,0,0,0,0,0,0
2026-07-28 12:36:00,ccf-aiops-成都,cr-2,cr,ens8,NULL,0,0,0,0,0,0,0,0,0
2026-07-28 12:36:00,ccf-aiops-成都,cr-2,cr,ens9,NULL,0,0,0,0,0,0,0,0,0
2026-07-28 12:36:00,ccf-aiops-成都,fw,firewall,ens3,NULL,131.11111111111111,69.86666666666666,1.4666666666666666,0.711111111111111,0,0,0,0,0
2026-07-28 12:36:00,ccf-aiops-成都,fw,firewall,ens4,backbone,8435.466666666667,1134.4444444444443,10.888888888888888,9.888888888888888,0,0,0,0,0
2026-07-28 12:36:00,ccf-aiops-成都,fw,firewall,ens5,business,1189.1333333333334,9590.355555555554,10.333333333333334,10.933333333333334,0,0,0,0,0
2026-07-28 12:36:00,ccf-aiops-成都,fw,firewall,ens6,NULL,0,0,0,0,0,0,0,0,0
2026-07-28 12:36:00,ccf-aiops-成都,monitor-vm,collector,ens3,NULL,185.06666666666666,130.04444444444442,1.7555555555555555,1,0,0,0,0,0
2026-07-28 12:36:00,ccf-aiops-成都,monitor-vm,collector,ens4,mgmt,28274.688888888886,1022.7333333333333,10.71111111111111,9,0,0,0,0,0
2026-07-28 12:36:00,ccf-aiops-成都,monitor-vm,collector,ens5,NULL,0,0,0,0,0,0,0,0,0
2026-07-28 12:36:00,ccf-aiops-成都,monitor-vm,collector,ens6,NULL,0,0,0,0,0,0,0,0,0
2026-07-28 12:36:00,ccf-aiops-成都,probe-vm,probe,ens3,NULL,5.777777777777777,0,0.08888888888888888,0,0,0,0,0,0
2026-07-28 12:36:00,ccf-aiops-成都,probe-vm,probe,ens4,business,48.888888888888886,1167,0.3777777777777777,0.26666666666666666,0,0,0,0,0
2026-07-28 12:36:00,ccf-aiops-成都,probe-vm,probe,ens5,NULL,0,0,0,0,0,0,0,0,0
2026-07-28 12:36:00,ccf-aiops-成都,probe-vm,probe,ens6,NULL,0,0,0,0,0,0,0,0,0
2026-07-28 12:36:00,ccf-aiops-成都,service-vm-1,service,ens3,NULL,79.33333333333333,94.48888888888888,0.5555555555555555,0.4666666666666667,0,0,0,0,0
2026-07-28 12:36:00,ccf-aiops-成都,service-vm-1,service,ens4,service,68,1182.5555555555554,0.6,0.4,0,0,0,0,0
2026-07-28 12:36:00,ccf-aiops-成都,service-vm-1,service,ens5,NULL,0,0,0,0,0,0,0,0,0
2026-07-28 12:36:00,ccf-aiops-成都,service-vm-1,service,ens6,NULL,0,0,0,0,0,0,0,0,0
2026-07-28 12:36:00,ccf-aiops-成都,service-vm-2,service,ens3,NULL,60.266666666666666,62.35555555555555,0.3777777777777777,0.31111111111111106,0,0,0,0,0
2026-07-28 12:36:00,ccf-aiops-成都,service-vm-2,service,ens4,service,62.266666666666666,1177.4444444444443,0.5333333333333333,0.3777777777777777,0,0,0,0,0
2026-07-28 12:36:00,ccf-aiops-成都,service-vm-2,service,ens5,NULL,0,0,0,0,0,0,0,0,0
2026-07-28 12:36:00,ccf-aiops-成都,service-vm-2,service,ens6,NULL,0,0,0,0,0,0,0,0,0
2026-07-28 12:36:00,ccf-aiops-成都,service-vm-3,service,ens3,NULL,60.08888888888888,62.35555555555555,0.3777777777777777,0.31111111111111106,0,0,0,0,0
2026-07-28 12:36:00,ccf-aiops-成都,service-vm-3,service,ens4,service,66.08888888888889,1176.311111111111,0.5777777777777777,0.3777777777777777,0,0,0,0,0
2026-07-28 12:36:00,ccf-aiops-成都,service-vm-3,service,ens5,NULL,0,0,0,0,0,0,0,0,0
2026-07-28 12:36:00,ccf-aiops-成都,service-vm-3,service,ens6,NULL,0,0,0,0,0,0,0,0,0
2026-07-28 12:36:00,ccf-aiops-成都,traffic-vm,traffic,ens3,NULL,183.5111111111111,129.0222222222222,1.7333333333333334,0.9777777777777777,0,0,0,0,0
2026-07-28 12:36:00,ccf-aiops-成都,traffic-vm,traffic,ens4,business,976.8222222222222,15251.533333333333,7.333333333333333,6.8,0,0,0,0,0
2026-07-28 12:36:00,ccf-aiops-成都,traffic-vm,traffic,ens5,NULL,0,0,0,0,0,0,0,0,0
2026-07-28 12:36:00,ccf-aiops-成都,traffic-vm,traffic,ens6,NULL,0,0,0,0,0,0,0,0,0
2026-07-28 12:37:00,ccf-aiops-成都,br-1,br,ens10,NULL,0,0,0,0,0,0,0,0,0
2026-07-28 12:37:00,ccf-aiops-成都,br-1,br,ens11,NULL,0,0,0,0,0,0,0,0,0
2026-07-28 12:37:00,ccf-aiops-成都,br-1,br,ens12,NULL,0,0,0,0,0,0,0,0,0
2026-07-28 12:37:00,ccf-aiops-成都,br-1,br,ens3,NULL,9.333333333333334,0,0.13333333333333333,0,0,0,0,0,0
2026-07-28 12:37:00,ccf-aiops-成都,br-1,br,ens4,backbone,619.0222222222221,445.88888888888886,4.622222222222222,4.044444444444444,0,0,0,0,0
2026-07-28 12:37:00,ccf-aiops-成都,br-1,br,ens5,backbone,581.5333333333333,2342.4666666666667,5.2,5.133333333333334,0,0,0,0,0
2026-07-28 12:37:00,ccf-aiops-成都,br-1,br,ens6,NULL,0,0,0,0,0,0,0,0,0
2026-07-28 12:37:00,ccf-aiops-成都,br-1,br,ens7,NULL,0,0,0,0,0,0,0,0,0
2026-07-28 12:37:00,ccf-aiops-成都,br-1,br,ens8,NULL,0,0,0,0,0,0,0,0,0
2026-07-28 12:37:00,ccf-aiops-成都,br-1,br,ens9,NULL,0,0,0,0,0,0,0,0,0
2026-07-28 12:37:00,ccf-aiops-成都,br-2,br,ens10,NULL,0,0,0,0,0,0,0,0,0
2026-07-28 12:37:00,ccf-aiops-成都,br-2,br,ens11,NULL,0,0,0,0,0,0,0,0,0
2026-07-28 12:37:00,ccf-aiops-成都,br-2,br,ens12,NULL,0,0,0,0,0,0,0,0,0
2026-07-28 12:37:00,ccf-aiops-成都,br-2,br,ens3,NULL,5.644444444444444,0,0.06666666666666667,0,0,0,0,0,0
2026-07-28 12:37:00,ccf-aiops-成都,br-2,br,ens4,backbone,635.8444444444444,553.7777777777777,4.4,4.866666666666666,0,0,0,0,0
2026-07-28 12:37:00,ccf-aiops-成都,br-2,br,ens5,backbone,728.4444444444445,2525.2,6.244444444444444,5.244444444444444,0,0,0,0,0
2026-07-28 12:37:00,ccf-aiops-成都,br-2,br,ens6,NULL,0,0,0,0,0,0,0,0,0
2026-07-28 12:37:00,ccf-aiops-成都,br-2,br,ens7,NULL,0,0,0,0,0,0,0,0,0
2026-07-28 12:37:00,ccf-aiops-成都,br-2,br,ens8,NULL,0,0,0,0,0,0,0,0,0
2026-07-28 12:37:00,ccf-aiops-成都,br-2,br,ens9,NULL,0,0,0,0,0,0,0,0,0
2026-07-28 12:37:00,ccf-aiops-成都,cr-1,cr,ens10,NULL,0,0,0,0,0,0,0,0,0
2026-07-28 12:37:00,ccf-aiops-成都,cr-1,cr,ens11,NULL,0,0,0,0,0,0,0,0,0
2026-07-28 12:37:00,ccf-aiops-成都,cr-1,cr,ens12,NULL,0,0,0,0,0,0,0,0,0
2026-07-28 12:37:00,ccf-aiops-成都,cr-1,cr,ens3,NULL,110.75555555555555,114.22222222222221,0.6,0.5555555555555555,0,0,0,0,0
2026-07-28 12:37:00,ccf-aiops-成都,cr-1,cr,ens4,backbone,1077.9555555555555,578.6222222222221,5.088888888888889,5.066666666666666,0,0,0,0,0
2026-07-28 12:37:00,ccf-aiops-成都,cr-1,cr,ens5,backbone,695.4666666666667,3049.911111111111,6.022222222222222,5.888888888888888,0,0,0,0,0
2026-07-28 12:37:00,ccf-aiops-成都,cr-1,cr,ens6,NULL,0,0,0,0,0,0,0,0,0
2026-07-28 12:37:00,ccf-aiops-成都,cr-1,cr,ens7,NULL,0,0,0,0,0,0,0,0,0
2026-07-28 12:37:00,ccf-aiops-成都,cr-1,cr,ens8,NULL,0,0,0,0,0,0,0,0,0
2026-07-28 12:37:00,ccf-aiops-成都,cr-1,cr,ens9,NULL,0,0,0,0,0,0,0,0,0
2026-07-28 12:37:00,ccf-aiops-成都,cr-2,cr,ens10,NULL,0,0,0,0,0,0,0,0,0
2026-07-28 12:37:00,ccf-aiops-成都,cr-2,cr,ens11,NULL,0,0,0,0,0,0,0,0,0
2026-07-28 12:37:00,ccf-aiops-成都,cr-2,cr,ens12,NULL,0,0,0,0,0,0,0,0,0
2026-07-28 12:37:00,ccf-aiops-成都,cr-2,cr,ens3,NULL,6.222222222222222,0,0.08888888888888888,0,0,0,0,0,0
2026-07-28 12:37:00,ccf-aiops-成都,cr-2,cr,ens4,backbone,4138.688888888889,668.6444444444444,6.9111111111111105,5.888888888888888,0,0,0,0,0
2026-07-28 12:37:00,ccf-aiops-成都,cr-2,cr,ens5,backbone,786.7777777777777,5873.0888888888885,6.888888888888888,7.444444444444444,0,0,0,0,0
2026-07-28 12:37:00,ccf-aiops-成都,cr-2,cr,ens6,NULL,0,0,0,0,0,0,0,0,0
2026-07-28 12:37:00,ccf-aiops-成都,cr-2,cr,ens7,NULL,0,0,0,0,0,0,0,0,0
2026-07-28 12:37:00,ccf-aiops-成都,cr-2,cr,ens8,NULL,0,0,0,0,0,0,0,0,0
2026-07-28 12:37:00,ccf-aiops-成都,cr-2,cr,ens9,NULL,0,0,0,0,0,0,0,0,0
2026-07-28 12:37:00,ccf-aiops-成都,fw,firewall,ens3,NULL,187.8222222222222,131.2888888888889,1.7777777777777777,1,0,0,0,0,0
2026-07-28 12:37:00,ccf-aiops-成都,fw,firewall,ens4,backbone,8435.888888888889,1430.711111111111,13.222222222222221,12.4,0,0,0,0,0
2026-07-28 12:37:00,ccf-aiops-成都,fw,firewall,ens5,business,1491.1333333333334,9587.288888888888,12.91111111111111,13.222222222222221,0,0,0,0,0
2026-07-28 12:37:00,ccf-aiops-成都,fw,firewall,ens6,NULL,0,0,0,0,0,0,0,0,0
2026-07-28 12:37:00,ccf-aiops-成都,monitor-vm,collector,ens3,NULL,130.97777777777776,69.86666666666666,1.4444444444444442,0.711111111111111,0,0,0,0,0
2026-07-28 12:37:00,ccf-aiops-成都,monitor-vm,collector,ens4,mgmt,28528.022222222222,1033.6666666666667,10.844444444444443,9.133333333333333,0,0,0,0,0
2026-07-28 12:37:00,ccf-aiops-成都,monitor-vm,collector,ens5,NULL,0,0,0,0,0,0,0,0,0
2026-07-28 12:37:00,ccf-aiops-成都,monitor-vm,collector,ens6,NULL,0,0,0,0,0,0,0,0,0
2026-07-28 12:37:00,ccf-aiops-成都,probe-vm,probe,ens3,NULL,60.71111111111111,62.35555555555555,0.3777777777777777,0.31111111111111106,0,0,0,0,0
2026-07-28 12:37:00,ccf-aiops-成都,probe-vm,probe,ens4,business,60.35555555555555,1172.4,0.5111111111111111,0.3555555555555555,0,0,0,0,0
2026-07-28 12:37:00,ccf-aiops-成都,probe-vm,probe,ens5,NULL,0,0,0,0,0,0,0,0,0
2026-07-28 12:37:00,ccf-aiops-成都,probe-vm,probe,ens6,NULL,0,0,0,0,0,0,0,0,0
2026-07-28 12:37:00,ccf-aiops-成都,service-vm-1,service,ens3,NULL,65.37777777777778,62.35555555555555,0.4444444444444444,0.31111111111111106,0,0,0,0,0
2026-07-28 12:37:00,ccf-aiops-成都,service-vm-1,service,ens4,service,64.17777777777778,1182.1555555555556,0.5555555555555555,0.4,0,0,0,0,0
2026-07-28 12:37:00,ccf-aiops-成都,service-vm-1,service,ens5,NULL,0,0,0,0,0,0,0,0,0
2026-07-28 12:37:00,ccf-aiops-成都,service-vm-1,service,ens6,NULL,0,0,0,0,0,0,0,0,0
2026-07-28 12:37:00,ccf-aiops-成都,service-vm-2,service,ens3,NULL,113.86666666666666,122.3111111111111,0.6444444444444444,0.5777777777777777,0,0,0,0,0
2026-07-28 12:37:00,ccf-aiops-成都,service-vm-2,service,ens4,service,66.08888888888889,1179.4,0.5777777777777777,0.4,0,0,0,0,0
2026-07-28 12:37:00,ccf-aiops-成都,service-vm-2,service,ens5,NULL,0,0,0,0,0,0,0,0,0
2026-07-28 12:37:00,ccf-aiops-成都,service-vm-2,service,ens6,NULL,0,0,0,0,0,0,0,0,0
2026-07-28 12:37:00,ccf-aiops-成都,service-vm-3,service,ens3,NULL,60.31111111111111,60.888888888888886,0.3777777777777777,0.28888888888888886,0,0,0,0,0
2026-07-28 12:37:00,ccf-aiops-成都,service-vm-3,service,ens4,service,62.266666666666666,1170.511111111111,0.5333333333333333,0.31111111111111106,0,0,0,0,0
2026-07-28 12:37:00,ccf-aiops-成都,service-vm-3,service,ens5,NULL,0,0,0,0,0,0,0,0,0
2026-07-28 12:37:00,ccf-aiops-成都,service-vm-3,service,ens6,NULL,0,0,0,0,0,0,0,0,0
2026-07-28 12:37:00,ccf-aiops-成都,traffic-vm,traffic,ens3,NULL,184.13333333333333,131.2888888888889,1.711111111111111,1,0,0,0,0,0
2026-07-28 12:37:00,ccf-aiops-成都,traffic-vm,traffic,ens4,business,1409.4222222222222,15630.355555555554,10.444444444444445,10,0,0,0,0,0
2026-07-28 12:37:00,ccf-aiops-成都,traffic-vm,traffic,ens5,NULL,0,0,0,0,0,0,0,0,0
2026-07-28 12:37:00,ccf-aiops-成都,traffic-vm,traffic,ens6,NULL,0,0,0,0,0,0,0,0,0
2026-07-28 12:38:00,ccf-aiops-成都,br-1,br,ens10,NULL,0,0,0,0,0,0,0,0,0
2026-07-28 12:38:00,ccf-aiops-成都,br-1,br,ens11,NULL,0,0,0,0,0,0,0,0,0
2026-07-28 12:38:00,ccf-aiops-成都,br-1,br,ens12,NULL,0,0,0,0,0,0,0,0,0
2026-07-28 12:38:00,ccf-aiops-成都,br-1,br,ens3,NULL,110.75555555555555,114.22222222222221,0.6,0.5555555555555555,0,0,0,0,0
2026-07-28 12:38:00,ccf-aiops-成都,br-1,br,ens4,backbone,559.2222222222222,449.88888888888886,4.5777777777777775,3.8888888888888884,0,0,0,0,0
2026-07-28 12:38:00,ccf-aiops-成都,br-1,br,ens5,backbone,590.0666666666667,2653.2,5.088888888888889,5.4,0,0,0,0,0
2026-07-28 12:38:00,ccf-aiops-成都,br-1,br,ens6,NULL,0,0,0,0,0,0,0,0,0
2026-07-28 12:38:00,ccf-aiops-成都,br-1,br,ens7,NULL,0,0,0,0,0,0,0,0,0
2026-07-28 12:38:00,ccf-aiops-成都,br-1,br,ens8,NULL,0,0,0,0,0,0,0,0,0
2026-07-28 12:38:00,ccf-aiops-成都,br-1,br,ens9,NULL,0,0,0,0,0,0,0,0,0
2026-07-28 12:38:00,ccf-aiops-成都,br-2,br,ens10,NULL,0,0,0,0,0,0,0,0,0
2026-07-28 12:38:00,ccf-aiops-成都,br-2,br,ens11,NULL,0,0,0,0,0,0,0,0,0
2026-07-28 12:38:00,ccf-aiops-成都,br-2,br,ens12,NULL,0,0,0,0,0,0,0,0,0
2026-07-28 12:38:00,ccf-aiops-成都,br-2,br,ens3,NULL,3.111111111111111,0,0.04444444444444444,0,0,0,0,0,0
2026-07-28 12:38:00,ccf-aiops-成都,br-2,br,ens4,backbone,439.0444444444444,385.7777777777777,3.422222222222222,3.3777777777777778,0,0,0,0,0
2026-07-28 12:38:00,ccf-aiops-成都,br-2,br,ens5,backbone,540,2609.4888888888886,4.733333333333333,4.288888888888889,0,0,0,0,0
2026-07-28 12:38:00,ccf-aiops-成都,br-2,br,ens6,NULL,0,0,0,0,0,0,0,0,0
2026-07-28 12:38:00,ccf-aiops-成都,br-2,br,ens7,NULL,0,0,0,0,0,0,0,0,0
2026-07-28 12:38:00,ccf-aiops-成都,br-2,br,ens8,NULL,0,0,0,0,0,0,0,0,0
2026-07-28 12:38:00,ccf-aiops-成都,br-2,br,ens9,NULL,0,0,0,0,0,0,0,0,0
2026-07-28 12:38:00,ccf-aiops-成都,cr-1,cr,ens10,NULL,0,0,0,0,0,0,0,0,0
2026-07-28 12:38:00,ccf-aiops-成都,cr-1,cr,ens11,NULL,0,0,0,0,0,0,0,0,0
2026-07-28 12:38:00,ccf-aiops-成都,cr-1,cr,ens12,NULL,0,0,0,0,0,0,0,0,0
2026-07-28 12:38:00,ccf-aiops-成都,cr-1,cr,ens3,NULL,3.111111111111111,0,0.04444444444444444,0,0,0,0,0,0
2026-07-28 12:38:00,ccf-aiops-成都,cr-1,cr,ens4,backbone,1228.3777777777775,537.7333333333333,4.288888888888889,4.666666666666667,0,0,0,0,0
2026-07-28 12:38:00,ccf-aiops-成都,cr-1,cr,ens5,backbone,667.5111111111111,3480.4888888888886,5.71111111111111,5.333333333333333,0,0,0,0,0
2026-07-28 12:38:00,ccf-aiops-成都,cr-1,cr,ens6,NULL,0,0,0,0,0,0,0,0,0
2026-07-28 12:38:00,ccf-aiops-成都,cr-1,cr,ens7,NULL,0,0,0,0,0,0,0,0,0
2026-07-28 12:38:00,ccf-aiops-成都,cr-1,cr,ens8,NULL,0,0,0,0,0,0,0,0,0
2026-07-28 12:38:00,ccf-aiops-成都,cr-1,cr,ens9,NULL,0,0,0,0,0,0,0,0,0
2026-07-28 12:38:00,ccf-aiops-成都,cr-2,cr,ens10,NULL,0,0,0,0,0,0,0,0,0
2026-07-28 12:38:00,ccf-aiops-成都,cr-2,cr,ens11,NULL,0,0,0,0,0,0,0,0,0
2026-07-28 12:38:00,ccf-aiops-成都,cr-2,cr,ens12,NULL,0,0,0,0,0,0,0,0,0
2026-07-28 12:38:00,ccf-aiops-成都,cr-2,cr,ens3,NULL,3.111111111111111,0,0.04444444444444444,0,0,0,0,0,0
2026-07-28 12:38:00,ccf-aiops-成都,cr-2,cr,ens4,backbone,4292.044444444445,487.35555555555555,6.4,4.177777777777778,0,0,0,0,0
2026-07-28 12:38:00,ccf-aiops-成都,cr-2,cr,ens5,backbone,611.0444444444444,6410.11111111111,5.2,7.222222222222222,0,0,0,0,0
2026-07-28 12:38:00,ccf-aiops-成都,cr-2,cr,ens6,NULL,0,0,0,0,0,0,0,0,0
2026-07-28 12:38:00,ccf-aiops-成都,cr-2,cr,ens7,NULL,0,0,0,0,0,0,0,0,0
2026-07-28 12:38:00,ccf-aiops-成都,cr-2,cr,ens8,NULL,0,0,0,0,0,0,0,0,0
2026-07-28 12:38:00,ccf-aiops-成都,cr-2,cr,ens9,NULL,0,0,0,0,0,0,0,0,0
2026-07-28 12:38:00,ccf-aiops-成都,fw,firewall,ens3,NULL,181.6,131.2888888888889,1.6888888888888889,1,0,0,0,0,0
2026-07-28 12:38:00,ccf-aiops-成都,fw,firewall,ens4,backbone,9652.288888888888,1464.2888888888888,14.2,12.4,0,0,0,0,0
2026-07-28 12:38:00,ccf-aiops-成都,fw,firewall,ens5,business,1515.3333333333333,10795.577777777777,12.8,14.11111111111111,0,0,0,0,0
2026-07-28 12:38:00,ccf-aiops-成都,fw,firewall,ens6,NULL,0,0,0,0,0,0,0,0,0
2026-07-28 12:38:00,ccf-aiops-成都,monitor-vm,collector,ens3,NULL,180.26666666666668,130.35555555555555,1.6666666666666667,0.9777777777777777,0,0,0,0,0
2026-07-28 12:38:00,ccf-aiops-成都,monitor-vm,collector,ens4,mgmt,29631.4,1020.2888888888888,11.577777777777778,8.977777777777778,0,0,0,0,0
2026-07-28 12:38:00,ccf-aiops-成都,monitor-vm,collector,ens5,NULL,0,0,0,0,0,0,0,0,0
2026-07-28 12:38:00,ccf-aiops-成都,monitor-vm,collector,ens6,NULL,0,0,0,0,0,0,0,0,0
2026-07-28 12:38:00,ccf-aiops-成都,probe-vm,probe,ens3,NULL,56.266666666666666,61.42222222222222,0.31111111111111106,0.28888888888888886,0,0,0,0,0
2026-07-28 12:38:00,ccf-aiops-成都,probe-vm,probe,ens4,business,52.71111111111111,1165.4,0.4222222222222222,0.26666666666666666,0,0,0,0,0
2026-07-28 12:38:00,ccf-aiops-成都,probe-vm,probe,ens5,NULL,0,0,0,0,0,0,0,0,0
2026-07-28 12:38:00,ccf-aiops-成都,probe-vm,probe,ens6,NULL,0,0,0,0,0,0,0,0,0
2026-07-28 12:38:00,ccf-aiops-成都,service-vm-1,service,ens3,NULL,3.111111111111111,0,0.04444444444444444,0,0,0,0,0,0
2026-07-28 12:38:00,ccf-aiops-成都,service-vm-1,service,ens4,service,69.9111111111111,1180.4222222222222,0.6222222222222221,0.4,0,0,0,0,0
2026-07-28 12:38:00,ccf-aiops-成都,service-vm-1,service,ens5,NULL,0,0,0,0,0,0,0,0,0
2026-07-28 12:38:00,ccf-aiops-成都,service-vm-1,service,ens6,NULL,0,0,0,0,0,0,0,0,0
2026-07-28 12:38:00,ccf-aiops-成都,service-vm-2,service,ens3,NULL,3.111111111111111,0,0.04444444444444444,0,0,0,0,0,0
2026-07-28 12:38:00,ccf-aiops-成都,service-vm-2,service,ens4,service,62.266666666666666,1176.911111111111,0.5333333333333333,0.3777777777777777,0,0,0,0,0
2026-07-28 12:38:00,ccf-aiops-成都,service-vm-2,service,ens5,NULL,0,0,0,0,0,0,0,0,0
2026-07-28 12:38:00,ccf-aiops-成都,service-vm-2,service,ens6,NULL,0,0,0,0,0,0,0,0,0
2026-07-28 12:38:00,ccf-aiops-成都,service-vm-3,service,ens3,NULL,3.111111111111111,0,0.04444444444444444,0,0,0,0,0,0
2026-07-28 12:38:00,ccf-aiops-成都,service-vm-3,service,ens4,service,50.8,1166.711111111111,0.4,0.26666666666666666,0,0,0,0,0
2026-07-28 12:38:00,ccf-aiops-成都,service-vm-3,service,ens5,NULL,0,0,0,0,0,0,0,0,0
2026-07-28 12:38:00,ccf-aiops-成都,service-vm-3,service,ens6,NULL,0,0,0,0,0,0,0,0,0
2026-07-28 12:38:00,ccf-aiops-成都,traffic-vm,traffic,ens3,NULL,128.44444444444443,69.86666666666666,1.422222222222222,0.711111111111111,0,0,0,0,0
2026-07-28 12:38:00,ccf-aiops-成都,traffic-vm,traffic,ens4,business,974.4444444444445,15327.355555555554,7.8,7.288888888888889,0,0,0,0,0
2026-07-28 12:38:00,ccf-aiops-成都,traffic-vm,traffic,ens5,NULL,0,0,0,0,0,0,0,0,0
2026-07-28 12:38:00,ccf-aiops-成都,traffic-vm,traffic,ens6,NULL,0,0,0,0,0,0,0,0,0
2026-07-28 12:39:00,ccf-aiops-成都,br-1,br,ens10,NULL,0,0,0,0,0,0,0,0,0
2026-07-28 12:39:00,ccf-aiops-成都,br-1,br,ens11,NULL,0,0,0,0,0,0,0,0,0
2026-07-28 12:39:00,ccf-aiops-成都,br-1,br,ens12,NULL,0,0,0,0,0,0,0,0,0
2026-07-28 12:39:00,ccf-aiops-成都,br-1,br,ens3,NULL,7.6,0,0.02222222222222222,0,0,0,0,0,0
2026-07-28 12:39:00,ccf-aiops-成都,br-1,br,ens4,backbone,153.37777777777777,96.97777777777777,1.311111111111111,0.9333333333333333,0,0,0,0,0
2026-07-28 12:39:00,ccf-aiops-成都,br-1,br,ens5,backbone,232.8,2108.9555555555553,2.088888888888889,2.066666666666667,0,0,0,0,0
2026-07-28 12:39:00,ccf-aiops-成都,br-1,br,ens6,NULL,0,0,0,0,0,0,0,0,0
2026-07-28 12:39:00,ccf-aiops-成都,br-1,br,ens7,NULL,0,0,0,0,0,0,0,0,0
2026-07-28 12:39:00,ccf-aiops-成都,br-1,br,ens8,NULL,0,0,0,0,0,0,0,0,0
2026-07-28 12:39:00,ccf-aiops-成都,br-1,br,ens9,NULL,0,0,0,0,0,0,0,0,0
2026-07-28 12:39:00,ccf-aiops-成都,br-2,br,ens10,NULL,0,0,0,0,0,0,0,0,0
2026-07-28 12:39:00,ccf-aiops-成都,br-2,br,ens11,NULL,0,0,0,0,0,0,0,0,0
2026-07-28 12:39:00,ccf-aiops-成都,br-2,br,ens12,NULL,0,0,0,0,0,0,0,0,0
2026-07-28 12:39:00,ccf-aiops-成都,br-2,br,ens3,NULL,10.133333333333335,0,0.04444444444444444,0,0,0,0,0,0
2026-07-28 12:39:00,ccf-aiops-成都,br-2,br,ens4,backbone,119.75555555555556,74.1111111111111,1,0.711111111111111,0,0,0,0,0
2026-07-28 12:39:00,ccf-aiops-成都,br-2,br,ens5,backbone,222.60000000000002,2091.222222222222,2,1.9777777777777776,0,0,0,0,0
2026-07-28 12:39:00,ccf-aiops-成都,br-2,br,ens6,NULL,0,0,0,0,0,0,0,0,0
2026-07-28 12:39:00,ccf-aiops-成都,br-2,br,ens7,NULL,0,0,0,0,0,0,0,0,0
2026-07-28 12:39:00,ccf-aiops-成都,br-2,br,ens8,NULL,0,0,0,0,0,0,0,0,0
2026-07-28 12:39:00,ccf-aiops-成都,br-2,br,ens9,NULL,0,0,0,0,0,0,0,0,0
2026-07-28 12:39:00,ccf-aiops-成都,cr-1,cr,ens10,NULL,0,0,0,0,0,0,0,0,0
2026-07-28 12:39:00,ccf-aiops-成都,cr-1,cr,ens11,NULL,0,0,0,0,0,0,0,0,0
2026-07-28 12:39:00,ccf-aiops-成都,cr-1,cr,ens12,NULL,0,0,0,0,0,0,0,0,0
2026-07-28 12:39:00,ccf-aiops-成都,cr-1,cr,ens3,NULL,10.133333333333333,0,0.04444444444444444,0,0,0,0,0,0
2026-07-28 12:39:00,ccf-aiops-成都,cr-1,cr,ens4,backbone,725.7555555555555,230.95555555555555,1.6888888888888889,2.0444444444444443,0,0,0,0,0
2026-07-28 12:39:00,ccf-aiops-成都,cr-1,cr,ens5,backbone,345.8,2848.1777777777775,3,2.6444444444444444,0,0,0,0,0
2026-07-28 12:39:00,ccf-aiops-成都,cr-1,cr,ens6,NULL,0,0,0,0,0,0,0,0,0
2026-07-28 12:39:00,ccf-aiops-成都,cr-1,cr,ens7,NULL,0,0,0,0,0,0,0,0,0
2026-07-28 12:39:00,ccf-aiops-成都,cr-1,cr,ens8,NULL,0,0,0,0,0,0,0,0,0
2026-07-28 12:39:00,ccf-aiops-成都,cr-1,cr,ens9,NULL,0,0,0,0,0,0,0,0,0
2026-07-28 12:39:00,ccf-aiops-成都,cr-2,cr,ens10,NULL,0,0,0,0,0,0,0,0,0
2026-07-28 12:39:00,ccf-aiops-成都,cr-2,cr,ens11,NULL,0,0,0,0,0,0,0,0,0
2026-07-28 12:39:00,ccf-aiops-成都,cr-2,cr,ens12,NULL,0,0,0,0,0,0,0,0,0
2026-07-28 12:39:00,ccf-aiops-成都,cr-2,cr,ens3,NULL,7.6,0,0.02222222222222222,0,0,0,0,0,0
2026-07-28 12:39:00,ccf-aiops-成都,cr-2,cr,ens4,backbone,3765.6888888888884,235.53333333333333,3.5555555555555554,2.111111111111111,0,0,0,0,0
2026-07-28 12:39:00,ccf-aiops-成都,cr-2,cr,ens5,backbone,353.6666666666667,5813.866666666667,3.111111111111111,4.422222222222222,0,0,0,0,0
2026-07-28 12:39:00,ccf-aiops-成都,cr-2,cr,ens6,NULL,0,0,0,0,0,0,0,0,0
2026-07-28 12:39:00,ccf-aiops-成都,cr-2,cr,ens7,NULL,0,0,0,0,0,0,0,0,0
2026-07-28 12:39:00,ccf-aiops-成都,cr-2,cr,ens8,NULL,0,0,0,0,0,0,0,0,0
2026-07-28 12:39:00,ccf-aiops-成都,cr-2,cr,ens9,NULL,0,0,0,0,0,0,0,0,0
2026-07-28 12:39:00,ccf-aiops-成都,fw,firewall,ens3,NULL,184.75555555555553,130.35555555555555,1.6444444444444444,0.9777777777777777,0,0,0,0,0
2026-07-28 12:39:00,ccf-aiops-成都,fw,firewall,ens4,backbone,8427.91111111111,644.5555555555554,7.311111111111111,5.5777777777777775,0,0,0,0,0
2026-07-28 12:39:00,ccf-aiops-成都,fw,firewall,ens5,business,704.9777777777778,9587.755555555554,6.088888888888889,7.4,0,0,0,0,0
2026-07-28 12:39:00,ccf-aiops-成都,fw,firewall,ens6,NULL,0,0,0,0,0,0,0,0,0
2026-07-28 12:39:00,ccf-aiops-成都,monitor-vm,collector,ens3,NULL,187.28888888888886,130.35555555555555,1.6666666666666667,0.9777777777777777,0,0,0,0,0
2026-07-28 12:39:00,ccf-aiops-成都,monitor-vm,collector,ens4,mgmt,28659.28888888889,1011.2666666666667,10.977777777777778,8.866666666666667,0,0,0,0,0
2026-07-28 12:39:00,ccf-aiops-成都,monitor-vm,collector,ens5,NULL,0,0,0,0,0,0,0,0,0
2026-07-28 12:39:00,ccf-aiops-成都,monitor-vm,collector,ens6,NULL,0,0,0,0,0,0,0,0,0
2026-07-28 12:39:00,ccf-aiops-成都,probe-vm,probe,ens3,NULL,7.6,0,0.02222222222222222,0,0,0,0,0,0
2026-07-28 12:39:00,ccf-aiops-成都,probe-vm,probe,ens4,business,52.71111111111111,1164.0222222222221,0.4222222222222222,0.26666666666666666,0,0,0,0,0
2026-07-28 12:39:00,ccf-aiops-成都,probe-vm,probe,ens5,NULL,0,0,0,0,0,0,0,0,0
2026-07-28 12:39:00,ccf-aiops-成都,probe-vm,probe,ens6,NULL,0,0,0,0,0,0,0,0,0
2026-07-28 12:39:00,ccf-aiops-成都,service-vm-1,service,ens3,NULL,62.086129505355316,62.35278432069686,0.3110972845651304,0.3110972845651304,0,0,0,0,0
2026-07-28 12:39:00,ccf-aiops-成都,service-vm-1,service,ens4,service,66.61926136616151,1179.3698057864096,0.5777520999066709,0.37776098840051553,0,0,0,0,0
2026-07-28 12:39:00,ccf-aiops-成都,service-vm-1,service,ens5,NULL,0,0,0,0,0,0,0,0,0
2026-07-28 12:39:00,ccf-aiops-成都,service-vm-1,service,ens6,NULL,0,0,0,0,0,0,0,0,0
2026-07-28 12:39:00,ccf-aiops-成都,service-vm-2,service,ens3,NULL,62.08888888888888,62.35555555555555,0.31111111111111106,0.31111111111111106,0,0,0,0,0
2026-07-28 12:39:00,ccf-aiops-成都,service-vm-2,service,ens4,service,62.266666666666666,1178.8444444444442,0.5333333333333333,0.4,0,0,0,0,0
2026-07-28 12:39:00,ccf-aiops-成都,service-vm-2,service,ens5,NULL,0,0,0,0,0,0,0,0,0
2026-07-28 12:39:00,ccf-aiops-成都,service-vm-2,service,ens6,NULL,0,0,0,0,0,0,0,0,0
2026-07-28 12:39:00,ccf-aiops-成都,service-vm-3,service,ens3,NULL,64.22222222222221,62.35555555555555,0.3333333333333333,0.31111111111111106,0,0,0,0,0
2026-07-28 12:39:00,ccf-aiops-成都,service-vm-3,service,ens4,service,56.53333333333333,1168.2222222222222,0.4666666666666667,0.28888888888888886,0,0,0,0,0
2026-07-28 12:39:00,ccf-aiops-成都,service-vm-3,service,ens5,NULL,0,0,0,0,0,0,0,0,0
2026-07-28 12:39:00,ccf-aiops-成都,service-vm-3,service,ens6,NULL,0,0,0,0,0,0,0,0,0
2026-07-28 12:39:00,ccf-aiops-成都,traffic-vm,traffic,ens3,NULL,183.2,128.08888888888887,1.6222222222222222,0.9555555555555555,0,0,0,0,0
2026-07-28 12:39:00,ccf-aiops-成都,traffic-vm,traffic,ens4,business,429.2,14829.111111111111,3.755555555555555,3.1333333333333333,0,0,0,0,0
2026-07-28 12:39:00,ccf-aiops-成都,traffic-vm,traffic,ens5,NULL,0,0,0,0,0,0,0,0,0
2026-07-28 12:39:00,ccf-aiops-成都,traffic-vm,traffic,ens6,NULL,0,0,0,0,0,0,0,0,0
2026-07-28 12:40:00,ccf-aiops-成都,br-1,br,ens10,NULL,0,0,0,0,0,0,0,0,0
2026-07-28 12:40:00,ccf-aiops-成都,br-1,br,ens11,NULL,0,0,0,0,0,0,0,0,0
2026-07-28 12:40:00,ccf-aiops-成都,br-1,br,ens12,NULL,0,0,0,0,0,0,0,0,0
2026-07-28 12:40:00,ccf-aiops-成都,br-1,br,ens3,NULL,107.64444444444443,114.22222222222221,0.5555555555555555,0.5555555555555555,0,0,0,0,0
2026-07-28 12:40:00,ccf-aiops-成都,br-1,br,ens4,backbone,692.311111111111,476.9555555555555,4.822222222222222,4.2,0,0,0,0,0
2026-07-28 12:40:00,ccf-aiops-成都,br-1,br,ens5,backbone,625.8444444444444,2429.4666666666667,5.444444444444444,5.333333333333333,0,0,0,0,0
2026-07-28 12:40:00,ccf-aiops-成都,br-1,br,ens6,NULL,0,0,0,0,0,0,0,0,0
2026-07-28 12:40:00,ccf-aiops-成都,br-1,br,ens7,NULL,0,0,0,0,0,0,0,0,0
2026-07-28 12:40:00,ccf-aiops-成都,br-1,br,ens8,NULL,0,0,0,0,0,0,0,0,0
2026-07-28 12:40:00,ccf-aiops-成都,br-1,br,ens9,NULL,0,0,0,0,0,0,0,0,0
2026-07-28 12:40:00,ccf-aiops-成都,br-2,br,ens10,NULL,0,0,0,0,0,0,0,0,0
2026-07-28 12:40:00,ccf-aiops-成都,br-2,br,ens11,NULL,0,0,0,0,0,0,0,0,0
2026-07-28 12:40:00,ccf-aiops-成都,br-2,br,ens12,NULL,0,0,0,0,0,0,0,0,0
2026-07-28 12:40:00,ccf-aiops-成都,br-2,br,ens3,NULL,107.64444444444445,114.22222222222223,0.5555555555555555,0.5555555555555555,0,0,0,0,0
2026-07-28 12:40:00,ccf-aiops-成都,br-2,br,ens4,backbone,784.0444444444445,553.2888888888889,5.311111111111111,4.822222222222222,0,0,0,0,0
2026-07-28 12:40:00,ccf-aiops-成都,br-2,br,ens5,backbone,711.8444444444445,2521.4000000000005,6.111111111111111,5.7555555555555555,0,0,0,0,0
2026-07-28 12:40:00,ccf-aiops-成都,br-2,br,ens6,NULL,0,0,0,0,0,0,0,0,0
2026-07-28 12:40:00,ccf-aiops-成都,br-2,br,ens7,NULL,0,0,0,0,0,0,0,0,0
2026-07-28 12:40:00,ccf-aiops-成都,br-2,br,ens8,NULL,0,0,0,0,0,0,0,0,0
2026-07-28 12:40:00,ccf-aiops-成都,br-2,br,ens9,NULL,0,0,0,0,0,0,0,0,0
2026-07-28 12:40:00,ccf-aiops-成都,cr-1,cr,ens10,NULL,0,0,0,0,0,0,0,0,0
2026-07-28 12:40:00,ccf-aiops-成都,cr-1,cr,ens11,NULL,0,0,0,0,0,0,0,0,0
2026-07-28 12:40:00,ccf-aiops-成都,cr-1,cr,ens12,NULL,0,0,0,0,0,0,0,0,0
2026-07-28 12:40:00,ccf-aiops-成都,cr-1,cr,ens3,NULL,0,0,0,0,0,0,0,0,0
2026-07-28 12:40:00,ccf-aiops-成都,cr-1,cr,ens4,backbone,1064.0222222222221,614.5333333333333,5.488888888888889,5.244444444444444,0,0,0,0,0
2026-07-28 12:40:00,ccf-aiops-成都,cr-1,cr,ens5,backbone,733.2,2905.0444444444443,6.244444444444444,6.266666666666667,0,0,0,0,0
2026-07-28 12:40:00,ccf-aiops-成都,cr-1,cr,ens6,NULL,0,0,0,0,0,0,0,0,0
2026-07-28 12:40:00,ccf-aiops-成都,cr-1,cr,ens7,NULL,0,0,0,0,0,0,0,0,0
2026-07-28 12:40:00,ccf-aiops-成都,cr-1,cr,ens8,NULL,0,0,0,0,0,0,0,0,0
2026-07-28 12:40:00,ccf-aiops-成都,cr-1,cr,ens9,NULL,0,0,0,0,0,0,0,0,0
2026-07-28 12:40:00,ccf-aiops-成都,cr-2,cr,ens10,NULL,0,0,0,0,0,0,0,0,0
2026-07-28 12:40:00,ccf-aiops-成都,cr-2,cr,ens11,NULL,0,0,0,0,0,0,0,0,0
2026-07-28 12:40:00,ccf-aiops-成都,cr-2,cr,ens12,NULL,0,0,0,0,0,0,0,0,0
2026-07-28 12:40:00,ccf-aiops-成都,cr-2,cr,ens3,NULL,107.64444444444443,114.22222222222221,0.5555555555555555,0.5555555555555555,0,0,0,0,0
2026-07-28 12:40:00,ccf-aiops-成都,cr-2,cr,ens4,backbone,4050.111111111111,668.7555555555555,6.311111111111111,5.866666666666666,0,0,0,0,0
2026-07-28 12:40:00,ccf-aiops-成都,cr-2,cr,ens5,backbone,795.8666666666667,5854.4222222222215,6.888888888888888,6.955555555555555,0,0,0,0,0
2026-07-28 12:40:00,ccf-aiops-成都,cr-2,cr,ens6,NULL,0,0,0,0,0,0,0,0,0
2026-07-28 12:40:00,ccf-aiops-成都,cr-2,cr,ens7,NULL,0,0,0,0,0,0,0,0,0
2026-07-28 12:40:00,ccf-aiops-成都,cr-2,cr,ens8,NULL,0,0,0,0,0,0,0,0,0
2026-07-28 12:40:00,ccf-aiops-成都,cr-2,cr,ens9,NULL,0,0,0,0,0,0,0,0,0
2026-07-28 12:40:00,ccf-aiops-成都,fw,firewall,ens3,NULL,119.77777777777777,67.6,1.311111111111111,0.6888888888888888,0,0,0,0,0
2026-07-28 12:40:00,ccf-aiops-成都,fw,firewall,ens4,backbone,8573.4,1468.1333333333334,13.355555555555554,12.6,0,0,0,0,0
2026-07-28 12:40:00,ccf-aiops-成都,fw,firewall,ens5,business,1526.1111111111109,9733.62222222222,13.088888888888887,13.444444444444445,0,0,0,0,0
2026-07-28 12:40:00,ccf-aiops-成都,fw,firewall,ens6,NULL,0,0,0,0,0,0,0,0,0
2026-07-28 12:40:00,ccf-aiops-成都,monitor-vm,collector,ens3,NULL,124,68.93333333333334,1.3555555555555554,0.6888888888888888,0,0,0,0,0
2026-07-28 12:40:00,ccf-aiops-成都,monitor-vm,collector,ens4,mgmt,28095.533333333333,1018.3777777777777,10.466666666666667,8.955555555555554,0,0,0,0,0
2026-07-28 12:40:00,ccf-aiops-成都,monitor-vm,collector,ens5,NULL,0,0,0,0,0,0,0,0,0
2026-07-28 12:40:00,ccf-aiops-成都,monitor-vm,collector,ens6,NULL,0,0,0,0,0,0,0,0,0
2026-07-28 12:40:00,ccf-aiops-成都,probe-vm,probe,ens3,NULL,53.15555555555555,61.42222222222222,0.26666666666666666,0.28888888888888886,0,0,0,0,0
2026-07-28 12:40:00,ccf-aiops-成都,probe-vm,probe,ens4,business,52.71111111111111,1169.4,0.4222222222222222,0.28888888888888886,0,0,0,0,0
2026-07-28 12:40:00,ccf-aiops-成都,probe-vm,probe,ens5,NULL,0,0,0,0,0,0,0,0,0
2026-07-28 12:40:00,ccf-aiops-成都,probe-vm,probe,ens6,NULL,0,0,0,0,0,0,0,0,0
2026-07-28 12:40:00,ccf-aiops-成都,service-vm-1,service,ens3,NULL,0,0,0,0,0,0,0,0,0
2026-07-28 12:40:00,ccf-aiops-成都,service-vm-1,service,ens4,service,63.822222222222216,1178.6666666666667,0.5555555555555555,0.3555555555555555,0,0,0,0,0
2026-07-28 12:40:00,ccf-aiops-成都,service-vm-1,service,ens5,NULL,0,0,0,0,0,0,0,0,0
2026-07-28 12:40:00,ccf-aiops-成都,service-vm-1,service,ens6,NULL,0,0,0,0,0,0,0,0,0
2026-07-28 12:40:00,ccf-aiops-成都,service-vm-2,service,ens3,NULL,53.15555555555555,61.42222222222222,0.26666666666666666,0.28888888888888886,0,0,0,0,0
2026-07-28 12:40:00,ccf-aiops-成都,service-vm-2,service,ens4,service,67.64444444444445,1177.5333333333333,0.6,0.3777777777777777,0,0,0,0,0
2026-07-28 12:40:00,ccf-aiops-成都,service-vm-2,service,ens5,NULL,0,0,0,0,0,0,0,0,0
2026-07-28 12:40:00,ccf-aiops-成都,service-vm-2,service,ens6,NULL,0,0,0,0,0,0,0,0,0
2026-07-28 12:40:00,ccf-aiops-成都,service-vm-3,service,ens3,NULL,54.08888888888888,62.35555555555555,0.28888888888888886,0.31111111111111106,0,0,0,0,0
2026-07-28 12:40:00,ccf-aiops-成都,service-vm-3,service,ens4,service,67.64444444444445,1176.5555555555554,0.6,0.4,0,0,0,0,0
2026-07-28 12:40:00,ccf-aiops-成都,service-vm-3,service,ens5,NULL,0,0,0,0,0,0,0,0,0
2026-07-28 12:40:00,ccf-aiops-成都,service-vm-3,service,ens6,NULL,0,0,0,0,0,0,0,0,0
2026-07-28 12:40:00,ccf-aiops-成都,traffic-vm,traffic,ens3,NULL,177.15555555555554,128.88888888888889,1.6222222222222222,0.9555555555555555,0,0,0,0,0
2026-07-28 12:40:00,ccf-aiops-成都,traffic-vm,traffic,ens4,business,1691.3777777777775,15840.066666666668,11.91111111111111,11.644444444444444,0,0,0,0,0
2026-07-28 12:40:00,ccf-aiops-成都,traffic-vm,traffic,ens5,NULL,0,0,0,0,0,0,0,0,0
2026-07-28 12:40:00,ccf-aiops-成都,traffic-vm,traffic,ens6,NULL,0,0,0,0,0,0,0,0,0
2026-07-28 12:41:00,ccf-aiops-成都,br-1,br,ens10,NULL,0,0,0,0,0,0,0,0,0
2026-07-28 12:41:00,ccf-aiops-成都,br-1,br,ens11,NULL,0,0,0,0,0,0,0,0,0
2026-07-28 12:41:00,ccf-aiops-成都,br-1,br,ens12,NULL,0,0,0,0,0,0,0,0,0
2026-07-28 12:41:00,ccf-aiops-成都,br-1,br,ens3,NULL,20.22222222222222,0,0.28888888888888886,0,0,0,0,0,0
2026-07-28 12:41:00,ccf-aiops-成都,br-1,br,ens4,backbone,226.9111111111111,211.33333333333334,1.8666666666666667,1.8888888888888888,0,0,0,0,0
2026-07-28 12:41:00,ccf-aiops-成都,br-1,br,ens5,backbone,354.6222222222222,2156.9777777777776,3.1333333333333333,2.6,0,0,0,0,0
2026-07-28 12:41:00,ccf-aiops-成都,br-1,br,ens6,NULL,0,0,0,0,0,0,0,0,0
2026-07-28 12:41:00,ccf-aiops-成都,br-1,br,ens7,NULL,0,0,0,0,0,0,0,0,0
2026-07-28 12:41:00,ccf-aiops-成都,br-1,br,ens8,NULL,0,0,0,0,0,0,0,0,0
2026-07-28 12:41:00,ccf-aiops-成都,br-1,br,ens9,NULL,0,0,0,0,0,0,0,0,0
2026-07-28 12:41:00,ccf-aiops-成都,br-2,br,ens10,NULL,0,0,0,0,0,0,0,0,0
2026-07-28 12:41:00,ccf-aiops-成都,br-2,br,ens11,NULL,0,0,0,0,0,0,0,0,0
2026-07-28 12:41:00,ccf-aiops-成都,br-2,br,ens12,NULL,0,0,0,0,0,0,0,0,0
2026-07-28 12:41:00,ccf-aiops-成都,br-2,br,ens3,NULL,22.755555555555553,0,0.31111111111111106,0,0,0,0,0,0
2026-07-28 12:41:00,ccf-aiops-成都,br-2,br,ens4,backbone,247.8222222222222,129.11111111111111,1.8222222222222222,1.1777777777777776,0,0,0,0,0
2026-07-28 12:41:00,ccf-aiops-成都,br-2,br,ens5,backbone,273.2444444444444,2202.3555555555554,2.422222222222222,2.6444444444444444,0,0,0,0,0
2026-07-28 12:41:00,ccf-aiops-成都,br-2,br,ens6,NULL,0,0,0,0,0,0,0,0,0
2026-07-28 12:41:00,ccf-aiops-成都,br-2,br,ens7,NULL,0,0,0,0,0,0,0,0,0
2026-07-28 12:41:00,ccf-aiops-成都,br-2,br,ens8,NULL,0,0,0,0,0,0,0,0,0
2026-07-28 12:41:00,ccf-aiops-成都,br-2,br,ens9,NULL,0,0,0,0,0,0,0,0,0
2026-07-28 12:41:00,ccf-aiops-成都,cr-1,cr,ens10,NULL,0,0,0,0,0,0,0,0,0
2026-07-28 12:41:00,ccf-aiops-成都,cr-1,cr,ens11,NULL,0,0,0,0,0,0,0,0,0
2026-07-28 12:41:00,ccf-aiops-成都,cr-1,cr,ens12,NULL,0,0,0,0,0,0,0,0,0
2026-07-28 12:41:00,ccf-aiops-成都,cr-1,cr,ens3,NULL,127.86666666666666,114.22222222222221,0.8444444444444444,0.5555555555555555,0,0,0,0,0
2026-07-28 12:41:00,ccf-aiops-成都,cr-1,cr,ens4,backbone,724.4444444444445,270,1.7333333333333334,2.3777777777777778,0,0,0,0,0
2026-07-28 12:41:00,ccf-aiops-成都,cr-1,cr,ens5,backbone,386.75555555555553,2811.422222222222,3.355555555555555,2.622222222222222,0,0,0,0,0
2026-07-28 12:41:00,ccf-aiops-成都,cr-1,cr,ens6,NULL,0,0,0,0,0,0,0,0,0
2026-07-28 12:41:00,ccf-aiops-成都,cr-1,cr,ens7,NULL,0,0,0,0,0,0,0,0,0
2026-07-28 12:41:00,ccf-aiops-成都,cr-1,cr,ens8,NULL,0,0,0,0,0,0,0,0,0
2026-07-28 12:41:00,ccf-aiops-成都,cr-1,cr,ens9,NULL,0,0,0,0,0,0,0,0,0
2026-07-28 12:41:00,ccf-aiops-成都,cr-2,cr,ens10,NULL,0,0,0,0,0,0,0,0,0
2026-07-28 12:41:00,ccf-aiops-成都,cr-2,cr,ens11,NULL,0,0,0,0,0,0,0,0,0
2026-07-28 12:41:00,ccf-aiops-成都,cr-2,cr,ens12,NULL,0,0,0,0,0,0,0,0,0
2026-07-28 12:41:00,ccf-aiops-成都,cr-2,cr,ens3,NULL,20.22222222222222,0,0.28888888888888886,0,0,0,0,0,0
2026-07-28 12:41:00,ccf-aiops-成都,cr-2,cr,ens4,backbone,3841.4,307.4444444444444,4.444444444444444,2.711111111111111,0,0,0,0,0
2026-07-28 12:41:00,ccf-aiops-成都,cr-2,cr,ens5,backbone,427.6666666666667,5983.866666666667,3.7333333333333334,5.355555555555555,0,0,0,0,0
2026-07-28 12:41:00,ccf-aiops-成都,cr-2,cr,ens6,NULL,0,0,0,0,0,0,0,0,0
2026-07-28 12:41:00,ccf-aiops-成都,cr-2,cr,ens7,NULL,0,0,0,0,0,0,0,0,0
2026-07-28 12:41:00,ccf-aiops-成都,cr-2,cr,ens8,NULL,0,0,0,0,0,0,0,0,0
2026-07-28 12:41:00,ccf-aiops-成都,cr-2,cr,ens9,NULL,0,0,0,0,0,0,0,0,0
2026-07-28 12:41:00,ccf-aiops-成都,fw,firewall,ens3,NULL,198.7111111111111,131.2888888888889,1.9333333333333333,1,0,0,0,0,0
2026-07-28 12:41:00,ccf-aiops-成都,fw,firewall,ens4,backbone,8529.044444444444,815.7333333333333,8.511111111111111,7.022222222222222,0,0,0,0,0
2026-07-28 12:41:00,ccf-aiops-成都,fw,firewall,ens5,business,878.0666666666667,9686.044444444444,7.555555555555555,8.577777777777778,0,0,0,0,0
2026-07-28 12:41:00,ccf-aiops-成都,fw,firewall,ens6,NULL,0,0,0,0,0,0,0,0,0
2026-07-28 12:41:00,ccf-aiops-成都,monitor-vm,collector,ens3,NULL,142.57777777777775,66.66666666666667,1.6222222222222222,0.6666666666666666,0,0,0,0,0
2026-07-28 12:41:00,ccf-aiops-成都,monitor-vm,collector,ens4,mgmt,28854.733333333334,1035.5777777777778,11.11111111111111,9.155555555555555,0,0,0,0,0
2026-07-28 12:41:00,ccf-aiops-成都,monitor-vm,collector,ens5,NULL,0,0,0,0,0,0,0,0,0
2026-07-28 12:41:00,ccf-aiops-成都,monitor-vm,collector,ens6,NULL,0,0,0,0,0,0,0,0,0
2026-07-28 12:41:00,ccf-aiops-成都,probe-vm,probe,ens3,NULL,20.22222222222222,0,0.28888888888888886,0,0,0,0,0,0
2026-07-28 12:41:00,ccf-aiops-成都,probe-vm,probe,ens4,business,60.35555555555555,1172.311111111111,0.5111111111111111,0.3555555555555555,0,0,0,0,0
2026-07-28 12:41:00,ccf-aiops-成都,probe-vm,probe,ens5,NULL,0,0,0,0,0,0,0,0,0
2026-07-28 12:41:00,ccf-aiops-成都,probe-vm,probe,ens6,NULL,0,0,0,0,0,0,0,0,0
2026-07-28 12:41:00,ccf-aiops-成都,service-vm-1,service,ens3,NULL,74.7111111111111,62.35555555555555,0.5777777777777777,0.31111111111111106,0,0,0,0,0
2026-07-28 12:41:00,ccf-aiops-成都,service-vm-1,service,ens4,service,64.17777777777778,1178,0.5555555555555555,0.3555555555555555,0,0,0,0,0
2026-07-28 12:41:00,ccf-aiops-成都,service-vm-1,service,ens5,NULL,0,0,0,0,0,0,0,0,0
2026-07-28 12:41:00,ccf-aiops-成都,service-vm-1,service,ens6,NULL,0,0,0,0,0,0,0,0,0
2026-07-28 12:41:00,ccf-aiops-成都,service-vm-2,service,ens3,NULL,74.93333333333334,61.42222222222222,0.5777777777777777,0.28888888888888886,0,0,0,0,0
2026-07-28 12:41:00,ccf-aiops-成都,service-vm-2,service,ens4,service,77.73333333333333,1189.2444444444443,0.711111111111111,0.5111111111111111,0,0,0,0,0
2026-07-28 12:41:00,ccf-aiops-成都,service-vm-2,service,ens5,NULL,0,0,0,0,0,0,0,0,0
2026-07-28 12:41:00,ccf-aiops-成都,service-vm-2,service,ens6,NULL,0,0,0,0,0,0,0,0,0
2026-07-28 12:41:00,ccf-aiops-成都,service-vm-3,service,ens3,NULL,18.666666666666668,0,0.26666666666666666,0,0,0,0,0,0
2026-07-28 12:41:00,ccf-aiops-成都,service-vm-3,service,ens4,service,71.82222222222222,1176.911111111111,0.6444444444444444,0.4,0,0,0,0,0
2026-07-28 12:41:00,ccf-aiops-成都,service-vm-3,service,ens5,NULL,0,0,0,0,0,0,0,0,0
2026-07-28 12:41:00,ccf-aiops-成都,service-vm-3,service,ens6,NULL,0,0,0,0,0,0,0,0,0
2026-07-28 12:41:00,ccf-aiops-成都,traffic-vm,traffic,ens3,NULL,145.06666666666666,69.86666666666666,1.6444444444444444,0.711111111111111,0,0,0,0,0
2026-07-28 12:41:00,ccf-aiops-成都,traffic-vm,traffic,ens4,business,609.1333333333333,14964.977777777776,4.71111111111111,4.311111111111111,0,0,0,0,0
2026-07-28 12:41:00,ccf-aiops-成都,traffic-vm,traffic,ens5,NULL,0,0,0,0,0,0,0,0,0
2026-07-28 12:41:00,ccf-aiops-成都,traffic-vm,traffic,ens6,NULL,0,0,0,0,0,0,0,0,0
2026-07-28 12:42:00,ccf-aiops-成都,br-1,br,ens10,NULL,0,0,0,0,0,0,0,0,0
2026-07-28 12:42:00,ccf-aiops-成都,br-1,br,ens11,NULL,0,0,0,0,0,0,0,0,0
2026-07-28 12:42:00,ccf-aiops-成都,br-1,br,ens12,NULL,0,0,0,0,0,0,0,0,0
2026-07-28 12:42:00,ccf-aiops-成都,br-1,br,ens3,NULL,1.5555555555555556,0,0.02222222222222222,0,0,0,0,0,0
2026-07-28 12:42:00,ccf-aiops-成都,br-1,br,ens4,backbone,290.4888888888889,122.97777777777777,2.6888888888888887,1.111111111111111,0,0,0,0,0
2026-07-28 12:42:00,ccf-aiops-成都,br-1,br,ens5,backbone,272.53333333333336,1956.6888888888889,2.422222222222222,3.066666666666667,0,0,0,0,0
2026-07-28 12:42:00,ccf-aiops-成都,br-1,br,ens6,NULL,0,0,0,0,0,0,0,0,0
2026-07-28 12:42:00,ccf-aiops-成都,br-1,br,ens7,NULL,0,0,0,0,0,0,0,0,0
2026-07-28 12:42:00,ccf-aiops-成都,br-1,br,ens8,NULL,0,0,0,0,0,0,0,0,0
2026-07-28 12:42:00,ccf-aiops-成都,br-1,br,ens9,NULL,0,0,0,0,0,0,0,0,0
2026-07-28 12:42:00,ccf-aiops-成都,br-2,br,ens10,NULL,0,0,0,0,0,0,0,0,0
2026-07-28 12:42:00,ccf-aiops-成都,br-2,br,ens11,NULL,0,0,0,0,0,0,0,0,0
2026-07-28 12:42:00,ccf-aiops-成都,br-2,br,ens12,NULL,0,0,0,0,0,0,0,0,0
2026-07-28 12:42:00,ccf-aiops-成都,br-2,br,ens3,NULL,9.155555555555555,0,0.04444444444444444,0,0,0,0,0,0
2026-07-28 12:42:00,ccf-aiops-成都,br-2,br,ens4,backbone,466.46666666666664,481.75555555555553,3.6,4.2,0,0,0,0,0
2026-07-28 12:42:00,ccf-aiops-成都,br-2,br,ens5,backbone,635.6888888888888,2161.3777777777777,5.533333333333333,4.066666666666666,0,0,0,0,0
2026-07-28 12:42:00,ccf-aiops-成都,br-2,br,ens6,NULL,0,0,0,0,0,0,0,0,0
2026-07-28 12:42:00,ccf-aiops-成都,br-2,br,ens7,NULL,0,0,0,0,0,0,0,0,0
2026-07-28 12:42:00,ccf-aiops-成都,br-2,br,ens8,NULL,0,0,0,0,0,0,0,0,0
2026-07-28 12:42:00,ccf-aiops-成都,br-2,br,ens9,NULL,0,0,0,0,0,0,0,0,0
2026-07-28 12:42:00,ccf-aiops-成都,cr-1,cr,ens10,NULL,0,0,0,0,0,0,0,0,0
2026-07-28 12:42:00,ccf-aiops-成都,cr-1,cr,ens11,NULL,0,0,0,0,0,0,0,0,0
2026-07-28 12:42:00,ccf-aiops-成都,cr-1,cr,ens12,NULL,0,0,0,0,0,0,0,0,0
2026-07-28 12:42:00,ccf-aiops-成都,cr-1,cr,ens3,NULL,1.5555555555555556,0,0.02222222222222222,0,0,0,0,0,0
2026-07-28 12:42:00,ccf-aiops-成都,cr-1,cr,ens4,backbone,604.6222222222221,593.6666666666666,3.2888888888888888,5.177777777777777,0,0,0,0,0
2026-07-28 12:42:00,ccf-aiops-成都,cr-1,cr,ens5,backbone,709.2222222222222,2362.2222222222217,6.133333333333334,3.911111111111111,0,0,0,0,0
2026-07-28 12:42:00,ccf-aiops-成都,cr-1,cr,ens6,NULL,0,0,0,0,0,0,0,0,0
2026-07-28 12:42:00,ccf-aiops-成都,cr-1,cr,ens7,NULL,0,0,0,0,0,0,0,0,0
2026-07-28 12:42:00,ccf-aiops-成都,cr-1,cr,ens8,NULL,0,0,0,0,0,0,0,0,0
2026-07-28 12:42:00,ccf-aiops-成都,cr-1,cr,ens9,NULL,0,0,0,0,0,0,0,0,0
2026-07-28 12:42:00,ccf-aiops-成都,cr-2,cr,ens10,NULL,0,0,0,0,0,0,0,0,0
2026-07-28 12:42:00,ccf-aiops-成都,cr-2,cr,ens11,NULL,0,0,0,0,0,0,0,0,0
2026-07-28 12:42:00,ccf-aiops-成都,cr-2,cr,ens12,NULL,0,0,0,0,0,0,0,0,0
2026-07-28 12:42:00,ccf-aiops-成都,cr-2,cr,ens3,NULL,1.5555555555555556,0,0.02222222222222222,0,0,0,0,0,0
2026-07-28 12:42:00,ccf-aiops-成都,cr-2,cr,ens4,backbone,3782,316.8,5.422222222222222,2.8,0,0,0,0,0
2026-07-28 12:42:00,ccf-aiops-成都,cr-2,cr,ens5,backbone,431.2888888888889,5507.266666666666,3.755555555555555,6.022222222222222,0,0,0,0,0
2026-07-28 12:42:00,ccf-aiops-成都,cr-2,cr,ens6,NULL,0,0,0,0,0,0,0,0,0
2026-07-28 12:42:00,ccf-aiops-成都,cr-2,cr,ens7,NULL,0,0,0,0,0,0,0,0,0
2026-07-28 12:42:00,ccf-aiops-成都,cr-2,cr,ens8,NULL,0,0,0,0,0,0,0,0,0
2026-07-28 12:42:00,ccf-aiops-成都,cr-2,cr,ens9,NULL,0,0,0,0,0,0,0,0,0
2026-07-28 12:42:00,ccf-aiops-成都,fw,firewall,ens3,NULL,125.55555555555556,68.93333333333334,1.3777777777777775,0.6888888888888888,0,0,0,0,0
2026-07-28 12:42:00,ccf-aiops-成都,fw,firewall,ens4,backbone,7411.155555555555,852.911111111111,8.022222222222222,7.266666666666667,0,0,0,0,0
2026-07-28 12:42:00,ccf-aiops-成都,fw,firewall,ens5,business,912.8,8560.444444444443,7.777777777777777,8,0,0,0,0,0
2026-07-28 12:42:00,ccf-aiops-成都,fw,firewall,ens6,NULL,0,0,0,0,0,0,0,0,0
2026-07-28 12:42:00,ccf-aiops-成都,monitor-vm,collector,ens3,NULL,187.64444444444445,131.2888888888889,1.6888888888888889,1,0,0,0,0,0
2026-07-28 12:42:00,ccf-aiops-成都,monitor-vm,collector,ens4,mgmt,27790.644444444442,1044.0222222222221,10.577777777777778,9.244444444444444,0,0,0,0,0
2026-07-28 12:42:00,ccf-aiops-成都,monitor-vm,collector,ens5,NULL,0,0,0,0,0,0,0,0,0
2026-07-28 12:42:00,ccf-aiops-成都,monitor-vm,collector,ens6,NULL,0,0,0,0,0,0,0,0,0
2026-07-28 12:42:00,ccf-aiops-成都,probe-vm,probe,ens3,NULL,56.044444444444444,62.35555555555555,0.31111111111111106,0.31111111111111106,0,0,0,0,0
2026-07-28 12:42:00,ccf-aiops-成都,probe-vm,probe,ens4,business,54.62222222222222,1165.2222222222222,0.4444444444444444,0.26666666666666666,0,0,0,0,0
2026-07-28 12:42:00,ccf-aiops-成都,probe-vm,probe,ens5,NULL,0,0,0,0,0,0,0,0,0
2026-07-28 12:42:00,ccf-aiops-成都,probe-vm,probe,ens6,NULL,0,0,0,0,0,0,0,0,0
2026-07-28 12:42:00,ccf-aiops-成都,service-vm-1,service,ens3,NULL,56.044444444444444,60.888888888888886,0.31111111111111106,0.28888888888888886,0,0,0,0,0
2026-07-28 12:42:00,ccf-aiops-成都,service-vm-1,service,ens4,service,78.08888888888889,1185.1777777777777,0.711111111111111,0.4444444444444444,0,0,0,0,0
2026-07-28 12:42:00,ccf-aiops-成都,service-vm-1,service,ens5,NULL,0,0,0,0,0,0,0,0,0
2026-07-28 12:42:00,ccf-aiops-成都,service-vm-1,service,ens6,NULL,0,0,0,0,0,0,0,0,0
2026-07-28 12:42:00,ccf-aiops-成都,service-vm-2,service,ens3,NULL,1.5555555555555556,0,0.02222222222222222,0,0,0,0,0,0
2026-07-28 12:42:00,ccf-aiops-成都,service-vm-2,service,ens4,service,69.9111111111111,1178.8666666666666,0.6222222222222221,0.4,0,0,0,0,0
2026-07-28 12:42:00,ccf-aiops-成都,service-vm-2,service,ens5,NULL,0,0,0,0,0,0,0,0,0
2026-07-28 12:42:00,ccf-aiops-成都,service-vm-2,service,ens6,NULL,0,0,0,0,0,0,0,0,0
2026-07-28 12:42:00,ccf-aiops-成都,service-vm-3,service,ens3,NULL,1.5555555555555556,0,0.02222222222222222,0,0,0,0,0,0
2026-07-28 12:42:00,ccf-aiops-成都,service-vm-3,service,ens4,service,73.9111111111111,1179.911111111111,0.6666666666666666,0.4222222222222222,0,0,0,0,0
2026-07-28 12:42:00,ccf-aiops-成都,service-vm-3,service,ens5,NULL,0,0,0,0,0,0,0,0,0
2026-07-28 12:42:00,ccf-aiops-成都,service-vm-3,service,ens6,NULL,0,0,0,0,0,0,0,0,0
2026-07-28 12:42:00,ccf-aiops-成都,traffic-vm,traffic,ens3,NULL,240.8,191.24444444444444,1.9555555555555555,1.2666666666666666,0,0,0,0,0
2026-07-28 12:42:00,ccf-aiops-成都,traffic-vm,traffic,ens4,business,1194.0666666666666,15442.844444444443,9.133333333333333,8.377777777777776,0,0,0,0,0
2026-07-28 12:42:00,ccf-aiops-成都,traffic-vm,traffic,ens5,NULL,0,0,0,0,0,0,0,0,0
2026-07-28 12:42:00,ccf-aiops-成都,traffic-vm,traffic,ens6,NULL,0,0,0,0,0,0,0,0,0
2026-07-28 12:43:00,ccf-aiops-成都,br-1,br,ens10,NULL,0,0,0,0,0,0,0,0,0
2026-07-28 12:43:00,ccf-aiops-成都,br-1,br,ens11,NULL,0,0,0,0,0,0,0,0,0
2026-07-28 12:43:00,ccf-aiops-成都,br-1,br,ens12,NULL,0,0,0,0,0,0,0,0,0
2026-07-28 12:43:00,ccf-aiops-成都,br-1,br,ens3,NULL,0,0,0,0,0,0,0,0,0
2026-07-28 12:43:00,ccf-aiops-成都,br-1,br,ens4,backbone,124.82222222222222,75.7111111111111,1.2666666666666666,0.7333333333333333,0,0,0,0,0
2026-07-28 12:43:00,ccf-aiops-成都,br-1,br,ens5,backbone,213.26666666666668,1768.622222222222,1.911111111111111,1.4,0,0,0,0,0
2026-07-28 12:43:00,ccf-aiops-成都,br-1,br,ens6,NULL,0,0,0,0,0,0,0,0,0
2026-07-28 12:43:00,ccf-aiops-成都,br-1,br,ens7,NULL,0,0,0,0,0,0,0,0,0
2026-07-28 12:43:00,ccf-aiops-成都,br-1,br,ens8,NULL,0,0,0,0,0,0,0,0,0
2026-07-28 12:43:00,ccf-aiops-成都,br-1,br,ens9,NULL,0,0,0,0,0,0,0,0,0
2026-07-28 12:43:00,ccf-aiops-成都,br-2,br,ens10,NULL,0,0,0,0,0,0,0,0,0
2026-07-28 12:43:00,ccf-aiops-成都,br-2,br,ens11,NULL,0,0,0,0,0,0,0,0,0
2026-07-28 12:43:00,ccf-aiops-成都,br-2,br,ens12,NULL,0,0,0,0,0,0,0,0,0
2026-07-28 12:43:00,ccf-aiops-成都,br-2,br,ens3,NULL,2.533333333333333,0,0.02222222222222222,0,0,0,0,0,0
2026-07-28 12:43:00,ccf-aiops-成都,br-2,br,ens4,backbone,272.5777777777778,143.24444444444444,2.111111111111111,1.2888888888888888,0,0,0,0,0
2026-07-28 12:43:00,ccf-aiops-成都,br-2,br,ens5,backbone,296.0222222222222,2039.0222222222221,2.6,2.511111111111111,0,0,0,0,0
2026-07-28 12:43:00,ccf-aiops-成都,br-2,br,ens6,NULL,0,0,0,0,0,0,0,0,0
2026-07-28 12:43:00,ccf-aiops-成都,br-2,br,ens7,NULL,0,0,0,0,0,0,0,0,0
2026-07-28 12:43:00,ccf-aiops-成都,br-2,br,ens8,NULL,0,0,0,0,0,0,0,0,0
2026-07-28 12:43:00,ccf-aiops-成都,br-2,br,ens9,NULL,0,0,0,0,0,0,0,0,0
2026-07-28 12:43:00,ccf-aiops-成都,cr-1,cr,ens10,NULL,0,0,0,0,0,0,0,0,0
2026-07-28 12:43:00,ccf-aiops-成都,cr-1,cr,ens11,NULL,0,0,0,0,0,0,0,0,0
2026-07-28 12:43:00,ccf-aiops-成都,cr-1,cr,ens12,NULL,0,0,0,0,0,0,0,0,0
2026-07-28 12:43:00,ccf-aiops-成都,cr-1,cr,ens3,NULL,2.533333333333333,0,0.02222222222222222,0,0,0,0,0,0
2026-07-28 12:43:00,ccf-aiops-成都,cr-1,cr,ens4,backbone,472.1111111111111,344.75555555555553,1.6222222222222222,3,0,0,0,0,0
2026-07-28 12:43:00,ccf-aiops-成都,cr-1,cr,ens5,backbone,464.06666666666666,2318.111111111111,3.9777777777777774,2.3777777777777778,0,0,0,0,0
2026-07-28 12:43:00,ccf-aiops-成都,cr-1,cr,ens6,NULL,0,0,0,0,0,0,0,0,0
2026-07-28 12:43:00,ccf-aiops-成都,cr-1,cr,ens7,NULL,0,0,0,0,0,0,0,0,0
2026-07-28 12:43:00,ccf-aiops-成都,cr-1,cr,ens8,NULL,0,0,0,0,0,0,0,0,0
2026-07-28 12:43:00,ccf-aiops-成都,cr-1,cr,ens9,NULL,0,0,0,0,0,0,0,0,0
2026-07-28 12:43:00,ccf-aiops-成都,cr-2,cr,ens10,NULL,0,0,0,0,0,0,0,0,0
2026-07-28 12:43:00,ccf-aiops-成都,cr-2,cr,ens11,NULL,0,0,0,0,0,0,0,0,0
2026-07-28 12:43:00,ccf-aiops-成都,cr-2,cr,ens12,NULL,0,0,0,0,0,0,0,0,0
2026-07-28 12:43:00,ccf-aiops-成都,cr-2,cr,ens3,NULL,107.64444444444443,114.22222222222221,0.5555555555555555,0.5555555555555555,0,0,0,0,0
2026-07-28 12:43:00,ccf-aiops-成都,cr-2,cr,ens4,backbone,3461.422222222222,200.64444444444445,3.3777777777777778,1.7555555555555555,0,0,0,0,0
2026-07-28 12:43:00,ccf-aiops-成都,cr-2,cr,ens5,backbone,311.3111111111111,5332.711111111111,2.6666666666666665,4.088888888888889,0,0,0,0,0
2026-07-28 12:43:00,ccf-aiops-成都,cr-2,cr,ens6,NULL,0,0,0,0,0,0,0,0,0
2026-07-28 12:43:00,ccf-aiops-成都,cr-2,cr,ens7,NULL,0,0,0,0,0,0,0,0,0
2026-07-28 12:43:00,ccf-aiops-成都,cr-2,cr,ens8,NULL,0,0,0,0,0,0,0,0,0
2026-07-28 12:43:00,ccf-aiops-成都,cr-2,cr,ens9,NULL,0,0,0,0,0,0,0,0,0
2026-07-28 12:43:00,ccf-aiops-成都,fw,firewall,ens3,NULL,177.15555555555554,130.35555555555555,1.6222222222222222,0.9777777777777777,0,0,0,0,0
2026-07-28 12:43:00,ccf-aiops-成都,fw,firewall,ens4,backbone,7205.066666666667,565.6888888888888,5.822222222222222,4.844444444444444,0,0,0,0,0
2026-07-28 12:43:00,ccf-aiops-成都,fw,firewall,ens5,business,625.9333333333333,8368.444444444443,5.355555555555555,5.955555555555555,0,0,0,0,0
2026-07-28 12:43:00,ccf-aiops-成都,fw,firewall,ens6,NULL,0,0,0,0,0,0,0,0,0
2026-07-28 12:43:00,ccf-aiops-成都,monitor-vm,collector,ens3,NULL,126.53333333333333,68.93333333333334,1.3777777777777775,0.6888888888888888,0,0,0,0,0
2026-07-28 12:43:00,ccf-aiops-成都,monitor-vm,collector,ens4,mgmt,28196.688888888886,1016.4666666666667,10.71111111111111,8.933333333333334,0,0,0,0,0
2026-07-28 12:43:00,ccf-aiops-成都,monitor-vm,collector,ens5,NULL,0,0,0,0,0,0,0,0,0
2026-07-28 12:43:00,ccf-aiops-成都,monitor-vm,collector,ens6,NULL,0,0,0,0,0,0,0,0,0
2026-07-28 12:43:00,ccf-aiops-成都,probe-vm,probe,ens3,NULL,54.48888888888889,62.35555555555555,0.28888888888888886,0.31111111111111106,0,0,0,0,0
2026-07-28 12:43:00,ccf-aiops-成都,probe-vm,probe,ens4,business,58.44444444444444,1169.9555555555555,0.4888888888888889,0.3333333333333333,0,0,0,0,0
2026-07-28 12:43:00,ccf-aiops-成都,probe-vm,probe,ens5,NULL,0,0,0,0,0,0,0,0,0
2026-07-28 12:43:00,ccf-aiops-成都,probe-vm,probe,ens6,NULL,0,0,0,0,0,0,0,0,0
2026-07-28 12:43:00,ccf-aiops-成都,service-vm-1,service,ens3,NULL,49.64444444444444,56.84444444444444,0.2222222222222222,0.24444444444444444,0,0,0,0,0
2026-07-28 12:43:00,ccf-aiops-成都,service-vm-1,service,ens4,service,60.35555555555555,1174.6666666666667,0.5111111111111111,0.31111111111111106,0,0,0,0,0
2026-07-28 12:43:00,ccf-aiops-成都,service-vm-1,service,ens5,NULL,0,0,0,0,0,0,0,0,0
2026-07-28 12:43:00,ccf-aiops-成都,service-vm-1,service,ens6,NULL,0,0,0,0,0,0,0,0,0
2026-07-28 12:43:00,ccf-aiops-成都,service-vm-2,service,ens3,NULL,0,0,0,0,0,0,0,0,0
2026-07-28 12:43:00,ccf-aiops-成都,service-vm-2,service,ens4,service,66.08888888888889,1179.2888888888888,0.5777777777777777,0.4,0,0,0,0,0
2026-07-28 12:43:00,ccf-aiops-成都,service-vm-2,service,ens5,NULL,0,0,0,0,0,0,0,0,0
2026-07-28 12:43:00,ccf-aiops-成都,service-vm-2,service,ens6,NULL,0,0,0,0,0,0,0,0,0
2026-07-28 12:43:00,ccf-aiops-成都,service-vm-3,service,ens3,NULL,56.62222222222222,62.35555555555555,0.31111111111111106,0.31111111111111106,0,0,0,0,0
2026-07-28 12:43:00,ccf-aiops-成都,service-vm-3,service,ens4,service,54.62222222222222,1172.2222222222222,0.4444444444444444,0.3333333333333333,0,0,0,0,0
2026-07-28 12:43:00,ccf-aiops-成都,service-vm-3,service,ens5,NULL,0,0,0,0,0,0,0,0,0
2026-07-28 12:43:00,ccf-aiops-成都,service-vm-3,service,ens6,NULL,0,0,0,0,0,0,0,0,0
2026-07-28 12:43:00,ccf-aiops-成都,traffic-vm,traffic,ens3,NULL,126.53333333333333,68.93333333333334,1.3777777777777775,0.6888888888888888,0,0,0,0,0
2026-07-28 12:43:00,ccf-aiops-成都,traffic-vm,traffic,ens4,business,638.7111111111111,14998.8,4.977777777777777,4.51111111111111,0,0,0,0,0
2026-07-28 12:43:00,ccf-aiops-成都,traffic-vm,traffic,ens5,NULL,0,0,0,0,0,0,0,0,0
2026-07-28 12:43:00,ccf-aiops-成都,traffic-vm,traffic,ens6,NULL,0,0,0,0,0,0,0,0,0
2026-07-28 12:44:00,ccf-aiops-成都,br-1,br,ens10,NULL,0,0,0,0,0,0,0,0,0
2026-07-28 12:44:00,ccf-aiops-成都,br-1,br,ens11,NULL,0,0,0,0,0,0,0,0,0
2026-07-28 12:44:00,ccf-aiops-成都,br-1,br,ens12,NULL,0,0,0,0,0,0,0,0,0
2026-07-28 12:44:00,ccf-aiops-成都,br-1,br,ens3,NULL,109.2,114.22222222222221,0.5777777777777777,0.5555555555555555,0,0,0,0,0
2026-07-28 12:44:00,ccf-aiops-成都,br-1,br,ens4,backbone,785.2222222222222,558.8444444444444,5.822222222222222,4.866666666666666,0,0,0,0,0
2026-07-28 12:44:00,ccf-aiops-成都,br-1,br,ens5,backbone,714.0888888888888,2412.6666666666665,6.133333333333334,5.666666666666667,0,0,0,0,0
2026-07-28 12:44:00,ccf-aiops-成都,br-1,br,ens6,NULL,0,0,0,0,0,0,0,0,0
2026-07-28 12:44:00,ccf-aiops-成都,br-1,br,ens7,NULL,0,0,0,0,0,0,0,0,0
2026-07-28 12:44:00,ccf-aiops-成都,br-1,br,ens8,NULL,0,0,0,0,0,0,0,0,0
2026-07-28 12:44:00,ccf-aiops-成都,br-1,br,ens9,NULL,0,0,0,0,0,0,0,0,0
2026-07-28 12:44:00,ccf-aiops-成都,br-2,br,ens10,NULL,0,0,0,0,0,0,0,0,0
2026-07-28 12:44:00,ccf-aiops-成都,br-2,br,ens11,NULL,0,0,0,0,0,0,0,0,0
2026-07-28 12:44:00,ccf-aiops-成都,br-2,br,ens12,NULL,0,0,0,0,0,0,0,0,0
2026-07-28 12:44:00,ccf-aiops-成都,br-2,br,ens3,NULL,1.5555555555555556,0,0.02222222222222222,0,0,0,0,0,0
2026-07-28 12:44:00,ccf-aiops-成都,br-2,br,ens4,backbone,684.8888888888888,487.8444444444444,5.066666666666666,4.2444444444444445,0,0,0,0,0
2026-07-28 12:44:00,ccf-aiops-成都,br-2,br,ens5,backbone,638.4666666666667,2295.0444444444443,5.51111111111111,4.9111111111111105,0,0,0,0,0
2026-07-28 12:44:00,ccf-aiops-成都,br-2,br,ens6,NULL,0,0,0,0,0,0,0,0,0
2026-07-28 12:44:00,ccf-aiops-成都,br-2,br,ens7,NULL,0,0,0,0,0,0,0,0,0
2026-07-28 12:44:00,ccf-aiops-成都,br-2,br,ens8,NULL,0,0,0,0,0,0,0,0,0
2026-07-28 12:44:00,ccf-aiops-成都,br-2,br,ens9,NULL,0,0,0,0,0,0,0,0,0
2026-07-28 12:44:00,ccf-aiops-成都,cr-1,cr,ens10,NULL,0,0,0,0,0,0,0,0,0
2026-07-28 12:44:00,ccf-aiops-成都,cr-1,cr,ens11,NULL,0,0,0,0,0,0,0,0,0
2026-07-28 12:44:00,ccf-aiops-成都,cr-1,cr,ens12,NULL,0,0,0,0,0,0,0,0,0
2026-07-28 12:44:00,ccf-aiops-成都,cr-1,cr,ens3,NULL,1.5555555555555556,0,0.02222222222222222,0,0,0,0,0,0
2026-07-28 12:44:00,ccf-aiops-成都,cr-1,cr,ens4,backbone,926.4,634.7333333333333,5.155555555555555,5.51111111111111,0,0,0,0,0
2026-07-28 12:44:00,ccf-aiops-成都,cr-1,cr,ens5,backbone,753.2222222222222,2682.8444444444444,6.51111111111111,5.7555555555555555,0,0,0,0,0
2026-07-28 12:44:00,ccf-aiops-成都,cr-1,cr,ens6,NULL,0,0,0,0,0,0,0,0,0
2026-07-28 12:44:00,ccf-aiops-成都,cr-1,cr,ens7,NULL,0,0,0,0,0,0,0,0,0
2026-07-28 12:44:00,ccf-aiops-成都,cr-1,cr,ens8,NULL,0,0,0,0,0,0,0,0,0
2026-07-28 12:44:00,ccf-aiops-成都,cr-1,cr,ens9,NULL,0,0,0,0,0,0,0,0,0
2026-07-28 12:44:00,ccf-aiops-成都,cr-2,cr,ens10,NULL,0,0,0,0,0,0,0,0,0
2026-07-28 12:44:00,ccf-aiops-成都,cr-2,cr,ens11,NULL,0,0,0,0,0,0,0,0,0
2026-07-28 12:44:00,ccf-aiops-成都,cr-2,cr,ens12,NULL,0,0,0,0,0,0,0,0,0
2026-07-28 12:44:00,ccf-aiops-成都,cr-2,cr,ens3,NULL,1.5555555555555556,0,0.02222222222222222,0,0,0,0,0,0
2026-07-28 12:44:00,ccf-aiops-成都,cr-2,cr,ens4,backbone,4019.022222222222,671.7333333333333,7.066666666666666,5.666666666666667,0,0,0,0,0
2026-07-28 12:44:00,ccf-aiops-成都,cr-2,cr,ens5,backbone,783.7777777777777,5721.288888888888,6.6,7.6,0,0,0,0,0
2026-07-28 12:44:00,ccf-aiops-成都,cr-2,cr,ens6,NULL,0,0,0,0,0,0,0,0,0
2026-07-28 12:44:00,ccf-aiops-成都,cr-2,cr,ens7,NULL,0,0,0,0,0,0,0,0,0
2026-07-28 12:44:00,ccf-aiops-成都,cr-2,cr,ens8,NULL,0,0,0,0,0,0,0,0,0
2026-07-28 12:44:00,ccf-aiops-成都,cr-2,cr,ens9,NULL,0,0,0,0,0,0,0,0,0
2026-07-28 12:44:00,ccf-aiops-成都,fw,firewall,ens3,NULL,178.7111111111111,128.88888888888889,1.6444444444444444,0.9555555555555555,0,0,0,0,0
2026-07-28 12:44:00,ccf-aiops-成都,fw,firewall,ens4,backbone,8528.266666666666,1698.1555555555556,15.288888888888888,14.466666666666667,0,0,0,0,0
2026-07-28 12:44:00,ccf-aiops-成都,fw,firewall,ens5,business,1747.1111111111109,9676.666666666666,14.844444444444443,15.244444444444444,0,0,0,0,0
2026-07-28 12:44:00,ccf-aiops-成都,fw,firewall,ens6,NULL,0,0,0,0,0,0,0,0,0
2026-07-28 12:44:00,ccf-aiops-成都,monitor-vm,collector,ens3,NULL,178.7111111111111,130.35555555555555,1.6444444444444444,0.9777777777777777,0,0,0,0,0
2026-07-28 12:44:00,ccf-aiops-成都,monitor-vm,collector,ens4,mgmt,27816.04444444444,1027.9333333333334,10.333333333333334,9.066666666666666,0,0,0,0,0
2026-07-28 12:44:00,ccf-aiops-成都,monitor-vm,collector,ens5,NULL,0,0,0,0,0,0,0,0,0
2026-07-28 12:44:00,ccf-aiops-成都,monitor-vm,collector,ens6,NULL,0,0,0,0,0,0,0,0,0
2026-07-28 12:44:00,ccf-aiops-成都,probe-vm,probe,ens3,NULL,1.5555555555555556,0,0.02222222222222222,0,0,0,0,0,0
2026-07-28 12:44:00,ccf-aiops-成都,probe-vm,probe,ens4,business,66.08888888888889,1175.311111111111,0.5777777777777777,0.4,0,0,0,0,0
2026-07-28 12:44:00,ccf-aiops-成都,probe-vm,probe,ens5,NULL,0,0,0,0,0,0,0,0,0
2026-07-28 12:44:00,ccf-aiops-成都,probe-vm,probe,ens6,NULL,0,0,0,0,0,0,0,0,0
2026-07-28 12:44:00,ccf-aiops-成都,service-vm-1,service,ens3,NULL,54.71111111111111,61.42222222222222,0.28888888888888886,0.28888888888888886,0,0,0,0,0
2026-07-28 12:44:00,ccf-aiops-成都,service-vm-1,service,ens4,service,60.35555555555555,1174.1333333333334,0.5111111111111111,0.31111111111111106,0,0,0,0,0
2026-07-28 12:44:00,ccf-aiops-成都,service-vm-1,service,ens5,NULL,0,0,0,0,0,0,0,0,0
2026-07-28 12:44:00,ccf-aiops-成都,service-vm-1,service,ens6,NULL,0,0,0,0,0,0,0,0,0
2026-07-28 12:44:00,ccf-aiops-成都,service-vm-2,service,ens3,NULL,109.2,122.3111111111111,0.5777777777777777,0.5777777777777777,0,0,0,0,0
2026-07-28 12:44:00,ccf-aiops-成都,service-vm-2,service,ens4,service,68,1178.6,0.6,0.4,0,0,0,0,0
2026-07-28 12:44:00,ccf-aiops-成都,service-vm-2,service,ens5,NULL,0,0,0,0,0,0,0,0,0
2026-07-28 12:44:00,ccf-aiops-成都,service-vm-2,service,ens6,NULL,0,0,0,0,0,0,0,0,0
2026-07-28 12:44:00,ccf-aiops-成都,service-vm-3,service,ens3,NULL,55.64444444444444,60.888888888888886,0.31111111111111106,0.28888888888888886,0,0,0,0,0
2026-07-28 12:44:00,ccf-aiops-成都,service-vm-3,service,ens4,service,56.53333333333333,1170.6444444444444,0.4666666666666667,0.3333333333333333,0,0,0,0,0
2026-07-28 12:44:00,ccf-aiops-成都,service-vm-3,service,ens5,NULL,0,0,0,0,0,0,0,0,0
2026-07-28 12:44:00,ccf-aiops-成都,service-vm-3,service,ens6,NULL,0,0,0,0,0,0,0,0,0
2026-07-28 12:44:00,ccf-aiops-成都,traffic-vm,traffic,ens3,NULL,174.6222222222222,128.08888888888887,1.6,0.9555555555555555,0,0,0,0,0
2026-07-28 12:44:00,ccf-aiops-成都,traffic-vm,traffic,ens4,business,1376.311111111111,15583.288888888888,9.91111111111111,9.444444444444445,0,0,0,0,0
2026-07-28 12:44:00,ccf-aiops-成都,traffic-vm,traffic,ens5,NULL,0,0,0,0,0,0,0,0,0
2026-07-28 12:44:00,ccf-aiops-成都,traffic-vm,traffic,ens6,NULL,0,0,0,0,0,0,0,0,0
2026-07-28 12:45:00,ccf-aiops-成都,br-1,br,ens10,NULL,0,0,0,0,0,0,0,0,0
2026-07-28 12:45:00,ccf-aiops-成都,br-1,br,ens11,NULL,0,0,0,0,0,0,0,0,0
2026-07-28 12:45:00,ccf-aiops-成都,br-1,br,ens12,NULL,0,0,0,0,0,0,0,0,0
2026-07-28 12:45:00,ccf-aiops-成都,br-1,br,ens3,NULL,16.533333333333335,0,0.2222222222222222,0,0,0,0,0,0
2026-07-28 12:45:00,ccf-aiops-成都,br-1,br,ens4,backbone,794.2444444444444,647.4222222222221,5.955555555555555,5.777777777777777,0,0,0,0,0
2026-07-28 12:45:00,ccf-aiops-成都,br-1,br,ens5,backbone,793.6444444444444,2768.266666666667,7.022222222222222,6.311111111111111,0,0,0,0,0
2026-07-28 12:45:00,ccf-aiops-成都,br-1,br,ens6,NULL,0,0,0,0,0,0,0,0,0
2026-07-28 12:45:00,ccf-aiops-成都,br-1,br,ens7,NULL,0,0,0,0,0,0,0,0,0
2026-07-28 12:45:00,ccf-aiops-成都,br-1,br,ens8,NULL,0,0,0,0,0,0,0,0,0
2026-07-28 12:45:00,ccf-aiops-成都,br-1,br,ens9,NULL,0,0,0,0,0,0,0,0,0
2026-07-28 12:45:00,ccf-aiops-成都,br-2,br,ens10,NULL,0,0,0,0,0,0,0,0,0
2026-07-28 12:45:00,ccf-aiops-成都,br-2,br,ens11,NULL,0,0,0,0,0,0,0,0,0
2026-07-28 12:45:00,ccf-aiops-成都,br-2,br,ens12,NULL,0,0,0,0,0,0,0,0,0
2026-07-28 12:45:00,ccf-aiops-成都,br-2,br,ens3,NULL,132.17777777777778,113.28888888888888,0.8888888888888888,0.5333333333333333,0,0,0,0,0
2026-07-28 12:45:00,ccf-aiops-成都,br-2,br,ens4,backbone,939.5777777777778,571.1555555555555,6.266666666666667,4.844444444444444,0,0,0,0,0
2026-07-28 12:45:00,ccf-aiops-成都,br-2,br,ens5,backbone,731.6666666666666,2946.8888888888887,6.244444444444444,6.777777777777777,0,0,0,0,0
2026-07-28 12:45:00,ccf-aiops-成都,br-2,br,ens6,NULL,0,0,0,0,0,0,0,0,0
2026-07-28 12:45:00,ccf-aiops-成都,br-2,br,ens7,NULL,0,0,0,0,0,0,0,0,0
2026-07-28 12:45:00,ccf-aiops-成都,br-2,br,ens8,NULL,0,0,0,0,0,0,0,0,0
2026-07-28 12:45:00,ccf-aiops-成都,br-2,br,ens9,NULL,0,0,0,0,0,0,0,0,0
2026-07-28 12:45:00,ccf-aiops-成都,cr-1,cr,ens10,NULL,0,0,0,0,0,0,0,0,0
2026-07-28 12:45:00,ccf-aiops-成都,cr-1,cr,ens11,NULL,0,0,0,0,0,0,0,0,0
2026-07-28 12:45:00,ccf-aiops-成都,cr-1,cr,ens12,NULL,0,0,0,0,0,0,0,0,0
2026-07-28 12:45:00,ccf-aiops-成都,cr-1,cr,ens3,NULL,135.06666666666666,114.22222222222221,0.9333333333333333,0.5555555555555555,0,0,0,0,0
2026-07-28 12:45:00,ccf-aiops-成都,cr-1,cr,ens4,backbone,1436.7555555555555,824.311111111111,6.088888888888889,7.288888888888889,0,0,0,0,0
2026-07-28 12:45:00,ccf-aiops-成都,cr-1,cr,ens5,backbone,937.6,3613.022222222222,8.222222222222221,6.977777777777777,0,0,0,0,0
2026-07-28 12:45:00,ccf-aiops-成都,cr-1,cr,ens6,NULL,0,0,0,0,0,0,0,0,0
2026-07-28 12:45:00,ccf-aiops-成都,cr-1,cr,ens7,NULL,0,0,0,0,0,0,0,0,0
2026-07-28 12:45:00,ccf-aiops-成都,cr-1,cr,ens8,NULL,0,0,0,0,0,0,0,0,0
2026-07-28 12:45:00,ccf-aiops-成都,cr-1,cr,ens9,NULL,0,0,0,0,0,0,0,0,0
2026-07-28 12:45:00,ccf-aiops-成都,cr-2,cr,ens10,NULL,0,0,0,0,0,0,0,0,0
2026-07-28 12:45:00,ccf-aiops-成都,cr-2,cr,ens11,NULL,0,0,0,0,0,0,0,0,0
2026-07-28 12:45:00,ccf-aiops-成都,cr-2,cr,ens12,NULL,0,0,0,0,0,0,0,0,0
2026-07-28 12:45:00,ccf-aiops-成都,cr-2,cr,ens3,NULL,21.2,0,0.28888888888888886,0,0,0,0,0,0
2026-07-28 12:45:00,ccf-aiops-成都,cr-2,cr,ens4,backbone,4700.222222222222,759.9333333333333,8.91111111111111,6.51111111111111,0,0,0,0,0
2026-07-28 12:45:00,ccf-aiops-成都,cr-2,cr,ens5,backbone,886.2444444444444,6835.266666666666,7.6,9.866666666666667,0,0,0,0,0
2026-07-28 12:45:00,ccf-aiops-成都,cr-2,cr,ens6,NULL,0,0,0,0,0,0,0,0,0
2026-07-28 12:45:00,ccf-aiops-成都,cr-2,cr,ens7,NULL,0,0,0,0,0,0,0,0,0
2026-07-28 12:45:00,ccf-aiops-成都,cr-2,cr,ens8,NULL,0,0,0,0,0,0,0,0,0
2026-07-28 12:45:00,ccf-aiops-成都,cr-2,cr,ens9,NULL,0,0,0,0,0,0,0,0,0
2026-07-28 12:45:00,ccf-aiops-成都,fw,firewall,ens3,NULL,140.53333333333333,68.93333333333334,1.5777777777777777,0.6888888888888888,0,0,0,0,0
2026-07-28 12:45:00,ccf-aiops-成都,fw,firewall,ens4,backbone,9944.577777777777,1577.6888888888889,15.577777777777778,13.644444444444444,0,0,0,0,0
2026-07-28 12:45:00,ccf-aiops-成都,fw,firewall,ens5,business,1636.2,11089.111111111111,14.133333333333333,15.533333333333333,0,0,0,0,0
2026-07-28 12:45:00,ccf-aiops-成都,fw,firewall,ens6,NULL,0,0,0,0,0,0,0,0,0
2026-07-28 12:45:00,ccf-aiops-成都,monitor-vm,collector,ens3,NULL,149.86666666666667,68.93333333333334,1.711111111111111,0.6888888888888888,0,0,0,0,0
2026-07-28 12:45:00,ccf-aiops-成都,monitor-vm,collector,ens4,mgmt,29099.866666666665,1039.4,11.266666666666667,9.2,0,0,0,0,0
2026-07-28 12:45:00,ccf-aiops-成都,monitor-vm,collector,ens5,NULL,0,0,0,0,0,0,0,0,0
2026-07-28 12:45:00,ccf-aiops-成都,monitor-vm,collector,ens6,NULL,0,0,0,0,0,0,0,0,0
2026-07-28 12:45:00,ccf-aiops-成都,probe-vm,probe,ens3,NULL,20.977777777777774,0.9333333333333333,0.28888888888888886,0.02222222222222222,0,0,0,0,0
2026-07-28 12:45:00,ccf-aiops-成都,probe-vm,probe,ens4,business,60.35555555555555,1173.4444444444443,0.5111111111111111,0.3555555555555555,0,0,0,0,0
2026-07-28 12:45:00,ccf-aiops-成都,probe-vm,probe,ens5,NULL,0,0,0,0,0,0,0,0,0
2026-07-28 12:45:00,ccf-aiops-成都,probe-vm,probe,ens6,NULL,0,0,0,0,0,0,0,0,0
2026-07-28 12:45:00,ccf-aiops-成都,service-vm-1,service,ens3,NULL,67.91111111111111,60.888888888888886,0.4666666666666667,0.28888888888888886,0,0,0,0,0
2026-07-28 12:45:00,ccf-aiops-成都,service-vm-1,service,ens4,service,68,1180.911111111111,0.6,0.3777777777777777,0,0,0,0,0
2026-07-28 12:45:00,ccf-aiops-成都,service-vm-1,service,ens5,NULL,0,0,0,0,0,0,0,0,0
2026-07-28 12:45:00,ccf-aiops-成都,service-vm-1,service,ens6,NULL,0,0,0,0,0,0,0,0,0
2026-07-28 12:45:00,ccf-aiops-成都,service-vm-2,service,ens3,NULL,19.644444444444442,0,0.26666666666666666,0,0,0,0,0,0
2026-07-28 12:45:00,ccf-aiops-成都,service-vm-2,service,ens4,service,66.08888888888889,1178.4888888888888,0.5777777777777777,0.3777777777777777,0,0,0,0,0
2026-07-28 12:45:00,ccf-aiops-成都,service-vm-2,service,ens5,NULL,0,0,0,0,0,0,0,0,0
2026-07-28 12:45:00,ccf-aiops-成都,service-vm-2,service,ens6,NULL,0,0,0,0,0,0,0,0,0
2026-07-28 12:45:00,ccf-aiops-成都,service-vm-3,service,ens3,NULL,21.2,0,0.28888888888888886,0,0,0,0,0,0
2026-07-28 12:45:00,ccf-aiops-成都,service-vm-3,service,ens4,service,64.17777777777778,1172.1111111111109,0.5555555555555555,0.3555555555555555,0,0,0,0,0
2026-07-28 12:45:00,ccf-aiops-成都,service-vm-3,service,ens5,NULL,0,0,0,0,0,0,0,0,0
2026-07-28 12:45:00,ccf-aiops-成都,service-vm-3,service,ens6,NULL,0,0,0,0,0,0,0,0,0
2026-07-28 12:45:00,ccf-aiops-成都,traffic-vm,traffic,ens3,NULL,203.0222222222222,131.9111111111111,1.9777777777777776,1,0,0,0,0,0
2026-07-28 12:45:00,ccf-aiops-成都,traffic-vm,traffic,ens4,business,1974,15984.31111111111,13.644444444444444,13,0,0,0,0,0
2026-07-28 12:45:00,ccf-aiops-成都,traffic-vm,traffic,ens5,NULL,0,0,0,0,0,0,0,0,0
2026-07-28 12:45:00,ccf-aiops-成都,traffic-vm,traffic,ens6,NULL,0,0,0,0,0,0,0,0,0
2026-07-28 12:46:00,ccf-aiops-成都,br-1,br,ens10,NULL,0,0,0,0,0,0,0,0,0
2026-07-28 12:46:00,ccf-aiops-成都,br-1,br,ens11,NULL,0,0,0,0,0,0,0,0,0
2026-07-28 12:46:00,ccf-aiops-成都,br-1,br,ens12,NULL,0,0,0,0,0,0,0,0,0
2026-07-28 12:46:00,ccf-aiops-成都,br-1,br,ens3,NULL,109.28888888888888,114.22222222222221,0.5777777777777777,0.5555555555555555,0,0,0,0,0
2026-07-28 12:46:00,ccf-aiops-成都,br-1,br,ens4,backbone,1257.4222222222222,863.911111111111,8.31111111111111,7.6,0,0,0,0,0
2026-07-28 12:46:00,ccf-aiops-成都,br-1,br,ens5,backbone,1020.5333333333333,3260.7111111111108,8.866666666666667,9,0,0,0,0,0
2026-07-28 12:46:00,ccf-aiops-成都,br-1,br,ens6,NULL,0,0,0,0,0,0,0,0,0
2026-07-28 12:46:00,ccf-aiops-成都,br-1,br,ens7,NULL,0,0,0,0,0,0,0,0,0
2026-07-28 12:46:00,ccf-aiops-成都,br-1,br,ens8,NULL,0,0,0,0,0,0,0,0,0
2026-07-28 12:46:00,ccf-aiops-成都,br-1,br,ens9,NULL,0,0,0,0,0,0,0,0,0
2026-07-28 12:46:00,ccf-aiops-成都,br-2,br,ens10,NULL,0,0,0,0,0,0,0,0,0
2026-07-28 12:46:00,ccf-aiops-成都,br-2,br,ens11,NULL,0,0,0,0,0,0,0,0,0
2026-07-28 12:46:00,ccf-aiops-成都,br-2,br,ens12,NULL,0,0,0,0,0,0,0,0,0
2026-07-28 12:46:00,ccf-aiops-成都,br-2,br,ens3,NULL,3.2,0,0.04444444444444444,0,0,0,0,0,0
2026-07-28 12:46:00,ccf-aiops-成都,br-2,br,ens4,backbone,1482.1777777777777,1083.6,10.11111111111111,9.644444444444444,0,0,0,0,0
2026-07-28 12:46:00,ccf-aiops-成都,br-2,br,ens5,backbone,1276.8,3540.7111111111108,11.2,10.933333333333334,0,0,0,0,0
2026-07-28 12:46:00,ccf-aiops-成都,br-2,br,ens6,NULL,0,0,0,0,0,0,0,0,0
2026-07-28 12:46:00,ccf-aiops-成都,br-2,br,ens7,NULL,0,0,0,0,0,0,0,0,0
2026-07-28 12:46:00,ccf-aiops-成都,br-2,br,ens8,NULL,0,0,0,0,0,0,0,0,0
2026-07-28 12:46:00,ccf-aiops-成都,br-2,br,ens9,NULL,0,0,0,0,0,0,0,0,0
2026-07-28 12:46:00,ccf-aiops-成都,cr-1,cr,ens10,NULL,0,0,0,0,0,0,0,0,0
2026-07-28 12:46:00,ccf-aiops-成都,cr-1,cr,ens11,NULL,0,0,0,0,0,0,0,0,0
2026-07-28 12:46:00,ccf-aiops-成都,cr-1,cr,ens12,NULL,0,0,0,0,0,0,0,0,0
2026-07-28 12:46:00,ccf-aiops-成都,cr-1,cr,ens3,NULL,3.2,0,0.04444444444444444,0,0,0,0,0,0
2026-07-28 12:46:00,ccf-aiops-成都,cr-1,cr,ens4,backbone,1915.511111111111,1281.511111111111,9.533333333333333,11.177777777777777,0,0,0,0,0
2026-07-28 12:46:00,ccf-aiops-成都,cr-1,cr,ens5,backbone,1416.711111111111,4116.177777777778,12.266666666666667,10.511111111111111,0,0,0,0,0
2026-07-28 12:46:00,ccf-aiops-成都,cr-1,cr,ens6,NULL,0,0,0,0,0,0,0,0,0
2026-07-28 12:46:00,ccf-aiops-成都,cr-1,cr,ens7,NULL,0,0,0,0,0,0,0,0,0
2026-07-28 12:46:00,ccf-aiops-成都,cr-1,cr,ens8,NULL,0,0,0,0,0,0,0,0,0
2026-07-28 12:46:00,ccf-aiops-成都,cr-1,cr,ens9,NULL,0,0,0,0,0,0,0,0,0
2026-07-28 12:46:00,ccf-aiops-成都,cr-2,cr,ens10,NULL,0,0,0,0,0,0,0,0,0
2026-07-28 12:46:00,ccf-aiops-成都,cr-2,cr,ens11,NULL,0,0,0,0,0,0,0,0,0
2026-07-28 12:46:00,ccf-aiops-成都,cr-2,cr,ens12,NULL,0,0,0,0,0,0,0,0,0
2026-07-28 12:46:00,ccf-aiops-成都,cr-2,cr,ens3,NULL,110.84444444444443,114.22222222222221,0.6,0.5555555555555555,0,0,0,0,0
2026-07-28 12:46:00,ccf-aiops-成都,cr-2,cr,ens4,backbone,5270.444444444443,1059,12.688888888888888,9.244444444444444,0,0,0,0,0
2026-07-28 12:46:00,ccf-aiops-成都,cr-2,cr,ens5,backbone,1191.311111111111,7314.533333333334,10.377777777777776,13.511111111111111,0,0,0,0,0
2026-07-28 12:46:00,ccf-aiops-成都,cr-2,cr,ens6,NULL,0,0,0,0,0,0,0,0,0
2026-07-28 12:46:00,ccf-aiops-成都,cr-2,cr,ens7,NULL,0,0,0,0,0,0,0,0,0
2026-07-28 12:46:00,ccf-aiops-成都,cr-2,cr,ens8,NULL,0,0,0,0,0,0,0,0,0
2026-07-28 12:46:00,ccf-aiops-成都,cr-2,cr,ens9,NULL,0,0,0,0,0,0,0,0,0
2026-07-28 12:46:00,ccf-aiops-成都,fw,firewall,ens3,NULL,172.08888888888887,125.82222222222222,1.5777777777777777,0.9333333333333333,0,0,0,0,0
2026-07-28 12:46:00,ccf-aiops-成都,fw,firewall,ens4,backbone,10498.044444444444,2254,21.111111111111107,19.555555555555554,0,0,0,0,0
2026-07-28 12:46:00,ccf-aiops-成都,fw,firewall,ens5,business,2312.511111111111,11652.333333333334,20.04444444444444,21.133333333333333,0,0,0,0,0
2026-07-28 12:46:00,ccf-aiops-成都,fw,firewall,ens6,NULL,0,0,0,0,0,0,0,0,0
2026-07-28 12:46:00,ccf-aiops-成都,monitor-vm,collector,ens3,NULL,229.4222222222222,188.04444444444442,1.8888888888888888,1.222222222222222,0,0,0,0,0
2026-07-28 12:46:00,ccf-aiops-成都,monitor-vm,collector,ens4,mgmt,29444.377777777776,1039.6666666666667,11.355555555555554,9.2,0,0,0,0,0
2026-07-28 12:46:00,ccf-aiops-成都,monitor-vm,collector,ens5,NULL,0,0,0,0,0,0,0,0,0
2026-07-28 12:46:00,ccf-aiops-成都,monitor-vm,collector,ens6,NULL,0,0,0,0,0,0,0,0,0
2026-07-28 12:46:00,ccf-aiops-成都,probe-vm,probe,ens3,NULL,3.2,0,0.04444444444444444,0,0,0,0,0,0
2026-07-28 12:46:00,ccf-aiops-成都,probe-vm,probe,ens4,business,58.44444444444444,1175.8666666666666,0.4888888888888889,0.3777777777777777,0,0,0,0,0
2026-07-28 12:46:00,ccf-aiops-成都,probe-vm,probe,ens5,NULL,0,0,0,0,0,0,0,0,0
2026-07-28 12:46:00,ccf-aiops-成都,probe-vm,probe,ens6,NULL,0,0,0,0,0,0,0,0,0
2026-07-28 12:46:00,ccf-aiops-成都,service-vm-1,service,ens3,NULL,1.6444444444444444,0,0.02222222222222222,0,0,0,0,0,0
2026-07-28 12:46:00,ccf-aiops-成都,service-vm-1,service,ens4,service,64.17777777777778,1176.6444444444444,0.5555555555555555,0.3333333333333333,0,0,0,0,0
2026-07-28 12:46:00,ccf-aiops-成都,service-vm-1,service,ens5,NULL,0,0,0,0,0,0,0,0,0
2026-07-28 12:46:00,ccf-aiops-成都,service-vm-1,service,ens6,NULL,0,0,0,0,0,0,0,0,0
2026-07-28 12:46:00,ccf-aiops-成都,service-vm-2,service,ens3,NULL,57.68888888888888,62.35555555555555,0.3333333333333333,0.31111111111111106,0,0,0,0,0
2026-07-28 12:46:00,ccf-aiops-成都,service-vm-2,service,ens4,service,52.71111111111111,1173.6,0.4222222222222222,0.3333333333333333,0,0,0,0,0
2026-07-28 12:46:00,ccf-aiops-成都,service-vm-2,service,ens5,NULL,0,0,0,0,0,0,0,0,0
2026-07-28 12:46:00,ccf-aiops-成都,service-vm-2,service,ens6,NULL,0,0,0,0,0,0,0,0,0
2026-07-28 12:46:00,ccf-aiops-成都,service-vm-3,service,ens3,NULL,109.15555555555555,62.35555555555555,0.5777777777777777,0.31111111111111106,0,0,0,0,0
2026-07-28 12:46:00,ccf-aiops-成都,service-vm-3,service,ens4,service,68,1178.311111111111,0.6,0.4,0,0,0,0,0
2026-07-28 12:46:00,ccf-aiops-成都,service-vm-3,service,ens5,NULL,0,0,0,0,0,0,0,0,0
2026-07-28 12:46:00,ccf-aiops-成都,service-vm-3,service,ens6,NULL,0,0,0,0,0,0,0,0,0
2026-07-28 12:46:00,ccf-aiops-成都,traffic-vm,traffic,ens3,NULL,127.2,68.93333333333334,1.4,0.6888888888888888,0,0,0,0,0
2026-07-28 12:46:00,ccf-aiops-成都,traffic-vm,traffic,ens4,business,3169.777777777778,16955.555555555555,21.71111111111111,21.488888888888887,0,0,0,0,0
2026-07-28 12:46:00,ccf-aiops-成都,traffic-vm,traffic,ens5,NULL,0,0,0,0,0,0,0,0,0
2026-07-28 12:46:00,ccf-aiops-成都,traffic-vm,traffic,ens6,NULL,0,0,0,0,0,0,0,0,0
2026-07-28 12:47:00,ccf-aiops-成都,br-1,br,ens10,NULL,0,0,0,0,0,0,0,0,0
2026-07-28 12:47:00,ccf-aiops-成都,br-1,br,ens11,NULL,0,0,0,0,0,0,0,0,0
2026-07-28 12:47:00,ccf-aiops-成都,br-1,br,ens12,NULL,0,0,0,0,0,0,0,0,0
2026-07-28 12:47:00,ccf-aiops-成都,br-1,br,ens3,NULL,1.5555555555555556,0,0.02222222222222222,0,0,0,0,0,0
2026-07-28 12:47:00,ccf-aiops-成都,br-1,br,ens4,backbone,672.9777777777778,453.71111111111105,4.488888888888889,4.088888888888889,0,0,0,0,0
2026-07-28 12:47:00,ccf-aiops-成都,br-1,br,ens5,backbone,598.4666666666667,3048.555555555555,5.288888888888889,5.444444444444444,0,0,0,0,0
2026-07-28 12:47:00,ccf-aiops-成都,br-1,br,ens6,NULL,0,0,0,0,0,0,0,0,0
2026-07-28 12:47:00,ccf-aiops-成都,br-1,br,ens7,NULL,0,0,0,0,0,0,0,0,0
2026-07-28 12:47:00,ccf-aiops-成都,br-1,br,ens8,NULL,0,0,0,0,0,0,0,0,0
2026-07-28 12:47:00,ccf-aiops-成都,br-1,br,ens9,NULL,0,0,0,0,0,0,0,0,0
2026-07-28 12:47:00,ccf-aiops-成都,br-2,br,ens10,NULL,0,0,0,0,0,0,0,0,0
2026-07-28 12:47:00,ccf-aiops-成都,br-2,br,ens11,NULL,0,0,0,0,0,0,0,0,0
2026-07-28 12:47:00,ccf-aiops-成都,br-2,br,ens12,NULL,0,0,0,0,0,0,0,0,0
2026-07-28 12:47:00,ccf-aiops-成都,br-2,br,ens3,NULL,4.0888888888888895,0,0.04444444444444444,0,0,0,0,0,0
2026-07-28 12:47:00,ccf-aiops-成都,br-2,br,ens4,backbone,474.62222222222226,349.33333333333337,3.511111111111111,3.066666666666667,0,0,0,0,0
2026-07-28 12:47:00,ccf-aiops-成都,br-2,br,ens5,backbone,514.2444444444445,2962.9111111111115,4.466666666666667,4.644444444444444,0,0,0,0,0
2026-07-28 12:47:00,ccf-aiops-成都,br-2,br,ens6,NULL,0,0,0,0,0,0,0,0,0
2026-07-28 12:47:00,ccf-aiops-成都,br-2,br,ens7,NULL,0,0,0,0,0,0,0,0,0
2026-07-28 12:47:00,ccf-aiops-成都,br-2,br,ens8,NULL,0,0,0,0,0,0,0,0,0
2026-07-28 12:47:00,ccf-aiops-成都,br-2,br,ens9,NULL,0,0,0,0,0,0,0,0,0
2026-07-28 12:47:00,ccf-aiops-成都,cr-1,cr,ens10,NULL,0,0,0,0,0,0,0,0,0
2026-07-28 12:47:00,ccf-aiops-成都,cr-1,cr,ens11,NULL,0,0,0,0,0,0,0,0,0
2026-07-28 12:47:00,ccf-aiops-成都,cr-1,cr,ens12,NULL,0,0,0,0,0,0,0,0,0
2026-07-28 12:47:00,ccf-aiops-成都,cr-1,cr,ens3,NULL,4.088888888888889,0,0.04444444444444444,0,0,0,0,0,0
2026-07-28 12:47:00,ccf-aiops-成都,cr-1,cr,ens4,backbone,1428.3777777777775,393.08888888888885,3.933333333333333,3.444444444444444,0,0,0,0,0
2026-07-28 12:47:00,ccf-aiops-成都,cr-1,cr,ens5,backbone,512.311111111111,3987.5333333333333,4.422222222222222,5.044444444444443,0,0,0,0,0
2026-07-28 12:47:00,ccf-aiops-成都,cr-1,cr,ens6,NULL,0,0,0,0,0,0,0,0,0
2026-07-28 12:47:00,ccf-aiops-成都,cr-1,cr,ens7,NULL,0,0,0,0,0,0,0,0,0
2026-07-28 12:47:00,ccf-aiops-成都,cr-1,cr,ens8,NULL,0,0,0,0,0,0,0,0,0
2026-07-28 12:47:00,ccf-aiops-成都,cr-1,cr,ens9,NULL,0,0,0,0,0,0,0,0,0
2026-07-28 12:47:00,ccf-aiops-成都,cr-2,cr,ens10,NULL,0,0,0,0,0,0,0,0,0
2026-07-28 12:47:00,ccf-aiops-成都,cr-2,cr,ens11,NULL,0,0,0,0,0,0,0,0,0
2026-07-28 12:47:00,ccf-aiops-成都,cr-2,cr,ens12,NULL,0,0,0,0,0,0,0,0,0
2026-07-28 12:47:00,ccf-aiops-成都,cr-2,cr,ens3,NULL,1.5555555555555556,0,0.02222222222222222,0,0,0,0,0,0
2026-07-28 12:47:00,ccf-aiops-成都,cr-2,cr,ens4,backbone,4797.244444444444,599.7555555555555,6.777777777777777,5.177777777777777,0,0,0,0,0
2026-07-28 12:47:00,ccf-aiops-成都,cr-2,cr,ens5,backbone,719.8,7395.888888888889,6.2,8.044444444444444,0,0,0,0,0
2026-07-28 12:47:00,ccf-aiops-成都,cr-2,cr,ens6,NULL,0,0,0,0,0,0,0,0,0
2026-07-28 12:47:00,ccf-aiops-成都,cr-2,cr,ens7,NULL,0,0,0,0,0,0,0,0,0
2026-07-28 12:47:00,ccf-aiops-成都,cr-2,cr,ens8,NULL,0,0,0,0,0,0,0,0,0
2026-07-28 12:47:00,ccf-aiops-成都,cr-2,cr,ens9,NULL,0,0,0,0,0,0,0,0,0
2026-07-28 12:47:00,ccf-aiops-成都,fw,firewall,ens3,NULL,178.7111111111111,130.35555555555555,1.6444444444444444,0.9777777777777777,0,0,0,0,0
2026-07-28 12:47:00,ccf-aiops-成都,fw,firewall,ens4,backbone,10775.044444444444,1384.3777777777775,14.355555555555554,11.977777777777778,0,0,0,0,0
2026-07-28 12:47:00,ccf-aiops-成都,fw,firewall,ens5,business,1440.622222222222,11929.822222222221,12.444444444444445,14.4,0,0,0,0,0
2026-07-28 12:47:00,ccf-aiops-成都,fw,firewall,ens6,NULL,0,0,0,0,0,0,0,0,0
2026-07-28 12:47:00,ccf-aiops-成都,monitor-vm,collector,ens3,NULL,124,66.66666666666667,1.3555555555555554,0.6666666666666666,0,0,0,0,0
2026-07-28 12:47:00,ccf-aiops-成都,monitor-vm,collector,ens4,mgmt,31118.177777777775,1033.6666666666667,12.511111111111111,9.133333333333333,0,0,0,0,0
2026-07-28 12:47:00,ccf-aiops-成都,monitor-vm,collector,ens5,NULL,0,0,0,0,0,0,0,0,0
2026-07-28 12:47:00,ccf-aiops-成都,monitor-vm,collector,ens6,NULL,0,0,0,0,0,0,0,0,0
2026-07-28 12:47:00,ccf-aiops-成都,probe-vm,probe,ens3,NULL,2.8888888888888884,0.9333333333333333,0.04444444444444444,0.02222222222222222,0,0,0,0,0
2026-07-28 12:47:00,ccf-aiops-成都,probe-vm,probe,ens4,business,69.55555555555556,1175.6666666666667,0.6222222222222221,0.3777777777777777,0,0,0,0,0
2026-07-28 12:47:00,ccf-aiops-成都,probe-vm,probe,ens5,NULL,0,0,0,0,0,0,0,0,0
2026-07-28 12:47:00,ccf-aiops-成都,probe-vm,probe,ens6,NULL,0,0,0,0,0,0,0,0,0
2026-07-28 12:47:00,ccf-aiops-成都,service-vm-1,service,ens3,NULL,54.48888888888889,62.35555555555555,0.28888888888888886,0.31111111111111106,0,0,0,0,0
2026-07-28 12:47:00,ccf-aiops-成都,service-vm-1,service,ens4,service,62.266666666666666,1180.7777777777776,0.5333333333333333,0.3777777777777777,0,0,0,0,0
2026-07-28 12:47:00,ccf-aiops-成都,service-vm-1,service,ens5,NULL,0,0,0,0,0,0,0,0,0
2026-07-28 12:47:00,ccf-aiops-成都,service-vm-1,service,ens6,NULL,0,0,0,0,0,0,0,0,0
2026-07-28 12:47:00,ccf-aiops-成都,service-vm-2,service,ens3,NULL,54.71111111111111,59.95555555555555,0.28888888888888886,0.26666666666666666,0,0,0,0,0
2026-07-28 12:47:00,ccf-aiops-成都,service-vm-2,service,ens4,service,65.73333333333333,1178.4888888888888,0.5777777777777777,0.4,0,0,0,0,0
2026-07-28 12:47:00,ccf-aiops-成都,service-vm-2,service,ens5,NULL,0,0,0,0,0,0,0,0,0
2026-07-28 12:47:00,ccf-aiops-成都,service-vm-2,service,ens6,NULL,0,0,0,0,0,0,0,0,0
2026-07-28 12:47:00,ccf-aiops-成都,service-vm-3,service,ens3,NULL,105.86666666666666,60.888888888888886,0.5333333333333333,0.28888888888888886,0,0,0,0,0
2026-07-28 12:47:00,ccf-aiops-成都,service-vm-3,service,ens4,service,71.46666666666667,1179.3777777777775,0.6444444444444444,0.4222222222222222,0,0,0,0,0
2026-07-28 12:47:00,ccf-aiops-成都,service-vm-3,service,ens5,NULL,0,0,0,0,0,0,0,0,0
2026-07-28 12:47:00,ccf-aiops-成都,service-vm-3,service,ens6,NULL,0,0,0,0,0,0,0,0,0
2026-07-28 12:47:00,ccf-aiops-成都,traffic-vm,traffic,ens3,NULL,177.15555555555554,128.08888888888887,1.6222222222222222,0.9555555555555555,0,0,0,0,0
2026-07-28 12:47:00,ccf-aiops-成都,traffic-vm,traffic,ens4,business,1128.3333333333333,15390.066666666668,8.066666666666666,7.822222222222222,0,0,0,0,0
2026-07-28 12:47:00,ccf-aiops-成都,traffic-vm,traffic,ens5,NULL,0,0,0,0,0,0,0,0,0
2026-07-28 12:47:00,ccf-aiops-成都,traffic-vm,traffic,ens6,NULL,0,0,0,0,0,0,0,0,0
2026-07-28 12:48:00,ccf-aiops-成都,br-1,br,ens10,NULL,0,0,0,0,0,0,0,0,0
2026-07-28 12:48:00,ccf-aiops-成都,br-1,br,ens11,NULL,0,0,0,0,0,0,0,0,0
2026-07-28 12:48:00,ccf-aiops-成都,br-1,br,ens12,NULL,0,0,0,0,0,0,0,0,0
2026-07-28 12:48:00,ccf-aiops-成都,br-1,br,ens3,NULL,11.822222222222221,0,0.08888888888888888,0,0,0,0,0,0
2026-07-28 12:48:00,ccf-aiops-成都,br-1,br,ens4,backbone,667.5555555555554,469.8666666666667,4.688888888888888,4.155555555555555,0,0,0,0,0
2026-07-28 12:48:00,ccf-aiops-成都,br-1,br,ens5,backbone,598.0444444444444,2624.755555555555,5.222222222222222,5.311111111111111,0,0,0,0,0
2026-07-28 12:48:00,ccf-aiops-成都,br-1,br,ens6,NULL,0,0,0,0,0,0,0,0,0
2026-07-28 12:48:00,ccf-aiops-成都,br-1,br,ens7,NULL,0,0,0,0,0,0,0,0,0
2026-07-28 12:48:00,ccf-aiops-成都,br-1,br,ens8,NULL,0,0,0,0,0,0,0,0,0
2026-07-28 12:48:00,ccf-aiops-成都,br-1,br,ens9,NULL,0,0,0,0,0,0,0,0,0
2026-07-28 12:48:00,ccf-aiops-成都,br-2,br,ens10,NULL,0,0,0,0,0,0,0,0,0
2026-07-28 12:48:00,ccf-aiops-成都,br-2,br,ens11,NULL,0,0,0,0,0,0,0,0,0
2026-07-28 12:48:00,ccf-aiops-成都,br-2,br,ens12,NULL,0,0,0,0,0,0,0,0,0
2026-07-28 12:48:00,ccf-aiops-成都,br-2,br,ens3,NULL,118.13333333333334,114.22222222222223,0.6222222222222221,0.5555555555555555,0,0,0,0,0
2026-07-28 12:48:00,ccf-aiops-成都,br-2,br,ens4,backbone,720.3555555555555,507.33333333333337,5.044444444444443,4.466666666666667,0,0,0,0,0
2026-07-28 12:48:00,ccf-aiops-成都,br-2,br,ens5,backbone,690.8222222222222,2621.2666666666673,6,5.866666666666666,0,0,0,0,0
2026-07-28 12:48:00,ccf-aiops-成都,br-2,br,ens6,NULL,0,0,0,0,0,0,0,0,0
2026-07-28 12:48:00,ccf-aiops-成都,br-2,br,ens7,NULL,0,0,0,0,0,0,0,0,0
2026-07-28 12:48:00,ccf-aiops-成都,br-2,br,ens8,NULL,0,0,0,0,0,0,0,0,0
2026-07-28 12:48:00,ccf-aiops-成都,br-2,br,ens9,NULL,0,0,0,0,0,0,0,0,0
2026-07-28 12:48:00,ccf-aiops-成都,cr-1,cr,ens10,NULL,0,0,0,0,0,0,0,0,0
2026-07-28 12:48:00,ccf-aiops-成都,cr-1,cr,ens11,NULL,0,0,0,0,0,0,0,0,0
2026-07-28 12:48:00,ccf-aiops-成都,cr-1,cr,ens12,NULL,0,0,0,0,0,0,0,0,0
2026-07-28 12:48:00,ccf-aiops-成都,cr-1,cr,ens3,NULL,118.13333333333334,114.22222222222221,0.6222222222222221,0.5555555555555555,0,0,0,0,0
2026-07-28 12:48:00,ccf-aiops-成都,cr-1,cr,ens4,backbone,1195.5333333333333,617.8444444444444,5.111111111111111,5.377777777777777,0,0,0,0,0
2026-07-28 12:48:00,ccf-aiops-成都,cr-1,cr,ens5,backbone,726.4222222222221,3219.911111111111,6.266666666666667,5.822222222222222,0,0,0,0,0
2026-07-28 12:48:00,ccf-aiops-成都,cr-1,cr,ens6,NULL,0,0,0,0,0,0,0,0,0
2026-07-28 12:48:00,ccf-aiops-成都,cr-1,cr,ens7,NULL,0,0,0,0,0,0,0,0,0
2026-07-28 12:48:00,ccf-aiops-成都,cr-1,cr,ens8,NULL,0,0,0,0,0,0,0,0,0
2026-07-28 12:48:00,ccf-aiops-成都,cr-1,cr,ens9,NULL,0,0,0,0,0,0,0,0,0
2026-07-28 12:48:00,ccf-aiops-成都,cr-2,cr,ens10,NULL,0,0,0,0,0,0,0,0,0
2026-07-28 12:48:00,ccf-aiops-成都,cr-2,cr,ens11,NULL,0,0,0,0,0,0,0,0,0
2026-07-28 12:48:00,ccf-aiops-成都,cr-2,cr,ens12,NULL,0,0,0,0,0,0,0,0,0
2026-07-28 12:48:00,ccf-aiops-成都,cr-2,cr,ens3,NULL,119.46666666666667,114.22222222222221,0.6444444444444444,0.5555555555555555,0,0,0,0,0
2026-07-28 12:48:00,ccf-aiops-成都,cr-2,cr,ens4,backbone,4309.133333333333,652.311111111111,6.844444444444444,5.622222222222222,0,0,0,0,0
2026-07-28 12:48:00,ccf-aiops-成都,cr-2,cr,ens5,backbone,782.6666666666666,6479.222222222222,6.71111111111111,7.8,0,0,0,0,0
2026-07-28 12:48:00,ccf-aiops-成都,cr-2,cr,ens6,NULL,0,0,0,0,0,0,0,0,0
2026-07-28 12:48:00,ccf-aiops-成都,cr-2,cr,ens7,NULL,0,0,0,0,0,0,0,0,0
2026-07-28 12:48:00,ccf-aiops-成都,cr-2,cr,ens8,NULL,0,0,0,0,0,0,0,0,0
2026-07-28 12:48:00,ccf-aiops-成都,cr-2,cr,ens9,NULL,0,0,0,0,0,0,0,0,0
2026-07-28 12:48:00,ccf-aiops-成都,fw,firewall,ens3,NULL,135.82222222222222,68.93333333333334,1.4444444444444442,0.6888888888888888,0,0,0,0,0
2026-07-28 12:48:00,ccf-aiops-成都,fw,firewall,ens4,backbone,9258.888888888887,1323.3333333333333,12.888888888888888,11.377777777777776,0,0,0,0,0
2026-07-28 12:48:00,ccf-aiops-成都,fw,firewall,ens5,business,1383.7555555555555,10418.933333333332,11.888888888888888,13,0,0,0,0,0
2026-07-28 12:48:00,ccf-aiops-成都,fw,firewall,ens6,NULL,0,0,0,0,0,0,0,0,0
2026-07-28 12:48:00,ccf-aiops-成都,monitor-vm,collector,ens3,NULL,187.64444444444445,130.35555555555555,1.6888888888888889,0.9777777777777777,0,0,0,0,0
2026-07-28 12:48:00,ccf-aiops-成都,monitor-vm,collector,ens4,mgmt,28490.933333333334,995.4444444444445,10.777777777777777,8.688888888888888,0,0,0,0,0
2026-07-28 12:48:00,ccf-aiops-成都,monitor-vm,collector,ens5,NULL,0,0,0,0,0,0,0,0,0
2026-07-28 12:48:00,ccf-aiops-成都,monitor-vm,collector,ens6,NULL,0,0,0,0,0,0,0,0,0
2026-07-28 12:48:00,ccf-aiops-成都,probe-vm,probe,ens3,NULL,10.488888888888887,0,0.06666666666666667,0,0,0,0,0,0
2026-07-28 12:48:00,ccf-aiops-成都,probe-vm,probe,ens4,business,52.71111111111111,1164.3333333333333,0.4222222222222222,0.26666666666666666,0,0,0,0,0
2026-07-28 12:48:00,ccf-aiops-成都,probe-vm,probe,ens5,NULL,0,0,0,0,0,0,0,0,0
2026-07-28 12:48:00,ccf-aiops-成都,probe-vm,probe,ens6,NULL,0,0,0,0,0,0,0,0,0
2026-07-28 12:48:00,ccf-aiops-成都,service-vm-1,service,ens3,NULL,63.64444444444444,61.42222222222222,0.3333333333333333,0.28888888888888886,0,0,0,0,0
2026-07-28 12:48:00,ccf-aiops-成都,service-vm-1,service,ens4,service,52.71111111111111,1170.0888888888887,0.4222222222222222,0.26666666666666666,0,0,0,0,0
2026-07-28 12:48:00,ccf-aiops-成都,service-vm-1,service,ens5,NULL,0,0,0,0,0,0,0,0,0
2026-07-28 12:48:00,ccf-aiops-成都,service-vm-1,service,ens6,NULL,0,0,0,0,0,0,0,0,0
2026-07-28 12:48:00,ccf-aiops-成都,service-vm-2,service,ens3,NULL,64.97777777777777,61.42222222222222,0.3555555555555555,0.28888888888888886,0,0,0,0,0
2026-07-28 12:48:00,ccf-aiops-成都,service-vm-2,service,ens4,service,66.08888888888889,1176.311111111111,0.5777777777777777,0.3777777777777777,0,0,0,0,0
2026-07-28 12:48:00,ccf-aiops-成都,service-vm-2,service,ens5,NULL,0,0,0,0,0,0,0,0,0
2026-07-28 12:48:00,ccf-aiops-成都,service-vm-2,service,ens6,NULL,0,0,0,0,0,0,0,0,0
2026-07-28 12:48:00,ccf-aiops-成都,service-vm-3,service,ens3,NULL,12.755555555555555,0.9333333333333333,0.1111111111111111,0.02222222222222222,0,0,0,0,0
2026-07-28 12:48:00,ccf-aiops-成都,service-vm-3,service,ens4,service,66.08888888888889,1177.3777777777775,0.5777777777777777,0.4,0,0,0,0,0
2026-07-28 12:48:00,ccf-aiops-成都,service-vm-3,service,ens5,NULL,0,0,0,0,0,0,0,0,0
2026-07-28 12:48:00,ccf-aiops-成都,service-vm-3,service,ens6,NULL,0,0,0,0,0,0,0,0,0
2026-07-28 12:48:00,ccf-aiops-成都,traffic-vm,traffic,ens3,NULL,187.64444444444445,130.35555555555555,1.688888888888889,0.9777777777777777,0,0,0,0,0
2026-07-28 12:48:00,ccf-aiops-成都,traffic-vm,traffic,ens4,business,1629.822222222222,15767.466666666667,11.377777777777778,11.088888888888887,0,0,0,0,0
2026-07-28 12:48:00,ccf-aiops-成都,traffic-vm,traffic,ens5,NULL,0,0,0,0,0,0,0,0,0
2026-07-28 12:48:00,ccf-aiops-成都,traffic-vm,traffic,ens6,NULL,0,0,0,0,0,0,0,0,0
2026-07-28 12:49:00,ccf-aiops-成都,br-1,br,ens10,NULL,0,0,0,0,0,0,0,0,0
2026-07-28 12:49:00,ccf-aiops-成都,br-1,br,ens11,NULL,0,0,0,0,0,0,0,0,0
2026-07-28 12:49:00,ccf-aiops-成都,br-1,br,ens12,NULL,0,0,0,0,0,0,0,0,0
2026-07-28 12:49:00,ccf-aiops-成都,br-1,br,ens3,NULL,115.24444444444444,114.22222222222221,0.5777777777777777,0.5555555555555555,0,0,0,0,0
2026-07-28 12:49:00,ccf-aiops-成都,br-1,br,ens4,backbone,1204.5555555555554,889.2444444444444,8.11111111111111,7.555555555555555,0,0,0,0,0
2026-07-28 12:49:00,ccf-aiops-成都,br-1,br,ens5,backbone,1021.9555555555555,3211.266666666667,8.666666666666666,8.91111111111111,0,0,0,0,0
2026-07-28 12:49:00,ccf-aiops-成都,br-1,br,ens6,NULL,0,0,0,0,0,0,0,0,0
2026-07-28 12:49:00,ccf-aiops-成都,br-1,br,ens7,NULL,0,0,0,0,0,0,0,0,0
2026-07-28 12:49:00,ccf-aiops-成都,br-1,br,ens8,NULL,0,0,0,0,0,0,0,0,0
2026-07-28 12:49:00,ccf-aiops-成都,br-1,br,ens9,NULL,0,0,0,0,0,0,0,0,0
2026-07-28 12:49:00,ccf-aiops-成都,br-2,br,ens10,NULL,0,0,0,0,0,0,0,0,0
2026-07-28 12:49:00,ccf-aiops-成都,br-2,br,ens11,NULL,0,0,0,0,0,0,0,0,0
2026-07-28 12:49:00,ccf-aiops-成都,br-2,br,ens12,NULL,0,0,0,0,0,0,0,0,0
2026-07-28 12:49:00,ccf-aiops-成都,br-2,br,ens3,NULL,10.133333333333333,0,0.04444444444444444,0,0,0,0,0,0
2026-07-28 12:49:00,ccf-aiops-成都,br-2,br,ens4,backbone,1010.911111111111,734.8666666666667,6.644444444444444,6.555555555555555,0,0,0,0,0
2026-07-28 12:49:00,ccf-aiops-成都,br-2,br,ens5,backbone,899.7111111111111,3042.288888888889,7.977777777777777,7.555555555555555,0,0,0,0,0
2026-07-28 12:49:00,ccf-aiops-成都,br-2,br,ens6,NULL,0,0,0,0,0,0,0,0,0
2026-07-28 12:49:00,ccf-aiops-成都,br-2,br,ens7,NULL,0,0,0,0,0,0,0,0,0
2026-07-28 12:49:00,ccf-aiops-成都,br-2,br,ens8,NULL,0,0,0,0,0,0,0,0,0
2026-07-28 12:49:00,ccf-aiops-成都,br-2,br,ens9,NULL,0,0,0,0,0,0,0,0,0
2026-07-28 12:49:00,ccf-aiops-成都,cr-1,cr,ens10,NULL,0,0,0,0,0,0,0,0,0
2026-07-28 12:49:00,ccf-aiops-成都,cr-1,cr,ens11,NULL,0,0,0,0,0,0,0,0,0
2026-07-28 12:49:00,ccf-aiops-成都,cr-1,cr,ens12,NULL,0,0,0,0,0,0,0,0,0
2026-07-28 12:49:00,ccf-aiops-成都,cr-1,cr,ens3,NULL,7.6,0,0.02222222222222222,0,0,0,0,0,0
2026-07-28 12:49:00,ccf-aiops-成都,cr-1,cr,ens4,backbone,1698.0444444444443,974.1555555555555,7.8,8.4,0,0,0,0,0
2026-07-28 12:49:00,ccf-aiops-成都,cr-1,cr,ens5,backbone,1085.1777777777777,3815.777777777778,9.31111111111111,8.622222222222222,0,0,0,0,0
2026-07-28 12:49:00,ccf-aiops-成都,cr-1,cr,ens6,NULL,0,0,0,0,0,0,0,0,0
2026-07-28 12:49:00,ccf-aiops-成都,cr-1,cr,ens7,NULL,0,0,0,0,0,0,0,0,0
2026-07-28 12:49:00,ccf-aiops-成都,cr-1,cr,ens8,NULL,0,0,0,0,0,0,0,0,0
2026-07-28 12:49:00,ccf-aiops-成都,cr-1,cr,ens9,NULL,0,0,0,0,0,0,0,0,0
2026-07-28 12:49:00,ccf-aiops-成都,cr-2,cr,ens10,NULL,0,0,0,0,0,0,0,0,0
2026-07-28 12:49:00,ccf-aiops-成都,cr-2,cr,ens11,NULL,0,0,0,0,0,0,0,0,0
2026-07-28 12:49:00,ccf-aiops-成都,cr-2,cr,ens12,NULL,0,0,0,0,0,0,0,0,0
2026-07-28 12:49:00,ccf-aiops-成都,cr-2,cr,ens3,NULL,7.6,0,0.02222222222222222,0,0,0,0,0,0
2026-07-28 12:49:00,ccf-aiops-成都,cr-2,cr,ens4,backbone,4873.022222222222,938.4222222222221,9.555555555555554,8.155555555555555,0,0,0,0,0
2026-07-28 12:49:00,ccf-aiops-成都,cr-2,cr,ens5,backbone,1071.8444444444444,6986.822222222222,9.333333333333334,10.466666666666667,0,0,0,0,0
2026-07-28 12:49:00,ccf-aiops-成都,cr-2,cr,ens6,NULL,0,0,0,0,0,0,0,0,0
2026-07-28 12:49:00,ccf-aiops-成都,cr-2,cr,ens7,NULL,0,0,0,0,0,0,0,0,0
2026-07-28 12:49:00,ccf-aiops-成都,cr-2,cr,ens8,NULL,0,0,0,0,0,0,0,0,0
2026-07-28 12:49:00,ccf-aiops-成都,cr-2,cr,ens9,NULL,0,0,0,0,0,0,0,0,0
2026-07-28 12:49:00,ccf-aiops-成都,fw,firewall,ens3,NULL,237.9111111111111,190.3111111111111,1.911111111111111,1.2444444444444442,0,0,0,0,0
2026-07-28 12:49:00,ccf-aiops-成都,fw,firewall,ens4,backbone,10663.644444444444,2439.022222222222,22.333333333333332,21.022222222222222,0,0,0,0,0
2026-07-28 12:49:00,ccf-aiops-成都,fw,firewall,ens5,business,2494.0666666666666,11809.088888888888,21.466666666666665,22.266666666666666,0,0,0,0,0
2026-07-28 12:49:00,ccf-aiops-成都,fw,firewall,ens6,NULL,0,0,0,0,0,0,0,0,0
2026-07-28 12:49:00,ccf-aiops-成都,monitor-vm,collector,ens3,NULL,191.95555555555555,130.35555555555555,1.7333333333333334,0.9777777777777777,0,0,0,0,0
2026-07-28 12:49:00,ccf-aiops-成都,monitor-vm,collector,ens4,mgmt,29176.666666666668,1026.5555555555554,11.355555555555554,9.044444444444444,0,0,0,0,0
2026-07-28 12:49:00,ccf-aiops-成都,monitor-vm,collector,ens5,NULL,0,0,0,0,0,0,0,0,0
2026-07-28 12:49:00,ccf-aiops-成都,monitor-vm,collector,ens6,NULL,0,0,0,0,0,0,0,0,0
2026-07-28 12:49:00,ccf-aiops-成都,probe-vm,probe,ens3,NULL,7.6,0,0.02222222222222222,0,0,0,0,0,0
2026-07-28 12:49:00,ccf-aiops-成都,probe-vm,probe,ens4,business,50.8,1166.5555555555554,0.4,0.26666666666666666,0,0,0,0,0
2026-07-28 12:49:00,ccf-aiops-成都,probe-vm,probe,ens5,NULL,0,0,0,0,0,0,0,0,0
2026-07-28 12:49:00,ccf-aiops-成都,probe-vm,probe,ens6,NULL,0,0,0,0,0,0,0,0,0
2026-07-28 12:49:00,ccf-aiops-成都,service-vm-1,service,ens3,NULL,7.6,0,0.02222222222222222,0,0,0,0,0,0
2026-07-28 12:49:00,ccf-aiops-成都,service-vm-1,service,ens4,service,50.8,1171.2444444444443,0.4,0.26666666666666666,0,0,0,0,0
2026-07-28 12:49:00,ccf-aiops-成都,service-vm-1,service,ens5,NULL,0,0,0,0,0,0,0,0,0
2026-07-28 12:49:00,ccf-aiops-成都,service-vm-1,service,ens6,NULL,0,0,0,0,0,0,0,0,0
2026-07-28 12:49:00,ccf-aiops-成都,service-vm-2,service,ens3,NULL,7.6,0,0.02222222222222222,0,0,0,0,0,0
2026-07-28 12:49:00,ccf-aiops-成都,service-vm-2,service,ens4,service,58.44444444444444,1174.8666666666666,0.4888888888888889,0.3555555555555555,0,0,0,0,0
2026-07-28 12:49:00,ccf-aiops-成都,service-vm-2,service,ens5,NULL,0,0,0,0,0,0,0,0,0
2026-07-28 12:49:00,ccf-aiops-成都,service-vm-2,service,ens6,NULL,0,0,0,0,0,0,0,0,0
2026-07-28 12:49:00,ccf-aiops-成都,service-vm-3,service,ens3,NULL,61.68888888888888,62.35555555555555,0.31111111111111106,0.31111111111111106,0,0,0,0,0
2026-07-28 12:49:00,ccf-aiops-成都,service-vm-3,service,ens4,service,66.08888888888889,1177.2,0.5777777777777777,0.4,0,0,0,0,0
2026-07-28 12:49:00,ccf-aiops-成都,service-vm-3,service,ens5,NULL,0,0,0,0,0,0,0,0,0
2026-07-28 12:49:00,ccf-aiops-成都,service-vm-3,service,ens6,NULL,0,0,0,0,0,0,0,0,0
2026-07-28 12:49:00,ccf-aiops-成都,traffic-vm,traffic,ens3,NULL,138.8,68.93333333333334,1.4666666666666666,0.6888888888888888,0,0,0,0,0
2026-07-28 12:49:00,ccf-aiops-成都,traffic-vm,traffic,ens4,business,2038.1777777777777,16034.822222222221,13.91111111111111,13.42222222222222,0,0,0,0,0
2026-07-28 12:49:00,ccf-aiops-成都,traffic-vm,traffic,ens5,NULL,0,0,0,0,0,0,0,0,0
2026-07-28 12:49:00,ccf-aiops-成都,traffic-vm,traffic,ens6,NULL,0,0,0,0,0,0,0,0,0
2026-07-28 12:50:00,ccf-aiops-成都,br-1,br,ens10,NULL,0,0,0,0,0,0,0,0,0
2026-07-28 12:50:00,ccf-aiops-成都,br-1,br,ens11,NULL,0,0,0,0,0,0,0,0,0
2026-07-28 12:50:00,ccf-aiops-成都,br-1,br,ens12,NULL,0,0,0,0,0,0,0,0,0
2026-07-28 12:50:00,ccf-aiops-成都,br-1,br,ens3,NULL,20.04444444444444,0,0.2,0,0,0,0,0,0
2026-07-28 12:50:00,ccf-aiops-成都,br-1,br,ens4,backbone,691.8222222222222,390.55555555555554,4.71111111111111,3.5555555555555554,0,0,0,0,0
2026-07-28 12:50:00,ccf-aiops-成都,br-1,br,ens5,backbone,554.9777777777778,3071.4,4.933333333333334,5.466666666666667,0,0,0,0,0
2026-07-28 12:50:00,ccf-aiops-成都,br-1,br,ens6,NULL,0,0,0,0,0,0,0,0,0
2026-07-28 12:50:00,ccf-aiops-成都,br-1,br,ens7,NULL,0,0,0,0,0,0,0,0,0
2026-07-28 12:50:00,ccf-aiops-成都,br-1,br,ens8,NULL,0,0,0,0,0,0,0,0,0
2026-07-28 12:50:00,ccf-aiops-成都,br-1,br,ens9,NULL,0,0,0,0,0,0,0,0,0
2026-07-28 12:50:00,ccf-aiops-成都,br-2,br,ens10,NULL,0,0,0,0,0,0,0,0,0
2026-07-28 12:50:00,ccf-aiops-成都,br-2,br,ens11,NULL,0,0,0,0,0,0,0,0,0
2026-07-28 12:50:00,ccf-aiops-成都,br-2,br,ens12,NULL,0,0,0,0,0,0,0,0,0
2026-07-28 12:50:00,ccf-aiops-成都,br-2,br,ens3,NULL,92.75555555555555,62.53333333333333,0.3777777777777777,0.2222222222222222,0,0,0,0,0
2026-07-28 12:50:00,ccf-aiops-成都,br-2,br,ens4,backbone,885.4888888888888,566.5777777777778,6.111111111111111,4.955555555555555,0,0,0,0,0
2026-07-28 12:50:00,ccf-aiops-成都,br-2,br,ens5,backbone,737.0888888888888,3226.733333333333,6.377777777777777,7.088888888888889,0,0,0,0,0
2026-07-28 12:50:00,ccf-aiops-成都,br-2,br,ens6,NULL,0,0,0,0,0,0,0,0,0
2026-07-28 12:50:00,ccf-aiops-成都,br-2,br,ens7,NULL,0,0,0,0,0,0,0,0,0
2026-07-28 12:50:00,ccf-aiops-成都,br-2,br,ens8,NULL,0,0,0,0,0,0,0,0,0
2026-07-28 12:50:00,ccf-aiops-成都,br-2,br,ens9,NULL,0,0,0,0,0,0,0,0,0
2026-07-28 12:50:00,ccf-aiops-成都,cr-1,cr,ens10,NULL,0,0,0,0,0,0,0,0,0
2026-07-28 12:50:00,ccf-aiops-成都,cr-1,cr,ens11,NULL,0,0,0,0,0,0,0,0,0
2026-07-28 12:50:00,ccf-aiops-成都,cr-1,cr,ens12,NULL,0,0,0,0,0,0,0,0,0
2026-07-28 12:50:00,ccf-aiops-成都,cr-1,cr,ens3,NULL,13.822222222222221,0,0.1111111111111111,0,0,0,0,0,0
2026-07-28 12:50:00,ccf-aiops-成都,cr-1,cr,ens4,backbone,1938.3555555555554,813.1111111111111,6.5777777777777775,7.111111111111111,0,0,0,0,0
2026-07-28 12:50:00,ccf-aiops-成都,cr-1,cr,ens5,backbone,927.2888888888888,4470.377777777777,8.044444444444444,7.688888888888888,0,0,0,0,0
2026-07-28 12:50:00,ccf-aiops-成都,cr-1,cr,ens6,NULL,0,0,0,0,0,0,0,0,0
2026-07-28 12:50:00,ccf-aiops-成都,cr-1,cr,ens7,NULL,0,0,0,0,0,0,0,0,0
2026-07-28 12:50:00,ccf-aiops-成都,cr-1,cr,ens8,NULL,0,0,0,0,0,0,0,0,0
2026-07-28 12:50:00,ccf-aiops-成都,cr-1,cr,ens9,NULL,0,0,0,0,0,0,0,0,0
2026-07-28 12:50:00,ccf-aiops-成都,cr-2,cr,ens10,NULL,0,0,0,0,0,0,0,0,0
2026-07-28 12:50:00,ccf-aiops-成都,cr-2,cr,ens11,NULL,0,0,0,0,0,0,0,0,0
2026-07-28 12:50:00,ccf-aiops-成都,cr-2,cr,ens12,NULL,0,0,0,0,0,0,0,0,0
2026-07-28 12:50:00,ccf-aiops-成都,cr-2,cr,ens3,NULL,124.57777777777777,114.22222222222221,0.711111111111111,0.5555555555555555,0,0,0,0,0
2026-07-28 12:50:00,ccf-aiops-成都,cr-2,cr,ens4,backbone,4818.555555555556,579.1333333333333,7.733333333333333,5.044444444444443,0,0,0,0,0
2026-07-28 12:50:00,ccf-aiops-成都,cr-2,cr,ens5,backbone,699.7111111111111,7265.555555555556,6.066666666666666,8.822222222222221,0,0,0,0,0
2026-07-28 12:50:00,ccf-aiops-成都,cr-2,cr,ens6,NULL,0,0,0,0,0,0,0,0,0
2026-07-28 12:50:00,ccf-aiops-成都,cr-2,cr,ens7,NULL,0,0,0,0,0,0,0,0,0
2026-07-28 12:50:00,ccf-aiops-成都,cr-2,cr,ens8,NULL,0,0,0,0,0,0,0,0,0
2026-07-28 12:50:00,ccf-aiops-成都,cr-2,cr,ens9,NULL,0,0,0,0,0,0,0,0,0
2026-07-28 12:50:00,ccf-aiops-成都,fw,firewall,ens3,NULL,144.04444444444442,68.93333333333334,1.5555555555555556,0.6888888888888888,0,0,0,0,0
2026-07-28 12:50:00,ccf-aiops-成都,fw,firewall,ens4,backbone,11101.533333333333,1304.3555555555554,14.066666666666666,11.288888888888888,0,0,0,0,0
2026-07-28 12:50:00,ccf-aiops-成都,fw,firewall,ens5,business,1362.8666666666666,12249.288888888888,11.777777777777777,14.066666666666666,0,0,0,0,0
2026-07-28 12:50:00,ccf-aiops-成都,fw,firewall,ens6,NULL,0,0,0,0,0,0,0,0,0
2026-07-28 12:50:00,ccf-aiops-成都,monitor-vm,collector,ens3,NULL,136.26666666666668,68.93333333333334,1.4444444444444442,0.6888888888888888,0,0,0,0,0
2026-07-28 12:50:00,ccf-aiops-成都,monitor-vm,collector,ens4,mgmt,30206.733333333334,1064.2444444444443,12,9.488888888888887,0,0,0,0,0
2026-07-28 12:50:00,ccf-aiops-成都,monitor-vm,collector,ens5,NULL,0,0,0,0,0,0,0,0,0
2026-07-28 12:50:00,ccf-aiops-成都,monitor-vm,collector,ens6,NULL,0,0,0,0,0,0,0,0,0
2026-07-28 12:50:00,ccf-aiops-成都,probe-vm,probe,ens3,NULL,18.488888888888887,0,0.17777777777777776,0,0,0,0,0,0
2026-07-28 12:50:00,ccf-aiops-成都,probe-vm,probe,ens4,business,68,1174.0222222222221,0.6,0.3777777777777777,0,0,0,0,0
2026-07-28 12:50:00,ccf-aiops-成都,probe-vm,probe,ens5,NULL,0,0,0,0,0,0,0,0,0
2026-07-28 12:50:00,ccf-aiops-成都,probe-vm,probe,ens6,NULL,0,0,0,0,0,0,0,0,0
2026-07-28 12:50:00,ccf-aiops-成都,service-vm-1,service,ens3,NULL,24.71111111111111,0,0.26666666666666666,0,0,0,0,0,0
2026-07-28 12:50:00,ccf-aiops-成都,service-vm-1,service,ens4,service,61.91111111111111,1177.822222222222,0.5333333333333333,0.3555555555555555,0,0,0,0,0
2026-07-28 12:50:00,ccf-aiops-成都,service-vm-1,service,ens5,NULL,0,0,0,0,0,0,0,0,0
2026-07-28 12:50:00,ccf-aiops-成都,service-vm-1,service,ens6,NULL,0,0,0,0,0,0,0,0,0
2026-07-28 12:50:00,ccf-aiops-成都,service-vm-2,service,ens3,NULL,20.04444444444444,0,0.2,0,0,0,0,0,0
2026-07-28 12:50:00,ccf-aiops-成都,service-vm-2,service,ens4,service,64.17777777777778,1173.1111111111109,0.5555555555555555,0.3333333333333333,0,0,0,0,0
2026-07-28 12:50:00,ccf-aiops-成都,service-vm-2,service,ens5,NULL,0,0,0,0,0,0,0,0,0
2026-07-28 12:50:00,ccf-aiops-成都,service-vm-2,service,ens6,NULL,0,0,0,0,0,0,0,0,0
2026-07-28 12:50:00,ccf-aiops-成都,service-vm-3,service,ens3,NULL,69.46666666666667,60.888888888888886,0.4222222222222222,0.28888888888888886,0,0,0,0,0
2026-07-28 12:50:00,ccf-aiops-成都,service-vm-3,service,ens4,service,68,1177.711111111111,0.6,0.4,0,0,0,0,0
2026-07-28 12:50:00,ccf-aiops-成都,service-vm-3,service,ens5,NULL,0,0,0,0,0,0,0,0,0
2026-07-28 12:50:00,ccf-aiops-成都,service-vm-3,service,ens6,NULL,0,0,0,0,0,0,0,0,0
2026-07-28 12:50:00,ccf-aiops-成都,traffic-vm,traffic,ens3,NULL,136.26666666666668,68.93333333333334,1.4444444444444442,0.6888888888888888,0,0,0,0,0
2026-07-28 12:50:00,ccf-aiops-成都,traffic-vm,traffic,ens4,business,2049.0666666666666,16057.066666666668,14.288888888888888,13.777777777777777,0,0,0,0,0
2026-07-28 12:50:00,ccf-aiops-成都,traffic-vm,traffic,ens5,NULL,0,0,0,0,0,0,0,0,0
2026-07-28 12:50:00,ccf-aiops-成都,traffic-vm,traffic,ens6,NULL,0,0,0,0,0,0,0,0,0
2026-07-28 12:51:00,ccf-aiops-成都,br-1,br,ens10,NULL,0,0,0,0,0,0,0,0,0
2026-07-28 12:51:00,ccf-aiops-成都,br-1,br,ens11,NULL,0,0,0,0,0,0,0,0,0
2026-07-28 12:51:00,ccf-aiops-成都,br-1,br,ens12,NULL,0,0,0,0,0,0,0,0,0
2026-07-28 12:51:00,ccf-aiops-成都,br-1,br,ens3,NULL,7.6,0,0.02222222222222222,0,0,0,0,0,0
2026-07-28 12:51:00,ccf-aiops-成都,br-1,br,ens4,backbone,167.4,204.6,1.2444444444444442,1.8666666666666667,0,0,0,0,0
2026-07-28 12:51:00,ccf-aiops-成都,br-1,br,ens5,backbone,375.4444444444444,2060.422222222222,3.3777777777777778,2.022222222222222,0,0,0,0,0
2026-07-28 12:51:00,ccf-aiops-成都,br-1,br,ens6,NULL,0,0,0,0,0,0,0,0,0
2026-07-28 12:51:00,ccf-aiops-成都,br-1,br,ens7,NULL,0,0,0,0,0,0,0,0,0
2026-07-28 12:51:00,ccf-aiops-成都,br-1,br,ens8,NULL,0,0,0,0,0,0,0,0,0
2026-07-28 12:51:00,ccf-aiops-成都,br-1,br,ens9,NULL,0,0,0,0,0,0,0,0,0
2026-07-28 12:51:00,ccf-aiops-成都,br-2,br,ens10,NULL,0,0,0,0,0,0,0,0,0
2026-07-28 12:51:00,ccf-aiops-成都,br-2,br,ens11,NULL,0,0,0,0,0,0,0,0,0
2026-07-28 12:51:00,ccf-aiops-成都,br-2,br,ens12,NULL,0,0,0,0,0,0,0,0,0
2026-07-28 12:51:00,ccf-aiops-成都,br-2,br,ens3,NULL,1.5555555555555556,0,0.02222222222222222,0,0,0,0,0,0
2026-07-28 12:51:00,ccf-aiops-成都,br-2,br,ens4,backbone,390.8222222222222,158.75555555555553,2.822222222222222,1.4,0,0,0,0,0
2026-07-28 12:51:00,ccf-aiops-成都,br-2,br,ens5,backbone,314.2,2658.2,2.7333333333333334,4,0,0,0,0,0
2026-07-28 12:51:00,ccf-aiops-成都,br-2,br,ens6,NULL,0,0,0,0,0,0,0,0,0
2026-07-28 12:51:00,ccf-aiops-成都,br-2,br,ens7,NULL,0,0,0,0,0,0,0,0,0
2026-07-28 12:51:00,ccf-aiops-成都,br-2,br,ens8,NULL,0,0,0,0,0,0,0,0,0
2026-07-28 12:51:00,ccf-aiops-成都,br-2,br,ens9,NULL,0,0,0,0,0,0,0,0,0
2026-07-28 12:51:00,ccf-aiops-成都,cr-1,cr,ens10,NULL,0,0,0,0,0,0,0,0,0
2026-07-28 12:51:00,ccf-aiops-成都,cr-1,cr,ens11,NULL,0,0,0,0,0,0,0,0,0
2026-07-28 12:51:00,ccf-aiops-成都,cr-1,cr,ens12,NULL,0,0,0,0,0,0,0,0,0
2026-07-28 12:51:00,ccf-aiops-成都,cr-1,cr,ens3,NULL,1.5555555555555556,0,0.02222222222222222,0,0,0,0,0,0
2026-07-28 12:51:00,ccf-aiops-成都,cr-1,cr,ens4,backbone,993.9777777777778,279.6666666666667,2.7777777777777777,2.4,0,0,0,0,0
2026-07-28 12:51:00,ccf-aiops-成都,cr-1,cr,ens5,backbone,395.1333333333333,3197.733333333333,3.355555555555555,3.7333333333333334,0,0,0,0,0
2026-07-28 12:51:00,ccf-aiops-成都,cr-1,cr,ens6,NULL,0,0,0,0,0,0,0,0,0
2026-07-28 12:51:00,ccf-aiops-成都,cr-1,cr,ens7,NULL,0,0,0,0,0,0,0,0,0
2026-07-28 12:51:00,ccf-aiops-成都,cr-1,cr,ens8,NULL,0,0,0,0,0,0,0,0,0
2026-07-28 12:51:00,ccf-aiops-成都,cr-1,cr,ens9,NULL,0,0,0,0,0,0,0,0,0
2026-07-28 12:51:00,ccf-aiops-成都,cr-2,cr,ens10,NULL,0,0,0,0,0,0,0,0,0
2026-07-28 12:51:00,ccf-aiops-成都,cr-2,cr,ens11,NULL,0,0,0,0,0,0,0,0,0
2026-07-28 12:51:00,ccf-aiops-成都,cr-2,cr,ens12,NULL,0,0,0,0,0,0,0,0,0
2026-07-28 12:51:00,ccf-aiops-成都,cr-2,cr,ens3,NULL,0,0,0,0,0,0,0,0,0
2026-07-28 12:51:00,ccf-aiops-成都,cr-2,cr,ens4,backbone,3979.0666666666666,395.8222222222222,4.5777777777777775,3.466666666666667,0,0,0,0,0
2026-07-28 12:51:00,ccf-aiops-成都,cr-2,cr,ens5,backbone,515.5111111111111,6169.888888888889,4.488888888888889,5.355555555555555,0,0,0,0,0
2026-07-28 12:51:00,ccf-aiops-成都,cr-2,cr,ens6,NULL,0,0,0,0,0,0,0,0,0
2026-07-28 12:51:00,ccf-aiops-成都,cr-2,cr,ens7,NULL,0,0,0,0,0,0,0,0,0
2026-07-28 12:51:00,ccf-aiops-成都,cr-2,cr,ens8,NULL,0,0,0,0,0,0,0,0,0
2026-07-28 12:51:00,ccf-aiops-成都,cr-2,cr,ens9,NULL,0,0,0,0,0,0,0,0,0
2026-07-28 12:51:00,ccf-aiops-成都,fw,firewall,ens3,NULL,176.57777777777775,125.82222222222222,1.5555555555555556,0.9333333333333333,0,0,0,0,0
2026-07-28 12:51:00,ccf-aiops-成都,fw,firewall,ens4,backbone,8230.644444444444,754.6888888888888,7.866666666666666,6.51111111111111,0,0,0,0,0
2026-07-28 12:51:00,ccf-aiops-成都,fw,firewall,ens5,business,811.2888888888888,9372.511111111111,6.977777777777777,7.777777777777777,0,0,0,0,0
2026-07-28 12:51:00,ccf-aiops-成都,fw,firewall,ens6,NULL,0,0,0,0,0,0,0,0,0
2026-07-28 12:51:00,ccf-aiops-成都,monitor-vm,collector,ens3,NULL,125.55555555555556,68.93333333333334,1.3777777777777775,0.6888888888888888,0,0,0,0,0
2026-07-28 12:51:00,ccf-aiops-成都,monitor-vm,collector,ens4,mgmt,29876.155555555553,1027.9333333333334,11.888888888888888,9.066666666666666,0,0,0,0,0
2026-07-28 12:51:00,ccf-aiops-成都,monitor-vm,collector,ens5,NULL,0,0,0,0,0,0,0,0,0
2026-07-28 12:51:00,ccf-aiops-成都,monitor-vm,collector,ens6,NULL,0,0,0,0,0,0,0,0,0
2026-07-28 12:51:00,ccf-aiops-成都,probe-vm,probe,ens3,NULL,62.08888888888888,62.35555555555555,0.31111111111111106,0.31111111111111106,0,0,0,0,0
2026-07-28 12:51:00,ccf-aiops-成都,probe-vm,probe,ens4,business,56.53333333333333,1164.1555555555556,0.4666666666666667,0.26666666666666666,0,0,0,0,0
2026-07-28 12:51:00,ccf-aiops-成都,probe-vm,probe,ens5,NULL,0,0,0,0,0,0,0,0,0
2026-07-28 12:51:00,ccf-aiops-成都,probe-vm,probe,ens6,NULL,0,0,0,0,0,0,0,0,0
2026-07-28 12:51:00,ccf-aiops-成都,service-vm-1,service,ens3,NULL,69.68888888888888,62.35555555555555,0.3333333333333333,0.31111111111111106,0,0,0,0,0
2026-07-28 12:51:00,ccf-aiops-成都,service-vm-1,service,ens4,service,50.8,1170.1111111111109,0.4,0.26666666666666666,0,0,0,0,0
2026-07-28 12:51:00,ccf-aiops-成都,service-vm-1,service,ens5,NULL,0,0,0,0,0,0,0,0,0
2026-07-28 12:51:00,ccf-aiops-成都,service-vm-1,service,ens6,NULL,0,0,0,0,0,0,0,0,0
2026-07-28 12:51:00,ccf-aiops-成都,service-vm-2,service,ens3,NULL,62.08888888888888,62.35555555555555,0.31111111111111106,0.31111111111111106,0,0,0,0,0
2026-07-28 12:51:00,ccf-aiops-成都,service-vm-2,service,ens4,service,62.266666666666666,1175.7555555555555,0.5333333333333333,0.3555555555555555,0,0,0,0,0
2026-07-28 12:51:00,ccf-aiops-成都,service-vm-2,service,ens5,NULL,0,0,0,0,0,0,0,0,0
2026-07-28 12:51:00,ccf-aiops-成都,service-vm-2,service,ens6,NULL,0,0,0,0,0,0,0,0,0
2026-07-28 12:51:00,ccf-aiops-成都,service-vm-3,service,ens3,NULL,0,0,0,0,0,0,0,0,0
2026-07-28 12:51:00,ccf-aiops-成都,service-vm-3,service,ens4,service,68,1177.2,0.6,0.4,0,0,0,0,0
2026-07-28 12:51:00,ccf-aiops-成都,service-vm-3,service,ens5,NULL,0,0,0,0,0,0,0,0,0
2026-07-28 12:51:00,ccf-aiops-成都,service-vm-3,service,ens6,NULL,0,0,0,0,0,0,0,0,0
2026-07-28 12:51:00,ccf-aiops-成都,traffic-vm,traffic,ens3,NULL,125.55555555555556,68.93333333333334,1.3777777777777775,0.6888888888888888,0,0,0,0,0
2026-07-28 12:51:00,ccf-aiops-成都,traffic-vm,traffic,ens4,business,769.9777777777778,15118.31111111111,5.866666666666666,5.555555555555555,0,0,0,0,0
2026-07-28 12:51:00,ccf-aiops-成都,traffic-vm,traffic,ens5,NULL,0,0,0,0,0,0,0,0,0
2026-07-28 12:51:00,ccf-aiops-成都,traffic-vm,traffic,ens6,NULL,0,0,0,0,0,0,0,0,0
2026-07-28 12:52:00,ccf-aiops-成都,br-1,br,ens10,NULL,0,0,0,0,0,0,0,0,0
2026-07-28 12:52:00,ccf-aiops-成都,br-1,br,ens11,NULL,0,0,0,0,0,0,0,0,0
2026-07-28 12:52:00,ccf-aiops-成都,br-1,br,ens12,NULL,0,0,0,0,0,0,0,0,0
2026-07-28 12:52:00,ccf-aiops-成都,br-1,br,ens3,NULL,10.133333333333333,0,0.04444444444444444,0,0,0,0,0,0
2026-07-28 12:52:00,ccf-aiops-成都,br-1,br,ens4,backbone,1100.9777777777776,804.911111111111,7.7555555555555555,7.088888888888889,0,0,0,0,0
2026-07-28 12:52:00,ccf-aiops-成都,br-1,br,ens5,backbone,961.8,2723.4666666666667,8.355555555555556,8.133333333333333,0,0,0,0,0
2026-07-28 12:52:00,ccf-aiops-成都,br-1,br,ens6,NULL,0,0,0,0,0,0,0,0,0
2026-07-28 12:52:00,ccf-aiops-成都,br-1,br,ens7,NULL,0,0,0,0,0,0,0,0,0
2026-07-28 12:52:00,ccf-aiops-成都,br-1,br,ens8,NULL,0,0,0,0,0,0,0,0,0
2026-07-28 12:52:00,ccf-aiops-成都,br-1,br,ens9,NULL,0,0,0,0,0,0,0,0,0
2026-07-28 12:52:00,ccf-aiops-成都,br-2,br,ens10,NULL,0,0,0,0,0,0,0,0,0
2026-07-28 12:52:00,ccf-aiops-成都,br-2,br,ens11,NULL,0,0,0,0,0,0,0,0,0
2026-07-28 12:52:00,ccf-aiops-成都,br-2,br,ens12,NULL,0,0,0,0,0,0,0,0,0
2026-07-28 12:52:00,ccf-aiops-成都,br-2,br,ens3,NULL,1.5555555555555556,0,0.02222222222222222,0,0,0,0,0,0
2026-07-28 12:52:00,ccf-aiops-成都,br-2,br,ens4,backbone,1218.6444444444444,981.0666666666667,8.555555555555554,8.355555555555556,0,0,0,0,0
2026-07-28 12:52:00,ccf-aiops-成都,br-2,br,ens5,backbone,1159.7777777777776,3036.3555555555554,9.866666666666667,9.355555555555554,0,0,0,0,0
2026-07-28 12:52:00,ccf-aiops-成都,br-2,br,ens6,NULL,0,0,0,0,0,0,0,0,0
2026-07-28 12:52:00,ccf-aiops-成都,br-2,br,ens7,NULL,0,0,0,0,0,0,0,0,0
2026-07-28 12:52:00,ccf-aiops-成都,br-2,br,ens8,NULL,0,0,0,0,0,0,0,0,0
2026-07-28 12:52:00,ccf-aiops-成都,br-2,br,ens9,NULL,0,0,0,0,0,0,0,0,0
2026-07-28 12:52:00,ccf-aiops-成都,cr-1,cr,ens10,NULL,0,0,0,0,0,0,0,0,0
2026-07-28 12:52:00,ccf-aiops-成都,cr-1,cr,ens11,NULL,0,0,0,0,0,0,0,0,0
2026-07-28 12:52:00,ccf-aiops-成都,cr-1,cr,ens12,NULL,0,0,0,0,0,0,0,0,0
2026-07-28 12:52:00,ccf-aiops-成都,cr-1,cr,ens3,NULL,1.5555555555555556,0,0.02222222222222222,0,0,0,0,0,0
2026-07-28 12:52:00,ccf-aiops-成都,cr-1,cr,ens4,backbone,1321.4,1121.2222222222222,7.333333333333333,9.6,0,0,0,0,0
2026-07-28 12:52:00,ccf-aiops-成都,cr-1,cr,ens5,backbone,1237.6666666666667,3148,10.533333333333333,7.888888888888888,0,0,0,0,0
2026-07-28 12:52:00,ccf-aiops-成都,cr-1,cr,ens6,NULL,0,0,0,0,0,0,0,0,0
2026-07-28 12:52:00,ccf-aiops-成都,cr-1,cr,ens7,NULL,0,0,0,0,0,0,0,0,0
2026-07-28 12:52:00,ccf-aiops-成都,cr-1,cr,ens8,NULL,0,0,0,0,0,0,0,0,0
2026-07-28 12:52:00,ccf-aiops-成都,cr-1,cr,ens9,NULL,0,0,0,0,0,0,0,0,0
2026-07-28 12:52:00,ccf-aiops-成都,cr-2,cr,ens10,NULL,0,0,0,0,0,0,0,0,0
2026-07-28 12:52:00,ccf-aiops-成都,cr-2,cr,ens11,NULL,0,0,0,0,0,0,0,0,0
2026-07-28 12:52:00,ccf-aiops-成都,cr-2,cr,ens12,NULL,0,0,0,0,0,0,0,0,0
2026-07-28 12:52:00,ccf-aiops-成都,cr-2,cr,ens3,NULL,9.155555555555555,0,0.04444444444444444,0,0,0,0,0,0
2026-07-28 12:52:00,ccf-aiops-成都,cr-2,cr,ens4,backbone,4761.333333333333,1006.7111111111111,11.622222222222222,8.644444444444444,0,0,0,0,0
2026-07-28 12:52:00,ccf-aiops-成都,cr-2,cr,ens5,backbone,1135.888888888889,6527.688888888889,9.733333333333333,12.222222222222221,0,0,0,0,0
2026-07-28 12:52:00,ccf-aiops-成都,cr-2,cr,ens6,NULL,0,0,0,0,0,0,0,0,0
2026-07-28 12:52:00,ccf-aiops-成都,cr-2,cr,ens7,NULL,0,0,0,0,0,0,0,0,0
2026-07-28 12:52:00,ccf-aiops-成都,cr-2,cr,ens8,NULL,0,0,0,0,0,0,0,0,0
2026-07-28 12:52:00,ccf-aiops-成都,cr-2,cr,ens9,NULL,0,0,0,0,0,0,0,0,0
2026-07-28 12:52:00,ccf-aiops-成都,fw,firewall,ens3,NULL,187.28888888888886,128.88888888888889,1.6666666666666667,0.9555555555555555,0,0,0,0,0
2026-07-28 12:52:00,ccf-aiops-成都,fw,firewall,ens4,backbone,9060.933333333332,2263.733333333333,19.62222222222222,19.266666666666666,0,0,0,0,0
2026-07-28 12:52:00,ccf-aiops-成都,fw,firewall,ens5,business,2316.511111111111,10219.866666666667,19.688888888888886,19.71111111111111,0,0,0,0,0
2026-07-28 12:52:00,ccf-aiops-成都,fw,firewall,ens6,NULL,0,0,0,0,0,0,0,0,0
2026-07-28 12:52:00,ccf-aiops-成都,monitor-vm,collector,ens3,NULL,177.24444444444444,130.17777777777778,1.6222222222222222,0.9777777777777777,0,0,0,0,0
2026-07-28 12:52:00,ccf-aiops-成都,monitor-vm,collector,ens4,mgmt,28264.022222222222,1034.2,10.488888888888887,9.133333333333333,0,0,0,0,0
2026-07-28 12:52:00,ccf-aiops-成都,monitor-vm,collector,ens5,NULL,0,0,0,0,0,0,0,0,0
2026-07-28 12:52:00,ccf-aiops-成都,monitor-vm,collector,ens6,NULL,0,0,0,0,0,0,0,0,0
2026-07-28 12:52:00,ccf-aiops-成都,probe-vm,probe,ens3,NULL,9.155555555555555,0,0.04444444444444444,0,0,0,0,0,0
2026-07-28 12:52:00,ccf-aiops-成都,probe-vm,probe,ens4,business,50.8,1167.5777777777776,0.4,0.26666666666666666,0,0,0,0,0
2026-07-28 12:52:00,ccf-aiops-成都,probe-vm,probe,ens5,NULL,0,0,0,0,0,0,0,0,0
2026-07-28 12:52:00,ccf-aiops-成都,probe-vm,probe,ens6,NULL,0,0,0,0,0,0,0,0,0
2026-07-28 12:52:00,ccf-aiops-成都,service-vm-1,service,ens3,NULL,63.288888888888884,59.95555555555555,0.31111111111111106,0.26666666666666666,0,0,0,0,0
2026-07-28 12:52:00,ccf-aiops-成都,service-vm-1,service,ens4,service,66.08888888888889,1180.8,0.5777777777777777,0.3777777777777777,0,0,0,0,0
2026-07-28 12:52:00,ccf-aiops-成都,service-vm-1,service,ens5,NULL,0,0,0,0,0,0,0,0,0
2026-07-28 12:52:00,ccf-aiops-成都,service-vm-1,service,ens6,NULL,0,0,0,0,0,0,0,0,0
2026-07-28 12:52:00,ccf-aiops-成都,service-vm-2,service,ens3,NULL,63.64444444444444,62.35555555555555,0.3333333333333333,0.31111111111111106,0,0,0,0,0
2026-07-28 12:52:00,ccf-aiops-成都,service-vm-2,service,ens4,service,64.17777777777778,1179.3555555555554,0.5555555555555555,0.4,0,0,0,0,0
2026-07-28 12:52:00,ccf-aiops-成都,service-vm-2,service,ens5,NULL,0,0,0,0,0,0,0,0,0
2026-07-28 12:52:00,ccf-aiops-成都,service-vm-2,service,ens6,NULL,0,0,0,0,0,0,0,0,0
2026-07-28 12:52:00,ccf-aiops-成都,service-vm-3,service,ens3,NULL,101.64444444444443,62.35555555555555,0.4666666666666667,0.31111111111111106,0,0,0,0,0
2026-07-28 12:52:00,ccf-aiops-成都,service-vm-3,service,ens4,service,66.08888888888889,1177.3333333333333,0.5777777777777777,0.4,0,0,0,0,0
2026-07-28 12:52:00,ccf-aiops-成都,service-vm-3,service,ens5,NULL,0,0,0,0,0,0,0,0,0
2026-07-28 12:52:00,ccf-aiops-成都,service-vm-3,service,ens6,NULL,0,0,0,0,0,0,0,0,0
2026-07-28 12:52:00,ccf-aiops-成都,traffic-vm,traffic,ens3,NULL,121.46666666666667,66.66666666666667,1.3333333333333333,0.6666666666666666,0,0,0,0,0
2026-07-28 12:52:00,ccf-aiops-成都,traffic-vm,traffic,ens4,business,2485.5777777777776,16610.044444444444,17.688888888888886,17.355555555555554,0,0,0,0,0
2026-07-28 12:52:00,ccf-aiops-成都,traffic-vm,traffic,ens5,NULL,0,0,0,0,0,0,0,0,0
2026-07-28 12:52:00,ccf-aiops-成都,traffic-vm,traffic,ens6,NULL,0,0,0,0,0,0,0,0,0
2026-07-28 12:53:00,ccf-aiops-成都,br-1,br,ens10,NULL,0,0,0,0,0,0,0,0,0
2026-07-28 12:53:00,ccf-aiops-成都,br-1,br,ens11,NULL,0,0,0,0,0,0,0,0,0
2026-07-28 12:53:00,ccf-aiops-成都,br-1,br,ens12,NULL,0,0,0,0,0,0,0,0,0
2026-07-28 12:53:00,ccf-aiops-成都,br-1,br,ens3,NULL,0,0,0,0,0,0,0,0,0
2026-07-28 12:53:00,ccf-aiops-成都,br-1,br,ens4,backbone,339.6222222222222,277.0444444444444,2.5777777777777775,2.466666666666667,0,0,0,0,0
2026-07-28 12:53:00,ccf-aiops-成都,br-1,br,ens5,backbone,475.2444444444444,2507.0444444444443,4.155555555555555,3.6,0,0,0,0,0
2026-07-28 12:53:00,ccf-aiops-成都,br-1,br,ens6,NULL,0,0,0,0,0,0,0,0,0
2026-07-28 12:53:00,ccf-aiops-成都,br-1,br,ens7,NULL,0,0,0,0,0,0,0,0,0
2026-07-28 12:53:00,ccf-aiops-成都,br-1,br,ens8,NULL,0,0,0,0,0,0,0,0,0
2026-07-28 12:53:00,ccf-aiops-成都,br-1,br,ens9,NULL,0,0,0,0,0,0,0,0,0
2026-07-28 12:53:00,ccf-aiops-成都,br-2,br,ens10,NULL,0,0,0,0,0,0,0,0,0
2026-07-28 12:53:00,ccf-aiops-成都,br-2,br,ens11,NULL,0,0,0,0,0,0,0,0,0
2026-07-28 12:53:00,ccf-aiops-成都,br-2,br,ens12,NULL,0,0,0,0,0,0,0,0,0
2026-07-28 12:53:00,ccf-aiops-成都,br-2,br,ens3,NULL,107.64444444444443,114.22222222222221,0.5555555555555555,0.5555555555555555,0,0,0,0,0
2026-07-28 12:53:00,ccf-aiops-成都,br-2,br,ens4,backbone,351.8222222222222,269.2888888888889,2.933333333333333,2.2666666666666666,0,0,0,0,0
2026-07-28 12:53:00,ccf-aiops-成都,br-2,br,ens5,backbone,462.71111111111105,2767.5333333333333,3.933333333333333,4.2,0,0,0,0,0
2026-07-28 12:53:00,ccf-aiops-成都,br-2,br,ens6,NULL,0,0,0,0,0,0,0,0,0
2026-07-28 12:53:00,ccf-aiops-成都,br-2,br,ens7,NULL,0,0,0,0,0,0,0,0,0
2026-07-28 12:53:00,ccf-aiops-成都,br-2,br,ens8,NULL,0,0,0,0,0,0,0,0,0
2026-07-28 12:53:00,ccf-aiops-成都,br-2,br,ens9,NULL,0,0,0,0,0,0,0,0,0
2026-07-28 12:53:00,ccf-aiops-成都,cr-1,cr,ens10,NULL,0,0,0,0,0,0,0,0,0
2026-07-28 12:53:00,ccf-aiops-成都,cr-1,cr,ens11,NULL,0,0,0,0,0,0,0,0,0
2026-07-28 12:53:00,ccf-aiops-成都,cr-1,cr,ens12,NULL,0,0,0,0,0,0,0,0,0
2026-07-28 12:53:00,ccf-aiops-成都,cr-1,cr,ens3,NULL,107.64444444444443,114.22222222222221,0.5555555555555555,0.5555555555555555,0,0,0,0,0
2026-07-28 12:53:00,ccf-aiops-成都,cr-1,cr,ens4,backbone,1248.7777777777776,550.7555555555555,3.6666666666666665,4.7555555555555555,0,0,0,0,0
2026-07-28 12:53:00,ccf-aiops-成都,cr-1,cr,ens5,backbone,634.4444444444445,3583.911111111111,5.377777777777777,4.311111111111111,0,0,0,0,0
2026-07-28 12:53:00,ccf-aiops-成都,cr-1,cr,ens6,NULL,0,0,0,0,0,0,0,0,0
2026-07-28 12:53:00,ccf-aiops-成都,cr-1,cr,ens7,NULL,0,0,0,0,0,0,0,0,0
2026-07-28 12:53:00,ccf-aiops-成都,cr-1,cr,ens8,NULL,0,0,0,0,0,0,0,0,0
2026-07-28 12:53:00,ccf-aiops-成都,cr-1,cr,ens9,NULL,0,0,0,0,0,0,0,0,0
2026-07-28 12:53:00,ccf-aiops-成都,cr-2,cr,ens10,NULL,0,0,0,0,0,0,0,0,0
2026-07-28 12:53:00,ccf-aiops-成都,cr-2,cr,ens11,NULL,0,0,0,0,0,0,0,0,0
2026-07-28 12:53:00,ccf-aiops-成都,cr-2,cr,ens12,NULL,0,0,0,0,0,0,0,0,0
2026-07-28 12:53:00,ccf-aiops-成都,cr-2,cr,ens3,NULL,0,0,0,0,0,0,0,0,0
2026-07-28 12:53:00,ccf-aiops-成都,cr-2,cr,ens4,backbone,4202.555555555556,319.06666666666666,5.733333333333333,2.7333333333333334,0,0,0,0,0
2026-07-28 12:53:00,ccf-aiops-成都,cr-2,cr,ens5,backbone,413.9111111111111,6574.666666666667,3.511111111111111,6.444444444444444,0,0,0,0,0
2026-07-28 12:53:00,ccf-aiops-成都,cr-2,cr,ens6,NULL,0,0,0,0,0,0,0,0,0
2026-07-28 12:53:00,ccf-aiops-成都,cr-2,cr,ens7,NULL,0,0,0,0,0,0,0,0,0
2026-07-28 12:53:00,ccf-aiops-成都,cr-2,cr,ens8,NULL,0,0,0,0,0,0,0,0,0
2026-07-28 12:53:00,ccf-aiops-成都,cr-2,cr,ens9,NULL,0,0,0,0,0,0,0,0,0
2026-07-28 12:53:00,ccf-aiops-成都,fw,firewall,ens3,NULL,124,68.93333333333334,1.3555555555555554,0.6888888888888888,0,0,0,0,0
2026-07-28 12:53:00,ccf-aiops-成都,fw,firewall,ens4,backbone,9742.266666666666,1002.1777777777777,11,8.466666666666667,0,0,0,0,0
2026-07-28 12:53:00,ccf-aiops-成都,fw,firewall,ens5,business,1060.6888888888889,10872.755555555554,8.955555555555554,10.866666666666667,0,0,0,0,0
2026-07-28 12:53:00,ccf-aiops-成都,fw,firewall,ens6,NULL,0,0,0,0,0,0,0,0,0
2026-07-28 12:53:00,ccf-aiops-成都,monitor-vm,collector,ens3,NULL,124,68.93333333333334,1.3555555555555554,0.6888888888888888,0,0,0,0,0
2026-07-28 12:53:00,ccf-aiops-成都,monitor-vm,collector,ens4,mgmt,30397.28888888889,1024.111111111111,12.088888888888887,9.02222222222222,0,0,0,0,0
2026-07-28 12:53:00,ccf-aiops-成都,monitor-vm,collector,ens5,NULL,0,0,0,0,0,0,0,0,0
2026-07-28 12:53:00,ccf-aiops-成都,monitor-vm,collector,ens6,NULL,0,0,0,0,0,0,0,0,0
2026-07-28 12:53:00,ccf-aiops-成都,probe-vm,probe,ens3,NULL,54.48888888888889,62.35555555555555,0.28888888888888886,0.31111111111111106,0,0,0,0,0
2026-07-28 12:53:00,ccf-aiops-成都,probe-vm,probe,ens4,business,54.62222222222222,1166.511111111111,0.4444444444444444,0.26666666666666666,0,0,0,0,0
2026-07-28 12:53:00,ccf-aiops-成都,probe-vm,probe,ens5,NULL,0,0,0,0,0,0,0,0,0
2026-07-28 12:53:00,ccf-aiops-成都,probe-vm,probe,ens6,NULL,0,0,0,0,0,0,0,0,0
2026-07-28 12:53:00,ccf-aiops-成都,service-vm-1,service,ens3,NULL,54.485256538452994,62.35139879563585,0.28886963091349466,0.3110903717529943,0,0,0,0,0
2026-07-28 12:53:00,ccf-aiops-成都,service-vm-1,service,ens4,service,64.17349954447482,1179.8546763549098,0.5555185209874897,0.37775259427149305,0,0,0,0,0
2026-07-28 12:53:00,ccf-aiops-成都,service-vm-1,service,ens5,NULL,0,0,0,0,0,0,0,0,0
2026-07-28 12:53:00,ccf-aiops-成都,service-vm-1,service,ens6,NULL,0,0,0,0,0,0,0,0,0
2026-07-28 12:53:00,ccf-aiops-成都,service-vm-2,service,ens3,NULL,54.48888888888889,62.35555555555555,0.28888888888888886,0.31111111111111106,0,0,0,0,0
2026-07-28 12:53:00,ccf-aiops-成都,service-vm-2,service,ens4,service,68,1181.3555555555554,0.6,0.4,0,0,0,0,0
2026-07-28 12:53:00,ccf-aiops-成都,service-vm-2,service,ens5,NULL,0,0,0,0,0,0,0,0,0
2026-07-28 12:53:00,ccf-aiops-成都,service-vm-2,service,ens6,NULL,0,0,0,0,0,0,0,0,0
2026-07-28 12:53:00,ccf-aiops-成都,service-vm-3,service,ens3,NULL,0,0,0,0,0,0,0,0,0
2026-07-28 12:53:00,ccf-aiops-成都,service-vm-3,service,ens4,service,68,1177.0222222222221,0.6,0.4,0,0,0,0,0
2026-07-28 12:53:00,ccf-aiops-成都,service-vm-3,service,ens5,NULL,0,0,0,0,0,0,0,0,0
2026-07-28 12:53:00,ccf-aiops-成都,service-vm-3,service,ens6,NULL,0,0,0,0,0,0,0,0,0
2026-07-28 12:53:00,ccf-aiops-成都,traffic-vm,traffic,ens3,NULL,177.15555555555554,130.35555555555555,1.6222222222222222,0.9777777777777777,0,0,0,0,0
2026-07-28 12:53:00,ccf-aiops-成都,traffic-vm,traffic,ens4,business,856.1111111111111,15218.288888888888,6.9111111111111105,6.333333333333333,0,0,0,0,0
2026-07-28 12:53:00,ccf-aiops-成都,traffic-vm,traffic,ens5,NULL,0,0,0,0,0,0,0,0,0
2026-07-28 12:53:00,ccf-aiops-成都,traffic-vm,traffic,ens6,NULL,0,0,0,0,0,0,0,0,0
2026-07-28 12:54:00,ccf-aiops-成都,br-1,br,ens10,NULL,0,0,0,0,0,0,0,0,0
2026-07-28 12:54:00,ccf-aiops-成都,br-1,br,ens11,NULL,0,0,0,0,0,0,0,0,0
2026-07-28 12:54:00,ccf-aiops-成都,br-1,br,ens12,NULL,0,0,0,0,0,0,0,0,0
2026-07-28 12:54:00,ccf-aiops-成都,br-1,br,ens3,NULL,16.31111111111111,0.9333333333333333,0.2222222222222222,0.02222222222222222,0,0,0,0,0
2026-07-28 12:54:00,ccf-aiops-成都,br-1,br,ens4,backbone,840.4888888888888,590.4222222222221,6.044444444444443,5.111111111111111,0,0,0,0,0
2026-07-28 12:54:00,ccf-aiops-成都,br-1,br,ens5,backbone,747.2222222222222,2595.133333333333,6.466666666666667,6.155555555555555,0,0,0,0,0
2026-07-28 12:54:00,ccf-aiops-成都,br-1,br,ens6,NULL,0,0,0,0,0,0,0,0,0
2026-07-28 12:54:00,ccf-aiops-成都,br-1,br,ens7,NULL,0,0,0,0,0,0,0,0,0
2026-07-28 12:54:00,ccf-aiops-成都,br-1,br,ens8,NULL,0,0,0,0,0,0,0,0,0
2026-07-28 12:54:00,ccf-aiops-成都,br-1,br,ens9,NULL,0,0,0,0,0,0,0,0,0
2026-07-28 12:54:00,ccf-aiops-成都,br-2,br,ens10,NULL,0,0,0,0,0,0,0,0,0
2026-07-28 12:54:00,ccf-aiops-成都,br-2,br,ens11,NULL,0,0,0,0,0,0,0,0,0
2026-07-28 12:54:00,ccf-aiops-成都,br-2,br,ens12,NULL,0,0,0,0,0,0,0,0,0
2026-07-28 12:54:00,ccf-aiops-成都,br-2,br,ens3,NULL,16.533333333333335,0,0.2222222222222222,0,0,0,0,0,0
2026-07-28 12:54:00,ccf-aiops-成都,br-2,br,ens4,backbone,571.6444444444444,391.3111111111111,4.2,3.533333333333333,0,0,0,0,0
2026-07-28 12:54:00,ccf-aiops-成都,br-2,br,ens5,backbone,566.5111111111111,2333.6888888888884,5.088888888888889,4.644444444444444,0,0,0,0,0
2026-07-28 12:54:00,ccf-aiops-成都,br-2,br,ens6,NULL,0,0,0,0,0,0,0,0,0
2026-07-28 12:54:00,ccf-aiops-成都,br-2,br,ens7,NULL,0,0,0,0,0,0,0,0,0
2026-07-28 12:54:00,ccf-aiops-成都,br-2,br,ens8,NULL,0,0,0,0,0,0,0,0,0
2026-07-28 12:54:00,ccf-aiops-成都,br-2,br,ens9,NULL,0,0,0,0,0,0,0,0,0
2026-07-28 12:54:00,ccf-aiops-成都,cr-1,cr,ens10,NULL,0,0,0,0,0,0,0,0,0
2026-07-28 12:54:00,ccf-aiops-成都,cr-1,cr,ens11,NULL,0,0,0,0,0,0,0,0,0
2026-07-28 12:54:00,ccf-aiops-成都,cr-1,cr,ens12,NULL,0,0,0,0,0,0,0,0,0
2026-07-28 12:54:00,ccf-aiops-成都,cr-1,cr,ens3,NULL,16.533333333333335,0,0.2222222222222222,0,0,0,0,0,0
2026-07-28 12:54:00,ccf-aiops-成都,cr-1,cr,ens4,backbone,904.8222222222222,630.7111111111111,4.822222222222222,5.622222222222222,0,0,0,0,0
2026-07-28 12:54:00,ccf-aiops-成都,cr-1,cr,ens5,backbone,732.0888888888888,2734.111111111111,6.422222222222222,5.422222222222222,0,0,0,0,0
2026-07-28 12:54:00,ccf-aiops-成都,cr-1,cr,ens6,NULL,0,0,0,0,0,0,0,0,0
2026-07-28 12:54:00,ccf-aiops-成都,cr-1,cr,ens7,NULL,0,0,0,0,0,0,0,0,0
2026-07-28 12:54:00,ccf-aiops-成都,cr-1,cr,ens8,NULL,0,0,0,0,0,0,0,0,0
2026-07-28 12:54:00,ccf-aiops-成都,cr-1,cr,ens9,NULL,0,0,0,0,0,0,0,0,0
2026-07-28 12:54:00,ccf-aiops-成都,cr-2,cr,ens10,NULL,0,0,0,0,0,0,0,0,0
2026-07-28 12:54:00,ccf-aiops-成都,cr-2,cr,ens11,NULL,0,0,0,0,0,0,0,0,0
2026-07-28 12:54:00,ccf-aiops-成都,cr-2,cr,ens12,NULL,0,0,0,0,0,0,0,0,0
2026-07-28 12:54:00,ccf-aiops-成都,cr-2,cr,ens3,NULL,13.42222222222222,0,0.17777777777777776,0,0,0,0,0,0
2026-07-28 12:54:00,ccf-aiops-成都,cr-2,cr,ens4,backbone,4240.777777777777,633.6666666666666,7.822222222222222,5.466666666666667,0,0,0,0,0
2026-07-28 12:54:00,ccf-aiops-成都,cr-2,cr,ens5,backbone,753.9777777777778,6035.622222222222,6.488888888888889,8.31111111111111,0,0,0,0,0
2026-07-28 12:54:00,ccf-aiops-成都,cr-2,cr,ens6,NULL,0,0,0,0,0,0,0,0,0
2026-07-28 12:54:00,ccf-aiops-成都,cr-2,cr,ens7,NULL,0,0,0,0,0,0,0,0,0
2026-07-28 12:54:00,ccf-aiops-成都,cr-2,cr,ens8,NULL,0,0,0,0,0,0,0,0,0
2026-07-28 12:54:00,ccf-aiops-成都,cr-2,cr,ens9,NULL,0,0,0,0,0,0,0,0,0
2026-07-28 12:54:00,ccf-aiops-成都,fw,firewall,ens3,NULL,140.53333333333333,68.93333333333334,1.5777777777777777,0.6888888888888888,0,0,0,0,0
2026-07-28 12:54:00,ccf-aiops-成都,fw,firewall,ens4,backbone,8853.733333333334,1586.622222222222,14.777777777777777,13.688888888888888,0,0,0,0,0
2026-07-28 12:54:00,ccf-aiops-成都,fw,firewall,ens5,business,1652.0666666666666,10006.977777777776,14.266666666666667,14.822222222222221,0,0,0,0,0
2026-07-28 12:54:00,ccf-aiops-成都,fw,firewall,ens6,NULL,0,0,0,0,0,0,0,0,0
2026-07-28 12:54:00,ccf-aiops-成都,monitor-vm,collector,ens3,NULL,195.0222222222222,131.2888888888889,1.8666666666666667,1,0,0,0,0,0
2026-07-28 12:54:00,ccf-aiops-成都,monitor-vm,collector,ens4,mgmt,28160.355555555554,999.2666666666667,10.511111111111111,8.733333333333333,0,0,0,0,0
2026-07-28 12:54:00,ccf-aiops-成都,monitor-vm,collector,ens5,NULL,0,0,0,0,0,0,0,0,0
2026-07-28 12:54:00,ccf-aiops-成都,monitor-vm,collector,ens6,NULL,0,0,0,0,0,0,0,0,0
2026-07-28 12:54:00,ccf-aiops-成都,probe-vm,probe,ens3,NULL,69.46666666666667,62.35555555555555,0.4888888888888889,0.31111111111111106,0,0,0,0,0
2026-07-28 12:54:00,ccf-aiops-成都,probe-vm,probe,ens4,business,50.8,1165.0888888888887,0.4,0.26666666666666666,0,0,0,0,0
2026-07-28 12:54:00,ccf-aiops-成都,probe-vm,probe,ens5,NULL,0,0,0,0,0,0,0,0,0
2026-07-28 12:54:00,ccf-aiops-成都,probe-vm,probe,ens6,NULL,0,0,0,0,0,0,0,0,0
2026-07-28 12:54:00,ccf-aiops-成都,service-vm-1,service,ens3,NULL,69.46666666666667,62.35555555555555,0.4888888888888889,0.31111111111111106,0,0,0,0,0
2026-07-28 12:54:00,ccf-aiops-成都,service-vm-1,service,ens4,service,69.9111111111111,1181.7777777777776,0.6222222222222221,0.4,0,0,0,0,0
2026-07-28 12:54:00,ccf-aiops-成都,service-vm-1,service,ens5,NULL,0,0,0,0,0,0,0,0,0
2026-07-28 12:54:00,ccf-aiops-成都,service-vm-1,service,ens6,NULL,0,0,0,0,0,0,0,0,0
2026-07-28 12:54:00,ccf-aiops-成都,service-vm-2,service,ens3,NULL,58.888888888888886,52.13333333333333,0.3777777777777777,0.17777777777777776,0,0,0,0,0
2026-07-28 12:54:00,ccf-aiops-成都,service-vm-2,service,ens4,service,56.17777777777778,1171.7777777777776,0.4666666666666667,0.28888888888888886,0,0,0,0,0
2026-07-28 12:54:00,ccf-aiops-成都,service-vm-2,service,ens5,NULL,0,0,0,0,0,0,0,0,0
2026-07-28 12:54:00,ccf-aiops-成都,service-vm-2,service,ens6,NULL,0,0,0,0,0,0,0,0,0
2026-07-28 12:54:00,ccf-aiops-成都,service-vm-3,service,ens3,NULL,14.977777777777778,0,0.2,0,0,0,0,0,0
2026-07-28 12:54:00,ccf-aiops-成都,service-vm-3,service,ens4,service,58.44444444444444,1173.5555555555554,0.4888888888888889,0.3555555555555555,0,0,0,0,0
2026-07-28 12:54:00,ccf-aiops-成都,service-vm-3,service,ens5,NULL,0,0,0,0,0,0,0,0,0
2026-07-28 12:54:00,ccf-aiops-成都,service-vm-3,service,ens6,NULL,0,0,0,0,0,0,0,0,0
2026-07-28 12:54:00,ccf-aiops-成都,traffic-vm,traffic,ens3,NULL,195.0222222222222,131.2888888888889,1.8666666666666667,1,0,0,0,0,0
2026-07-28 12:54:00,ccf-aiops-成都,traffic-vm,traffic,ens4,business,1292.8444444444442,15462.888888888887,9.266666666666667,8.6,0,0,0,0,0
2026-07-28 12:54:00,ccf-aiops-成都,traffic-vm,traffic,ens5,NULL,0,0,0,0,0,0,0,0,0
2026-07-28 12:54:00,ccf-aiops-成都,traffic-vm,traffic,ens6,NULL,0,0,0,0,0,0,0,0,0
2026-07-28 12:55:00,ccf-aiops-成都,br-1,br,ens10,NULL,0,0,0,0,0,0,0,0,0
2026-07-28 12:55:00,ccf-aiops-成都,br-1,br,ens11,NULL,0,0,0,0,0,0,0,0,0
2026-07-28 12:55:00,ccf-aiops-成都,br-1,br,ens12,NULL,0,0,0,0,0,0,0,0,0
2026-07-28 12:55:00,ccf-aiops-成都,br-1,br,ens3,NULL,109.28888888888888,114.22222222222221,0.5777777777777777,0.5555555555555555,0,0,0,0,0
2026-07-28 12:55:00,ccf-aiops-成都,br-1,br,ens4,backbone,403.26666666666665,297.4888888888889,3.1333333333333333,2.622222222222222,0,0,0,0,0
2026-07-28 12:55:00,ccf-aiops-成都,br-1,br,ens5,backbone,439.75555555555553,2376.866666666667,3.844444444444444,3.711111111111111,0,0,0,0,0
2026-07-28 12:55:00,ccf-aiops-成都,br-1,br,ens6,NULL,0,0,0,0,0,0,0,0,0
2026-07-28 12:55:00,ccf-aiops-成都,br-1,br,ens7,NULL,0,0,0,0,0,0,0,0,0
2026-07-28 12:55:00,ccf-aiops-成都,br-1,br,ens8,NULL,0,0,0,0,0,0,0,0,0
2026-07-28 12:55:00,ccf-aiops-成都,br-1,br,ens9,NULL,0,0,0,0,0,0,0,0,0
2026-07-28 12:55:00,ccf-aiops-成都,br-2,br,ens10,NULL,0,0,0,0,0,0,0,0,0
2026-07-28 12:55:00,ccf-aiops-成都,br-2,br,ens11,NULL,0,0,0,0,0,0,0,0,0
2026-07-28 12:55:00,ccf-aiops-成都,br-2,br,ens12,NULL,0,0,0,0,0,0,0,0,0
2026-07-28 12:55:00,ccf-aiops-成都,br-2,br,ens3,NULL,1.6444444444444444,0,0.02222222222222222,0,0,0,0,0,0
2026-07-28 12:55:00,ccf-aiops-成都,br-2,br,ens4,backbone,623.0444444444444,608.9555555555555,4.933333333333334,5.266666666666667,0,0,0,0,0
2026-07-28 12:55:00,ccf-aiops-成都,br-2,br,ens5,backbone,769.1555555555555,2708.2,6.622222222222222,5.666666666666667,0,0,0,0,0
2026-07-28 12:55:00,ccf-aiops-成都,br-2,br,ens6,NULL,0,0,0,0,0,0,0,0,0
2026-07-28 12:55:00,ccf-aiops-成都,br-2,br,ens7,NULL,0,0,0,0,0,0,0,0,0
2026-07-28 12:55:00,ccf-aiops-成都,br-2,br,ens8,NULL,0,0,0,0,0,0,0,0,0
2026-07-28 12:55:00,ccf-aiops-成都,br-2,br,ens9,NULL,0,0,0,0,0,0,0,0,0
2026-07-28 12:55:00,ccf-aiops-成都,cr-1,cr,ens10,NULL,0,0,0,0,0,0,0,0,0
2026-07-28 12:55:00,ccf-aiops-成都,cr-1,cr,ens11,NULL,0,0,0,0,0,0,0,0,0
2026-07-28 12:55:00,ccf-aiops-成都,cr-1,cr,ens12,NULL,0,0,0,0,0,0,0,0,0
2026-07-28 12:55:00,ccf-aiops-成都,cr-1,cr,ens3,NULL,1.6444444444444444,0,0.02222222222222222,0,0,0,0,0,0
2026-07-28 12:55:00,ccf-aiops-成都,cr-1,cr,ens4,backbone,1385.8444444444442,657.8888888888888,5.4,5.777777777777777,0,0,0,0,0
2026-07-28 12:55:00,ccf-aiops-成都,cr-1,cr,ens5,backbone,774.8222222222222,3651.288888888889,6.7555555555555555,6.377777777777777,0,0,0,0,0
2026-07-28 12:55:00,ccf-aiops-成都,cr-1,cr,ens6,NULL,0,0,0,0,0,0,0,0,0
2026-07-28 12:55:00,ccf-aiops-成都,cr-1,cr,ens7,NULL,0,0,0,0,0,0,0,0,0
2026-07-28 12:55:00,ccf-aiops-成都,cr-1,cr,ens8,NULL,0,0,0,0,0,0,0,0,0
2026-07-28 12:55:00,ccf-aiops-成都,cr-1,cr,ens9,NULL,0,0,0,0,0,0,0,0,0
2026-07-28 12:55:00,ccf-aiops-成都,cr-2,cr,ens10,NULL,0,0,0,0,0,0,0,0,0
2026-07-28 12:55:00,ccf-aiops-成都,cr-2,cr,ens11,NULL,0,0,0,0,0,0,0,0,0
2026-07-28 12:55:00,ccf-aiops-成都,cr-2,cr,ens12,NULL,0,0,0,0,0,0,0,0,0
2026-07-28 12:55:00,ccf-aiops-成都,cr-2,cr,ens3,NULL,1.6444444444444444,0,0.02222222222222222,0,0,0,0,0,0
2026-07-28 12:55:00,ccf-aiops-成都,cr-2,cr,ens4,backbone,4299.488888888888,557.5777777777778,6.733333333333333,4.7555555555555555,0,0,0,0,0
2026-07-28 12:55:00,ccf-aiops-成都,cr-2,cr,ens5,backbone,679.9555555555555,6577.51111111111,5.733333333333333,7.644444444444444,0,0,0,0,0
2026-07-28 12:55:00,ccf-aiops-成都,cr-2,cr,ens6,NULL,0,0,0,0,0,0,0,0,0
2026-07-28 12:55:00,ccf-aiops-成都,cr-2,cr,ens7,NULL,0,0,0,0,0,0,0,0,0
2026-07-28 12:55:00,ccf-aiops-成都,cr-2,cr,ens8,NULL,0,0,0,0,0,0,0,0,0
2026-07-28 12:55:00,ccf-aiops-成都,cr-2,cr,ens9,NULL,0,0,0,0,0,0,0,0,0
2026-07-28 12:55:00,ccf-aiops-成都,fw,firewall,ens3,NULL,180.13333333333333,129.82222222222222,1.6666666666666667,0.9777777777777777,0,0,0,0,0
2026-07-28 12:55:00,ccf-aiops-成都,fw,firewall,ens4,backbone,9047.333333333334,1052.9555555555555,10.777777777777777,9.044444444444444,0,0,0,0,0
2026-07-28 12:55:00,ccf-aiops-成都,fw,firewall,ens5,business,1115.1111111111109,10200.577777777777,9.577777777777778,10.8,0,0,0,0,0
2026-07-28 12:55:00,ccf-aiops-成都,fw,firewall,ens6,NULL,0,0,0,0,0,0,0,0,0
2026-07-28 12:55:00,ccf-aiops-成都,monitor-vm,collector,ens3,NULL,126.97777777777777,69.86666666666666,1.4,0.711111111111111,0,0,0,0,0
2026-07-28 12:55:00,ccf-aiops-成都,monitor-vm,collector,ens4,mgmt,29253.4,1043.4888888888888,11.11111111111111,9.244444444444444,0,0,0,0,0
2026-07-28 12:55:00,ccf-aiops-成都,monitor-vm,collector,ens5,NULL,0,0,0,0,0,0,0,0,0
2026-07-28 12:55:00,ccf-aiops-成都,monitor-vm,collector,ens6,NULL,0,0,0,0,0,0,0,0,0
2026-07-28 12:55:00,ccf-aiops-成都,probe-vm,probe,ens3,NULL,1.6444444444444444,0,0.02222222222222222,0,0,0,0,0,0
2026-07-28 12:55:00,ccf-aiops-成都,probe-vm,probe,ens4,business,60.35555555555555,1170.2222222222222,0.5111111111111111,0.3333333333333333,0,0,0,0,0
2026-07-28 12:55:00,ccf-aiops-成都,probe-vm,probe,ens5,NULL,0,0,0,0,0,0,0,0,0
2026-07-28 12:55:00,ccf-aiops-成都,probe-vm,probe,ens6,NULL,0,0,0,0,0,0,0,0,0
2026-07-28 12:55:00,ccf-aiops-成都,service-vm-1,service,ens3,NULL,1.6444444444444444,0,0.02222222222222222,0,0,0,0,0,0
2026-07-28 12:55:00,ccf-aiops-成都,service-vm-1,service,ens4,service,66.08888888888889,1179.6444444444444,0.5777777777777777,0.3777777777777777,0,0,0,0,0
2026-07-28 12:55:00,ccf-aiops-成都,service-vm-1,service,ens5,NULL,0,0,0,0,0,0,0,0,0
2026-07-28 12:55:00,ccf-aiops-成都,service-vm-1,service,ens6,NULL,0,0,0,0,0,0,0,0,0
2026-07-28 12:55:00,ccf-aiops-成都,service-vm-2,service,ens3,NULL,1.6444444444444444,0,0.02222222222222222,0,0,0,0,0,0
2026-07-28 12:55:00,ccf-aiops-成都,service-vm-2,service,ens4,service,66.08888888888889,1184.1111111111109,0.5777777777777777,0.4222222222222222,0,0,0,0,0
2026-07-28 12:55:00,ccf-aiops-成都,service-vm-2,service,ens5,NULL,0,0,0,0,0,0,0,0,0
2026-07-28 12:55:00,ccf-aiops-成都,service-vm-2,service,ens6,NULL,0,0,0,0,0,0,0,0,0
2026-07-28 12:55:00,ccf-aiops-成都,service-vm-3,service,ens3,NULL,107.95555555555555,59.95555555555555,0.5555555555555555,0.26666666666666666,0,0,0,0,0
2026-07-28 12:55:00,ccf-aiops-成都,service-vm-3,service,ens4,service,66.08888888888889,1177.4444444444443,0.5777777777777777,0.4,0,0,0,0,0
2026-07-28 12:55:00,ccf-aiops-成都,service-vm-3,service,ens5,NULL,0,0,0,0,0,0,0,0,0
2026-07-28 12:55:00,ccf-aiops-成都,service-vm-3,service,ens6,NULL,0,0,0,0,0,0,0,0,0
2026-07-28 12:55:00,ccf-aiops-成都,traffic-vm,traffic,ens3,NULL,122.88888888888889,67.6,1.3555555555555554,0.6888888888888888,0,0,0,0,0
2026-07-28 12:55:00,ccf-aiops-成都,traffic-vm,traffic,ens4,business,1592.911111111111,15791.62222222222,11.955555555555554,11.155555555555555,0,0,0,0,0
2026-07-28 12:55:00,ccf-aiops-成都,traffic-vm,traffic,ens5,NULL,0,0,0,0,0,0,0,0,0
2026-07-28 12:55:00,ccf-aiops-成都,traffic-vm,traffic,ens6,NULL,0,0,0,0,0,0,0,0,0
2026-07-28 12:56:00,ccf-aiops-成都,br-1,br,ens10,NULL,0,0,0,0,0,0,0,0,0
2026-07-28 12:56:00,ccf-aiops-成都,br-1,br,ens11,NULL,0,0,0,0,0,0,0,0,0
2026-07-28 12:56:00,ccf-aiops-成都,br-1,br,ens12,NULL,0,0,0,0,0,0,0,0,0
2026-07-28 12:56:00,ccf-aiops-成都,br-1,br,ens3,NULL,10.133333333333333,0,0.04444444444444444,0,0,0,0,0,0
2026-07-28 12:56:00,ccf-aiops-成都,br-1,br,ens4,backbone,1762.4666666666667,1123.1555555555556,12,9.888888888888888,0,0,0,0,0
2026-07-28 12:56:00,ccf-aiops-成都,br-1,br,ens5,backbone,1276.8444444444442,3485.4666666666667,11.155555555555555,12.355555555555554,0,0,0,0,0
2026-07-28 12:56:00,ccf-aiops-成都,br-1,br,ens6,NULL,0,0,0,0,0,0,0,0,0
2026-07-28 12:56:00,ccf-aiops-成都,br-1,br,ens7,NULL,0,0,0,0,0,0,0,0,0
2026-07-28 12:56:00,ccf-aiops-成都,br-1,br,ens8,NULL,0,0,0,0,0,0,0,0,0
2026-07-28 12:56:00,ccf-aiops-成都,br-1,br,ens9,NULL,0,0,0,0,0,0,0,0,0
2026-07-28 12:56:00,ccf-aiops-成都,br-2,br,ens10,NULL,0,0,0,0,0,0,0,0,0
2026-07-28 12:56:00,ccf-aiops-成都,br-2,br,ens11,NULL,0,0,0,0,0,0,0,0,0
2026-07-28 12:56:00,ccf-aiops-成都,br-2,br,ens12,NULL,0,0,0,0,0,0,0,0,0
2026-07-28 12:56:00,ccf-aiops-成都,br-2,br,ens3,NULL,115.24444444444444,114.22222222222221,0.5777777777777777,0.5555555555555555,0,0,0,0,0
2026-07-28 12:56:00,ccf-aiops-成都,br-2,br,ens4,backbone,1661.5777777777776,1123.2222222222222,8.133333333333333,8.822222222222221,0,0,0,0,0
2026-07-28 12:56:00,ccf-aiops-成都,br-2,br,ens5,backbone,1285.7555555555555,3464.9555555555553,10.222222222222221,8.533333333333333,0,0,0,0,0
2026-07-28 12:56:00,ccf-aiops-成都,br-2,br,ens6,NULL,0,0,0,0,0,0,0,0,0
2026-07-28 12:56:00,ccf-aiops-成都,br-2,br,ens7,NULL,0,0,0,0,0,0,0,0,0
2026-07-28 12:56:00,ccf-aiops-成都,br-2,br,ens8,NULL,0,0,0,0,0,0,0,0,0
2026-07-28 12:56:00,ccf-aiops-成都,br-2,br,ens9,NULL,0,0,0,0,0,0,0,0,0
2026-07-28 12:56:00,ccf-aiops-成都,cr-1,cr,ens10,NULL,0,0,0,0,0,0,0,0,0
2026-07-28 12:56:00,ccf-aiops-成都,cr-1,cr,ens11,NULL,0,0,0,0,0,0,0,0,0
2026-07-28 12:56:00,ccf-aiops-成都,cr-1,cr,ens12,NULL,0,0,0,0,0,0,0,0,0
2026-07-28 12:56:00,ccf-aiops-成都,cr-1,cr,ens3,NULL,115.24444444444444,114.22222222222221,0.5777777777777777,0.5555555555555555,0,0,0,0,0
2026-07-28 12:56:00,ccf-aiops-成都,cr-1,cr,ens4,backbone,2151.266666666667,1266.5777777777776,9.066666666666666,10.044444444444444,0,0,0,0,0
2026-07-28 12:56:00,ccf-aiops-成都,cr-1,cr,ens5,backbone,1387.7555555555555,4121.888888888889,11.044444444444444,9.733333333333333,0,0,0,0,0
2026-07-28 12:56:00,ccf-aiops-成都,cr-1,cr,ens6,NULL,0,0,0,0,0,0,0,0,0
2026-07-28 12:56:00,ccf-aiops-成都,cr-1,cr,ens7,NULL,0,0,0,0,0,0,0,0,0
2026-07-28 12:56:00,ccf-aiops-成都,cr-1,cr,ens8,NULL,0,0,0,0,0,0,0,0,0
2026-07-28 12:56:00,ccf-aiops-成都,cr-1,cr,ens9,NULL,0,0,0,0,0,0,0,0,0
2026-07-28 12:56:00,ccf-aiops-成都,cr-2,cr,ens10,NULL,0,0,0,0,0,0,0,0,0
2026-07-28 12:56:00,ccf-aiops-成都,cr-2,cr,ens11,NULL,0,0,0,0,0,0,0,0,0
2026-07-28 12:56:00,ccf-aiops-成都,cr-2,cr,ens12,NULL,0,0,0,0,0,0,0,0,0
2026-07-28 12:56:00,ccf-aiops-成都,cr-2,cr,ens3,NULL,108.04444444444444,103.68888888888888,0.4666666666666667,0.4444444444444444,0,0,0,0,0
2026-07-28 12:56:00,ccf-aiops-成都,cr-2,cr,ens4,backbone,5121.177777777777,1243,12.71111111111111,10.71111111111111,0,0,0,0,0
2026-07-28 12:56:00,ccf-aiops-成都,cr-2,cr,ens5,backbone,1361.7333333333333,6994.155555555555,11.688888888888888,13.355555555555554,0,0,0,0,0
2026-07-28 12:56:00,ccf-aiops-成都,cr-2,cr,ens6,NULL,0,0,0,0,0,0,0,0,0
2026-07-28 12:56:00,ccf-aiops-成都,cr-2,cr,ens7,NULL,0,0,0,0,0,0,0,0,0
2026-07-28 12:56:00,ccf-aiops-成都,cr-2,cr,ens8,NULL,0,0,0,0,0,0,0,0,0
2026-07-28 12:56:00,ccf-aiops-成都,cr-2,cr,ens9,NULL,0,0,0,0,0,0,0,0,0
2026-07-28 12:56:00,ccf-aiops-成都,fw,firewall,ens3,NULL,135.46666666666667,69.86666666666666,1.422222222222222,0.711111111111111,0,0,0,0,0
2026-07-28 12:56:00,ccf-aiops-成都,fw,firewall,ens4,backbone,11142.266666666666,3163.111111111111,27.22222222222222,26.244444444444444,0,0,0,0,0
2026-07-28 12:56:00,ccf-aiops-成都,fw,firewall,ens5,business,3225.4444444444443,12289.6,26.777777777777775,27.177777777777774,0,0,0,0,0
2026-07-28 12:56:00,ccf-aiops-成都,fw,firewall,ens6,NULL,0,0,0,0,0,0,0,0,0
2026-07-28 12:56:00,ccf-aiops-成都,monitor-vm,collector,ens3,NULL,132.93333333333334,69.86666666666666,1.4,0.711111111111111,0,0,0,0,0
2026-07-28 12:56:00,ccf-aiops-成都,monitor-vm,collector,ens4,mgmt,28386.733333333334,1047.0444444444445,10.688888888888888,9.288888888888888,0,0,0,0,0
2026-07-28 12:56:00,ccf-aiops-成都,monitor-vm,collector,ens5,NULL,0,0,0,0,0,0,0,0,0
2026-07-28 12:56:00,ccf-aiops-成都,monitor-vm,collector,ens6,NULL,0,0,0,0,0,0,0,0,0
2026-07-28 12:56:00,ccf-aiops-成都,probe-vm,probe,ens3,NULL,62.08888888888888,62.35555555555555,0.31111111111111106,0.31111111111111106,0,0,0,0,0
2026-07-28 12:56:00,ccf-aiops-成都,probe-vm,probe,ens4,business,64.17777777777778,1175.8,0.5555555555555555,0.4,0,0,0,0,0
2026-07-28 12:56:00,ccf-aiops-成都,probe-vm,probe,ens5,NULL,0,0,0,0,0,0,0,0,0
2026-07-28 12:56:00,ccf-aiops-成都,probe-vm,probe,ens6,NULL,0,0,0,0,0,0,0,0,0
2026-07-28 12:56:00,ccf-aiops-成都,service-vm-1,service,ens3,NULL,64.62222222222222,62.35555555555555,0.3333333333333333,0.31111111111111106,0,0,0,0,0
2026-07-28 12:56:00,ccf-aiops-成都,service-vm-1,service,ens4,service,62.266666666666666,1181.5333333333333,0.5333333333333333,0.4,0,0,0,0,0
2026-07-28 12:56:00,ccf-aiops-成都,service-vm-1,service,ens5,NULL,0,0,0,0,0,0,0,0,0
2026-07-28 12:56:00,ccf-aiops-成都,service-vm-1,service,ens6,NULL,0,0,0,0,0,0,0,0,0
2026-07-28 12:56:00,ccf-aiops-成都,service-vm-2,service,ens3,NULL,64.62222222222222,62.35555555555555,0.3333333333333333,0.31111111111111106,0,0,0,0,0
2026-07-28 12:56:00,ccf-aiops-成都,service-vm-2,service,ens4,service,62.266666666666666,1175.5777777777776,0.5333333333333333,0.3333333333333333,0,0,0,0,0
2026-07-28 12:56:00,ccf-aiops-成都,service-vm-2,service,ens5,NULL,0,0,0,0,0,0,0,0,0
2026-07-28 12:56:00,ccf-aiops-成都,service-vm-2,service,ens6,NULL,0,0,0,0,0,0,0,0,0
2026-07-28 12:56:00,ccf-aiops-成都,service-vm-3,service,ens3,NULL,62.4,0,0.31111111111111106,0,0,0,0,0,0
2026-07-28 12:56:00,ccf-aiops-成都,service-vm-3,service,ens4,service,657.5333333333333,1343.2,1.1333333333333333,0.8666666666666667,0,0,0,0,0
2026-07-28 12:56:00,ccf-aiops-成都,service-vm-3,service,ens5,NULL,0,0,0,0,0,0,0,0,0
2026-07-28 12:56:00,ccf-aiops-成都,service-vm-3,service,ens6,NULL,0,0,0,0,0,0,0,0,0
2026-07-28 12:56:00,ccf-aiops-成都,traffic-vm,traffic,ens3,NULL,186.08888888888887,131.2888888888889,1.6666666666666667,1,0,0,0,0,0
2026-07-28 12:56:00,ccf-aiops-成都,traffic-vm,traffic,ens4,business,2436.4666666666667,16339.4,16.844444444444445,16.244444444444444,0,0,0,0,0
2026-07-28 12:56:00,ccf-aiops-成都,traffic-vm,traffic,ens5,NULL,0,0,0,0,0,0,0,0,0
2026-07-28 12:56:00,ccf-aiops-成都,traffic-vm,traffic,ens6,NULL,0,0,0,0,0,0,0,0,0
2026-07-28 12:57:00,ccf-aiops-成都,br-1,br,ens10,NULL,0,0,0,0,0,0,0,0,0
2026-07-28 12:57:00,ccf-aiops-成都,br-1,br,ens11,NULL,0,0,0,0,0,0,0,0,0
2026-07-28 12:57:00,ccf-aiops-成都,br-1,br,ens12,NULL,0,0,0,0,0,0,0,0,0
2026-07-28 12:57:00,ccf-aiops-成都,br-1,br,ens3,NULL,10.488888888888887,0,0.06666666666666667,0,0,0,0,0,0
2026-07-28 12:57:00,ccf-aiops-成都,br-1,br,ens4,backbone,464.2444444444444,358.9555555555555,3.3333333333333335,3.1333333333333333,0,0,0,0,0
2026-07-28 12:57:00,ccf-aiops-成都,br-1,br,ens5,backbone,502.9555555555555,3218.511111111111,4.377777777777777,4.644444444444444,0,0,0,0,0
2026-07-28 12:57:00,ccf-aiops-成都,br-1,br,ens6,NULL,0,0,0,0,0,0,0,0,0
2026-07-28 12:57:00,ccf-aiops-成都,br-1,br,ens7,NULL,0,0,0,0,0,0,0,0,0
2026-07-28 12:57:00,ccf-aiops-成都,br-1,br,ens8,NULL,0,0,0,0,0,0,0,0,0
2026-07-28 12:57:00,ccf-aiops-成都,br-1,br,ens9,NULL,0,0,0,0,0,0,0,0,0
2026-07-28 12:57:00,ccf-aiops-成都,br-2,br,ens10,NULL,0,0,0,0,0,0,0,0,0
2026-07-28 12:57:00,ccf-aiops-成都,br-2,br,ens11,NULL,0,0,0,0,0,0,0,0,0
2026-07-28 12:57:00,ccf-aiops-成都,br-2,br,ens12,NULL,0,0,0,0,0,0,0,0,0
2026-07-28 12:57:00,ccf-aiops-成都,br-2,br,ens3,NULL,5.422222222222222,0,0.06666666666666667,0,0,0,0,0,0
2026-07-28 12:57:00,ccf-aiops-成都,br-2,br,ens4,backbone,658.9333333333333,471.8222222222222,4.866666666666666,4.155555555555555,0,0,0,0,0
2026-07-28 12:57:00,ccf-aiops-成都,br-2,br,ens5,backbone,625.4,3178.155555555555,5.466666666666667,6.066666666666666,0,0,0,0,0
2026-07-28 12:57:00,ccf-aiops-成都,br-2,br,ens6,NULL,0,0,0,0,0,0,0,0,0
2026-07-28 12:57:00,ccf-aiops-成都,br-2,br,ens7,NULL,0,0,0,0,0,0,0,0,0
2026-07-28 12:57:00,ccf-aiops-成都,br-2,br,ens8,NULL,0,0,0,0,0,0,0,0,0
2026-07-28 12:57:00,ccf-aiops-成都,br-2,br,ens9,NULL,0,0,0,0,0,0,0,0,0
2026-07-28 12:57:00,ccf-aiops-成都,cr-1,cr,ens10,NULL,0,0,0,0,0,0,0,0,0
2026-07-28 12:57:00,ccf-aiops-成都,cr-1,cr,ens11,NULL,0,0,0,0,0,0,0,0,0
2026-07-28 12:57:00,ccf-aiops-成都,cr-1,cr,ens12,NULL,0,0,0,0,0,0,0,0,0
2026-07-28 12:57:00,ccf-aiops-成都,cr-1,cr,ens3,NULL,2.8888888888888884,0,0.04444444444444444,0,0,0,0,0,0
2026-07-28 12:57:00,ccf-aiops-成都,cr-1,cr,ens4,backbone,1908.6666666666667,533.2,5.4,4.666666666666667,0,0,0,0,0
2026-07-28 12:57:00,ccf-aiops-成都,cr-1,cr,ens5,backbone,653.6,4770.822222222222,5.688888888888888,6.822222222222222,0,0,0,0,0
2026-07-28 12:57:00,ccf-aiops-成都,cr-1,cr,ens6,NULL,0,0,0,0,0,0,0,0,0
2026-07-28 12:57:00,ccf-aiops-成都,cr-1,cr,ens7,NULL,0,0,0,0,0,0,0,0,0
2026-07-28 12:57:00,ccf-aiops-成都,cr-1,cr,ens8,NULL,0,0,0,0,0,0,0,0,0
2026-07-28 12:57:00,ccf-aiops-成都,cr-1,cr,ens9,NULL,0,0,0,0,0,0,0,0,0
2026-07-28 12:57:00,ccf-aiops-成都,cr-2,cr,ens10,NULL,0,0,0,0,0,0,0,0,0
2026-07-28 12:57:00,ccf-aiops-成都,cr-2,cr,ens11,NULL,0,0,0,0,0,0,0,0,0
2026-07-28 12:57:00,ccf-aiops-成都,cr-2,cr,ens12,NULL,0,0,0,0,0,0,0,0,0
2026-07-28 12:57:00,ccf-aiops-成都,cr-2,cr,ens3,NULL,2.8888888888888884,0,0.04444444444444444,0,0,0,0,0,0
2026-07-28 12:57:00,ccf-aiops-成都,cr-2,cr,ens4,backbone,4930.6,513.1777777777777,6.488888888888889,4.488888888888889,0,0,0,0,0
2026-07-28 12:57:00,ccf-aiops-成都,cr-2,cr,ens5,backbone,643.5333333333333,7836.466666666666,5.5777777777777775,8.022222222222222,0,0,0,0,0
2026-07-28 12:57:00,ccf-aiops-成都,cr-2,cr,ens6,NULL,0,0,0,0,0,0,0,0,0
2026-07-28 12:57:00,ccf-aiops-成都,cr-2,cr,ens7,NULL,0,0,0,0,0,0,0,0,0
2026-07-28 12:57:00,ccf-aiops-成都,cr-2,cr,ens8,NULL,0,0,0,0,0,0,0,0,0
2026-07-28 12:57:00,ccf-aiops-成都,cr-2,cr,ens9,NULL,0,0,0,0,0,0,0,0,0
2026-07-28 12:57:00,ccf-aiops-成都,fw,firewall,ens3,NULL,135.82222222222222,69.86666666666666,1.4444444444444442,0.711111111111111,0,0,0,0,0
2026-07-28 12:57:00,ccf-aiops-成都,fw,firewall,ens4,backbone,11926,1171.4888888888888,13.688888888888888,10.155555555555555,0,0,0,0,0
2026-07-28 12:57:00,ccf-aiops-成都,fw,firewall,ens5,business,1226.1777777777777,13081.244444444445,10.6,13.733333333333333,0,0,0,0,0
2026-07-28 12:57:00,ccf-aiops-成都,fw,firewall,ens6,NULL,0,0,0,0,0,0,0,0,0
2026-07-28 12:57:00,ccf-aiops-成都,monitor-vm,collector,ens3,NULL,179.8222222222222,129.0222222222222,1.6666666666666667,0.9777777777777777,0,0,0,0,0
2026-07-28 12:57:00,ccf-aiops-成都,monitor-vm,collector,ens4,mgmt,31131.844444444443,1037.4888888888888,12.91111111111111,9.177777777777777,0,0,0,0,0
2026-07-28 12:57:00,ccf-aiops-成都,monitor-vm,collector,ens5,NULL,0,0,0,0,0,0,0,0,0
2026-07-28 12:57:00,ccf-aiops-成都,monitor-vm,collector,ens6,NULL,0,0,0,0,0,0,0,0,0
2026-07-28 12:57:00,ccf-aiops-成都,probe-vm,probe,ens3,NULL,57.37777777777777,62.35555555555555,0.3333333333333333,0.31111111111111106,0,0,0,0,0
2026-07-28 12:57:00,ccf-aiops-成都,probe-vm,probe,ens4,business,60.35555555555555,1170.0888888888887,0.5111111111111111,0.31111111111111106,0,0,0,0,0
2026-07-28 12:57:00,ccf-aiops-成都,probe-vm,probe,ens5,NULL,0,0,0,0,0,0,0,0,0
2026-07-28 12:57:00,ccf-aiops-成都,probe-vm,probe,ens6,NULL,0,0,0,0,0,0,0,0,0
2026-07-28 12:57:00,ccf-aiops-成都,service-vm-1,service,ens3,NULL,64.57490778187636,62.35278432069686,0.35553975378872055,0.3110972845651304,0,0,0,0,0
2026-07-28 12:57:00,ccf-aiops-成都,service-vm-1,service,ens4,service,62.26389938224967,1176.836585040665,0.5333096306830808,0.33331851917692545,0,0,0,0,0
2026-07-28 12:57:00,ccf-aiops-成都,service-vm-1,service,ens5,NULL,0,0,0,0,0,0,0,0,0
2026-07-28 12:57:00,ccf-aiops-成都,service-vm-1,service,ens6,NULL,0,0,0,0,0,0,0,0,0
2026-07-28 12:57:00,ccf-aiops-成都,service-vm-2,service,ens3,NULL,2.8888888888888884,0,0.04444444444444444,0,0,0,0,0,0
2026-07-28 12:57:00,ccf-aiops-成都,service-vm-2,service,ens4,service,56.53333333333333,1176.4666666666667,0.4666666666666667,0.3333333333333333,0,0,0,0,0
2026-07-28 12:57:00,ccf-aiops-成都,service-vm-2,service,ens5,NULL,0,0,0,0,0,0,0,0,0
2026-07-28 12:57:00,ccf-aiops-成都,service-vm-2,service,ens6,NULL,0,0,0,0,0,0,0,0,0
2026-07-28 12:57:00,ccf-aiops-成都,service-vm-3,service,ens3,NULL,2.8888888888888884,0,0.04444444444444444,0,0,0,0,0,0
2026-07-28 12:57:00,ccf-aiops-成都,service-vm-3,service,ens4,service,64.17777777777778,1177.7777777777776,0.5555555555555555,0.4,0,0,0,0,0
2026-07-28 12:57:00,ccf-aiops-成都,service-vm-3,service,ens5,NULL,0,0,0,0,0,0,0,0,0
2026-07-28 12:57:00,ccf-aiops-成都,service-vm-3,service,ens6,NULL,0,0,0,0,0,0,0,0,0
2026-07-28 12:57:00,ccf-aiops-成都,traffic-vm,traffic,ens3,NULL,183.5111111111111,131.2888888888889,1.711111111111111,1,0,0,0,0,0
2026-07-28 12:57:00,ccf-aiops-成都,traffic-vm,traffic,ens4,business,1404.3333333333333,15621.355555555554,10.533333333333333,9.888888888888888,0,0,0,0,0
2026-07-28 12:57:00,ccf-aiops-成都,traffic-vm,traffic,ens5,NULL,0,0,0,0,0,0,0,0,0
2026-07-28 12:57:00,ccf-aiops-成都,traffic-vm,traffic,ens6,NULL,0,0,0,0,0,0,0,0,0
